iteration,energy
1,-0.2099609375
2,-0.6416015625
3,-1.257568359375
4,0.3662109375
5,-2.15673828125
6,0.8232421875
7,0.027587890625
8,-0.8173828125
9,3.6640625
10,-1.451416015625
11,0.506103515625
12,3.311767578125
13,-0.8293457031249999
14,14.7822265625
15,-21.201416015625
16,-9.75341796875
17,-17.111328125
18,6.78271484375
19,7.108642578125
20,16.337158203125
21,-24.24853515625
22,-9.202880859375
23,-13.912109375
24,104.03271484375
25,113.852783203125
26,77.373046875
27,-1.764404296875
28,5.276611328125
29,10.003906249999998
30,8.469970703125
31,-0.6081542968750001
32,3.143310546875
33,-10.434814453125
34,7.554443359374999
35,11.8525390625
36,10.525390625
37,32.584716796875
38,-13.1767578125
39,-5.820556640625001
40,-7.03125
41,5.247802734375
42,-4.84375
43,-10.827392578125
44,-7.331787109374999
45,-12.041015625
46,-10.289306640625
47,4.856201171875
48,-5.781494140625001
49,-8.912841796875
50,3.961181640625
51,-7.35498046875
52,-11.211181640625
53,20.9599609375
54,20.61865234375
55,-8.53076171875
56,16.685302734375
57,-24.406982421875
58,24.04638671875
59,38.172119140625
60,21.421875
61,-10.390625
62,17.879150390625
63,37.21337890625
64,-16.921875
65,-3.31787109375
66,-6.858642578125
67,7.56787109375
68,-7.53662109375
69,-8.5927734375
70,26.621337890625
71,18.585937500000004
72,-6.6337890625
73,7.66455078125
74,-6.4404296875
75,-9.71435546875
76,3.7763671875000004
77,0.90478515625
78,-6.334228515625
79,27.989013671875
80,-11.7822265625
81,17.421875
82,11.758056640625
83,-27.115478515625
84,8.046630859375
85,-7.3779296875
86,-10.369384765625
87,14.001220703125
88,14.55322265625
89,48.404052734375
90,59.07006835937501
91,73.96435546875
92,62.71923828125
93,30.39990234375
94,36.792236328125
95,-26.930908203124996
96,-11.984130859375
97,13.556396484374998
98,36.567138671875
99,39.396484375
100,33.763916015625
101,-29.58203125
102,71.85595703125
103,131.745361328125
104,-21.006591796875004
105,-0.8664550781249999
106,-28.0810546875
107,-40.922607421875
108,-14.295654296875
109,77.661865234375
110,18.5986328125
111,0.061767578125
112,-28.2939453125
113,-41.673095703125
114,-13.96630859375
115,-53.1552734375
116,50.17431640624999
117,34.1943359375
118,12.510986328125
119,-8.879638671875
120,-8.35791015625
121,-2.4399414062500004
122,-28.892333984375
123,7.69677734375
124,12.55224609375
125,-10.772705078125
126,-7.19970703125
127,-4.310791015625
128,44.1513671875
129,49.2685546875
130,8.2919921875
131,3.569091796875
132,0.073486328125
133,-5.805419921875
134,-0.0751953125
135,-3.84912109375
136,7.707763671875
137,10.546142578125
138,1.0224609375
139,-4.355224609375
140,1.12109375
141,-2.26708984375
142,-6.5546875
143,2.93212890625
144,-8.860595703125
145,14.754150390625
146,12.63916015625
147,7.92529296875
148,-13.015380859375
149,-6.2353515625
150,-9.781982421875
151,14.488037109375
152,16.0419921875
153,7.302978515625
154,-0.441650390625
155,11.342529296875
156,9.093017578125
157,40.204345703125
158,81.515625
159,18.507080078125
160,11.072021484374998
161,-11.562988281250002
162,-0.542236328125
163,1.3408203125
164,82.52685546875
165,17.549560546875
166,14.933593750000002
167,70.37939453125
168,4.19482421875
169,27.784423828125
170,65.71337890625
171,4.75732421875
172,-7.23193359375
173,-15.97998046875
174,-18.467773437499996
175,41.547119140625
176,-13.977783203125
177,-4.648681640625001
178,-4.928466796875
179,-9.0986328125
180,94.36572265625
181,-46.465087890625
182,108.240478515625
183,17.3232421875
184,-7.92578125
185,15.764404296875
186,30.183349609375
187,7.037353515625
188,0.21435546875
189,20.945312499999996
190,-12.086181640625
191,17.030029296875
192,27.377685546875
193,18.108642578125
194,23.314453125
195,15.451416015625002
196,-15.8310546875
197,31.686523437499996
198,26.972412109375
199,22.37353515625
200,-3.1904296875000004
201,-8.30126953125
202,-16.01220703125
203,34.178955078125
204,26.895751953125
205,22.601318359375
206,5.483398437499997
207,-13.124511718749998
208,-17.167236328125
209,-0.8474121093750001
210,18.179443359375
211,19.088134765625
212,21.529541015625
213,9.0341796875
214,-22.289794921875
215,-7.044677734375
216,19.634765625
217,19.380126953125
218,21.8720703125
219,3.500732421875
220,-25.139404296875
221,-2.5205078124999996
222,75.42578125
223,36.79296875
224,-16.732666015625
225,-17.092529296875
226,90.88330078125
227,34.155029296875
228,99.539794921875
229,31.62939453125
230,-22.44580078125
231,-18.2861328125
232,9.433349609375
233,-2.10791015625
234,79.51220703125
235,5.38037109375
236,-13.194824218749998
237,-11.5625
238,-13.434326171875
239,-46.31982421875
240,15.093261718749998
241,-1.032958984375
242,-20.380859375
243,-12.189208984374998
244,-13.228271484374998
245,99.74853515625
246,30.772216796875004
247,12.312988281250002
248,2.778076171875
249,15.507568359375
250,7.281982421875
251,8.656982421875
252,-10.631103515625002
253,9.303955078125
254,-0.6755371093750002
255,14.281005859375
256,11.628173828125
257,13.124511718749998
258,-7.31787109375
259,7.48486328125
260,-3.910400390625
261,9.6875
262,4.997314453125
263,16.361328125
264,14.960693359375
265,2.771484375
266,-0.569580078125
267,13.404541015625002
268,7.029541015625
269,12.890380859375
270,16.8505859375
271,-6.677978515625
272,-1.594482421875
273,13.838623046875
274,-7.462646484375
275,6.13427734375
276,4.077880859375
277,18.690673828125
278,7.243408203125
279,10.433593750000002
280,-3.572265625
281,10.255615234375
282,1.7280273437500002
283,22.19775390625
284,-26.754638671875
285,-21.045166015625
286,-3.315185546875
287,-8.701416015625
288,1.4091796875
289,-3.784912109375
290,-1.5595703125
291,1.4057617187500002
292,10.374511718749998
293,1.3388671875
294,7.034912109374999
295,-4.50830078125
296,1.056396484375
297,17.12158203125
298,34.099365234375
299,35.394775390625
300,22.55419921875
301,-18.287841796875
302,-5.29638671875
303,-3.896484375
304,3.21337890625
305,5.079345703125
306,7.607177734375
307,-15.440673828125
308,-7.908447265625
309,-8.768310546875
310,-5.51025390625
311,-3.04150390625
312,-8.324462890625
313,5.39111328125
314,-4.53564453125
315,-11.831787109375
316,13.068359375
317,-12.962890625
318,-20.54296875
319,-1.02880859375
320,-6.541748046875
321,-6.626708984375
322,16.761474609375
323,2.601806640625
324,4.545166015625
325,15.909912109375
326,-0.259521484375
327,1.8349609375000004
328,1.1840820312499998
329,24.4306640625
330,-8.690185546875
331,0.426513671875
332,-1.3666992187500002
333,3.941162109375
334,-3.664794921875
335,19.61767578125
336,-16.11279296875
337,-4.324462890625
338,-3.20361328125
339,7.345703124999999
340,-37.044921875
341,-6.291015624999999
342,-23.363037109375
343,33.75927734375
344,32.621337890625
345,17.33740234375
346,-30.948974609375
347,-7.381591796875
348,-28.72021484375
349,20.756103515625
350,19.845947265625004
351,60.1376953125
352,17.25537109375
353,-4.195556640625
354,10.195556640625
355,2.86572265625
356,30.110351562500004
357,20.789306640625
358,-5.399658203125
359,-0.90625
360,7.362060546875
361,0.2846679687500001
362,5.503662109374999
363,12.16748046875
364,-15.002197265625
365,-3.239501953125
366,16.52197265625
367,19.560546875
368,12.3994140625
369,-1.2231445312499998
370,-36.955322265625
371,-9.5810546875
372,25.353271484375
373,21.08544921875
374,16.468017578125
375,-5.21435546875
376,1.2280273437500002
377,-13.59619140625
378,-0.041259765625
379,0.87255859375
380,10.9638671875
381,41.06054687499999
382,12.755126953125
383,45.60302734375
384,41.904052734375
385,2.19970703125
386,13.201171875
387,38.272705078125
388,27.440185546875
389,8.855224609375
390,11.697021484374998
391,7.80712890625
392,7.739501953125
393,42.7177734375
394,50.0888671875
395,6.3857421875
396,5.2060546875
397,2.3525390624999996
398,8.7060546875
399,50.759765625
400,49.87060546874999
401,-10.64208984375
402,-1.9340820312499998
403,8.05029296875
404,-2.551025390625
405,-1.757080078125
406,9.42724609375
407,7.721923828125
408,-3.859375
409,-4.620361328125
410,8.905517578125
411,-3.57958984375
412,8.06201171875
413,3.81591796875
414,2.42041015625
415,-3.9365234375000004
416,-4.528076171875
417,6.15869140625
418,1.5922851562499998
419,1.456787109375
420,12.0927734375
421,-15.274658203125
422,-0.4140625
423,10.0732421875
424,4.223388671875
425,8.472412109375
426,6.52099609375
427,16.244873046875
428,4.2529296875
429,3.70361328125
430,6.74609375
431,2.939208984375
432,-8.610595703125
433,-7.249755859374999
434,-22.395751953125
435,-5.908203124999999
436,11.129638671875
437,9.585205078125
438,-9.583984375
439,-0.18701171875
440,-10.526611328125
441,-2.64306640625
442,8.97412109375
443,11.082275390625
444,-1.8837890625
445,9.847900390625
446,2.523193359375
447,10.772949218749998
448,-10.542236328125
449,-13.958740234375
450,6.4970703125
451,7.537841796875
452,5.59716796875
453,-3.813232421875
454,-3.9921875
455,-6.736572265625
456,31.981689453125
457,29.307373046875
458,11.41943359375
459,19.576171875
460,59.973388671875
461,26.048828125
462,9.209716796875
463,27.544921875
464,11.271240234375
465,18.34912109375
466,1.603515625
467,4.860107421875
468,-10.6630859375
469,11.57568359375
470,4.980712890625001
471,2.08447265625
472,8.609619140625
473,10.433837890625
474,4.97802734375
475,2.877685546875
476,6.06591796875
477,4.058349609375
478,5.85693359375
479,-14.5947265625
480,0.378662109375
481,4.05859375
482,-12.617431640625
483,56.94873046875
484,37.84033203125
485,27.699707031250004
486,-6.77880859375
487,-1.135009765625
488,-19.318359375
489,55.0146484375
490,37.997802734375
491,30.495849609375
492,26.971435546875
493,-0.012451171874999556
494,-15.340087890625
495,5.00634765625
496,31.695556640625
497,17.52001953125
498,10.113037109375
499,-0.546875
500,1.711181640625
501,-7.72216796875
502,39.837646484375
503,12.684814453125
504,4.629150390625001
505,-2.706787109375
506,0.73779296875
507,7.63134765625
508,5.49267578125
509,-15.030761718749998
510,-8.871826171875
511,-6.73681640625
512,23.159667968749996
513,-19.6943359375
514,-3.461669921875
515,-13.861083984374998
516,-6.826171875000001
517,0.369140625
518,9.691406249999998
519,-5.186279296875
520,1.787353515625
521,4.90380859375
522,7.47900390625
523,14.7353515625
524,5.276611328125
525,-7.17138671875
526,-13.879150390625
527,-12.494384765625
528,7.466552734375
529,22.361328125
530,3.234130859375
531,-12.4072265625
532,5.93212890625
533,20.215576171875
534,-17.896240234375
535,7.505126953125
536,-5.925048828125
537,1.306396484375
538,-2.011474609375
539,-1.025634765625
540,33.222900390625
541,13.545654296875
542,-4.12548828125
543,3.542236328125
544,8.366943359375
545,10.721923828125
546,0.8198242187499991
547,-2.30712890625
548,4.443603515625
549,-7.026123046875
550,-0.8249511718750001
551,1.383056640625
552,3.953369140625
553,-1.033447265625
554,-0.9814453125
555,-6.849609375000001
556,-2.371826171875
557,22.315185546875
558,3.422607421875
559,3.1015625
560,11.830810546875
561,2.1044921875
562,7.009765624999999
563,8.2275390625
564,-5.37548828125
565,11.264404296875
566,5.8828125
567,3.4794921875000004
568,14.8974609375
569,3.70166015625
570,-15.783203125
571,11.1962890625
572,-1.508544921875
573,0.50732421875
574,11.817138671875
575,20.798095703125
576,19.419189453125
577,14.11083984375
578,-3.426513671875
579,5.908935546875
580,8.624755859375
581,19.09619140625
582,16.746826171875
583,4.4990234375
584,3.204345703125
585,-11.4208984375
586,12.31494140625
587,-13.9677734375
588,-26.901611328125
589,-38.1337890625
590,11.27783203125
591,29.257080078125
592,-5.7939453125
593,-16.64111328125
594,-26.222167968749996
595,-36.238525390625
596,-49.49365234375
597,-60.86083984375
598,152.262451171875
599,11.1953125
600,-17.94189453125
601,-5.48583984375
602,25.199462890625
603,-30.79638671875
604,5.416748046875
605,-24.77685546875
606,-15.489990234375
607,-0.32421875
608,24.3408203125
609,7.31884765625
610,-14.30908203125
611,-3.929931640625
612,4.628662109374999
613,43.066162109375
614,78.26220703125
615,46.73876953125
616,-13.3525390625
617,-27.544189453125
618,3.029296874999999
619,46.9248046875
620,78.336669921875
621,50.916748046875
622,-3.98876953125
623,25.671142578125
624,54.818115234375
625,2.524169921875
626,0.9885253906249999
627,2.902099609375
628,2.6923828124999996
629,-6.921875
630,7.870361328125
631,-2.699951171875
632,1.922119140625
633,2.342041015625
634,2.385009765625
635,1.5366210937500002
636,-1.343994140625
637,1.4116210937500002
638,3.709716796875
639,1.1982421875
640,0.187744140625
641,4.561767578125
642,13.685546875
643,-9.654296875
644,-1.903564453125
645,-3.569580078125
646,4.5380859375
647,3.090087890625
648,-14.7041015625
649,-2.22314453125
650,0.16845703125
651,32.38232421875
652,6.095947265625
653,26.79931640625
654,7.025878906249999
655,3.650390625
656,4.267578125
657,41.744873046875
658,7.431884765625
659,30.937255859375
660,7.326171875000001
661,-2.30615234375
662,7.281494140625001
663,17.232666015625
664,-23.399169921875
665,98.837646484375
666,107.40966796875
667,100.71728515625
668,24.915283203124996
669,19.039306640625
670,-21.38134765625
671,94.88818359375
672,110.449951171875
673,98.727294921875
674,139.48095703125006
675,141.52001953124997
676,-34.251220703125
677,39.60205078125
678,6.869140624999999
679,-14.880859375
680,1.923583984375
681,30.519042968749996
682,6.777587890625001
683,23.13818359375
684,10.312011718749998
685,-16.804931640625
686,-1.670166015625
687,16.4853515625
688,5.0263671875
689,16.863037109375
690,-1.4365234375
691,-5.99072265625
692,-4.9599609375
693,-5.423828124999999
694,8.33837890625
695,7.759765624999999
696,-6.21044921875
697,-0.6499023437500002
698,-0.7526855468750001
699,2.960693359375
700,-3.797119140625
701,4.2294921875
702,-8.0947265625
703,21.9462890625
704,-4.221435546875
705,-15.050537109375
706,-11.030761718749998
707,1.919189453125
708,43.422119140625
709,16.390869140625
710,-6.076904296875
711,-14.978515625
712,-15.166015625
713,-2.5737304687500004
714,-10.693115234375
715,22.946533203124996
716,33.843017578125
717,7.66259765625
718,-12.937744140625
719,44.16381835937501
720,3.633056640625
721,6.318115234375
722,12.166015625
723,4.525634765625
724,-22.034912109375
725,44.91259765625
726,-12.965087890625
727,105.4296875
728,-11.05908203125
729,23.674072265625004
730,26.8125
731,32.901611328125
732,14.22412109375
733,3.611083984375
734,-7.168701171875
735,10.929931640625
736,23.025634765625
737,32.590576171875
738,16.88134765625
739,5.27197265625
740,10.146484375
741,-0.36743164062500044
742,-15.6259765625
743,40.05419921875
744,66.522216796875
745,64.934814453125
746,44.69506835937501
747,-68.452880859375
748,-13.749023437500002
749,40.4609375
750,66.629150390625
751,68.2001953125
752,-17.10400390625
753,-40.6748046875
754,-14.482177734375
755,-2.42236328125
756,12.0517578125
757,1.073974609375
758,8.523193359375
759,14.156494140625
760,-10.794921875
761,-15.876220703125
762,15.90869140625
763,0.017333984375
764,8.515625
765,-20.887939453125
766,5.81494140625
767,-1.012451171875
768,-38.4287109375
769,-15.554443359375
770,34.757080078125
771,4.34814453125
772,-23.268798828125
773,-3.52587890625
774,-34.856689453125
775,-18.066650390625
776,28.61083984375
777,8.501953125
778,15.656982421875
779,41.881591796875
780,5.912109375000001
781,18.842529296875
782,-9.166748046875
783,-8.2353515625
784,-10.166015625
785,0.476806640625
786,23.07666015625
787,13.344970703125
788,-12.115234375
789,-12.382080078125
790,-12.465576171875
791,0.337890625
792,15.685302734375
793,20.160888671875
794,-0.6872558593750001
795,11.348876953125
796,1.935791015625
797,2.275634765625
798,-19.568115234375
799,7.256591796875
800,1.9990234375
801,11.297607421875
802,2.677490234375
803,4.7666015625
804,33.359375
805,7.131591796875
806,-4.593017578125
807,27.899658203124996
808,2.3818359375000004
809,-6.54931640625
810,-10.529052734375
811,10.5224609375
812,8.827392578125
813,10.52783203125
814,5.661865234375
815,-1.7294921875
816,-11.987548828125
817,-1.8544921875
818,25.643310546875
819,8.0166015625
820,-1.754150390625
821,14.657958984374998
822,26.96337890625
823,-20.1298828125
824,-4.142578125
825,38.3125
826,29.043457031250004
827,14.144531249999998
828,28.600341796875004
829,-20.844970703125
830,38.09521484375
831,26.175537109375
832,16.6494140625
833,13.33935546875
834,5.55419921875
835,12.900146484374998
836,13.552490234375
837,10.435546875
838,-26.0263671875
839,15.577880859375
840,9.1513671875
841,16.027099609375
842,13.7265625
843,-3.936279296875
844,-6.308837890625001
845,16.981201171875
846,-1.530761718750001
847,14.270263671875
848,26.624267578125
849,28.807861328125
850,-42.373291015625
851,-25.217773437499996
852,-5.97998046875
853,20.856201171875
854,21.686523437499996
855,25.681640625
856,14.229736328125
857,5.16064453125
858,2.047607421875
859,-11.5078125
860,4.9130859375
861,11.65478515625
862,16.447998046875
863,-3.904052734375
864,7.485107421875
865,-13.880859375
866,0.8879394531249999
867,3.96923828125
868,18.70263671875
869,11.96533203125
870,12.72021484375
871,-16.567138671875
872,4.475341796875
873,8.593505859375
874,-6.330810546875
875,-6.0771484375
876,-5.9111328125
877,1.6108398437500002
878,-1.5659179687500002
879,2.364501953125
880,-0.96533203125
881,-2.801025390625
882,7.392333984375
883,5.418701171875
884,4.309326171875
885,-9.507324218749998
886,19.025634765625
887,30.323486328125
888,70.65869140625
889,-15.593017578125
890,-8.190673828125
891,-0.11376953125000044
892,19.85107421875
893,29.313232421875
894,64.22509765625
895,29.9931640625
896,3.1855468749999996
897,-2.951416015625
898,45.59716796875
899,7.273193359374999
900,-2.264160156250001
901,-1.3493652343750009
902,11.19873046875
903,44.55493164062499
904,35.410888671875
905,3.40283203125
906,0.7854003906249999
907,-6.330810546875001
908,33.31689453125
909,42.107666015625
910,50.915771484375
911,10.238037109375
912,-19.927490234375
913,-10.166015625
914,-3.91259765625
915,9.66845703125
916,15.843505859375
917,21.71826171875
918,-23.28076171875
919,-5.289306640625001
920,-3.7451171875000004
921,9.47314453125
922,20.086669921875
923,18.3828125
924,-0.8464355468750001
925,-16.2646484375
926,3.477783203125
927,-14.031982421875
928,-5.09912109375
929,-8.354736328125
930,16.9013671875
931,-13.3212890625
932,9.248779296875
933,-12.026123046875
934,-16.673828125
935,17.063232421875
936,36.957275390625
937,30.39697265625
938,25.019775390625
939,2.63720703125
940,12.363281249999998
941,-11.331787109375
942,-6.931640624999999
943,8.67578125
944,24.83544921875
945,9.625
946,8.431640625
947,-5.5771484375
948,-6.22119140625
949,-0.5988769531249999
950,17.913818359375
951,-24.945556640625
952,-17.4521484375
953,4.575927734375
954,3.1826171875000004
955,9.052001953125
956,-8.048095703125
957,-24.163818359375
958,-21.913818359375
959,4.82373046875
960,0.83544921875
961,4.30322265625
962,6.648193359374999
963,-18.210693359375
964,4.610107421875
965,29.370849609375
966,26.467773437499996
967,35.794677734375
968,-25.99365234375
969,-13.41650390625
970,7.2734375
971,22.842041015625
972,27.799072265625004
973,-11.98193359375
974,-0.066162109375
975,-37.1640625
976,-30.069580078125
977,-2.841552734375
978,-5.203857421875
979,-2.689453125
980,12.479248046875
981,-28.33642578125
982,-24.23291015625
983,-3.280517578125
984,-1.156982421875
985,-4.910400390625001
986,32.8447265625
987,-27.756103515625
988,-26.552001953125
989,14.102050781250002
990,-0.6945800781249999
991,-5.439697265625
992,1.168212890625
993,4.913818359374999
994,-4.400634765625
995,-5.85107421875
996,-7.024169921875
997,-2.33251953125
998,7.57958984375
999,-6.460693359374999
1000,56.049560546875
1001,27.99853515625
1002,10.959716796874996
1003,76.77807617187499
1004,73.90234375
1005,74.527099609375
1006,-9.63525390625
1007,2.5942382812499996
1008,12.751953124999998
1009,71.364501953125
1010,76.24072265625
1011,69.693115234375
1012,-16.8076171875
1013,20.762939453125
1014,11.795410156250002
1015,3.200927734375
1016,2.234375
1017,-2.333740234375
1018,2.327392578125
1019,5.797607421875
1020,10.730224609375
1021,16.94677734375
1022,5.279296875000001
1023,-4.362548828125
1024,-0.60205078125
1025,-5.309326171875
1026,8.791015625
1027,8.38720703125
1028,-4.855712890625001
1029,10.919189453125
1030,8.8740234375
1031,0.5346679687500002
1032,-28.821044921875
1033,8.310302734375
1034,-3.458740234375
1035,6.916259765625
1036,15.783935546875
1037,4.220947265625
1038,24.550048828125
1039,37.558837890625
1040,-2.357666015625
1041,82.486083984375
1042,-30.677490234375
1043,-36.3515625
1044,-56.99951171875
1045,31.185546875
1046,104.98193359375
1047,30.420898437499996
1048,-31.523193359375
1049,-34.512451171875
1050,-57.99560546874999
1051,72.669921875
1052,30.70947265625
1053,82.45703125
1054,82.99926757812499
1055,41.2548828125
1056,30.191162109375
1057,-57.023193359375
1058,37.15771484375
1059,63.21118164062499
1060,52.46044921875
1061,40.516357421875
1062,25.265869140625
1063,-52.950927734375
1064,39.952880859375
1065,59.0654296875
1066,36.03857421875
1067,129.19873046875
1068,-0.7182617187500003
1069,4.438964843749999
1070,5.453369140625001
1071,-25.240966796875004
1072,97.710205078125
1073,110.492431640625
1074,-6.98291015625
1075,2.5415039062499982
1076,4.907958984375
1077,50.426513671875
1078,77.43115234375
1079,123.04638671875
1080,15.867675781250002
1081,-28.418701171875
1082,-28.232666015625
1083,-19.499023437499996
1084,-2.0625
1085,3.1953125
1086,15.098876953125
1087,-29.34130859375
1088,-26.069091796875004
1089,-19.451171875
1090,-2.642578125
1091,1.6733398437500002
1092,21.927001953125
1093,4.245849609374999
1094,35.50146484375
1095,40.51171875
1096,40.7578125
1097,-7.8974609375
1098,-7.391357421875
1099,7.683593749999998
1100,38.590087890625
1101,43.49462890625
1102,37.18066406250001
1103,-21.3525390625
1104,3.230224609375
1105,5.150634765625
1106,18.14697265625
1107,42.717041015625
1108,-2.581298828125
1109,-7.6416015625
1110,11.591552734375
1111,0.0830078125
1112,23.008056640625
1113,45.562744140625
1114,-1.7509765625000004
1115,-3.521728515625
1116,-13.09912109375
1117,-1.340087890625
1118,18.80322265625
1119,21.568603515625
1120,8.67919921875
1121,-9.904296875
1122,-14.441406249999998
1123,29.521728515625
1124,52.801025390625
1125,2.161865234375
1126,13.10693359375
1127,-7.265869140625001
1128,-11.459716796875
1129,-3.42724609375
1130,46.57763671875
1131,23.994140625
1132,1.904541015625
1133,5.09814453125
1134,13.36083984375
1135,11.548583984374998
1136,8.12353515625
1137,-17.73583984375
1138,-2.308349609375
1139,8.02197265625
1140,12.425048828125
1141,9.62353515625
1142,29.474609375
1143,20.91796875
1144,-10.068115234375
1145,-9.107421875
1146,15.441162109375
1147,-7.692626953125
1148,0.0673828125
1149,-2.736083984375
1150,-1.106201171875
1151,0.304931640625
1152,17.05908203125
1153,-5.365966796875
1154,2.48974609375
1155,12.378173828125
1156,7.232666015625
1157,-16.41796875
1158,16.56103515625
1159,-11.49072265625
1160,-9.85595703125
1161,-6.86962890625
1162,3.75
1163,18.17626953125
1164,20.797607421875
1165,-7.708984375000001
1166,-6.24462890625
1167,-4.8720703125
1168,41.009033203125
1169,13.154296875
1170,16.703857421875
1171,13.429443359375
1172,4.042724609375
1173,-8.45068359375
1174,11.06396484375
1175,-11.779541015625002
1176,-18.4560546875
1177,12.2939453125
1178,2.18505859375
1179,-6.53955078125
1180,22.807861328125
1181,-23.284912109375
1182,-8.37548828125
1183,4.521484375
1184,-3.1796875
1185,1.084228515625
1186,-18.884521484375
1187,19.182861328125
1188,-28.847167968749996
1189,3.52978515625
1190,-6.651123046875
1191,0.2517089843750001
1192,-20.334228515625
1193,14.531005859375
1194,30.289062499999996
1195,5.306640624999999
1196,2.38330078125
1197,47.384033203125
1198,15.864501953125
1199,-15.9541015625
1200,-34.812255859375
1201,74.001708984375
1202,18.042236328125
1203,34.614501953125
1204,12.140869140625
1205,-9.96337890625
1206,-37.62841796875
1207,-14.1875
1208,27.892822265625004
1209,17.1376953125
1210,-2.03662109375
1211,11.164306640625
1212,10.4951171875
1213,19.737792968749996
1214,-9.7236328125
1215,-2.572021484375
1216,-11.3349609375
1217,13.70947265625
1218,5.994384765625
1219,12.45947265625
1220,-10.708251953125
1221,-8.40185546875
1222,5.094970703125
1223,8.048828125
1224,5.22802734375
1225,1.606689453125
1226,-0.8454589843750001
1227,0.45410156249999994
1228,8.47802734375
1229,-3.2888183593750004
1230,3.57861328125
1231,3.7412109375000004
1232,8.178466796875
1233,16.713623046875
1234,9.666748046875
1235,3.693115234375
1236,1.6713867187500002
1237,-8.44189453125
1238,-10.7900390625
1239,-12.712646484374998
1240,-1.1669921875
1241,4.336669921875
1242,1.0732421875
1243,-10.07958984375
1244,-8.3896484375
1245,-10.646240234375
1246,-7.54150390625
1247,-7.4775390625
1248,7.214599609374999
1249,-36.820556640625
1250,-29.183837890625004
1251,84.595458984375
1252,100.099365234375
1253,5.80419921875
1254,5.010498046875
1255,-29.173583984375
1256,-28.454833984375004
1257,85.35546875
1258,106.198974609375
1259,-25.680908203124996
1260,-23.5380859375
1261,-44.659912109375
1262,16.907958984375
1263,-9.060791015625
1264,93.78124999999999
1265,52.44677734375
1266,-6.60595703125
1267,-3.013916015625
1268,9.808593750000002
1269,-11.219482421875
1270,87.193603515625
1271,57.973388671875
1272,-8.3251953125
1273,-3.945556640625
1274,-5.65673828125
1275,-7.357177734375
1276,2.39404296875
1277,-1.593505859375
1278,4.145751953125
1279,6.27685546875
1280,6.23193359375
1281,-7.36181640625
1282,0.6706542968750001
1283,2.458740234375
1284,0.15869140625
1285,5.71435546875
1286,6.302001953125
1287,3.5205078124999996
1288,11.2880859375
1289,-9.468505859375
1290,12.1123046875
1291,9.712890625
1292,18.61181640625
1293,61.793212890625
1294,-0.560546875
1295,-14.727050781250002
1296,14.873046875
1297,11.339843750000002
1298,8.245849609375
1299,5.11962890625
1300,2.994873046875
1301,-9.626220703125
1302,6.593994140625001
1303,12.0634765625
1304,40.325927734375
1305,0.76025390625
1306,-1.1669921875
1307,5.42431640625
1308,10.215087890625
1309,17.791748046875
1310,32.655029296875
1311,19.126220703124996
1312,-14.8642578125
1313,-12.21337890625
1314,105.982421875
1315,45.565185546875
1316,31.37646484375
1317,-37.12255859375
1318,-2.23779296875
1319,25.842773437499996
1320,9.508056640625
1321,42.5146484375
1322,28.611572265625004
1323,-30.222167968749996
1324,62.523193359375
1325,58.34326171875
1326,19.75732421875
1327,3.176513671875
1328,1.8251953125
1329,-5.04736328125
1330,-2.335693359375
1331,14.306884765625
1332,-0.12060546875
1333,1.901123046875
1334,3.8671875
1335,-6.06689453125
1336,2.892333984375
1337,43.628662109375
1338,3.688232421875
1339,-0.2880859375
1340,-20.923095703125
1341,2.620361328125
1342,8.206787109375
1343,11.769531249999998
1344,12.06689453125
1345,-3.698974609375
1346,-8.562255859375
1347,5.614990234375
1348,10.1865234375
1349,5.784912109374999
1350,-2.63623046875
1351,2.248291015625
1352,-9.57373046875
1353,14.1181640625
1354,-9.616455078125
1355,-0.304931640625
1356,0.260009765625
1357,-20.810791015625
1358,-0.8955078125
1359,-4.539306640625
1360,-13.33251953125
1361,2.918701171875
1362,-0.8955078125
1363,8.847900390625
1364,7.28759765625
1365,-4.849853515625
1366,28.618896484375
1367,22.370361328125
1368,2.88623046875
1369,-4.3369140625
1370,29.402099609375
1371,34.762451171875
1372,44.55712890625
1373,35.1630859375
1374,6.660400390625001
1375,-1.693603515625
1376,11.57666015625
1377,14.5302734375
1378,-10.17333984375
1379,-42.5283203125
1380,-2.204833984375
1381,18.401611328125
1382,76.2998046875
1383,1.8505859374999993
1384,-13.912109375
1385,-12.804199218749998
1386,-2.262451171875
1387,17.3955078125
1388,76.0703125
1389,28.357177734374996
1390,-13.7705078125
1391,35.359375
1392,18.57275390625
1393,129.49462890625
1394,131.978759765625
1395,43.11181640624999
1396,114.79296875
1397,13.957763671875
1398,-8.291259765625
1399,123.788330078125
1400,135.840576171875
1401,39.184814453125
1402,21.730712890625
1403,65.87158203125
1404,26.306640625
1405,8.640625
1406,8.860107421875
1407,2.4853515624999996
1408,-8.986328125
1409,-12.87353515625
1410,2.95654296875
1411,10.289794921875
1412,6.304931640625001
1413,3.604248046875
1414,-2.568115234375
1415,3.255126953125
1416,0.41186523437499967
1417,-3.794921875
1418,2.658935546875
1419,1.4169921875
1420,2.179443359375
1421,-2.1708984375
1422,2.08837890625
1423,3.293212890625
1424,0.551513671875
1425,-5.54931640625
1426,1.94921875
1427,-5.89111328125
1428,6.227294921875
1429,-19.68310546875
1430,5.376953124999999
1431,-1.3464355468749998
1432,43.55004882812501
1433,-9.893798828125
1434,-14.30712890625
1435,37.70312499999999
1436,15.0556640625
1437,-2.177490234375
1438,45.1162109375
1439,-13.560546875
1440,-7.66455078125
1441,4.177490234375
1442,-16.598876953125
1443,1.195556640625
1444,8.129638671875
1445,-7.934814453125
1446,16.78076171875
1447,-0.291748046875
1448,19.166015625
1449,2.298828125
1450,-1.442626953125
1451,-0.7893066406249999
1452,17.962646484375
1453,-0.85888671875
1454,4.291259765625
1455,4.629150390625001
1456,4.225341796875
1457,-9.859375
1458,-6.760986328125
1459,28.58056640625
1460,6.579833984375
1461,-7.92919921875
1462,5.845947265625
1463,22.489013671875
1464,-1.8247070312499998
1465,17.026611328125
1466,10.534912109375
1467,56.26806640624999
1468,-5.68505859375
1469,-4.26416015625
1470,-20.880859375
1471,20.769775390625
1472,76.46484375
1473,62.4326171875
1474,-41.22412109375
1475,-24.70068359375
1476,-47.335693359375
1477,18.631591796875004
1478,80.97900390625
1479,56.982666015625
1480,-33.435302734375
1481,-9.912841796875
1482,-21.59814453125
1483,2.378173828125
1484,10.972656249999998
1485,16.8701171875
1486,13.050048828125
1487,2.206298828125
1488,-9.13330078125
1489,-6.438720703125
1490,6.924072265625
1491,12.492431640625
1492,14.227783203125
1493,-2.013671875
1494,5.23291015625
1495,-16.609130859375
1496,-0.23388671875
1497,-5.81298828125
1498,2.041748046875
1499,12.928955078125
1500,7.9892578125
1501,-4.929931640625001
1502,-7.936279296875
1503,-5.211181640625001
1504,-1.2119140625
1505,11.28369140625
1506,-1.2836914062499996
1507,21.873291015625
1508,-3.3916015624999996
1509,-7.0029296875
1510,1.420654296875
1511,14.536376953125
1512,10.044921875
1513,18.13037109375
1514,8.58740234375
1515,14.72216796875
1516,2.12060546875
1517,13.22412109375
1518,7.1484375
1519,-9.028076171875
1520,9.650146484374998
1521,-4.12939453125
1522,16.39599609375
1523,21.32421875
1524,24.065673828125
1525,9.815673828125
1526,-2.153564453125
1527,-6.678955078125
1528,13.768310546875
1529,22.561279296875
1530,24.687744140625
1531,11.2587890625
1532,4.39453125
1533,22.70703125
1534,-9.1865234375
1535,7.423583984375
1536,-4.4755859375
1537,13.608886718749998
1538,12.796142578125
1539,20.81005859375
1540,33.5576171875
1541,15.692626953125
1542,-4.273193359375
1543,18.871337890625
1544,14.948486328125
1545,-20.27685546875
1546,-12.662109375
1547,42.856689453125
1548,10.150146484374998
1549,27.873046875
1550,-13.505859375
1551,-3.548095703125
1552,44.5400390625
1553,22.11962890625
1554,36.55810546875
1555,22.06201171875
1556,-17.131103515625
1557,-1.25
1558,4.822021484375
1559,12.727294921875
1560,15.602783203125
1561,31.095458984375
1562,1.419921875
1563,-22.042724609375
1564,-21.854736328125
1565,1.099853515625
1566,-5.552490234375
1567,20.641845703125
1568,5.925048828125
1569,-20.777099609375
1570,-18.82958984375
1571,-10.98974609375
1572,4.6767578125
1573,27.499755859375
1574,20.56787109375
1575,-8.70947265625
1576,-9.001953125
1577,-5.93701171875
1578,-2.229736328125
1579,14.2421875
1580,13.5146484375
1581,-10.1591796875
1582,-7.804931640625001
1583,-3.35205078125
1584,42.3466796875
1585,18.24462890625
1586,23.10400390625
1587,8.63525390625
1588,-7.055419921875
1589,10.40966796875
1590,5.809814453125
1591,-0.8515625
1592,-8.615966796875
1593,-4.469482421875
1594,-7.771240234375
1595,8.69482421875
1596,4.63720703125
1597,5.78125
1598,-0.6545410156249999
1599,0.70556640625
1600,113.90942382812501
1601,47.567626953125
1602,-25.910888671875
1603,-29.417236328125
1604,39.13818359375001
1605,106.86181640625
1606,86.015625
1607,49.34033203125
1608,-27.07080078125
1609,-30.277099609375
1610,52.86181640624999
1611,60.40429687499999
1612,28.706298828125
1613,-4.154541015625
1614,2.900146484375
1615,62.9375
1616,5.137451171875
1617,-1.121826171875
1618,-0.28759765625000006
1619,-6.131103515625
1620,4.058837890625
1621,66.911865234375
1622,3.1162109375000004
1623,-9.4130859375
1624,10.6396484375
1625,-30.878417968749996
1626,11.675537109375
1627,-13.051513671875
1628,-27.409667968749996
1629,-33.39697265625
1630,15.429931640625
1631,10.261718750000002
1632,30.266601562500004
1633,-9.43115234375
1634,-26.4560546875
1635,-34.634765625
1636,3.34423828125
1637,0.9892578125000002
1638,23.552978515625
1639,-17.64990234375
1640,23.001708984375
1641,-10.515625
1642,5.199462890625001
1643,4.656005859374999
1644,-2.922119140625
1645,-4.57958984375
1646,23.58544921875
1647,-10.6630859375
1648,9.951416015625002
1649,-33.173095703125
1650,-17.304931640625
1651,-2.666015625
1652,11.475341796875
1653,-14.018798828125
1654,-20.666259765625
1655,13.053466796875
1656,6.11181640625
1657,2.977783203125
1658,9.083251953125
1659,-13.634521484374998
1660,-17.7763671875
1661,9.4111328125
1662,-9.071533203125
1663,27.759033203124996
1664,-11.008300781250002
1665,57.767333984375
1666,6.797119140625001
1667,-22.314697265625004
1668,-33.0244140625
1669,48.756103515625
1670,14.629638671875
1671,75.8330078125
1672,7.03076171875
1673,-24.210205078125
1674,-31.923583984375
1675,6.8291015625
1676,32.8251953125
1677,88.24755859375001
1678,35.183837890625
1679,-19.093994140625
1680,-16.869140625
1681,-18.745849609375
1682,76.67578125
1683,33.029052734375
1684,40.696533203125
1685,-18.053955078125
1686,-17.40771484375
1687,-17.53955078125
1688,3.984375
1689,38.077880859375
1690,33.330322265625
1691,-50.619873046875
1692,0.6481933593749996
1693,24.71630859375
1694,85.94799804687499
1695,8.477783203125
1696,-19.634033203124996
1697,-50.732421875
1698,1.08740234375
1699,14.859130859375
1700,84.14306640625
1701,-31.8857421875
1702,-56.07470703125
1703,-20.862548828125
1704,-6.09130859375
1705,-11.42041015625
1706,-13.386962890625
1707,-7.887939453125
1708,-24.943115234375
1709,-25.787109375
1710,-9.04541015625
1711,-15.43310546875
1712,-6.248046875000001
1713,-8.186767578125
1714,3.1052246093749996
1715,-0.7624511718749998
1716,-2.661865234375
1717,-11.872802734375
1718,21.447021484375
1719,44.95556640624999
1720,4.36083984375
1721,71.171630859375
1722,16.03515625
1723,22.8369140625
1724,25.341552734374996
1725,42.3115234375
1726,0.7282714843750001
1727,8.455322265625
1728,22.162841796875004
1729,-8.10498046875
1730,42.650390625
1731,6.1494140625
1732,3.2099609375000004
1733,-21.865966796875004
1734,-6.52734375
1735,0.569091796875
1736,21.369873046875
1737,5.04248046875
1738,-1.6098632812499998
1739,-18.419677734375
1740,31.729248046875
1741,14.753906249999998
1742,7.489501953125
1743,27.43505859375
1744,-4.577392578125
1745,-8.792236328125
1746,-12.354248046875
1747,-0.6025390625
1748,6.548095703125
1749,9.102294921875
1750,-5.756103515625
1751,-12.423095703125
1752,-7.789794921875
1753,-5.138671875000001
1754,31.433349609375
1755,39.707275390625
1756,-2.358154296875
1757,-4.799072265625
1758,-2.215576171875
1759,-7.199951171875
1760,4.963623046875
1761,10.998046875
1762,8.867431640625
1763,-3.440673828125
1764,0.9904785156249999
1765,-5.03173828125
1766,3.411865234375
1767,9.8720703125
1768,8.551025390625
1769,-13.712646484374998
1770,-4.277587890625
1771,-19.124267578125
1772,62.83935546874999
1773,-20.143310546875
1774,-13.298583984374998
1775,-65.808349609375
1776,-1.456298828125
1777,-23.958984375
1778,59.80517578125
1779,23.5712890625
1780,-28.18603515625
1781,-20.15185546875
1782,12.984619140625
1783,0.06298828124999867
1784,-9.335205078125
1785,-11.144287109375
1786,8.961181640625
1787,22.757080078125
1788,9.7490234375
1789,-1.107177734375
1790,-9.310791015625002
1791,-7.482666015625
1792,0.194580078125
1793,13.83251953125
1794,7.8193359375
1795,17.387451171875
1796,-6.7626953125
1797,-4.62109375
1798,9.126953125
1799,20.309814453125
1800,3.19482421875
1801,4.63916015625
1802,-5.80078125
1803,-11.03662109375
1804,6.57958984375
1805,2.7802734375000004
1806,9.547363281250002
1807,7.521728515625
1808,9.76708984375
1809,-20.22509765625
1810,28.268798828125
1811,14.14697265625
1812,-19.881591796875004
1813,72.76806640625
1814,-0.9401855468750001
1815,-21.863769531249996
1816,31.28173828125
1817,18.085693359375
1818,-2.12646484375
1819,1.190185546875
1820,61.1982421875
1821,8.95361328125
1822,5.223388671875
1823,7.831787109374999
1824,11.720947265625
1825,6.193115234375
1826,1.713623046875
1827,-3.921630859375
1828,1.700439453125
1829,9.972656249999998
1830,8.26953125
1831,-0.8884277343750001
1832,-5.711181640625001
1833,3.631591796875
1834,-4.451416015625
1835,10.042724609375
1836,1.315185546875
1837,16.363525390625
1838,0.8037109375
1839,0.7160644531249999
1840,-7.270751953125
1841,14.000732421875
1842,0.693359375
1843,16.0888671875
1844,0.87646484375
1845,1.6479492187500002
1846,-1.7250976562499998
1847,35.606689453125
1848,-20.823486328125
1849,-5.991455078125001
1850,-9.37646484375
1851,22.777099609375
1852,6.997802734375
1853,41.01513671875
1854,-25.56982421875
1855,-4.3798828125
1856,-7.663330078125
1857,15.98974609375
1858,20.560302734374996
1859,31.10400390625
1860,47.678466796875
1861,56.656005859375
1862,122.390625
1863,44.77441406250001
1864,43.398193359375
1865,-0.568359375
1866,-13.6865234375
1867,58.924072265625
1868,120.31201171875
1869,40.873291015625
1870,-7.73828125
1871,59.197998046875
1872,62.9697265625
1873,-3.984619140625
1874,-0.8356933593750001
1875,1.665283203125
1876,1.779296875
1877,-0.469970703125
1878,1.524169921875
1879,-7.9560546875
1880,4.12060546875
1881,-1.0244140625
1882,-3.448974609375
1883,2.674560546875
1884,-0.6311035156249999
1885,-1.0524902343750009
1886,-11.453369140625
1887,4.333251953125
1888,15.360595703125
1889,23.82958984375
1890,6.71533203125
1891,-4.756103515625
1892,-0.8239746093750001
1893,2.69677734375
1894,7.1025390625
1895,25.534667968749996
1896,4.272705078125
1897,10.360107421875
1898,0.8671875
1899,18.208984375
1900,-28.118896484375
1901,-1.2812499999999998
1902,74.958984375
1903,92.02172851562499
1904,26.641601562500004
1905,-30.728515625
1906,-26.212890625
1907,-3.503662109375
1908,67.421875
1909,22.73876953125
1910,10.601318359375
1911,41.52099609375
1912,42.772216796875
1913,-9.535888671875
1914,-17.959716796875
1915,-25.29150390625
1916,9.3583984375
1917,24.6982421875
1918,51.451904296875
1919,-7.754638671875
1920,-15.219970703125
1921,-23.143798828125
1922,14.8837890625
1923,9.28759765625
1924,44.09179687499999
1925,10.607177734375
1926,7.734375
1927,-6.634033203125
1928,-14.742675781250002
1929,38.478515625
1930,29.259765625
1931,38.0654296875
1932,7.67578125
1933,-1.6804199218750002
1934,-20.540771484375
1935,-2.34326171875
1936,19.535888671875
1937,-1.3364257812499998
1938,15.791259765625
1939,-11.5234375
1940,-3.708740234375
1941,5.418701171875
1942,0.3305664062500001
1943,15.23583984375
1944,7.95458984375
1945,-11.2822265625
1946,-8.038818359375
1947,2.484619140625
1948,5.0771484375
1949,5.0205078125
1950,9.388916015625002
1951,-12.037353515625002
1952,21.287353515625
1953,15.532470703125
1954,40.12451171875
1955,8.6142578125
1956,24.41748046875
1957,8.84228515625
1958,24.527099609375
1959,14.092529296875
1960,38.489501953125
1961,14.717041015625002
1962,59.638916015625
1963,-4.635986328125
1964,-1.490234375
1965,11.02197265625
1966,-0.6564941406249999
1967,5.898681640625001
1968,31.76318359375
1969,1.396484375
1970,8.57666015625
1971,3.373779296875
1972,-1.779052734375
1973,3.41259765625
1974,20.050048828125
1975,3.34716796875
1976,5.15234375
1977,-2.60107421875
1978,-9.53125
1979,16.341552734375
1980,23.014892578125
1981,-8.323974609375
1982,1.247802734375
1983,-6.50341796875
1984,-13.20068359375
1985,19.5693359375
1986,23.012451171875
1987,-8.769775390625
1988,-0.19116210937500008
1989,-4.673828124999999
1990,7.82421875
1991,6.847900390625001
1992,3.17724609375
1993,6.275634765625
1994,-13.763916015625002
1995,-12.548095703125
1996,0.019775390625
1997,10.726318359375
1998,1.405029296875
1999,6.91552734375
2000,4.840087890625001
2001,2.759033203125
2002,4.244384765625
2003,-18.155517578125
2004,24.184326171875
2005,3.993408203125
2006,-4.60107421875
2007,10.589843750000002
2008,20.815917968749996
2009,1.03076171875
2010,24.835693359375
2011,7.024169921875
2012,-4.44482421875
2013,1.8374023437500002
2014,20.320068359375
2015,11.377685546875
2016,18.747802734374996
2017,18.834716796875004
2018,-1.445556640625
2019,-0.9990234374999998
2020,9.351318359375
2021,-10.3720703125
2022,11.02978515625
2023,14.88037109375
2024,-0.02783203125
2025,-1.629638671875
2026,13.03271484375
2027,-4.97509765625
2028,18.7529296875
2029,5.570068359374999
2030,1.4943847656250004
2031,8.52392578125
2032,4.36181640625
2033,-1.560546875
2034,-2.343994140625
2035,2.918212890625
2036,2.97998046875
2037,2.500244140625
2038,-1.556884765625
2039,1.4858398437500002
2040,14.8056640625
2041,5.156494140625001
2042,1.7707519531249998
2043,50.10058593749999
2044,26.98046875
2045,29.22119140625
2046,18.10791015625
2047,-3.228515625
2048,-11.944091796875
2049,46.62646484375
2050,29.834228515625
2051,32.95166015625
2052,1.741943359375
2053,21.100830078125
2054,-2.7392578124999996
2055,49.521728515625
2056,-57.790771484375
2057,-20.297607421875
2058,-84.0546875
2059,43.64062499999999
2060,-35.9658203125
2061,5.547851562500001
2062,-54.19970703125
2063,-27.267822265625004
2064,-83.402587890625
2065,16.101318359375
2066,51.95654296875
2067,25.93505859375
2068,3.335693359375
2069,12.08837890625
2070,3.934814453125
2071,13.667236328125
2072,9.739013671875
2073,-0.427001953125
2074,0.7802734375
2075,9.705810546875
2076,11.240234375
2077,9.56787109375
2078,-2.742919921875
2079,-3.943115234375
2080,4.32275390625
2081,-9.196533203125
2082,16.5732421875
2083,5.2646484375
2084,-9.2705078125
2085,-22.912353515625
2086,-2.296142578125
2087,-2.970947265625
2088,14.46240234375
2089,1.3452148437500002
2090,-5.95947265625
2091,-8.076171875
2092,18.36474609375
2093,0.4228515625
2094,4.560791015625
2095,3.747802734375
2096,-8.79541015625
2097,-3.108154296875
2098,26.317626953125
2099,1.2075195312499998
2100,-4.738037109374999
2101,6.153564453125
2102,-10.1904296875
2103,0.7265625
2104,-9.6982421875
2105,-5.75927734375
2106,0.6066894531249999
2107,10.83935546875
2108,-25.331787109375
2109,30.38623046875
2110,-4.458740234375
2111,5.04541015625
2112,0.8818359375
2113,-15.07470703125
2114,-24.88525390625
2115,25.875244140625
2116,-2.291259765625
2117,2.5517578124999996
2118,5.891357421875
2119,2.205322265625
2120,14.613037109375
2121,11.773925781250002
2122,3.056640625
2123,-2.84765625
2124,5.626220703125
2125,0.9821777343750001
2126,7.632080078125
2127,7.046630859374999
2128,3.615234375
2129,4.575439453125
2130,-2.671875
2131,31.900390625
2132,21.12890625
2133,-6.533935546875
2134,4.27197265625
2135,-8.060302734375
2136,-12.188232421875
2137,3.034912109375
2138,-3.870849609375
2139,4.32763671875
2140,2.11328125
2141,-8.71484375
2142,-12.225830078125
2143,3.843505859375
2144,8.737548828125
2145,9.504150390625
2146,-2.4091796875000004
2147,-0.4951171875
2148,-2.62744140625
2149,-8.2890625
2150,22.107177734374996
2151,-9.611572265625
2152,-4.681640624999999
2153,1.0302734375
2154,-3.779296875
2155,-5.376220703125
2156,0.12646484375
2157,-4.158447265625
2158,0.420166015625
2159,49.974609375
2160,-16.062744140625
2161,-37.259765625
2162,-22.910400390625
2163,9.642333984374998
2164,-2.489990234375
2165,75.5517578125
2166,-13.788330078125
2167,-37.946044921875
2168,-14.267822265625
2169,64.572509765625
2170,92.633056640625
2171,91.38330078125
2172,3.957763671875
2173,-0.35595703125
2174,2.83154296875
2175,-5.532958984375
2176,24.5
2177,20.70068359375
2178,0.9089355468750001
2179,4.54833984375
2180,3.5087890624999996
2181,-2.124755859375
2182,2.57763671875
2183,-25.275146484375
2184,4.514404296875
2185,2.651123046875
2186,-2.46044921875
2187,-2.980712890625
2188,2.4384765624999996
2189,-1.06494140625
2190,2.15234375
2191,3.33203125
2192,2.301025390625
2193,2.2001953125
2194,2.935302734375
2195,2.087158203125
2196,-3.197265625
2197,2.888671875
2198,25.50048828125
2199,1.501953125
2200,-17.275146484375
2201,-22.440673828125
2202,-3.647705078125
2203,21.415771484375
2204,23.677734375
2205,-1.919677734375
2206,-16.722412109375
2207,-22.23193359375
2208,19.361328125
2209,31.516845703125
2210,25.510498046875
2211,10.283203125
2212,2.229248046875
2213,9.47998046875
2214,-5.970947265625
2215,33.899169921875
2216,7.739990234375
2217,6.31201171875
2218,-1.299560546875
2219,8.044921875
2220,-0.7736816406249999
2221,8.1376953125
2222,-2.77099609375
2223,14.621826171875
2224,4.78955078125
2225,3.410400390625
2226,-0.80859375
2227,-0.8544921875
2228,-2.17236328125
2229,12.625244140625
2230,6.801025390625001
2231,7.45751953125
2232,4.623046875000001
2233,0.01806640625
2234,-2.33056640625
2235,10.302001953125
2236,6.048828124999999
2237,-3.580078125
2238,-15.5966796875
2239,-1.597900390625
2240,-0.071044921875
2241,-1.784423828125
2242,-5.087158203125
2243,-2.822509765625
2244,-16.359130859375
2245,1.2866210937500002
2246,-2.292236328125
2247,15.000244140625
2248,-0.71240234375
2249,9.26025390625
2250,5.894775390625001
2251,-5.407470703125
2252,1.1865234375
2253,-0.002197265625
2254,3.64013671875
2255,-6.157470703125
2256,15.946044921875
2257,-10.228271484374998
2258,0.59130859375
2259,3.51318359375
2260,4.373779296875
2261,-5.142822265625
2262,-8.011962890625
2263,-7.699951171875
2264,-5.27880859375
2265,-17.5810546875
2266,-21.359619140625
2267,22.40234375
2268,-3.351806640625
2269,-3.695068359375
2270,-0.7377929687499998
2271,-15.702880859375
2272,-16.33203125
2273,1.5341796875
2274,1.2602539062499998
2275,-2.415283203125
2276,-38.52734375
2277,-13.499755859375
2278,-19.02197265625
2279,97.839599609375
2280,-30.34130859375
2281,-43.272705078125
2282,22.966796874999996
2283,-11.5224609375
2284,-16.38720703125
2285,94.2255859375
2286,-18.855957031250004
2287,-7.38623046875
2288,-26.621582031250004
2289,-1.991943359375
2290,11.931640625
2291,3.56494140625
2292,4.02099609375
2293,-7.880126953125
2294,13.82373046875
2295,5.826904296875
2296,7.621826171875
2297,7.539306640625001
2298,-3.871337890625
2299,34.126953125
2300,10.987548828125
2301,7.91650390625
2302,4.5673828125
2303,-24.349853515625
2304,-46.767578125
2305,-63.98876953125
2306,12.292724609375
2307,-17.991455078125
2308,13.656738281250002
2309,-21.986328125
2310,-45.264404296875
2311,-60.14208984375
2312,-7.05322265625
2313,13.2783203125
2314,-4.271728515625
2315,2.187744140625
2316,17.2841796875
2317,2.66015625
2318,4.05029296875
2319,5.478515624999999
2320,4.489013671875
2321,-3.649658203125
2322,20.6318359375
2323,2.282470703125
2324,4.99365234375
2325,14.0107421875
2326,10.258300781250002
2327,-4.283447265625
2328,1.146728515625
2329,16.13525390625
2330,-6.764404296875
2331,-18.326416015625
2332,-1.578125
2333,3.906982421875
2334,-3.552734375
2335,15.364013671875
2336,-9.19580078125
2337,-19.85498046875
2338,82.89208984375
2339,31.209228515625
2340,0.9843749999999997
2341,-5.658447265625
2342,-8.552978515625
2343,39.52441406250001
2344,12.121093750000002
2345,13.78271484375
2346,-12.405029296875
2347,7.9482421875
2348,-7.547119140625001
2349,45.04248046875
2350,14.523681640625
2351,36.486083984375
2352,-7.81640625
2353,57.922119140625
2354,-16.45068359375
2355,9.804443359375
2356,-19.750732421875
2357,-8.332763671875
2358,48.087646484375
2359,-19.422119140625
2360,-18.109619140625
2361,8.089111328125
2362,-17.62646484375
2363,-14.366455078125
2364,10.0341796875
2365,-8.80322265625
2366,-15.42041015625
2367,153.201416015625
2368,50.254638671875
2369,-38.2216796875
2370,5.541259765624998
2371,-12.846923828125
2372,68.693115234375
2373,26.746337890625
2374,56.4033203125
2375,-33.532958984375
2376,2.6804199218749982
2377,64.92529296875
2378,58.7421875
2379,92.197509765625
2380,29.1318359375
2381,-12.867675781250002
2382,-19.580078125
2383,22.989990234375
2384,8.3876953125
2385,32.856689453125
2386,35.05322265625
2387,-8.150390625
2388,-17.83935546875
2389,22.166748046875
2390,54.09252929687501
2391,98.167236328125
2392,27.213134765625
2393,-1.9453125
2394,-7.34375
2395,-1.468994140625
2396,19.352783203124996
2397,1.5375976562499998
2398,14.828613281250002
2399,-3.485595703125
2400,-4.645751953125
2401,-2.568359375
2402,22.43359375
2403,10.593017578125
2404,-0.658203125
2405,15.8125
2406,7.228515624999999
2407,14.792968750000002
2408,16.938720703125
2409,2.916748046875
2410,61.048095703125
2411,11.029296875
2412,9.3662109375
2413,16.417724609375
2414,16.5419921875
2415,0.343994140625
2416,8.915039062499998
2417,8.9716796875
2418,0.218994140625
2419,0.015869140625
2420,-0.91845703125
2421,8.3525390625
2422,10.559326171875
2423,5.653564453125
2424,5.337646484375
2425,-1.4714355468749998
2426,2.482421875
2427,8.04443359375
2428,9.379638671875
2429,12.8662109375
2430,6.483154296875
2431,-0.7265625
2432,1.111328125
2433,-5.283935546875
2434,4.28955078125
2435,3.474853515625
2436,21.952392578125
2437,-2.462158203125
2438,-4.8115234375
2439,-6.61083984375
2440,1.4296875
2441,2.126953125
2442,15.09033203125
2443,-5.32861328125
2444,-5.14453125
2445,-22.88525390625
2446,27.827880859375
2447,11.1552734375
2448,20.732666015625
2449,13.336425781250002
2450,-23.251708984375
2451,-21.56884765625
2452,23.617919921875
2453,3.921875
2454,18.927734375
2455,0.9465332031249999
2456,-12.038574218749998
2457,2.142578125
2458,-3.005126953125
2459,11.643798828125
2460,17.041015625
2461,12.752685546875
2462,0.380126953125
2463,6.4443359375
2464,4.87890625
2465,14.020263671875
2466,11.54150390625
2467,8.859619140625
2468,72.742919921875
2469,16.518798828125
2470,9.612548828125
2471,-12.501220703125
2472,8.266357421875
2473,-1.530029296875
2474,-3.44287109375
2475,2.713623046875
2476,7.537841796875
2477,-5.841796875000001
2478,12.178466796875
2479,2.16162109375
2480,-10.3212890625
2481,-9.65380859375
2482,11.647705078125
2483,-8.547607421875
2484,-8.9619140625
2485,-5.649169921875
2486,3.934814453125
2487,3.0009765624999996
2488,-2.739501953125
2489,-9.878662109375
2490,-2.698486328125
2491,-0.7355957031249999
2492,6.859619140625001
2493,4.556640625
2494,-16.786865234375
2495,-8.041259765625
2496,-15.252197265625
2497,-24.5849609375
2498,1.5639648437500002
2499,31.882080078125
2500,22.962890625
2501,14.2236328125
2502,14.814208984374998
2503,-28.342041015625
2504,-1.392333984375
2505,29.0595703125
2506,29.189208984375
2507,-3.310791015625
2508,-3.0439453125000004
2509,-22.957275390625
2510,7.08447265625
2511,10.9814453125
2512,-1.4892578125
2513,-5.643798828125
2514,0.87548828125
2515,57.37841796875
2516,41.56933593749999
2517,4.063232421875
2518,-0.07714843749999978
2519,-2.281982421875
2520,40.182373046875
2521,27.81640625
2522,2.209228515625
2523,-10.1640625
2524,18.321533203125
2525,13.824951171875
2526,7.343017578125
2527,-6.803466796875
2528,-6.735107421875
2529,-2.9658203124999996
2530,17.484130859375
2531,7.845703124999999
2532,10.695800781250002
2533,3.53125
2534,-0.6042480468750001
2535,-3.321044921875
2536,16.8583984375
2537,83.71484375
2538,44.228515625
2539,43.106689453125
2540,-20.560546875
2541,48.7236328125
2542,60.10595703125
2543,86.41064453125
2544,36.1796875
2545,51.8876953125
2546,17.678466796875
2547,0.9926757812499987
2548,2.66357421875
2549,-13.615234375
2550,2.195068359375
2551,5.660400390625001
2552,-4.154052734375
2553,30.536865234375
2554,-9.096435546875
2555,-1.2778320312499998
2556,10.31005859375
2557,8.19140625
2558,-6.271240234375
2559,-22.086181640625
2560,-4.960205078125
2561,-4.560302734375
2562,-5.478515624999999
2563,0.267578125
2564,2.95263671875
2565,14.87353515625
2566,-7.2958984375
2567,-0.7470703125
2568,4.41845703125
2569,-0.9501953125
2570,0.42431640625
2571,10.386474609375
2572,-10.9755859375
2573,-21.16650390625
2574,-5.1455078125
2575,-3.530029296875
2576,-21.914794921875
2577,3.47705078125
2578,27.155273437499996
2579,8.347412109375
2580,13.9716796875
2581,-2.068115234375
2582,-21.1357421875
2583,0.69775390625
2584,21.389892578125
2585,-4.845458984375
2586,3.880615234375
2587,9.7958984375
2588,7.708984375000001
2589,1.2944335937500002
2590,15.195556640625
2591,3.4033203124999996
2592,-3.162109375
2593,-0.7795410156249999
2594,5.384765624999999
2595,7.01513671875
2596,14.010009765625
2597,3.064453125
2598,1.282470703125
2599,-7.829833984375
2600,8.43505859375
2601,-20.6474609375
2602,110.758544921875
2603,116.35498046874999
2604,125.99267578125
2605,44.957275390625
2606,-19.544677734374996
2607,-17.526123046875
2608,114.400634765625
2609,118.087158203125
2610,109.81323242187501
2611,-5.49658203125
2612,-17.934326171875
2613,-22.732421875
2614,-23.162109375
2615,15.011962890625
2616,-11.205322265625
2617,-16.964111328125
2618,1.3706054687500002
2619,-15.226318359375
2620,-26.273437500000004
2621,18.444091796875
2622,-15.006103515625002
2623,-13.0859375
2624,-11.400146484374998
2625,-2.5400390624999996
2626,-24.542724609375
2627,-8.528076171875
2628,108.4482421875
2629,70.269775390625
2630,63.908447265625
2631,-45.25634765625
2632,-40.31640625
2633,-11.494873046875
2634,108.182861328125
2635,67.333740234375
2636,67.24072265625
2637,-13.4619140625
2638,-20.015869140625
2639,-9.301513671875
2640,5.2939453125
2641,3.5859375
2642,0.504638671875
2643,-5.074951171875
2644,-16.415283203125
2645,1.49609375
2646,3.45556640625
2647,0.8474121093750001
2648,-3.620361328125
2649,-3.5390625
2650,0.9006347656249999
2651,1.292724609375
2652,0.5361328125
2653,10.706787109375
2654,11.6357421875
2655,11.441406249999998
2656,4.0302734375
2657,7.999755859374999
2658,9.986328125
2659,12.446533203125
2660,1.6408691406250004
2661,9.273193359375
2662,4.077392578125
2663,49.69775390625
2664,117.35888671875
2665,0.6047363281249999
2666,5.877685546875
2667,-1.224365234375
2668,3.26123046875
2669,20.74072265625
2670,-3.2109375
2671,-6.312255859374999
2672,5.6591796875
2673,1.9584960937500002
2674,6.115478515625
2675,16.388671875
2676,-9.76025390625
2677,5.098876953125
2678,-3.40478515625
2679,-19.497802734374996
2680,5.4140625
2681,35.551025390625
2682,18.015869140625
2683,6.129150390625001
2684,9.924072265625
2685,7.844970703125
2686,10.046386718749998
2687,32.0556640625
2688,16.130615234375
2689,-20.856689453125
2690,5.19482421875
2691,-21.373046875
2692,62.83374023437499
2693,-27.072998046875
2694,-10.134033203125
2695,5.1845703125
2696,31.607177734374996
2697,38.28247070312499
2698,42.92431640624999
2699,-24.78076171875
2700,-12.883300781250002
2701,7.1044921875
2702,1.1921386718750002
2703,40.9423828125
2704,51.44921875
2705,-19.495361328125
2706,-15.7119140625
2707,47.9892578125
2708,51.75390625
2709,-15.74658203125
2710,1.6352539062499998
2711,-16.613037109375
2712,-12.6904296875
2713,46.70629882812501
2714,41.18115234375
2715,-4.281494140625
2716,25.48193359375
2717,-10.82177734375
2718,-16.998291015625
2719,59.32543945312501
2720,73.932373046875
2721,136.763427734375
2722,-1.211669921875
2723,-19.0244140625
2724,-3.875244140625
2725,57.45263671875
2726,68.98095703125
2727,132.74169921875
2728,-20.15673828125
2729,-25.146240234375
2730,8.250732421875
2731,-13.9365234375
2732,-4.350830078125
2733,17.15380859375
2734,19.242187500000004
2735,18.89599609375
2736,3.234375
2737,-20.074707031250004
2738,-1.3491210937500002
2739,15.959716796875
2740,13.527587890625
2741,11.469482421875
2742,1.412353515625
2743,-17.41552734375
2744,13.16650390625
2745,-0.14111328125
2746,0.497802734375
2747,1.622314453125
2748,7.717041015625
2749,17.932861328125
2750,7.266845703125
2751,4.178466796875
2752,-5.058349609374999
2753,-0.6130371093750001
2754,43.454345703125
2755,17.063720703125
2756,16.081787109375
2757,-2.02294921875
2758,10.070068359375
2759,11.743408203125
2760,21.147705078125
2761,-1.089599609375
2762,18.528564453125
2763,8.398681640625
2764,7.52099609375
2765,15.660888671875
2766,20.49365234375
2767,-4.75146484375
2768,-4.512451171875
2769,4.954345703125
2770,90.974609375
2771,23.532226562500004
2772,5.649414062499991
2773,-6.1376953125
2774,-6.759765624999999
2775,51.52124023437499
2776,43.1640625
2777,17.758544921875
2778,-3.684082031250002
2779,-4.623779296875001
2780,51.91455078125
2781,51.327880859375
2782,51.76123046875
2783,-6.8662109375
2784,-7.333251953125
2785,-30.858642578125
2786,14.21533203125
2787,-29.569580078125
2788,-17.0537109375
2789,5.398193359374999
2790,-9.500488281250002
2791,-34.092041015625
2792,10.79833984375
2793,24.670898437499996
2794,45.28002929687501
2795,25.453125
2796,11.787109375
2797,21.5810546875
2798,-10.653564453125
2799,15.638916015625002
2800,-5.53076171875
2801,12.4697265625
2802,16.18798828125
2803,21.7568359375
2804,-15.195068359375
2805,18.166748046875
2806,-18.44873046875
2807,-6.504638671875
2808,9.30810546875
2809,66.8916015625
2810,59.406005859375
2811,12.7216796875
2812,-5.97802734375
2813,43.700439453125
2814,126.28124999999999
2815,29.152587890625
2816,63.235595703125
2817,14.115234375
2818,-6.290771484375
2819,5.885498046875
2820,23.40234375
2821,37.923828125
2822,4.74755859375
2823,-3.371337890625
2824,-7.696533203125
2825,-10.43310546875
2826,-22.87744140625
2827,-11.836425781250002
2828,5.799560546875
2829,1.350341796875
2830,-7.74365234375
2831,-15.038330078125
2832,2.428466796875
2833,-6.455078124999999
2834,7.305419921875
2835,6.7939453125
2836,-26.822265625
2837,-33.02783203125
2838,-22.927001953125
2839,15.8115234375
2840,22.337646484375
2841,19.410400390625
2842,-21.95166015625
2843,-32.516357421875
2844,-24.010986328125
2845,7.20703125
2846,17.05712890625
2847,9.122802734375
2848,1.3071289062499998
2849,0.048828125
2850,20.31494140625
2851,21.793701171875
2852,-5.05322265625
2853,0.3515625
2854,-0.8598632812500009
2855,0.10986328125
2856,15.414306640625
2857,24.025390625
2858,-14.337890625
2859,-2.980224609375
2860,-2.243896484375
2861,-10.513916015625002
2862,26.637451171875
2863,-17.4326171875
2864,-2.174072265625
2865,-36.15283203125
2866,14.689697265625
2867,41.22607421875
2868,27.3173828125
2869,-13.24072265625
2870,-0.7424316406249999
2871,82.21875000000001
2872,-31.380126953125
2873,-23.390625
2874,-14.980468750000002
2875,78.873779296875
2876,91.299072265625
2877,87.337890625
2878,-8.863037109375
2879,-14.84716796875
2880,-8.500244140625
2881,78.0224609375
2882,89.338623046875
2883,84.32861328125
2884,-12.061767578125
2885,-0.5588378906250018
2886,-9.059814453125
2887,22.265380859375
2888,29.259033203124996
2889,-11.31494140625
2890,3.5185546875000004
2891,-36.23583984375
2892,21.280029296875
2893,1.6342773437500002
2894,35.1201171875
2895,-4.89794921875
2896,-1.5234375
2897,7.836181640625001
2898,1.619384765625
2899,-2.272216796875
2900,25.765869140625
2901,-12.708740234375
2902,-20.626708984375
2903,-17.44482421875
2904,-8.05615234375
2905,37.177734375
2906,40.16748046875
2907,-17.610107421875
2908,-24.012939453125
2909,-19.822021484375
2910,-8.634033203125
2911,34.0419921875
2912,37.31445312500001
2913,-23.289794921875
2914,13.824951171875
2915,53.3720703125
2916,27.425048828125
2917,12.423828125
2918,-8.171142578125
2919,-17.000244140625
2920,15.242675781250002
2921,46.4951171875
2922,28.088134765625
2923,-23.863037109375
2924,-12.536376953125
2925,-24.643798828125
2926,-25.632568359375
2927,-16.72900390625
2928,9.88623046875
2929,11.005615234375
2930,-7.927978515625
2931,-4.30908203125
2932,-28.379150390625
2933,-11.110595703125
2934,11.477783203125
2935,5.624755859374999
2936,40.56787109375
2937,37.92822265625
2938,15.051025390625
2939,-3.73876953125
2940,2.991455078125
2941,14.31005859375
2942,30.3681640625
2943,5.987548828125
2944,7.349365234375
2945,-7.281982421875
2946,11.2275390625
2947,14.396240234375
2948,28.532958984375
2949,5.8046875
2950,-10.916015625
2951,-3.248046875
2952,7.287353515625
2953,-5.470458984375
2954,-11.5400390625
2955,-7.480712890625001
2956,82.642333984375
2957,-2.281005859375
2958,10.32373046875
2959,-8.7431640625
2960,-10.373291015625002
2961,-12.756591796875
2962,-6.0478515625
2963,-5.905517578125
2964,8.0673828125
2965,25.13037109375
2966,-1.054931640625
2967,2.249267578125
2968,-7.44287109375
2969,17.517578125
2970,17.223388671875
2971,26.591796875
2972,-0.91259765625
2973,3.164306640625
2974,-10.952392578125
2975,38.443115234375
2976,25.62744140625
2977,27.313720703125
2978,-0.6726074218750001
2979,3.798583984375
2980,6.76171875
2981,-9.08447265625
2982,14.30615234375
2983,7.31787109375
2984,-6.5703125
2985,3.423583984375
2986,4.691162109374999
2987,-9.0146484375
2988,21.78076171875
2989,6.741943359374999
2990,6.388427734375
2991,-11.4140625
2992,-1.419677734375
2993,-3.109130859375
2994,9.439453125
2995,-14.759033203125
2996,-5.458984375000001
2997,-0.15673828125
2998,-2.908935546875
2999,-1.926513671875
3000,9.302490234375
3001,29.4091796875
3002,1.09521484375
3003,-2.453125
3004,-3.40576171875
3005,-9.369384765625
3006,-20.24462890625
3007,-25.087890625
3008,24.700927734374996
3009,3.040283203125
3010,-0.0810546875
3011,-10.629150390625
3012,-20.436523437499996
3013,-18.819091796875004
3014,-22.181640625
3015,5.666259765625
3016,2.987060546875
3017,7.44677734375
3018,9.87060546875
3019,3.28759765625
3020,0.73876953125
3021,0.444580078125
3022,3.21875
3023,0.806640625
3024,8.21923828125
3025,3.009521484375
3026,0.154052734375
3027,-7.477783203125
3028,2.828369140625
3029,10.0654296875
3030,-5.83447265625
3031,55.660400390625
3032,55.12548828125
3033,45.05249023437499
3034,-6.41796875
3035,-2.0920410156249996
3036,-5.962646484375
3037,55.270751953125
3038,56.46875
3039,46.511962890625
3040,-11.355468750000002
3041,-4.901123046875
3042,-1.779296875
3043,-13.7138671875
3044,16.5341796875
3045,3.40966796875
3046,1.681640625
3047,8.718994140625
3048,-1.817626953125
3049,-17.9052734375
3050,12.78125
3051,3.955322265625
3052,4.55859375
3053,9.666748046875
3054,19.269775390625
3055,-14.049072265625
3056,-15.22119140625
3057,13.895263671875
3058,41.802001953125
3059,35.820556640625
3060,23.199462890625
3061,-39.04541015625
3062,-6.37744140625
3063,14.378173828125
3064,47.261474609375
3065,37.384765625
3066,18.64599609375
3067,-12.1455078125
3068,-19.1181640625
3069,11.966064453125
3070,11.42529296875
3071,66.32177734375
3072,29.1337890625
3073,-21.361328125
3074,113.104248046875
3075,116.416259765625
3076,7.864013671875
3077,64.657958984375
3078,28.384033203124996
3079,-33.568603515625
3080,7.1962890625
3081,4.631103515625
3082,45.8623046875
3083,18.216064453125
3084,-0.93212890625
3085,5.445556640625001
3086,0.523193359375
3087,4.02587890625
3088,-11.444091796875
3089,23.4443359375
3090,0.075927734375
3091,7.928955078125
3092,-3.563232421875
3093,11.376708984374998
3094,0.000244140624999667
3095,-0.233154296875
3096,4.23046875
3097,8.703857421875
3098,12.802490234375
3099,12.99658203125
3100,4.62451171875
3101,-2.05126953125
3102,8.445556640625
3103,17.46435546875
3104,13.97509765625
3105,-4.78515625
3106,7.387939453125
3107,-4.1181640625
3108,14.8935546875
3109,14.46728515625
3110,20.03515625
3111,-8.456787109375
3112,57.20556640624999
3113,55.444091796875
3114,67.13671875
3115,22.4423828125
3116,21.877197265625004
3117,-2.092529296875
3118,7.892333984375
3119,0.9997558593750004
3120,10.7412109375
3121,21.000976562500004
3122,8.043701171875
3123,-19.6357421875
3124,-13.195068359375
3125,19.469970703125
3126,18.16162109375
3127,31.437744140625
3128,11.54931640625
3129,-14.569580078125
3130,-17.041259765625
3131,92.258056640625
3132,36.891357421875
3133,36.279541015625
3134,12.956298828125
3135,16.279296875
3136,9.711425781250002
3137,-5.698486328125
3138,-3.7294921875000004
3139,7.331787109374999
3140,1.765625
3141,19.942138671875
3142,4.26171875
3143,-9.2373046875
3144,16.06787109375
3145,9.870361328125
3146,5.93603515625
3147,-9.488525390625
3148,10.892333984374998
3149,16.421875
3150,11.2392578125
3151,16.114013671875
3152,-11.535156249999998
3153,13.610107421875
3154,11.242431640625
3155,18.119140625
3156,12.636718750000002
3157,-8.5703125
3158,1.500244140625
3159,-23.917236328125
3160,13.41748046875
3161,20.158447265625004
3162,-1.6015625
3163,4.353271484375
3164,-1.7211914062499998
3165,-5.257080078125
3166,-1.508056640625
3167,17.966796875
3168,-3.6162109375000004
3169,8.0859375
3170,-10.6884765625
3171,21.408447265625004
3172,16.5107421875
3173,20.70166015625
3174,-1.089111328125
3175,14.528564453125
3176,5.208251953125
3177,-3.89990234375
3178,0.5817871093750001
3179,-0.28857421875
3180,1.4345703125
3181,9.95751953125
3182,5.76025390625
3183,1.847900390625
3184,2.443115234375
3185,8.706298828125
3186,25.56982421875
3187,-16.918212890625
3188,-15.755126953125
3189,-14.187744140625
3190,-10.72509765625
3191,10.888916015625002
3192,28.659667968749996
3193,-18.412841796875
3194,-16.342529296875
3195,-15.497802734375
3196,-4.88134765625
3197,14.189208984374998
3198,24.31005859375
3199,12.234619140625
3200,8.64599609375
3201,1.8442382812499998
3202,-3.491455078125
3203,-8.42529296875
3204,70.78515625
3205,30.07861328125
3206,7.9443359375
3207,9.462890625
3208,-3.7783203124999996
3209,45.115234375
3210,39.1279296875
3211,26.724609375
3212,3.20556640625
3213,7.363525390625001
3214,-1.2041015625
3215,-1.9331054687500002
3216,7.767578124999999
3217,18.03173828125
3218,-10.36865234375
3219,9.619873046875
3220,-0.13916015625
3221,3.58251953125
3222,-11.27001953125
3223,19.606201171875
3224,3.5986328124999996
3225,0.238037109375
3226,-5.491943359374999
3227,-12.161376953125
3228,-11.838623046875
3229,14.349609375
3230,5.656982421875
3231,-2.063720703125
3232,-4.61669921875
3233,-15.0302734375
3234,-13.563720703125
3235,9.215576171875
3236,-11.9267578125
3237,4.739990234375
3238,-10.728515625
3239,-6.7109375
3240,0.087646484375
3241,11.312011718749998
3242,11.384521484374998
3243,-11.492431640625
3244,-10.823486328125
3245,-9.071533203125
3246,-0.10937499999999978
3247,5.60107421875
3248,-13.04248046875
3249,-6.493408203125
3250,-8.140380859375
3251,-19.351562499999996
3252,6.423828124999999
3253,8.91259765625
3254,6.6005859375
3255,7.7783203125
3256,0.513671875
3257,-9.171875
3258,4.798095703125
3259,13.747314453125
3260,9.535888671875
3261,8.3779296875
3262,4.489013671875
3263,14.9248046875
3264,-1.7026367187500002
3265,10.606689453125
3266,-12.7470703125
3267,-16.683837890625
3268,11.7109375
3269,1.2182617187500002
3270,-1.15625
3271,11.42822265625
3272,-15.26025390625
3273,-21.352294921875
3274,3.813232421875
3275,0.039794921875
3276,3.921630859375
3277,16.174072265625
3278,-22.896728515625
3279,39.07275390625
3280,20.6455078125
3281,16.465087890625
3282,23.734375
3283,8.1025390625
3284,-22.158203125
3285,38.693603515625
3286,14.226074218749998
3287,-24.245361328125
3288,27.956542968749996
3289,20.853515625
3290,-13.8955078125
3291,15.464843750000002
3292,-9.768798828125
3293,-0.9406738281249999
3294,-0.7541503906249999
3295,-4.056884765625
3296,-12.3583984375
3297,16.232177734375
3298,-7.308837890625001
3299,-2.280517578125
3300,-35.16552734375
3301,17.421875
3302,-11.49560546875
3303,-20.754150390625
3304,64.94775390625
3305,44.217041015625
3306,49.41064453125001
3307,5.223388671875
3308,-12.777587890625
3309,-12.28369140625
3310,58.39404296875
3311,47.47509765625
3312,34.143798828125
3313,20.9267578125
3314,-7.990966796875
3315,-0.8322753906250002
3316,12.520751953125
3317,1.206787109375
3318,-12.791748046875
3319,2.03662109375
3320,7.7998046875
3321,23.15185546875
3322,5.7421875
3323,8.851806640625
3324,-9.618896484374998
3325,0.3798828125
3326,10.766113281250002
3327,16.060302734375
3328,11.65771484375
3329,29.779052734374996
3330,11.885498046875
3331,-7.2294921875
3332,-5.670654296875
3333,-15.613037109375
3334,-9.863037109375
3335,27.677490234375
3336,16.43017578125
3337,-14.913330078125
3338,-9.816406249999998
3339,57.55615234375
3340,30.166015625
3341,31.72119140625
3342,11.3193359375
3343,-6.94873046875
3344,-4.4375
3345,13.018310546875
3346,2.19384765625
3347,12.410888671875
3348,9.018310546875
3349,-13.569580078125
3350,-1.1889648437500002
3351,12.16845703125
3352,71.820068359375
3353,-5.274658203125
3354,21.915771484375
3355,0.7385253906249999
3356,9.038818359375
3357,7.79443359375
3358,-3.923583984375
3359,23.978271484375
3360,27.83935546875
3361,4.325927734375
3362,9.091796875
3363,0.8701171875
3364,-5.725830078125
3365,23.54150390625
3366,21.30126953125
3367,5.47705078125
3368,75.112060546875
3369,8.653076171875
3370,71.800537109375
3371,-37.8466796875
3372,36.161865234375
3373,34.306884765625
3374,16.464599609375
3375,4.29736328125
3376,64.960205078125
3377,-33.9658203125
3378,11.953369140625
3379,100.213623046875
3380,48.84375
3381,49.068603515625
3382,-2.079833984375
3383,-26.088134765625
3384,-11.691162109375
3385,55.463134765625
3386,52.605712890625
3387,26.926025390625
3388,-6.0009765625
3389,-33.843017578125
3390,-17.64892578125
3391,-19.8818359375
3392,-16.59814453125
3393,14.9892578125
3394,13.693603515625002
3395,9.843017578125
3396,2.8837890624999996
3397,0.233642578125
3398,37.621337890625
3399,11.004638671875
3400,14.360107421875
3401,10.924072265625
3402,4.83740234375
3403,0.147216796875
3404,-12.023925781250002
3405,-2.6767578124999996
3406,0.8527832031249999
3407,-6.540283203125
3408,6.290771484375
3409,-3.672607421875
3410,3.763427734375
3411,-14.170166015625002
3412,-1.671875
3413,-9.4140625
3414,8.869873046875
3415,1.940185546875
3416,1.7729492187500002
3417,-9.488281249999998
3418,5.1123046875
3419,-7.70166015625
3420,-10.973388671875
3421,86.7607421875
3422,65.427734375
3423,41.642578125
3424,51.9658203125
3425,-19.289062499999996
3426,15.7060546875
3427,75.6865234375
3428,60.622802734375
3429,40.9951171875
3430,-12.827636718749998
3431,-24.670654296875
3432,-47.93554687499999
3433,35.75439453125
3434,5.16552734375
3435,-25.92333984375
3436,-22.76318359375
3437,20.444091796875004
3438,-8.6123046875
3439,33.22216796875
3440,-4.43603515625
3441,-29.943115234375
3442,-21.17138671875
3443,33.060546875
3444,23.791015625
3445,44.749267578125
3446,8.30224609375
3447,12.015625
3448,18.718505859375
3449,0.697265625
3450,31.6455078125
3451,33.859130859375
3452,-2.17578125
3453,12.96533203125
3454,21.5
3455,8.468017578125
3456,1.6220703125
3457,3.336181640625
3458,21.02587890625
3459,20.37353515625
3460,-5.749755859374999
3461,-8.2177734375
3462,-8.03173828125
3463,-2.982421875
3464,27.5810546875
3465,27.868408203124996
3466,-3.235595703125
3467,-8.169189453125
3468,-9.3564453125
3469,86.61132812500001
3470,28.843994140625
3471,30.829833984375
3472,34.548583984375
3473,7.945068359374999
3474,59.474609375
3475,3.478759765625
3476,23.765625
3477,37.81933593749999
3478,41.722412109375
3479,10.1298828125
3480,50.830810546875
3481,2.4169921875000004
3482,73.087646484375
3483,99.948974609375
3484,-33.370849609375
3485,9.732177734375
3486,-11.4482421875
3487,-11.384521484374998
3488,-2.176513671875
3489,83.12353515625
3490,3.526611328125
3491,-3.513427734375
3492,-15.23291015625
3493,-12.023681640625
3494,-1.2309570312499998
3495,-1.8232421875
3496,1.756591796875
3497,8.158935546875
3498,-0.6931152343750001
3499,0.9611816406249999
3500,5.2431640625
3501,-16.107177734375
3502,-5.093994140625001
3503,-6.62353515625
3504,8.71484375
3505,2.34228515625
3506,-1.7202148437500002
3507,-15.226806640625
3508,-3.89208984375
3509,1.968505859375
3510,26.398193359375
3511,23.386962890625
3512,-25.16162109375
3513,-46.093994140625
3514,52.712158203125
3515,-36.867919921875
3516,-39.00122070312499
3517,-12.28466796875
3518,-23.841064453125
3519,-44.014404296875
3520,47.75122070312499
3521,-2.13671875
3522,-2.61767578125
3523,16.443115234375
3524,-4.13916015625
3525,-8.677978515625
3526,-0.03564453125
3527,-3.5751953124999996
3528,-11.613037109375
3529,1.76953125
3530,4.248779296875
3531,-3.30322265625
3532,-1.6865234375
3533,-5.143310546875
3534,10.891113281250002
3535,19.5419921875
3536,10.172363281250002
3537,-13.364990234375
3538,-10.380859375
3539,4.396728515625
3540,9.032470703125
3541,-18.2275390625
3542,-10.71435546875
3543,-7.613525390625001
3544,-6.734375
3545,3.698486328125
3546,14.178466796875
3547,2.761962890625
3548,0.150390625
3549,-12.849609375
3550,-13.361328125
3551,5.101318359374999
3552,-8.220703125
3553,1.670654296875
3554,-2.932861328125
3555,-3.182861328125
3556,1.7299804687500004
3557,8.161376953125
3558,-7.658203124999999
3559,2.610107421875
3560,3.65576171875
3561,-20.3486328125
3562,-17.8974609375
3563,-58.9775390625
3564,66.5703125
3565,58.7109375
3566,52.8251953125
3567,37.409912109375
3568,42.920654296875
3569,53.78173828125
3570,73.41064453125
3571,60.098388671875
3572,57.34765625
3573,-34.5009765625
3574,-21.684814453125
3575,-8.98828125
3576,0.56787109375
3577,-1.7485351562499998
3578,3.685546875
3579,-0.693359375
3580,7.659423828125
3581,-4.838134765625
3582,0.9616699218750001
3583,5.2958984375
3584,1.371826171875
3585,-3.234130859375
3586,3.18212890625
3587,2.04931640625
3588,14.9970703125
3589,-1.7622070312499998
3590,69.610595703125
3591,-44.159423828125
3592,48.079345703125
3593,-7.5869140625
3594,-3.486083984375
3595,-4.89013671875
3596,68.501220703125
3597,-43.256103515625
3598,48.58056640624999
3599,8.39697265625
3600,12.709228515625002
3601,25.967041015625
3602,-9.368408203125
3603,81.9482421875
3604,31.219970703125
3605,50.435791015625
3606,0.14111328124999956
3607,15.195556640625
3608,13.194580078125
3609,82.59716796875
3610,40.71728515625
3611,46.40185546874999
3612,12.435546875
3613,6.321044921875
3614,3.69677734375
3615,4.826171875000001
3616,2.730224609375
3617,11.41552734375
3618,10.114990234375
3619,-11.164306640625
3620,5.5302734375
3621,12.409912109375
3622,10.3603515625
3623,13.019287109375
3624,10.2314453125
3625,1.2641601562499998
3626,2.798095703125
3627,-3.622314453125
3628,4.96142578125
3629,48.08447265625
3630,55.21337890625
3631,21.141357421875
3632,-28.04296875
3633,-26.62109375
3634,-16.270751953125
3635,46.937255859375
3636,54.74169921875
3637,14.730712890625
3638,32.22119140625
3639,-26.73974609375
3640,23.023437500000004
3641,6.509033203125
3642,1.069091796875
3643,1.2446289062499998
3644,5.714599609374999
3645,-0.6306152343750001
3646,6.4306640625
3647,8.857666015625
3648,6.181640624999999
3649,2.845947265625
3650,1.529541015625
3651,-0.9953613281249999
3652,2.954345703125
3653,-4.50634765625
3654,-11.617919921875
3655,-19.554931640625
3656,5.912841796875
3657,13.627685546875
3658,33.615234375
3659,19.917724609375
3660,5.98681640625
3661,-19.25732421875
3662,10.7783203125
3663,7.4404296875
3664,-11.906982421875
3665,-12.13818359375
3666,-13.367431640625
3667,15.67333984375
3668,2.01025390625
3669,-14.338134765625
3670,18.06103515625
3671,1.90234375
3672,23.76416015625
3673,7.671875
3674,4.166748046875
3675,-14.6806640625
3676,14.370361328125
3677,0.094482421875
3678,0.4814453125
3679,57.578857421875
3680,44.06372070312499
3681,4.241455078125
3682,-27.306640625
3683,-27.218505859375
3684,-9.69970703125
3685,4.329589843749999
3686,37.53759765625
3687,1.0551757812499996
3688,-30.62451171875
3689,-27.609130859375
3690,36.554931640625
3691,47.629638671875
3692,36.580810546875
3693,40.70849609375
3694,-1.840576171875
3695,0.211181640625
3696,-18.4501953125
3697,29.313232421875
3698,64.013671875
3699,14.846435546875
3700,6.40478515625
3701,0.29541015625
3702,-21.211669921875
3703,21.132080078125
3704,75.552734375
3705,11.956298828125
3706,22.10107421875
3707,20.792724609375
3708,11.8134765625
3709,-17.89892578125
3710,0.93017578125
3711,2.63427734375
3712,12.466796875
3713,20.488525390625
3714,8.13037109375
3715,-19.270751953125
3716,-0.135498046875
3717,1.809326171875
3718,-5.188232421875
3719,-0.7336425781249999
3720,-4.729248046875
3721,2.025634765625
3722,11.657958984374998
3723,7.5361328125
3724,-0.275390625
3725,-8.419677734375
3726,2.193359375
3727,4.776123046875
3728,8.15576171875
3729,1.7075195312499998
3730,18.29296875
3731,16.17578125
3732,-22.522216796875004
3733,-26.70068359375
3734,-20.20068359375
3735,22.6435546875
3736,3.052001953125
3737,4.64697265625
3738,7.49560546875
3739,-26.315673828125
3740,-24.86767578125
3741,30.36865234375
3742,3.541259765625
3743,1.866943359375
3744,-7.560791015625
3745,13.257080078125
3746,-1.098876953125
3747,-4.85791015625
3748,-9.19580078125
3749,-0.243896484375
3750,18.005615234375
3751,10.234619140625
3752,1.394287109375
3753,-2.776123046875
3754,-8.45361328125
3755,38.99609375
3756,16.38330078125
3757,14.707031249999998
3758,-5.482177734375
3759,-16.96337890625
3760,26.440185546875
3761,10.086181640625
3762,8.457763671875
3763,2.350341796875
3764,16.27880859375
3765,-16.597900390625
3766,25.394042968749996
3767,14.61865234375
3768,-0.9816894531249999
3769,-1.4609375
3770,-0.212158203125
3771,7.411865234375
3772,1.337646484375
3773,4.522705078125
3774,3.318603515625
3775,25.087158203124996
3776,7.828125
3777,-13.704833984374998
3778,-3.150146484375
3779,5.778076171875
3780,1.015869140625
3781,-2.26171875
3782,5.774169921875
3783,-0.7902832031249999
3784,-5.2783203125
3785,25.099609375
3786,40.22265625
3787,-13.072998046875
3788,100.41259765625001
3789,-33.212646484375
3790,98.498291015625
3791,22.240966796875004
3792,43.15502929687501
3793,-13.601806640625
3794,-28.580322265625004
3795,81.177490234375
3796,-21.373046875
3797,4.417236328125
3798,52.906005859375
3799,26.868896484375
3800,-5.128173828125
3801,55.14306640624999
3802,78.47265625
3803,79.0947265625
3804,54.41796875
3805,24.129150390625
3806,-8.23193359375
3807,-18.08154296875
3808,17.344970703125
3809,14.119384765625
3810,3.0966796875000004
3811,11.506103515625002
3812,7.53564453125
3813,1.7739257812499998
3814,-6.62451171875
3815,-1.844970703125
3816,2.371337890625
3817,1.092529296875
3818,7.6181640625
3819,1.8559570312499998
3820,-5.10009765625
3821,-0.5439453125
3822,-8.01123046875
3823,-0.8864746093750001
3824,30.593994140625
3825,41.09423828125
3826,32.908447265625
3827,-6.552001953125
3828,-17.686279296875
3829,-4.9228515625
3830,28.383544921875
3831,36.12939453125
3832,36.3876953125
3833,7.939697265625
3834,-18.1064453125
3835,-9.67431640625
3836,-16.61962890625
3837,22.8173828125
3838,32.36669921875
3839,39.61181640624999
3840,-14.374511718749998
3841,-5.498779296875002
3842,-11.058349609375
3843,18.679931640625
3844,35.753173828125
3845,33.962890625
3846,-0.07128906250000044
3847,-14.09521484375
3848,-16.00341796875
3849,-3.662109375
3850,-14.946533203125
3851,6.48486328125
3852,8.6787109375
3853,27.74755859375
3854,21.33349609375
3855,-11.07373046875
3856,-10.814453125
3857,2.41650390625
3858,4.9453125
3859,27.106689453125
3860,-12.715576171875
3861,-4.280029296875
3862,87.32861328125
3863,45.63330078125
3864,-9.787841796875
3865,-5.65869140625
3866,-13.354736328125
3867,55.5302734375
3868,48.29931640624999
3869,46.67138671875
3870,-10.70849609375
3871,-4.263427734375
3872,32.02490234375
3873,26.427978515625
3874,33.507568359375
3875,-16.864013671875
3876,22.791015625
3877,48.03076171875
3878,45.829833984375
3879,9.09521484375
3880,-1.230712890625
3881,-7.04931640625
3882,19.3056640625
3883,42.07470703125
3884,48.812255859375
3885,17.237060546875
3886,16.828125
3887,-24.8876953125
3888,13.176513671875
3889,13.328125
3890,16.674560546875
3891,20.585693359375
3892,-15.095947265625
3893,-6.542236328125
3894,-5.45166015625
3895,8.148681640625
3896,15.580810546875
3897,11.929199218749998
3898,-5.2548828125
3899,12.3447265625
3900,11.967041015625002
3901,13.780517578125
3902,3.50146484375
3903,1.4443359375
3904,7.392822265625
3905,4.1201171875
3906,-3.452880859375
3907,-3.518310546875
3908,10.797607421875
3909,-4.171630859375
3910,8.675048828125
3911,9.899169921875
3912,16.080078125
3913,-4.376708984375
3914,-2.756591796875
3915,-0.7800292968750001
3916,8.10205078125
3917,-4.29248046875
3918,1.2475585937500002
3919,12.318115234375
3920,25.339111328125
3921,2.994140625
3922,-3.014404296875
3923,-4.966552734375
3924,1.697509765625
3925,7.252197265625
3926,4.44970703125
3927,25.35009765625
3928,-19.993408203124996
3929,-17.059326171875
3930,-9.904296875
3931,19.269287109375
3932,42.73120117187499
3933,24.49951171875
3934,-15.5634765625
3935,-14.301513671875
3936,-11.344482421875
3937,9.862060546875
3938,48.879150390625
3939,19.97314453125
3940,-5.783447265625
3941,-13.88037109375
3942,-2.1103515625
3943,6.086669921875
3944,9.416015625
3945,13.9091796875
3946,-17.68505859375
3947,-9.1474609375
3948,3.65283203125
3949,4.178955078125
3950,-0.59228515625
3951,6.534912109374999
3952,-8.790771484375
3953,45.98486328125
3954,-19.01611328125
3955,-1.274169921875
3956,-12.46240234375
3957,4.709228515625
3958,36.32568359375
3959,40.720947265625
3960,-18.603759765625
3961,5.113281249999999
3962,-7.2353515625
3963,27.605224609375
3964,47.86279296875
3965,39.57812499999999
3966,-9.2646484375
3967,29.373046875
3968,9.7119140625
3969,0.984375
3970,-5.583251953125
3971,-17.44677734375
3972,-10.791015625
3973,34.29150390625
3974,18.19873046875
3975,6.517822265625
3976,61.5029296875
3977,62.25390625
3978,68.840087890625
3979,8.810546875
3980,-31.518310546875
3981,12.772949218749998
3982,12.276611328125
3983,115.07373046875
3984,1.8720703125000013
3985,12.388916015625002
3986,-35.662353515625
3987,21.45556640625
3988,13.719482421875
3989,-3.33203125
3990,9.989990234375
3991,8.803955078125
3992,-8.159912109375002
3993,84.80224609375
3994,53.38671875
3995,88.5498046875
3996,-11.218994140625
3997,-14.9736328125
3998,-7.4541015625
3999,84.747314453125
4000,51.212646484375
4001,98.25561523437499
4002,-16.46533203125
4003,-12.674560546875
4004,14.97314453125
4005,0.4301757812499999
4006,22.364013671875
4007,-7.712158203125
4008,7.322509765625
4009,-24.557861328125
4010,-7.54150390625
4011,10.057861328125
4012,15.753662109375
4013,-12.425537109375
4014,2.529296875
4015,-2.30126953125
4016,1.896484375
4017,12.359130859375
4018,-5.57861328125
4019,-3.700927734375
4020,-3.051513671875
4021,-10.480468750000002
4022,14.16552734375
4023,-2.39501953125
4024,-7.11572265625
4025,-1.091796875
4026,-4.555664062500001
4027,-8.07958984375
4028,-12.118896484374998
4029,-8.62109375
4030,-13.075927734375
4031,3.4423828124999996
4032,0.5783691406249999
4033,6.979248046875
4034,-4.587646484375
4035,7.206298828125
4036,15.258544921875
4037,17.883544921875
4038,-1.055908203125
4039,11.44189453125
4040,-3.402587890625
4041,48.1611328125
4042,71.9375
4043,15.998779296875
4044,0.869140625
4045,5.464599609374999
4046,-17.976806640625
4047,-11.672119140625
4048,6.265380859374999
4049,31.34912109375
4050,-4.842041015625
4051,9.836181640625
4052,-15.992431640625
4053,-4.186767578125
4054,20.941162109375
4055,25.789306640625
4056,77.103515625
4057,-6.563232421875
4058,9.6884765625
4059,-7.08642578125
4060,3.94140625
4061,-18.04443359375
4062,8.85693359375
4063,9.970458984374998
4064,13.7099609375
4065,-4.998291015625
4066,3.481201171875
4067,3.201416015625
4068,5.21533203125
4069,8.02099609375
4070,-6.9326171875
4071,-55.5400390625
4072,-25.166015625
4073,-29.958740234375
4074,15.80810546875
4075,-13.079345703125
4076,-2.60107421875
4077,-56.56201171875
4078,-23.434814453125
4079,-31.20849609375
4080,-59.279052734375
4081,120.397216796875
4082,29.783203125
4083,14.421386718749998
4084,-2.951416015625
4085,-5.02197265625
4086,-3.14892578125
4087,5.42529296875
4088,20.54833984375
4089,1.4731445312499998
4090,-3.590087890625
4091,-2.62939453125
4092,-1.017822265625
4093,22.211669921875
4094,10.55224609375
4095,-2.546875
4096,-46.50683593749999
4097,73.894287109375
4098,30.044189453125
4099,20.45703125
4100,2.2001953125
4101,-36.70166015625
4102,-46.021484375
4103,70.661865234375
4104,28.685546875
4105,24.186767578125
4106,-29.742431640625
4107,-44.581787109375
4108,-48.426513671875
4109,-20.82373046875
4110,-24.85693359375
4111,-8.916015625
4112,-7.318359375000001
4113,-49.566162109375
4114,-4.176513671875
4115,-1.048828125
4116,-28.37939453125
4117,-0.76513671875
4118,-3.541748046875
4119,46.66625976562501
4120,3.970458984375
4121,25.95849609375
4122,13.59033203125
4123,-17.920166015625
4124,18.28662109375
4125,9.677978515625002
4126,-57.67187500000001
4127,26.08740234375
4128,46.19287109375
4129,-19.978271484375
4130,15.972900390625
4131,9.995361328125
4132,26.322021484375
4133,2.259765625
4134,-4.4775390625
4135,12.585205078125
4136,45.302001953125
4137,30.528564453125
4138,-6.635498046875
4139,-1.322509765625
4140,-6.986083984375
4141,-1.0791015625
4142,39.36743164062499
4143,26.066162109375
4144,1.3935546875
4145,85.51220703125
4146,77.734375
4147,8.96630859375
4148,1.202392578125
4149,-2.0302734375
4150,-2.434814453125
4151,3.0712890624999996
4152,0.8571777343750001
4153,15.532958984374998
4154,2.25146484375
4155,3.080322265625
4156,1.571044921875
4157,1.2802734375000002
4158,18.105712890625
4159,6.544677734375
4160,1.5903320312499998
4161,53.21142578125
4162,0.04418945312499978
4163,-6.264892578125
4164,-16.464599609375
4165,19.906494140625
4166,56.09570312500001
4167,72.345703125
4168,3.962158203125
4169,-4.0048828125
4170,-21.932373046875
4171,46.039306640625
4172,48.868408203125
4173,60.49072265625
4174,40.7275390625
4175,-19.00390625
4176,-11.654541015625002
4177,-0.13818359375
4178,5.468017578125
4179,21.55810546875
4180,21.220703125
4181,-17.635009765625
4182,-10.129638671875
4183,-1.861083984375
4184,-3.990966796874999
4185,-68.362548828125
4186,79.00732421875
4187,-5.74462890625
4188,-5.38134765625
4189,-5.604248046875
4190,-9.515869140625
4191,13.554931640625
4192,-9.446044921875
4193,6.072509765625
4194,-0.96875
4195,-4.75830078125
4196,-8.756103515625
4197,-12.5703125
4198,21.29248046875
4199,4.89306640625
4200,-0.6447753906250004
4201,-6.233642578125002
4202,24.635498046875
4203,86.07421875
4204,-22.771240234375
4205,-1.4931640625
4206,-2.3974609375000004
4207,-7.078613281250001
4208,22.152832031250004
4209,87.040283203125
4210,-7.12109375
4211,-12.5732421875
4212,-13.18115234375
4213,55.6015625
4214,19.059082031250004
4215,-12.029296875
4216,-4.149169921875
4217,0.845703125
4218,26.549560546875
4219,48.52685546874999
4220,18.400390625
4221,-15.718505859375
4222,-9.7265625
4223,5.396484375000001
4224,45.576171875
4225,54.16455078125
4226,13.389404296875
4227,10.368408203125
4228,-0.467529296875
4229,5.40185546875
4230,0.505126953125
4231,0.42187499999999983
4232,12.609375
4233,9.370849609375
4234,-4.885986328125
4235,0.845703125
4236,13.203613281250002
4237,13.976806640625
4238,11.19677734375
4239,9.6962890625
4240,-11.62744140625
4241,-16.305419921875
4242,-3.4765625
4243,33.701416015625
4244,46.01220703125
4245,30.5498046875
4246,-10.4951171875
4247,-14.130126953125
4248,-0.159423828125
4249,20.494384765625
4250,12.162841796875
4251,13.930908203125
4252,6.108154296875
4253,26.4267578125
4254,17.553466796875
4255,19.354248046875
4256,-13.789306640625
4257,8.6240234375
4258,-16.913818359375
4259,23.512939453125
4260,16.194580078125
4261,21.513427734374996
4262,-1.8715820312499998
4263,-5.3095703125
4264,-10.932861328125
4265,-22.11083984375
4266,10.47802734375
4267,18.385498046875
4268,54.912353515625
4269,-36.5986328125
4270,-19.662109375
4271,-29.88671875
4272,10.813232421875
4273,11.945556640625
4274,51.850830078125
4275,13.9755859375
4276,-46.809326171875
4277,-57.721923828125
4278,9.616943359375
4279,2.327392578125
4280,-1.213134765625
4281,18.175048828125
4282,16.8828125
4283,6.21826171875
4284,3.380615234375
4285,-0.6345214843749996
4286,-3.6408691406249996
4287,14.780761718749998
4288,12.2236328125
4289,12.291748046875
4290,27.981689453125
4291,-4.858642578125
4292,3.370849609375
4293,5.376708984375
4294,6.4521484375
4295,3.962646484375
4296,20.19140625
4297,-1.8833007812499998
4298,-2.619873046875
4299,6.754150390625001
4300,12.0859375
4301,52.894287109375
4302,24.634033203124996
4303,-3.379638671875
4304,1.1623535156249991
4305,54.119873046875
4306,61.6572265625
4307,58.388916015625
4308,-72.23046875
4309,-72.832275390625
4310,-5.986572265625001
4311,52.70556640624999
4312,61.92773437499999
4313,66.04248046875
4314,-15.725830078125
4315,2.75390625
4316,-8.880126953125
4317,0.5051269531250002
4318,-10.941406249999998
4319,8.45068359375
4320,10.71337890625
4321,-2.2021484375
4322,-6.425048828125
4323,2.8642578124999996
4324,-14.591552734375
4325,1.268798828125
4326,7.37890625
4327,-0.078857421875
4328,-8.284912109375
4329,-0.321044921875
4330,4.129150390625
4331,-5.0341796875
4332,7.039794921875
4333,2.622314453125
4334,-5.2177734375
4335,-0.344482421875
4336,1.5639648437500002
4337,-7.032470703125
4338,14.047119140625
4339,-2.744384765625
4340,-4.756591796875
4341,-20.236328125
4342,-6.00048828125
4343,17.314697265625
4344,65.801025390625
4345,9.660400390625
4346,9.08984375
4347,45.291015625
4348,-6.882080078125
4349,-13.58154296875
4350,55.873291015625
4351,6.219482421875
4352,13.535888671875
4353,-6.37158203125
4354,2.5488281249999996
4355,-11.671142578125
4356,59.624755859375
4357,-36.661376953125
4358,17.2734375
4359,15.302978515625002
4360,41.90820312500001
4361,42.47509765625
4362,41.190185546875
4363,-34.573486328125
4364,17.60107421875
4365,21.03369140625
4366,17.961181640625
4367,20.757080078125
4368,64.238525390625
4369,-6.5322265625
4370,4.210693359375
4371,7.125244140625001
4372,16.2802734375
4373,-0.8054199218750001
4374,1.207275390625
4375,-4.368408203125
4376,7.5
4377,5.70751953125
4378,15.4189453125
4379,0.9445800781249996
4380,-5.640869140625001
4381,-3.294677734375
4382,-3.72900390625
4383,-1.2192382812499998
4384,9.69677734375
4385,10.942626953125
4386,-1.512939453125
4387,-5.268310546875
4388,-12.291015625
4389,-7.5595703125
4390,6.24169921875
4391,11.498779296875
4392,5.164306640625001
4393,-14.94873046875
4394,-5.456787109374999
4395,24.579833984375
4396,31.101562499999996
4397,3.16455078125
4398,7.518798828125
4399,13.974365234375
4400,23.658447265625004
4401,20.656494140625
4402,27.929443359375
4403,0.37304687499999933
4404,10.076660156249996
4405,31.073486328125
4406,25.6650390625
4407,26.661865234375
4408,21.98291015625
4409,21.389892578125
4410,32.565185546875
4411,15.296142578125
4412,30.8125
4413,11.408447265625
4414,-12.763671875
4415,27.080322265625004
4416,36.391357421875
4417,9.41162109375
4418,-17.314697265625
4419,-16.794677734375
4420,-10.72314453125
4421,-1.068115234375
4422,8.0244140625
4423,-0.8908691406249999
4424,-6.748291015625
4425,7.6904296875
4426,8.44970703125
4427,16.078369140625
4428,6.799072265625
4429,0.537841796875
4430,-6.206787109374999
4431,12.123046875
4432,-2.087158203125
4433,16.26171875
4434,-0.7292480468750001
4435,-7.54345703125
4436,1.7744140625
4437,-0.432861328125
4438,27.60546875
4439,7.08203125
4440,-5.345458984375
4441,-9.26416015625
4442,-1.4858398437500002
4443,-0.564453125
4444,3.850830078125
4445,14.064208984374998
4446,-3.796875
4447,32.469482421875
4448,4.748291015625
4449,1.764404296875
4450,14.237060546875
4451,-3.33837890625
4452,19.947998046875
4453,12.462158203125
4454,1.224853515625
4455,1.258544921875
4456,11.0322265625
4457,-1.467529296875
4458,8.70703125
4459,13.647216796875
4460,18.503173828125
4461,2.171142578125
4462,-2.17431640625
4463,19.351318359375
4464,-11.086425781250002
4465,-14.394531249999998
4466,-22.202880859375
4467,-0.426513671875
4468,-5.19775390625
4469,22.49755859375
4470,-4.068115234375
4471,-3.489501953125
4472,-14.126220703125
4473,0.572509765625
4474,12.603759765625
4475,14.029052734375
4476,-28.874267578125
4477,5.04931640625
4478,-8.545654296875
4479,7.25537109375
4480,12.45068359375
4481,16.4677734375
4482,-26.7275390625
4483,-0.9025878906249999
4484,1.68359375
4485,-1.592529296875
4486,-13.82568359375
4487,2.432373046875
4488,0.223388671875
4489,19.9375
4490,-17.807373046875
4491,13.83349609375
4492,-18.052001953125
4493,-5.145751953125
4494,-4.91845703125
4495,21.85302734375
4496,1.05615234375
4497,19.507812499999996
4498,-7.54296875
4499,6.385498046875
4500,3.48388671875
4501,-5.29296875
4502,0.15917968749999997
4503,-8.751953125
4504,32.609619140625
4505,9.540771484374998
4506,2.412353515625
4507,-6.22265625
4508,-2.087158203125
4509,20.301513671875
4510,19.204345703125
4511,-9.250244140625
4512,-5.18115234375
4513,-3.19091796875
4514,-8.337158203125
4515,-2.7265625
4516,31.75927734375
4517,20.400634765625
4518,-5.1552734375
4519,-4.311279296875
4520,-2.517333984375
4521,-2.900146484375
4522,-14.7109375
4523,-1.4052734375
4524,-3.84521484375
4525,-29.419677734374996
4526,15.6044921875
4527,55.82421875
4528,34.672119140625
4529,3.109375
4530,-12.766113281250002
4531,-17.159423828125
4532,8.867919921875
4533,48.779052734375
4534,38.69384765625
4535,-4.8515625
4536,1.2329101562499998
4537,-5.0595703125
4538,5.8837890625
4539,-12.15771484375
4540,-20.28271484375
4541,-7.294189453125
4542,21.086669921875
4543,16.158447265625
4544,24.252685546875
4545,-10.286865234375
4546,-11.3759765625
4547,-9.1611328125
4548,-22.83935546875
4549,-20.230712890625
4550,14.0615234375
4551,20.41455078125
4552,12.92431640625
4553,-16.591796875
4554,-22.829101562500004
4555,-14.9130859375
4556,-17.76416015625
4557,65.52734375
4558,12.510498046875
4559,-18.72998046875
4560,-22.187255859375
4561,7.610595703125
4562,8.46630859375
4563,36.443359375
4564,-0.033203125
4565,-28.311767578125
4566,-22.66259765625
4567,20.134765625
4568,49.7216796875
4569,30.6591796875
4570,0.3664550781249992
4571,-25.84423828125
4572,-22.244140625
4573,26.730712890625
4574,-1.98828125
4575,5.81201171875
4576,14.558349609375
4577,-7.06201171875
4578,10.50537109375
4579,-0.6672363281249999
4580,2.92138671875
4581,-5.125244140625001
4582,-8.95166015625
4583,-12.6318359375
4584,12.045166015625002
4585,0.9323730468750001
4586,0.9475097656249999
4587,21.638427734374996
4588,-5.014892578125
4589,-10.690185546875
4590,7.4814453125
4591,27.126953125
4592,18.0048828125
4593,21.830322265625004
4594,-10.32177734375
4595,3.5390625
4596,-0.5634765625
4597,29.021484375
4598,24.72119140625
4599,25.64697265625
4600,5.3203125
4601,1.366943359375
4602,0.6804199218750001
4603,-6.586669921875
4604,-8.578857421875
4605,0.041259765625
4606,-5.03515625
4607,3.94921875
4608,-9.798828125
4609,3.912841796875
4610,-9.884765625
4611,0.17724609375
4612,-8.72900390625
4613,-0.8957519531249999
4614,-7.587890624999999
4615,9.716796875
4616,2.32275390625
4617,-4.45263671875
4618,-4.920166015625
4619,-2.64501953125
4620,-0.8898925781249999
4621,-13.073486328125
4622,-6.99609375
4623,-4.992431640625001
4624,-7.91259765625
4625,-2.671630859375
4626,-0.083251953125
4627,6.204833984375
4628,-2.18505859375
4629,-36.59326171875
4630,39.087158203125
4631,40.1533203125
4632,34.63037109375
4633,27.970458984375
4634,6.738769531249999
4635,-36.461181640625
4636,50.076171875
4637,40.521484375
4638,34.798583984375
4639,11.130126953125
4640,13.958251953125
4641,-35.142333984375
4642,22.0439453125
4643,-40.319580078125
4644,-33.718017578125
4645,-26.047607421875
4646,14.9306640625
4647,7.5107421875
4648,6.065673828125
4649,-41.64306640624999
4650,-28.644287109375
4651,-23.919189453125
4652,-4.734619140625001
4653,-1.953369140625
4654,13.266845703125
4655,9.539550781250002
4656,-4.593994140625
4657,-11.56591796875
4658,3.614501953125
4659,-4.718505859374999
4660,-1.970458984375
4661,-5.91259765625
4662,-2.85302734375
4663,-11.479248046875
4664,1.174072265625
4665,-1.896728515625
4666,5.033447265625
4667,-1.520263671875
4668,11.218017578125
4669,51.21435546874999
4670,-4.2392578125
4671,15.856201171875
4672,-18.96923828125
4673,-9.421630859375
4674,-2.631591796875
4675,48.547119140625
4676,-4.099609375
4677,15.86962890625
4678,68.66357421875
4679,-15.010498046875
4680,-22.221435546875
4681,-4.771240234375
4682,-3.5546875
4683,-11.4951171875
4684,-10.084716796875
4685,-2.45556640625
4686,-7.323974609374999
4687,-4.8544921875
4688,1.216064453125
4689,-9.733154296875
4690,-14.82373046875
4691,-4.6982421875
4692,-1.05322265625
4693,3.236083984375
4694,-7.249755859374999
4695,12.156494140625
4696,15.156494140625
4697,10.68896484375
4698,-7.439208984375
4699,1.728759765625
4700,-18.779052734374996
4701,11.763427734375
4702,16.232666015625
4703,14.740234375
4704,-5.51318359375
4705,11.744384765625
4706,-19.388671875
4707,-6.385498046875
4708,4.840087890625001
4709,-7.06103515625
4710,-6.42578125
4711,-2.490478515625
4712,18.65087890625
4713,19.01611328125
4714,5.077880859374999
4715,-6.635498046875
4716,-2.771484375
4717,13.629150390625
4718,20.775634765625
4719,2.73486328125
4720,5.6708984375
4721,4.813720703125
4722,4.877685546875
4723,6.131591796875
4724,-4.646240234375
4725,1.3012695312499998
4726,2.8544921875000004
4727,9.1220703125
4728,1.4306640625
4729,2.33056640625
4730,26.360595703125
4731,-3.56494140625
4732,-9.098876953125
4733,-0.9606933593750001
4734,-7.078125
4735,-4.145751953125
4736,-4.147216796875
4737,64.917236328125
4738,-10.173828125
4739,-4.948974609374999
4740,-5.060302734375
4741,-1.061279296875
4742,-2.54150390625
4743,-7.528076171875
4744,-4.622802734375
4745,-4.50390625
4746,14.662109375
4747,-4.3125
4748,-24.0537109375
4749,-11.985595703125
4750,13.484375
4751,-4.91455078125
4752,-1.877197265625
4753,-7.785888671875
4754,-18.143310546875
4755,-14.509765625
4756,31.9814453125
4757,30.059814453125
4758,16.238525390625
4759,-14.453125
4760,-1.5083007812499998
4761,34.01904296875
4762,24.831298828125
4763,5.457763671875
4764,24.496337890625
4765,1.2299804687500002
4766,5.054931640625001
4767,43.151123046875
4768,27.343994140625
4769,15.210449218749998
4770,-10.296142578125
4771,-20.179687500000004
4772,105.410888671875
4773,-30.73876953125
4774,22.04443359375
4775,14.867675781250002
4776,9.11669921875
4777,-13.477050781250002
4778,91.486572265625
4779,-29.00634765625
4780,30.42138671875
4781,14.896484375
4782,42.51220703125
4783,42.424560546875
4784,118.317626953125
4785,14.468994140625
4786,-0.5087890625
4787,12.040283203125
4788,2.031982421875
4789,-3.79931640625
4790,-6.16162109375
4791,24.09521484375
4792,0.5192871093749991
4793,12.54345703125
4794,-3.13525390625
4795,9.237548828125
4796,12.766113281250002
4797,-2.901123046875
4798,21.216796875
4799,-29.989990234375
4800,-31.594726562500004
4801,-22.722167968749996
4802,15.322021484374998
4803,75.18701171875
4804,23.65185546875
4805,-29.437744140625
4806,-28.4892578125
4807,-25.888671875
4808,13.5263671875
4809,3.641845703125
4810,24.71630859375
4811,-5.850341796875
4812,20.96142578125
4813,13.5478515625
4814,6.474365234375
4815,-8.494384765625
4816,6.786865234375
4817,-6.961181640625001
4818,23.47998046875
4819,14.4765625
4820,4.7294921875
4821,-8.353515625
4822,1.7192382812499998
4823,-8.671875
4824,94.593017578125
4825,24.686279296875
4826,-1.476318359374999
4827,35.788818359375
4828,-23.223388671875
4829,-10.594482421874996
4830,87.46728515625
4831,26.482666015625
4832,-7.443603515625
4833,33.728759765625
4834,1.873291015625
4835,2.79345703125
4836,72.205078125
4837,-3.28564453125
4838,0.7131347656249999
4839,4.17578125
4840,1.212158203125
4841,4.6787109375
4842,-1.907958984375
4843,0.8000488281249999
4844,1.692138671875
4845,-4.60205078125
4846,3.35888671875
4847,0.9714355468750001
4848,-1.267822265625
4849,-1.1318359375
4850,-16.536865234375
4851,-8.678466796875
4852,-1.084716796875
4853,-12.6328125
4854,-11.43310546875
4855,-18.4775390625
4856,-20.36083984375
4857,-7.267333984375
4858,-3.803466796875
4859,-8.32080078125
4860,3.8984375
4861,9.204345703125
4862,-14.43505859375
4863,17.99853515625
4864,-14.075439453125
4865,-23.23193359375
4866,-20.59423828125
4867,-0.53662109375
4868,27.7099609375
4869,12.134033203125
4870,-13.167968750000002
4871,-22.0556640625
4872,-20.79541015625
4873,5.527587890625001
4874,23.229248046875
4875,16.494140625
4876,19.875244140625
4877,-5.531005859374999
4878,5.97265625
4879,-6.659912109374999
4880,19.6611328125
4881,8.412353515625
4882,16.5341796875
4883,-11.4580078125
4884,5.99658203125
4885,-10.569580078125
4886,-6.107666015625
4887,-25.242187500000004
4888,16.508056640625
4889,7.528564453125
4890,9.137939453125
4891,-2.49560546875
4892,16.5693359375
4893,-3.308837890625
4894,-4.529541015625
4895,-8.9951171875
4896,8.231689453125
4897,-1.04638671875
4898,19.144287109375
4899,-6.908935546875
4900,-6.617919921875
4901,-5.119384765625
4902,14.583984375
4903,-8.072021484375
4904,27.157470703125
4905,14.249755859375
4906,10.713134765625
4907,16.5966796875
4908,11.048828125
4909,-8.379150390625
4910,28.37353515625
4911,7.031005859374999
4912,2.1906738281250004
4913,15.478515625
4914,27.249755859375
4915,14.635986328125
4916,11.344482421875
4917,6.40625
4918,5.99658203125
4919,8.544677734375
4920,-1.107666015625
4921,10.10400390625
4922,7.166748046875
4923,1.8203125
4924,7.33642578125
4925,8.118896484375
4926,7.003662109374999
4927,6.931884765625
4928,5.2177734375
4929,-2.6845703124999996
4930,-2.555419921875
4931,0.6247558593750001
4932,41.562744140625
4933,-12.994384765625
4934,1.6430664062499998
4935,-7.283935546875
4936,5.260986328125
4937,2.987548828125
4938,-12.511962890625
4939,-5.85888671875
4940,6.8369140625
4941,-4.294677734375
4942,5.581298828125
4943,-0.9172363281249999
4944,-5.811279296875
4945,-23.949951171875
4946,-4.901611328125
4947,-1.470703125
4948,-2.879150390625
4949,0.7683105468750001
4950,-6.386474609374999
4951,-4.768798828125
4952,-1.145263671875
4953,-15.0625
4954,-19.270263671875
4955,16.435546875
4956,7.392578124999999
4957,33.9716796875
4958,15.625
4959,-0.6572265625
4960,20.697265625
4961,24.44189453125
4962,8.989501953125
4963,29.9248046875
4964,-49.712158203125
4965,-39.070556640625
4966,-20.327148437499996
4967,-8.27783203125
4968,3.60009765625
4969,16.212158203125
4970,37.031005859375
4971,-0.07958984375000067
4972,-13.9677734375
4973,-13.203369140625
4974,0.3271484375
4975,17.678955078125
4976,35.92578125
4977,0.8056640625
4978,-3.021240234375
4979,-23.6630859375
4980,-4.710205078125
4981,8.18603515625
4982,8.303955078125
4983,16.7431640625
4984,-0.16210937500000003
4985,-4.813232421875
4986,4.86279296875
4987,8.715576171875
4988,6.88134765625
4989,9.328369140625
4990,-8.4453125
4991,-11.673583984374998
4992,-4.763427734375
4993,11.120849609375
4994,-4.953125
4995,-5.563232421875
4996,-14.328857421875
4997,74.645751953125
4998,28.22119140625
4999,1.103515625
5000,-4.471435546875
5001,-8.225830078125
5002,-12.447998046875
5003,-5.835205078125
5004,-2.954833984375
5005,0.8745117187499997
5006,-15.357666015625002
5007,22.60791015625
5008,-4.906494140625001
5009,25.012939453125
5010,2.806884765625
5011,11.840087890625
5012,5.150390624999999
5013,25.1767578125
5014,-4.835693359374999
5015,24.53759765625
5016,7.816162109374999
5017,4.819091796875
5018,9.304443359375
5019,-7.645019531250001
5020,59.51025390625
5021,49.2529296875
5022,61.5673828125
5023,-18.128662109375
5024,-3.5644531250000013
5025,-14.665771484374998
5026,53.73779296875
5027,63.93896484375
5028,61.01025390625
5029,-35.828125
5030,1.449951171875
5031,-9.6337890625
5032,9.34375
5033,8.227783203125
5034,3.7182617187500004
5035,4.134521484375
5036,51.830078125
5037,16.641357421875
5038,12.832763671875
5039,10.22802734375
5040,4.48828125
5041,4.625
5042,-6.217529296875
5043,0.76611328125
5044,10.453613281250002
5045,-13.212890625
5046,15.459228515625002
5047,16.923583984375
5048,25.3349609375
5049,23.483398437499996
5050,28.70458984375
5051,-10.34716796875
5052,21.110595703125
5053,26.499023437499996
5054,13.820556640625
5055,-10.30224609375
5056,-22.25927734375
5057,-9.24560546875
5058,-5.05615234375
5059,76.34814453125
5060,29.55078125
5061,39.390380859375
5062,-55.22998046875
5063,-24.415771484375
5064,-39.652099609375
5065,71.225830078125
5066,31.94677734375
5067,37.384521484375
5068,-36.18310546875
5069,-34.13720703125
5070,-2.295654296875
5071,-13.650634765625
5072,-8.83935546875
5073,20.118896484375
5074,21.453125
5075,-8.313232421875
5076,-2.724365234375
5077,-10.302001953125
5078,-9.359375
5079,21.510986328125
5080,19.38671875
5081,-6.2705078125
5082,-1.2709960937500002
5083,0.357666015625
5084,2.36865234375
5085,6.975341796875
5086,10.69384765625
5087,9.04052734375
5088,13.223388671875
5089,3.777587890625
5090,-5.225341796875
5091,3.087890625
5092,11.322265625
5093,10.284423828125
5094,-8.970458984375
5095,14.1298828125
5096,-10.46728515625
5097,50.430419921875
5098,-22.370361328125
5099,97.827880859375
5100,-44.832763671875
5101,39.2001953125
5102,59.085205078125
5103,-41.002197265625
5104,-26.00048828125
5105,92.889404296875
5106,-46.058837890625
5107,24.513671875
5108,-0.8701171875
5109,35.997802734375
5110,6.947265624999999
5111,11.991943359375
5112,6.98095703125
5113,7.509033203125
5114,-21.16455078125
5115,-2.440673828125
5116,0.42919921875
5117,3.990966796875
5118,1.706298828125
5119,4.155029296875
5120,-8.754638671875
5121,3.75439453125
5122,-1.102783203125
5123,24.4599609375
5124,-9.232421875
5125,-14.20654296875
5126,13.413818359375
5127,5.90625
5128,11.864990234375
5129,-2.2421875
5130,-7.212890624999999
5131,-15.289306640625
5132,9.7646484375
5133,1.2143554687500002
5134,6.056640624999999
5135,2.52099609375
5136,-17.79248046875
5137,-11.8017578125
5138,-20.349365234375
5139,-16.970703125
5140,-2.4697265624999996
5141,44.111572265625
5142,11.748779296875
5143,-16.375
5144,-17.179443359375
5145,-11.836181640625
5146,15.256591796875
5147,7.959228515625
5148,2.59716796875
5149,17.79638671875
5150,4.658447265625
5151,-16.224609375
5152,-12.453857421875
5153,48.006591796875
5154,77.288330078125
5155,33.3916015625
5156,3.7080078124999996
5157,-18.08447265625
5158,-9.2119140625
5159,8.629638671875
5160,-5.884521484375
5161,23.827148437499996
5162,68.934326171875
5163,-0.035888671875002665
5164,9.835449218749998
5165,8.104736328125
5166,21.909423828125
5167,61.88330078125
5168,63.87646484375
5169,-3.191406250000002
5170,8.94287109375
5171,6.131835937499998
5172,0.9130859375
5173,89.120849609375
5174,89.84863281249999
5175,-4.4580078125
5176,57.33374023437499
5177,10.043701171875
5178,10.655517578125
5179,-3.29833984375
5180,-7.89453125
5181,0.479736328125
5182,60.2197265625
5183,13.74560546875
5184,14.0859375
5185,27.800537109375
5186,25.51806640625
5187,0.111328125
5188,-3.708251953125
5189,9.569580078125
5190,22.474853515625
5191,32.244384765625
5192,9.740234375
5193,2.20263671875
5194,-4.444091796875
5195,11.481689453125
5196,19.351318359375
5197,30.594482421875
5198,39.24243164062499
5199,2.453125
5200,-4.155517578125
5201,28.2236328125
5202,13.09033203125
5203,-8.241455078125
5204,-4.7548828125
5205,-1.6284179687500002
5206,5.4248046875
5207,6.855712890625001
5208,9.445556640625
5209,-8.420166015625
5210,-10.24853515625
5211,38.01025390625
5212,52.013427734375
5213,41.2900390625
5214,34.155517578125
5215,11.252685546875
5216,-3.5673828124999996
5217,-37.2890625
5218,72.673828125
5219,-5.0341796875
5220,-6.730224609374999
5221,24.7275390625
5222,-4.151611328125
5223,-33.643798828125
5224,-33.82275390625
5225,26.83447265625
5226,10.27001953125
5227,5.59033203125
5228,5.568603515625
5229,-6.600830078125
5230,-0.8083496093750001
5231,19.901611328125
5232,21.270751953125
5233,8.64501953125
5234,7.056396484375
5235,-10.183837890625
5236,-0.381103515625
5237,9.7265625
5238,1.4194335937500002
5239,13.85400390625
5240,50.138671875
5241,-0.010498046875
5242,-16.374267578125
5243,-14.76904296875
5244,-8.60107421875
5245,31.684082031250004
5246,50.93115234375
5247,-5.267822265625
5248,-13.670166015625002
5249,-19.082275390625
5250,20.50439453125
5251,51.553466796875
5252,57.93701171875
5253,-21.350341796875004
5254,12.91259765625
5255,7.004150390625001
5256,9.40087890625
5257,13.675048828125
5258,-0.7294921875
5259,-17.40869140625
5260,9.988281249999998
5261,11.674560546875
5262,7.63916015625
5263,7.947265624999999
5264,-12.284423828125
5265,-16.91259765625
5266,24.00537109375
5267,-0.4033203125
5268,-15.6318359375
5269,29.517333984375
5270,51.871826171875
5271,-3.496337890625
5272,16.689697265625
5273,1.283203125
5274,-16.435302734375
5275,28.49365234375
5276,-8.999755859375
5277,91.84326171875
5278,-1.249267578125
5279,17.722412109375
5280,-3.02783203125
5281,-6.053466796875
5282,1.852294921875
5283,4.584716796875
5284,29.159912109375
5285,17.871337890625
5286,-5.033447265625
5287,-11.51416015625
5288,4.24072265625
5289,5.303466796875
5290,9.322265625
5291,5.34033203125
5292,2.6484375
5293,9.199951171875
5294,7.46337890625
5295,4.115234375
5296,30.55810546875
5297,9.758544921875
5298,5.767333984375
5299,4.69287109375
5300,3.2353515624999996
5301,6.765869140625001
5302,13.414794921875
5303,5.665283203125
5304,8.06982421875
5305,-13.55908203125
5306,7.019775390625001
5307,5.811279296875
5308,20.27294921875
5309,15.64404296875
5310,4.207275390625
5311,-9.492919921875
5312,11.58935546875
5313,4.021484375
5314,23.2744140625
5315,2.3776855468749987
5316,-5.558837890625001
5317,-13.241699218749998
5318,-0.4553222656249999
5319,12.755615234375
5320,-6.31103515625
5321,-5.879150390625001
5322,-3.481201171875
5323,-5.857177734375
5324,-0.6086425781249998
5325,10.592041015625002
5326,-8.377197265625
5327,-9.881591796875
5328,6.81494140625
5329,-5.606201171875
5330,1.5546875
5331,11.335205078125
5332,9.304443359375
5333,0.7087402343750001
5334,2.4638671875000004
5335,-8.257080078125
5336,7.61279296875
5337,15.040283203125
5338,11.494384765625
5339,3.614990234375
5340,-1.445068359375
5341,-16.674072265625
5342,3.7138671875000004
5343,5.50146484375
5344,3.531494140625
5345,-12.699462890625
5346,-26.13818359375
5347,-10.404541015625002
5348,69.071044921875
5349,0.3291015625
5350,12.530761718749998
5351,-17.668212890625
5352,-27.208251953125
5353,-3.402099609375
5354,-5.894775390625001
5355,20.83984375
5356,10.612548828125
5357,11.996337890625
5358,12.022705078125
5359,-13.317138671875
5360,-10.23193359375
5361,6.62158203125
5362,8.258056640625
5363,13.411865234375
5364,18.299072265625
5365,-14.3642578125
5366,-10.72998046875
5367,30.36767578125
5368,38.433837890625
5369,8.724365234375
5370,-10.138916015625002
5371,-16.76708984375
5372,11.11083984375
5373,15.303466796875
5374,-43.8017578125
5375,13.351806640625
5376,-19.968505859375
5377,-12.497802734375
5378,7.1142578125
5379,13.90185546875
5380,12.062988281250002
5381,1.834716796875
5382,-11.84521484375
5383,-15.457031249999998
5384,28.484375
5385,38.009765625
5386,72.538330078125
5387,16.46484375
5388,-6.206787109374999
5389,4.876464843749997
5390,24.777587890625
5391,33.8359375
5392,68.771728515625
5393,-25.3779296875
5394,-6.22314453125
5395,-0.7590332031249999
5396,7.59423828125
5397,-1.262451171875
5398,-3.647216796875
5399,11.255859375
5400,-10.495849609375
5401,5.38134765625
5402,-8.450439453125
5403,-7.974853515625
5404,-0.7824707031249999
5405,7.767822265625
5406,-1.596435546875
5407,-1.357421875
5408,-9.664306640625
5409,4.569580078125
5410,21.158447265625004
5411,-23.996826171875
5412,-7.50732421875
5413,4.5859375
5414,3.350830078125
5415,6.688232421875
5416,24.914794921875
5417,-20.965576171875
5418,-7.39404296875
5419,-2.71875
5420,-0.9074707031249999
5421,14.968017578125
5422,-2.300048828125
5423,-0.75
5424,1.0185546875
5425,5.85986328125
5426,23.232666015625
5427,3.464599609375
5428,2.159912109375
5429,0.6145019531250002
5430,0.7800292968750001
5431,3.804443359375
5432,12.130126953125
5433,0.37109375
5434,9.309326171875
5435,-17.962646484375
5436,20.5068359375
5437,21.564453125
5438,16.730712890625
5439,15.137451171875
5440,-15.15380859375
5441,-10.63525390625
5442,14.593017578125
5443,25.706298828125
5444,5.4794921875
5445,-1.940673828125
5446,-1.214599609375
5447,-14.928466796875
5448,43.986328125
5449,-4.658935546875
5450,-26.42724609375
5451,-42.768310546875
5452,0.1435546875
5453,29.24755859375
5454,43.79125976562501
5455,-1.891845703125
5456,-29.298828125
5457,-36.5302734375
5458,25.74951171875
5459,55.285888671875
5460,54.98437500000001
5461,-3.75390625
5462,2.013427734375
5463,13.215087890625
5464,54.546630859375
5465,11.00341796875
5466,14.897216796875
5467,22.186279296875
5468,3.38720703125
5469,14.9677734375
5470,60.63916015625
5471,-15.31103515625
5472,-11.36376953125
5473,-20.296875
5474,-8.906005859375
5475,9.262939453125
5476,10.477783203125
5477,6.2421875
5478,-8.821533203125
5479,-11.018310546875
5480,-3.44287109375
5481,9.608154296875
5482,3.17822265625
5483,9.806884765625
5484,-1.9941406250000004
5485,3.047607421875
5486,-7.126220703125
5487,-1.3193359375
5488,17.950927734375
5489,10.9677734375
5490,-10.31787109375
5491,3.08642578125
5492,-3.361083984375
5493,2.60498046875
5494,12.283447265625
5495,15.112060546875
5496,-3.9501953124999996
5497,-2.804931640625
5498,1.247314453125
5499,5.15576171875
5500,6.4970703125
5501,3.255859375
5502,5.696533203125
5503,9.613525390625
5504,5.396728515625
5505,3.187255859375
5506,6.209716796875
5507,2.8857421875000004
5508,11.54150390625
5509,2.304443359375
5510,15.453857421875
5511,12.90625
5512,11.710449218749998
5513,-5.64990234375
5514,24.071044921875
5515,10.181396484374998
5516,20.465332031250004
5517,-19.823974609375
5518,-18.771484375
5519,-3.21240234375
5520,20.0732421875
5521,10.917724609375
5522,25.652587890625
5523,33.95263671875
5524,-7.01611328125
5525,-7.957763671875
5526,18.6376953125
5527,26.709716796875004
5528,13.817138671875
5529,16.38330078125
5530,-1.395751953125
5531,4.295166015625
5532,16.016845703125
5533,18.05908203125
5534,16.26025390625
5535,14.05126953125
5536,15.873046875
5537,24.7626953125
5538,20.85888671875
5539,4.82763671875
5540,43.4453125
5541,20.190185546875
5542,15.39404296875
5543,-12.291015625
5544,-6.739990234375
5545,0.7890625
5546,42.43408203125
5547,21.921630859375
5548,12.864990234375
5549,-2.1025390625
5550,-0.193115234375
5551,-3.040283203125
5552,77.98681640625
5553,1.4487304687500002
5554,-11.08935546875
5555,-4.160888671875001
5556,42.26562499999999
5557,70.599365234375
5558,80.75830078125
5559,-0.6240234375000003
5560,-9.014160156250002
5561,-6.824462890625001
5562,-3.984375
5563,83.937744140625
5564,81.262939453125
5565,-11.9326171875
5566,11.276123046875
5567,28.39892578125
5568,25.056396484375
5569,-8.42529296875
5570,5.48388671875
5571,-20.32763671875
5572,10.242431640625
5573,26.02880859375
5574,24.406005859375
5575,12.217041015625002
5576,7.5126953125
5577,-20.810302734374996
5578,-6.635009765625
5579,49.158935546875
5580,45.360107421875
5581,45.098388671875
5582,-8.78466796875
5583,-6.3544921875
5584,-14.154052734375
5585,42.790283203125
5586,44.57275390625
5587,45.45068359375001
5588,-46.59765625
5589,-2.2985839843750013
5590,-9.253173828125
5591,-55.735595703125
5592,-5.406005859374999
5593,61.361328125
5594,52.07373046875
5595,-5.159423828125
5596,-40.914794921875
5597,-51.06884765625
5598,-9.824951171875
5599,64.795166015625
5600,51.03662109375
5601,-73.730224609375
5602,-51.987060546875
5603,-67.98876953125
5604,3.706298828125
5605,2.4892578124999996
5606,8.234375
5607,9.45947265625
5608,2.591796875
5609,4.133056640625
5610,0.015625
5611,6.220703124999999
5612,5.491455078125
5613,5.1845703125
5614,-1.435302734375
5615,11.35595703125
5616,-1.370361328125
5617,164.263671875
5618,-28.65771484375
5619,9.68603515625
5620,-54.11376953124999
5621,44.156005859375
5622,104.810791015625
5623,55.789306640625
5624,-26.978759765625
5625,8.634277343749998
5626,-53.349853515625
5627,146.4658203125
5628,78.55322265625
5629,154.977783203125
5630,38.806640625
5631,-2.162353515625
5632,-3.994140625
5633,-12.3994140625
5634,34.360107421875
5635,29.262939453125
5636,47.980224609375
5637,-4.265380859375
5638,-3.8320312500000004
5639,-15.6279296875
5640,12.570068359375
5641,38.2763671875
5642,26.971435546875
5643,5.9609375
5644,3.08740234375
5645,0.3669433593750001
5646,-13.723876953125
5647,0.7470703125
5648,5.0068359375
5649,2.224609375
5650,-0.3671875
5651,4.251708984375
5652,-15.626953125
5653,8.99853515625
5654,-7.47314453125
5655,17.6376953125
5656,81.285888671875
5657,40.730712890625
5658,15.309326171875
5659,9.584472656249996
5660,-10.610107421875
5661,-18.65673828125
5662,81.3203125
5663,41.40820312500001
5664,14.525390625
5665,3.20263671875
5666,4.230712890625
5667,3.893310546875
5668,79.457275390625
5669,6.6171875
5670,11.5546875
5671,-4.341064453125
5672,-17.55517578125
5673,38.4404296875
5674,50.63671875
5675,32.689697265625
5676,10.547607421875
5677,-4.81005859375
5678,-12.668212890625
5679,1.2124023437500002
5680,5.056396484375
5681,13.978759765625
5682,9.764404296875
5683,7.563720703125
5684,1.00048828125
5685,6.20361328125
5686,-5.267578124999999
5687,-17.241455078125
5688,12.804931640625
5689,14.8291015625
5690,8.77978515625
5691,3.66845703125
5692,-5.7197265625
5693,2.66259765625
5694,8.463134765625
5695,10.296386718749998
5696,2.6279296875000004
5697,3.1640625
5698,6.712646484375
5699,1.349853515625
5700,2.2060546875
5701,-3.490234375
5702,2.766845703125
5703,2.826416015625
5704,10.547119140625
5705,-2.39501953125
5706,2.390869140625
5707,-8.279052734375
5708,5.791015624999999
5709,22.489013671875
5710,-22.14599609375
5711,-2.198486328124999
5712,-29.401123046875
5713,-26.064697265625004
5714,-10.04052734375
5715,26.952392578125
5716,-19.422119140625
5717,-2.775390625
5718,10.711181640625
5719,8.3876953125
5720,45.147705078125
5721,-0.3828125
5722,4.678955078125
5723,13.344482421875
5724,-3.297119140625
5725,1.993408203125
5726,0.045166015625
5727,-18.652587890625
5728,5.143310546875
5729,15.4130859375
5730,1.9609375
5731,-4.6669921875
5732,13.270263671875
5733,-4.12451171875
5734,-53.15478515625
5735,15.0029296875
5736,81.173583984375
5737,40.330810546875
5738,-8.8662109375
5739,-42.31396484375
5740,-36.35498046875
5741,19.831787109375
5742,82.213623046875
5743,32.529541015625
5744,38.713134765625
5745,-24.1025390625
5746,-36.525146484375
5747,5.31591796875
5748,27.150390625
5749,-0.6032714843750008
5750,-9.304443359375
5751,35.4833984375
5752,-29.838623046875
5753,-13.016845703125
5754,23.557861328125
5755,-0.9133300781249999
5756,-12.560791015625002
5757,-19.601562499999996
5758,-4.979248046875
5759,13.848876953125
5760,21.836181640625
5761,13.05712890625
5762,-16.20166015625
5763,-12.195556640625
5764,13.142822265625
5765,6.65869140625
5766,16.765380859375
5767,10.748291015625002
5768,-11.877197265625
5769,-10.206787109375
5770,13.821533203125
5771,20.356201171875
5772,23.06103515625
5773,13.652343750000002
5774,-4.0771484375
5775,-3.908447265625
5776,-14.3896484375
5777,-4.043701171875
5778,12.8193359375
5779,16.142333984375
5780,-8.523193359375
5781,-6.240478515625
5782,-11.223388671875
5783,-8.18798828125
5784,7.32275390625
5785,24.761474609375
5786,-11.05126953125
5787,23.064697265625004
5788,43.80615234375
5789,54.09912109375
5790,-4.933837890625001
5791,-11.71630859375
5792,-0.126220703125
5793,27.730957031250004
5794,53.547119140625
5795,51.490966796875
5796,4.821044921875
5797,-35.66357421875
5798,-7.712646484375
5799,46.180419921875
5800,50.01171875
5801,-10.806640625
5802,-9.19091796875
5803,23.699462890625
5804,10.7431640625
5805,26.76416015625
5806,55.8583984375
5807,-11.69970703125
5808,-9.98193359375
5809,16.982421875
5810,45.658447265625
5811,40.884033203125
5812,2.951416015625
5813,21.312255859375
5814,1.898193359375
5815,7.23779296875
5816,8.28271484375
5817,3.65185546875
5818,6.73876953125
5819,27.522705078125
5820,14.514404296875
5821,8.10009765625
5822,-5.692138671875
5823,-6.266357421875
5824,-8.39892578125
5825,-2.216552734375
5826,5.1474609375
5827,-0.6120605468750001
5828,-2.256103515625
5829,-1.260986328125
5830,-4.488525390625
5831,-5.423095703125
5832,-0.142578125
5833,-4.755126953125
5834,2.566650390625
5835,18.086669921875
5836,-3.0478515624999996
5837,1.1577148437500002
5838,26.206298828125
5839,-20.17236328125
5840,0.7646484375
5841,-7.34326171875
5842,65.580322265625
5843,36.40234375
5844,26.01123046875
5845,-18.36279296875
5846,-0.474365234375
5847,-3.404052734375
5848,-1.728759765625
5849,-10.914794921875
5850,2.35400390625
5851,-6.416259765625
5852,-14.2138671875
5853,17.157958984375
5854,18.922851562500004
5855,-7.379150390625001
5856,-4.94287109375
5857,-6.148681640625001
5858,-11.01416015625
5859,21.09130859375
5860,22.58349609375
5861,-5.7724609375
5862,-1.420166015625
5863,-9.2412109375
5864,110.3525390625
5865,-16.8994140625
5866,11.02880859375
5867,11.010986328125
5868,77.676513671875
5869,-33.124267578125
5870,97.39672851562499
5871,-19.099853515625
5872,9.71875
5873,10.262939453125
5874,1.3159179687500002
5875,67.60205078125
5876,112.235107421875
5877,-74.112548828125
5878,14.170166015625002
5879,21.535400390625
5880,56.798095703125
5881,-4.228271484375
5882,-19.607177734374996
5883,-45.59912109375
5884,13.957031249999998
5885,24.320556640625
5886,54.56445312500001
5887,-13.67626953125
5888,-26.032226562500004
5889,-58.665771484375
5890,68.056396484375
5891,-4.331787109375
5892,-34.014404296875
5893,-20.390625
5894,-37.65966796875
5895,92.808837890625
5896,89.561279296875
5897,2.498291015625
5898,-33.290283203125
5899,-23.894775390625
5900,34.337890625
5901,124.586181640625
5902,-4.107177734375
5903,7.841064453125
5904,-6.9384765625
5905,3.606445312499999
5906,-24.432861328125
5907,10.331298828125
5908,12.623291015625002
5909,-15.241699218749998
5910,-5.834228515625
5911,8.21533203125
5912,-24.59423828125
5913,-38.465576171875
5914,-22.0908203125
5915,2.4189453124999996
5916,11.403076171875
5917,6.0888671875
5918,0.18017578125
5919,11.410400390625
5920,-5.21484375
5921,4.9287109375
5922,2.13037109375
5923,5.49560546875
5924,-2.035400390625
5925,4.425537109375
5926,0.007568359375
5927,13.6748046875
5928,-2.486083984375
5929,-19.9345703125
5930,11.791015625
5931,3.954345703125
5932,6.107666015625
5933,6.3388671875
5934,6.73779296875
5935,-1.5590820312499998
5936,1.23828125
5937,-2.24755859375
5938,5.194580078125
5939,11.021728515625002
5940,-2.91650390625
5941,-4.077392578125
5942,-0.8190917968750001
5943,4.768798828125
5944,22.781005859375
5945,13.21533203125
5946,21.20458984375
5947,-0.38427734375
5948,0.68798828125
5949,7.164794921875
5950,20.35302734375
5951,19.688720703125
5952,17.59765625
5953,10.2333984375
5954,6.04150390625
5955,-9.077880859375
5956,32.890625
5957,25.89501953125
5958,32.265625
5959,-5.991455078125
5960,-5.41796875
5961,8.218994140625
5962,27.6494140625
5963,26.027832031250004
5964,22.8017578125
5965,8.5048828125
5966,-8.98828125
5967,3.179931640625
5968,-8.30517578125
5969,-5.25
5970,1.52734375
5971,2.822998046875
5972,14.785888671875
5973,9.7470703125
5974,6.010986328125
5975,-2.062744140625
5976,5.32177734375
5977,3.823486328125
5978,5.6669921875
5979,-1.791748046875
5980,-2.956787109375
5981,55.250732421875
5982,-19.17919921875
5983,-24.09765625
5984,-21.51953125
5985,14.312744140625
5986,19.096923828125
5987,46.56787109375
5988,-16.749267578125
5989,-23.236572265625004
5990,-21.97314453125
5991,28.163818359375
5992,53.88720703125
5993,43.808837890625
5994,-27.72509765625
5995,34.8408203125
5996,15.511474609375
5997,28.259033203124996
5998,4.188720703125
5999,3.972412109375
6000,-20.321533203124996
6001,33.816650390625
6002,16.353515625
6003,34.218505859375
6004,-13.404541015625002
6005,-10.3671875
6006,-31.20458984375
6007,12.1298828125
6008,-9.599853515625002
6009,5.29931640625
6010,11.10498046875
6011,-18.646240234375
6012,-14.82373046875
6013,-18.415283203125
6014,-5.353271484375
6015,8.35693359375
6016,7.46923828125
6017,-0.7243652343750001
6018,0.197998046875
6019,4.612060546875
6020,1.342041015625
6021,-7.101806640625001
6022,-4.451171875
6023,-7.98681640625
6024,-7.98876953125
6025,-7.885986328125
6026,-1.2221679687500002
6027,-3.749267578125
6028,-0.88037109375
6029,-9.5517578125
6030,8.18798828125
6031,-11.146484375
6032,6.85400390625
6033,-13.519042968750002
6034,32.2080078125
6035,-23.603515625
6036,121.986083984375
6037,2.2158203124999996
6038,-6.3017578125
6039,-10.039550781250002
6040,34.83837890625
6041,-22.11572265625
6042,122.50341796875
6043,-14.847412109374998
6044,-12.601562500000002
6045,3.2844238281249973
6046,11.143310546875
6047,3.29638671875
6048,7.260986328125
6049,2.947265625
6050,-11.694091796875
6051,4.01025390625
6052,-2.532958984375
6053,5.856689453125
6054,9.2119140625
6055,6.252685546875
6056,-9.08984375
6057,1.6669921875
6058,-0.333984375
6059,35.0859375
6060,12.302978515625002
6061,-10.1787109375
6062,-31.691162109375
6063,-25.959716796875004
6064,30.795654296875
6065,28.0263671875
6066,12.773193359375
6067,-9.982177734375
6068,-32.41015625
6069,50.88525390625
6070,35.887451171875
6071,75.12548828125
6072,-25.514892578125
6073,41.65576171875
6074,3.350830078125
6075,20.011962890625
6076,2.825439453125
6077,-4.94287109375
6078,-51.031982421875
6079,48.450439453125
6080,1.0517578125
6081,22.484619140625
6082,7.0244140625
6083,-0.9008789062500002
6084,-11.16064453125
6085,1.9106445312499998
6086,27.58642578125
6087,23.3310546875
6088,38.486083984375
6089,-5.519287109374999
6090,-1.850830078125
6091,1.4565429687500002
6092,23.02685546875
6093,23.13623046875
6094,41.685302734375
6095,18.08935546875
6096,5.650390624999999
6097,4.3125
6098,-4.919189453125
6099,-9.497314453125
6100,0.039306640625
6101,0.7253417968750001
6102,-6.693115234375
6103,15.2412109375
6104,-13.93408203125
6105,-3.14990234375
6106,-2.5146484375000004
6107,-0.06689453125
6108,23.689697265625004
6109,9.083984375
6110,-13.55712890625
6111,27.6318359375
6112,7.45166015625
6113,4.447509765625
6114,9.137451171875
6115,32.688720703125
6116,32.058349609375
6117,30.93603515625
6118,11.253173828125
6119,8.6298828125
6120,9.39599609375
6121,-12.352783203125
6122,28.8681640625
6123,24.078125
6124,-64.940185546875
6125,-0.17529296875
6126,32.229248046875
6127,58.07275390625
6128,7.077880859374999
6129,-45.66943359375001
6130,-58.131591796875
6131,0.069580078125
6132,28.35693359375
6133,57.62451171875
6134,25.175537109375
6135,-35.77099609375
6136,-57.01953125
6137,-31.75732421875
6138,-37.9892578125
6139,-9.948974609375
6140,61.39892578125
6141,-9.39404296875
6142,-11.439208984374998
6143,8.3857421875
6144,-32.51025390625
6145,-13.991699218749998
6146,58.92041015625
6147,-10.878173828125
6148,-13.709228515625002
6149,-35.103515625
6150,11.0126953125
6151,-0.9323730468750002
6152,-3.53515625
6153,-1.317626953125
6154,-25.998046875
6155,6.486328124999999
6156,8.918701171875
6157,2.681396484375
6158,1.541748046875
6159,-4.70556640625
6160,31.833984375
6161,1.036865234375
6162,3.25732421875
6163,2.67578125
6164,1.80859375
6165,2.388671875
6166,0.0673828125
6167,2.694091796875
6168,-3.410888671875
6169,-6.808837890625001
6170,3.767578125
6171,-1.9243164062499998
6172,1.571533203125
6173,-29.212646484375
6174,-2.297119140625
6175,1.08447265625
6176,-19.600341796875004
6177,35.381591796875
6178,62.395751953125
6179,26.347412109375
6180,-9.55224609375
6181,-13.719482421875
6182,-7.544921875000001
6183,37.00683593749999
6184,63.1298828125
6185,30.428955078125
6186,15.6396484375
6187,-15.685791015625002
6188,-28.3369140625
6189,12.05908203125
6190,35.26025390625
6191,-11.471923828125
6192,-20.832275390625
6193,-3.91650390625
6194,-11.73291015625
6195,6.7802734375
6196,30.642822265625004
6197,-11.628662109375
6198,-21.694091796875004
6199,-12.048583984374998
6200,-10.48095703125
6201,-14.142578125
6202,-1.630859375
6203,-0.2333984375
6204,-13.543701171875
6205,40.4365234375
6206,36.63671875
6207,-6.13818359375
6208,-13.1376953125
6209,-1.7329101562499998
6210,-5.258544921875
6211,42.61474609375
6212,-43.14160156250001
6213,85.107177734375
6214,94.92529296875
6215,17.92822265625
6216,-21.907470703125
6217,-21.599853515625
6218,-20.963623046875
6219,9.566162109375
6220,19.831542968749996
6221,19.39892578125
6222,-19.05126953125
6223,-22.3525390625
6224,-22.515869140625
6225,12.242919921875
6226,21.654296875
6227,16.974853515625
6228,22.533203125
6229,15.88134765625
6230,-13.55712890625
6231,-19.310791015625
6232,-12.88720703125
6233,-12.92822265625
6234,14.178466796875
6235,14.899169921875
6236,-19.050292968749996
6237,-13.755615234375
6238,-4.91748046875
6239,-15.059814453125
6240,3.02490234375
6241,-16.4150390625
6242,-30.745361328125
6243,5.773681640625001
6244,14.1650390625
6245,-17.859130859375
6246,-42.321533203125
6247,-13.1181640625
6248,-32.664794921875
6249,2.1259765625
6250,12.068359375
6251,-13.8759765625
6252,-6.58935546875
6253,-17.552001953125
6254,1.368896484375
6255,1.2329101562499998
6256,-1.272216796875
6257,-6.2734375
6258,13.869873046875
6259,14.394531249999998
6260,16.34814453125
6261,3.912841796875
6262,1.286865234375
6263,-5.603515624999999
6264,8.07080078125
6265,7.481201171875
6266,6.497314453125
6267,-66.3095703125
6268,-11.212890625
6269,92.958984375
6270,88.956787109375
6271,-22.357177734374996
6272,14.063720703125
6273,-63.304443359375
6274,-12.102783203125
6275,99.00146484375
6276,89.01171875
6277,-7.38037109375
6278,-0.19262695312499978
6279,-58.08984375
6280,96.343017578125
6281,25.1591796875
6282,7.7922363281249964
6283,-4.427490234375003
6284,22.689208984375
6285,45.75683593749999
6286,107.618408203125
6287,22.239013671875
6288,6.55322265625
6289,-7.226074218749998
6290,5.026123046875
6291,83.418701171875
6292,100.746826171875
6293,-8.781005859375
6294,27.823974609375
6295,-8.6611328125
6296,5.96728515625
6297,22.4599609375
6298,19.030029296875
6299,-10.44384765625
6300,29.1943359375
6301,-3.75927734375
6302,0.20166015625
6303,-19.5830078125
6304,-26.85107421875
6305,-9.2578125
6306,18.208984375
6307,12.615966796875
6308,0.85595703125
6309,7.610107421875
6310,5.3017578125
6311,22.542724609375
6312,22.70751953125
6313,6.3349609375
6314,3.7138671875000004
6315,6.978515624999999
6316,14.33349609375
6317,4.90771484375
6318,11.029052734375
6319,-6.1787109375
6320,35.384521484375
6321,24.547851562500004
6322,32.3984375
6323,-4.345703125
6324,-0.9665527343750002
6325,-6.12158203125
6326,35.126953125
6327,34.54736328125
6328,34.4365234375
6329,-5.195556640625001
6330,-21.298583984375
6331,-24.426025390625
6332,-18.435546875
6333,91.346435546875
6334,70.5146484375
6335,105.6318359375
6336,-3.361328125
6337,-4.33203125
6338,0.9372558593750001
6339,90.654296875
6340,55.454345703125
6341,102.859375
6342,29.598876953125
6343,-15.541015625
6344,-7.0244140625
6345,-42.51879882812501
6346,27.50732421875
6347,11.982666015625002
6348,17.447265625
6349,38.136474609375
6350,12.74560546875
6351,-36.2041015625
6352,24.49951171875
6353,13.39697265625
6354,12.515380859375
6355,6.218017578125
6356,-28.32080078125
6357,-40.62060546874999
6358,15.395751953125
6359,-11.420166015625002
6360,2.2470703125
6361,-0.29467773437500033
6362,-6.168701171875
6363,9.84228515625
6364,16.59912109375
6365,-10.94091796875
6366,0.48486328124999956
6367,0.089599609375
6368,15.980224609375
6369,17.35888671875
6370,15.650146484374998
6371,2.8076171875000004
6372,-8.72607421875
6373,-4.724365234375
6374,-3.91796875
6375,-6.996337890625001
6376,-4.751220703125
6377,7.599853515625
6378,-3.034912109375
6379,-3.3232421875000004
6380,-5.8515625
6381,-1.728515625
6382,-5.5888671875
6383,9.073974609375
6384,-60.443603515625
6385,65.02978515625
6386,67.564208984375
6387,72.90966796875
6388,-9.181884765625
6389,-59.527587890625
6390,-58.335693359375
6391,64.84130859375
6392,68.6220703125
6393,63.62304687499999
6394,50.19140625
6395,-66.223388671875
6396,-51.480712890625
6397,5.273681640625001
6398,52.7646484375
6399,29.585205078125
6400,-14.990966796875
6401,16.239501953125
6402,55.023193359375
6403,-22.9150390625
6404,54.40283203125
6405,32.0947265625
6406,-12.709228515625002
6407,26.974365234375
6408,26.10400390625
6409,23.883544921875
6410,10.7587890625
6411,1.0458984375
6412,4.038330078125
6413,-13.361328125
6414,10.6259765625
6415,17.81396484375
6416,9.427001953125
6417,-1.973388671875
6418,3.8955078124999996
6419,-6.89794921875
6420,12.039794921875
6421,2.762939453125
6422,2.3564453124999996
6423,-10.948486328125
6424,3.2504882812499996
6425,19.907470703125
6426,13.236328125
6427,7.493408203125
6428,-2.8315429687500004
6429,-4.656005859374999
6430,1.805908203125
6431,21.712158203124996
6432,18.0166015625
6433,-26.744873046875
6434,5.21630859375
6435,-7.951416015625
6436,11.975341796875
6437,4.97509765625
6438,6.365234375000001
6439,7.380126953125
6440,9.7802734375
6441,3.336669921875
6442,-4.473388671875
6443,5.343505859374999
6444,5.012451171875
6445,8.534912109375
6446,-3.631591796875
6447,-6.759033203125
6448,-1.753173828125
6449,-6.083740234375
6450,-2.1435546875
6451,2.719482421875
6452,-2.833251953125
6453,-1.6875
6454,-4.7705078125
6455,-4.7646484375
6456,0.53515625
6457,3.58203125
6458,-3.54443359375
6459,11.766845703125
6460,-0.56689453125
6461,-13.4130859375
6462,-1.491455078125
6463,-9.448486328125
6464,8.708984375
6465,6.495361328125
6466,-0.82763671875
6467,-3.7138671875000004
6468,1.4760742187500002
6469,-13.780029296875
6470,14.892822265625
6471,9.464599609375
6472,3.13134765625
6473,13.18994140625
6474,-4.736083984375
6475,15.802001953125
6476,-11.546386718749998
6477,-1.3354492187500002
6478,-4.1103515625
6479,24.571044921875
6480,13.62744140625
6481,15.502197265625
6482,-13.316162109375
6483,-13.5048828125
6484,0.4130859375
6485,-1.829345703125
6486,3.731689453125
6487,-6.47216796875
6488,-6.475341796875
6489,-4.4609375
6490,8.085205078125
6491,22.713623046875
6492,8.236328125
6493,12.421875
6494,6.72265625
6495,-4.7314453125
6496,17.116943359375
6497,15.449218750000002
6498,10.271484375
6499,7.670166015625
6500,10.3984375
6501,-3.823974609375
6502,39.631103515625
6503,21.075439453125
6504,0.7614746093750001
6505,-19.9169921875
6506,-19.849853515625
6507,-9.114501953125
6508,34.218505859375
6509,23.628662109375
6510,-1.088134765625
6511,36.771240234375
6512,-37.134521484375
6513,20.208984375
6514,21.364501953125
6515,7.092529296875
6516,2.034912109375
6517,3.090087890625
6518,5.93798828125
6519,20.847412109375
6520,21.9375
6521,3.342529296875
6522,11.416015625
6523,4.599853515625
6524,46.00830078125
6525,24.682373046875
6526,22.361572265625004
6527,-15.784423828125
6528,8.188720703125
6529,4.424560546875
6530,6.9921875
6531,-27.473388671875
6532,7.118896484375
6533,-29.449707031250004
6534,8.255126953125
6535,5.8330078125
6536,3.0263671875000004
6537,-2.138671875
6538,12.991455078125
6539,-15.59814453125
6540,13.7099609375
6541,18.546875
6542,6.903076171875
6543,9.447509765625
6544,78.943603515625
6545,37.401123046875
6546,16.618408203125
6547,22.062255859375
6548,9.503906249999998
6549,10.439697265625
6550,-2.77490234375
6551,5.13525390625
6552,16.521484375
6553,56.75439453125001
6554,-16.515625
6555,8.49560546875
6556,4.785644531249998
6557,60.73046875
6558,4.251953124999999
6559,45.621826171875
6560,-23.4736328125
6561,9.82275390625
6562,3.961669921875001
6563,10.913818359375
6564,8.306640625
6565,31.24755859375
6566,-18.7216796875
6567,22.7568359375
6568,30.08935546875
6569,24.986328125
6570,-1.3239746093750009
6571,-19.248291015625
6572,-19.770751953125
6573,20.24560546875
6574,21.736572265625004
6575,23.316162109375
6576,9.125732421875
6577,-21.016845703125
6578,-18.10986328125
6579,11.53369140625
6580,-3.126953125
6581,-7.07958984375
6582,3.968994140625
6583,37.962646484375
6584,19.49609375
6585,15.297607421875
6586,-6.378173828125
6587,-1.569580078125
6588,1.3828125
6589,2.97607421875
6590,19.7841796875
6591,4.399169921875
6592,-20.10986328125
6593,17.611572265625
6594,166.61376953125003
6595,124.930419921875
6596,74.080810546875
6597,-9.974365234375
6598,2.093017578125
6599,32.351806640625
6600,163.59423828125
6601,132.48193359375
6602,-32.2353515625
6603,-21.00927734375
6604,-19.208984375
6605,16.206787109375
6606,15.499267578125
6607,-6.693359375000001
6608,-9.2802734375
6609,-3.971435546875
6610,-1.113525390625
6611,18.315185546875
6612,14.4921875
6613,0.34228515625
6614,-7.33984375
6615,-1.808837890625
6616,-3.59619140625
6617,-0.440673828125
6618,-55.04638671875
6619,-48.968994140625
6620,12.240478515624998
6621,85.3759765625
6622,-26.12353515625
6623,-19.682373046875
6624,-5.8759765625
6625,-46.146728515625
6626,16.16357421875
6627,85.12646484375
6628,-0.05615234375000045
6629,15.6083984375
6630,-16.448974609375
6631,17.35205078125
6632,33.388671875
6633,0.30615234375
6634,-18.939697265625004
6635,90.187255859375
6636,46.461669921875
6637,39.206787109375
6638,40.848388671875
6639,-2.4013671875000004
6640,-21.293457031250004
6641,7.155029296875
6642,21.794921875
6643,20.148437500000004
6644,-18.614501953125
6645,11.543212890625
6646,12.218994140625
6647,18.2666015625
6648,-14.6064453125
6649,-13.682861328125
6650,-11.975830078125
6651,12.905517578125
6652,8.018798828125
6653,23.737548828125
6654,-5.5966796875
6655,-6.96875
6656,-17.51220703125
6657,-17.764404296875
6658,20.804687500000004
6659,70.02978515625
6660,66.9033203125
6661,32.216552734375
6662,0.7009277343750001
6663,0.05371093749999825
6664,20.417724609375
6665,71.365234375
6666,65.336669921875
6667,6.883056640625001
6668,-44.934814453125
6669,-22.964599609375
6670,-15.832031249999998
6671,13.40283203125
6672,19.761474609375
6673,28.624023437499996
6674,-23.89501953125
6675,5.438232421875
6676,-37.369140625
6677,11.960449218749998
6678,19.438232421875
6679,28.487792968749996
6680,2.8662109375000004
6681,-23.772216796875004
6682,-25.907226562500004
6683,-35.938232421875
6684,31.124023437499996
6685,34.45556640625
6686,35.03515625
6687,10.666015625
6688,-3.343017578125
6689,-36.398681640625
6690,26.79443359375
6691,33.272705078125
6692,30.99169921875
6693,-30.621582031250004
6694,-20.95361328125
6695,-36.593017578125
6696,12.78125
6697,-6.57666015625
6698,-4.948974609374999
6699,2.2575683593750004
6700,15.73095703125
6701,-3.475341796875
6702,17.316162109375
6703,-3.634765625
6704,-1.994384765625
6705,-1.08935546875
6706,3.938232421875
6707,-2.88330078125
6708,8.74365234375
6709,12.094970703125
6710,77.21240234374999
6711,-5.966796875000001
6712,-6.644775390625001
6713,-1.702880859375
6714,6.451171875000001
6715,8.51318359375
6716,76.86474609375
6717,-8.750732421875
6718,-5.6787109375
6719,14.8662109375
6720,11.35009765625
6721,9.2421875
6722,-14.6376953125
6723,-1.446044921875
6724,67.4599609375
6725,70.029052734375
6726,-15.328857421875002
6727,-14.7890625
6728,-17.045166015625
6729,-5.66162109375
6730,64.598388671875
6731,67.427001953125
6732,-4.044921875
6733,-8.638427734375
6734,-17.63525390625
6735,-12.171630859375
6736,1.015625
6737,-15.84716796875
6738,30.817138671875
6739,-31.263916015625
6740,-27.055908203124996
6741,-19.203857421875
6742,11.750488281250002
6743,-16.359619140625
6744,27.524658203124996
6745,21.17431640625
6746,-18.637207031250004
6747,-13.28759765625
6748,16.4130859375
6749,7.217041015625
6750,-7.61572265625
6751,-16.35546875
6752,4.33544921875
6753,0.57568359375
6754,2.0185546875
6755,2.6430664062499996
6756,-6.39794921875
6757,-11.2275390625
6758,8.486083984375
6759,17.605712890625
6760,57.127685546875
6761,-8.90087890625
6762,-2.79296875
6763,18.798095703125
6764,-4.76904296875
6765,21.07958984375
6766,-11.073974609375
6767,18.037353515625
6768,-0.6818847656249999
6769,17.194580078125
6770,-6.453857421875
6771,10.546875
6772,20.562744140625
6773,25.429931640625
6774,7.667724609374999
6775,18.831787109375
6776,9.8515625
6777,5.614013671875
6778,15.89697265625
6779,-0.77587890625
6780,5.111083984375
6781,15.2939453125
6782,21.280517578125
6783,1.645263671875
6784,-10.5146484375
6785,-4.527587890625
6786,8.056640625
6787,16.998046875
6788,-20.04248046875
6789,-18.682373046875
6790,-19.98388671875
6791,-4.07470703125
6792,34.326416015625
6793,30.146728515625
6794,-20.273437500000004
6795,-14.2333984375
6796,-21.414306640625
6797,-8.904052734375
6798,24.42333984375
6799,23.634521484375
6800,27.024658203124996
6801,-3.9345703124999996
6802,-6.37255859375
6803,-19.974853515625
6804,19.197021484375
6805,20.04833984375
6806,-2.819580078125
6807,-2.453125
6808,-8.15234375
6809,-21.8681640625
6810,9.847656249999998
6811,34.359375
6812,41.707763671875
6813,-1.175048828125
6814,-1.3999023437500002
6815,3.948486328125
6816,0.44091796875
6817,-12.352050781250002
6818,-3.0341796875000004
6819,-4.628662109374999
6820,2.0595703125
6821,6.0771484375
6822,1.181396484375
6823,68.49169921875
6824,15.692138671875
6825,-6.406494140625001
6826,43.463134765625
6827,-36.235595703125
6828,-27.808349609375
6829,-26.04150390625
6830,-2.20654296875
6831,45.475830078125
6832,31.707763671875
6833,-34.035400390625
6834,-31.73291015625
6835,-29.567138671875
6836,1.5493164062499998
6837,34.663330078125
6838,43.24658203125
6839,9.994140625
6840,54.238525390625
6841,-6.825439453125
6842,-12.886718750000002
6843,17.975830078125
6844,-1.87109375
6845,11.311767578125
6846,56.65087890625
6847,-0.6027832031249999
6848,-14.293701171875
6849,11.13916015625
6850,16.0263671875
6851,10.557373046875
6852,-10.42041015625
6853,55.51245117187499
6854,-56.254150390625
6855,2.607666015625
6856,12.110595703125
6857,-31.49462890625
6858,20.75390625
6859,59.92626953125
6860,-50.508544921875
6861,-2.6083984375000004
6862,-21.671142578125
6863,21.194580078125
6864,24.533203125
6865,-4.857177734375
6866,-2.972412109375
6867,9.525634765625
6868,30.0556640625
6869,13.699951171875
6870,6.8173828125
6871,-8.954833984375
6872,-2.033935546875
6873,13.861572265625
6874,31.09619140625
6875,-2.0966796875
6876,-0.320068359375
6877,-3.928466796875
6878,-3.165771484375
6879,45.514404296875
6880,55.83251953125
6881,82.642578125
6882,55.372802734375
6883,-13.714599609375
6884,-4.80908203125
6885,47.609130859375
6886,50.5107421875
6887,80.13916015625
6888,-10.5302734375
6889,-11.90771484375
6890,-8.0322265625
6891,8.980224609375
6892,32.081298828125
6893,69.553466796875
6894,19.953369140625
6895,-17.3671875
6896,-20.976806640625
6897,-12.422607421875
6898,36.46044921875
6899,70.723388671875
6900,25.1650390625
6901,-20.557861328125
6902,7.8251953125
6903,-21.251708984375
6904,-46.232421875
6905,41.992919921875
6906,41.35498046875
6907,176.776611328125
6908,17.2998046875
6909,-25.39599609375
6910,-36.991455078125
6911,44.87255859375
6912,42.7861328125
6913,190.03125
6914,-5.79931640625
6915,-30.455078125
6916,-45.22265625
6917,21.210693359375
6918,-8.513427734375
6919,-7.5224609375
6920,1.978759765625
6921,9.3642578125
6922,3.845947265625
6923,13.535400390625
6924,-4.293212890625
6925,-8.756591796875
6926,4.05908203125
6927,5.141357421875
6928,24.641357421875
6929,18.275390625
6930,91.66162109375
6931,-4.225830078125
6932,-28.734619140625
6933,-14.485107421875
6934,29.779296875
6935,49.94189453125001
6936,43.862060546875
6937,-2.9560546875000004
6938,-32.701416015625
6939,-19.33203125
6940,35.7666015625
6941,29.837890625
6942,49.53515625
6943,23.52001953125
6944,-1.542724609375
6945,0.08154296875
6946,-20.130615234375
6947,11.987548828125
6948,13.390869140625
6949,22.880126953125
6950,-7.735595703125
6951,0.065185546875
6952,-14.5029296875
6953,51.12451171875
6954,24.717529296875
6955,23.640625
6956,52.01953125
6957,32.73974609375
6958,-13.60595703125
6959,-21.2373046875
6960,23.66162109375
6961,33.8203125
6962,61.568115234375
6963,34.793212890625
6964,-11.037353515625002
6965,-20.030273437499996
6966,-12.116943359375
6967,42.400390625
6968,61.0048828125
6969,16.755859375
6970,-11.076416015625002
6971,-9.761718750000002
6972,-15.011474609375
6973,-5.95849609375
6974,16.68212890625
6975,3.260986328125
6976,-18.38720703125
6977,-13.105712890625
6978,-12.137451171875
6979,5.233154296875
6980,21.041259765625
6981,-0.78759765625
6982,-13.032958984374998
6983,14.215087890625
6984,43.078369140625
6985,30.467529296875
6986,-2.551513671875
6987,-18.0615234375
6988,-4.263916015625
6989,13.7265625
6990,45.798828125
6991,28.50146484375
6992,-12.8515625
6993,-13.0224609375
6994,-14.0556640625
6995,5.9287109375
6996,13.348876953125
6997,11.09033203125
6998,6.38232421875
6999,37.05126953125
7000,45.63037109375
7001,4.92041015625
7002,24.83740234375
7003,15.971923828125
7004,2.570068359375
7005,12.242919921875
7006,5.17138671875
7007,4.281982421875
7008,-47.522705078125
7009,-19.918457031250004
7010,58.33056640624999
7011,57.3125
7012,-4.291259765625001
7013,4.02685546875
7014,-47.17578125
7015,-26.253417968749996
7016,57.6552734375
7017,61.787353515625
7018,-5.132324218749999
7019,-47.12622070312499
7020,-47.364013671875
7021,18.508544921875
7022,2.282470703125
7023,5.08544921875
7024,2.250244140625
7025,-1.4213867187500002
7026,6.127197265625
7027,5.686279296875
7028,4.2392578125
7029,-1.2421875
7030,1.5751953125
7031,11.10400390625
7032,20.092773437499996
7033,14.177734375
7034,12.51220703125
7035,18.900390625
7036,-33.3515625
7037,-17.442138671875
7038,9.662841796875
7039,0.7351074218750001
7040,35.8251953125
7041,21.8701171875
7042,-30.742919921875
7043,-18.58642578125
7044,5.0458984375
7045,12.8095703125
7046,38.713623046875
7047,-3.240234375
7048,13.720458984374998
7049,36.260498046875
7050,13.63037109375
7051,0.7727050781249999
7052,-3.074462890625
7053,8.635009765625
7054,8.921142578125
7055,35.49072265625
7056,6.62939453125
7057,-24.296875
7058,-13.1591796875
7059,-18.35595703125
7060,45.708251953125
7061,33.18798828125
7062,-20.993408203124996
7063,-33.1337890625
7064,15.22998046875
7065,21.627685546875
7066,50.916748046875
7067,33.8125
7068,-27.730957031250004
7069,-28.09228515625
7070,20.168701171875
7071,24.568603515625
7072,50.283447265625
7073,-20.444580078125
7074,7.7060546875
7075,17.998291015625
7076,3.77197265625
7077,0.9482421875
7078,-17.245361328125
7079,-13.444580078125
7080,4.213623046875
7081,22.06640625
7082,4.06884765625
7083,30.281982421875
7084,4.222900390625
7085,21.03759765625
7086,-23.938476562500004
7087,-13.821044921875
7088,18.69873046875
7089,32.217041015625
7090,-6.0966796875
7091,7.8408203125
7092,-20.342529296875
7093,-18.312744140625
7094,23.052734375
7095,34.2294921875
7096,-15.576904296875
7097,-3.71044921875
7098,-20.991455078125
7099,9.879638671875
7100,5.76171875
7101,3.54736328125
7102,29.500976562500004
7103,3.39697265625
7104,14.3291015625
7105,2.044921875
7106,11.85400390625
7107,4.1787109375
7108,31.9658203125
7109,-5.40673828125
7110,16.306396484375
7111,-11.436767578125
7112,-7.51953125
7113,10.585693359375
7114,-3.6708984375000004
7115,-3.52001953125
7116,2.084716796875
7117,-8.8994140625
7118,-27.065673828125
7119,4.251953125
7120,1.7329101562499998
7121,-4.634765624999999
7122,4.23291015625
7123,-16.238525390625
7124,-18.0546875
7125,7.43603515625
7126,12.16650390625
7127,-9.742675781250002
7128,-10.579345703125
7129,9.655517578125
7130,26.806640625
7131,7.546142578125
7132,10.712890625
7133,-12.015136718749998
7134,-8.611328125
7135,45.227294921875
7136,6.7568359375
7137,14.479248046875
7138,67.762939453125
7139,57.9599609375
7140,2.5058593749999996
7141,-36.7978515625
7142,-21.994384765625
7143,92.61181640625
7144,110.965087890625
7145,61.175537109375
7146,4.382324218749999
7147,-38.61499023437499
7148,38.340576171875
7149,-9.34033203125
7150,32.869384765625
7151,-21.593017578125
7152,-1.697265625
7153,-8.4736328125
7154,16.627685546875
7155,30.58935546875
7156,-4.616455078125
7157,-3.636474609375
7158,-2.036376953125
7159,-3.583984375
7160,8.9599609375
7161,7.99560546875
7162,6.040283203125
7163,-8.8017578125
7164,-6.193603515625
7165,29.93115234375
7166,6.279541015625
7167,15.832031249999998
7168,30.85205078125
7169,-2.6687011718750018
7170,-6.9990234375
7171,27.894042968749996
7172,6.5615234375
7173,15.633300781250002
7174,-15.707275390625
7175,-13.86572265625
7176,-22.943115234375
7177,-9.699218750000002
7178,8.585693359375
7179,1.8330078125
7180,23.086181640625
7181,-29.1474609375
7182,-28.7783203125
7183,-19.54736328125
7184,12.679931640625
7185,1.365478515625
7186,20.65380859375
7187,0.9531250000000002
7188,8.548828125
7189,-2.869140625
7190,1.388671875
7191,-6.2490234375
7192,23.001708984375
7193,5.785400390625001
7194,95.13330078125
7195,96.648681640625
7196,-12.417724609375
7197,-11.414550781250002
7198,21.865478515625
7199,9.617431640625
7200,-40.39404296875
7201,-47.3759765625
7202,-20.4716796875
7203,0.64892578125
7204,3.110107421875
7205,-14.57470703125
7206,-8.108642578125
7207,20.034912109375
7208,-25.1943359375
7209,-16.457763671875
7210,2.9384765624999996
7211,-8.32080078125
7212,-8.685302734375
7213,-7.0693359375
7214,-17.34716796875
7215,-10.40087890625
7216,1.242431640625
7217,11.636962890625
7218,20.4150390625
7219,16.3115234375
7220,27.638671875
7221,-23.268798828125
7222,-1.144775390625
7223,13.264892578125
7224,17.379150390625
7225,21.517822265625004
7226,-22.514648437499996
7227,13.171386718749998
7228,-5.59423828125
7229,-22.108154296875
7230,-25.882812499999996
7231,19.087158203124996
7232,2.715576171875
7233,-16.8193359375
7234,-1.508056640625
7235,-14.982666015625002
7236,-17.229248046875
7237,18.859619140625
7238,6.77001953125
7239,15.75439453125
7240,-9.98779296875
7241,22.579833984375
7242,12.427490234375
7243,-3.77490234375
7244,-30.79638671875
7245,-3.87939453125
7246,68.868896484375
7247,28.333740234375
7248,76.189697265625
7249,10.80224609375
7250,-29.603759765625
7251,-6.84716796875
7252,7.966552734375
7253,6.84716796875
7254,17.96630859375
7255,-3.410400390625
7256,0.10742187500000022
7257,7.961669921875
7258,10.194824218749998
7259,-0.79296875
7260,12.777343750000002
7261,-3.56201171875
7262,-0.4169921875
7263,4.494873046875
7264,2.9775390624999996
7265,-6.20068359375
7266,-12.01220703125
7267,-1.953369140625
7268,-11.002685546875
7269,39.51025390625
7270,51.6064453125
7271,53.673583984375
7272,0.9833984375
7273,-3.493408203125
7274,-14.761962890625
7275,38.58740234375
7276,57.443115234375
7277,53.751708984375
7278,-14.173583984374998
7279,-16.2265625
7280,-11.53662109375
7281,-18.89697265625
7282,38.374755859375
7283,17.926025390625
7284,12.859130859375
7285,-3.742431640625
7286,-4.6015625
7287,-28.095703125
7288,40.754638671875
7289,17.66748046875
7290,9.749267578125
7291,5.794921875000001
7292,8.114501953125
7293,-17.68310546875
7294,-6.7265625
7295,11.809814453125
7296,13.0205078125
7297,12.9169921875
7298,-27.90234375
7299,4.418212890625
7300,8.080810546875
7301,12.41943359375
7302,16.3671875
7303,18.934814453125
7304,-9.718994140625
7305,-10.358642578125
7306,-8.0517578125
7307,6.761962890625001
7308,-5.127685546875
7309,2.772705078125
7310,1.310791015625
7311,7.568115234375
7312,27.055419921875
7313,-1.598876953125
7314,2.63427734375
7315,1.541015625
7316,4.99658203125
7317,0.9553222656249999
7318,14.112060546875
7319,1.4609375
7320,-8.826416015625
7321,16.984375
7322,9.9912109375
7323,18.2353515625
7324,-3.544189453125
7325,9.67626953125
7326,11.320068359375
7327,16.465576171875
7328,13.934326171875
7329,11.796875
7330,-13.203857421875
7331,-12.348876953125
7332,-30.823486328125
7333,0.11035156249999999
7334,-9.63427734375
7335,-11.601806640625
7336,-13.37255859375
7337,25.217529296875
7338,44.34765625
7339,4.707763671875
7340,-6.508789062500001
7341,-13.59033203125
7342,-11.84033203125
7343,10.44677734375
7344,14.198486328125
7345,-2.286865234375
7346,-5.094482421875
7347,27.57421875
7348,-9.093994140625
7349,-7.033935546875
7350,-5.626708984375
7351,-4.76611328125
7352,-7.25048828125
7353,24.311523437499996
7354,-3.94580078125
7355,-7.57470703125
7356,42.76879882812501
7357,43.31298828125
7358,-9.7421875
7359,2.075927734375
7360,1.619140625
7361,-3.85302734375
7362,-2.2451171875
7363,-3.92529296875
7364,7.449951171875
7365,3.043212890625
7366,7.17333984375
7367,-5.5703125
7368,-0.34912109375
7369,-6.04052734375
7370,4.22265625
7371,4.607177734375
7372,2.484619140625
7373,-0.72119140625
7374,3.56787109375
7375,1.7421875
7376,9.590087890625
7377,1.3544921875
7378,-10.183349609375
7379,-0.267333984375
7380,6.673095703125
7381,2.516845703125
7382,1.48046875
7383,-3.710693359375
7384,6.078369140625001
7385,13.609130859375
7386,-9.72900390625
7387,5.009521484375
7388,-23.574462890625
7389,-12.7412109375
7390,-2.473876953125
7391,-10.674560546875
7392,-9.380859375
7393,1.369140625
7394,-29.603515625
7395,-3.614013671875
7396,12.917968750000002
7397,-5.864990234375
7398,3.781494140625
7399,-0.74169921875
7400,-5.20654296875
7401,-0.8916015625
7402,6.621826171875
7403,-7.7744140625
7404,9.2451171875
7405,0.8439941406249999
7406,0.54248046875
7407,-2.236572265625
7408,9.870361328125
7409,-4.3525390625
7410,9.616455078125
7411,13.824951171875
7412,-3.70068359375
7413,-7.6552734375
7414,-0.7004394531249999
7415,5.377197265625
7416,-3.350341796875
7417,7.839111328125
7418,-8.093994140625
7419,-7.764892578125
7420,6.318359375000001
7421,14.595458984374998
7422,11.058837890625
7423,16.633544921875
7424,39.457275390625
7425,-10.4111328125
7426,2.6474609375000004
7427,8.234375
7428,76.980224609375
7429,49.537109375
7430,42.32275390625
7431,-23.501708984375
7432,10.58935546875
7433,4.93310546875
7434,7.80224609375
7435,62.2041015625
7436,35.3486328125
7437,2.7939453124999996
7438,12.742431640625
7439,-2.04833984375
7440,1.8183593749999996
7441,3.276123046875
7442,-5.92724609375
7443,-4.30908203125
7444,14.92333984375
7445,0.35107421875
7446,2.51513671875
7447,-10.482177734375
7448,7.901611328125
7449,6.47021484375
7450,48.578857421875
7451,43.879150390625
7452,-41.71752929687501
7453,-63.06372070312499
7454,-2.7763671875000004
7455,104.85888671875
7456,58.196044921875
7457,51.2099609375
7458,-29.847900390625
7459,-59.816162109375
7460,22.70556640625
7461,-30.3798828125
7462,42.14941406250001
7463,7.854248046875
7464,-29.386962890625
7465,-42.59570312500001
7466,-8.1337890625
7467,51.271728515625
7468,-18.771484375
7469,-6.767822265625
7470,-38.63623046875
7471,-32.976318359375
7472,-7.1279296875
7473,-32.470703125
7474,121.93505859375001
7475,110.67578125
7476,-32.539306640625
7477,3.67333984375
7478,30.649169921875
7479,21.62255859375
7480,-16.48388671875
7481,-16.871337890625
7482,-20.06787109375
7483,5.02294921875
7484,30.070068359375
7485,18.949951171875
7486,75.3017578125
7487,-12.327392578125
7488,-18.706787109375
7489,-0.272216796875
7490,5.146484375000001
7491,-3.041748046875
7492,7.064208984375
7493,6.96875
7494,-1.860595703125
7495,1.72265625
7496,-3.62353515625
7497,-0.8937988281249999
7498,0.939453125
7499,-2.979736328125
7500,3.375732421875
7501,-5.4873046875
7502,-15.125732421875
7503,25.527832031250004
7504,18.3388671875
7505,18.83349609375
7506,55.369873046875
7507,-45.55419921875
7508,-15.374755859375
7509,32.823974609375
7510,14.882324218749998
7511,21.632568359375
7512,-15.654052734375
7513,-24.51318359375
7514,-26.9189453125
7515,66.989990234375
7516,40.396484375
7517,-6.05908203125
7518,-8.726806640625
7519,-17.455078125
7520,-16.47314453125
7521,70.001220703125
7522,40.843017578125
7523,-3.796875
7524,-2.127685546875
7525,13.18408203125
7526,11.55322265625
7527,77.51220703125
7528,-26.613525390625
7529,44.6044921875
7530,31.59423828125
7531,18.1044921875
7532,73.212890625
7533,-5.150390624999999
7534,-4.007568359375
7535,45.556640625
7536,28.3837890625
7537,18.377685546875
7538,-20.028076171875
7539,-8.63818359375
7540,-9.3642578125
7541,23.24560546875
7542,9.231689453125
7543,18.398193359375
7544,31.570556640625
7545,-35.033447265625
7546,24.332275390625
7547,31.999267578125
7548,10.4921875
7549,21.947509765625
7550,38.438232421875
7551,3.369873046875
7552,52.684326171875
7553,-12.082763671875
7554,-12.591796875
7555,-11.72021484375
7556,-3.106689453125
7557,-10.70947265625
7558,-20.790771484375
7559,11.177978515625002
7560,10.86474609375
7561,-10.4677734375
7562,-0.74560546875
7563,-8.7412109375
7564,-3.984375
7565,-4.32421875
7566,-3.13330078125
7567,24.236572265625004
7568,-16.78125
7569,-28.8173828125
7570,-27.301025390625
7571,-4.33251953125
7572,18.331298828125
7573,22.000732421875
7574,-16.31884765625
7575,-32.548828125
7576,-31.22607421875
7577,14.171630859375
7578,28.632080078125
7579,19.568115234375
7580,30.152832031250004
7581,-10.390380859375
7582,-28.787841796875004
7583,-0.2583007812499999
7584,-0.74169921875
7585,51.40380859375
7586,58.031005859375
7587,-1.5756835937500004
7588,-28.867187500000004
7589,-2.091552734375
7590,23.257812499999996
7591,2.6220703124999996
7592,-3.331787109375
7593,-26.89306640625
7594,-22.579833984375
7595,-4.04833984375
7596,20.32568359375
7597,6.4912109375
7598,-6.93603515625
7599,-9.710449218749998
7600,-21.778564453125
7601,-0.03125
7602,19.853271484375
7603,1.670166015625
7604,2.303466796875
7605,24.028076171875
7606,9.020751953125
7607,14.3046875
7608,-1.2807617187500002
7609,6.973876953125
7610,-15.52783203125
7611,-8.10791015625
7612,1.2060546875
7613,13.781005859375
7614,-2.3203125000000004
7615,1.978271484375
7616,-11.373779296875
7617,3.52880859375
7618,-9.472412109375
7619,3.96484375
7620,2.13427734375
7621,7.599365234375
7622,8.72998046875
7623,23.164062499999996
7624,5.36279296875
7625,-1.03759765625
7626,0.7404785156249999
7627,8.248779296875
7628,11.863281249999998
7629,29.571533203124996
7630,3.439697265625
7631,8.177978515625
7632,130.37646484375
7633,-12.248046875
7634,75.052734375
7635,-60.531494140625
7636,6.8125
7637,33.415771484375
7638,53.30029296875
7639,-9.1748046875
7640,76.384033203125
7641,-65.56884765625
7642,123.69067382812501
7643,118.571044921875
7644,19.479736328125
7645,23.19775390625
7646,-12.13037109375
7647,-17.981201171875
7648,3.008056640625
7649,59.739013671875
7650,35.0322265625
7651,27.50390625
7652,-7.11669921875
7653,-17.2734375
7654,4.63916015625
7655,15.1142578125
7656,-3.677490234375
7657,3.171142578125
7658,8.767822265625
7659,-5.84619140625
7660,-8.58935546875
7661,-3.6201171875000004
7662,-1.349853515625
7663,-1.7763671875
7664,4.5556640625
7665,-7.634521484375
7666,2.158935546875
7667,-1.422119140625
7668,-6.146240234375
7669,-15.457763671875
7670,6.02099609375
7671,11.695556640625
7672,38.57373046875
7673,-3.923583984375
7674,3.993896484375
7675,-0.7236328125
7676,-0.9270019531249999
7677,5.715576171875
7678,30.23974609375
7679,-1.945556640625
7680,5.55029296875
7681,46.158935546875
7682,39.501708984375
7683,25.21435546875
7684,-9.46533203125
7685,9.489990234375
7686,-10.81689453125
7687,52.056396484375
7688,-28.34375
7689,-28.545654296875
7690,-7.041748046875
7691,9.81689453125
7692,-8.42529296875
7693,51.818115234375
7694,2.49267578125
7695,-11.781738281250002
7696,-17.65380859375
7697,-0.8479003906249999
7698,14.053955078125
7699,17.45849609375
7700,6.0166015625
7701,-6.37744140625
7702,2.879150390625
7703,-6.30419921875
7704,14.4150390625
7705,15.714843750000002
7706,6.58544921875
7707,-9.252685546875
7708,1.037841796875
7709,5.321533203125
7710,45.157958984375
7711,-33.238525390625
7712,-74.9453125
7713,-69.419189453125
7714,36.46533203125
7715,54.625732421875
7716,67.336181640625
7717,-31.87353515625
7718,-74.739990234375
7719,-71.42724609375
7720,-11.276611328125
7721,88.006591796875
7722,72.990478515625
7723,-2.966064453125
7724,10.786376953125
7725,-10.50634765625
7726,-8.05712890625
7727,-24.70947265625
7728,-15.60400390625
7729,-11.544189453125
7730,11.21728515625
7731,-9.603515625
7732,-4.54541015625
7733,-0.189208984375
7734,-2.24609375
7735,8.9794921875
7736,20.8818359375
7737,-52.51000976562501
7738,-75.79833984375
7739,-27.99609375
7740,-26.734619140625
7741,22.988525390625
7742,28.218505859375
7743,-50.1875
7744,-79.11767578125
7745,-24.2119140625
7746,35.784423828125
7747,57.40185546874999
7748,58.18945312500001
7749,-10.490478515625002
7750,0.11962890625
7751,-13.379150390625
7752,-6.78173828125
7753,9.856201171875
7754,17.659912109375
7755,-2.669921875
7756,1.96875
7757,-16.2333984375
7758,-7.996826171875
7759,11.808593750000002
7760,2.5625
7761,6.354736328125
7762,97.0849609375
7763,44.525146484375
7764,24.090576171875
7765,-15.316650390625
7766,-7.61767578125
7767,95.407958984375
7768,-3.0634765624999996
7769,44.336669921875
7770,19.78173828125
7771,-17.694091796875
7772,105.306396484375
7773,-27.139404296875
7774,55.099365234375
7775,-0.1875
7776,12.200927734375
7777,5.978515624999999
7778,22.322998046875
7779,-21.417724609375
7780,-11.07373046875
7781,-16.421630859375
7782,9.50537109375
7783,4.740234375000001
7784,16.116943359375
7785,-0.8327636718750001
7786,-11.5703125
7787,-3.934326171875
7788,127.77172851562499
7789,-45.152099609375
7790,-38.767578125
7791,-43.21752929687501
7792,-8.828125
7793,89.89111328125
7794,142.066650390625
7795,-43.61083984375
7796,-39.923095703125
7797,-44.275634765625
7798,34.33447265625
7799,46.967041015625
7800,118.2080078125
7801,19.974853515625
7802,32.99560546875
7803,8.13232421875
7804,-24.83447265625
7805,12.09716796875
7806,2.23291015625
7807,29.2548828125
7808,37.878173828125
7809,5.754150390625001
7810,-25.700927734374996
7811,7.889404296875
7812,-11.232666015625002
7813,2.138671875
7814,-2.55810546875
7815,-9.511962890625
7816,6.229248046875
7817,12.589111328125
7818,18.478759765625
7819,2.243164062499999
7820,-4.798095703125
7821,-11.905761718749998
7822,8.288330078125
7823,11.694580078125
7824,7.56982421875
7825,6.11767578125
7826,-2.270751953125
7827,56.87939453125001
7828,120.020263671875
7829,31.25
7830,-47.721923828125
7831,69.246337890625
7832,64.609375
7833,66.635986328125
7834,122.76025390625
7835,30.718017578125004
7836,-51.97412109375
7837,-27.608154296875
7838,-25.837158203124996
7839,23.4970703125
7840,2.082275390625
7841,4.834716796875
7842,-2.651611328125
7843,3.119873046875
7844,24.846923828125
7845,2.721435546875
7846,1.6552734375
7847,3.917724609375
7848,-1.2265625
7849,-0.8688964843750001
7850,10.585449218749998
7851,10.142822265625
7852,13.0546875
7853,8.54736328125
7854,7.171875
7855,-1.734619140625
7856,-4.74951171875
7857,-5.268798828125
7858,6.58837890625
7859,6.992431640625001
7860,6.360107421875
7861,-4.92236328125
7862,-3.43310546875
7863,-4.619384765625
7864,9.755615234375
7865,-5.15283203125
7866,6.0751953125
7867,4.28125
7868,23.52099609375
7869,-6.200927734375
7870,7.665771484375
7871,16.21435546875
7872,7.001220703125
7873,6.4072265625
7874,24.007812499999996
7875,4.20361328125
7876,14.04931640625
7877,25.431640625
7878,-18.976806640625
7879,31.033203125
7880,19.82177734375
7881,-3.7744140624999996
7882,-2.8056640624999996
7883,2.238525390625
7884,3.375732421875
7885,35.272216796875
7886,15.653564453125
7887,-5.5693359375
7888,-2.2177734375
7889,20.62353515625
7890,-7.88427734375
7891,39.186767578125
7892,-2.363525390625
7893,15.0947265625
7894,-9.787353515625002
7895,7.043212890625001
7896,-12.323486328125
7897,-14.345947265625
7898,-10.0849609375
7899,16.8525390625
7900,-13.6826171875
7901,3.115234375
7902,13.35400390625
7903,15.984619140625
7904,22.733154296875
7905,12.57177734375
7906,-4.642578124999999
7907,-7.03759765625
7908,7.8017578125
7909,-4.537841796875
7910,4.933349609374999
7911,6.334716796875
7912,-8.36328125
7913,-4.873779296875
7914,3.835205078125
7915,16.66748046875
7916,7.185302734375
7917,15.389892578125
7918,18.515869140625
7919,3.0485839843749996
7920,-35.490234375
7921,-27.388427734374996
7922,38.1142578125
7923,42.363525390625
7924,41.56127929687501
7925,3.001220703125
7926,-31.884033203124996
7927,-23.171142578125
7928,5.208251953125
7929,24.500244140625
7930,4.45654296875
7931,-11.267333984374998
7932,-4.31640625
7933,63.355224609375
7934,65.22412109375
7935,-14.875488281250002
7936,3.705322265625
7937,-21.22705078125
7938,-6.435546875000002
7939,62.064208984375
7940,66.9443359375
7941,52.75244140625
7942,-38.286376953125
7943,47.83935546874999
7944,13.259765625
7945,11.15087890625
7946,3.2607421875000004
7947,9.439697265625
7948,8.24267578125
7949,21.351806640625
7950,17.72705078125
7951,9.307373046875
7952,6.404296875000001
7953,0.5998535156249999
7954,19.336669921875
7955,19.21923828125
7956,15.456298828125
7957,25.9716796875
7958,-14.809326171875
7959,-29.72509765625
7960,-28.697998046875
7961,-7.713623046875
7962,-0.4462890625
7963,19.89697265625
7964,-15.932373046875
7965,-34.564697265625
7966,-28.388427734374996
7967,-5.763427734375
7968,-0.178466796875
7969,27.7412109375
7970,-20.740234375
7971,-12.002685546875
7972,13.538818359375
7973,40.72265625
7974,6.642822265625
7975,32.582763671875
7976,-4.068115234375
7977,-7.8505859375
7978,10.2939453125
7979,42.5625
7980,28.511474609375
7981,9.1171875
7982,17.341064453125
7983,11.728515625
7984,-29.332275390625
7985,-10.6767578125
7986,-4.421875
7987,4.095458984375
7988,16.979736328125
7989,10.099853515625002
7990,-25.658935546875
7991,-9.897216796875
7992,-4.87451171875
7993,-5.539794921875
7994,21.706298828125
7995,13.00927734375
7996,64.146240234375
7997,-2.8818359375000004
7998,-12.965576171875
7999,-14.715087890625
8000,27.051025390625
8001,74.308837890625
8002,67.06640625
8003,-1.9511718749999998
8004,-15.914550781250002
8005,-15.931640625
8006,-30.837646484375
8007,88.82080078125
8008,68.765869140625
8009,-14.044677734375
8010,-10.550048828125
8011,0.96923828125
8012,0.101806640625
8013,7.345947265625
8014,4.471435546875
8015,14.1064453125
8016,-9.3154296875
8017,7.88818359375
8018,1.5288085937500002
8019,-15.341552734375
8020,-30.112792968749996
8021,15.70654296875
8022,-0.7727050781249999
8023,7.35693359375
8024,5.336181640625001
8025,2.85791015625
8026,12.0986328125
8027,10.127197265625
8028,-0.8181152343750001
8029,3.289794921875
8030,3.6044921875000004
8031,8.9375
8032,13.453369140625
8033,11.427001953125
8034,2.54248046875
8035,-1.351318359375
8036,1.2885742187500002
8037,-3.41015625
8038,1.701171875
8039,10.149169921875
8040,-12.71435546875
8041,6.635009765625
8042,-2.1015625
8043,-0.94189453125
8044,4.158447265625
8045,8.44677734375
8046,1.574462890625
8047,12.985107421875
8048,-13.708740234375
8049,13.859863281249995
8050,23.432861328125
8051,92.49755859375001
8052,7.50390625
8053,-26.230712890625
8054,-53.9599609375
8055,21.069335937499996
8056,30.789306640625
8057,87.21142578125
8058,-57.82666015625
8059,8.298095703125
8060,-11.6181640625
8061,106.013916015625
8062,91.009521484375
8063,51.4697265625
8064,-13.951416015625002
8065,22.614990234375
8066,13.505615234375
8067,-2.387451171875
8068,83.1708984375
8069,54.477294921875
8070,-11.01904296875
8071,84.93701171875
8072,87.271240234375
8073,24.05078125
8074,-2.02978515625
8075,-33.725341796875
8076,0.5068359375
8077,6.890869140625001
8078,-13.951416015625002
8079,3.2346191406250004
8080,1.697998046875
8081,-36.786865234375
8082,-0.357666015625
8083,1.5878906249999996
8084,101.028564453125
8085,-2.476806640625
8086,6.06005859375
8087,6.95556640625
8088,16.555908203125
8089,6.76416015625
8090,3.070556640625
8091,-11.461181640625
8092,9.010009765625
8093,11.195068359375
8094,6.638671875000001
8095,4.56201171875
8096,3.574951171875
8097,-1.271240234375
8098,11.071533203125
8099,21.997314453125
8100,12.199951171875
8101,4.99853515625
8102,17.371826171875
8103,-7.348388671875
8104,26.378417968749996
8105,5.485595703125
8106,33.61865234375
8107,-1.3701171875
8108,16.5224609375
8109,-5.213134765625
8110,4.3046875
8111,-2.896728515625
8112,-2.072021484375
8113,-6.239990234375
8114,18.490966796875004
8115,17.1396484375
8116,11.278564453125
8117,3.3125
8118,-0.528564453125
8119,-1.102783203125
8120,15.920654296875
8121,18.59619140625
8122,11.373291015625002
8123,4.45703125
8124,6.680419921875
8125,-7.300537109374999
8126,-2.396728515625
8127,5.328125
8128,-11.743408203125
8129,-13.041259765625
8130,-15.060791015625002
8131,1.595458984375
8132,1.439697265625
8133,1.407470703125
8134,-13.873779296875
8135,-11.421142578125
8136,-5.96533203125
8137,35.174072265625
8138,-0.069580078125
8139,-23.03564453125
8140,-11.86474609375
8141,9.277587890625
8142,12.32568359375
8143,3.519775390625
8144,-17.305419921875
8145,46.663330078125
8146,-15.642333984374998
8147,4.4345703125
8148,11.3603515625
8149,-25.84326171875
8150,-13.318115234375
8151,3.358154296875
8152,8.2587890625
8153,14.712646484374998
8154,-2.989990234375
8155,-3.693603515625
8156,4.93505859375
8157,-10.483154296875
8158,2.047119140625
8159,13.891845703125
8160,-6.93603515625
8161,-0.5788574218750001
8162,20.389648437499996
8163,-7.122802734375
8164,-12.495849609375
8165,22.641601562500004
8166,-2.58935546875
8167,-7.4091796875
8168,-0.8112792968750001
8169,-2.49658203125
8170,9.5341796875
8171,10.597412109375
8172,0.461669921875
8173,-8.48583984375
8174,-3.513671875
8175,23.463623046875
8176,14.427001953125
8177,3.341064453125
8178,-23.927734375
8179,26.193359375
8180,35.510986328125
8181,10.000488281250002
8182,11.451904296875
8183,8.068115234375
8184,4.975341796875
8185,23.708740234375
8186,37.9775390625
8187,4.465576171875
8188,-5.04150390625
8189,9.984130859375
8190,-10.806396484374998
8191,-5.09619140625
8192,-1.2167968750000004
8193,10.81884765625
8194,12.04541015625
8195,7.39599609375
8196,26.532958984375
8197,4.827880859374999
8198,2.0576171875
8199,10.552490234375
8200,13.556884765625
8201,26.747314453125
8202,10.204833984374998
8203,-11.886474609375
8204,48.010498046875
8205,17.263916015625
8206,-20.355712890625
8207,-18.8994140625
8208,50.450927734375
8209,31.345947265625004
8210,53.72119140625
8211,11.85498046875
8212,-18.70849609375
8213,-15.659423828125
8214,22.6943359375
8215,25.62744140625
8216,62.604736328125
8217,0.95849609375
8218,17.8525390625
8219,7.069580078125
8220,21.956787109375
8221,8.819091796875
8222,6.241943359374999
8223,1.115966796875
8224,23.024658203124996
8225,12.669189453125
8226,25.909912109375
8227,12.608642578125
8228,4.031005859375
8229,0.184326171875
8230,51.89624023437499
8231,0.024658203124999667
8232,-3.9736328124999996
8233,-5.81494140625
8234,48.34228515625
8235,21.969970703125
8236,57.230712890625
8237,0.32348632812500017
8238,2.9111328124999996
8239,4.993896484375
8240,-23.951171875
8241,91.3466796875
8242,66.72509765625
8243,-27.447021484375
8244,-20.840087890625
8245,29.279296875
8246,29.377685546875
8247,-1.3237304687500002
8248,1.326171875
8249,-26.078369140625
8250,-16.54736328125
8251,30.890625
8252,30.9755859375
8253,0.830078125
8254,-0.8908691406249999
8255,-22.547607421875
8256,15.010498046875
8257,55.89404296875
8258,48.145263671875
8259,59.340576171875
8260,105.95361328125
8261,-16.933349609375
8262,7.32666015625
8263,61.55419921875
8264,52.21044921875
8265,48.99877929687501
8266,-10.126220703125
8267,-8.813720703125
8268,18.608642578125
8269,0.200439453125
8270,-21.396728515625
8271,22.968994140625
8272,27.99755859375
8273,-10.583740234375
8274,10.795166015625002
8275,-0.121337890625
8276,-15.539306640625
8277,19.627685546875
8278,23.8544921875
8279,-9.001708984375
8280,-13.578369140625
8281,-4.504150390625
8282,6.049072265625
8283,122.868896484375
8284,58.91357421875
8285,165.110107421875
8286,-6.258789062500002
8287,-11.360595703125
8288,-7.268554687500001
8289,124.759033203125
8290,61.948974609375
8291,170.171875
8292,47.982666015625
8293,29.6591796875
8294,26.83203125
8295,41.121826171875
8296,-26.777587890625
8297,-4.9541015625
8298,-7.643310546875
8299,44.93872070312499
8300,76.63427734375
8301,55.116943359375
8302,-25.918457031250004
8303,-3.32958984375
8304,-7.107666015625
8305,19.961669921875
8306,9.7978515625
8307,44.274169921875
8308,22.708251953125
8309,13.44970703125
8310,-13.415283203125
8311,-13.609863281250002
8312,13.2197265625
8313,20.478271484375
8314,-25.572509765625
8315,7.9033203125
8316,-11.603271484374998
8317,-17.035888671875
8318,11.5810546875
8319,-5.434326171875
8320,17.371826171875
8321,-1.031005859375
8322,6.191162109374999
8323,6.032958984375
8324,22.038818359375
8325,-9.331787109375
8326,-13.871337890625
8327,1.363525390625
8328,8.15380859375
8329,8.90185546875
8330,16.970458984375
8331,-5.572265624999999
8332,6.56298828125
8333,7.811279296875
8334,2.55859375
8335,1.843017578125
8336,-1.205810546875
8337,-1.204345703125
8338,5.213623046875
8339,-7.798583984375
8340,13.34814453125
8341,0.2763671875
8342,-3.900146484375
8343,-6.79833984375
8344,-1.602294921875
8345,8.4375
8346,6.302978515625
8347,11.32958984375
8348,-16.39501953125
8349,-24.2998046875
8350,19.98388671875
8351,33.240478515625
8352,34.78564453125
8353,29.64501953125
8354,-14.446533203125
8355,-28.821533203124996
8356,17.81396484375
8357,15.20556640625
8358,15.8408203125
8359,18.902099609375
8360,-5.987548828125
8361,16.51318359375
8362,8.092041015625
8363,14.456787109375
8364,-10.201904296875
8365,4.756591796875
8366,-1.4243164062499998
8367,19.573486328125
8368,14.381591796875
8369,6.9169921875
8370,-3.627441406250001
8371,-14.720458984374998
8372,-7.50830078125
8373,-0.8562011718750001
8374,18.169189453125
8375,48.3720703125
8376,-0.038330078125
8377,-3.047607421875
8378,-7.171142578125
8379,-19.263671875
8380,21.585937500000004
8381,43.61376953125
8382,2.2958984375
8383,-17.949462890625
8384,67.911376953125
8385,26.38671875
8386,4.150390625
8387,35.08642578125
8388,34.84521484375
8389,40.72998046875
8390,2.5849609375000004
8391,-0.535888671875
8392,-3.478759765625
8393,35.2314453125
8394,39.29931640624999
8395,41.165771484375
8396,-6.567138671875
8397,4.84619140625
8398,-28.124755859375
8399,-62.91308593749999
8400,70.53271484375
8401,62.97314453125001
8402,53.7958984375
8403,59.63037109375
8404,-65.115966796875
8405,-67.6689453125
8406,67.850341796875
8407,62.32275390625
8408,66.528564453125
8409,-0.056640625
8410,-42.21533203125
8411,-54.551513671875
8412,-7.447998046875
8413,28.530029296875
8414,22.478515625
8415,27.83740234375
8416,17.965087890625
8417,11.947265625
8418,-6.68212890625
8419,26.386962890625
8420,22.645751953125
8421,23.179443359375
8422,-15.5400390625
8423,-6.583984375000001
8424,-6.300537109374999
8425,-11.638427734375
8426,-12.845947265625
8427,-9.31103515625
8428,-8.988037109375
8429,-7.5556640625
8430,-19.779052734374996
8431,-4.937255859374999
8432,-8.8076171875
8433,-8.329833984375
8434,-8.9052734375
8435,4.00244140625
8436,12.238525390625
8437,-4.787353515625
8438,2.7453613281249996
8439,-34.6455078125
8440,-28.92724609375
8441,63.938232421875
8442,-19.599853515625
8443,-16.586181640625
8444,-27.999755859375
8445,-38.411865234375
8446,-27.78564453125
8447,59.89868164062499
8448,14.544921875
8449,11.362548828125
8450,11.249267578125
8451,1.2265625
8452,0.2021484375
8453,7.1337890625
8454,19.456787109375
8455,4.611328125
8456,-4.8798828125
8457,-2.81396484375
8458,-2.938232421875
8459,9.8798828125
8460,16.237060546875
8461,3.4169921875000004
8462,-3.375
8463,-3.475341796875
8464,11.660156249999998
8465,4.1982421875
8466,10.61083984375
8467,-0.475341796875
8468,11.5322265625
8469,-11.797607421875
8470,7.14892578125
8471,-1.3334960937500002
8472,-1.079833984375
8473,-6.3115234375
8474,-6.07080078125
8475,4.739013671875
8476,28.208740234375
8477,-19.436279296875
8478,16.114990234375
8479,29.102294921875
8480,34.701416015625
8481,27.46337890625
8482,-6.498779296875
8483,-17.1748046875
8484,16.842529296875
8485,28.916015625
8486,33.165283203125
8487,14.724609375
8488,-21.66455078125
8489,-14.949951171875
8490,-6.889404296875
8491,2.075927734375
8492,1.9165039062499998
8493,-6.5546875
8494,8.17236328125
8495,2.01953125
8496,0.81640625
8497,1.139404296875
8498,1.194580078125
8499,-5.007568359374999
8500,-0.0859375
8501,0.54052734375
8502,-5.099365234375
8503,2.975830078125
8504,3.568603515625
8505,12.093994140625
8506,9.071533203125
8507,4.732177734375
8508,-1.482177734375
8509,-1.202392578125
8510,1.240234375
8511,9.03076171875
8512,16.587646484375
8513,33.13720703125
8514,6.665771484375
8515,0.0654296875
8516,28.374267578125
8517,8.1416015625
8518,2.052490234375
8519,12.509765625
8520,-5.035888671875
8521,20.411376953125
8522,15.554199218749998
8523,6.1435546875
8524,2.802978515625
8525,2.33447265625
8526,17.77392578125
8527,13.932373046875
8528,24.005615234375
8529,-4.231689453125
8530,0.470947265625
8531,3.330322265625
8532,-5.41357421875
8533,7.05224609375
8534,-3.9541015624999996
8535,-8.62890625
8536,7.4765625
8537,5.3203125
8538,-2.926513671875
8539,47.70654296875
8540,18.89453125
8541,44.756591796875
8542,-4.572021484375
8543,1.633544921875
8544,2.46630859375
8545,-9.522216796875
8546,12.897949218749998
8547,-3.44140625
8548,-5.990478515625
8549,-6.20263671875
8550,1.9482421875
8551,-14.233886718749998
8552,-3.441162109375
8553,-0.83447265625
8554,-4.01513671875
8555,11.620361328125
8556,40.55908203125
8557,56.94189453125001
8558,25.732177734374996
8559,9.76904296875
8560,5.0576171875
8561,10.9189453125
8562,41.166015625
8563,55.661865234375
8564,19.695556640625
8565,-25.64794921875
8566,33.7470703125
8567,5.076660156249999
8568,33.45703125
8569,57.49877929687501
8570,54.3330078125
8571,-24.966552734374996
8572,-10.11865234375
8573,103.3525390625
8574,-10.701904296875
8575,57.9580078125
8576,51.2509765625
8577,-24.983154296875
8578,51.215576171875
8579,26.501220703125
8580,44.69287109375
8581,-17.741455078125
8582,-6.323486328125
8583,9.931884765625
8584,12.2509765625
8585,10.11083984375
8586,16.310302734375
8587,-15.123291015625002
8588,-3.043701171875
8589,12.618896484374998
8590,10.0712890625
8591,2.383056640625
8592,-1.7180175781250009
8593,-16.258544921875
8594,-41.386474609375
8595,-47.171630859375
8596,-5.423828124999999
8597,108.701904296875
8598,0.245361328125
8599,34.830322265625
8600,15.477294921875
8601,-42.22631835937501
8602,-11.082031249999998
8603,108.035400390625
8604,-4.925048828125
8605,10.38037109375
8606,5.656005859374999
8607,51.475830078125
8608,-23.28955078125
8609,13.328857421875
8610,25.639648437499996
8611,-4.788818359374999
8612,-2.04541015625
8613,53.224853515625
8614,-23.887451171875
8615,14.515869140625
8616,28.935791015625
8617,118.29638671875
8618,-43.48828125
8619,38.042724609375
8620,11.405517578125
8621,-10.646240234375
8622,5.798583984375
8623,-3.323974609375
8624,28.006103515625
8625,29.2275390625
8626,13.733154296875
8627,-7.709716796875
8628,-2.13623046875
8629,-5.250244140625001
8630,3.6638183593749996
8631,7.366943359374999
8632,8.177490234375
8633,21.10302734375
8634,26.410400390625
8635,14.92529296875
8636,-2.9306640624999996
8637,3.168212890625
8638,2.139404296875
8639,33.56396484375
8640,30.788818359375
8641,17.224853515625
8642,-3.0166015624999996
8643,38.801513671875
8644,38.284423828125
8645,4.6689453125
8646,15.1083984375
8647,-0.9040527343750001
8648,25.876220703125
8649,5.120849609374999
8650,39.336669921875
8651,1.0339355468749996
8652,-2.171875
8653,-4.085205078125
8654,24.11328125
8655,-0.228271484375
8656,0.173828125
8657,-2.801025390625
8658,-0.337646484375
8659,13.847412109375
8660,0.112548828125
8661,2.3815917968750004
8662,17.5849609375
8663,5.4013671875
8664,25.207275390625
8665,7.109619140625001
8666,-4.5595703125
8667,6.500244140625001
8668,11.9208984375
8669,-7.271728515625
8670,-14.780517578125
8671,6.93896484375
8672,-0.0576171875
8673,1.586181640625
8674,13.078125
8675,-13.925781249999998
8676,34.998046875
8677,0.8898925781249999
8678,10.5068359375
8679,0.6257324218750001
8680,9.792968750000002
8681,-5.71337890625
8682,48.954833984375
8683,7.863037109374999
8684,10.353515625
8685,0.37817382812500006
8686,-6.21630859375
8687,-14.471435546875
8688,-11.890625
8689,-3.307373046875
8690,0.13427734375
8691,-1.5834960937500002
8692,-6.580810546875
8693,-12.202880859375
8694,-11.203857421875
8695,14.118896484374998
8696,-16.604248046875
8697,0.34106445312500017
8698,11.622314453125
8699,-8.2177734375
8700,-1.635498046875
8701,0.11767578125
8702,-10.718505859375
8703,7.116455078125
8704,3.139892578125
8705,-2.608642578125
8706,-4.584716796875
8707,5.06884765625
8708,-7.20947265625
8709,-9.87646484375
8710,-2.651611328125
8711,-25.021728515625
8712,1.179931640625
8713,34.56787109375
8714,35.51318359375
8715,-4.073486328125
8716,-9.163330078125
8717,-22.37109375
8718,-1.7158203125
8719,36.03076171875
8720,31.017822265625004
8721,-12.158447265625
8722,-1.5815429687500002
8723,-19.852294921875
8724,7.8359375
8725,13.709716796875
8726,11.650390625
8727,11.047363281250002
8728,-7.4150390625
8729,-9.8076171875
8730,20.156494140625
8731,15.943115234375
8732,18.083740234375
8733,8.943359375
8734,0.17602539062500006
8735,-2.185302734375
8736,26.15869140625
8737,-22.8955078125
8738,14.339599609375
8739,11.33837890625
8740,13.060546875
8741,-1.165283203125
8742,-22.197265625
8743,8.982421875
8744,25.709228515625
8745,3.754150390625
8746,10.037109375
8747,18.45458984375
8748,14.90087890625
8749,22.928955078125
8750,79.578369140625
8751,42.712890625
8752,-17.82861328125
8753,-29.953369140625
8754,49.00439453125001
8755,18.66943359375
8756,22.530029296875
8757,42.224609375
8758,-16.99755859375
8759,-26.150390625
8760,86.68994140624999
8761,200.67211914062503
8762,208.359130859375
8763,-11.08349609375
8764,3.532958984375
8765,9.935546875
8766,5.112060546875
8767,8.9150390625
8768,-17.4033203125
8769,-0.185791015625
8770,4.2109375
8771,11.115966796875
8772,11.982177734375
8773,5.0234375
8774,-3.6396484375000004
8775,-17.145263671875
8776,13.74658203125
8777,56.902099609375
8778,39.275390625
8779,34.134521484375
8780,14.242675781250002
8781,10.269287109375
8782,10.9296875
8783,57.8740234375
8784,40.583251953125
8785,34.57958984375
8786,4.332275390625
8787,14.177490234375
8788,13.15087890625
8789,-5.244384765625
8790,26.636474609375
8791,26.07763671875
8792,43.153076171875
8793,23.596923828125
8794,0.95166015625
8795,-2.79833984375
8796,31.3037109375
8797,30.576904296875
8798,43.69580078125
8799,7.74755859375
8800,-5.697265624999999
8801,-10.06689453125
8802,82.84057617187499
8803,68.98974609375
8804,-10.330810546875
8805,1.694580078125
8806,36.666259765625
8807,26.804443359375
8808,70.439453125
8809,72.766357421875
8810,-2.302490234375
8811,6.624267578124998
8812,9.506591796875
8813,-5.421875
8814,75.833740234375
8815,-14.4638671875
8816,49.753173828125
8817,-1.1821289062499998
8818,-5.34130859375
8819,7.9755859375
8820,-15.407958984374998
8821,-15.033447265625
8822,42.384765625
8823,-5.114990234375
8824,-11.106689453125
8825,-15.449218750000002
8826,-12.674560546875
8827,-5.74267578125
8828,-52.846923828125
8829,56.39501953125
8830,129.39306640625
8831,101.42382812500001
8832,-0.568115234375
8833,-37.57373046875
8834,-44.48437500000001
8835,52.500732421875
8836,131.87109375
8837,105.47412109375
8838,-46.607666015625
8839,5.5412597656249964
8840,-40.337890625
8841,27.809326171875
8842,37.163330078125
8843,19.250976562500004
8844,13.375488281250002
8845,38.11743164062499
8846,20.610351562500004
8847,42.5341796875
8848,35.392822265625
8849,18.320556640625
8850,11.566406249999998
8851,30.11181640625
8852,28.00927734375
8853,24.116943359375
8854,41.80004882812501
8855,-17.153564453125
8856,-23.293701171875
8857,12.42333984375
8858,97.5078125
8859,9.711669921874996
8860,12.312988281250002
8861,-17.285400390625
8862,-24.28662109375
8863,19.327880859375
8864,8.60693359375
8865,25.2294921875
8866,40.08837890625
8867,1.8312988281249991
8868,70.540771484375
8869,47.12890625
8870,41.45947265625
8871,-33.417236328125
8872,11.772460937499996
8873,14.181640625
8874,63.78955078125
8875,52.160888671875
8876,46.83618164062499
8877,-15.796875
8878,20.43359375
8879,-11.111328125
8880,18.748291015625
8881,13.595458984374998
8882,-16.197509765625
8883,-3.49267578125
8884,24.053955078125
8885,10.79248046875
8886,12.359375
8887,15.6904296875
8888,-19.32275390625
8889,-4.032470703125
8890,53.45654296875
8891,1.328857421875
8892,4.477050781249999
8893,-16.539794921875
8894,37.82812499999999
8895,53.9248046875
8896,55.091552734375
8897,-11.386718750000002
8898,-11.556884765625
8899,-8.6083984375
8900,36.02001953125
8901,53.263427734375
8902,60.881103515625
8903,-20.249755859375
8904,-10.02490234375
8905,-13.094482421875
8906,-5.415039062500001
8907,-19.286376953125
8908,10.93408203125
8909,47.06591796875
8910,-21.904296875
8911,-25.951416015625
8912,-0.8195800781249999
8913,-22.737060546875
8914,14.760009765625
8915,49.2958984375
8916,-11.666259765625
8917,-38.312744140625
8918,-50.36328125
8919,-8.83544921875
8920,-1.8828125000000002
8921,2.32421875
8922,8.6845703125
8923,20.844970703125
8924,15.87646484375
8925,21.2705078125
8926,-6.63330078125
8927,7.810302734375
8928,9.493408203125
8929,10.288330078125
8930,8.29833984375
8931,10.821044921875
8932,57.036865234375
8933,6.617919921875
8934,-17.27392578125
8935,-11.915771484374998
8936,-5.146484375000001
8937,63.500244140625
8938,64.037109375
8939,4.860595703125
8940,-16.43359375
8941,-12.253662109375
8942,66.634765625
8943,54.60205078125
8944,47.75830078125
8945,7.878662109374999
8946,7.0673828125
8947,-1.994384765625
8948,19.770263671875
8949,64.02880859375
8950,52.27880859375
8951,4.28271484375
8952,10.187255859375
8953,3.853515624999999
8954,19.454101562500004
8955,7.361328124999999
8956,3.845458984375
8957,7.49169921875
8958,-9.293212890625
8959,5.846923828125
8960,0.82470703125
8961,-3.618408203125
8962,-0.1630859375
8963,-8.30224609375
8964,-2.433349609375
8965,6.88818359375
8966,1.126953125
8967,-4.17578125
8968,-24.221923828125
8969,-8.255859375
8970,-1.962646484375
8971,-12.947509765625
8972,-22.04150390625
8973,48.590087890625
8974,38.34179687499999
8975,-52.984619140625
8976,-6.72802734375
8977,-40.64697265625
8978,-27.389892578125
8979,47.41381835937501
8980,40.854736328125
8981,-14.14599609375
8982,-29.138916015625
8983,-6.335693359374999
8984,3.200439453125
8985,38.840087890625
8986,1.927490234375
8987,-2.376953125
8988,-13.126220703125
8989,49.412109375
8990,-10.242675781250002
8991,44.118408203125
8992,1.9438476562499998
8993,-3.1416015624999996
8994,63.704345703125
8995,-5.352783203125
8996,0.2744140625
8997,1.6186523437500002
8998,-0.0068359375
8999,5.723876953125
9000,6.625
9001,6.361083984375
9002,-0.493896484375
9003,-1.268798828125
9004,-3.518798828125
9005,1.297119140625
9006,2.88671875
9007,60.14990234375
9008,1.460205078125
9009,1.6796875
9010,-2.07763671875
9011,-0.9697265625
9012,2.404541015625
9013,-7.947265624999999
9014,7.83447265625
9015,8.39404296875
9016,-8.5224609375
9017,-5.761962890625001
9018,-4.894287109374999
9019,-9.90625
9020,13.93896484375
9021,7.7333984375
9022,-9.083251953125
9023,-2.0703125
9024,0.73095703125
9025,8.954345703125
9026,6.74365234375
9027,5.11083984375
9028,10.223388671875
9029,2.34716796875
9030,-2.01953125
9031,4.2802734375
9032,11.001220703125
9033,-6.44580078125
9034,6.289306640625001
9035,3.391845703125
9036,41.65185546874999
9037,-6.52197265625
9038,-9.57666015625
9039,7.0888671875
9040,12.682861328125
9041,7.1337890625
9042,12.815185546875
9043,-13.1796875
9044,-7.8544921875
9045,4.442138671875
9046,5.906494140625001
9047,14.119384765625
9048,-10.147216796875
9049,49.29052734375
9050,3.555419921875
9051,1.3315429687500002
9052,7.78515625
9053,26.138671875
9054,64.171875
9055,49.96752929687501
9056,-4.234130859375
9057,0.92041015625
9058,4.339111328124999
9059,13.419677734375
9060,54.60205078125
9061,46.120361328125
9062,-14.68505859375
9063,52.83740234375
9064,67.022216796875
9065,63.659423828125
9066,-29.891845703125
9067,-2.7944335937500004
9068,-16.989501953125
9069,51.995849609375
9070,67.669189453125
9071,65.4150390625
9072,-4.431396484375
9073,-10.52490234375
9074,-16.941650390625
9075,4.263427734375
9076,-7.495849609374999
9077,-4.21484375
9078,9.474853515625002
9079,7.200927734375
9080,12.62744140625
9081,9.200927734375
9082,-1.2416992187500002
9083,-9.369140625
9084,15.732421875
9085,24.3525390625
9086,20.389892578125
9087,17.3203125
9088,11.164794921875
9089,-7.43798828125
9090,-7.23193359375
9091,-6.515625
9092,-11.6240234375
9093,-16.7314453125
9094,-11.825927734375
9095,-9.41259765625
9096,-9.060302734375
9097,-0.896484375
9098,-4.379150390625
9099,3.3681640624999996
9100,-5.291748046875
9101,-10.4677734375
9102,13.125
9103,-20.896728515625
9104,26.909912109375
9105,-19.884033203124996
9106,-25.139892578125
9107,-26.628662109375
9108,13.24560546875
9109,-18.95458984375
9110,23.238037109375
9111,-1.6064453125
9112,-14.806884765625
9113,-15.800537109375
9114,30.586669921875
9115,10.302978515625002
9116,43.982666015625
9117,25.9189453125
9118,86.82470703125
9119,87.46728515625
9120,-4.3349609375
9121,11.753662109375
9122,37.05078125
9123,23.732421875
9124,-36.95068359375001
9125,-46.00927734375
9126,0.247314453125
9127,-1.1821289062499998
9128,5.166015624999999
9129,6.755126953125
9130,0.027099609375
9131,7.48193359375
9132,2.58349609375
9133,1.296142578125
9134,12.113281249999998
9135,1.921142578125
9136,-0.481689453125
9137,2.710693359375
9138,-0.033203125000000056
9139,5.80908203125
9140,24.68603515625
9141,-24.899169921875
9142,-1.792236328125
9143,20.6533203125
9144,-25.17138671875
9145,-22.550537109375
9146,-5.49267578125
9147,-26.0576171875
9148,-2.7763671875000004
9149,23.900634765625
9150,8.150390625
9151,10.593994140625
9152,26.510009765625
9153,-9.378173828125
9154,-9.641113281250002
9155,44.695556640625
9156,50.446044921875
9157,-15.4599609375
9158,-22.58544921875
9159,-4.958984375000001
9160,-11.754638671875
9161,43.020263671875
9162,41.54125976562501
9163,-5.03857421875
9164,-10.45849609375
9165,-5.83056640625
9166,73.225341796875
9167,-11.913574218749998
9168,-10.701416015625002
9169,-15.357421875
9170,41.441162109375
9171,68.73583984375
9172,65.63818359375
9173,-8.90869140625
9174,-13.990478515625002
9175,-12.964111328125
9176,7.3779296875
9177,94.5205078125
9178,88.5771484375
9179,-17.157470703125
9180,15.6005859375
9181,12.245361328125
9182,13.3857421875
9183,2.203125
9184,-17.457763671875
9185,-13.181396484374998
9186,13.261474609375
9187,13.345703125
9188,16.1904296875
9189,15.752685546875
9190,-16.249755859375
9191,-16.349365234375
9192,-13.6943359375
9193,66.97607421875
9194,23.5107421875
9195,22.022705078125
9196,6.4794921875
9197,-25.16455078125
9198,-12.193603515625002
9199,66.26171875
9200,21.09375
9201,15.889404296875
9202,11.912353515625002
9203,18.843017578125
9204,-39.346923828125
9205,82.188720703125
9206,83.19970703125
9207,64.376220703125
9208,-45.53662109375
9209,0.7006835937500002
9210,-0.42626953125
9211,-2.008544921875
9212,91.716064453125
9213,66.21923828125
9214,-44.714111328125
9215,25.334716796875004
9216,11.827392578125
9217,23.137207031250004
9218,26.489013671875
9219,-6.585693359374999
9220,-12.140625
9221,-1.5922851562499998
9222,-11.671875
9223,29.98388671875
9224,15.416015625
9225,-7.762939453125
9226,-16.601318359375
9227,-4.502197265625
9228,1.220458984375
9229,26.988525390625
9230,18.0546875
9231,10.42529296875
9232,13.482666015625002
9233,-15.717529296875
9234,-10.419189453125
9235,5.78271484375
9236,5.025634765625
9237,15.2060546875
9238,4.865966796875
9239,-14.718994140625
9240,-12.562011718749998
9241,32.4814453125
9242,23.182373046875
9243,13.801513671875
9244,91.791015625
9245,37.45166015625
9246,-15.985595703125
9247,-19.590576171875
9248,-10.615478515625002
9249,105.79882812500001
9250,66.009521484375
9251,40.414794921875
9252,-19.6962890625
9253,-21.23876953125
9254,5.961669921875
9255,53.95654296875
9256,92.2548828125
9257,-3.84375
9258,64.120849609375
9259,-0.1960449218750005
9260,30.239013671875
9261,37.158935546875
9262,46.235595703125
9263,-21.163818359375
9264,66.973388671875
9265,-4.677978515625
9266,28.414062499999996
9267,-44.25756835937501
9268,-42.642822265625
9269,89.802978515625
9270,19.132568359375
9271,4.50341796875
9272,12.688232421875
9273,-9.436279296875
9274,30.414306640625
9275,23.029541015625
9276,-6.77734375
9277,0.240478515625
9278,12.138671875
9279,-10.22998046875
9280,0.318603515625
9281,-6.76904296875
9282,35.876220703125
9283,30.62646484375
9284,11.63720703125
9285,15.68310546875
9286,25.441650390625
9287,62.03564453125001
9288,63.48876953125
9289,-1.4116210937499996
9290,8.2060546875
9291,7.99462890625
9292,20.820556640625
9293,-6.0107421875
9294,-0.7202148437500001
9295,-0.5126953125
9296,9.763916015625002
9297,66.00048828125
9298,38.4736328125
9299,-10.685791015625002
9300,-23.93017578125
9301,-10.764892578125
9302,0.0068359375
9303,64.7451171875
9304,34.95654296875
9305,-6.075439453125
9306,-35.048828125
9307,-3.304931640625
9308,-17.091796875
9309,2.90380859375
9310,-7.346923828125
9311,0.7058105468750001
9312,4.037109375
9313,7.703369140625001
9314,3.2587890624999996
9315,1.017822265625
9316,-9.301025390625
9317,4.0830078125
9318,4.821533203125
9319,0.5966796875000002
9320,-15.022705078125
9321,-3.97265625
9322,19.8408203125
9323,11.164550781250002
9324,19.44677734375
9325,-7.66845703125
9326,5.619140624999999
9327,24.3935546875
9328,1.736328125
9329,4.768310546875
9330,17.572509765625
9331,-3.885009765625
9332,5.444091796875
9333,5.2626953125
9334,23.38232421875
9335,-1.901123046875
9336,-14.3291015625
9337,-6.23046875
9338,-6.73583984375
9339,-22.539794921875
9340,-24.91162109375
9341,-21.628417968749996
9342,-15.383544921875
9343,-6.87109375
9344,-3.875
9345,-14.59619140625
9346,-10.694580078125
9347,-13.59814453125
9348,-5.322265624999999
9349,8.925537109375
9350,7.2734375
9351,8.215087890625
9352,0.8022460937499991
9353,-0.8986816406249999
9354,-8.8720703125
9355,5.88818359375
9356,6.947265624999999
9357,11.558593750000002
9358,65.516845703125
9359,-0.287353515625
9360,-7.00341796875
9361,12.684814453125
9362,-3.092529296875
9363,8.7373046875
9364,11.66064453125
9365,3.17626953125
9366,-2.330078125
9367,-1.526123046875
9368,-3.979248046875
9369,11.112548828125
9370,9.193359375
9371,-8.35986328125
9372,-1.51953125
9373,-11.2978515625
9374,-3.916748046875
9375,6.589111328125
9376,33.496826171875
9377,27.81640625
9378,-9.822265625
9379,-9.921630859375
9380,-5.94384765625
9381,13.798828125
9382,28.942626953125
9383,30.2939453125
9384,8.5693359375
9385,8.792724609375
9386,-1.323486328125
9387,6.477294921875
9388,10.037841796875
9389,3.960693359375
9390,-25.503417968749996
9391,2.545166015625
9392,7.5244140625
9393,5.02783203125
9394,12.2705078125
9395,4.803955078125
9396,-24.475341796875004
9397,-7.244873046875
9398,6.18115234375
9399,7.9345703125
9400,6.20458984375
9401,5.642333984375
9402,8.125
9403,17.498291015625
9404,23.122802734374996
9405,6.9228515625
9406,-1.1455078125
9407,1.8291015625
9408,6.377197265625
9409,13.593017578125
9410,1.837646484375
9411,2.207275390625
9412,6.301513671875
9413,-17.036376953125
9414,2.320556640625
9415,-0.511474609375
9416,-7.28515625
9417,21.39208984375
9418,25.386962890625
9419,-16.18701171875
9420,1.2709960937499991
9421,0.62744140625
9422,-5.73974609375
9423,76.77294921875
9424,19.965576171875
9425,-20.047119140625
9426,79.24365234375
9427,-10.74853515625
9428,-22.584716796875004
9429,-48.42822265625
9430,27.969970703125
9431,48.20849609375
9432,159.5615234375
9433,-9.59375
9434,-23.317138671875
9435,-48.908935546875
9436,73.3935546875
9437,101.46044921875
9438,136.306396484375
9439,17.910400390625
9440,4.1572265625
9441,-13.62158203125
9442,-0.2685546875
9443,88.98583984375
9444,36.11328125
9445,16.624267578125
9446,3.94482421875
9447,-16.782470703125
9448,3.4638671875000004
9449,-4.62890625
9450,30.077392578125
9451,22.579345703125
9452,102.81494140624999
9453,-18.87255859375
9454,-19.046875
9455,-20.3525390625
9456,-54.349609375
9457,108.705322265625
9458,106.07275390625
9459,-15.45947265625
9460,-17.222900390625
9461,-11.9892578125
9462,56.798828125
9463,101.52880859375
9464,103.619873046875
9465,3.718994140625
9466,15.882568359375
9467,22.05419921875
9468,16.838134765625
9469,-23.44140625
9470,-4.970458984375
9471,-2.7841796875000004
9472,18.68115234375
9473,20.03662109375
9474,17.30859375
9475,-8.436279296875
9476,-4.154541015625
9477,6.185546875000001
9478,52.28515625
9479,1.5668945312499998
9480,96.787109375
9481,102.24755859375001
9482,17.706298828125
9483,14.843505859375
9484,45.049560546875
9485,-5.068603515625
9486,97.58447265625
9487,95.53662109375
9488,-18.608642578125
9489,9.212890625
9490,43.2353515625
9491,38.095458984375
9492,-14.712646484374998
9493,56.408935546875
9494,-11.6591796875
9495,16.905029296875
9496,37.334716796875
9497,42.5107421875
9498,-15.835693359375
9499,63.632080078125
9500,-16.264404296875
9501,36.93798828125
9502,34.71142578125
9503,36.1923828125
9504,20.7939453125
9505,-2.20654296875
9506,4.083251953125
9507,7.11328125
9508,-16.1728515625
9509,-14.185791015625002
9510,15.541259765625
9511,-1.447265625
9512,8.6123046875
9513,3.9326171875000004
9514,10.960449218749998
9515,-5.832275390625001
9516,13.682373046875
9517,14.972656249999998
9518,-8.429443359375
9519,-3.0703125
9520,-5.13916015625
9521,66.03369140625
9522,13.9091796875
9523,14.5341796875
9524,-8.851806640625
9525,-5.55859375
9526,-10.0
9527,-6.986083984375
9528,24.063720703125
9529,10.05615234375
9530,20.802001953125
9531,-5.104248046875
9532,-16.7861328125
9533,-7.763427734375
9534,51.13500976562501
9535,3.1572265624999996
9536,34.552490234375
9537,-10.712646484374998
9538,-14.26904296875
9539,-11.130859375
9540,1.828857421875
9541,12.266845703125
9542,-16.1259765625
9543,18.92919921875
9544,-2.490234375
9545,-2.147705078125
9546,-8.5537109375
9547,9.252685546875
9548,11.885986328125
9549,10.309814453125
9550,-0.671875
9551,-6.662841796875
9552,2.091552734375
9553,-1.464111328125
9554,-3.28369140625
9555,18.014892578125
9556,-4.380615234375
9557,4.072998046875
9558,-3.4865722656250004
9559,-5.641357421875
9560,13.77587890625
9561,9.942626953125
9562,3.499267578125
9563,10.009033203125
9564,-4.832275390625001
9565,-5.88916015625
9566,6.218505859374999
9567,7.879150390625001
9568,7.9248046875
9569,-3.335693359375
9570,13.223388671875
9571,11.085449218749998
9572,9.825927734375
9573,-4.18359375
9574,2.453857421875
9575,3.252685546875
9576,10.860107421875
9577,8.869873046875
9578,3.272216796875
9579,-24.593505859375
9580,1.841064453125
9581,1.740966796875
9582,-6.4873046875
9583,19.32080078125
9584,3.722412109375
9585,5.18310546875
9586,1.129638671875
9587,-0.64111328125
9588,13.33349609375
9589,19.441162109375
9590,8.6259765625
9591,7.138427734375
9592,48.3525390625
9593,21.774658203124996
9594,31.04443359375
9595,-0.216552734375
9596,10.181884765625
9597,17.20361328125
9598,18.359375
9599,-10.824462890625
9600,-10.028076171875
9601,-4.672119140625001
9602,9.5849609375
9603,19.283447265625004
9604,18.690673828125
9605,-4.75732421875
9606,4.92822265625
9607,-0.061279296875
9608,24.214111328125
9609,-15.029296875
9610,1.8720703125000007
9611,12.94775390625
9612,-7.908447265625
9613,-4.1962890625
9614,-0.36279296875
9615,-8.061767578125
9616,0.130859375
9617,17.31982421875
9618,11.115478515625002
9619,38.95849609375
9620,16.891357421875
9621,36.39990234375
9622,-8.6845703125
9623,-23.043212890625
9624,-28.669677734374996
9625,86.787353515625
9626,40.51025390625
9627,58.213623046875
9628,-5.3193359375
9629,-26.510498046875
9630,-26.353515625
9631,10.823730468749996
9632,27.77197265625
9633,63.24658203125
9634,52.552978515625
9635,0.6315917968750001
9636,-20.18359375
9637,51.5498046875
9638,-39.855224609375
9639,-28.746337890625
9640,-32.886962890625
9641,-2.776611328125
9642,-29.885009765625
9643,43.78173828125
9644,6.6923828125
9645,13.43115234375
9646,22.83447265625
9647,13.269287109375
9648,7.127685546875
9649,2.086181640625
9650,0.845703125
9651,-0.15307617187500044
9652,5.958740234375
9653,9.5693359375
9654,-3.21875
9655,-4.648193359374999
9656,-2.89892578125
9657,36.06103515625
9658,6.0625
9659,5.364990234375
9660,2.705322265625
9661,59.9970703125
9662,27.965576171875
9663,19.277587890625
9664,0.6552734375
9665,2.26220703125
9666,25.837646484375
9667,65.48583984375
9668,29.68310546875
9669,18.985107421875
9670,-4.738037109374999
9671,24.993896484375
9672,10.791259765625
9673,-7.98974609375
9674,13.793701171875
9675,8.333251953125
9676,7.4033203125
9677,9.99560546875
9678,-3.304931640625
9679,-11.398193359375
9680,13.547119140625
9681,14.086425781250002
9682,9.685546875
9683,-2.24365234375
9684,-14.06787109375
9685,-10.474853515625002
9686,12.855712890625
9687,-12.609619140625
9688,-0.284423828125
9689,6.88037109375
9690,-0.23217773437499992
9691,23.615234375
9692,31.735351562500004
9693,-12.671142578125
9694,-2.1181640625
9695,2.800537109375
9696,-12.196533203125
9697,-1.563232421875
9698,3.746826171875
9699,7.007080078125
9700,7.49169921875
9701,19.08251953125
9702,34.998291015625
9703,-9.277587890625
9704,-3.818359375
9705,5.75
9706,3.5947265624999996
9707,20.842773437499996
9708,33.4033203125
9709,-33.75927734375
9710,-4.62255859375
9711,6.1689453125
9712,-4.28076171875
9713,10.614013671875
9714,11.181396484374998
9715,14.41845703125
9716,-4.00341796875
9717,-11.45654296875
9718,3.7373046875000004
9719,9.272705078125
9720,10.793212890625
9721,8.51025390625
9722,-1.0749511718749998
9723,-10.4482421875
9724,10.51025390625
9725,2.4736328124999996
9726,2.111328125
9727,-19.892578125
9728,0.056884765625
9729,-9.582275390625
9730,-14.35302734375
9731,-5.314453124999999
9732,-1.3720703125
9733,-19.923095703125
9734,-2.295166015625
9735,-11.866699218749998
9736,-1.27734375
9737,-1.9165039062499998
9738,-12.448486328125
9739,-14.1142578125
9740,-6.044189453125
9741,-0.79296875
9742,-1.9716796875
9743,-8.14990234375
9744,-8.26953125
9745,-9.119140625
9746,2.602783203125
9747,6.615966796875
9748,-3.7001953124999996
9749,14.5908203125
9750,-2.5673828124999996
9751,-44.734130859375
9752,-4.8125
9753,-44.091552734375
9754,30.24169921875
9755,1.2561035156249998
9756,11.930175781250002
9757,-23.7763671875
9758,-5.587158203125
9759,-47.068603515625
9760,30.063476562500004
9761,-9.830810546875
9762,-3.78515625
9763,-9.585449218749998
9764,-1.9716796875
9765,6.617919921875
9766,3.711181640625
9767,5.976318359374999
9768,10.854248046875
9769,5.75537109375
9770,7.10498046875
9771,9.698486328125
9772,-0.087890625
9773,12.814208984374998
9774,-13.452392578125
9775,-10.11572265625
9776,-3.1083984375000004
9777,7.521484375000001
9778,13.181884765625
9779,7.921630859374999
9780,21.970947265625004
9781,28.4501953125
9782,-24.001220703125
9783,-22.2900390625
9784,9.002685546875
9785,10.607177734375
9786,25.226806640625
9787,-1.072998046875
9788,2.12890625
9789,2.439208984375
9790,21.947021484375
9791,66.46826171875
9792,-31.929687500000004
9793,-14.19287109375
9794,133.067138671875
9795,127.51708984375
9796,124.73388671875
9797,67.04833984375
9798,-30.92041015625
9799,-13.269775390625
9800,20.16650390625
9801,16.209228515625
9802,15.800781249999998
9803,-29.34619140625
9804,91.725341796875
9805,2.135009765625
9806,41.638916015625
9807,20.623291015625
9808,22.2568359375
9809,-4.463623046875
9810,88.581787109375
9811,0.06005859375
9812,42.09033203125
9813,-33.094970703125
9814,-27.50634765625
9815,-1.395751953125
9816,-20.764404296875
9817,19.480224609375
9818,20.09228515625
9819,46.67187500000001
9820,-3.572265625
9821,-12.515136718749998
9822,-9.311767578125
9823,15.2998046875
9824,17.9150390625
9825,46.104248046875
9826,-26.027832031250004
9827,-12.992675781250002
9828,-19.36181640625
9829,0.181396484375
9830,-5.04638671875
9831,-15.187255859375
9832,-7.634033203125
9833,-4.248046875
9834,1.8154296875
9835,-6.0478515625
9836,-6.06494140625
9837,-12.26708984375
9838,-10.700439453125
9839,-1.4580078125
9840,4.925048828125001
9841,16.355712890625
9842,-9.856201171875
9843,-0.95263671875
9844,-6.072265624999999
9845,-4.3662109375
9846,4.0966796875
9847,2.13525390625
9848,5.208984375000001
9849,-3.238037109375
9850,-6.292724609374999
9851,-4.955078124999999
9852,10.718505859375
9853,-11.077880859375
9854,11.634033203125
9855,9.593505859375
9856,-2.950927734375
9857,1.3842773437500002
9858,-20.50244140625
9859,42.670654296875
9860,7.634033203125
9861,6.01171875
9862,-3.530029296875
9863,6.977294921875
9864,-15.96240234375
9865,36.787353515625
9866,23.550537109375
9867,30.004150390625
9868,48.471435546875
9869,39.845458984375
9870,-21.118896484375
9871,-20.6826171875
9872,-5.286376953125
9873,30.402099609375
9874,37.166748046875
9875,37.613525390625
9876,-20.139404296875
9877,-20.515380859375
9878,34.572998046875
9879,23.031982421875
9880,41.943603515625
9881,-5.34521484375
9882,-0.01904296875
9883,12.593017578125
9884,6.526611328125
9885,-5.62841796875
9886,-6.4501953125
9887,-11.690185546875
9888,4.12744140625
9889,14.370849609375
9890,8.02294921875
9891,-13.183593750000002
9892,-11.186279296875
9893,-11.476318359375
9894,5.80029296875
9895,8.603271484375
9896,-2.353759765625
9897,3.356201171875
9898,18.635986328125
9899,19.868408203124996
9900,10.93212890625
9901,4.302490234375
9902,-1.8793945312500009
9903,-1.3232421875
9904,-0.7580566406249999
9905,-1.748046875
9906,9.267578125
9907,86.50244140624999
9908,-13.7041015625
9909,-45.080078125
9910,-41.08837890625
9911,25.663818359375
9912,24.351318359375
9913,75.427978515625
9914,-9.0224609375
9915,-50.3857421875
9916,-38.394775390625
9917,15.06591796875
9918,19.25244140625
9919,62.10107421875
9920,-19.63134765625
9921,-32.175537109375
9922,92.849853515625
9923,70.11767578125
9924,-13.73876953125
9925,-13.285156249999998
9926,-50.93115234375
9927,-25.702880859375
9928,94.7275390625
9929,67.86328125
9930,-19.47119140625
9931,-21.852294921875
9932,-15.96435546875
9933,21.48193359375
9934,5.97265625
9935,1.980224609375
9936,3.2998046875000004
9937,1.2807617187500002
9938,-2.314208984375
9939,18.574462890625
9940,4.765380859374999
9941,3.2939453124999996
9942,3.501220703125
9943,39.467041015625
9944,15.092529296875
9945,22.307861328125
9946,40.025390625
9947,11.084228515625002
9948,-6.76171875
9949,-20.583740234375
9950,13.0390625
9951,60.8427734375
9952,44.172607421875
9953,7.003662109374999
9954,-12.249755859375
9955,-24.289306640625
9956,7.471435546875
9957,6.22607421875
9958,0.24926757812499992
9959,-7.648193359374999
9960,57.025390625
9961,44.789794921875
9962,53.85498046875
9963,-25.580078125
9964,-17.6904296875
9965,-2.916259765625
9966,50.97119140625
9967,46.16064453125001
9968,52.974365234375
9969,-5.53759765625
9970,15.192138671875
9971,-5.681884765625
9972,-0.7062988281250004
9973,-2.884521484375
9974,-1.1337890625
9975,9.7880859375
9976,25.087890625
9977,20.4130859375
9978,20.175292968749996
9979,6.746826171875
9980,4.70703125
9981,11.310302734375
9982,3.9580078124999996
9983,-0.708984375
9984,-6.190673828125
9985,10.359130859375
9986,-46.69677734375
9987,12.793701171875
9988,9.250732421875
9989,-4.031494140625
9990,-0.39062499999999983
9991,-2.442626953125
9992,-39.6513671875
9993,9.948974609375
9994,17.656494140625
9995,21.434814453125
9996,19.1943359375
9997,36.770263671875
9998,6.6494140625
9999,4.6064453125
10000,-8.481201171875
10001,1.3979492187500002
10002,9.006103515625
10003,-5.236572265625
10004,-4.675537109374999
10005,9.05322265625
10006,-3.474365234375
10007,0.08935546875
10008,16.356689453125
10009,4.6787109375
10010,-11.023925781250002
10011,-16.712890625
10012,8.207763671875
10013,29.960937500000004
10014,30.197509765625
10015,-0.16162109375
10016,-16.160888671875
10017,-21.741943359375
10018,11.5576171875
10019,28.35302734375
10020,33.110107421875
10021,-62.71118164062499
10022,-21.658935546875
10023,-14.977783203125
10024,-0.5087890625
10025,-0.91015625
10026,-3.573486328125
10027,6.39111328125
10028,-34.078857421875
10029,-18.19921875
10030,-9.362060546875
10031,-2.48388671875
10032,4.495849609375
10033,-0.5874023437500003
10034,0.54296875
10035,-17.612060546875
10036,-14.661865234375
10037,-36.52490234375
10038,12.090087890625
10039,57.58544921875
10040,37.87695312500001
10041,31.24560546875
10042,4.31884765625
10043,5.53076171875
10044,16.544189453125
10045,60.7373046875
10046,35.2197265625
10047,-9.580810546875
10048,11.451904296875
10049,-12.597900390625
10050,-19.172607421875
10051,-20.20458984375
10052,-13.865234375
10053,52.5634765625
10054,-2.565185546875
10055,-6.57373046875
10056,-13.32177734375
10057,-22.234619140625
10058,-17.859130859375
10059,49.142333984375
10060,-11.163330078125
10061,-19.513427734374996
10062,-11.013427734375
10063,14.625732421875
10064,15.546630859375
10065,1.690673828125
10066,4.368408203125
10067,-8.608154296875
10068,9.89404296875
10069,11.023193359375
10070,13.478515625
10071,1.028076171875
10072,5.352294921875
10073,17.63525390625
10074,13.795654296875
10075,1.9663085937500002
10076,71.303955078125
10077,-3.954345703125
10078,15.312255859375
10079,2.252685546875
10080,11.305175781250002
10081,73.9560546875
10082,75.1826171875
10083,-1.500732421875
10084,13.75537109375
10085,-0.0791015625
10086,-20.259521484375
10087,107.3896484375
10088,67.220947265625
10089,58.563232421875
10090,62.6171875
10091,65.089599609375
10092,-8.258056640625
10093,2.976806640625
10094,70.54931640625
10095,-11.390380859375
10096,57.65673828125
10097,65.8193359375
10098,-8.17626953125
10099,88.666259765625
10100,54.854248046875
10101,36.893310546875
10102,20.588623046875
10103,17.627197265625
10104,-7.531494140625001
10105,7.7255859375
10106,1.350830078125
10107,-12.298828125
10108,105.56811523437499
10109,11.603271484374998
10110,-4.1201171875
10111,5.00048828125
10112,14.077636718749998
10113,47.951904296875
10114,5.2578125
10115,-16.199951171875
10116,8.3798828125
10117,9.641113281250002
10118,4.4482421875
10119,10.66552734375
10120,8.42041015625
10121,-14.554931640625
10122,7.482177734375
10123,7.070556640625001
10124,10.47314453125
10125,11.44287109375
10126,-11.529296875
10127,-12.1005859375
10128,4.4326171875
10129,0.3654785156250004
10130,5.744140624999999
10131,-1.7626953125
10132,21.008544921875
10133,17.62939453125
10134,7.815185546875
10135,0.343994140625
10136,5.623046875000001
10137,-0.193603515625
10138,-11.675048828125
10139,5.014404296875
10140,13.9931640625
10141,28.817138671875
10142,-4.492431640625
10143,-2.758056640625
10144,38.953369140625
10145,-2.322265625
10146,-8.141845703125
10147,26.6650390625
10148,-5.50732421875
10149,-2.48828125
10150,38.301513671875
10151,2.3857421875000004
10152,8.187255859375
10153,-14.230468750000002
10154,-2.0322265625
10155,-13.993408203125
10156,1.798828125
10157,-19.702148437499996
10158,65.5498046875
10159,50.750732421875
10160,29.544189453125
10161,-15.501708984374998
10162,5.98388671875
10163,-17.3642578125
10164,33.1025390625
10165,50.700439453125
10166,11.332763671875
10167,31.990966796875004
10168,0.79833984375
10169,-10.01318359375
10170,-6.5498046875
10171,-3.413818359375
10172,22.097900390625
10173,20.650634765625
10174,5.34228515625
10175,-9.736083984374998
10176,-1.3666992187500002
10177,36.90380859375
10178,8.44189453125
10179,7.277099609374999
10180,10.43603515625
10181,-0.9453125
10182,-11.63818359375
10183,-2.811279296875
10184,-1.9008789062499998
10185,9.37646484375
10186,-9.054931640625
10187,-1.586181640625
10188,-7.354248046875
10189,-5.06005859375
10190,-3.66455078125
10191,9.6796875
10192,4.109130859375
10193,17.17138671875
10194,0.49853515625
10195,20.227294921875
10196,5.697509765625
10197,23.3017578125
10198,31.92626953125
10199,37.437255859375
10200,-6.04150390625
10201,27.005859375
10202,2.1313476562499996
10203,3.2705078124999996
10204,36.386474609375
10205,12.879150390625
10206,-10.085693359375
10207,2.06396484375
10208,0.431640625
10209,27.136474609375
10210,8.883544921875
10211,8.960205078125
10212,1.587646484375
10213,-1.4213867187500002
10214,3.063720703125
10215,21.102783203124996
10216,0.33154296875
10217,-8.32421875
10218,-11.73193359375
10219,1.89453125
10220,13.900146484374998
10221,0.6813964843750001
10222,-0.281005859375
10223,4.29150390625
10224,-8.668212890625
10225,2.220458984375
10226,13.484863281250002
10227,0.802734375
10228,2.163330078125
10229,2.95703125
10230,0.7341308593750001
10231,1.7602539062499998
10232,-1.9990234375000004
10233,-1.610107421875
10234,67.84912109375
10235,84.297607421875
10236,-33.729248046875
10237,-11.250488281250002
10238,-4.181396484375
10239,1.107177734375
10240,70.453369140625
10241,78.590087890625
10242,-19.147705078125
10243,1.4323730468749996
10244,-8.249267578125
10245,-14.634521484374998
10246,28.239013671875
10247,17.120361328125
10248,30.050292968749996
10249,-8.802978515625
10250,-31.455078125
10251,0.6179199218750001
10252,21.890869140625
10253,22.977294921875
10254,26.320556640625
10255,-0.8723144531249999
10256,-25.284912109375
10257,-6.903564453125
10258,-5.95361328125
10259,-18.98388671875
10260,-16.114013671875
10261,-3.41162109375
10262,-5.217529296875
10263,22.905517578125
10264,35.316162109375
10265,-22.233642578125
10266,-20.485107421875
10267,-5.18408203125
10268,19.6337890625
10269,-0.160400390625
10270,4.529296875
10271,-11.02978515625
10272,61.3427734375
10273,71.525634765625
10274,70.1787109375
10275,-37.50048828125
10276,2.5268554687499996
10277,-16.984619140625
10278,66.436767578125
10279,76.718017578125
10280,68.82373046875
10281,1.091796875
10282,2.6025390624999996
10283,-17.53369140625
10284,-1.300048828125
10285,-14.22021484375
10286,8.054931640625
10287,-2.312744140625
10288,-6.49609375
10289,6.0224609375
10290,-4.02294921875
10291,-13.042724609375
10292,5.021484375000001
10293,3.60400390625
10294,4.964599609374999
10295,6.03173828125
10296,-0.005126953125
10297,6.62744140625
10298,12.757324218749998
10299,0.79248046875
10300,9.517333984374998
10301,-3.82275390625
10302,5.150634765625
10303,30.240966796875004
10304,11.172607421875
10305,-3.24072265625
10306,10.3564453125
10307,-8.365478515625
10308,7.09912109375
10309,12.158447265625
10310,-13.824951171875
10311,67.862548828125
10312,29.730712890625
10313,67.513671875
10314,-22.746826171875
10315,-20.058837890625
10316,-14.903076171875
10317,68.849853515625
10318,33.89013671875
10319,70.034423828125
10320,-6.47900390625
10321,-38.88745117187499
10322,-33.43896484375
10323,-11.715087890625
10324,-9.481689453125
10325,31.594726562500004
10326,30.1005859375
10327,9.140380859375
10328,63.172607421875
10329,-17.4501953125
10330,-8.601318359375
10331,36.755615234375
10332,23.303955078125
10333,23.658447265625004
10334,6.18505859375
10335,-15.880615234375
10336,10.003662109375
10337,55.284912109375
10338,-19.8466796875
10339,11.790771484374998
10340,151.19189453125
10341,-79.422607421875
10342,-80.11132812500001
10343,57.192138671875
10344,-23.272216796875004
10345,18.248779296875
10346,-27.477294921875
10347,12.277099609375
10348,11.439697265625
10349,7.0546875
10350,18.23583984375
10351,10.323486328125
10352,6.3544921875
10353,-8.7001953125
10354,-4.671142578125
10355,-11.781494140625
10356,15.896484375
10357,14.540771484374998
10358,6.510498046875
10359,-11.490478515625002
10360,10.669189453125
10361,-1.967529296875
10362,-13.440673828125
10363,-2.96630859375
10364,-4.189453125
10365,-2.560791015625
10366,-7.022216796875
10367,-9.766357421875
10368,-13.13916015625
10369,-6.046630859374999
10370,-2.40478515625
10371,-5.637939453125
10372,13.100341796875
10373,-54.59130859375
10374,-13.077636718749998
10375,17.252197265625
10376,-3.33349609375
10377,-29.646728515625
10378,-6.437255859374999
10379,-4.210693359375
10380,14.543212890625
10381,1.509033203125
10382,-7.1591796875
10383,-30.582763671875
10384,-5.1611328125
10385,2.018310546875
10386,25.34326171875
10387,-23.685791015625
10388,-14.607177734375
10389,18.0556640625
10390,-1.953369140625
10391,-0.566162109375
10392,13.6826171875
10393,-1.859130859375
10394,30.6826171875
10395,14.146728515625002
10396,-1.7192382812500004
10397,-3.717529296875
10398,32.566162109375
10399,27.06689453125
10400,30.207275390625
10401,-11.485595703125
10402,16.140869140625
10403,29.594970703125
10404,24.95263671875
10405,-16.01611328125
10406,-12.749511718749998
10407,-2.638916015625
10408,20.0966796875
10409,29.555908203124996
10410,20.05224609375
10411,18.41552734375
10412,13.79443359375
10413,-1.678955078125
10414,8.3154296875
10415,9.0673828125
10416,6.844482421875
10417,9.395263671875
10418,-2.984619140625
10419,-0.97802734375
10420,-5.333984375000001
10421,12.283203125
10422,6.60888671875
10423,15.76806640625
10424,-6.68212890625
10425,-5.20703125
10426,-6.643310546875
10427,-16.938232421875
10428,9.805419921875
10429,65.4609375
10430,35.38525390625
10431,-4.32763671875
10432,-35.093505859375
10433,-36.768310546875
10434,5.257568359374999
10435,56.87109375
10436,35.55322265625
10437,-16.451416015625
10438,-24.871582031250004
10439,-28.492919921875
10440,-38.362060546875
10441,-9.203125
10442,-46.96142578125
10443,-24.43701171875
10444,-17.3359375
10445,-16.278076171875
10446,-10.626708984374998
10447,-9.1943359375
10448,-43.03247070312499
10449,-23.218505859375
10450,90.33422851562499
10451,-26.115966796875004
10452,-24.208251953125
10453,14.8740234375
10454,13.0849609375
10455,-9.624267578125
10456,-1.510009765625
10457,-3.943603515625
10458,-7.751953124999999
10459,27.668457031250004
10460,11.809326171875
10461,-5.712646484375
10462,-1.6694335937500002
10463,-0.38232421875
10464,-2.9970703124999996
10465,4.42529296875
10466,20.944091796875004
10467,87.234130859375
10468,-73.680419921875
10469,-79.311279296875
10470,53.2626953125
10471,50.0576171875
10472,113.1220703125
10473,82.95849609375
10474,-68.92724609375
10475,-75.458984375
10476,-31.956298828125
10477,-32.13623046875
10478,43.54248046875
10479,1.8564453125
10480,4.441650390625
10481,7.830322265624999
10482,9.698974609375
10483,33.7216796875
10484,22.069091796875004
10485,21.606689453125
10486,7.55615234375
10487,5.05908203125
10488,10.632324218749998
10489,18.383056640625
10490,35.407470703125
10491,12.662841796875
10492,33.22265625
10493,-16.640869140625
10494,-10.022949218749998
10495,3.546875
10496,4.1142578125
10497,9.17041015625
10498,24.153564453125
10499,-15.804931640625
10500,-9.64501953125
10501,0.6125488281249999
10502,45.4326171875
10503,18.96337890625
10504,20.4501953125
10505,14.803955078125
10506,27.987792968749996
10507,-17.212646484375
10508,-14.171142578125
10509,5.6826171875
10510,18.681884765625
10511,16.772216796875
10512,30.43505859375
10513,-12.663818359375
10514,-12.92626953125
10515,-10.77880859375
10516,2.15576171875
10517,15.216064453125
10518,67.518798828125
10519,62.65576171875
10520,-29.079101562500004
10521,-23.0107421875
10522,-19.400390625
10523,-15.802978515625002
10524,87.27001953125001
10525,65.712646484375
10526,-28.153076171875
10527,-22.89599609375
10528,2.048828125
10529,30.541259765625
10530,106.0078125
10531,12.118896484374998
10532,-33.883544921875
10533,3.65576171875
10534,-6.09716796875
10535,24.31298828125
10536,-18.701171875
10537,39.21337890625
10538,-33.701416015625
10539,3.1721191406249996
10540,-3.827392578125
10541,9.064453125
10542,24.551513671875
10543,5.724853515625
10544,18.499755859375
10545,-21.647705078125
10546,-10.93603515625
10547,-13.4091796875
10548,87.865966796875
10549,34.264892578125
10550,6.80810546875
10551,-20.973876953125
10552,-13.11279296875
10553,-11.8251953125
10554,-47.2734375
10555,30.376953125
10556,19.6181640625
10557,-1.4169921875
10558,-3.125732421875
10559,4.62841796875
10560,10.663330078125
10561,-7.504638671875
10562,-5.00439453125
10563,0.8308105468750001
10564,-8.211181640625
10565,7.277587890625001
10566,8.064208984375
10567,1.772705078125
10568,0.5808105468750001
10569,0.93359375
10570,21.92578125
10571,-18.20556640625
10572,-16.091064453125
10573,-12.192138671875
10574,62.400390625
10575,15.797607421875
10576,19.371337890625
10577,-14.033203125
10578,-14.993896484374998
10579,-15.743408203125
10580,-6.593017578125
10581,12.863037109375
10582,16.23388671875
10583,8.935546875
10584,29.784667968749996
10585,-3.517578125
10586,-11.3046875
10587,14.8642578125
10588,12.419921875
10589,6.31103515625
10590,33.87890625
10591,-8.08251953125
10592,-10.441162109375
10593,86.061279296875
10594,-13.758056640625
10595,-0.1640625
10596,12.223388671875
10597,4.981201171875
10598,4.347412109375
10599,7.857421875000001
10600,47.479736328125
10601,15.5224609375
10602,21.61328125
10603,-0.051025390625
10604,0.486328125
10605,5.210205078125
10606,1.439208984375
10607,12.2978515625
10608,15.894287109375
10609,5.845947265625
10610,7.387451171875
10611,-1.3935546875
10612,-6.158203124999999
10613,-2.45361328125
10614,-10.104248046875
10615,3.392822265625
10616,1.5356445312499998
10617,3.81494140625
10618,-5.073486328125
10619,14.112548828125
10620,2.8447265624999996
10621,-3.28955078125
10622,-15.68408203125
10623,-17.954345703125
10624,26.050292968749996
10625,38.81591796875
10626,-31.88623046875
10627,-27.672607421875
10628,-20.105957031250004
10629,-12.6083984375
10630,30.144775390625
10631,38.2099609375
10632,1.8823242187500002
10633,-3.315673828125
10634,-10.623779296875
10635,-3.6611328124999996
10636,4.069091796875
10637,14.993408203125
10638,12.3662109375
10639,-14.476806640625
10640,-3.248779296875
10641,3.75927734375
10642,4.891845703125
10643,13.019287109375
10644,7.489501953125
10645,12.189208984374998
10646,4.98095703125
10647,-9.586181640625
10648,2.912353515625
10649,11.000244140625
10650,2.861083984375
10651,3.78466796875
10652,3.712890625
10653,-15.248046875
10654,-5.185791015625001
10655,12.51318359375
10656,8.211669921875
10657,2.827392578125
10658,-5.294677734375
10659,24.415283203124996
10660,-7.05029296875
10661,-4.749267578125
10662,-5.4970703125
10663,2.729248046875
10664,-2.690673828125
10665,11.461425781250002
10666,-2.023193359375
10667,7.0615234375
10668,-3.260009765625
10669,7.101318359374999
10670,-5.482177734375
10671,10.542236328125
10672,-3.375732421875
10673,0.8781738281249999
10674,-20.842529296875
10675,23.608398437499996
10676,17.00244140625
10677,12.125
10678,-19.418212890625
10679,5.839111328125
10680,-9.001708984375
10681,20.657226562500004
10682,18.891845703125
10683,10.193603515625002
10684,-0.91943359375
10685,-15.24365234375
10686,-3.835205078125
10687,-56.78271484375
10688,-7.97705078125
10689,64.292236328125
10690,49.363037109375
10691,2.640869140625
10692,-18.732666015625
10693,-54.485595703125
10694,-11.835449218749998
10695,63.76953125
10696,51.296142578125
10697,10.8046875
10698,-49.39306640624999
10699,-64.186767578125
10700,14.704345703125
10701,16.74560546875
10702,4.48779296875
10703,1.900634765625
10704,-8.99462890625
10705,6.476318359374999
10706,0.51806640625
10707,10.958740234375
10708,5.177978515625
10709,-2.2001953125
10710,-21.772216796875004
10711,6.790283203125
10712,4.290771484375
10713,-9.944580078125
10714,-6.590576171875
10715,36.60009765625
10716,110.695068359375
10717,-38.72314453125001
10718,-38.87377929687501
10719,-36.924072265625
10720,-1.365234375
10721,35.574462890625
10722,118.045166015625
10723,-25.207763671875
10724,-4.334228515625
10725,-20.8876953125
10726,-2.156005859375
10727,-26.539062499999996
10728,20.912353515625
10729,16.540283203125
10730,-19.882568359375
10731,0.39160156250000044
10732,-5.911376953125
10733,-28.7568359375
10734,19.559082031250004
10735,19.773193359375
10736,2.071533203125
10737,5.373779296875
10738,-1.494140625
10739,2.2978515625
10740,6.9208984375
10741,21.43310546875
10742,11.236328125
10743,9.399658203125
10744,-3.113037109375
10745,-1.260986328125
10746,8.335693359375
10747,16.111572265625
10748,16.852783203125
10749,6.297119140625001
10750,-3.0283203124999996
10751,2.497802734375
10752,27.841064453125
10753,14.01318359375
10754,5.14453125
10755,-25.3466796875
10756,3.956787109375
10757,13.88525390625
10758,16.266357421875
10759,10.92041015625
10760,5.373046875000001
10761,-25.02587890625
10762,26.528076171875
10763,5.68701171875
10764,19.04931640625
10765,-6.1181640625
10766,8.5830078125
10767,10.01708984375
10768,7.661865234375
10769,15.639404296875
10770,19.689208984375
10771,3.37158203125
10772,9.5595703125
10773,1.284912109375
10774,4.6923828125
10775,14.783935546875
10776,-2.275634765625
10777,1.217529296875
10778,42.494873046875
10779,-3.415283203125
10780,-6.728515624999999
10781,5.5478515625
10782,-5.998291015625
10783,17.94970703125
10784,9.117431640625
10785,-6.2353515625
10786,-2.90576171875
10787,3.796142578125
10788,25.158447265625004
10789,44.3212890625
10790,17.692138671875
10791,54.000244140625
10792,-22.00927734375
10793,-34.176513671875
10794,-31.6005859375
10795,62.08642578125
10796,58.54833984375
10797,70.469970703125
10798,-25.816650390625
10799,-30.715087890625
10800,-33.794189453125
10801,16.5107421875
10802,53.34570312500001
10803,75.810546875
10804,-21.512207031250004
10805,-0.1025390625
10806,-26.673583984375
10807,41.19189453125001
10808,13.751220703125
10809,-2.418701171875
10810,3.05126953125
10811,1.1013183593749996
10812,-24.201171875
10813,41.9228515625
10814,13.370849609375
10815,-12.6708984375
10816,-25.796630859375
10817,4.197509765625
10818,27.361572265625004
10819,23.396240234375
10820,25.871826171875
10821,-0.8928222656249999
10822,16.726318359375
10823,7.8349609375
10824,30.931396484375
10825,20.196044921875
10826,16.470703125
10827,-1.544189453125
10828,21.78125
10829,-8.498046875
10830,-12.8515625
10831,26.642822265625004
10832,17.303955078125
10833,8.893798828125
10834,17.23388671875
10835,5.837158203125
10836,5.341552734375
10837,28.280273437499996
10838,21.978515625
10839,3.824462890625
10840,0.19677734375
10841,-1.216796875
10842,-7.053466796875
10843,60.156982421875
10844,83.498291015625
10845,45.10546875
10846,-41.2451171875
10847,132.373046875
10848,-20.1826171875
10849,127.883056640625
10850,81.094970703125
10851,47.631103515625
10852,-43.90234375
10853,40.208251953125
10854,62.670166015625
10855,47.15380859375
10856,10.664794921875
10857,0.463623046875
10858,-3.59423828125
10859,-9.01171875
10860,1.712158203125
10861,11.466064453125
10862,16.8310546875
10863,-1.931396484375
10864,-4.529052734375
10865,-6.93701171875
10866,6.029541015625
10867,13.77783203125
10868,6.33642578125
10869,19.972900390625
10870,10.347656249999998
10871,-10.02490234375
10872,12.65380859375
10873,36.247314453125
10874,-5.33203125
10875,2.983154296875
10876,19.022705078125
10877,-13.375488281250002
10878,12.4736328125
10879,65.317138671875
10880,68.843505859375
10881,77.122802734375
10882,-11.062744140625
10883,-0.8786621093750001
10884,9.312988281250002
10885,2.43896484375
10886,-13.324462890625
10887,-24.953125
10888,-19.07861328125
10889,3.324462890625
10890,2.374267578125
10891,3.336669921875
10892,3.013671875
10893,-10.249267578125
10894,-5.9951171875
10895,-19.673828125
10896,-32.581298828125
10897,-14.706298828125
10898,2.56201171875
10899,-28.824462890625
10900,22.4501953125
10901,-3.93359375
10902,-35.861328125
10903,-18.828369140625
10904,-0.207275390625
10905,17.532470703125
10906,36.899169921875
10907,-1.9111328125
10908,-10.602294921875
10909,6.00830078125
10910,6.036376953125
10911,8.506103515625
10912,8.82568359375
10913,-8.39697265625
10914,-13.026123046875
10915,4.88623046875
10916,8.77783203125
10917,12.022705078125
10918,-4.104736328125
10919,-6.015380859374999
10920,-9.445800781250002
10921,25.17431640625
10922,-25.53271484375
10923,-23.531494140625
10924,-19.969726562500004
10925,7.921630859374999
10926,26.55419921875
10927,26.359619140625
10928,-26.87548828125
10929,-22.67919921875
10930,-22.779541015625
10931,-3.58154296875
10932,15.788330078125
10933,19.121337890625
10934,-1.923095703125
10935,-11.525390625
10936,-0.7138671875
10937,8.158447265625
10938,9.2216796875
10939,9.196533203125
10940,5.826171875000001
10941,-9.04541015625
10942,3.02001953125
10943,9.418701171875
10944,-6.1064453125
10945,-5.819335937500001
10946,2.162109375
10947,6.46044921875
10948,-1.5322265625
10949,-6.7900390625
10950,-10.786865234375
10951,11.604736328125
10952,20.856201171875
10953,15.984375
10954,-2.548095703125
10955,-7.19287109375
10956,-10.122314453125
10957,17.54931640625
10958,29.588134765625
10959,46.389892578125
10960,-17.970458984375
10961,17.2861328125
10962,52.045166015625
10963,102.75146484375
10964,-14.607421875
10965,-34.396484375
10966,-39.500732421875
10967,23.03369140625
10968,50.21240234375
10969,108.7353515625
10970,-13.009033203125
10971,-32.6884765625
10972,-34.9951171875
10973,23.58740234375
10974,-7.60595703125
10975,-14.517822265625
10976,-0.314208984375
10977,1.061279296875
10978,10.3642578125
10979,-10.843017578125
10980,-5.006103515625
10981,-15.662109375
10982,1.6333007812499998
10983,17.3115234375
10984,9.241943359375
10985,26.06787109375
10986,-6.23486328125
10987,13.6015625
10988,16.6806640625
10989,3.957763671875
10990,10.074951171875
10991,8.16845703125
10992,-6.455078124999999
10993,15.09033203125
10994,12.840576171875
10995,10.0869140625
10996,7.39892578125
10997,-13.079345703125
10998,-12.898681640625
10999,5.564208984375
11000,7.2265625
11001,-8.0078125
11002,-4.55517578125
11003,14.798828125
11004,10.418701171875
11005,8.730712890625
11006,5.076171875000001
11007,-12.876953125
11008,-1.6479492187500002
11009,29.182861328125
11010,-4.192626953125
11011,9.71630859375
11012,27.7919921875
11013,-29.76171875
11014,45.645263671875
11015,54.89794921875
11016,62.104736328125
11017,-39.00122070312499
11018,23.216552734374996
11019,-31.654052734374996
11020,44.75537109375
11021,54.400146484375
11022,3.404541015625
11023,9.064453125
11024,19.394287109375
11025,-7.595703124999999
11026,-1.368896484375
11027,7.277587890625001
11028,-4.373046875
11029,15.749755859375
11030,-1.361083984375
11031,-5.106201171875
11032,-3.239013671875
11033,-0.03808593749999955
11034,-2.915283203125
11035,25.3232421875
11036,5.680908203125
11037,-4.960693359374999
11038,-12.38720703125
11039,-4.044921875
11040,3.465576171875
11041,37.40087890625
11042,-1.227294921875
11043,1.4995117187500002
11044,-16.740966796875
11045,-5.654541015625
11046,8.469970703125
11047,33.2890625
11048,15.5302734375
11049,7.814453124999999
11050,9.85400390625
11051,-8.56640625
11052,9.223876953125
11053,7.4091796875
11054,0.319091796875
11055,17.0244140625
11056,11.9208984375
11057,3.17724609375
11058,7.8388671875
11059,11.896484375
11060,-3.5478515624999996
11061,4.719970703125
11062,14.1513671875
11063,0.89453125
11064,1.337646484375
11065,-2.783447265625
11066,-35.04443359375
11067,3.328857421875
11068,0.88818359375
11069,7.871337890625001
11070,35.38232421875
11071,-0.529052734375
11072,-28.6435546875
11073,5.03369140625
11074,-6.181884765625
11075,1.4711914062499998
11076,11.13818359375
11077,26.7783203125
11078,-0.17431640624999956
11079,-17.618896484375
11080,-7.818603515625
11081,-12.645263671875
11082,10.23876953125
11083,5.78515625
11084,1.407470703125
11085,-18.298828125
11086,-7.799072265625
11087,22.766845703125
11088,10.652587890625
11089,5.560546875000001
11090,3.041015625
11091,-4.261474609375
11092,12.284423828125
11093,-14.61376953125
11094,8.9189453125
11095,10.728759765625
11096,6.3408203125
11097,-6.9931640625
11098,9.968017578125
11099,-15.383300781250002
11100,0.857421875
11101,11.454833984374998
11102,8.243896484375
11103,4.5439453125
11104,39.16308593749999
11105,-0.014404296875
11106,7.668212890625001
11107,-31.563232421875
11108,-48.304443359375
11109,-3.70654296875
11110,35.660400390625
11111,4.916015624999999
11112,8.22900390625
11113,-17.424560546875
11114,-7.600341796875
11115,-21.415771484375
11116,1.8916015625
11117,5.6142578125
11118,5.258056640625001
11119,2.947265625
11120,8.214599609375
11121,4.835205078125
11122,18.6376953125
11123,3.630126953125
11124,8.141357421875
11125,3.00146484375
11126,-12.686767578125
11127,-6.395751953125
11128,0.500244140625
11129,121.656005859375
11130,-6.18603515625
11131,-18.1767578125
11132,-20.51318359375
11133,-24.155029296875
11134,184.11083984375
11135,16.294189453125
11136,-5.84326171875
11137,-19.7607421875
11138,-17.5302734375
11139,41.394287109375
11140,133.54833984375
11141,39.399658203125
11142,36.748046875
11143,-16.843994140625
11144,-7.942138671875
11145,-16.45068359375
11146,28.7568359375
11147,10.056884765625
11148,22.7880859375
11149,-10.942626953125
11150,-4.962402343750001
11151,-14.445068359375
11152,6.365966796875
11153,20.9599609375
11154,31.577880859375
11155,63.9951171875
11156,-24.332275390625
11157,-9.5927734375
11158,-23.649169921875
11159,25.516601562500004
11160,21.908447265625004
11161,31.355957031250004
11162,-27.969482421875
11163,-13.6259765625
11164,-22.601562499999996
11165,23.76708984375
11166,34.906005859375
11167,35.607177734375
11168,16.367431640625
11169,-16.6630859375
11170,3.200439453125
11171,-7.266357421875
11172,30.384765625
11173,35.191162109375
11174,9.351318359375
11175,-11.998291015625002
11176,-4.355224609375
11177,-2.518798828125
11178,11.945556640625
11179,30.911376953125
11180,36.87939453125
11181,-6.40185546875
11182,-12.782470703125
11183,-12.668212890625
11184,36.92138671875
11185,0.6599121093750001
11186,3.36962890625
11187,-2.0166015625
11188,-16.821044921875
11189,-14.3720703125
11190,32.196044921875
11191,-10.315185546875
11192,30.123291015625
11193,1.6975097656249998
11194,54.53466796875
11195,-14.711669921875
11196,2.873291015625
11197,-26.444091796875004
11198,-1.5922851562499998
11199,87.16113281249999
11200,62.43505859375
11201,-13.77978515625
11202,1.10009765625
11203,-28.09423828125
11204,12.950439453125
11205,65.659912109375
11206,90.926025390625
11207,-7.337158203125
11208,6.588134765625
11209,5.94677734375
11210,1.265869140625
11211,-11.7294921875
11212,1.433349609375
11213,7.1513671875
11214,3.30322265625
11215,10.2568359375
11216,0.6213378906249999
11217,-5.434326171875
11218,-8.13330078125
11219,-4.088623046875
11220,69.587890625
11221,27.092529296875
11222,-20.474853515625
11223,-21.42578125
11224,7.48046875
11225,14.680175781250002
11226,65.33935546875
11227,28.119384765625
11228,-23.982421875
11229,-18.924072265625004
11230,-9.50634765625
11231,10.294921875
11232,42.54541015625
11233,-14.8349609375
11234,-0.285400390625
11235,-12.060791015625002
11236,2.81298828125
11237,96.557861328125
11238,30.530273437499996
11239,50.705322265625
11240,0.24707031250000006
11241,-12.817138671875
11242,5.071044921875
11243,2.8671875
11244,-17.76318359375
11245,-21.822265625
11246,-7.702392578125
11247,9.490722656250002
11248,8.5537109375
11249,6.473876953125
11250,39.34326171875
11251,36.673095703125
11252,1.7612304687500002
11253,9.479492187499996
11254,11.464111328125
11255,13.240966796875
11256,-19.37890625
11257,-20.222900390625
11258,-7.84423828125
11259,1.181396484375
11260,58.516845703125
11261,30.328369140625
11262,-37.924560546875
11263,14.82177734375
11264,9.704833984374998
11265,4.624755859374999
11266,63.39599609375
11267,26.462890625
11268,-42.125244140625
11269,-17.689697265625
11270,-18.935791015625
11271,-10.6611328125
11272,-9.439208984374998
11273,104.16430664062499
11274,2.042724609375
11275,30.27392578125
11276,-11.203857421875
11277,49.760498046875
11278,-52.31689453125001
11279,95.54077148437501
11280,4.0302734375
11281,35.56689453125
11282,6.31494140625
11283,-31.123779296875
11284,29.732666015625
11285,12.627197265625
11286,-1.5864257812499998
11287,-14.2412109375
11288,-10.5498046875
11289,22.142578125
11290,-9.569091796875
11291,2.881591796875
11292,-1.489013671875
11293,-9.65869140625
11294,-9.848388671875
11295,-2.88330078125
11296,-1.2575683593749996
11297,6.81982421875
11298,-14.1884765625
11299,-3.664306640625
11300,-15.472900390625
11301,-4.230224609375
11302,11.256103515625002
11303,-14.978759765625
11304,1.228271484375
11305,-6.198974609374999
11306,-8.880859375
11307,-5.21240234375
11308,1.637939453125
11309,-18.03759765625
11310,-21.591796875
11311,5.485107421875
11312,0.516357421875
11313,-8.555908203125
11314,-7.373291015625
11315,-0.9248046874999998
11316,17.378173828125
11317,18.802001953125
11318,0.7629394531249999
11319,-8.082275390625
11320,-6.13916015625
11321,18.34423828125
11322,19.76025390625
11323,10.035888671875
11324,30.162109375
11325,35.712646484375
11326,-13.318359375
11327,-4.8935546875
11328,8.710693359375
11329,5.214111328125
11330,23.86962890625
11331,40.9521484375
11332,-9.038818359375
11333,-2.3603515624999996
11334,10.629394531249998
11335,13.2099609375
11336,26.472412109375
11337,19.096923828125
11338,-7.3232421875
11339,-5.39111328125
11340,-9.5400390625
11341,-5.027587890625001
11342,11.860107421875
11343,20.253173828125
11344,-6.418701171875
11345,-0.339599609375
11346,-14.528564453125
11347,72.0478515625
11348,-2.21142578125
11349,27.404052734374996
11350,35.013427734375
11351,-10.193359375
11352,-25.133056640625
11353,32.678466796875
11354,6.622802734375
11355,-4.21240234375
11356,5.80322265625
11357,-6.09228515625
11358,-24.109130859375
11359,32.11279296875
11360,16.053466796875
11361,19.516845703125
11362,17.88134765625
11363,-23.41015625
11364,-14.392333984374998
11365,49.927978515625
11366,60.119140625
11367,-3.232421875
11368,12.159912109375
11369,-5.14892578125
11370,-5.747314453125
11371,48.49804687499999
11372,53.2763671875
11373,-12.579833984374998
11374,41.8642578125
11375,-15.050048828125
11376,17.4140625
11377,-2.35302734375
11378,3.857177734375
11379,-4.2763671875
11380,3.266357421875
11381,-4.933837890625001
11382,1.445556640625
11383,-1.6440429687500002
11384,-0.31689453124999983
11385,-5.545166015625
11386,-1.6171875
11387,-1.135498046875
11388,1.941162109375
11389,20.0517578125
11390,7.177978515625
11391,8.4140625
11392,-9.750244140625
11393,53.46484375
11394,55.32275390625
11395,7.427978515625
11396,1.6528320312499998
11397,2.2392578125
11398,-8.77099609375
11399,-25.774169921875
11400,-27.407226562500004
11401,39.20751953125
11402,93.467041015625
11403,13.469482421875
11404,92.08056640625
11405,57.048583984375
11406,-12.953369140625
11407,-25.767822265625004
11408,76.89453125
11409,13.136474609375
11410,90.015869140625
11411,58.803466796875
11412,-49.34570312500001
11413,9.374267578125
11414,89.112060546875
11415,-13.921630859375
11416,20.93115234375
11417,37.41308593749999
11418,26.29248046875
11419,20.88525390625
11420,5.797607421875
11421,-10.919677734375
11422,19.906494140625
11423,32.72412109375
11424,23.388427734374996
11425,-4.936279296875
11426,0.034912109375
11427,-24.09130859375
11428,33.996826171875
11429,18.31298828125
11430,-22.478759765625
11431,-16.061767578125
11432,8.3515625
11433,50.183837890625
11434,33.29638671875
11435,16.66064453125
11436,-23.153076171875
11437,-21.034912109375
11438,21.302001953125
11439,48.1220703125
11440,50.200439453125
11441,12.66064453125
11442,-3.874755859375
11443,-0.201904296875
11444,-9.268798828125
11445,30.246337890625
11446,29.926025390625
11447,20.79296875
11448,-7.78955078125
11449,-3.434814453125
11450,-6.47509765625
11451,-1.04345703125
11452,0.5859375
11453,14.8828125
11454,4.792724609374999
11455,0.11889648437500011
11456,-15.314453125
11457,-3.324462890625
11458,0.6894531249999997
11459,13.892822265625
11460,22.47021484375
11461,-8.315673828125
11462,-9.800048828125
11463,-4.706787109374999
11464,5.494140624999999
11465,10.699218750000002
11466,11.673583984374998
11467,-15.715576171875
11468,-7.98486328125
11469,23.494873046875
11470,24.140380859375
11471,2.2890625
11472,-7.810546875000001
11473,2.931640625
11474,-4.955322265625
11475,21.768310546875
11476,30.5087890625
11477,-5.442626953125
11478,15.633300781250002
11479,14.224853515625002
11480,18.9638671875
11481,-16.202880859375
11482,-15.134765625
11483,-19.59326171875
11484,-3.156982421875
11485,14.9072265625
11486,16.205078125
11487,-19.27734375
11488,-15.250244140625
11489,-22.020751953125
11490,-6.14306640625
11491,8.26220703125
11492,19.564208984375
11493,12.072509765625
11494,12.2255859375
11495,21.475341796875004
11496,24.119873046875
11497,-17.614990234375
11498,-8.0966796875
11499,-12.910888671875
11500,7.23828125
11501,31.444091796875004
11502,29.353271484375
11503,4.75244140625
11504,-2.95068359375
11505,-17.5703125
11506,-38.77783203125
11507,53.09228515625
11508,83.30615234375
11509,61.10302734375
11510,-12.281494140625
11511,-40.830078125
11512,-44.370361328125
11513,60.858154296875
11514,84.0732421875
11515,63.49877929687501
11516,-19.001220703125
11517,-41.222412109375
11518,-31.737060546875
11519,7.71923828125
11520,34.63818359375
11521,-4.370117187500001
11522,2.07861328125
11523,17.333251953125
11524,2.29638671875
11525,-0.433349609375
11526,34.9619140625
11527,-3.50244140625
11528,7.314208984375
11529,-23.21240234375
11530,-29.3994140625
11531,-9.710205078125
11532,17.3037109375
11533,9.8408203125
11534,3.836181640625
11535,7.344970703125
11536,-3.12548828125
11537,16.46435546875
11538,13.711669921875
11539,0.9108886718750001
11540,0.464599609375
11541,11.2685546875
11542,41.25146484375
11543,23.388916015625
11544,13.365234375
11545,-3.822021484375
11546,-3.26513671875
11547,-0.32177734375
11548,-0.07373046875
11549,-4.02392578125
11550,2.86376953125
11551,1.0126953125
11552,-2.67529296875
11553,-4.96044921875
11554,8.850830078125
11555,-6.590087890625001
11556,-7.95654296875
11557,-0.079833984375
11558,-6.081787109374999
11559,33.88525390625
11560,18.877197265625004
11561,19.277832031250004
11562,25.752685546875
11563,48.26123046875
11564,-16.552490234375
11565,33.623291015625
11566,19.534667968749996
11567,15.185546875
11568,2.0556640625
11569,-6.72802734375
11570,-11.268798828125
11571,-9.049560546875
11572,34.850341796875
11573,36.54052734375
11574,4.847900390625001
11575,14.99365234375
11576,18.960693359375
11577,27.11572265625
11578,29.438476562500004
11579,36.0009765625
11580,7.31201171875
11581,-2.192626953125
11582,-4.696533203125
11583,15.329833984374998
11584,9.405517578125
11585,5.04443359375
11586,0.576171875
11587,2.291259765625
11588,15.880126953125
11589,2.232421875
11590,1.189208984375
11591,2.32177734375
11592,-1.508544921875
11593,-5.529052734375
11594,20.018310546875
11595,5.075439453125
11596,5.2001953125
11597,-8.803955078125
11598,-4.2275390625
11599,7.13427734375
11600,8.75634765625
11601,13.472900390625
11602,2.857666015625
11603,-3.368408203125
11604,-1.5029296875
11605,10.224853515625002
11606,16.7451171875
11607,6.567626953125
11608,7.29443359375
11609,-6.0537109375
11610,8.11865234375
11611,-18.69921875
11612,0.408447265625
11613,-7.74560546875
11614,16.35791015625
11615,20.14599609375
11616,23.014404296875
11617,-16.082763671875
11618,4.947265624999999
11619,-4.45263671875
11620,-14.2919921875
11621,-23.268310546875
11622,-1.1958007812499998
11623,69.267822265625
11624,102.14184570312499
11625,76.71142578125
11626,80.535888671875
11627,68.894287109375
11628,10.30908203125
11629,75.882568359375
11630,99.240234375
11631,66.78369140625
11632,76.66943359375
11633,47.7451171875
11634,40.73974609375
11635,69.948974609375
11636,-12.7197265625
11637,40.198486328125
11638,49.2734375
11639,41.864013671875
11640,6.309326171875
11641,11.88818359375
11642,-10.421630859375
11643,38.6279296875
11644,43.29736328125
11645,46.960693359375
11646,29.308837890625
11647,8.865478515625
11648,-2.399169921875
11649,-1.5498046875
11650,30.837646484375
11651,0.6884765625
11652,27.020751953125
11653,7.63720703125
11654,27.49853515625
11655,-25.25830078125
11656,37.74804687499999
11657,1.6738281249999996
11658,27.530273437499996
11659,-4.959228515625
11660,-4.549560546875
11661,-4.6533203125
11662,2.013916015625
11663,-0.11328125
11664,-7.625732421875
11665,-11.25341796875
11666,-11.52001953125
11667,8.176513671875
11668,19.368896484375
11669,-3.10595703125
11670,-6.3251953125
11671,-11.364013671875
11672,-2.31103515625
11673,12.758544921875
11674,11.288818359375
11675,47.14404296875
11676,5.826416015625
11677,2.692138671875
11678,-8.17724609375
11679,-14.8505859375
11680,-5.49755859375
11681,18.666748046875
11682,6.603759765625
11683,9.055419921875
11684,-6.52978515625
11685,55.64794921875
11686,53.069580078125
11687,50.03271484375
11688,18.89697265625
11689,11.02685546875
11690,0.310546875
11691,4.203369140625
11692,26.136474609375
11693,18.21923828125
11694,22.235107421875
11695,12.56103515625
11696,0.9240722656249999
11697,-0.98095703125
11698,2.592041015625
11699,0.3994140625
11700,-8.818603515625
11701,-10.085449218749998
11702,-0.9350585937499998
11703,-4.709228515625
11704,-19.217041015625
11705,-10.847656249999998
11706,2.88232421875
11707,-2.971435546875
11708,0.9182128906249999
11709,-8.86474609375
11710,-19.797607421875
11711,8.4130859375
11712,20.510498046875
11713,7.979736328125
11714,55.64794921875
11715,-13.766357421875
11716,5.818603515625
11717,-27.0556640625
11718,5.085693359374999
11719,3.916015625
11720,47.341552734375
11721,-10.262451171875
11722,3.245361328125
11723,-26.679443359375
11724,20.012207031250004
11725,31.578857421875
11726,34.95458984375
11727,-21.487060546875
11728,14.29833984375
11729,-6.900146484375
11730,27.60546875
11731,3.65966796875
11732,-0.7424316406250002
11733,-1.653564453125
11734,16.783935546875
11735,-6.611572265625
11736,28.29638671875
11737,15.498046875
11738,25.998046875
11739,1.4677734375
11740,-18.897216796875004
11741,-14.0693359375
11742,20.422119140625
11743,15.98974609375
11744,-1.1025390625
11745,9.37939453125
11746,-14.554443359375
11747,-12.106201171875
11748,16.703369140625
11749,19.030273437499996
11750,8.484619140625
11751,7.616943359374999
11752,-16.46533203125
11753,2.606201171875
11754,2.3662109375000004
11755,11.755859375
11756,1.033935546875
11757,11.730224609375
11758,4.724365234375
11759,18.826904296875
11760,3.486083984375
11761,8.26220703125
11762,0.408447265625
11763,14.753173828125
11764,6.46044921875
11765,0.047119140625
11766,21.195312499999996
11767,1.237060546875
11768,90.32421875
11769,46.924072265625
11770,-43.919921875
11771,179.89794921875
11772,9.903320312499998
11773,-3.3623046875000004
11774,91.2802734375
11775,46.82495117187499
11776,28.79296875
11777,19.38037109375
11778,-2.0690917968750004
11779,-18.59619140625
11780,-20.710205078125
11781,-4.840087890625001
11782,4.933837890625001
11783,6.4638671875
11784,4.658447265625
11785,3.83056640625
11786,-20.887451171875
11787,-0.27001953125
11788,2.172607421875
11789,4.96533203125
11790,-1.1708984375
11791,5.858154296875
11792,-16.344970703125
11793,5.52294921875
11794,2.97119140625
11795,1.907958984375
11796,3.29931640625
11797,-3.7216796875000004
11798,-18.3720703125
11799,2.72509765625
11800,-1.2192382812499998
11801,0.6005859375
11802,9.12158203125
11803,-2.7060546875000004
11804,-19.608642578125
11805,9.178466796875
11806,-6.1484375
11807,45.150634765625
11808,-4.2529296875
11809,-2.4189453125000004
11810,129.656982421875
11811,111.34326171875
11812,-11.211181640625
11813,43.243408203125
11814,-8.124755859375
11815,32.100830078125
11816,6.99169921875
11817,20.29248046875
11818,8.47216796875
11819,-0.8173828125
11820,-6.431396484375
11821,12.122314453125
11822,2.9069824218750004
11823,20.842773437499996
11824,21.41162109375
11825,-0.84033203125
11826,-6.60302734375
11827,10.544921875
11828,7.994384765625
11829,9.30126953125
11830,-2.138427734375
11831,38.095458984375
11832,-11.05615234375
11833,-24.048583984375
11834,-14.488281249999998
11835,23.981689453125
11836,16.536376953125
11837,13.050048828125
11838,-13.454833984374998
11839,-20.908447265625004
11840,-18.690673828125
11841,2.544189453125
11842,45.652099609375
11843,20.057373046875
11844,-16.102783203125
11845,56.557373046875
11846,23.416748046875
11847,11.360595703125
11848,52.452392578125
11849,-33.05615234375
11850,8.85546875
11851,60.282958984375
11852,25.90625
11853,18.190673828125
11854,-10.868896484374998
11855,-16.765380859375
11856,-20.298828125
11857,-19.234130859375
11858,-3.4384765624999996
11859,18.06396484375
11860,13.114013671875
11861,9.239013671875
11862,6.330078124999999
11863,-15.34716796875
11864,-4.466796875
11865,15.820068359375
11866,15.8408203125
11867,7.6962890625
11868,1.861083984375
11869,-15.80322265625
11870,-16.4638671875
11871,-10.39599609375
11872,-11.2421875
11873,-7.53515625
11874,7.13232421875
11875,17.8740234375
11876,-20.340087890625
11877,-12.508300781250002
11878,-9.15478515625
11879,-13.3330078125
11880,-1.676025390625
11881,-11.251220703125
11882,-20.784423828125
11883,-36.70654296875
11884,16.113525390625
11885,53.673095703125
11886,41.459228515625
11887,61.49951171875
11888,-49.026123046875
11889,-35.870849609375
11890,15.02490234375
11891,60.00537109375
11892,47.565185546875
11893,-32.472900390625
11894,42.47119140625
11895,-28.873291015625
11896,-62.113525390625
11897,81.75341796875
11898,63.296630859375
11899,64.05224609375
11900,97.098876953125
11901,-2.206787109375001
11902,-60.93798828125
11903,82.78369140625
11904,59.33691406250001
11905,63.44921875
11906,-9.656738281250002
11907,-27.694091796875004
11908,-60.613037109375
11909,-15.883544921875
11910,23.496582031250004
11911,11.504638671875
11912,9.217041015625
11913,6.17724609375
11914,-9.512939453125
11915,-14.74560546875
11916,15.070556640625
11917,10.675537109375
11918,10.9306640625
11919,16.280029296875
11920,-15.982666015625002
11921,-8.78759765625
11922,-2.1748046875
11923,10.643310546875
11924,9.5322265625
11925,7.071044921875
11926,-9.2666015625
11927,-4.880615234375
11928,-1.6684570312499998
11929,10.692138671875
11930,10.29541015625
11931,9.01904296875
11932,1.9638671875
11933,-4.225341796875
11934,-1.6259765625
11935,-17.633544921875
11936,-21.631103515625
11937,2.254150390625
11938,36.748046875
11939,-3.960693359375
11940,-4.411376953125
11941,-10.677734375
11942,-18.40380859375
11943,4.948486328125
11944,41.41552734375
11945,-4.48095703125
11946,-4.05029296875
11947,-7.93896484375
11948,15.991455078125
11949,1.07568359375
11950,0.6052246093750001
11951,14.294921875
11952,-7.1474609375
11953,0.368408203125
11954,-2.732421875
11955,6.43359375
11956,-0.9072265625
11957,13.666015625
11958,-12.577636718749998
11959,0.16943359375
11960,-5.836181640625001
11961,2.78662109375
11962,-11.894287109375
11963,30.072021484375
11964,-10.471923828125
11965,-5.839599609374999
11966,-9.27978515625
11967,-8.419677734375
11968,-11.522949218749998
11969,34.0087890625
11970,-11.757080078125
11971,1.591796875
11972,-6.81689453125
11973,-16.611083984375
11974,6.765625
11975,-1.343505859375
11976,-7.917724609374999
11977,-12.270263671875
11978,29.83251953125
11979,17.863525390625
11980,21.432861328125
11981,-2.64208984375
11982,-11.990478515625002
11983,-7.34033203125
11984,5.67333984375
11985,-0.8640136718750001
11986,7.783447265625
11987,-22.165771484375
11988,65.752685546875
11989,46.100830078125
11990,-6.2724609375
11991,-13.42529296875
11992,18.970458984375
11993,28.98291015625
11994,71.3486328125
11995,49.849609375
11996,-5.721923828125
11997,44.778076171875
11998,42.309326171875
11999,48.349609375
12000,9.26220703125
12001,1.738525390625
12002,6.37451171875
12003,3.984375
12004,-7.22021484375
12005,6.6767578125
12006,10.984375
12007,3.755859375
12008,4.146484375
12009,5.328125
12010,27.482666015625
12011,9.023193359375
12012,6.70458984375
12013,-13.713623046875
12014,48.28320312500001
12015,61.213134765625
12016,15.306640625
12017,42.705078125
12018,-9.0849609375
12019,-30.47021484375
12020,42.302001953125
12021,56.892822265625
12022,19.1787109375
12023,-11.844238281250002
12024,-17.739990234375
12025,-26.368896484375
12026,6.705322265625
12027,14.4072265625
12028,-2.4921875
12029,-17.13720703125
12030,0.531982421875
12031,8.95751953125
12032,-6.155029296875
12033,5.406494140625001
12034,0.149169921875
12035,-15.587158203125
12036,12.070800781250002
12037,24.12109375
12038,15.960449218749998
12039,-22.439208984375
12040,-33.93115234375
12041,104.00439453125
12042,100.876220703125
12043,-26.60986328125
12044,-8.598388671875
12045,-31.705078125
12046,-27.439453125
12047,101.782470703125
12048,103.852294921875
12049,-5.845458984375001
12050,-13.673095703125
12051,-28.303955078125
12052,-5.934326171875
12053,-12.421875
12054,-6.7744140625
12055,-7.16259765625
12056,5.74169921875
12057,-14.548095703125
12058,-4.632568359374999
12059,-9.00732421875
12060,-7.063232421875
12061,-8.17138671875
12062,3.756591796875
12063,-24.859619140625
12064,-22.442138671875
12065,-9.756591796875
12066,-21.980712890625
12067,-11.442138671875
12068,-9.927734375
12069,-0.9611816406249999
12070,-4.268310546875
12071,-12.529541015625002
12072,-22.259521484375
12073,-8.683837890625
12074,-12.16552734375
12075,13.2060546875
12076,-1.905029296875
12077,21.84228515625
12078,2.748046875
12079,7.579345703125
12080,5.8505859375
12081,9.088623046875
12082,2.055419921875
12083,1.696533203125
12084,4.9423828125
12085,6.606201171875
12086,5.869140624999999
12087,11.265380859375
12088,-1.671630859375
12089,-0.326416015625
12090,8.415283203125
12091,13.532958984374998
12092,-12.0966796875
12093,-2.27783203125
12094,-36.19189453125
12095,-6.341552734375
12096,66.404296875
12097,29.1533203125
12098,-5.9912109375
12099,3.591796875
12100,-29.478515625
12101,26.960937500000004
12102,4.8515625
12103,21.8369140625
12104,14.75
12105,3.548095703125
12106,-2.1318359375
12107,7.8232421875
12108,18.9248046875
12109,12.710449218749998
12110,8.349609375
12111,2.91845703125
12112,1.182861328125
12113,5.535400390625001
12114,6.579345703125
12115,8.8681640625
12116,-0.6921386718750001
12117,14.97119140625
12118,-2.78271484375
12119,16.886962890625
12120,7.49755859375
12121,12.395263671875
12122,-14.175048828125
12123,15.469238281250002
12124,-8.888427734375
12125,18.12890625
12126,7.812255859374999
12127,3.733642578125
12128,-7.4775390625
12129,16.671142578125
12130,-26.3720703125
12131,-49.430908203125
12132,36.1416015625
12133,88.89404296875
12134,26.290283203124996
12135,-56.8896484375
12136,50.3857421875
12137,-45.515869140625
12138,37.64990234375
12139,90.798095703125
12140,41.74243164062499
12141,-1.8989257812500004
12142,39.069091796875
12143,34.62744140625
12144,-13.858154296875
12145,-21.582275390625
12146,-4.182861328125
12147,5.786376953125
12148,21.59423828125
12149,32.14453125
12150,-14.11474609375
12151,-20.340332031250004
12152,-4.07763671875
12153,8.023193359375
12154,18.547119140625
12155,79.89111328125
12156,19.253173828125
12157,-1.640380859375
12158,-4.630615234375
12159,1.1923828125
12160,-3.833984375
12161,19.03125
12162,20.088623046875
12163,-3.716064453125
12164,-2.20849609375
12165,2.27685546875
12166,-6.258544921875
12167,16.561767578125
12168,12.438232421875
12169,28.072998046875
12170,-11.805175781250002
12171,8.198974609375
12172,13.079345703125
12173,2.2568359375
12174,-3.00732421875
12175,12.254150390625
12176,-13.40185546875
12177,6.025390624999999
12178,11.260498046875
12179,72.79541015625
12180,61.14868164062499
12181,26.352294921875
12182,-8.33544921875
12183,3.48876953125
12184,12.871093750000002
12185,12.8505859375
12186,-0.87060546875
12187,-16.228759765625
12188,-4.46728515625
12189,1.6801757812499998
12190,12.265869140625
12191,10.02001953125
12192,-17.0517578125
12193,-7.854736328125
12194,-15.390136718749998
12195,-25.593017578125
12196,0.317626953125
12197,-4.262939453125
12198,-4.7900390625
12199,5.702392578125
12200,-27.979248046875
12201,-23.2685546875
12202,-1.7280273437500002
12203,-1.1240234375
12204,-1.516357421875
12205,-3.342529296875
12206,-22.476562499999996
12207,-21.962890625
12208,2.9423828124999996
12209,6.56201171875
12210,3.35205078125
12211,1.8422851562499998
12212,8.558349609375
12213,6.045166015625
12214,12.547119140625
12215,9.564208984374998
12216,1.986572265625
12217,-1.475830078125
12218,2.695068359375
12219,3.57666015625
12220,10.675537109375
12221,-1.5893554687500002
12222,-5.844970703125
12223,13.727050781250002
12224,14.3515625
12225,-5.4443359375
12226,-4.07958984375
12227,-2.55029296875
12228,-2.525390625
12229,7.1337890625
12230,12.560302734375
12231,27.479248046875
12232,30.5341796875
12233,-0.77490234375
12234,-4.29296875
12235,9.09033203125
12236,-0.239501953125
12237,5.177490234375
12238,-15.47314453125
12239,-28.000976562500004
12240,-14.731201171875
12241,5.747314453125
12242,-0.30029296875
12243,1.9116210937500002
12244,9.08447265625
12245,-4.738037109374999
12246,10.7080078125
12247,53.30517578125
12248,-26.17578125
12249,-19.712890625
12250,-28.88525390625
12251,17.97607421875
12252,50.333251953125
12253,39.971435546875
12254,-24.370849609375
12255,-24.095458984375
12256,-32.169189453125
12257,13.941650390625
12258,59.796142578125
12259,-1.07421875
12260,-1.720947265625
12261,-6.454345703125
12262,7.710693359374999
12263,-1.7670898437500002
12264,7.47509765625
12265,11.500244140625
12266,17.469482421875
12267,-7.46875
12268,5.90673828125
12269,-1.4541015624999998
12270,0.8623046875
12271,3.61865234375
12272,8.912841796875
12273,12.5361328125
12274,38.91259765625
12275,12.091552734375
12276,20.9736328125
12277,33.04052734375
12278,-1.809326171875
12279,18.837158203124996
12280,38.01318359375001
12281,16.918701171875
12282,16.460205078125
12283,1.853515625
12284,-13.941162109375
12285,8.970458984375
12286,119.695556640625
12287,109.1455078125
12288,13.104736328124998
12289,17.46923828125
12290,26.83056640625
12291,7.314453124999999
12292,118.90307617187499
12293,116.119140625
12294,17.40966796875
12295,17.90673828125
12296,26.164794921875
12297,16.24169921875
12298,116.353759765625
12299,28.706542968749996
12300,-23.508056640625
12301,-37.224609375
12302,-40.465087890625
12303,6.788818359374999
12304,24.436767578125
12305,45.85375976562501
12306,-22.144287109375
12307,-38.278076171875
12308,-42.871826171875
12309,29.161865234375
12310,26.04931640625
12311,37.559326171875
12312,-25.261474609375
12313,34.35302734375
12314,25.80322265625
12315,17.69677734375
12316,12.434814453125
12317,2.651611328125
12318,-13.29345703125
12319,37.363037109375
12320,29.6962890625
12321,17.236572265625
12322,-11.136962890625
12323,-26.73974609375
12324,-11.6455078125
12325,33.584716796875
12326,-19.292236328125
12327,-14.320068359375
12328,-10.14501953125
12329,-3.5703125
12330,41.547119140625
12331,36.510498046875
12332,-12.94189453125
12333,-15.27587890625
12334,-10.281494140625
12335,48.9970703125
12336,45.121826171875
12337,37.013916015625
12338,-15.8916015625
12339,3.03125
12340,1.3295898437500002
12341,5.9072265625
12342,48.404541015625
12343,8.472900390625
12344,-13.390625
12345,0.8093261718750001
12346,-1.9775390625
12347,7.173095703125
12348,-24.834228515625
12349,9.320800781250002
12350,-10.390136718749998
12351,138.617919921875
12352,9.218017578125
12353,-36.854736328125
12354,-76.796875
12355,21.518798828125
12356,131.76611328125
12357,87.0830078125
12358,8.879150390625
12359,-39.610595703125
12360,-75.22705078125
12361,41.120849609375
12362,5.417236328125
12363,87.866943359375
12364,-0.03051757812500011
12365,4.557373046875
12366,-9.190673828125
12367,-4.892333984375
12368,14.81689453125
12369,3.76123046875
12370,-9.42724609375
12371,10.542724609375
12372,-6.949951171875
12373,-8.20654296875
12374,-11.391845703125
12375,-16.792236328125
12376,-0.7954101562500002
12377,-0.0751953125
12378,8.426513671875
12379,1.877197265625
12380,4.003173828125
12381,1.732666015625
12382,4.155029296875
12383,-3.5009765624999996
12384,7.331787109374999
12385,-1.1889648437499998
12386,4.564697265625
12387,11.149658203125
12388,8.307861328125
12389,-3.328369140625
12390,-17.013427734375
12391,20.203857421875
12392,18.978271484375
12393,26.740234375
12394,15.25439453125
12395,-19.18896484375
12396,-10.448486328125
12397,25.222900390625
12398,20.289062499999996
12399,21.400634765625
12400,1.5031738281250002
12401,-15.683349609375
12402,-14.902587890625
12403,10.671142578125
12404,14.392333984374998
12405,-4.32666015625
12406,9.759521484374998
12407,22.270263671875
12408,15.8095703125
12409,14.097656249999998
12410,10.132080078125
12411,-5.103271484375
12412,9.557373046875
12413,-4.194091796875
12414,7.0771484375
12415,5.347412109374999
12416,-6.214111328125
12417,-3.2783203124999996
12418,-16.0830078125
12419,21.442138671875
12420,-13.87158203125
12421,-13.055419921875
12422,-13.6748046875
12423,-8.115966796875
12424,-15.51318359375
12425,21.700927734374996
12426,-35.723876953125
12427,-1.3117675781249993
12428,5.0966796875
12429,21.701416015625
12430,-7.793212890625001
12431,-8.205810546875
12432,-16.611572265625
12433,-4.351806640625
12434,19.78125
12435,17.326904296875
12436,-4.128662109375
12437,-9.034912109375
12438,-18.589111328125
12439,4.58544921875
12440,0.054931640625
12441,1.321044921875
12442,-7.261474609374999
12443,7.498291015625
12444,20.620849609375
12445,30.96337890625
12446,-12.869384765625
12447,-12.895263671875
12448,-17.629150390625
12449,8.201904296875
12450,19.850341796875004
12451,25.744384765625
12452,-9.54248046875
12453,-3.5419921875000004
12454,-7.11572265625
12455,31.25
12456,2.638916015625
12457,-2.491943359375
12458,-7.128173828125
12459,68.016845703125
12460,29.777587890625
12461,54.24804687499999
12462,-2.2822265625
12463,7.250244140625001
12464,-2.896240234375
12465,3.369140625
12466,26.7998046875
12467,5.04443359375
12468,55.224853515625
12469,-15.7890625
12470,-11.3359375
12471,-14.557373046875
12472,97.94091796875
12473,63.8984375
12474,51.648193359375
12475,-14.517822265625
12476,-20.963623046875
12477,-15.335205078125
12478,21.69873046875
12479,48.369384765625
12480,42.11962890625
12481,-17.197265625
12482,125.904541015625
12483,86.309326171875
12484,84.0556640625
12485,-8.324462890625
12486,1.077880859375
12487,22.045166015625
12488,123.30053710937499
12489,88.944091796875
12490,88.0322265625
12491,56.35205078125
12492,-29.195556640625
12493,-21.959716796875004
12494,-11.089843750000002
12495,-5.27392578125
12496,53.565673828125
12497,52.836669921875
12498,-29.248046875
12499,-7.395751953125
12500,-8.31689453125
12501,-8.26220703125
12502,58.298095703125
12503,51.5654296875
12504,11.219970703125
12505,-7.12109375
12506,-15.598388671875
12507,13.1943359375
12508,12.295654296875
12509,4.34765625
12510,7.014404296875
12511,-20.627685546875
12512,-19.71337890625
12513,18.5205078125
12514,7.23583984375
12515,7.157470703125
12516,11.5107421875
12517,42.919921875
12518,43.038330078125
12519,18.106689453125
12520,-1.555908203125
12521,-6.42333984375
12522,-4.558837890625
12523,0.9475097656249999
12524,5.8896484375
12525,-2.4794921875000004
12526,-3.9609375
12527,-8.695556640625
12528,0.6091308593750001
12529,7.853515624999999
12530,6.297607421875
12531,3.18310546875
12532,-8.417724609375
12533,4.6875
12534,7.8095703125
12535,2.790283203125
12536,7.41796875
12537,-19.84765625
12538,7.18603515625
12539,-2.80078125
12540,6.642822265625
12541,7.267822265625
12542,9.7705078125
12543,-1.5170898437500002
12544,1.2065429687500002
12545,-0.6083984375
12546,2.764404296875
12547,1.651123046875
12548,17.7822265625
12549,18.35302734375
12550,-29.552490234375
12551,48.047607421875
12552,-2.4462890624999996
12553,9.322998046875
12554,19.693603515625
12555,15.766845703125
12556,-10.5771484375
12557,0.8518066406249999
12558,-5.22998046875
12559,29.88232421875
12560,-1.9990234375
12561,31.442138671875
12562,-9.641845703125
12563,-3.865966796875
12564,9.677001953125
12565,-10.570800781250002
12566,-4.99072265625
12567,27.655029296875
12568,-11.1748046875
12569,16.788818359375
12570,12.710449218749998
12571,10.986572265625
12572,6.52783203125
12573,10.098876953125
12574,77.47216796875
12575,67.18359375
12576,-25.737792968749996
12577,-2.95703125
12578,-9.555175781250002
12579,10.057373046875
12580,79.87890625000001
12581,61.1455078125
12582,-5.712158203125
12583,7.69287109375
12584,-16.08056640625
12585,-4.593505859375
12586,3.041748046875
12587,-0.451904296875
12588,1.472900390625
12589,7.86767578125
12590,6.18798828125
12591,1.1513671875
12592,-3.2568359375000004
12593,8.725341796875
12594,-2.146728515625
12595,7.871337890625001
12596,3.979248046875
12597,8.90771484375
12598,-20.287841796875004
12599,10.206298828125
12600,-15.90625
12601,32.533203125
12602,-4.322998046875
12603,-10.705322265625
12604,-14.263916015625002
12605,6.455078124999999
12606,-19.828369140625
12607,29.5263671875
12608,23.5625
12609,-6.719482421875
12610,-7.928466796875
12611,-12.17529296875
12612,-38.85009765625
12613,14.926513671875
12614,13.047363281250002
12615,-15.7880859375
12616,58.408935546875
12617,49.238037109375
12618,-38.14599609375
12619,16.99365234375
12620,12.514404296875
12621,1.1086425781249996
12622,-14.524658203125
12623,-3.41748046875
12624,17.4375
12625,1.354248046875
12626,3.968994140625
12627,8.624267578125
12628,52.056396484375
12629,12.934326171875
12630,18.011474609375
12631,2.66015625
12632,-0.1416015624999999
12633,1.619384765625
12634,-0.6555175781249999
12635,-4.190185546875
12636,19.07568359375
12637,15.1943359375
12638,29.037841796875004
12639,13.327880859375
12640,9.867431640625
12641,6.149658203125
12642,9.385498046875
12643,18.947509765625
12644,25.65185546875
12645,5.476806640625001
12646,11.414306640625
12647,-0.416748046875
12648,7.2080078125
12649,11.179443359375
12650,-36.6953125
12651,-13.576416015625002
12652,1.109375
12653,5.975341796875
12654,-8.136474609375
12655,3.8125
12656,-21.99609375
12657,-13.682861328125
12658,-3.13623046875
12659,7.55517578125
12660,57.299072265625
12661,-27.609619140625
12662,-41.3623046875
12663,-6.375732421875
12664,25.445312499999996
12665,27.2119140625
12666,13.441406249999998
12667,-7.962158203125
12668,-7.9619140625
12669,-8.467041015625
12670,16.866943359375
12671,26.367431640625
12672,10.013916015625002
12673,-3.143310546875
12674,-0.126953125
12675,-2.034423828125
12676,2.078857421875
12677,-6.633056640625001
12678,3.24755859375
12679,-1.042724609375
12680,11.47021484375
12681,-10.340576171875
12682,-6.003173828125
12683,-0.5610351562500002
12684,3.710693359375
12685,-4.917724609374999
12686,24.465332031250004
12687,-56.698974609375
12688,23.1923828125
12689,-3.03125
12690,9.027587890625
12691,5.762451171875
12692,9.337890625
12693,-14.807861328125
12694,-2.380126953125
12695,7.149658203125
12696,2.2160644531249996
12697,3.48583984375
12698,13.628173828125
12699,27.341064453125
12700,9.957763671875
12701,6.486328124999999
12702,-0.78125
12703,-21.82373046875
12704,-1.5249023437500002
12705,-11.38525390625
12706,12.233642578125
12707,-5.026123046875
12708,-10.8173828125
12709,-20.59814453125
12710,4.268798828125
12711,-6.365966796875
12712,10.171875
12713,-0.33984375000000006
12714,-1.154541015625
12715,32.608642578125
12716,-32.052978515625
12717,-20.51611328125
12718,9.74560546875
12719,10.481201171875
12720,3.931396484375
12721,17.76416015625
12722,-30.125976562500004
12723,-22.87109375
12724,10.82666015625
12725,20.08544921875
12726,-22.723876953125
12727,-3.474365234375
12728,12.056640625
12729,-6.552734375000001
12730,7.770751953125
12731,-17.8701171875
12732,-18.344482421875
12733,36.009033203125
12734,8.81005859375
12735,-5.931884765625
12736,9.20166015625
12737,-17.2568359375
12738,17.8701171875
12739,15.09521484375
12740,60.73583984375
12741,8.644287109375
12742,17.102294921875
12743,11.317138671875
12744,-0.2392578125
12745,-11.313720703125
12746,3.7080078124999996
12747,4.4228515625
12748,25.12939453125
12749,11.638671875
12750,-3.330810546875
12751,-10.400390625
12752,-6.236328124999999
12753,1.459228515625
12754,-0.055419921875
12755,5.904541015625
12756,7.972412109374999
12757,10.7421875
12758,-37.326416015625
12759,3.869873046875
12760,7.284423828125
12761,11.654296875
12762,6.6708984375
12763,11.597900390625
12764,33.241943359375
12765,4.068603515625
12766,5.037841796875
12767,1.487060546875
12768,-16.9677734375
12769,-7.928466796875
12770,-8.6220703125
12771,37.117919921875
12772,-19.197265625
12773,1.302978515625
12774,-16.927001953125
12775,-11.861328125
12776,-12.51123046875
12777,14.79833984375
12778,-8.122314453125
12779,6.2578125
12780,-16.556884765625
12781,8.263671875
12782,46.867919921875
12783,34.71923828125
12784,-15.00927734375
12785,-13.105224609375
12786,-11.629150390625
12787,4.783447265625
12788,47.8896484375
12789,27.95849609375
12790,-20.469970703125
12791,-6.4677734375
12792,-23.440917968749996
12793,36.50244140625
12794,-8.710205078125
12795,-20.462890625
12796,-19.740234375
12797,45.8935546875
12798,30.96337890625
12799,3.910888671875
12800,-13.639404296875
12801,-15.941406249999998
12802,-17.586669921875
12803,6.50439453125
12804,35.599853515625
12805,60.3037109375
12806,17.75048828125
12807,-0.8876953125
12808,-12.921875
12809,-9.388916015625002
12810,33.39208984375
12811,48.508056640625
12812,18.320556640625
12813,1.016357421875
12814,-14.822265625
12815,-11.873291015625002
12816,-2.64892578125
12817,35.5146484375
12818,21.7451171875
12819,21.250976562500004
12820,-11.9296875
12821,-2.748779296875
12822,5.716064453125
12823,-15.77978515625
12824,18.750244140625
12825,6.525634765625
12826,-15.234130859375
12827,2.171142578125
12828,4.4208984375
12829,24.6650390625
12830,-5.637939453125
12831,12.502197265625
12832,30.710205078125
12833,-8.575927734375
12834,-7.12939453125
12835,-11.9599609375
12836,-8.287353515625
12837,18.71142578125
12838,-2.34130859375
12839,-11.61181640625
12840,-13.511474609375
12841,-14.1875
12842,61.56689453125001
12843,11.095703125
12844,8.723388671875
12845,-1.869873046875
12846,3.991943359375
12847,-3.55322265625
12848,1.01025390625
12849,4.364990234375
12850,10.5419921875
12851,2.05029296875
12852,5.71826171875
12853,7.465576171875
12854,-0.0693359375
12855,1.810791015625
12856,4.51025390625
12857,3.1376953124999996
12858,-37.068115234375
12859,-9.48193359375
12860,46.9189453125
12861,2.301025390625
12862,-5.75
12863,-16.787353515625
12864,-10.2314453125
12865,-7.294189453125
12866,46.770751953125
12867,5.85888671875
12868,52.885498046875
12869,-21.485107421875
12870,-40.553466796875
12871,132.255126953125
12872,23.97265625
12873,-19.696533203124996
12874,-24.37451171875
12875,-16.54833984375
12876,51.5810546875
12877,128.842041015625
12878,21.358154296875
12879,-23.7470703125
12880,-27.976562499999996
12881,6.7451171875
12882,72.200439453125
12883,128.83544921875
12884,6.0087890625
12885,12.272949218749998
12886,4.224609375
12887,4.521240234375
12888,7.203369140625001
12889,3.394287109375
12890,0.78857421875
12891,11.7470703125
12892,1.2768554687500002
12893,-4.903564453125
12894,-9.16845703125
12895,-6.6015625
12896,-0.12158203124999983
12897,-9.474365234375
12898,-12.440185546875
12899,-14.842041015625002
12900,-20.13134765625
12901,-3.4072265624999996
12902,9.1904296875
12903,-1.3876953125
12904,-15.812744140625
12905,-12.021484375
12906,-14.88720703125
12907,1.375
12908,1.4887695312499998
12909,5.2080078125
12910,24.384765625
12911,-1.8549804687500002
12912,0.123046875
12913,-7.149169921875
12914,13.135009765625
12915,8.758544921875
12916,25.1806640625
12917,2.822509765625
12918,3.6396484375000004
12919,-11.036865234375
12920,139.760009765625
12921,69.1806640625
12922,48.482666015625
12923,-6.981201171875
12924,40.01416015625
12925,25.703125
12926,25.291748046875
12927,-15.02099609375
12928,-6.08447265625
12929,-8.032470703125
12930,36.73681640625
12931,18.13037109375
12932,28.297607421875
12933,-74.935302734375
12934,-4.43798828125
12935,-1.8354492187500002
12936,1.668701171875
12937,-0.195068359375
12938,4.31640625
12939,16.75146484375
12940,-8.022216796875
12941,-5.5595703125
12942,-4.743408203125
12943,-7.1708984375
12944,3.347900390625
12945,20.378662109375
12946,-14.27490234375
12947,18.29345703125
12948,-3.657470703125
12949,11.007324218749998
12950,3.26904296875
12951,11.818359375
12952,18.9775390625
12953,-28.089111328125
12954,1.7407226562499998
12955,-2.826416015625
12956,3.644287109375
12957,11.162109375
12958,16.72509765625
12959,13.922119140625
12960,6.6494140625
12961,3.518310546875
12962,59.69873046875
12963,49.939697265625
12964,-4.1875
12965,-6.056640625000001
12966,24.294677734374996
12967,28.145263671875
12968,62.60693359375001
12969,57.259521484375
12970,-5.386718750000002
12971,-7.270751953125
12972,133.548828125
12973,10.7998046875
12974,65.415283203125
12975,-1.0859375
12976,3.304931640625
12977,7.61279296875
12978,-2.159912109375
12979,9.93505859375
12980,3.9482421875000004
12981,8.026123046875
12982,9.13330078125
12983,6.89990234375
12984,-0.1298828125
12985,4.031982421875
12986,-9.263916015625002
12987,8.391357421875
12988,-1.392333984375
12989,-0.12646484375
12990,0.404296875
12991,0.9816894531249998
12992,-30.670898437499996
12993,-5.328125
12994,-4.753173828125
12995,-4.539794921875
12996,3.734375
12997,-0.1552734375
12998,0.4423828125
12999,-1.721435546875
13000,0.347412109375
