iteration,energy
1,74.758056640625
2,141.1875
3,81.530517578125
4,-47.79345703125
5,36.055419921875
6,88.15380859375
7,27.2119140625
8,-97.18188476562501
9,-41.53369140625
10,-174.791015625
11,319.233154296875
12,-27.86181640625
13,931.669189453125
14,44.408447265625
15,286.78955078125
16,-133.888671875
17,-214.51416015625
18,502.273193359375
19,1162.167724609375
20,1342.523193359375
21,-779.4719238281249
22,-810.634033203125
23,-1134.671142578125
24,1422.20166015625
25,-671.051025390625
26,3214.270263671875
27,1052.087646484375
28,4172.577392578125
29,-1506.189697265625
30,418.54785156250006
31,-582.859375
32,-605.442138671875
33,-1771.398681640625
34,379.587158203125
35,-158.73242187499997
36,319.690185546875
37,669.154296875
38,-956.5068359374999
39,-984.8198242187501
40,68.745849609375
41,1485.8530273437498
42,-1155.084716796875
43,-962.13525390625
44,-306.3037109375
45,998.31103515625
46,1067.085205078125
47,-974.52392578125
48,-1129.55908203125
49,-129.0166015625
50,587.26318359375
51,-916.757568359375
52,-1030.966796875
53,1441.14501953125
54,1467.61767578125
55,-374.855712890625
56,934.649169921875
57,997.480712890625
58,-381.024658203125
59,-388.4443359375
60,1008.7309570312499
61,982.91650390625
62,1008.02880859375
63,-313.065185546875
64,-219.708251953125
65,393.952880859375
66,563.76025390625
67,379.343017578125
68,-236.69409179687497
69,443.054443359375
70,594.442626953125
71,-417.77490234375
72,-267.95751953125
73,-223.18798828125
74,-54.02124023437499
75,1636.4697265625
76,-107.46728515625
77,283.92626953125
78,-92.34130859375
79,1332.50439453125
80,-438.498291015625
81,548.094970703125
82,-277.68310546875
83,-149.667236328125
84,-40.364013671875
85,-272.922607421875
86,-2896.149169921875
87,-176.895263671875
88,280.513427734375
89,-321.2626953125
90,222.9736328125
91,294.80078125
92,-787.960693359375
93,-634.2658691406251
94,19.059326171875
95,281.4677734375
96,-702.7978515625
97,-806.06591796875
98,68.840576171875
99,382.681396484375
100,1058.98974609375
101,-581.53564453125
102,391.917236328125
103,3432.42578125
104,-1432.427978515625
105,-518.684814453125
106,225.35009765625
107,319.887451171875
108,-520.428466796875
109,1055.125732421875
110,121.8154296875
111,-1253.832763671875
112,2285.4384765625
113,287.659423828125
114,82.69091796875
115,-1117.844970703125
116,-913.6630859375
117,663.427001953125
118,109.62744140624999
119,-447.060302734375
120,61.383544921875
121,410.206298828125
122,-459.376953125
123,-383.9423828125
124,40.386962890625
125,-740.501708984375
126,598.86865234375
127,129.898681640625
128,-1150.517333984375
129,176.611328125
130,-115.9248046875
131,849.36572265625
132,-1046.152587890625
133,95.835205078125
134,-55.160888671875
135,2429.611328125
136,520.09228515625
137,-704.9150390625
138,-443.523193359375
139,-57.44580078125
140,-130.22119140625
141,-819.467529296875
142,-666.638671875
143,-30.7763671875
144,371.578125
145,1299.5380859375002
146,-300.891845703125
147,-163.66503906250003
148,-322.25390625
149,1356.997314453125
150,-360.547119140625
151,-178.21655273437497
152,665.6357421875
153,1630.408447265625
154,42.831787109375
155,-56.69189453125001
156,-137.224853515625
157,1222.365966796875
158,155.188720703125
159,-295.16040039062494
160,-266.37158203125
161,-142.625
162,650.25341796875
163,-78.4140625
164,736.26318359375
165,592.4655761718749
166,526.19873046875
167,-521.59423828125
168,744.980224609375
169,588.1962890625
170,-180.09326171874997
171,-812.033935546875
172,-375.875732421875
173,777.29248046875
174,940.32861328125
175,-461.62109375
176,-236.20458984375
177,845.248046875
178,1008.816162109375
179,1525.474365234375
180,-428.165771484375
181,-468.063232421875
182,295.2001953125
183,380.252685546875
184,517.9931640625
185,37.17431640624999
186,336.70214843749994
187,411.960205078125
188,-475.683837890625
189,-662.1833496093749
190,633.408935546875
191,-986.891357421875
192,-1097.70458984375
193,-134.79443359375
194,-791.210693359375
195,-1076.591552734375
196,-968.160888671875
197,-508.69677734375
198,308.11474609375
199,496.53857421875
200,-372.552734375
201,-41.11181640624999
202,875.115234375
203,359.335205078125
204,-433.645263671875
205,38.079833984375
206,1721.893798828125
207,939.7060546875
208,-102.85668945312503
209,5587.242431640625
210,6121.571533203125
211,590.7216796875
212,-111.408935546875
213,5895.941650390625
214,6407.3251953125
215,607.9091796875
216,-118.112548828125
217,-885.42822265625
218,1358.736328125
219,2181.445068359375
220,-1187.812744140625
221,1386.5771484375
222,1330.569580078125
223,2084.285400390625
224,33.527587890625
225,1067.774169921875
226,-44.42822265625
227,409.2734375
228,-3.072021484375
229,-1290.674072265625
230,1612.0180664062502
231,364.414794921875
232,46.7939453125
233,-536.69580078125
234,56.07568359375001
235,-305.933837890625
236,-283.99853515625
237,1269.338623046875
238,1027.26513671875
239,843.51416015625
240,-171.334716796875
241,1142.705322265625
242,402.58251953125
243,-679.55029296875
244,-86.11450195312501
245,-226.495849609375
246,132.047607421875
247,32.840087890625
248,191.93701171875
249,-9.240478515625002
250,122.677978515625
251,360.27587890625
252,-685.5732421875
253,-277.5302734375
254,3906.8466796875
255,4363.72509765625
256,877.3994140625
257,874.040283203125
258,3716.979248046875
259,4473.278564453125
260,230.1923828125
261,186.444580078125
262,82.767578125
263,24.957275390625
264,-54.750732421875
265,39.537841796875
266,572.557373046875
267,39.73046875
268,-73.802734375
269,-135.58935546875
270,72.28369140625
271,283.34619140625
272,124.990478515625
273,46.88671875
274,-447.153076171875
275,104.734619140625
276,-61.738525390625
277,172.63281250000003
278,560.417724609375
279,-44.9326171875
280,547.24169921875
281,-176.632080078125
282,54.39453125
283,385.026611328125
284,262.517822265625
285,-297.027587890625
286,-129.417724609375
287,116.97021484375
288,836.268798828125
289,-208.821533203125
290,592.046875
291,769.87451171875
292,-1028.55322265625
293,-783.47216796875
294,749.8828125
295,789.0903320312499
296,310.74658203125006
297,-1003.52685546875
298,498.1728515625
299,866.069580078125
300,377.847900390625
301,-518.129150390625
302,-331.356689453125
303,626.49560546875
304,-27.483642578125
305,441.947998046875
306,27.865966796875004
307,263.69384765625
308,-48.28247070312499
309,94.422607421875
310,90.57446289062501
311,-72.56396484375
312,-132.3017578125
313,-43.48046875
314,303.535888671875
315,622.11376953125
316,547.614501953125
317,-224.297607421875
318,-93.992919921875
319,-1759.665771484375
320,361.08642578125006
321,-220.83203125
322,-160.677001953125
323,234.0654296875
324,709.263671875
325,1049.598388671875
326,1154.12744140625
327,-539.80224609375
328,-1801.888916015625
329,-1609.449951171875
330,1077.060302734375
331,-388.0654296875
332,1277.878173828125
333,1029.197509765625
334,257.301025390625
335,-28.22607421875
336,-39.96923828125
337,-1686.91162109375
338,358.655029296875
339,-119.716796875
340,-16.94287109375
341,471.0400390625
342,993.107177734375
343,1618.60302734375
344,-262.02001953125
345,-161.800537109375
346,454.33959960937506
347,1464.575439453125
348,-90.81298828124999
349,-32.67822265625
350,-1487.576904296875
351,1575.252197265625
352,1928.396728515625
353,3167.763671875
354,-766.10693359375
355,-214.072998046875
356,-53.31396484375
357,3186.633056640625
358,-768.2890624999999
359,82.16650390625
360,-78.463134765625
361,-460.42944335937506
362,621.403076171875
363,500.8984375
364,1756.9912109375
365,1806.54736328125
366,743.064697265625
367,596.26708984375
368,26.769775390625
369,77.229736328125
370,152.06396484375
371,190.078125
372,522.039794921875
373,2475.1640625
374,288.125732421875
375,68.53564453125
376,476.651611328125
377,332.8388671875
378,206.058349609375
379,-275.177978515625
380,141.287353515625
381,569.5087890625
382,125.0302734375
383,365.7138671875
384,248.64404296875
385,659.231201171875
386,224.779052734375
387,196.461181640625
388,616.8955078125
389,562.427734375
390,415.865234375
391,4632.013671875
392,418.585693359375
393,385.6259765625
394,434.3720703125
395,80.61669921875
396,466.8447265625
397,0.57373046875
398,-667.116455078125
399,-554.06591796875
400,24.2587890625
401,45.69750976562501
402,-815.9655761718749
403,-521.673095703125
404,88.9375
405,-19.03076171875
406,-250.664794921875
407,70.842041015625
408,417.20532226562494
409,2666.55078125
410,129.78515625
411,128.94921875
412,61.396728515625
413,-311.879150390625
414,-173.41064453125
415,193.014892578125
416,54.036865234375
417,-269.8095703125
418,-387.17236328125
419,217.37890625
420,207.362548828125
421,16.674560546875
422,-1316.794189453125
423,77.6171875
424,-170.62158203125
425,717.06640625
426,1107.723876953125
427,8.10302734375
428,-333.1259765625
429,789.6157226562499
430,1322.478271484375
431,-56.639404296875
432,-49.630859375
433,-993.3623046875
434,1266.697998046875
435,2258.986328125
436,2877.971435546875
437,735.30859375
438,1367.89013671875
439,1954.81591796875
440,-746.5480957031249
441,-380.39208984375
442,647.755615234375
443,-228.587646484375
444,-451.181640625
445,354.407958984375
446,507.21923828125
447,-78.233642578125
448,-376.760009765625
449,-484.96435546875006
450,670.2177734375
451,-203.3740234375
452,-199.39599609374997
453,-129.783935546875
454,-199.272705078125
455,390.021484375
456,-240.516845703125
457,-114.525390625
458,1608.366455078125
459,-1583.03564453125
460,-284.497802734375
461,-333.16552734375
462,-105.2353515625
463,303.88916015625
464,-10.178466796875
465,60.33374023437499
466,-238.653564453125
467,87.659912109375
468,13.141113281250002
469,453.235595703125
470,-237.615966796875
471,-188.470458984375
472,-444.547119140625
473,-468.947509765625
474,-289.142578125
475,-100.12353515625
476,235.47607421874997
477,301.334716796875
478,-270.999267578125
479,-993.0849609375
480,4788.527099609375
481,150.1083984375
482,232.243896484375
483,-760.251220703125
484,4785.484619140625
485,362.02392578125
486,296.740478515625
487,1233.599365234375
488,-567.4130859375
489,-212.272216796875
490,315.174072265625
491,2100.31494140625
492,-462.888671875
493,-391.6279296875
494,-30.198974609375
495,992.604736328125
496,47.452880859375
497,-16.82568359375
498,602.28759765625
499,5374.25439453125
500,881.5068359374999
501,94.315673828125
502,567.5537109375
503,939.135498046875
504,556.84765625
505,3120.169921875
506,-1069.145263671875
507,-1730.772216796875
508,-523.857177734375
509,2142.610595703125
510,-1118.187255859375
511,-1808.72509765625
512,-176.84619140625
513,4439.48974609375
514,-254.19677734375
515,989.00537109375
516,910.067626953125
517,4094.70458984375
518,-314.98779296875
519,725.5966796874999
520,899.300048828125
521,-138.1943359375
522,-391.771240234375
523,294.599609375
524,1161.00390625
525,1666.5390625
526,21.982177734374996
527,-377.615234375
528,1294.5146484375
529,1437.0224609375
530,863.531494140625
531,-849.8789062499999
532,-522.082763671875
533,162.186279296875
534,1240.5126953125002
535,-25.320556640625
536,3150.145263671875
537,136.613525390625
538,1184.248779296875
539,786.0126953125
540,415.76904296875
541,-408.71337890625
542,283.0263671875
543,213.368408203125
544,1136.35791015625
545,-466.629150390625
546,105.078369140625
547,98.25
548,-412.067138671875
549,-433.04296875
550,131.294921875
551,383.485107421875
552,111.16064453125
553,-261.986328125
554,156.64794921875
555,244.77709960937503
556,76.33935546875
557,-294.5927734375
558,395.5712890625
559,2303.096923828125
560,141.1982421875
561,-524.154296875
562,-589.1162109375
563,-710.19970703125
564,141.49267578125
565,-652.396484375
566,928.518310546875
567,948.00732421875
568,-141.908935546875
569,-155.40380859375
570,148.00244140625
571,132.46484375
572,115.783447265625
573,-87.13037109375
574,190.227294921875
575,-872.247802734375
576,-1080.85888671875
577,1783.06591796875
578,759.301513671875
579,134.9150390625
580,-202.15087890625
581,-926.239501953125
582,980.79296875
583,-160.37329101562503
584,-244.872314453125
585,-6.666015624999999
586,-30.276611328125
587,-133.297607421875
588,120.662841796875
589,1019.114013671875
590,504.317138671875
591,-83.277099609375
592,215.84521484375
593,-7.390380859374999
594,212.434814453125
595,1649.06396484375
596,-162.091796875
597,-1210.2724609375
598,841.71435546875
599,-76.79345703125
600,-141.487548828125
601,-1157.664306640625
602,-237.438232421875
603,-668.54541015625
604,1518.409423828125
605,-907.560546875
606,-1403.150390625
607,2925.227783203125
608,-24.96337890625
609,-832.889892578125
610,-1483.6171875
611,209.84155273437497
612,3251.494873046875
613,952.73583984375
614,-474.041748046875
615,-166.96044921875
616,-534.816650390625
617,967.325439453125
618,-393.88452148437506
619,-347.43310546874994
620,443.799072265625
621,-251.059814453125
622,2712.502197265625
623,-482.792724609375
624,-457.07421875
625,-989.380859375
626,2555.2229003906245
627,-142.033935546875
628,-423.267333984375
629,1020.791015625
630,2778.80126953125
631,255.512939453125
632,-962.6435546875
633,-845.010498046875
634,-246.733642578125
635,294.695556640625
636,-897.7014160156251
637,-829.371337890625
638,1785.160400390625
639,392.3740234375
640,-874.7646484375
641,348.22119140624994
642,553.386474609375
643,-117.34521484375
644,-895.64990234375
645,569.9150390625
646,237.49169921875
647,5147.05712890625
648,-683.640625
649,-401.51708984375
650,175.92724609375
651,1819.024169921875
652,-486.138671875
653,-1030.41796875
654,98.109375
655,1614.60595703125
656,1531.2744140625
657,-422.412109375
658,-207.207275390625
659,-179.860107421875
660,842.4248046875
661,1405.951904296875
662,1397.289794921875
663,-283.28173828125
664,859.0480957031249
665,555.060546875
666,642.862548828125
667,-203.281005859375
668,523.1201171875
669,917.314697265625
670,-77.971435546875
671,690.47314453125
672,410.85498046875
673,768.9455566406249
674,-237.36376953125003
675,2823.31201171875
676,-845.478515625
677,842.454833984375
678,706.7763671874999
679,3101.547119140625
680,-865.910888671875
681,818.8701171875
682,753.905517578125
683,-823.803466796875
684,-820.76123046875
685,441.492919921875
686,354.4501953125
687,300.889892578125
688,4315.596923828125
689,567.987548828125
690,340.43505859375
691,368.423583984375
692,222.98681640625
693,340.20214843749994
694,797.026611328125
695,-198.09033203125
696,-954.33154296875
697,-659.560302734375
698,-107.481201171875
699,-179.349365234375
700,-942.943603515625
701,964.4655761718749
702,708.9011230468749
703,-443.213134765625
704,194.02294921875
705,241.13623046874997
706,-340.223876953125
707,-259.609375
708,32.1826171875
709,315.710205078125
710,1514.968505859375
711,-544.801513671875
712,-493.46240234375
713,4.79345703125
714,-255.84912109375
715,-514.088623046875
716,-389.67724609375
717,37.091552734375
718,-260.6904296875
719,700.33544921875
720,756.2587890625
721,-329.359619140625
722,-520.067626953125
723,638.011474609375
724,-145.717041015625
725,-192.941650390625
726,-438.039306640625
727,376.310302734375
728,4313.223388671875
729,6020.971923828125
730,648.02685546875
731,-247.344970703125
732,-406.38623046875
733,544.922607421875
734,677.035888671875
735,-236.24462890625
736,-363.71240234375
737,-405.605712890625
738,776.421142578125
739,59.64404296875
740,-714.369873046875
741,-940.25341796875
742,227.49755859375
743,322.28271484375
744,-713.340576171875
745,-823.50927734375
746,764.8408203125
747,299.6103515625
748,-125.22192382812501
749,-464.286376953125
750,-239.974853515625
751,-629.9750976562499
752,328.79516601562494
753,-491.886474609375
754,-552.799560546875
755,2359.710693359375
756,146.826416015625
757,121.92724609375
758,362.94775390625
759,-71.19775390625
760,1756.95263671875
761,-350.151611328125
762,355.59960937499994
763,-196.746337890625
764,-349.40039062500006
765,-470.6787109375
766,744.043212890625
767,-272.510009765625
768,-214.96875
769,1380.3139648437502
770,510.908203125
771,-162.145263671875
772,-298.474853515625
773,-1980.606201171875
774,499.193115234375
775,-1063.715087890625
776,-1042.81787109375
777,1202.623046875
778,84.47607421875
779,3196.01953125
780,-921.4931640625001
781,1210.0708007812498
782,-284.481201171875
783,-815.287353515625
784,-114.361083984375
785,1046.14990234375
786,-758.02392578125
787,353.84033203125
788,-443.98583984375
789,998.17431640625
790,-680.6259765625
791,-1149.9453125
792,548.81884765625
793,-123.457763671875
794,-670.356201171875
795,-822.06787109375
796,-93.03515625
797,-1227.628662109375
798,-697.636474609375
799,-740.6728515625001
800,-575.552490234375
801,1602.2790527343748
802,154.9091796875
803,-602.098388671875
804,-441.22802734375
805,455.11767578125
806,283.276123046875
807,-707.7861328125
808,-373.219482421875
809,86.268310546875
810,343.902099609375
811,-1088.53564453125
812,2336.59765625
813,1807.249755859375
814,943.530029296875
815,-776.195556640625
816,2592.482177734375
817,1870.76123046875
818,129.83056640625
819,-1001.537353515625
820,165.3525390625
821,-170.827392578125
822,433.537109375
823,94.92724609375
824,240.5224609375
825,-412.941650390625
826,121.958740234375
827,334.931640625
828,1996.354736328125
829,-1010.1611328125
830,-824.3017578124999
831,103.40136718750001
832,210.8310546875
833,-1039.03076171875
834,-864.932373046875
835,78.757568359375
836,-414.582763671875
837,769.2431640625
838,-228.819580078125
839,-271.150390625
840,409.2294921875
841,201.36181640625
842,-278.82275390625
843,-263.4208984375
844,465.619384765625
845,43.173583984375
846,794.536865234375
847,542.5146484375
848,-138.874755859375
849,321.53881835937494
850,150.75244140625
851,-286.609619140625
852,51.431884765625
853,285.003662109375
854,1351.17724609375
855,429.93798828125
856,405.91064453125
857,-18.611328125
858,825.22509765625
859,439.242431640625
860,-402.28466796875
861,-54.987060546875
862,990.3330078125
863,-905.0791015625
864,1118.647705078125
865,-400.81689453125006
866,1407.483154296875
867,963.9941406249999
868,-232.029296875
869,-105.901123046875
870,1260.47900390625
871,803.953125
872,52.59375
873,92.30322265625
874,-196.989990234375
875,130.587646484375
876,483.468994140625
877,3258.074462890625
878,96.8134765625
879,320.93017578125
880,243.56884765625003
881,721.809326171875
882,-468.010009765625
883,-926.92919921875
884,298.21118164062506
885,271.570068359375
886,671.895263671875
887,-743.7658691406251
888,286.7724609375
889,435.52246093749994
890,-289.89111328125
891,-640.5185546875001
892,865.3056640625
893,-110.53955078125
894,-926.740966796875
895,2123.5771484375
896,1177.141845703125
897,-47.555908203125
898,-1103.544189453125
899,-646.47607421875
900,1350.48876953125
901,-345.84326171874994
902,-201.396240234375
903,-364.11328125
904,-74.506103515625
905,162.344970703125
906,-13.797363281250002
907,-571.47314453125
908,-80.51123046875
909,-364.833984375
910,-648.5185546875001
911,517.831298828125
912,564.47216796875
913,-117.11303710937499
914,-1073.034912109375
915,635.4677734375001
916,513.153076171875
917,2611.814697265625
918,-536.360107421875
919,75.490966796875
920,50.251708984375
921,0.7763671875
922,110.48583984375
923,-143.858154296875
924,62.593505859375
925,124.4423828125
926,-249.726318359375
927,-77.03955078125
928,1037.91015625
929,525.09716796875
930,-27.066162109375
931,-1204.6142578125002
932,915.024658203125
933,260.197998046875
934,-232.21655273437497
935,-327.6298828125
936,-167.378662109375
937,1903.880859375
938,-125.3291015625
939,-672.78466796875
940,1241.365478515625
941,2119.79345703125
942,-291.41796875
943,-553.781982421875
944,-809.55419921875
945,2416.31884765625
946,-118.220703125
947,-350.612548828125
948,-383.939697265625
949,-275.395751953125
950,-255.76220703125
951,-450.162353515625
952,-230.458740234375
953,-167.64306640625
954,114.72900390625
955,4218.750732421875
956,2973.310546875
957,-1685.052734375
958,600.57373046875
959,862.148193359375
960,2815.847412109375
961,-1572.5458984375
962,-13.201416015625002
963,589.18603515625
964,120.5302734375
965,-652.32666015625
966,-820.13720703125
967,576.6591796875
968,345.23583984375
969,-634.643798828125
970,-856.181884765625
971,-572.001220703125
972,208.6455078125
973,-93.798583984375
974,-750.05078125
975,1625.978271484375
976,228.289794921875
977,213.91186523437497
978,-814.016845703125
979,1736.882568359375
980,445.63769531250006
981,406.310302734375
982,59.8212890625
983,-17.295654296875
984,-35.578369140625
985,379.105224609375
986,28.539306640625
987,43.44970703125
988,33.819091796875
989,-252.83203125
990,-59.37622070312499
991,575.866455078125
992,976.006103515625
993,22.592529296875
994,297.1240234375
995,287.69970703125
996,896.27392578125
997,-148.62744140625
998,-537.747802734375
999,-430.712158203125
1000,-141.85693359375
1001,1039.987060546875
1002,899.0302734375
1003,13.49658203125
1004,-29.862792968749996
1005,972.09912109375
1006,795.73486328125
1007,-233.34033203125
1008,-360.50830078125
1009,307.8447265625
1010,521.38525390625
1011,-342.470703125
1012,274.147216796875
1013,570.813720703125
1014,612.723388671875
1015,-478.503662109375
1016,-88.8193359375
1017,-1260.550048828125
1018,2809.0285644531255
1019,123.74169921875
1020,262.53271484375
1021,205.58447265625
1022,4017.4072265625
1023,362.740478515625
1024,297.446533203125
1025,-886.692138671875
1026,1439.140380859375
1027,618.2858886718749
1028,-243.3720703125
1029,-38.017822265625
1030,-1383.898193359375
1031,369.86376953125
1032,-217.852783203125
1033,71.2685546875
1034,-280.5048828125
1035,489.257568359375
1036,2441.7177734375
1037,2427.85546875
1038,-503.0283203125
1039,163.83740234375
1040,-1114.289794921875
1041,2463.52978515625
1042,-197.90576171875
1043,-75.14990234374999
1044,1125.36962890625
1045,-2160.437255859375
1046,1146.48779296875
1047,1514.32568359375
1048,350.504150390625
1049,-322.62939453125
1050,1216.281494140625
1051,1512.597900390625
1052,858.2299804687501
1053,-1391.915771484375
1054,-1011.806884765625
1055,3985.1816406249995
1056,1352.365478515625
1057,1550.37255859375
1058,-1585.138671875
1059,3831.194091796875
1060,1436.814453125
1061,620.84326171875
1062,-455.890380859375
1063,365.940185546875
1064,387.883544921875
1065,200.518310546875
1066,-745.5354003906249
1067,-275.434814453125
1068,381.10498046875
1069,-35.330078125
1070,-212.92163085937497
1071,311.00390625
1072,408.245361328125
1073,-387.020263671875
1074,-450.969970703125
1075,541.732666015625
1076,627.914794921875
1077,-550.460205078125
1078,-560.64501953125
1079,-1475.432861328125
1080,459.865234375
1081,243.023193359375
1082,-769.436279296875
1083,-1030.50927734375
1084,842.6643066406249
1085,276.37841796875
1086,-688.089111328125
1087,-943.61279296875
1088,-456.97265625
1089,-355.5732421875
1090,928.93310546875
1091,-460.11376953125
1092,-235.64453125
1093,215.958251953125
1094,344.4599609375
1095,-575.4375
1096,-361.34008789062494
1097,-407.49609375
1098,435.82055664062494
1099,54.214111328125
1100,-260.435302734375
1101,-728.596435546875
1102,915.777099609375
1103,1013.3239746093749
1104,-305.330322265625
1105,-737.0744628906249
1106,-243.320556640625
1107,-239.0458984375
1108,2060.16845703125
1109,1420.480712890625
1110,-684.7060546875
1111,747.71923828125
1112,13.8701171875
1113,1419.74755859375
1114,-719.824951171875
1115,-316.71337890625
1116,-608.19580078125
1117,1203.360107421875
1118,513.61669921875
1119,-354.175048828125
1120,216.794921875
1121,1087.448974609375
1122,527.85205078125
1123,-371.2099609375
1124,-365.917724609375
1125,-175.748046875
1126,-434.78198242187506
1127,731.17724609375
1128,501.27392578125
1129,-749.2548828125
1130,-260.222412109375
1131,739.758056640625
1132,385.40576171875
1133,86.696044921875
1134,328.700439453125
1135,-556.309814453125
1136,-49.77441406250001
1137,-123.620361328125
1138,-483.73291015625
1139,-919.47900390625
1140,32.687255859375
1141,-157.241455078125
1142,3162.24169921875
1143,-719.63330078125
1144,945.5537109375
1145,139.96435546875
1146,-341.740478515625
1147,89.788330078125
1148,59.542236328125
1149,308.162353515625
1150,-457.601318359375
1151,-79.654296875
1152,-7.774658203125
1153,1613.8942871093748
1154,156.821533203125
1155,-329.418701171875
1156,361.58203125
1157,510.16162109375
1158,49.13232421875
1159,-514.31982421875
1160,3.890625
1161,-19.3525390625
1162,2830.514404296875
1163,-2121.496826171875
1164,-2009.8593749999998
1165,-656.9687499999999
1166,3252.59521484375
1167,-2052.5166015625
1168,-2013.8037109375
1169,381.408203125
1170,3165.8779296875
1171,515.51025390625
1172,256.626220703125
1173,292.83251953125
1174,3325.013427734375
1175,348.497314453125
1176,365.335693359375
1177,437.02685546875
1178,670.939697265625
1179,399.177978515625
1180,-302.157958984375
1181,171.8720703125
1182,265.195556640625
1183,597.9160156250001
1184,337.99707031249994
1185,-104.6943359375
1186,544.81494140625
1187,435.035888671875
1188,-343.8681640625
1189,-704.325927734375
1190,-231.46728515625
1191,0.36376953125
1192,3261.1728515625
1193,-614.687255859375
1194,-290.40869140625
1195,99.332763671875
1196,-467.97705078125
1197,-270.44873046875
1198,-707.1801757812499
1199,1065.14404296875
1200,621.3759765625
1201,163.875244140625
1202,90.42041015625
1203,970.353271484375
1204,622.873779296875
1205,1440.4440917968752
1206,1455.8515625
1207,608.691650390625
1208,330.819580078125
1209,163.84790039062497
1210,88.87109374999999
1211,137.695068359375
1212,507.61083984375
1213,96.34619140625
1214,76.59692382812501
1215,1345.4541015625
1216,877.051513671875
1217,-625.6506347656251
1218,-298.87451171875
1219,-435.580810546875
1220,-749.215576171875
1221,-522.55615234375
1222,-444.844482421875
1223,849.9716796875
1224,762.6379394531249
1225,-1009.2021484375
1226,514.445556640625
1227,320.7314453125
1228,1064.80419921875
1229,-798.1005859375
1230,435.5830078125
1231,174.916748046875
1232,-231.33544921875
1233,-645.65673828125
1234,231.10693359375
1235,197.85400390625003
1236,-179.0458984375
1237,212.014892578125
1238,425.086181640625
1239,246.083740234375
1240,-103.80224609375
1241,-320.7197265625
1242,-856.1210937500001
1243,-865.9462890625
1244,-651.4677734375001
1245,1488.275634765625
1246,1641.917724609375
1247,1015.433349609375
1248,-619.3208007812499
1249,1523.644287109375
1250,-1077.449462890625
1251,89.20263671875001
1252,66.20361328125
1253,-228.926025390625
1254,51.500732421875
1255,3509.662841796875
1256,1337.75634765625
1257,-23.478515625
1258,-27.001708984375
1259,-635.01806640625
1260,261.20654296875
1261,131.735107421875
1262,-7.82080078125
1263,228.583984375
1264,468.611328125
1265,-1858.43115234375
1266,-54.134033203125
1267,248.713623046875
1268,-73.66357421875
1269,527.00390625
1270,896.0312500000001
1271,921.203369140625
1272,-904.411376953125
1273,3489.7626953125
1274,-904.64990234375
1275,1034.09619140625
1276,-718.1147460937501
1277,129.3232421875
1278,2746.9650878906245
1279,73.023193359375
1280,-790.626708984375
1281,-792.910888671875
1282,-236.783935546875
1283,134.69384765625
1284,-907.044677734375
1285,-734.083251953125
1286,433.45947265625
1287,114.72509765625001
1288,2599.196533203125
1289,-401.748779296875
1290,-817.619140625
1291,727.611328125
1292,-484.949462890625
1293,-544.728759765625
1294,-577.597900390625
1295,463.248779296875
1296,-322.1259765625
1297,-1209.907958984375
1298,700.69775390625
1299,1559.11669921875
1300,10.737060546875
1301,-818.53564453125
1302,589.407470703125
1303,1503.7998046875
1304,558.797607421875
1305,-439.46142578125
1306,1308.65087890625
1307,-2272.151123046875
1308,-2310.191650390625
1309,187.69702148437503
1310,1731.239990234375
1311,-2235.41259765625
1312,-2324.896728515625
1313,-247.23583984375
1314,708.9255371093751
1315,293.24951171875
1316,3775.07958984375
1317,3987.97216796875
1318,235.5869140625
1319,757.58203125
1320,3396.99560546875
1321,3906.5830078125
1322,161.295654296875
1323,-39.030517578125
1324,-25.457275390625
1325,654.407958984375
1326,-1113.63330078125
1327,314.742431640625
1328,152.276123046875
1329,594.892333984375
1330,-1276.318359375
1331,809.79296875
1332,-770.8293457031251
1333,810.702880859375
1334,-886.9899902343751
1335,-295.151611328125
1336,126.30371093749999
1337,303.97900390625
1338,-839.697021484375
1339,-367.431884765625
1340,4177.090087890625
1341,-2194.875732421875
1342,118.5693359375
1343,157.169677734375
1344,284.28857421875
1345,-304.031494140625
1346,181.22607421874997
1347,374.81689453125006
1348,427.898193359375
1349,-146.13671875
1350,-425.185546875
1351,-835.666015625
1352,2238.960693359375
1353,1796.187744140625
1354,1694.7736816406248
1355,-482.710205078125
1356,2078.426025390625
1357,1874.721435546875
1358,-534.823974609375
1359,-1017.974853515625
1360,569.073974609375
1361,-465.462890625
1362,185.56591796875
1363,-389.20556640625
1364,523.232666015625
1365,-534.178955078125
1366,15.938720703125
1367,-551.6630859375
1368,-172.582763671875
1369,-337.16845703125
1370,-548.173583984375
1371,-113.40307617187499
1372,-685.1728515625001
1373,728.13525390625
1374,-611.6242675781251
1375,-300.634033203125
1376,-398.696533203125
1377,6.071044921875
1378,-398.880126953125
1379,517.922607421875
1380,307.79516601562494
1381,-955.280029296875
1382,242.15087890625
1383,562.291015625
1384,599.620361328125
1385,1013.304443359375
1386,134.3369140625
1387,992.8239746093749
1388,-1011.9658203125
1389,-17.838134765625
1390,1529.147216796875
1391,-425.86767578125
1392,-1027.562744140625
1393,-51.18896484375
1394,-889.34521484375
1395,344.8349609375
1396,-17.41455078125
1397,781.1738281249999
1398,58.0830078125
1399,198.49829101562503
1400,-992.3125
1401,737.078857421875
1402,181.12353515624997
1403,641.82470703125
1404,976.85986328125
1405,490.13330078125
1406,1216.2282714843748
1407,-63.2158203125
1408,172.329833984375
1409,-76.22900390625
1410,1146.38134765625
1411,-92.786865234375
1412,256.377197265625
1413,-441.29467773437506
1414,50.0341796875
1415,534.69482421875
1416,356.950927734375
1417,75.9814453125
1418,1509.12646484375
1419,692.41845703125
1420,210.7490234375
1421,895.8969726562501
1422,-754.43017578125
1423,974.9892578125
1424,-831.449462890625
1425,585.98681640625
1426,-635.4609375
1427,691.155517578125
1428,-953.464111328125
1429,642.58251953125
1430,2539.446044921875
1431,-22.543212890625
1432,117.04541015625
1433,-410.357177734375
1434,-434.15771484375
1435,798.019775390625
1436,-13.88037109375
1437,-619.716796875
1438,-405.72412109375
1439,-1997.081298828125
1440,-115.66259765625001
1441,-327.68994140625
1442,182.209228515625
1443,454.1318359375
1444,643.7500000000001
1445,-141.8056640625
1446,-213.34619140625
1447,540.3896484375
1448,4221.227294921875
1449,4567.55419921875
1450,-38.11279296875
1451,831.158935546875
1452,968.4963378906251
1453,4423.22265625
1454,2400.00341796875
1455,652.58740234375
1456,1013.165283203125
1457,-185.132080078125
1458,110.84692382812501
1459,-81.794921875
1460,1855.15673828125
1461,1760.0185546875
1462,602.564453125
1463,865.8261718750001
1464,1906.543701171875
1465,1812.569580078125
1466,-78.621337890625
1467,33.50048828124996
1468,-347.63037109375
1469,578.269775390625
1470,378.312744140625
1471,1321.317626953125
1472,-168.597412109375
1473,534.317138671875
1474,332.7158203125
1475,127.63671875
1476,-84.68188476562501
1477,548.197998046875
1478,-171.69189453125
1479,-1324.62451171875
1480,330.30468749999994
1481,-12.443115234375
1482,-122.605224609375
1483,-1262.232177734375
1484,453.3837890625
1485,334.073486328125
1486,216.800537109375
1487,2010.4377441406252
1488,1850.532470703125
1489,539.204345703125
1490,-44.009765625
1491,1927.134033203125
1492,1998.65087890625
1493,-147.380615234375
1494,-149.182861328125
1495,-369.049560546875
1496,1655.040771484375
1497,1046.458740234375
1498,3561.2119140625
1499,2473.300048828125
1500,1614.793212890625
1501,1061.05517578125
1502,-173.756591796875
1503,-475.76416015625
1504,566.642822265625
1505,-517.230712890625
1506,-1031.005615234375
1507,168.17333984375
1508,-1062.120849609375
1509,-504.507080078125
1510,-957.36279296875
1511,1559.730712890625
1512,1265.0830078125
1513,-427.793701171875
1514,-707.37353515625
1515,759.636474609375
1516,3367.812744140625
1517,3165.33447265625
1518,-679.89892578125
1519,762.74658203125
1520,210.372802734375
1521,99.0576171875
1522,917.837890625
1523,465.934814453125
1524,-51.03173828125
1525,-283.387939453125
1526,183.990966796875
1527,205.179443359375
1528,-11.999267578125
1529,-2643.06298828125
1530,-2364.84912109375
1531,44.06201171875
1532,371.901123046875
1533,851.338623046875
1534,2923.98828125
1535,-232.03076171875
1536,448.8095703125
1537,708.4365234375
1538,-112.064208984375
1539,7.49267578125
1540,502.700439453125
1541,566.422607421875
1542,-188.254150390625
1543,273.19091796875
1544,1684.834228515625
1545,779.708251953125
1546,3.787841796875
1547,-24.246826171874996
1548,-2.64208984375
1549,1448.765625
1550,-878.734619140625
1551,82.384033203125
1552,574.448486328125
1553,559.945556640625
1554,-793.829833984375
1555,-67.394287109375
1556,-1247.472412109375
1557,-27.033935546875
1558,345.619873046875
1559,-280.423583984375
1560,21.229736328125
1561,2173.5595703125
1562,3456.178955078125
1563,-444.55615234375
1564,222.86328125
1565,-79.55712890625
1566,259.523193359375
1567,-175.689697265625
1568,281.7060546875
1569,57.48999023437499
1570,-80.247802734375
1571,-112.671875
1572,130.8232421875
1573,155.41015625
1574,-334.915771484375
1575,867.55859375
1576,1062.141357421875
1577,-780.7922363281249
1578,-734.10009765625
1579,-508.730224609375
1580,2047.412109375
1581,-682.988525390625
1582,-699.0380859375
1583,-140.846923828125
1584,539.140380859375
1585,37.99169921875
1586,-179.00537109375
1587,-255.07373046875
1588,-569.6650390625
1589,261.776611328125
1590,-74.970947265625
1591,-293.39501953125
1592,115.335205078125
1593,363.195068359375
1594,-583.247314453125
1595,540.19775390625
1596,703.358154296875
1597,-412.197509765625
1598,-718.00927734375
1599,445.75
1600,605.35986328125
1601,4145.85986328125
1602,3414.862060546875
1603,719.443359375
1604,62.89208984375
1605,-535.610595703125
1606,-595.219970703125
1607,-507.960205078125
1608,-39.45874023437499
1609,-448.02734375
1610,259.0361328125
1611,758.6918945312501
1612,-1777.287841796875
1613,-670.70068359375
1614,2740.39697265625
1615,-110.60693359375
1616,665.0048828125
1617,-665.8388671875
1618,2668.27099609375
1619,-23.3056640625
1620,1197.685302734375
1621,25.63671875
1622,-53.6474609375
1623,646.02734375
1624,2759.177490234375
1625,-1.7021484375
1626,34.706298828125
1627,605.0163574218749
1628,109.47509765625001
1629,70.419677734375
1630,-893.4772949218751
1631,1268.2390136718752
1632,1228.950439453125
1633,411.155029296875
1634,-599.819091796875
1635,1095.858154296875
1636,1412.47900390625
1637,-107.3193359375
1638,-927.141357421875
1639,31.608642578125
1640,506.54736328125
1641,-159.774658203125
1642,-217.52490234375
1643,-335.54052734375
1644,533.43701171875
1645,-122.98193359375
1646,855.5449218749999
1647,-303.05151367187494
1648,-1344.70703125
1649,613.450927734375
1650,581.68359375
1651,313.57470703125
1652,-924.4265136718749
1653,674.5419921875
1654,500.249267578125
1655,-273.193603515625
1656,273.421142578125
1657,392.96044921875
1658,79.82568359375
1659,-580.0556640625
1660,946.3757324218749
1661,173.955322265625
1662,252.341796875
1663,-580.0302734375
1664,2581.38232421875
1665,-325.142822265625
1666,-226.211181640625
1667,1035.0302734375
1668,710.14404296875
1669,-64.82470703125
1670,427.574951171875
1671,1137.718017578125
1672,666.74951171875
1673,1412.9873046875
1674,150.123046875
1675,168.417724609375
1676,4562.732421875
1677,668.341552734375
1678,793.2451171875
1679,256.96923828125
1680,4196.79736328125
1681,490.037841796875
1682,-157.61376953125003
1683,-512.997802734375
1684,-451.9443359375
1685,981.549560546875
1686,1095.064453125
1687,-589.24560546875
1688,-492.421875
1689,630.807861328125
1690,942.46435546875
1691,3925.4990234375005
1692,-453.264404296875
1693,402.95556640625
1694,194.888916015625
1695,-92.201904296875
1696,74.22827148437501
1697,387.035888671875
1698,69.255126953125
1699,-133.353759765625
1700,630.27490234375
1701,1018.0544433593751
1702,297.514404296875
1703,1322.0166015625
1704,891.734619140625
1705,-319.89404296875006
1706,-402.84423828125
1707,1546.7060546875
1708,1266.386474609375
1709,290.89208984375
1710,539.963134765625
1711,50.099609375
1712,914.80224609375
1713,453.4013671875
1714,255.399658203125
1715,498.274169921875
1716,860.5798339843751
1717,349.731201171875
1718,1222.588623046875
1719,-937.42041015625
1720,425.470703125
1721,-482.772216796875
1722,636.61865234375
1723,162.682373046875
1724,230.688232421875
1725,-179.55615234374997
1726,446.167236328125
1727,578.817138671875
1728,-113.619140625
1729,3015.935546875
1730,51.522705078125
1731,-1827.800048828125
1732,688.3208007812499
1733,264.35791015625
1734,173.970947265625
1735,-1822.2998046875
1736,1474.98681640625
1737,2.5913085937500147
1738,-172.515625
1739,166.042724609375
1740,1241.33056640625
1741,78.65771484375
1742,1206.29931640625
1743,43.19995117187499
1744,1341.177978515625
1745,398.12499999999994
1746,-586.717041015625
1747,513.7041015625
1748,914.385009765625
1749,-516.571044921875
1750,-244.54833984375
1751,-513.604248046875
1752,744.5607910156251
1753,-402.36865234374994
1754,-430.7314453125
1755,-981.4909667968749
1756,1568.210205078125
1757,-1513.20703125
1758,-1468.6181640625
1759,-237.31396484375
1760,1694.64892578125
1761,-1479.60546875
1762,-1316.15869140625
1763,455.34277343750006
1764,799.160888671875
1765,402.332763671875
1766,8.667236328125
1767,-349.16748046875
1768,-257.154541015625
1769,709.5830078125001
1770,-4.975341796875
1771,-456.466552734375
1772,641.924560546875
1773,-624.913330078125
1774,-47.419189453125
1775,447.75537109375
1776,285.0087890625
1777,838.2509765625
1778,-792.145751953125
1779,642.28857421875
1780,497.854736328125
1781,-701.119873046875
1782,-442.893310546875
1783,234.18017578125
1784,336.223876953125
1785,-382.97753906250006
1786,-115.305419921875
1787,199.169921875
1788,324.745361328125
1789,-356.9248046875
1790,71.4501953125
1791,-41.463134765625
1792,863.929443359375
1793,-29.893798828125
1794,-202.80615234374997
1795,-1380.817138671875
1796,980.3239746093749
1797,-211.772216796875
1798,107.754638671875
1799,921.351806640625
1800,1258.9374999999998
1801,-729.180908203125
1802,887.19580078125
1803,1840.72314453125
1804,-1057.496826171875
1805,-341.52490234375
1806,886.08251953125
1807,1963.3515625
1808,827.05810546875
1809,-338.31201171875
1810,-123.122802734375
1811,-217.70263671875
1812,360.80810546875
1813,222.929443359375
1814,263.945068359375
1815,-459.597412109375
1816,447.54931640625
1817,-993.260009765625
1818,189.7177734375
1819,1589.01318359375
1820,-956.96484375
1821,-1039.941650390625
1822,-132.90283203125
1823,-97.422119140625
1824,-1087.106689453125
1825,-1095.32275390625
1826,742.519775390625
1827,588.36669921875
1828,634.638671875
1829,154.4130859375
1830,-1232.2758789062498
1831,426.6845703125
1832,2025.55322265625
1833,46.37353515625
1834,-1258.20751953125
1835,92.63427734375
1836,373.738525390625
1837,1073.4814453125
1838,-717.769287109375
1839,-86.83886718750001
1840,-1234.18896484375
1841,691.1833496093749
1842,-605.985595703125
1843,1.515380859375
1844,76.5859375
1845,-366.60693359375
1846,636.257568359375
1847,1367.7919921875
1848,-645.320068359375
1849,432.8603515625
1850,-2093.093994140625
1851,1464.66015625
1852,-739.9580078125
1853,-89.9970703125
1854,-1190.73974609375
1855,-925.049560546875
1856,451.543212890625
1857,1060.667236328125
1858,-205.390869140625
1859,-46.543212890625
1860,188.895263671875
1861,1056.1728515625
1862,1216.711181640625
1863,1430.708984375
1864,-107.377685546875
1865,-191.228271484375
1866,1274.31591796875
1867,-167.959228515625
1868,-122.791259765625
1869,-240.185791015625
1870,942.82470703125
1871,4324.296875
1872,1397.86865234375
1873,3476.153076171875
1874,-1762.388427734375
1875,-909.590087890625
1876,317.3095703125
1877,-548.138427734375
1878,-1766.9638671875
1879,-937.834716796875
1880,687.3325195312501
1881,-357.706787109375
1882,669.996826171875
1883,961.388671875
1884,100.09594726562499
1885,-372.502685546875
1886,940.7722167968751
1887,1123.73095703125
1888,159.4287109375
1889,1666.4440917968752
1890,178.959228515625
1891,-1419.901123046875
1892,747.8525390625001
1893,2670.941650390625
1894,-255.547119140625
1895,217.018310546875
1896,753.885498046875
1897,2722.292724609375
1898,184.6142578125
1899,-604.8620605468751
1900,-747.328369140625
1901,247.162353515625
1902,1011.128662109375
1903,-572.18994140625
1904,445.05322265625
1905,91.5341796875
1906,949.1833496093749
1907,153.143798828125
1908,478.7353515625
1909,2971.345458984375
1910,-225.62646484375003
1911,-1503.6982421875
1912,167.71313476562503
1913,-659.0380859375
1914,-309.348388671875
1915,-1389.128662109375
1916,1245.5615234375
1917,-1015.262939453125
1918,-364.94384765625
1919,-174.634521484375
1920,-199.61767578125
1921,-604.462158203125
1922,-84.1298828125
1923,-294.38818359375
1924,-257.655029296875
1925,-226.67529296875
1926,27.389404296875
1927,945.200927734375
1928,667.4970703125
1929,-398.611328125
1930,473.01928710937494
1931,-501.572021484375
1932,759.013671875
1933,-190.1015625
1934,-447.157958984375
1935,58.357177734375
1936,949.736328125
1937,-156.540771484375
1938,-505.874755859375
1939,-289.179931640625
1940,502.932861328125
1941,-72.234619140625
1942,-546.15380859375
1943,887.23583984375
1944,1001.9248046875
1945,1223.97705078125
1946,-759.953369140625
1947,-795.49560546875
1948,-285.27392578125
1949,352.59033203125
1950,-917.2666015625
1951,-887.98876953125
1952,-423.56640625
1953,962.5681152343749
1954,3200.7802734375005
1955,-69.414306640625
1956,-100.137939453125
1957,-674.701171875
1958,3113.379150390625
1959,-174.74072265625
1960,-179.778564453125
1961,727.514892578125
1962,3074.78369140625
1963,997.981201171875
1964,461.09008789062494
1965,-455.271484375
1966,-2429.226806640625
1967,-2622.18701171875
1968,453.1484375
1969,-271.06884765625
1970,921.9501953125
1971,1001.292724609375
1972,-155.44409179687497
1973,319.548583984375
1974,-47.759521484375
1975,-778.276611328125
1976,-221.398193359375
1977,333.33447265625
1978,-54.8037109375
1979,2309.49560546875
1980,218.114990234375
1981,-47.42333984375
1982,209.208740234375
1983,102.894287109375
1984,291.373779296875
1985,51.07421875
1986,53.451904296875
1987,-103.07470703125
1988,-1535.974365234375
1989,-209.88305664062497
1990,1012.0449218749999
1991,-359.770751953125
1992,-479.570068359375
1993,-86.647216796875
1994,216.255126953125
1995,-319.643798828125
1996,-442.061767578125
1997,1282.86962890625
1998,652.4189453125
1999,-606.984130859375
2000,833.2436523437499
2001,1077.478759765625
2002,189.187255859375
2003,-251.743408203125
2004,760.923828125
2005,1054.335693359375
2006,341.08935546875
2007,-153.089111328125
2008,-573.135986328125
2009,883.575927734375
2010,179.624267578125
2011,942.720703125
2012,114.356689453125
2013,930.87060546875
2014,342.757568359375
2015,-404.527099609375
2016,-74.40234375
2017,-573.963623046875
2018,804.7658691406251
2019,877.689208984375
2020,-335.0205078125
2021,-535.74951171875
2022,1040.111328125
2023,1127.70361328125
2024,4751.01904296875
2025,-581.0166015625
2026,-360.55908203125
2027,652.57421875
2028,6.9130859375
2029,-26.18359375
2030,-45.517578125
2031,752.890380859375
2032,-91.2607421875
2033,-96.4267578125
2034,-324.64404296875006
2035,349.0078125
2036,42.027587890625
2037,-424.829345703125
2038,497.236328125
2039,317.41552734375
2040,96.828125
2041,-225.624755859375
2042,362.315673828125
2043,-410.1337890625
2044,-1177.150634765625
2045,530.12353515625
2046,779.145263671875
2047,-298.510009765625
2048,-1031.38720703125
2049,464.7255859375
2050,766.211181640625
2051,5976.971435546875
2052,-918.346923828125
2053,-631.3811035156251
2054,1348.592529296875
2055,1551.392333984375
2056,3311.0166015625
2057,-629.15478515625
2058,1430.08251953125
2059,1415.603271484375
2060,-670.5068359374999
2061,-686.458740234375
2062,570.966064453125
2063,170.09521484375
2064,150.096435546875
2065,-32.853759765625
2066,641.2309570312499
2067,345.950439453125
2068,369.691650390625
2069,-1891.359375
2070,531.9951171875
2071,322.95214843749994
2072,-121.950439453125
2073,-507.809326171875
2074,684.345947265625
2075,681.053955078125
2076,-242.612548828125
2077,-384.866455078125
2078,5405.77734375
2079,3357.561767578125
2080,53.9140625
2081,-372.38232421875
2082,-1318.447998046875
2083,-128.09033203125
2084,-296.75927734375006
2085,-463.94482421875
2086,-1300.726318359375
2087,192.236328125
2088,44.98046875
2089,245.93359375
2090,-223.45751953125
2091,-295.142333984375
2092,-742.963134765625
2093,806.2744140625
2094,-230.67822265625
2095,-313.87744140625
2096,823.470458984375
2097,1221.957275390625
2098,-865.896484375
2099,-904.957763671875
2100,1108.6494140625
2101,-340.447021484375
2102,1999.6669921874998
2103,-823.603515625
2104,1136.6484375
2105,-439.188720703125
2106,-636.352783203125
2107,-199.013916015625
2108,848.628173828125
2109,851.045654296875
2110,-103.33886718750001
2111,-290.308349609375
2112,732.0354003906249
2113,586.01513671875
2114,700.4521484375
2115,-68.618896484375
2116,-214.563232421875
2117,156.45849609375
2118,148.708251953125
2119,-486.606201171875
2120,532.870849609375
2121,118.233642578125
2122,124.939697265625
2123,1235.922607421875
2124,-231.137451171875
2125,136.61376953125
2126,-263.752197265625
2127,148.49853515624997
2128,-364.654296875
2129,-132.28515625
2130,-308.21533203125
2131,221.12939453125
2132,680.423583984375
2133,459.820068359375
2134,-264.072021484375
2135,1556.763427734375
2136,1364.1005859375
2137,1208.957275390625
2138,-208.51904296875
2139,1405.939453125
2140,1331.02490234375
2141,-640.277587890625
2142,-521.331787109375
2143,-260.93359375
2144,219.8486328125
2145,885.0861816406251
2146,-5.720703124999999
2147,155.759521484375
2148,209.619384765625
2149,825.244873046875
2150,-162.05322265625
2151,23.373779296875
2152,12.660400390625
2153,-517.586669921875
2154,-769.070556640625
2155,367.047607421875
2156,8.039306640625
2157,-607.2880859375001
2158,-709.79638671875
2159,252.1533203125
2160,-35.888427734375
2161,-810.21630859375
2162,1242.59326171875
2163,1543.26806640625
2164,540.401611328125
2165,-956.432373046875
2166,1110.630615234375
2167,1752.514892578125
2168,360.812255859375
2169,-914.301513671875
2170,171.96728515625
2171,517.058349609375
2172,-569.309326171875
2173,-1471.008056640625
2174,-853.9868164062501
2175,685.7785644531251
2176,-615.52978515625
2177,33.561767578125
2178,-265.07470703125
2179,452.2236328125
2180,-108.791015625
2181,314.4541015625
2182,146.754638671875
2183,598.625732421875
2184,-221.406494140625
2185,106.71337890625
2186,-662.2587890625
2187,-69.15283203125
2188,301.99707031249994
2189,888.615234375
2190,-15.213134765625
2191,464.46166992187494
2192,-216.0341796875
2193,1025.4765625
2194,-115.885009765625
2195,1195.734375
2196,178.33178710937497
2197,-1880.6257324218748
2198,3663.700927734375
2199,2925.76220703125
2200,683.8852539062499
2201,-906.985595703125
2202,3920.780517578125
2203,2902.391845703125
2204,389.94140625
2205,-982.7341308593749
2206,-73.017822265625
2207,764.833251953125
2208,82.40966796875
2209,571.262939453125
2210,446.30322265625
2211,656.213134765625
2212,162.76953125
2213,-288.929443359375
2214,-337.248779296875
2215,243.765625
2216,-402.085205078125
2217,-237.30297851562497
2218,-337.037353515625
2219,-415.091796875
2220,-409.880126953125
2221,-195.35498046875
2222,134.605712890625
2223,227.618408203125
2224,-68.73583984375
2225,-361.8408203125
2226,378.048828125
2227,214.339111328125
2228,-53.43872070312499
2229,-357.33691406249994
2230,610.3154296875
2231,58.399658203125
2232,-154.9931640625
2233,252.603759765625
2234,267.52587890625
2235,-60.3828125
2236,-508.184814453125
2237,-622.69970703125
2238,231.342529296875
2239,66.80419921875
2240,217.6083984375
2241,638.1953125
2242,-0.8425292968750001
2243,-52.620849609375
2244,45.1533203125
2245,-226.3662109375
2246,228.04736328125
2247,-55.8564453125
2248,223.82763671875
2249,-60.56884765625
2250,-137.387451171875
2251,-761.88623046875
2252,35.70947265625
2253,678.697998046875
2254,-277.844482421875
2255,-388.3486328125
2256,48.470947265625
2257,729.30517578125
2258,-549.664306640625
2259,-444.981689453125
2260,1452.3818359375
2261,198.566650390625
2262,-1620.244873046875
2263,-210.795166015625
2264,-339.55419921875006
2265,250.209228515625
2266,-1743.777587890625
2267,105.879150390625
2268,99.814208984375
2269,-244.054931640625
2270,-269.511962890625
2271,340.865966796875
2272,-321.823486328125
2273,-383.567626953125
2274,-327.5205078125
2275,190.382080078125
2276,32.818359375
2277,-378.44873046875
2278,-184.97314453125
2279,123.34521484375
2280,162.709716796875
2281,-200.30078125
2282,42.32080078125
2283,-11.709716796875004
2284,286.525634765625
2285,2689.741943359375
2286,2712.112060546875
2287,807.072998046875
2288,131.085205078125
2289,-243.0595703125
2290,-171.291015625
2291,801.006103515625
2292,240.328857421875
2293,-199.703125
2294,325.796142578125
2295,-444.049560546875
2296,30.838134765625
2297,180.48388671875
2298,-2.93017578125
2299,3711.171142578125
2300,4494.3388671875
2301,131.2001953125
2302,-60.494873046875
2303,-851.7138671875
2304,-412.28662109375
2305,520.971923828125
2306,378.15185546875
2307,-93.445068359375
2308,-523.013916015625
2309,-517.3857421875
2310,346.548095703125
2311,61.3046875
2312,556.278564453125
2313,615.278076171875
2314,-73.457763671875
2315,257.776611328125
2316,-55.933349609375
2317,-11.682373046875
2318,-755.947021484375
2319,12.006591796875
2320,-44.1123046875
2321,-134.361572265625
2322,76.39672851562499
2323,464.583984375
2324,553.407958984375
2325,-378.43945312499994
2326,-505.13818359374994
2327,-365.576416015625
2328,639.4709472656251
2329,-346.978759765625
2330,-60.21118164062499
2331,-148.70947265625
2332,-135.204833984375
2333,-137.702880859375
2334,-395.73193359375
2335,1125.208984375
2336,163.46972656249997
2337,-245.603759765625
2338,-356.290283203125
2339,-84.160400390625
2340,279.64697265625
2341,682.163818359375
2342,-76.17919921875
2343,-205.42578125
2344,-1682.146240234375
2345,508.24267578125
2346,-27.13671875
2347,-273.630615234375
2348,668.894287109375
2349,580.861083984375
2350,-196.11767578125
2351,-158.37988281249997
2352,653.23486328125
2353,-52.4169921875
2354,-407.936767578125
2355,20.012939453125
2356,776.870849609375
2357,1657.526611328125
2358,-214.497802734375
2359,854.21630859375
2360,-568.00830078125
2361,-780.088623046875
2362,1353.870849609375
2363,896.9423828124999
2364,-637.692138671875
2365,-823.9318847656251
2366,-633.2666015625
2367,828.038818359375
2368,-235.83056640625
2369,1012.1147460937501
2370,793.7277832031249
2371,-1037.734619140625
2372,-382.814697265625
2373,992.3874511718751
2374,871.4868164062501
2375,932.981201171875
2376,-285.64990234375
2377,2116.705078125
2378,-300.00610351562506
2379,1878.122802734375
2380,3.214599609375
2381,171.016845703125
2382,-274.81005859375
2383,1658.89794921875
2384,-1188.508056640625
2385,476.0849609375
2386,-785.9619140625
2387,158.40673828125
2388,559.927978515625
2389,-849.91748046875
2390,-561.021728515625
2391,504.05615234375
2392,548.475341796875
2393,-703.89013671875
2394,-533.165283203125
2395,-995.00927734375
2396,555.388671875
2397,1365.800537109375
2398,215.95361328124997
2399,-52.556640625
2400,413.405029296875
2401,1454.552978515625
2402,392.710693359375
2403,736.33642578125
2404,180.166748046875
2405,960.06201171875
2406,274.67919921875
2407,-227.1396484375
2408,-241.781982421875
2409,871.014404296875
2410,178.29638671875003
2411,-128.32080078125
2412,-157.8896484375
2413,-187.63818359375
2414,662.0839843749999
2415,856.173095703125
2416,-504.27490234375
2417,198.328125
2418,611.7138671875
2419,953.684326171875
2420,2961.646240234375
2421,382.19897460937494
2422,1672.875
2423,-777.651611328125
2424,-790.237060546875
2425,-495.404541015625
2426,1667.84326171875
2427,-688.076416015625
2428,-688.306640625
2429,925.6572265625
2430,2084.441650390625
2431,-350.01220703125
2432,906.9096679687501
2433,988.3125
2434,1720.384033203125
2435,-363.368896484375
2436,737.15869140625
2437,1044.1220703125
2438,24.590332031250004
2439,-337.881103515625
2440,458.91796875
2441,1080.271240234375
2442,20.6591796875
2443,11.73193359375
2444,-38.243896484375
2445,952.0839843749999
2446,-157.22314453125
2447,1083.2998046875
2448,-278.41162109375
2449,111.62646484375
2450,-81.547119140625
2451,232.2353515625
2452,312.65405273437494
2453,-0.57421875
2454,-146.313720703125
2455,-116.73583984375
2456,-129.584228515625
2457,36.249755859375
2458,-110.85888671875
2459,-163.2744140625
2460,221.374755859375
2461,-544.03271484375
2462,796.807373046875
2463,-321.56738281249994
2464,206.031982421875
2465,-493.4658203125
2466,-291.616455078125
2467,-129.199462890625
2468,-306.661865234375
2469,-352.755126953125
2470,-1510.779541015625
2471,-295.85229492187506
2472,-514.435302734375
2473,-477.744873046875
2474,347.93212890625
2475,637.225341796875
2476,76.205322265625
2477,543.155029296875
2478,-16.45849609375
2479,-455.15185546875
2480,-245.680419921875
2481,471.0703125
2482,-117.95751953125001
2483,169.273681640625
2484,146.821044921875
2485,790.72900390625
2486,-603.935302734375
2487,-243.27075195312503
2488,-139.30224609375
2489,660.7060546875
2490,-631.45947265625
2491,-126.03564453125
2492,-972.792724609375
2493,707.739501953125
2494,1655.779052734375
2495,409.934814453125
2496,-715.13330078125
2497,2702.150146484375
2498,1090.510498046875
2499,420.719970703125
2500,-776.449462890625
2501,-937.9223632812501
2502,1384.341552734375
2503,1561.6787109375
2504,-250.84130859375003
2505,-320.00048828125
2506,-546.986328125
2507,2493.43408203125
2508,-336.375244140625
2509,-221.13134765625
2510,1137.468505859375
2511,2700.6762695312495
2512,769.208984375
2513,-384.049560546875
2514,-363.24707031249994
2515,-450.96875
2516,-438.001708984375
2517,-519.848388671875
2518,-195.828857421875
2519,351.71826171875
2520,-201.257080078125
2521,-493.56298828125
2522,-285.103759765625
2523,-78.270263671875
2524,210.244873046875
2525,-635.657958984375
2526,-367.099365234375
2527,0.8046875
2528,-376.590576171875
2529,-161.28173828125
2530,743.930908203125
2531,-213.978271484375
2532,-379.01562500000006
2533,248.237060546875
2534,199.05932617187497
2535,-118.348388671875
2536,-351.649658203125
2537,-2339.59375
2538,1111.951416015625
2539,195.479736328125
2540,1106.8193359375
2541,1268.4140625
2542,188.24169921875
2543,-447.10595703124994
2544,1214.594970703125
2545,1283.853759765625
2546,922.050537109375
2547,-434.561279296875
2548,139.636474609375
2549,-253.243408203125
2550,-103.73095703125
2551,-379.486328125
2552,439.627197265625
2553,-341.739990234375
2554,-47.45751953125
2555,-218.333740234375
2556,1411.13232421875
2557,504.758056640625
2558,-162.783203125
2559,40.9833984375
2560,-165.349365234375
2561,244.67773437500003
2562,-175.653076171875
2563,-94.06982421875
2564,1611.44775390625
2565,236.32226562499997
2566,457.131103515625
2567,-304.271728515625
2568,-974.85400390625
2569,-769.489013671875
2570,810.7685546875
2571,-241.72802734375
2572,-769.6220703124999
2573,615.09814453125
2574,816.404052734375
2575,779.848388671875
2576,-453.996337890625
2577,595.47216796875
2578,-1462.294677734375
2579,732.635498046875
2580,-265.5986328125
2581,562.634765625
2582,1255.4521484375
2583,876.466796875
2584,-812.49755859375
2585,-519.1337890625
2586,696.279052734375
2587,-537.721435546875
2588,-135.904052734375
2589,-546.337158203125
2590,819.3564453125
2591,-486.965576171875
2592,-91.404052734375
2593,-778.47021484375
2594,387.13916015625
2595,245.974853515625
2596,4968.27099609375
2597,-873.525390625
2598,305.867919921875
2599,388.87158203125
2600,-316.24389648437494
2601,-870.4990234375
2602,1469.392333984375
2603,-655.4255371093751
2604,1800.8415527343752
2605,-359.7412109375
2606,-205.035400390625
2607,-637.024658203125
2608,1795.9111328125
2609,-776.007080078125
2610,521.5771484375
2611,-378.3857421875
2612,-659.438720703125
2613,285.595947265625
2614,83.859375
2615,594.4189453125
2616,-615.941162109375
2617,347.11279296875
2618,-1429.454833984375
2619,1320.99169921875
2620,-117.339111328125
2621,-72.01025390625
2622,88.35107421875
2623,-285.46142578125
2624,-194.076416015625
2625,-46.19506835937501
2626,-47.82421875
2627,-144.91162109375
2628,661.883056640625
2629,-280.00439453125
2630,-167.396484375
2631,267.389404296875
2632,982.4794921875
2633,-482.4892578125
2634,40.761962890625
2635,215.22265625000003
2636,-568.28662109375
2637,2589.340576171875
2638,65.8154296875
2639,-72.759765625
2640,350.37182617187494
2641,1168.88232421875
2642,-369.94873046875
2643,216.554931640625
2644,323.401611328125
2645,-299.22119140624994
2646,-156.95336914062503
2647,3755.93994140625
2648,67.96679687499997
2649,-234.16015625000003
2650,121.99072265625
2651,3767.153564453125
2652,-76.00073242187501
2653,-196.7890625
2654,-460.584716796875
2655,3689.621337890625
2656,-616.02880859375
2657,3636.551513671875
2658,4037.70166015625
2659,1075.910888671875
2660,-320.63525390625
2661,3820.463623046875
2662,3971.27197265625
2663,-167.79150390625
2664,-258.279296875
2665,3363.204833984375
2666,-24.273681640625
2667,157.037109375
2668,-802.147216796875
2669,3287.68896484375
2670,22.74072265625
2671,258.780517578125
2672,-204.73559570312497
2673,3430.289306640625
2674,510.979248046875
2675,54.032958984375
2676,-274.626220703125
2677,-1267.442626953125
2678,340.798095703125
2679,-138.16796875
2680,-210.6630859375
2681,93.653564453125
2682,239.40625
2683,-70.45654296875
2684,184.4013671875
2685,-231.8583984375
2686,665.805908203125
2687,55.111328125
2688,85.684326171875
2689,-367.059326171875
2690,11.953857421875
2691,112.598876953125
2692,-210.09472656249997
2693,476.682861328125
2694,483.177978515625
2695,-200.53076171875
2696,-145.135986328125
2697,487.59130859375
2698,811.640380859375
2699,1624.090087890625
2700,-469.25341796874994
2701,539.1083984375
2702,-175.501953125
2703,-133.806884765625
2704,1977.33642578125
2705,894.775634765625
2706,-164.48291015625
2707,-110.251220703125
2708,828.8789062499999
2709,1248.52734375
2710,472.396728515625
2711,66.010986328125
2712,-171.92578125
2713,1054.887939453125
2714,598.150390625
2715,-116.08935546875
2716,-162.97021484375
2717,1987.72607421875
2718,1118.175048828125
2719,-283.226318359375
2720,183.880859375
2721,63.20874023437499
2722,2735.258544921875
2723,-287.805908203125
2724,161.91796875
2725,105.88623046875
2726,1601.681884765625
2727,1485.951171875
2728,648.60107421875
2729,-98.330322265625
2730,56.60595703125
2731,1498.14794921875
2732,2555.3173828125005
2733,-396.626220703125
2734,137.614990234375
2735,57.77880859375
2736,643.05029296875
2737,9081.802978515625
2738,5335.3603515625
2739,-1562.531982421875
2740,63.616455078125
2741,39.027099609375
2742,5389.374755859375
2743,-1497.163330078125
2744,217.438720703125
2745,9.2998046875
2746,619.747802734375
2747,304.4384765625
2748,34.86181640625
2749,154.45361328124997
2750,447.02246093749994
2751,258.874755859375
2752,-169.79736328125
2753,-1101.084228515625
2754,-200.82080078124997
2755,655.261474609375
2756,1229.4631347656252
2757,236.10498046875
2758,74.7626953125
2759,2723.9060058593755
2760,1319.958984375
2761,366.224609375
2762,934.70849609375
2763,-1278.6174316406252
2764,1412.96533203125
2765,-522.6943359375
2766,-1108.36572265625
2767,2096.49072265625
2768,-1434.10400390625
2769,-429.919677734375
2770,-1215.703369140625
2771,-859.50927734375
2772,176.75488281249997
2773,760.6708984375
2774,1684.3889160156248
2775,102.9892578125
2776,26.33544921875
2777,-175.39916992187497
2778,1611.1850585937502
2779,85.54345703125
2780,795.493408203125
2781,657.671630859375
2782,216.70678710937497
2783,1272.4951171875
2784,1692.922119140625
2785,208.31640625
2786,525.877197265625
2787,1230.081298828125
2788,1478.70703125
2789,1116.286865234375
2790,-660.21044921875
2791,3050.48046875
2792,1523.3266601562502
2793,-631.0544433593749
2794,-688.23583984375
2795,686.708251953125
2796,1688.779541015625
2797,-597.874267578125
2798,594.23681640625
2799,-687.18994140625
2800,157.1162109375
2801,-45.79541015625
2802,5.461669921875
2803,589.0244140625
2804,-219.260986328125
2805,-105.115234375
2806,99.3251953125
2807,3904.7778320312495
2808,541.30029296875
2809,-3.9912109375000004
2810,412.0078125
2811,616.7268066406251
2812,2947.693603515625
2813,-279.722900390625
2814,412.87548828125
2815,773.489501953125
2816,-213.698974609375
2817,167.249267578125
2818,1166.03662109375
2819,-1460.492431640625
2820,-1129.40869140625
2821,764.295166015625
2822,1089.858154296875
2823,-1521.929931640625
2824,-1191.9873046875
2825,110.718017578125
2826,157.350341796875
2827,-828.642822265625
2828,-382.328125
2829,2202.610595703125
2830,427.058837890625
2831,-728.580078125
2832,-260.171142578125
2833,2242.479736328125
2834,366.0439453125
2835,854.427734375
2836,675.428466796875
2837,-758.430908203125
2838,-1022.812744140625
2839,-346.809814453125
2840,396.002685546875
2841,-704.46533203125
2842,-957.42822265625
2843,1734.5126953125002
2844,263.021240234375
2845,-6.518798828125
2846,336.681640625
2847,210.47216796875
2848,739.6455078125
2849,-5.017822265625
2850,6.494384765625
2851,-24.843505859375
2852,204.587646484375
2853,49.826171875
2854,-293.858642578125
2855,-806.793701171875
2856,-52.066162109375
2857,183.27734374999997
2858,86.3154296875
2859,-880.781494140625
2860,-39.16943359375001
2861,252.21728515625
2862,-169.827392578125
2863,824.34912109375
2864,-520.08984375
2865,-236.1044921875
2866,-1170.983642578125
2867,786.962158203125
2868,-590.519775390625
2869,-383.65673828125006
2870,187.420166015625
2871,913.7922363281249
2872,3375.17919921875
2873,-317.944091796875
2874,-340.840576171875
2875,-495.09008789062494
2876,346.517333984375
2877,-568.723876953125
2878,-484.355712890625
2879,-66.62548828125
2880,129.06396484375
2881,85.746337890625
2882,-10.174560546875
2883,253.68603515625
2884,3904.68310546875
2885,-200.181396484375
2886,259.60400390625
2887,-58.431640625
2888,-971.262451171875
2889,-102.57080078125
2890,-288.441162109375
2891,-690.743896484375
2892,353.82275390625
2893,1371.52685546875
2894,1196.031982421875
2895,-573.946044921875
2896,268.568359375
2897,75.774169921875
2898,-248.124267578125
2899,152.9853515625
2900,-466.24072265624994
2901,-457.731201171875
2902,1027.411376953125
2903,7.004150390625001
2904,-283.97216796875
2905,-283.555908203125
2906,-2730.330810546875
2907,-70.3330078125
2908,200.009765625
2909,-753.212158203125
2910,-561.392822265625
2911,-191.315185546875
2912,101.818603515625
2913,-821.92626953125
2914,-288.13525390625
2915,1082.206787109375
2916,-601.8208007812499
2917,269.797607421875
2918,-139.29736328125
2919,463.226318359375
2920,-885.4318847656251
2921,976.695556640625
2922,-90.020263671875
2923,421.14794921875
2924,755.514892578125
2925,1804.31298828125
2926,-1478.684326171875
2927,108.87548828125
2928,2116.831298828125
2929,736.5009765625
2930,-276.213134765625
2931,-61.63134765625
2932,2060.733642578125
2933,96.156982421875
2934,242.32177734375
2935,616.8198242187501
2936,-579.70654296875
2937,31.533203125
2938,-1782.49267578125
2939,1564.9931640625
2940,-448.59960937499994
2941,-7.631103515625
2942,1451.5590820312498
2943,659.982177734375
2944,-477.523193359375
2945,340.016357421875
2946,-133.935302734375
2947,155.679443359375
2948,-1150.919921875
2949,554.863037109375
2950,-237.3779296875
2951,-468.01953125
2952,-181.6181640625
2953,-394.84130859375
2954,215.335205078125
2955,731.453369140625
2956,-948.75244140625
2957,-81.7392578125
2958,237.356201171875
2959,969.0146484375
2960,-100.916748046875
2961,261.073486328125
2962,-529.81298828125
2963,189.426025390625
2964,75.9677734375
2965,-208.258544921875
2966,-312.2412109375
2967,301.208740234375
2968,67.724853515625
2969,-38.5078125
2970,-276.189697265625
2971,-32.200927734375
2972,-753.124755859375
2973,371.310791015625
2974,319.25634765625
2975,100.30517578125
2976,-942.831298828125
2977,184.859130859375
2978,65.30029296875
2979,-80.83935546875
2980,-727.65185546875
2981,438.188232421875
2982,750.88916015625
2983,-308.720947265625
2984,71.556640625
2985,442.799560546875
2986,891.938720703125
2987,361.824951171875
2988,-533.649169921875
2989,-428.70654296875
2990,314.0107421875
2991,1393.14501953125
2992,931.4111328125
2993,-262.887451171875
2994,143.2939453125
2995,1339.928955078125
2996,-768.93359375
2997,-639.873779296875
2998,1009.58056640625
2999,920.24755859375
3000,-1007.22900390625
3001,42.703369140625
3002,-171.735107421875
3003,1181.10791015625
3004,-1074.63916015625
3005,-82.872314453125
3006,-31.61865234375
3007,-145.226806640625
3008,78.728759765625
3009,799.59326171875
3010,77.4208984375
3011,674.37548828125
3012,-75.828125
3013,759.5029296875
3014,310.741943359375
3015,499.231689453125
3016,159.71948242187503
3017,482.452392578125
3018,4.383544921875
3019,258.140625
3020,-63.444091796875
3021,296.49707031249994
3022,-28.302001953125
3023,413.629638671875
3024,-12.492431640625
3025,-996.024169921875
3026,-1534.085205078125
3027,2267.73193359375
3028,525.901123046875
3029,243.61669921875
3030,-1689.05419921875
3031,2086.116943359375
3032,-487.33325195312506
3033,159.39257812500003
3034,-751.24169921875
3035,853.141845703125
3036,424.7158203125
3037,361.96875
3038,-1002.841796875
3039,614.282470703125
3040,217.218017578125
3041,-89.361572265625
3042,-974.745361328125
3043,100.856689453125
3044,-211.38940429687503
3045,-461.875732421875
3046,-65.83740234375
3047,858.163818359375
3048,-62.12304687499999
3049,-549.888427734375
3050,213.0107421875
3051,512.260009765625
3052,-578.318603515625
3053,262.921142578125
3054,-8.02880859375
3055,184.177490234375
3056,-189.817626953125
3057,488.15039062500006
3058,43.978515625
3059,663.8334960937499
3060,-42.9794921875
3061,665.5029296875
3062,-110.046630859375
3063,162.5390625
3064,-377.94262695312494
3065,553.412109375
3066,-33.9306640625
3067,202.090087890625
3068,-562.48486328125
3069,613.455322265625
3070,-425.3583984375
3071,121.217041015625
3072,59.521484375
3073,-1118.427001953125
3074,-359.9248046875
3075,306.58544921875
3076,164.025390625
3077,-83.783203125
3078,-195.298095703125
3079,-484.01293945312494
3080,-316.394775390625
3081,98.65087890625
3082,269.557861328125
3083,-622.0283203125
3084,-240.93994140625
3085,115.93823242187501
3086,-537.612060546875
3087,-75.61865234375
3088,1294.69970703125
3089,-614.856201171875
3090,-723.564208984375
3091,-318.4677734375
3092,213.746826171875
3093,-392.861083984375
3094,-509.513427734375
3095,379.805419921875
3096,532.4521484375
3097,871.87939453125
3098,0.939453125
3099,-137.197509765625
3100,-2034.190673828125
3101,-232.283935546875
3102,-89.0234375
3103,-116.73583984375
3104,387.97900390625
3105,624.68994140625
3106,-191.7294921875
3107,93.547119140625
3108,156.25927734375
3109,1072.163330078125
3110,262.38818359375
3111,180.627685546875
3112,188.521240234375
3113,-1660.3266601562502
3114,-1072.908935546875
3115,1244.7526855468752
3116,-234.75805664062497
3117,-365.564453125
3118,-843.642822265625
3119,972.37548828125
3120,-514.94873046875
3121,-560.8701171875
3122,761.166015625
3123,904.453125
3124,-358.8037109375
3125,-61.997802734375
3126,-314.639404296875
3127,201.187255859375
3128,-235.303955078125
3129,137.068603515625
3130,-442.91040039062494
3131,-168.49853515624997
3132,271.88232421875
3133,-323.2548828125
3134,2296.141845703125
3135,3025.5219726562495
3136,1455.26611328125
3137,1338.8066406250002
3138,2425.508056640625
3139,3056.59912109375
3140,-401.60229492187506
3141,-274.2880859375
3142,-616.5544433593751
3143,1162.078369140625
3144,689.053955078125
3145,316.1103515625
3146,-1064.57861328125
3147,1098.279296875
3148,719.60400390625
3149,826.668701171875
3150,363.248779296875
3151,456.42138671875
3152,-255.582275390625
3153,-526.02978515625
3154,608.948974609375
3155,696.466064453125
3156,-255.427001953125
3157,-444.23706054687506
3158,731.5217285156251
3159,309.645263671875
3160,-168.57519531250003
3161,245.828857421875
3162,284.912109375
3163,505.67333984375
3164,1790.0810546875
3165,170.620849609375
3166,293.541259765625
3167,426.81884765625
3168,-570.81103515625
3169,-1288.675048828125
3170,-1030.703369140625
3171,203.065185546875
3172,1283.3369140625
3173,-233.265869140625
3174,-1212.428466796875
3175,108.187744140625
3176,5049.72509765625
3177,2986.2216796875
3178,157.31249999999997
3179,423.802001953125
3180,181.093017578125
3181,331.98291015625
3182,142.458740234375
3183,365.161376953125
3184,-32.532470703125
3185,-126.77001953125001
3186,451.74975585937506
3187,678.013427734375
3188,114.057861328125
3189,-258.517333984375
3190,-591.4519042968751
3191,605.2817382812501
3192,-152.17333984375
3193,-186.087158203125
3194,1048.4013671875
3195,1052.05615234375
3196,2750.6708984375
3197,9.485595703124996
3198,209.83813476562497
3199,1186.8759765625
3200,2862.591552734375
3201,-329.740966796875
3202,71.599609375
3203,-983.57177734375
3204,3480.2526855468755
3205,398.42724609375
3206,461.767333984375
3207,-319.99340820312506
3208,648.384765625
3209,174.23388671875
3210,614.2587890625
3211,-477.99365234375
3212,4206.895751953125
3213,237.659423828125
3214,-509.390380859375
3215,286.57275390625
3216,313.646728515625
3217,2251.634033203125
3218,-45.412109375
3219,305.63427734375
3220,70.68408203125
3221,-262.15478515625
3222,-568.6064453125
3223,500.30078125
3224,155.76440429687503
3225,-236.374267578125
3226,-640.464111328125
3227,-557.66796875
3228,259.35302734375
3229,-366.60595703124994
3230,-180.505615234375
3231,-549.91259765625
3232,-90.66845703125
3233,1151.48095703125
3234,1084.86181640625
3235,367.47119140624994
3236,-7.047607421875
3237,879.708984375
3238,1137.852783203125
3239,-20.780029296875
3240,-22.971923828125
3241,-492.811279296875
3242,1279.974609375
3243,1245.06689453125
3244,-627.483154296875
3245,-417.60400390625
3246,1024.813232421875
3247,1401.4189453125
3248,1356.56689453125
3249,-537.852783203125
3250,352.73974609375
3251,375.001953125
3252,-556.0947265625
3253,761.02099609375
3254,-404.278076171875
3255,436.5087890625
3256,-316.80126953125
3257,462.27978515625
3258,-295.074951171875
3259,-98.11132812500001
3260,788.12548828125
3261,356.28466796875
3262,196.364013671875
3263,-204.92333984375
3264,657.92724609375
3265,313.919189453125
3266,-53.05615234375
3267,16.966796875
3268,-731.120849609375
3269,1757.159423828125
3270,1970.0087890625
3271,-773.75146484375
3272,-581.635009765625
3273,1740.047119140625
3274,1846.24755859375
3275,3506.77734375
3276,-618.049560546875
3277,-565.988525390625
3278,657.32568359375
3279,747.84326171875
3280,3614.353515625
3281,-497.258544921875
3282,391.732666015625
3283,367.88769531250006
3284,-260.47216796875
3285,-676.62939453125
3286,296.934326171875
3287,5001.504150390624
3288,4995.822021484375
3289,506.2998046875
3290,-249.820556640625
3291,5069.841308593749
3292,4818.926025390625
3293,505.3037109375
3294,-321.325439453125
3295,1690.98876953125
3296,30.75390625
3297,-172.868896484375
3298,-611.234375
3299,-1027.24267578125
3300,120.975830078125
3301,-396.331298828125
3302,53.9453125
3303,1520.22412109375
3304,-435.2568359375
3305,761.2045898437501
3306,694.427001953125
3307,-347.94091796875
3308,-167.420654296875
3309,625.378662109375
3310,501.495849609375
3311,-174.96313476562503
3312,901.76416015625
3313,3306.724609375
3314,-2149.74951171875
3315,-1301.137939453125
3316,355.279052734375
3317,3831.948974609375
3318,-2198.11083984375
3319,-1234.5717773437498
3320,-398.443115234375
3321,4009.2744140625
3322,944.319580078125
3323,-435.958984375
3324,-22.07958984375
3325,-180.228515625
3326,1134.44189453125
3327,-550.969482421875
3328,-2.00146484375
3329,773.07421875
3330,1250.217041015625
3331,2319.7568359375
3332,28.7119140625
3333,-1226.6025390625
3334,4.954345703125
3335,418.95703125
3336,-33.055419921875
3337,-1252.9514160156252
3338,-15.694580078125
3339,554.498046875
3340,-731.152587890625
3341,-170.07666015625
3342,667.08837890625
3343,296.94970703125
3344,-889.214599609375
3345,-194.8935546875
3346,477.43408203125
3347,2705.2348632812505
3348,-902.4453125
3349,2573.8901367187505
3350,-182.43896484375
3351,-1147.99609375
3352,255.54150390625
3353,-452.69921875
3354,-90.00878906250001
3355,-1060.31884765625
3356,-73.921142578125
3357,-589.35986328125
3358,1847.95166015625
3359,-674.561767578125
3360,-687.3334960937499
3361,396.2646484375
3362,-502.479736328125
3363,-891.6044921875
3364,-657.993408203125
3365,960.3166503906251
3366,-1020.204833984375
3367,-102.51049804687499
3368,62.751708984375
3369,126.851318359375
3370,62.7666015625
3371,-345.53198242187506
3372,29.008544921875
3373,112.52880859375
3374,441.036376953125
3375,257.95068359375
3376,-267.356689453125
3377,72.618896484375
3378,368.21923828125
3379,1090.906982421875
3380,136.996826171875
3381,203.734130859375
3382,233.54296875
3383,-310.135986328125
3384,264.23291015625
3385,-1002.0839843749999
3386,639.4455566406249
3387,1044.8544921875
3388,-319.219970703125
3389,-202.867919921875
3390,677.789794921875
3391,985.128662109375
3392,770.8779296875001
3393,-951.5556640625
3394,651.39013671875
3395,-1058.369140625
3396,-1214.440185546875
3397,-399.691162109375
3398,731.671630859375
3399,-1208.100830078125
3400,-1104.993896484375
3401,-98.994873046875
3402,865.350830078125
3403,1199.1679687499998
3404,-657.073974609375
3405,-401.85302734375
3406,968.01611328125
3407,672.24755859375
3408,-517.538818359375
3409,-305.129638671875
3410,-2070.925048828125
3411,693.8557128906251
3412,-168.71240234375
3413,54.857666015625
3414,34.8779296875
3415,359.50537109375
3416,303.90380859375
3417,80.15185546875
3418,201.875
3419,-34.120849609375
3420,495.76562500000006
3421,-112.17529296875
3422,868.9846191406249
3423,1130.109619140625
3424,1125.989013671875
3425,-189.875732421875
3426,900.123291015625
3427,1098.474365234375
3428,-545.973876953125
3429,-24.101806640625
3430,470.395263671875
3431,-207.948486328125
3432,-141.481689453125
3433,530.25244140625
3434,443.614501953125
3435,-14.7734375
3436,-11.083984375
3437,-1096.582763671875
3438,404.896484375
3439,864.53466796875
3440,-164.81005859375
3441,108.76171875
3442,154.784423828125
3443,389.63427734375
3444,-169.476318359375
3445,294.529541015625
3446,-346.64794921875
3447,265.8408203125
3448,-313.138427734375
3449,724.5439453125
3450,677.4091796875
3451,7687.588134765625
3452,68.97119140625
3453,702.977783203125
3454,841.2014160156251
3455,-231.08056640625
3456,47.43408203125
3457,532.36279296875
3458,-127.300048828125
3459,-88.0625
3460,18.75439453125
3461,214.12451171875
3462,-329.27246093749994
3463,46.10546875
3464,-415.126708984375
3465,301.155029296875
3466,-770.121337890625
3467,2.809326171875
3468,-197.418701171875
3469,-666.0449218749999
3470,-349.56738281249994
3471,65.206787109375
3472,-59.9716796875
3473,-418.32055664062494
3474,-2020.683837890625
3475,1104.129150390625
3476,-220.534423828125
3477,-1048.7548828125
3478,-738.5925292968751
3479,777.651123046875
3480,-159.955810546875
3481,-1034.861572265625
3482,1586.117431640625
3483,-661.907958984375
3484,555.99853515625
3485,632.177734375
3486,-879.51171875
3487,426.369873046875
3488,-468.26416015625
3489,673.57275390625
3490,-940.2841796875
3491,-91.930908203125
3492,-684.321533203125
3493,424.040771484375
3494,-654.608642578125
3495,-16.092529296875
3496,-274.041259765625
3497,2410.701171875
3498,-669.1665039062501
3499,-113.975341796875
3500,1105.522216796875
3501,1564.1838378906248
3502,-197.333740234375
3503,-111.75146484375
3504,-69.518310546875
3505,1461.475341796875
3506,-173.1015625
3507,-78.38696289062501
3508,-179.44409179687497
3509,-1717.88330078125
3510,-290.99853515625
3511,-1281.3635253906248
3512,1745.6269531250002
3513,1902.174560546875
3514,-66.17431640625
3515,-652.62060546875
3516,1633.600830078125
3517,1909.130615234375
3518,855.650146484375
3519,-1548.25244140625
3520,-345.27734375
3521,64.899169921875
3522,216.157958984375
3523,1744.989990234375
3524,262.887451171875
3525,120.72021484375
3526,153.2314453125
3527,172.03466796875
3528,724.2197265625
3529,143.496337890625
3530,258.40966796875
3531,-241.10717773437503
3532,-1042.583984375
3533,-802.55859375
3534,453.283935546875
3535,-296.677978515625
3536,289.8544921875
3537,622.441650390625
3538,1596.6884765625
3539,-805.499755859375
3540,181.12744140625
3541,526.3193359375
3542,753.7919921875
3543,-858.43994140625
3544,163.548583984375
3545,-902.590087890625
3546,1505.510986328125
3547,243.087646484375
3548,-693.339111328125
3549,-188.36059570312497
3550,-2486.310791015625
3551,555.132568359375
3552,-770.8671875
3553,-226.5341796875
3554,380.5498046875
3555,806.719482421875
3556,-518.08154296875
3557,3827.590576171875
3558,3927.083740234375
3559,1240.332275390625
3560,-888.962646484375
3561,3809.674072265625
3562,3880.867431640625
3563,-620.749267578125
3564,-812.50439453125
3565,1093.1708984375
3566,-163.875
3567,-267.35986328125
3568,601.640625
3569,958.371826171875
3570,-307.264404296875
3571,-144.33349609375
3572,-672.645263671875
3573,998.37060546875
3574,365.854736328125
3575,1403.179443359375
3576,-746.92822265625
3577,-172.973388671875
3578,39.60620117187499
3579,1167.92724609375
3580,-714.947265625
3581,268.22802734375
3582,-349.70800781250006
3583,-113.081298828125
3584,50.71826171875
3585,91.929931640625
3586,-866.65869140625
3587,168.28125
3588,81.405029296875
3589,91.95068359375
3590,153.490966796875
3591,-47.670166015625
3592,-1299.84130859375
3593,1257.2504882812498
3594,1661.050048828125
3595,1426.804931640625
3596,-156.440185546875
3597,1223.498779296875
3598,1569.04443359375
3599,-34.03466796875
3600,-1252.4765625
3601,370.4150390625
3602,300.413330078125
3603,386.982666015625
3604,-1726.4970703125
3605,791.70849609375
3606,370.297607421875
3607,635.22802734375
3608,997.666259765625
3609,1843.21337890625
3610,1128.54248046875
3611,-1012.853271484375
3612,-1211.173583984375
3613,-121.084716796875
3614,349.699462890625
3615,-1111.718017578125
3616,-1472.4423828125
3617,-216.60083007812503
3618,841.263427734375
3619,-1790.717529296875
3620,-617.516845703125
3621,1184.7734375
3622,-246.9306640625
3623,1684.4658203125
3624,-549.920166015625
3625,1158.10546875
3626,790.3193359375
3627,1170.064208984375
3628,906.397216796875
3629,42.12377929687501
3630,-415.52978515625
3631,-1837.312744140625
3632,802.378173828125
3633,-254.2177734375
3634,-180.07470703125
3635,143.58984375
3636,747.590576171875
3637,-176.91064453125
3638,578.2861328125
3639,621.77734375
3640,1257.677490234375
3641,302.217041015625
3642,636.9248046875
3643,723.8115234375
3644,365.9345703125
3645,-439.9013671875
3646,1253.858154296875
3647,-566.876708984375
3648,-547.801025390625
3649,-590.69677734375
3650,1384.3583984375002
3651,-704.191162109375
3652,-592.5671386718751
3653,623.363037109375
3654,1211.758544921875
3655,-248.755859375
3656,-95.537109375
3657,280.420166015625
3658,313.443603515625
3659,282.50830078125
3660,-152.25488281249997
3661,166.38818359375
3662,-77.56982421875
3663,476.283203125
3664,-414.76562500000006
3665,-453.573486328125
3666,1758.06201171875
3667,762.99267578125
3668,-929.315185546875
3669,-553.427490234375
3670,1778.17578125
3671,1310.9260253906252
3672,1417.255859375
3673,88.582275390625
3674,414.0654296875
3675,306.627197265625
3676,-134.8759765625
3677,-237.50634765625
3678,575.435302734375
3679,593.120361328125
3680,903.767578125
3681,-636.3623046875
3682,1865.104248046875
3683,-628.182861328125
3684,-795.126708984375
3685,-138.345458984375
3686,283.89453125
3687,-695.69091796875
3688,-790.603515625
3689,871.2451171875
3690,-922.469482421875
3691,-250.55297851562497
3692,-547.408935546875
3693,157.525390625
3694,-48.044677734375
3695,2945.054931640625
3696,-559.035400390625
3697,147.481201171875
3698,2754.937744140625
3699,-10.395019531249993
3700,1990.6384277343748
3701,1317.189697265625
3702,2051.086181640625
3703,66.9423828125
3704,166.767333984375
3705,1377.4833984375
3706,2002.802001953125
3707,-621.13720703125
3708,-146.87841796875
3709,-503.108154296875
3710,253.308837890625
3711,666.853515625
3712,-102.3505859375
3713,271.13525390625
3714,276.267578125
3715,592.743896484375
3716,2772.187744140625
3717,774.316162109375
3718,-643.745361328125
3719,-415.26562500000006
3720,513.458251953125
3721,669.677978515625
3722,-675.0078125
3723,-307.924072265625
3724,539.35205078125
3725,206.599853515625
3726,-1018.478515625
3727,-95.6318359375
3728,949.667236328125
3729,286.906494140625
3730,-1033.5224609375
3731,-191.53662109375
3732,1205.415283203125
3733,191.488525390625
3734,1484.955810546875
3735,-632.14599609375
3736,118.72998046874999
3737,-250.7333984375
3738,-419.49951171875
3739,31.577880859375
3740,57.801025390625
3741,-158.323974609375
3742,-435.226806640625
3743,-162.7373046875
3744,-71.074462890625
3745,-330.51611328124994
3746,1644.42041015625
3747,1828.07958984375
3748,392.19580078124994
3749,-669.4995117187501
3750,1472.540771484375
3751,1747.865478515625
3752,142.135009765625
3753,-499.29345703125
3754,-170.135009765625
3755,-824.54248046875
3756,5840.269287109375
3757,427.3251953125
3758,-1.850830078125
3759,-794.1533203125
3760,5831.746826171875
3761,532.23876953125
3762,293.770751953125
3763,946.366455078125
3764,372.43579101562506
3765,-797.037109375
3766,-267.261474609375
3767,15.019775390625
3768,369.2705078125
3769,-730.84326171875
3770,481.050537109375
3771,293.079345703125
3772,7.07373046875
3773,4010.2717285156255
3774,4677.77783203125
3775,270.795654296875
3776,83.928466796875
3777,4152.0439453125
3778,4713.332763671875
3779,332.42919921875
3780,554.522216796875
3781,-63.493408203125
3782,-547.608154296875
3783,-725.2470703125
3784,578.38818359375
3785,-42.494873046875
3786,-614.05029296875
3787,-549.085693359375
3788,999.998046875
3789,-133.790283203125
3790,-541.945068359375
3791,1228.56298828125
3792,1292.236328125
3793,-508.59423828125
3794,-381.26123046875
3795,856.54931640625
3796,1067.263916015625
3797,-138.81396484375
3798,-54.135986328125
3799,-1963.796630859375
3800,5654.833251953125
3801,4572.600341796875
3802,907.698486328125
3803,-1420.390380859375
3804,5199.866455078125
3805,4506.066162109375
3806,586.627197265625
3807,-1552.84619140625
3808,-81.300048828125
3809,-798.250732421875
3810,2729.786865234375
3811,38.742919921875
3812,-118.016357421875
3813,-794.468505859375
3814,2653.698486328125
3815,1409.6279296875
3816,1872.06396484375
3817,-199.082275390625
3818,308.046142578125
3819,-107.09033203125
3820,2082.133056640625
3821,2249.91796875
3822,299.9609375
3823,52.8515625
3824,264.7080078125
3825,-306.405029296875
3826,-805.970703125
3827,1808.6618652343752
3828,2464.919677734375
3829,34.36328125
3830,-499.306640625
3831,1706.71337890625
3832,2586.5319824218755
3833,1223.869873046875
3834,527.997314453125
3835,-1050.6015625
3836,2110.645751953125
3837,1868.048828125
3838,761.315673828125
3839,-1316.387451171875
3840,1884.990234375
3841,1944.666259765625
3842,218.693115234375
3843,-982.392822265625
3844,349.73486328125
3845,812.126220703125
3846,1538.603271484375
3847,1421.186279296875
3848,-790.571044921875
3849,1015.537841796875
3850,1432.715087890625
3851,-141.35986328125
3852,1241.111328125
3853,-237.205810546875
3854,692.310791015625
3855,492.544189453125
3856,-1224.456298828125
3857,-824.385498046875
3858,532.81103515625
3859,421.23291015625
3860,1336.056884765625
3861,-523.01171875
3862,140.8701171875
3863,-149.53466796875
3864,-454.25927734375006
3865,268.610107421875
3866,944.21923828125
3867,-107.12158203125
3868,-424.87158203125
3869,427.76953125
3870,557.287841796875
3871,-744.91162109375
3872,-81.27587890625
3873,-147.535400390625
3874,109.837890625
3875,-693.33642578125
3876,160.778076171875
3877,-55.624755859375
3878,317.611083984375
3879,-532.97119140625
3880,18.045654296875
3881,-267.855224609375
3882,-89.33642578125
3883,1566.890869140625
3884,378.377685546875
3885,-536.760009765625
3886,-75.55322265625
3887,-593.261474609375
3888,247.129150390625
3889,-263.103271484375
3890,-264.301513671875
3891,247.37744140625
3892,897.28662109375
3893,-305.595703125
3894,-14.96337890625
3895,422.16943359375
3896,-2347.707763671875
3897,211.755859375
3898,2.5390625
3899,11.798828125
3900,75.552490234375
3901,-1056.533935546875
3902,1042.828125
3903,-16.82373046875
3904,103.119873046875
3905,1611.564697265625
3906,223.1708984375
3907,587.0810546875
3908,327.23095703125
3909,263.725341796875
3910,-363.9892578125
3911,734.61279296875
3912,268.9609375
3913,409.65234375
3914,-872.2490234375
3915,487.267333984375
3916,691.822265625
3917,-826.74853515625
3918,-721.103271484375
3919,-985.24267578125
3920,274.471923828125
3921,-634.840087890625
3922,-608.447509765625
3923,64.610107421875
3924,394.621337890625
3925,134.68017578125
3926,-12.443359375
3927,-187.361083984375
3928,148.981689453125
3929,398.8740234375
3930,-22.556640625
3931,66.935791015625
3932,1367.9355468750002
3933,702.7658691406251
3934,241.12353515624997
3935,4425.8466796875
3936,4421.44873046875
3937,303.26318359375
3938,711.60693359375
3939,4539.1416015625
3940,4664.063720703125
3941,142.925537109375
3942,599.806396484375
3943,150.978515625
3944,17.379638671875
3945,48.7548828125
3946,220.160400390625
3947,-672.055908203125
3948,-6.197021484375
3949,217.099853515625
3950,-84.2021484375
3951,280.969482421875
3952,-284.81201171875
3953,-121.154296875
3954,798.666015625
3955,-307.39208984375
3956,402.3662109375
3957,-134.083740234375
3958,976.576904296875
3959,-244.68603515625
3960,-116.639404296875
3961,5.11865234375
3962,-890.175048828125
3963,50.77001953125
3964,493.39501953125
3965,802.76220703125
3966,-813.12939453125
3967,83.6884765625
3968,416.933837890625
3969,-153.8134765625
3970,897.555419921875
3971,1438.9343261718748
3972,36.35595703125
3973,-79.94311523437499
3974,-20.482666015625007
3975,1679.591552734375
3976,-167.423583984375
3977,149.386474609375
3978,-1295.135009765625
3979,247.08740234375
3980,255.92797851562497
3981,-231.99609375
3982,122.184326171875
3983,-154.572509765625
3984,5.1103515625
3985,-226.187255859375
3986,117.004150390625
3987,30.440917968749996
3988,-584.2998046875
3989,1685.61962890625
3990,1108.379638671875
3991,960.840576171875
3992,-870.0893554687501
3993,1658.54541015625
3994,1181.685546875
3995,-279.9912109375
3996,-759.231201171875
3997,-427.76953125
3998,3889.96240234375
3999,3879.0390625
4000,1246.669189453125
4001,-61.300781250000014
4002,3575.524169921875
4003,3880.68994140625
4004,-188.853271484375
4005,-320.695068359375
4006,341.332275390625
4007,-241.890869140625
4008,-448.81982421875
4009,769.88232421875
4010,594.822265625
4011,-327.412109375
4012,-534.382080078125
4013,101.030517578125
4014,621.00634765625
4015,345.746337890625
4016,43.47900390625
4017,308.200927734375
4018,-58.077392578125
4019,-243.53564453125
4020,23.2685546875
4021,233.906005859375
4022,-749.0798339843751
4023,271.288818359375
4024,-1304.716552734375
4025,-210.82543945312497
4026,-564.022705078125
4027,79.08935546875
4028,-257.641357421875
4029,-124.804931640625
4030,-600.070068359375
4031,1969.309814453125
4032,-921.65234375
4033,181.102783203125
4034,341.26708984375
4035,864.5
4036,1108.537841796875
4037,408.22998046875
4038,54.747802734375
4039,674.96533203125
4040,-39.95947265625
4041,2486.93505859375
4042,-588.856201171875
4043,625.68310546875
4044,622.615966796875
4045,-321.815673828125
4046,-522.210205078125
4047,365.101806640625
4048,511.39501953125
4049,-497.223388671875
4050,-504.927001953125
4051,-175.801025390625
4052,-1181.548095703125
4053,136.626220703125
4054,-712.7658691406251
4055,-1456.23974609375
4056,-1284.66650390625
4057,153.371337890625
4058,1482.823486328125
4059,4765.8876953125
4060,-210.957763671875
4061,851.2744140625
4062,-8.66455078125
4063,-523.791748046875
4064,-414.469970703125
4065,898.6506347656251
4066,-175.28759765625
4067,-1150.763427734375
4068,-60.118408203125
4069,735.383056640625
4070,-301.2109375
4071,-230.00390625
4072,-879.853515625
4073,832.5544433593751
4074,-264.87646484375
4075,-278.16650390625
4076,1093.3671875
4077,1406.929931640625
4078,1427.1513671875
4079,-613.6083984375001
4080,-553.810791015625
4081,-370.732666015625
4082,1358.319580078125
4083,-718.078857421875
4084,-510.15869140625
4085,-812.942138671875
4086,1461.7800292968748
4087,1176.177001953125
4088,21.345947265625004
4089,-24.331787109375
4090,-1.253662109375
4091,1080.920654296875
4092,24.572509765625
4093,-53.553955078125
4094,-713.476806640625
4095,1293.7529296875
4096,99.038330078125
4097,128.7177734375
4098,186.089111328125
4099,257.90869140625
4100,-71.674072265625
4101,92.63061523437499
4102,241.718017578125
4103,415.18115234375
4104,119.19311523437499
4105,502.68408203125
4106,-178.72924804687497
4107,-288.5224609375
4108,-1644.6110839843752
4109,438.08349609375
4110,-181.109130859375
4111,-467.052490234375
4112,23.177734375
4113,-22.89892578125
4114,293.583251953125
4115,309.776123046875
4116,334.70361328125
4117,631.3974609375
4118,1610.06689453125
4119,286.10595703125
4120,293.493896484375
4121,1950.88232421875
4122,4024.37353515625
4123,299.37548828125
4124,658.139892578125
4125,-454.26123046875
4126,1105.4443359375
4127,-623.3906250000001
4128,853.364990234375
4129,-555.17626953125
4130,-539.5156250000001
4131,1017.771240234375
4132,359.80810546875
4133,434.28173828125
4134,723.361328125
4135,-291.374755859375
4136,-223.25439453125
4137,372.294921875
4138,396.1533203125
4139,-836.515869140625
4140,40.026123046875
4141,-95.36474609375
4142,258.713134765625
4143,530.48876953125
4144,208.89599609374997
4145,-36.317626953125
4146,107.580322265625
4147,382.271728515625
4148,500.443115234375
4149,-521.7099609375
4150,951.271728515625
4151,28.131591796875004
4152,-352.5302734375
4153,898.643310546875
4154,-1156.564208984375
4155,101.88232421875
4156,-363.402099609375
4157,-709.540771484375
4158,1575.506103515625
4159,1558.3125
4160,738.4658203125
4161,-1989.798583984375
4162,-82.116455078125
4163,-5.522216796875
4164,660.4360351562499
4165,-1934.416748046875
4166,753.96533203125
4167,-464.59765625
4168,88.73388671875
4169,166.823974609375
4170,566.702392578125
4171,-437.46728515625
4172,-767.787841796875
4173,314.623779296875
4174,509.1279296875
4175,61.286865234375
4176,906.5869140625
4177,-213.28759765625
4178,-645.520751953125
4179,882.6633300781251
4180,-430.13769531250006
4181,2853.18896484375
4182,-704.63134765625
4183,1234.4267578125
4184,228.71972656249997
4185,37.4580078125
4186,-1070.639892578125
4187,242.2724609375
4188,1507.43310546875
4189,478.874755859375
4190,1749.5205078125
4191,255.03857421875
4192,1344.8232421875
4193,2493.00537109375
4194,428.39135742187494
4195,1427.844970703125
4196,-517.2568359375
4197,-1183.1455078125
4198,1620.05859375
4199,808.0732421875
4200,-480.05224609375
4201,-1173.067138671875
4202,-1039.735595703125
4203,2047.00634765625
4204,-396.182373046875
4205,404.8095703125
4206,135.929443359375
4207,499.180908203125
4208,-1038.85888671875
4209,235.554443359375
4210,-8.560546875
4211,-77.15966796875
4212,-1185.90087890625
4213,-875.32470703125
4214,479.91455078125
4215,-756.792724609375
4216,-477.390380859375
4217,-1177.596435546875
4218,527.65185546875
4219,-805.749755859375
4220,2883.493896484375
4221,-922.646240234375
4222,-1519.6225585937498
4223,812.68896484375
4224,680.789306640625
4225,561.472900390625
4226,-402.47998046875
4227,756.6875
4228,668.67431640625
4229,1407.420166015625
4230,-956.718017578125
4231,-96.8154296875
4232,0.240478515625
4233,97.29638671875
4234,2068.49267578125
4235,-867.296875
4236,21.4775390625
4237,169.70263671875
4238,360.465576171875
4239,1025.459716796875
4240,-305.6181640625
4241,250.461181640625
4242,-123.169677734375
4243,1800.468994140625
4244,-1560.3583984375002
4245,288.566650390625
4246,-173.350341796875
4247,2624.638427734375
4248,-667.689208984375
4249,-348.9697265625
4250,507.899658203125
4251,-333.9150390625
4252,-1214.1884765625
4253,-2408.65576171875
4254,477.704345703125
4255,-487.087646484375
4256,616.175048828125
4257,-747.781982421875
4258,-147.79150390625
4259,1348.51806640625
4260,556.973388671875
4261,-232.178955078125
4262,-237.098388671875
4263,1264.484375
4264,424.564697265625
4265,1030.165283203125
4266,-948.27099609375
4267,-294.177490234375
4268,66.603759765625
4269,0.72412109375
4270,388.13452148437506
4271,-725.56005859375
4272,236.434814453125
4273,140.510498046875
4274,-236.30322265625
4275,-715.093017578125
4276,135.49951171875
4277,-223.53515625
4278,289.888671875
4279,-340.464599609375
4280,369.05224609375
4281,-176.778076171875
4282,348.26611328124994
4283,263.2099609375
4284,22.554443359375
4285,459.963623046875
4286,849.927734375
4287,465.53759765625
4288,966.243408203125
4289,296.413818359375
4290,647.64208984375
4291,489.60009765625
4292,486.4677734375
4293,-955.44775390625
4294,592.356689453125
4295,158.1181640625
4296,-503.94384765625
4297,137.44140625
4298,1844.128662109375
4299,348.428466796875
4300,-427.714599609375
4301,1007.3303222656249
4302,-1631.25439453125
4303,235.4296875
4304,-422.7412109375
4305,-365.286376953125
4306,189.98681640625
4307,387.382568359375
4308,-467.550537109375
4309,-468.391845703125
4310,3667.259521484375
4311,1861.1123046875
4312,-130.370849609375
4313,63.593017578125
4314,169.5595703125
4315,-1259.451416015625
4316,1130.65087890625
4317,2.169189453125
4318,127.641357421875
4319,-30.966552734374996
4320,-34.96435546875
4321,1433.149658203125
4322,-191.0830078125
4323,593.86279296875
4324,375.34423828125
4325,-165.291748046875
4326,-175.486572265625
4327,581.400390625
4328,-694.919921875
4329,371.8671875
4330,752.89208984375
4331,-427.4912109375
4332,-13.6865234375
4333,789.789306640625
4334,-972.22802734375
4335,-164.289794921875
4336,-173.05908203125
4337,306.29296875
4338,-820.32470703125
4339,715.935546875
4340,-576.08642578125
4341,-675.3095703125
4342,-1876.2548828125002
4343,758.447509765625
4344,-626.21435546875
4345,-510.1435546875
4346,651.3330078125
4347,771.59130859375
4348,-877.447998046875
4349,1524.0400390625
4350,1616.547119140625
4351,3082.748779296875
4352,-743.4248046875
4353,1573.470947265625
4354,1593.759765625
4355,-997.8906250000001
4356,-942.92822265625
4357,-485.917724609375
4358,-45.932861328125
4359,101.141357421875
4360,-1229.52880859375
4361,-350.64306640625
4362,137.14599609375
4363,95.37744140624999
4364,1443.54931640625
4365,-764.6884765625
4366,-1772.9660644531248
4367,1215.8479003906252
4368,1484.921142578125
4369,-37.19873046875
4370,-2852.33544921875
4371,1100.642578125
4372,1342.643798828125
4373,333.839111328125
4374,-2145.160888671875
4375,-260.0693359375
4376,549.53125
4377,697.00390625
4378,921.3103027343751
4379,996.867919921875
4380,898.60888671875
4381,788.641357421875
4382,-1021.9931640625001
4383,-998.07080078125
4384,84.310791015625
4385,-658.889404296875
4386,-405.46533203125
4387,230.00830078125
4388,169.37890625
4389,-633.3486328125
4390,-370.11572265625
4391,114.423583984375
4392,-428.314697265625
4393,-213.134033203125
4394,1321.719482421875
4395,1405.360107421875
4396,179.541015625
4397,28.64990234375
4398,1321.08447265625
4399,1353.7333984375
4400,53.04370117187499
4401,207.358642578125
4402,239.1884765625
4403,-269.885986328125
4404,-169.002685546875
4405,31.259521484375
4406,223.058349609375
4407,-290.537353515625
4408,-216.59814453125
4409,-71.40576171875
4410,612.328857421875
4411,1316.1474609375
4412,1148.574462890625
4413,-526.5224609375
4414,-1002.933837890625
4415,987.8588867187501
4416,1380.349609375
4417,-605.03515625
4418,1332.11474609375
4419,-701.440673828125
4420,81.6943359375
4421,54.00390625
4422,391.825927734375
4423,-403.723876953125
4424,547.3134765625
4425,149.97924804687497
4426,237.42626953125
4427,637.897216796875
4428,-656.77490234375
4429,-81.981201171875
4430,251.92797851562497
4431,199.54980468749997
4432,716.583740234375
4433,709.242431640625
4434,96.79150390625
4435,305.99609375
4436,17.835693359375
4437,-34.88134765625
4438,303.590576171875
4439,-271.111083984375
4440,-212.741455078125
4441,68.957275390625
4442,-392.7607421875
4443,-401.928955078125
4444,-171.73559570312497
4445,-208.80273437500003
4446,-309.50732421875
4447,67.080078125
4448,390.673583984375
4449,399.013427734375
4450,260.925537109375
4451,-273.995849609375
4452,489.568603515625
4453,424.4443359375
4454,-91.36328125
4455,744.839599609375
4456,-68.116455078125
4457,232.52075195312503
4458,675.957763671875
4459,81.92700195312501
4460,900.35009765625
4461,352.6455078125
4462,595.798095703125
4463,66.660400390625
4464,-548.56640625
4465,-415.997802734375
4466,425.740966796875
4467,820.165283203125
4468,-90.019287109375
4469,-362.497314453125
4470,511.165283203125
4471,866.837890625
4472,-432.1552734375
4473,344.22607421875
4474,2175.33447265625
4475,1914.060302734375
4476,-823.496826171875
4477,545.806640625
4478,466.68701171875
4479,1918.51416015625
4480,-1006.9306640625
4481,-389.7421875
4482,-231.742919921875
4483,76.905517578125
4484,-833.279296875
4485,-925.00732421875
4486,3.2939453124999996
4487,132.231689453125
4488,-974.609130859375
4489,-918.052490234375
4490,586.02783203125
4491,181.57373046875
4492,-59.53076171875
4493,621.103759765625
4494,79.460205078125
4495,245.176513671875
4496,364.052001953125
4497,586.1298828125
4498,42.63745117187499
4499,1563.02490234375
4500,-37.616943359375
4501,21.535400390625
4502,-1146.743408203125
4503,204.52880859375
4504,932.739990234375
4505,329.22412109375
4506,-998.4001464843751
4507,275.025146484375
4508,-648.27734375
4509,163.314453125
4510,101.816162109375
4511,135.037353515625
4512,703.7373046874999
4513,-23.699707031250004
4514,46.0732421875
4515,66.663330078125
4516,492.15185546875
4517,71.18896484375
4518,38.20849609375
4519,751.594970703125
4520,156.43090820312503
4521,-948.6875
4522,1853.155517578125
4523,1670.9374999999998
4524,310.7373046875
4525,-875.8193359375
4526,-233.438232421875
4527,578.58642578125
4528,746.869140625
4529,414.751953125
4530,-335.011474609375
4531,-175.283935546875
4532,-269.208984375
4533,522.615234375
4534,-458.728515625
4535,-19.803466796875004
4536,714.462646484375
4537,-173.148681640625
4538,685.62548828125
4539,499.492919921875
4540,181.96142578125
4541,-312.58325195312506
4542,528.460205078125
4543,624.680419921875
4544,3124.734619140625
4545,-509.751953125
4546,190.9013671875
4547,-109.086181640625
4548,1056.169189453125
4549,31.9892578125
4550,-116.083984375
4551,-0.8981933593750001
4552,934.60107421875
4553,626.889404296875
4554,3237.7243652343755
4555,-1048.631591796875
4556,2435.393310546875
4557,2855.790771484375
4558,255.990478515625
4559,-706.491455078125
4560,2099.319091796875
4561,3172.873779296875
4562,938.29931640625
4563,-483.70214843749994
4564,491.783935546875
4565,-99.1669921875
4566,176.288818359375
4567,248.93701171875
4568,308.49072265624994
4569,-110.466796875
4570,93.7080078125
4571,-523.541259765625
4572,654.480712890625
4573,-311.766845703125
4574,482.15991210937506
4575,495.5302734375
4576,4085.43115234375
4577,-337.152587890625
4578,516.721923828125
4579,423.15576171875
4580,-823.521484375
4581,-335.2294921875
4582,147.988525390625
4583,-1063.441650390625
4584,424.087646484375
4585,2399.7219238281245
4586,388.80419921875006
4587,-1047.569091796875
4588,519.424560546875
4589,-47.86840820312502
4590,480.89111328125
4591,1033.677490234375
4592,-394.225341796875
4593,-255.896240234375
4594,-276.30029296875
4595,798.328857421875
4596,-374.584716796875
4597,-364.309326171875
4598,-77.0751953125
4599,979.033203125
4600,662.696533203125
4601,386.0
4602,128.48095703125
4603,-725.02197265625
4604,56.103271484375
4605,333.81982421875
4606,0.7209472656249999
4607,174.61669921875
4608,124.78759765625001
4609,188.517333984375
4610,-85.796142578125
4611,-209.25634765625
4612,-4.949462890625001
4613,-121.930419921875
4614,-48.735107421875
4615,-39.65673828125
4616,-510.10278320312494
4617,1101.77734375
4618,-182.13525390625
4619,641.322265625
4620,559.218505859375
4621,217.217529296875
4622,-83.751953125
4623,474.53955078125
4624,570.32373046875
4625,6.177734375000001
4626,86.9306640625
4627,-1712.460205078125
4628,1219.3154296875
4629,2518.844970703125
4630,-83.658203125
4631,-344.560791015625
4632,1282.60205078125
4633,2489.433349609375
4634,807.7700195312499
4635,-1553.770751953125
4636,-185.1787109375
4637,124.93359374999999
4638,141.58203125
4639,-1339.157470703125
4640,1382.015869140625
4641,-85.7216796875
4642,181.14282226562497
4643,701.34033203125
4644,879.01806640625
4645,-279.306884765625
4646,1474.7939453125002
4647,1356.253173828125
4648,751.03955078125
4649,-606.357666015625
4650,1576.544921875
4651,1482.16064453125
4652,-1125.057373046875
4653,-651.81591796875
4654,772.76416015625
4655,710.719970703125
4656,-1453.5791015625
4657,-629.6318359375
4658,-61.06005859375
4659,639.4619140625
4660,-1628.32177734375
4661,141.35009765625
4662,-198.831298828125
4663,-63.348876953125
4664,-301.24023437500006
4665,39.444091796875
4666,-1543.15283203125
4667,301.052978515625
4668,-243.2314453125
4669,210.80078125
4670,1819.424560546875
4671,46.662109375
4672,-226.81494140625
4673,174.44067382812503
4674,218.8974609375
4675,-31.820556640625
4676,540.961181640625
4677,190.505126953125
4678,366.204345703125
4679,168.183837890625
4680,620.2001953125
4681,1137.063720703125
4682,-866.646484375
4683,-432.57861328125
4684,-496.871337890625
4685,-746.081298828125
4686,-839.8103027343751
4687,-419.93261718750006
4688,645.158935546875
4689,-126.2578125
4690,-485.32958984375
4691,87.10986328124999
4692,708.25390625
4693,1546.363037109375
4694,1475.014404296875
4695,246.099365234375
4696,750.474365234375
4697,199.471435546875
4698,-568.828857421875
4699,621.79638671875
4700,-306.876708984375
4701,-250.439697265625
4702,330.895751953125
4703,1077.344482421875
4704,-5.386230468749986
4705,-256.187744140625
4706,-491.89794921875
4707,934.169921875
4708,4324.3955078125
4709,97.304443359375
4710,-100.49658203125
4711,327.22607421875
4712,3798.336181640625
4713,169.251220703125
4714,-134.803466796875
4715,-816.808837890625
4716,3670.18798828125
4717,354.5966796875
4718,513.461669921875
4719,750.86328125
4720,-220.92236328125
4721,-130.470458984375
4722,555.215576171875
4723,761.640869140625
4724,1666.757568359375
4725,-115.17529296875
4726,-481.683349609375
4727,2088.3798828125
4728,3383.646728515625
4729,528.320068359375
4730,1064.59033203125
4731,2027.249267578125
4732,3122.775634765625
4733,350.47753906250006
4734,-377.3525390625
4735,824.977783203125
4736,-132.146484375
4737,91.30371093749999
4738,-267.14306640625
4739,771.00537109375
4740,-205.398681640625
4741,-9.32275390625
4742,777.58154296875
4743,411.322021484375
4744,-188.49536132812497
4745,-279.720458984375
4746,869.33447265625
4747,-475.91992187499994
4748,116.044677734375
4749,-26.024169921875
4750,763.8251953125
4751,-6.715576171875
4752,337.16845703125
4753,-349.27685546875
4754,-392.4267578125
4755,186.986083984375
4756,130.35595703125
4757,577.892333984375
4758,-426.0849609375
4759,216.26904296875
4760,841.13427734375
4761,1900.60888671875
4762,403.2578125
4763,-104.017333984375
4764,1307.423583984375
4765,78.6494140625
4766,579.996337890625
4767,-261.436279296875
4768,1407.783447265625
4769,803.644775390625
4770,-194.99072265625
4771,1027.40234375
4772,453.7763671875
4773,-110.57617187499999
4774,1583.802978515625
4775,3507.336669921875
4776,154.574951171875
4777,2.435791015625
4778,-225.685791015625
4779,-412.0693359375
4780,111.3095703125
4781,-263.994873046875
4782,-103.856689453125
4783,-327.67724609375
4784,-153.52001953125
4785,-162.352783203125
4786,-255.7060546875
4787,-43.802734375
4788,103.09521484375
4789,-245.9873046875
4790,-2811.53173828125
4791,3386.593994140625
4792,574.88427734375
4793,684.968017578125
4794,-2814.77734375
4795,3336.913818359375
4796,53.37646484375
4797,211.32836914062503
4798,62.502197265625
4799,34.085205078125
4800,673.398193359375
4801,-410.975341796875
4802,-329.234130859375
4803,127.480224609375
4804,633.4599609375
4805,5600.114013671875
4806,5465.298583984375
4807,-190.84716796875
4808,-383.041748046875
4809,-311.165771484375
4810,728.1640625
4811,505.54516601562494
4812,-362.975341796875
4813,-425.72753906250006
4814,-500.4111328125
4815,160.048583984375
4816,-307.567626953125
4817,193.99072265625
4818,165.1943359375
4819,43.95361328125
4820,-336.19482421875
4821,241.02075195312503
4822,151.2236328125
4823,-789.280517578125
4824,-565.590087890625
4825,-449.431640625
4826,1414.847412109375
4827,1319.2333984375
4828,-853.466064453125
4829,-685.406982421875
4830,1362.349365234375
4831,1469.152587890625
4832,1357.503662109375
4833,-549.982177734375
4834,1255.003173828125
4835,609.267822265625
4836,-430.31689453125006
4837,2521.803955078125
4838,400.51953125
4839,493.561767578125
4840,-374.48706054687506
4841,-565.8203125
4842,-361.57568359375
4843,825.489013671875
4844,-467.701416015625
4845,-757.969970703125
4846,2050.56103515625
4847,1829.0454101562498
4848,-455.755859375
4849,-968.343505859375
4850,-573.50537109375
4851,-472.986328125
4852,-112.89892578125
4853,124.73950195312501
4854,164.4345703125
4855,-381.827880859375
4856,-128.021240234375
4857,141.840576171875
4858,123.59423828125
4859,-4.57177734375
4860,-109.696533203125
4861,1326.185791015625
4862,1836.81201171875
4863,-146.91650390625
4864,-429.16674804687494
4865,-571.1796875
4866,1845.180419921875
4867,-317.317138671875
4868,-856.91357421875
4869,597.186767578125
4870,538.123291015625
4871,-728.166259765625
4872,-321.728759765625
4873,899.609130859375
4874,1726.1394042968748
4875,-654.3811035156251
4876,-245.39697265625
4877,745.838623046875
4878,211.816650390625
4879,529.876220703125
4880,189.623046875
4881,-541.07470703125
4882,-256.21533203125
4883,187.226806640625
4884,149.93115234374997
4885,-567.27783203125
4886,1147.814697265625
4887,350.05419921875006
4888,263.674072265625
4889,491.835205078125
4890,478.35498046875
4891,1671.1247558593752
4892,79.949951171875
4893,565.42578125
4894,567.931640625
4895,14.409912109375
4896,-360.08374023437494
4897,-58.46752929687501
4898,350.45483398437506
4899,-66.01171875
4900,-45.804443359375
4901,337.344482421875
4902,407.9951171875
4903,59.68603515625
4904,552.897216796875
4905,-443.531494140625
4906,24.437744140625
4907,-704.770263671875
4908,-532.646240234375
4909,-389.7607421875
4910,257.133544921875
4911,-603.114501953125
4912,-583.302001953125
4913,-332.78515625000006
4914,284.617919921875
4915,-446.013671875
4916,690.798828125
4917,520.123046875
4918,-832.71435546875
4919,326.139892578125
4920,650.751220703125
4921,573.023681640625
4922,44.838134765625
4923,266.457763671875
4924,269.98681640625
4925,1973.7272949218752
4926,2073.05615234375
4927,118.705322265625
4928,-131.291748046875
4929,2033.5952148437502
4930,2042.173095703125
4931,519.5546875
4932,-83.224853515625
4933,78.92041015625
4934,-163.6865234375
4935,-321.7119140625
4936,-183.9033203125
4937,-235.768798828125
4938,-207.22290039062497
4939,-397.66552734375
4940,-219.551025390625
4941,-30.351806640625
4942,1079.163818359375
4943,147.3125
4944,-793.247314453125
4945,-88.46435546875
4946,441.21142578125
4947,14.397949218749998
4948,-769.0439453125
4949,-192.43750000000003
4950,-898.3251953125
4951,967.295166015625
4952,-320.180419921875
4953,285.03759765625
4954,-615.914794921875
4955,404.581298828125
4956,-529.7568359375
4957,66.92724609375
4958,305.890380859375
4959,878.669921875
4960,2262.014892578125
4961,-2613.55859375
4962,-2491.411865234375
4963,-382.91650390625
4964,-203.656005859375
4965,-2558.927734375
4966,-2577.9755859375
4967,94.111083984375
4968,64.1650390625
4969,91.42871093749999
4970,218.228515625
4971,-200.572998046875
4972,44.2734375
4973,-52.34326171875
4974,87.36669921875
4975,-84.4697265625
4976,11.426513671875
4977,-147.115966796875
4978,2465.78759765625
4979,-1862.904052734375
4980,-2106.951171875
4981,255.486572265625
4982,2106.155517578125
4983,-1805.166259765625
4984,-2060.388916015625
4985,-447.2333984375
4986,1671.872314453125
4987,214.089111328125
4988,72.040771484375
4989,505.9638671875
4990,169.57202148437503
4991,76.54833984375
4992,-51.14624023437499
4993,629.34228515625
4994,-256.38818359375
4995,-339.69482421875
4996,-1065.779541015625
4997,-13.872802734375
4998,1842.14208984375
4999,-90.0634765625
5000,-91.817626953125
5001,-84.123779296875
5002,1726.5063476562502
5003,178.936767578125
5004,-321.893310546875
5005,1956.281494140625
5006,-604.27685546875
5007,-672.815673828125
5008,-14.025146484374998
5009,792.8544921875
5010,-861.794921875
5011,-707.82470703125
5012,1168.65478515625
5013,-411.61230468749994
5014,823.645263671875
5015,-12.185791015625002
5016,-1212.912353515625
5017,-1049.557373046875
5018,280.754150390625
5019,80.21240234374999
5020,-1169.7978515625
5021,550.07080078125
5022,538.505859375
5023,-786.0449218749999
5024,449.80810546875
5025,1254.98486328125
5026,1155.45263671875
5027,-616.2734375
5028,735.02197265625
5029,1261.11962890625
5030,-77.2666015625
5031,-489.857666015625
5032,-690.41943359375
5033,2625.923095703125
5034,816.9941406249999
5035,-476.138671875
5036,-284.426513671875
5037,2799.367919921875
5038,844.77734375
5039,1191.116943359375
5040,-107.92724609375
5041,254.67626953125
5042,-162.153076171875
5043,-261.252685546875
5044,218.189453125
5045,298.74560546875
5046,-15.74658203125
5047,-384.781005859375
5048,-516.270263671875
5049,-737.741455078125
5050,-125.053955078125
5051,-145.61279296875
5052,-246.5361328125
5053,684.94091796875
5054,-214.57202148437503
5055,-107.8076171875
5056,-257.193115234375
5057,529.111572265625
5058,-113.300048828125
5059,-693.757568359375
5060,1110.21826171875
5061,2007.567138671875
5062,115.150390625
5063,-873.824951171875
5064,1194.05908203125
5065,2209.096923828125
5066,440.362548828125
5067,-882.6823730468751
5068,1494.599365234375
5069,-714.24951171875
5070,-352.290771484375
5071,-1130.61328125
5072,-843.294921875
5073,-579.128662109375
5074,-283.2275390625
5075,139.365234375
5076,168.90209960937503
5077,-317.16650390625
5078,563.94091796875
5079,606.92919921875
5080,-672.1396484375
5081,855.581298828125
5082,442.90625
5083,565.65673828125
5084,-18.423583984375
5085,596.225830078125
5086,-952.109130859375
5087,835.30908203125
5088,922.0068359374999
5089,850.0185546875001
5090,2515.89306640625
5091,928.805419921875
5092,778.1887207031251
5093,1020.99755859375
5094,-166.3134765625
5095,102.547607421875
5096,386.162109375
5097,-15.75
5098,1460.77587890625
5099,-622.9482421875
5100,449.136962890625
5101,-274.2177734375
5102,1120.950439453125
5103,-588.439697265625
5104,-140.174560546875
5105,241.06494140625
5106,220.408203125
5107,-279.721923828125
5108,262.71044921875
5109,300.69873046875
5110,410.73876953125
5111,-98.3720703125
5112,-183.563720703125
5113,3268.65380859375
5114,-1082.041748046875
5115,-1180.622314453125
5116,-275.67236328125
5117,3332.227783203125
5118,-1290.01611328125
5119,-1094.021240234375
5120,58.996826171875
5121,3128.764892578125
5122,695.841796875
5123,-863.653076171875
5124,-765.92626953125
5125,1840.3869628906252
5126,964.549072265625
5127,-855.5185546875001
5128,-770.494384765625
5129,333.722900390625
5130,3091.31396484375
5131,-325.438720703125
5132,117.11962890625
5133,220.681640625
5134,-414.91992187499994
5135,348.508056640625
5136,84.682373046875
5137,183.31249999999997
5138,-766.186279296875
5139,160.67919921875
5140,2141.92236328125
5141,318.06298828125
5142,-933.626708984375
5143,-334.652587890625
5144,197.2265625
5145,299.826416015625
5146,-810.15673828125
5147,841.107666015625
5148,-975.78466796875
5149,-380.271728515625
5150,877.8212890625
5151,1734.94482421875
5152,137.208740234375
5153,21.79077148437499
5154,714.208984375
5155,1822.851806640625
5156,-403.730224609375
5157,1521.48876953125
5158,1260.888916015625
5159,-636.2744140625
5160,-504.90991210937506
5161,-765.961181640625
5162,1257.21728515625
5163,-540.222900390625
5164,-402.73437499999994
5165,563.6064453125
5166,1512.559326171875
5167,1267.16357421875
5168,-114.43676757812499
5169,-475.93261718750006
5170,-385.23974609375
5171,1943.318359375
5172,142.00659179687497
5173,-534.77783203125
5174,153.02709960937503
5175,1242.747802734375
5176,134.73974609375
5177,39.253662109375
5178,304.1083984375
5179,-338.5
5180,13.1748046875
5181,128.800048828125
5182,349.75634765625
5183,227.904296875
5184,249.86694335937503
5185,-1314.320068359375
5186,1413.3173828125
5187,1167.595458984375
5188,1245.34521484375
5189,-1616.820556640625
5190,1281.273681640625
5191,1316.5986328125
5192,-928.244873046875
5193,-780.993896484375
5194,-123.292236328125
5195,-96.359130859375
5196,279.260498046875
5197,2633.52001953125
5198,-129.367919921875
5199,-146.53515625
5200,76.3466796875
5201,151.4482421875
5202,125.366455078125
5203,-748.3388671875
5204,761.7431640625
5205,1576.3037109375
5206,-659.1396484375
5207,534.845947265625
5208,724.3725585937499
5209,1493.429931640625
5210,-48.697021484375
5211,-556.605712890625
5212,349.24072265624994
5213,282.488525390625
5214,165.923583984375
5215,-169.2685546875
5216,-18.83203125
5217,326.275146484375
5218,200.99267578125
5219,166.506103515625
5220,83.6767578125
5221,-109.032470703125
5222,1203.4794921875
5223,710.6896972656249
5224,803.635009765625
5225,-264.904052734375
5226,1005.2880859375001
5227,679.189208984375
5228,-608.202880859375
5229,-263.32763671875
5230,200.657470703125
5231,595.1379394531249
5232,957.5712890624999
5233,-65.45849609375
5234,-261.38427734375
5235,631.61767578125
5236,1091.79541015625
5237,32.8818359375
5238,-170.817138671875
5239,-284.251953125
5240,176.69921875
5241,143.166748046875
5242,12.62353515625
5243,-498.12060546875
5244,242.109375
5245,109.065185546875
5246,-189.1884765625
5247,-524.4052734375
5248,-87.307373046875
5249,-771.525390625
5250,-168.340576171875
5251,-158.26904296875
5252,479.547607421875
5253,-765.821044921875
5254,-163.146484375
5255,-1049.8359375
5256,345.85229492187506
5257,-101.89599609375
5258,902.9189453125
5259,1727.3662109375
5260,868.92822265625
5261,-190.580322265625
5262,941.414794921875
5263,1520.540771484375
5264,1069.6943359375
5265,221.495849609375
5266,781.913330078125
5267,1408.9577636718752
5268,280.4560546875
5269,-582.892578125
5270,585.477294921875
5271,1204.42724609375
5272,409.10498046875
5273,-519.044677734375
5274,-569.120849609375
5275,-497.451904296875
5276,-162.039306640625
5277,464.90673828125006
5278,562.7421875
5279,-221.383544921875
5280,174.077392578125
5281,661.933837890625
5282,-1303.097900390625
5283,-367.074462890625
5284,45.139892578125
5285,-51.568115234375
5286,235.71875
5287,-804.66357421875
5288,3358.4970703125005
5289,-24.892578125
5290,157.792236328125
5291,-567.658203125
5292,30.473876953125
5293,-1380.1103515625
5294,-272.11083984375
5295,312.148193359375
5296,507.95751953125
5297,-395.328857421875
5298,-276.426513671875
5299,300.187255859375
5300,-355.445068359375
5301,-136.265380859375
5302,358.705810546875
5303,-103.521484375
5304,-510.273193359375
5305,-64.41357421875
5306,220.124755859375
5307,-147.198974609375
5308,-522.40625
5309,1184.999755859375
5310,446.496337890625
5311,-180.368408203125
5312,26.388671875
5313,104.63061523437499
5314,-456.720947265625
5315,-276.578369140625
5316,8.17431640625
5317,206.093505859375
5318,1073.591064453125
5319,-456.956787109375
5320,267.64013671875
5321,147.56591796875
5322,629.384521484375
5323,927.1728515625001
5324,71.014892578125
5325,112.8935546875
5326,653.450927734375
5327,340.004638671875
5328,-257.086181640625
5329,-505.356689453125
5330,-6.065185546875
5331,677.625732421875
5332,-309.465087890625
5333,1115.86865234375
5334,22.47802734375
5335,654.3525390625001
5336,126.35815429687501
5337,-302.90380859375
5338,-60.502197265625
5339,316.615966796875
5340,815.19970703125
5341,-304.392578125
5342,516.004150390625
5343,349.444580078125
5344,842.972412109375
5345,981.0107421875
5346,955.866455078125
5347,-653.9782714843749
5348,-1020.888671875
5349,1549.782470703125
5350,151.69677734375
5351,95.72314453125
5352,-961.302490234375
5353,1526.514404296875
5354,283.874755859375
5355,706.7150878906249
5356,-605.349853515625
5357,-52.86669921875
5358,998.880126953125
5359,355.284912109375
5360,-268.499755859375
5361,94.1416015625
5362,1106.31201171875
5363,-274.936279296875
5364,2214.921142578125
5365,530.566650390625
5366,-181.59130859375003
5367,-574.393310546875
5368,754.38330078125
5369,255.148193359375
5370,-84.377197265625
5371,-411.6162109375
5372,-185.81396484375
5373,89.021240234375
5374,-761.07373046875
5375,1002.353759765625
5376,1294.6396484375002
5377,1351.51171875
5378,-94.7919921875
5379,755.013916015625
5380,1168.83349609375
5381,-455.667724609375
5382,-481.14794921875
5383,737.588134765625
5384,-587.472412109375
5385,-748.552001953125
5386,54.85058593749999
5387,400.63232421875
5388,-552.0693359375
5389,-673.743408203125
5390,-0.89892578125
5391,571.956787109375
5392,157.69482421875
5393,-665.2331542968751
5394,-942.574951171875
5395,-232.28857421875
5396,582.519287109375
5397,-672.3303222656249
5398,-1038.27685546875
5399,-81.02783203125
5400,626.9223632812501
5401,-7.579345703125
5402,3565.52587890625
5403,3448.81982421875
5404,-38.38671875
5405,-73.75097656249997
5406,3496.8505859375
5407,3444.3291015625
5408,1087.113037109375
5409,-300.6005859375
5410,921.5556640625
5411,-774.874267578125
5412,-1076.88232421875
5413,2332.985595703125
5414,824.7158203125
5415,-872.115966796875
5416,-898.6630859375
5417,-310.965087890625
5418,854.66796875
5419,-275.782470703125
5420,434.458251953125
5421,760.418701171875
5422,-1615.728515625
5423,452.354736328125
5424,397.272216796875
5425,993.6538085937501
5426,1275.97265625
5427,-223.526611328125
5428,252.55517578125
5429,73.89013671875001
5430,-252.20043945312497
5431,138.4736328125
5432,158.983642578125
5433,84.56396484375
5434,-88.489990234375
5435,-316.66552734375
5436,289.85546875
5437,519.60302734375
5438,-608.131103515625
5439,-393.35986328125
5440,772.1748046875
5441,-355.565673828125
5442,-520.076904296875
5443,-588.182373046875
5444,-878.00439453125
5445,502.867919921875
5446,948.34033203125
5447,1223.832763671875
5448,-401.57861328125
5449,-25.04296875
5450,-196.676025390625
5451,1254.622314453125
5452,-428.220703125
5453,104.987060546875
5454,-127.552978515625
5455,1005.3857421875
5456,-547.5771484375
5457,-318.780517578125
5458,672.533447265625
5459,774.43115234375
5460,-579.480224609375
5461,-359.257568359375
5462,-710.840087890625
5463,984.35107421875
5464,-160.722412109375
5465,5859.333740234375
5466,5724.013916015625
5467,655.028564453125
5468,-265.87939453125
5469,5832.530029296876
5470,5673.332275390625
5471,316.911376953125
5472,-387.11328125
5473,469.71533203125
5474,-308.316162109375
5475,105.8408203125
5476,-273.671630859375
5477,-685.1708984375
5478,-293.318115234375
5479,204.664794921875
5480,899.31201171875
5481,-506.54541015625
5482,-19.035400390625
5483,325.9873046875
5484,422.4287109375
5485,-216.1513671875
5486,-195.468994140625
5487,484.350830078125
5488,414.34423828125
5489,384.2158203125
5490,-338.3837890625
5491,-1145.4560546875
5492,186.496826171875
5493,355.891845703125
5494,-216.27001953125
5495,-908.83935546875
5496,340.667724609375
5497,399.43115234375
5498,5669.746093749999
5499,-1074.623046875
5500,-1595.95947265625
5501,1780.956298828125
5502,461.40283203125
5503,627.5100097656249
5504,-1904.95849609375
5505,1810.795166015625
5506,405.736083984375
5507,-531.97265625
5508,-2288.982666015625
5509,-7.884033203125
5510,71.421875
5511,451.29345703125
5512,-809.592041015625
5513,-59.99877929687501
5514,380.400146484375
5515,463.57177734375
5516,-183.17724609375
5517,-48.14697265625
5518,293.009521484375
5519,-50.50048828125
5520,223.89306640625
5521,148.125
5522,71.731689453125
5523,58.334716796875
5524,243.775634765625
5525,-129.525634765625
5526,241.912109375
5527,245.36376953125003
5528,513.33984375
5529,544.343505859375
5530,-433.039306640625
5531,208.0673828125
5532,385.01293945312494
5533,321.81787109375
5534,-1531.392578125
5535,226.802490234375
5536,40.1025390625
5537,-248.59912109375
5538,243.560546875
5539,66.490478515625
5540,-520.525146484375
5541,-214.705322265625
5542,2.123291015625
5543,19.334716796875004
5544,805.347900390625
5545,-672.842529296875
5546,546.723388671875
5547,81.67822265625
5548,-224.24951171875
5549,-828.751220703125
5550,506.50244140625
5551,36.114990234375
5552,-1092.65966796875
5553,-836.3447265625
5554,1614.4016113281248
5555,-288.21142578125
5556,3236.1289062499995
5557,-605.019775390625
5558,-808.2658691406251
5559,-367.453857421875
5560,3422.034423828125
5561,145.03173828125
5562,-456.731201171875
5563,20.446533203124996
5564,-149.31787109375
5565,482.05786132812494
5566,185.85302734375
5567,102.090087890625
5568,-57.23486328125
5569,386.497314453125
5570,70.276123046875
5571,355.989990234375
5572,-441.0517578125
5573,310.984619140625
5574,298.30126953125
5575,1045.44921875
5576,-726.614990234375
5577,562.136474609375
5578,172.2294921875
5579,-862.11279296875
5580,186.22802734375
5581,-748.719482421875
5582,1078.5751953125
5583,1217.96240234375
5584,-754.087890625
5585,-1163.92236328125
5586,943.300537109375
5587,1161.468505859375
5588,2532.771240234375
5589,3340.3427734375
5590,-378.905029296875
5591,1475.9958496093752
5592,857.080322265625
5593,1633.812744140625
5594,-368.79736328125
5595,1467.669189453125
5596,640.453369140625
5597,-368.570068359375
5598,-182.3232421875
5599,180.1728515625
5600,223.759765625
5601,-212.25805664062497
5602,417.4404296875
5603,-299.4677734375
5604,263.48681640625
5605,-186.156982421875
5606,105.701416015625
5607,892.38671875
5608,612.60107421875
5609,1384.236572265625
5610,-560.36181640625
5611,-1043.08935546875
5612,-1325.264892578125
5613,1529.813720703125
5614,-612.239013671875
5615,1895.85546875
5616,302.251708984375
5617,3023.6965332031245
5618,2120.776611328125
5619,-1269.069580078125
5620,-186.26953125
5621,-678.052978515625
5622,1911.037353515625
5623,-1248.505615234375
5624,-281.614013671875
5625,-407.986083984375
5626,-10.764404296875
5627,258.044189453125
5628,961.7080078125
5629,200.6669921875
5630,286.2490234375
5631,252.980712890625
5632,506.0556640625
5633,-538.50146484375
5634,378.6328125
5635,-627.3208007812499
5636,657.538818359375
5637,758.489501953125
5638,754.899658203125
5639,-244.1689453125
5640,568.247802734375
5641,551.443359375
5642,509.779296875
5643,409.965087890625
5644,26.477294921875
5645,-403.914794921875
5646,-622.7331542968751
5647,-294.72705078125
5648,237.981689453125
5649,-372.00732421875
5650,-485.247314453125
5651,475.353759765625
5652,-832.023681640625
5653,-685.727294921875
5654,3008.635009765625
5655,3384.0927734375
5656,195.316650390625
5657,820.247802734375
5658,2866.12353515625
5659,3317.4248046875
5660,642.670166015625
5661,-357.779296875
5662,-1000.6162109375
5663,-0.5107421875000036
5664,923.0712890624999
5665,-771.132568359375
5666,462.07690429687506
5667,-114.45361328125
5668,1075.376708984375
5669,-180.53344726562503
5670,-27.338134765625
5671,-307.880126953125
5672,883.25927734375
5673,1168.633056640625
5674,-357.34228515625
5675,-108.61376953125
5676,809.692626953125
5677,1086.212158203125
5678,2442.81103515625
5679,-108.5673828125
5680,-717.57421875
5681,428.625244140625
5682,594.60693359375
5683,4880.418701171875
5684,-394.770263671875
5685,608.9208984375
5686,615.876708984375
5687,-302.895263671875
5688,-788.785400390625
5689,51.71337890625
5690,279.47607421875
5691,61.921142578125
5692,878.812255859375
5693,1049.285400390625
5694,135.700439453125
5695,27.681884765625
5696,614.162109375
5697,800.9013671875
5698,-984.0839843749999
5699,1759.9697265625
5700,1043.066650390625
5701,72.8701171875
5702,-911.693359375
5703,1942.043212890625
5704,1130.884521484375
5705,738.16455078125
5706,-535.037353515625
5707,-54.57250976562501
5708,977.003173828125
5709,1050.31494140625
5710,-60.43066406250001
5711,-145.260498046875
5712,1103.8818359375
5713,965.873779296875
5714,188.281494140625
5715,-64.339599609375
5716,551.69921875
5717,-1399.5285644531252
5718,-681.53564453125
5719,-762.0283203125
5720,550.465576171875
5721,-1365.526123046875
5722,-607.3564453125
5723,1540.625
5724,-36.18994140625
5725,-208.092041015625
5726,-576.362548828125
5727,-540.269775390625
5728,-452.482666015625
5729,-277.97998046875
5730,-548.47802734375
5731,-451.97119140624994
5732,737.2861328125
5733,-96.49267578125
5734,-263.2705078125
5735,205.58178710937497
5736,62.07568359375001
5737,2652.77685546875
5738,-349.543701171875
5739,104.140625
5740,222.836181640625
5741,500.548828125
5742,-201.656982421875
5743,1425.89892578125
5744,-592.252197265625
5745,2515.024658203125
5746,383.62158203125
5747,465.400146484375
5748,-453.14770507812494
5749,2581.748779296875
5750,-410.427490234375
5751,1607.404052734375
5752,5017.837890625
5753,-1953.7646484375
5754,-1560.9248046875
5755,277.7236328125
5756,3556.1767578125
5757,-1893.209716796875
5758,-1560.1437988281252
5759,-793.062255859375
5760,3775.656005859375
5761,133.06396484375
5762,-667.9599609375
5763,-534.728271484375
5764,278.921630859375
5765,-26.0185546875
5766,-583.6904296875
5767,-630.5798339843751
5768,-53.669921875
5769,17.20068359375
5770,341.96142578125
5771,752.563232421875
5772,-1499.648681640625
5773,-37.738037109375
5774,35.18212890625
5775,502.95263671875
5776,-1467.174072265625
5777,-224.23681640625
5778,321.273193359375
5779,-549.32177734375
5780,2546.81640625
5781,3767.1455078125
5782,-221.614990234375
5783,-248.6005859375
5784,2741.5410156249995
5785,3780.279541015625
5786,1167.99365234375
5787,14.493408203125
5788,-340.691650390625
5789,-67.442626953125
5790,-27.936279296875
5791,303.077392578125
5792,-74.658447265625
5793,-182.140869140625
5794,41.8271484375
5795,-48.71728515625
5796,391.85302734375
5797,46.400146484375
5798,-394.377197265625
5799,-344.47436523437494
5800,300.733154296875
5801,66.890869140625
5802,-470.936767578125
5803,-391.224609375
5804,81.407470703125
5805,49.680908203125
5806,1081.960693359375
5807,-523.8701171875
5808,-414.240966796875
5809,-970.6347656249999
5810,1097.71240234375
5811,-505.70458984375
5812,-490.42333984375
5813,239.0908203125
5814,1250.528076171875
5815,1587.705322265625
5816,-172.45458984375
5817,-530.706298828125
5818,-618.45556640625
5819,2005.60546875
5820,-164.990478515625
5821,-658.30615234375
5822,623.930908203125
5823,1900.44677734375
5824,3892.956298828125
5825,2296.890869140625
5826,233.66064453125
5827,-295.93408203125
5828,-555.68994140625
5829,2241.93115234375
5830,314.16259765625
5831,-228.978759765625
5832,173.096435546875
5833,189.14501953125
5834,211.042724609375
5835,-414.215087890625
5836,197.85205078125
5837,287.22900390625
5838,472.216064453125
5839,-209.51318359375
5840,2672.524169921875
5841,-101.952392578125
5842,-65.62890625
5843,-76.287109375
5844,131.046630859375
5845,27.065673828125
5846,-7.929931640625001
5847,7.796142578125
5848,82.384033203125
5849,32.994384765625
5850,47.33691406250001
5851,1062.741455078125
5852,-384.142333984375
5853,-243.3720703125
5854,177.73388671875
5855,1166.1259765625
5856,-521.266357421875
5857,-283.408447265625
5858,-279.761474609375
5859,1141.53369140625
5860,21.509521484375
5861,416.23046875
5862,79.19677734375
5863,-186.42236328125
5864,55.33203125
5865,707.187255859375
5866,-185.864013671875
5867,173.210693359375
5868,180.701416015625
5869,-987.4384765625
5870,282.15380859375
5871,999.5671386718751
5872,-582.11083984375
5873,6.16552734375
5874,324.1416015625
5875,921.262939453125
5876,-498.713623046875
5877,413.583984375
5878,309.48291015625
5879,95.97314453125
5880,-86.22827148437501
5881,-887.13037109375
5882,322.982666015625
5883,1.3627929687500002
5884,-104.764892578125
5885,-33.317626953125
5886,108.435791015625
5887,965.57861328125
5888,-1861.79150390625
5889,-1902.102294921875
5890,1093.27099609375
5891,-1222.1064453125
5892,-1772.263427734375
5893,-1841.4033203125
5894,-273.2392578125
5895,2094.7587890625
5896,228.333984375
5897,77.69799804687499
5898,-163.736328125
5899,509.818603515625
5900,69.07666015625
5901,-11.720703125
5902,-198.132080078125
5903,1285.10791015625
5904,-15.025390624999998
5905,-372.098388671875
5906,-79.39404296875
5907,1431.16455078125
5908,1105.370849609375
5909,267.472412109375
5910,39.45629882812501
5911,1374.0849609375
5912,-133.6591796875
5913,-734.796142578125
5914,-1116.0517578125
5915,-203.27978515625
5916,381.661376953125
5917,68.5625
5918,1504.2250976562498
5919,-322.90771484375
5920,318.328125
5921,370.603515625
5922,-125.4873046875
5923,555.7431640625
5924,-241.6494140625
5925,53.37695312500001
5926,-314.918701171875
5927,-436.421630859375
5928,-191.82568359375
5929,-45.304443359375
5930,660.265625
5931,-464.81689453125006
5932,-658.32958984375
5933,414.94287109375
5934,945.251220703125
5935,135.065185546875
5936,-380.196533203125
5937,473.97436523437494
5938,1272.6650390625002
5939,-137.078369140625
5940,1815.52978515625
5941,660.97119140625
5942,813.987060546875
5943,-278.091552734375
5944,142.232666015625
5945,-111.4580078125
5946,779.706298828125
5947,11.772949218749998
5948,237.127197265625
5949,-46.004638671875
5950,494.56689453125006
5951,56.79736328125
5952,1631.158203125
5953,-265.967529296875
5954,320.3076171875
5955,12.90380859375
5956,1923.300537109375
5957,145.530517578125
5958,84.030517578125
5959,500.745361328125
5960,-420.747314453125
5961,-315.269775390625
5962,-210.33837890625
5963,375.672119140625
5964,-472.21801757812494
5965,-375.710205078125
5966,435.046875
5967,-1766.4333496093748
5968,2106.42724609375
5969,-1871.57958984375
5970,-1560.87353515625
5971,150.62841796875
5972,394.721923828125
5973,-1821.75048828125
5974,-1559.822021484375
5975,-121.74755859375001
5976,1966.000732421875
5977,1403.171630859375
5978,-1802.59130859375
5979,-1146.535888671875
5980,593.016845703125
5981,-373.45483398437506
5982,-1829.12109375
5983,-1392.30615234375
5984,501.473388671875
5985,960.548828125
5986,1609.790283203125
5987,233.18603515625
5988,-291.85205078125
5989,386.98828125
5990,1816.533447265625
5991,236.78369140624997
5992,-379.42822265625
5993,-290.759521484375
5994,1774.445068359375
5995,2015.034423828125
5996,105.672607421875
5997,-451.12109375
5998,1039.110107421875
5999,1094.86083984375
6000,-189.20996093749997
6001,-344.29638671875
6002,-1686.11181640625
6003,1672.259765625
6004,-54.83374023437499
6005,116.46728515625
6006,-339.095458984375
6007,100.8427734375
6008,-306.72607421875
6009,122.44677734375
6010,-272.422607421875
6011,326.03198242187506
6012,107.45166015625
6013,-47.865966796875014
6014,2371.3625488281245
6015,2784.25830078125
6016,523.4912109375
6017,442.3017578125
6018,2132.508056640625
6019,2635.947509765625
6020,34.947509765625
6021,123.6064453125
6022,-1007.34521484375
6023,483.64770507812494
6024,213.749755859375
6025,147.06787109375
6026,-1167.253173828125
6027,397.527099609375
6028,406.988525390625
6029,-1067.1396484375
6030,-1207.870361328125
6031,-945.76708984375
6032,832.239990234375
6033,1482.809326171875
6034,2501.219970703125
6035,-918.751708984375
6036,729.54931640625
6037,1594.28662109375
6038,-267.900634765625
6039,-360.605712890625
6040,280.496826171875
6041,64.583984375
6042,-121.326416015625
6043,713.73583984375
6044,130.98193359375
6045,-43.734130859375
6046,-60.62939453125001
6047,2315.02001953125
6048,275.513427734375
6049,-1114.82958984375
6050,813.075927734375
6051,898.824462890625
6052,-732.5439453125
6053,-935.824951171875
6054,1075.554931640625
6055,804.99609375
6056,2058.9208984375
6057,-1228.9609375000002
6058,-295.81054687500006
6059,182.38720703125
6060,359.55468749999994
6061,1219.5729980468752
6062,45.552001953125
6063,226.5224609375
6064,363.542724609375
6065,-928.36572265625
6066,-1491.378662109375
6067,908.0419921875
6068,-704.0544433593751
6069,1166.1416015625
6070,1143.29638671875
6071,467.025390625
6072,-602.349609375
6073,1187.42236328125
6074,-42.416015625
6075,-67.28662109375
6076,737.444580078125
6077,-818.122314453125
6078,-504.72412109375
6079,-603.740966796875
6080,132.739990234375
6081,-913.78125
6082,-691.41455078125
6083,781.611083984375
6084,-186.681396484375
6085,3649.393310546875
6086,1763.239990234375
6087,-829.758544921875
6088,52.111083984375
6089,141.358154296875
6090,1683.9990234375002
6091,-956.898193359375
6092,455.12060546875
6093,799.84521484375
6094,-323.56298828125
6095,21.553466796875004
6096,-141.015869140625
6097,48.28247070312499
6098,-485.57666015625
6099,110.358642578125
6100,-174.824462890625
6101,708.910888671875
6102,-285.80322265625
6103,-885.46923828125
6104,508.306640625
6105,754.698486328125
6106,43.33544921875
6107,1569.57958984375
6108,224.0107421875
6109,684.42529296875
6110,551.124755859375
6111,-413.59277343750006
6112,798.21142578125
6113,290.54052734375
6114,-274.91845703125
6115,1469.07861328125
6116,-137.28369140625
6117,202.723876953125
6118,-59.776123046875
6119,36.174072265625
6120,564.160888671875
6121,332.57275390625
6122,-170.3095703125
6123,-141.1806640625
6124,75.92041015625
6125,319.932373046875
6126,-69.251708984375
6127,-92.222412109375
6128,-132.930908203125
6129,354.62841796875
6130,-769.60791015625
6131,3827.0419921875
6132,3135.889892578125
6133,1579.853271484375
6134,394.3408203125
6135,3992.358642578125
6136,2919.599853515625
6137,-564.00732421875
6138,-463.77490234375
6139,307.350830078125
6140,-197.898193359375
6141,-8.100341796875
6142,224.042724609375
6143,896.594482421875
6144,-343.677734375
6145,-37.670654296875
6146,-1923.83251953125
6147,810.68212890625
6148,566.41455078125
6149,23.609619140625
6150,462.584716796875
6151,74.267578125
6152,-58.811767578125
6153,-93.80517578125
6154,411.84594726562506
6155,163.78076171875
6156,40.38183593749999
6157,1770.3076171875002
6158,-526.334716796875
6159,-276.229248046875
6160,-325.220947265625
6161,-632.58837890625
6162,-674.300048828125
6163,-259.775146484375
6164,922.76318359375
6165,749.07470703125
6166,957.2958984375
6167,467.44848632812506
6168,-286.336669921875
6169,-142.510986328125
6170,130.156494140625
6171,436.56738281249994
6172,-303.663818359375
6173,-113.377685546875
6174,889.041259765625
6175,-402.66040039062494
6176,629.52197265625
6177,363.219482421875
6178,432.127685546875
6179,-655.588134765625
6180,600.9750976562499
6181,39.28173828125
6182,-451.114013671875
6183,-172.383544921875
6184,146.918701171875
6185,627.09375
6186,-93.939208984375
6187,562.262939453125
6188,-9.419189453125
6189,580.22900390625
6190,-177.185791015625
6191,109.859130859375
6192,-51.879150390625
6193,1412.07568359375
6194,26.60498046875
6195,-266.697509765625
6196,836.17724609375
6197,1195.283935546875
6198,46.720458984375
6199,-120.963134765625
6200,-313.95361328125
6201,1215.9111328125
6202,877.912353515625
6203,-170.333984375
6204,-428.208251953125
6205,2277.75
6206,62.16455078125
6207,-144.421630859375
6208,-258.724853515625
6209,-597.87744140625
6210,788.41259765625
6211,981.055419921875
6212,-600.36962890625
6213,-487.90771484375
6214,712.325927734375
6215,669.25146484375
6216,-293.858642578125
6217,-503.19091796875
6218,-661.104736328125
6219,857.500244140625
6220,961.540283203125
6221,-81.236083984375
6222,-18.453857421875
6223,-146.522705078125
6224,1015.904052734375
6225,-106.5703125
6226,-65.351318359375
6227,-74.716796875
6228,1219.4560546875
6229,910.302734375
6230,-191.938232421875
6231,-423.424072265625
6232,436.28564453124994
6233,383.33325195312506
6234,-236.92529296875
6235,-315.164306640625
6236,-2377.119873046875
6237,978.701904296875
6238,-362.034912109375
6239,94.37646484375
6240,186.095947265625
6241,4020.1533203125
6242,1626.693115234375
6243,108.51684570312499
6244,101.82568359375
6245,-976.396728515625
6246,-530.029541015625
6247,-1889.281494140625
6248,726.952880859375
6249,843.162841796875
6250,455.39111328125
6251,-2086.480712890625
6252,658.2722167968751
6253,695.052978515625
6254,108.261474609375
6255,-2008.992431640625
6256,994.541259765625
6257,-173.771484375
6258,-327.55737304687506
6259,210.036376953125
6260,-3.989501953125
6261,-257.304931640625
6262,-229.0244140625
6263,-1483.93017578125
6264,-1524.517822265625
6265,-515.861572265625
6266,-71.537109375
6267,963.0888671875
6268,3706.27001953125
6269,-179.593017578125
6270,-153.69287109375
6271,871.229736328125
6272,-121.989990234375
6273,-38.740234375
6274,1263.308349609375
6275,-448.4111328125
6276,359.83935546875
6277,1098.87158203125
6278,683.780517578125
6279,-481.46142578125
6280,114.6484375
6281,-129.040771484375
6282,418.34277343750006
6283,672.86181640625
6284,-561.622314453125
6285,-495.620849609375
6286,998.790771484375
6287,748.276123046875
6288,-562.605712890625
6289,-274.776123046875
6290,-2319.27587890625
6291,801.493896484375
6292,468.22314453125
6293,59.8779296875
6294,-299.657470703125
6295,1163.03125
6296,89.66064453125
6297,51.268310546875
6298,-226.8837890625
6299,-233.476806640625
6300,569.81640625
6301,241.4609375
6302,-618.0087890625
6303,628.408447265625
6304,508.610107421875
6305,236.048095703125
6306,-548.86279296875
6307,322.55712890625
6308,569.508544921875
6309,-782.504638671875
6310,-992.3603515625
6311,450.084228515625
6312,400.754150390625
6313,5518.01953125
6314,-998.1376953125
6315,410.15185546875
6316,516.0048828125
6317,-315.817626953125
6318,-1075.302490234375
6319,728.166259765625
6320,-187.023193359375
6321,-237.005126953125
6322,-167.00732421875
6323,598.783935546875
6324,-244.66650390625
6325,-202.124267578125
6326,-1195.08837890625
6327,717.931396484375
6328,125.1103515625
6329,160.9609375
6330,240.473876953125
6331,558.64404296875
6332,-238.567138671875
6333,-13.742675781250002
6334,352.311279296875
6335,-561.34423828125
6336,141.63818359375
6337,365.115966796875
6338,-707.1416015625
6339,-71.3662109375
6340,996.8330078125
6341,-120.015625
6342,-526.531005859375
6343,2.419189453125
6344,719.757080078125
6345,206.6220703125
6346,485.049072265625
6347,20.319091796875004
6348,354.73706054687506
6349,474.367919921875
6350,-358.026123046875
6351,-99.979736328125
6352,277.33740234375
6353,8227.007080078125
6354,1078.54150390625
6355,3322.350341796875
6356,-243.704833984375
6357,13.916992187500007
6358,-607.18603515625
6359,-281.99267578125
6360,-434.043701171875
6361,104.69799804687499
6362,-232.446533203125
6363,-174.390869140625
6364,152.349853515625
6365,507.687255859375
6366,232.241455078125
6367,-2288.072265625
6368,26.74267578125
6369,356.84008789062494
6370,358.624755859375
6371,-200.03686523437497
6372,351.588623046875
6373,514.984130859375
6374,498.7353515625
6375,-457.79345703125
6376,317.14990234375
6377,240.08251953125
6378,288.372802734375
6379,-566.306640625
6380,-1002.933837890625
6381,-384.274169921875
6382,151.759765625
6383,264.3115234375
6384,310.593505859375
6385,1894.75341796875
6386,453.549072265625
6387,370.619140625
6388,485.51025390625
6389,377.015869140625
6390,196.1611328125
6391,112.6376953125
6392,1007.9404296875
6393,374.673828125
6394,-76.797607421875
6395,-355.7451171875
6396,971.689453125
6397,466.43798828125
6398,1629.5507812500002
6399,-1147.720947265625
6400,-349.62548828125
6401,-205.0556640625
6402,1599.6708984375
6403,27.848876953125
6404,-1087.598388671875
6405,-175.301025390625
6406,1671.36962890625
6407,469.21044921875
6408,-427.985595703125
6409,-566.65087890625
6410,133.23193359375
6411,-37.753173828125
6412,-178.6826171875
6413,-780.334228515625
6414,20.8681640625
6415,-76.42041015625
6416,-305.28881835937494
6417,-693.396728515625
6418,-311.1474609375
6419,-150.501220703125
6420,2010.0654296875
6421,-832.5607910156251
6422,100.708251953125
6423,-305.5283203125
6424,2028.8117675781248
6425,-173.542724609375
6426,-109.48193359375
6427,1087.15673828125
6428,-396.529296875
6429,-194.82421875
6430,352.316162109375
6431,1337.815185546875
6432,-429.14599609375
6433,-372.671142578125
6434,2100.72021484375
6435,1287.659912109375
6436,651.95654296875
6437,-136.743896484375
6438,-106.6357421875
6439,-681.511962890625
6440,369.920166015625
6441,-140.94189453125
6442,-190.612060546875
6443,186.89013671875
6444,559.573974609375
6445,536.55322265625
6446,-170.093994140625
6447,-139.59375
6448,595.543701171875
6449,502.22509765625
6450,-175.652587890625
6451,-159.9658203125
6452,657.155029296875
6453,612.221923828125
6454,-1375.4921875
6455,1101.6376953125
6456,1114.4775390625
6457,761.8261718750001
6458,-1416.15478515625
6459,1193.5361328125
6460,1285.7666015625
6461,51.70654296875
6462,-1317.9279785156248
6463,-827.04638671875
6464,759.4208984375
6465,862.372314453125
6466,310.212646484375
6467,-420.27734375
6468,551.058837890625
6469,973.85791015625
6470,325.615234375
6471,-794.503173828125
6472,-53.86376953125
6473,-486.214599609375
6474,-226.937744140625
6475,-28.12939453125
6476,239.05029296875
6477,-624.59326171875
6478,-241.69873046875
6479,112.57128906250001
6480,126.589111328125
6481,3.704345703125
6482,1535.4404296875
6483,1191.1025390625002
6484,48.937255859375
6485,-201.881103515625
6486,1607.91748046875
6487,960.526123046875
6488,13.77099609375
6489,-939.7822265625
6490,260.544921875
6491,2499.09814453125
6492,-177.8564453125
6493,952.853759765625
6494,1816.871337890625
6495,2294.010498046875
6496,24.04443359375
6497,-715.910400390625
6498,1389.6333007812502
6499,2133.4365234375
6500,2064.28076171875
6501,-1188.44970703125
6502,-280.30224609375
6503,-163.510986328125
6504,2164.3955078125
6505,-1059.370849609375
6506,-24.746582031250004
6507,389.889892578125
6508,584.829833984375
6509,-210.85742187499997
6510,-179.4462890625
6511,-457.53515625000006
6512,484.232666015625
6513,-126.59912109375
6514,-143.507568359375
6515,-1228.10302734375
6516,419.29467773437506
6517,134.183837890625
6518,128.964111328125
6519,228.187255859375
6520,178.594970703125
6521,2.35693359375
6522,123.859130859375
6523,317.110595703125
6524,-469.287353515625
6525,-275.16552734375
6526,105.9296875
6527,340.45947265625
6528,135.31591796875
6529,-104.3740234375
6530,569.50732421875
6531,257.957763671875
6532,284.28955078125
6533,-165.88623046874997
6534,257.01904296875
6535,-822.283935546875
6536,686.58544921875
6537,735.3166503906251
6538,-756.69677734375
6539,-825.96533203125
6540,566.384521484375
6541,666.748779296875
6542,5004.784423828125
6543,-1151.113525390625
6544,78.979248046875
6545,-1.699951171875
6546,442.883544921875
6547,735.508544921875
6548,-822.36328125
6549,-76.54931640625
6550,614.22314453125
6551,-479.619873046875
6552,-60.84375
6553,-605.440185546875
6554,1190.9819335937498
6555,-164.547607421875
6556,942.5888671875
6557,746.806884765625
6558,1037.5244140625
6559,-185.87939453125
6560,1310.52978515625
6561,3509.33251953125
6562,130.896484375
6563,964.546875
6564,495.771240234375
6565,569.320556640625
6566,-660.798095703125
6567,1043.3994140625
6568,687.2861328125
6569,-484.5732421875
6570,-1254.029052734375
6571,1084.4599609375
6572,-73.93798828125
6573,-650.587890625
6574,-1175.4365234375
6575,804.3811035156251
6576,15.972412109375
6577,-560.81884765625
6578,1106.8662109375
6579,258.43359375
6580,-198.952392578125
6581,-67.43505859375
6582,-141.11376953125
6583,-300.215576171875
6584,-238.450927734375
6585,-71.43115234375
6586,5.72412109375
6587,140.16943359375
6588,-158.78369140624997
6589,-380.236572265625
6590,-243.79663085937497
6591,3215.923828125
6592,-252.3642578125
6593,152.138427734375
6594,-623.51416015625
6595,3092.62060546875
6596,658.068359375
6597,-1229.723388671875
6598,458.460693359375
6599,-304.279052734375
6600,233.487548828125
6601,716.7468261718749
6602,831.5036621093749
6603,-335.560302734375
6604,193.71826171875
6605,693.24267578125
6606,499.235107421875
6607,445.631103515625
6608,232.703857421875
6609,-18.03662109375
6610,-439.33056640625
6611,228.388916015625
6612,286.542236328125
6613,-16.4189453125
6614,452.44873046875
6615,272.90869140625
6616,-50.506103515625
6617,306.21142578125
6618,76.947021484375
6619,206.818115234375
6620,-299.89599609375
6621,281.164794921875
6622,152.78686523437497
6623,77.2919921875
6624,-82.698486328125
6625,122.78613281249999
6626,-443.934814453125
6627,61.968994140625
6628,67.551025390625
6629,415.66064453125
6630,-218.06567382812503
6631,57.110595703125
6632,25.217773437499996
6633,-118.1943359375
6634,123.632568359375
6635,-74.29150390625
6636,269.373046875
6637,-102.02490234374999
6638,-154.657958984375
6639,-231.810546875
6640,197.10107421874997
6641,194.442138671875
6642,-843.88818359375
6643,-23.958984375
6644,662.134521484375
6645,984.646484375
6646,-353.87255859375
6647,-467.879150390625
6648,453.4169921875
6649,935.114501953125
6650,149.2138671875
6651,-289.4453125
6652,-171.72583007812503
6653,785.219970703125
6654,776.166259765625
6655,-466.510009765625
6656,-305.7568359375
6657,786.447021484375
6658,749.81201171875
6659,5421.2802734375
6660,-222.67333984375
6661,252.45166015625
6662,-149.768310546875
6663,-160.229736328125
6664,-2534.550537109375
6665,42.1064453125
6666,-60.697265625
6667,-42.984130859375
6668,-254.25463867187503
6669,491.66625976562506
6670,-137.300048828125
6671,321.34960937499994
6672,329.338623046875
6673,1215.2790527343748
6674,-333.82568359375
6675,223.5439453125
6676,430.684814453125
6677,-390.789306640625
6678,245.801513671875
6679,1475.254150390625
6680,-405.33837890625
6681,-1325.969970703125
6682,121.546630859375
6683,491.97998046875
6684,-287.291015625
6685,-1187.931640625
6686,692.4775390625
6687,132.162841796875
6688,-292.635009765625
6689,1357.746826171875
6690,1216.3666992187498
6691,1219.45166015625
6692,-532.713623046875
6693,1554.418212890625
6694,1232.43505859375
6695,-1058.662353515625
6696,-268.740478515625
6697,432.58447265625
6698,-244.63037109375
6699,51.555419921875
6700,-101.258056640625
6701,-120.34765625
6702,50.385498046875
6703,1.419921875
6704,-1.9321289062499998
6705,-93.97900390625
6706,-630.860595703125
6707,219.60083007812503
6708,1264.22265625
6709,3.8408203124999996
6710,-352.6875
6711,249.105224609375
6712,1191.253173828125
6713,310.103271484375
6714,-264.917236328125
6715,-60.259521484375
6716,-620.8447265625
6717,346.473388671875
6718,666.095947265625
6719,1685.725830078125
6720,-680.564453125
6721,493.555419921875
6722,432.4189453125
6723,-287.98779296875
6724,-127.192138671875
6725,-439.577392578125
6726,-379.6806640625
6727,-134.15576171875
6728,71.335693359375
6729,-283.964111328125
6730,-377.952880859375
6731,-14.155029296875
6732,24.9326171875
6733,1108.4794921875
6734,-240.921875
6735,-199.28515625
6736,165.167724609375
6737,920.73681640625
6738,-320.80908203125
6739,-327.23681640625
6740,-857.7985839843749
6741,779.3229980468751
6742,2730.50244140625
6743,348.525146484375
6744,-2099.862060546875
6745,-441.751220703125
6746,2259.537353515625
6747,333.318115234375
6748,-2168.3779296875
6749,520.146728515625
6750,735.560302734375
6751,853.607177734375
6752,-87.109619140625
6753,-327.82177734375
6754,892.9899902343751
6755,303.681884765625
6756,-129.3271484375
6757,-244.34765625000003
6758,932.369873046875
6759,2027.5439453125
6760,789.107177734375
6761,2236.63818359375
6762,1760.43603515625
6763,1106.6376953125
6764,-604.67626953125
6765,2169.38232421875
6766,1962.233154296875
6767,601.2150878906249
6768,1155.073974609375
6769,77.611083984375
6770,-467.28662109375
6771,-331.766357421875
6772,-129.0546875
6773,174.866455078125
6774,-421.90185546875
6775,-355.82958984375
6776,-2036.1425781249998
6777,-1715.197265625
6778,1986.946044921875
6779,-1072.6455078125
6780,-461.3359375
6781,762.84912109375
6782,-1003.6044921875
6783,-1105.226318359375
6784,-427.917724609375
6785,1059.351806640625
6786,-1361.706298828125
6787,104.8515625
6788,-364.110107421875
6789,119.39599609375
6790,1495.9296875
6791,2424.503662109375
6792,-352.1728515625
6793,223.7294921875
6794,503.81298828125
6795,126.4326171875
6796,949.8447265625
6797,8.671386718749993
6798,1693.1337890625
6799,183.510986328125
6800,-166.87670898437497
6801,11.740478515625002
6802,1706.624267578125
6803,-839.197509765625
6804,-277.43115234375
6805,-1443.121826171875
6806,564.6171875
6807,533.297119140625
6808,-97.253662109375
6809,555.072265625
6810,560.926025390625
6811,522.91162109375
6812,-936.301025390625
6813,791.251953125
6814,2279.720458984375
6815,-71.658203125
6816,-2013.603759765625
6817,856.0344238281251
6818,-455.636962890625
6819,-112.258544921875
6820,-1957.109619140625
6821,-528.001953125
6822,258.414306640625
6823,736.9360351562499
6824,-184.35595703125
6825,-127.286865234375
6826,-640.930419921875
6827,374.350341796875
6828,-278.734619140625
6829,-158.83935546875
6830,208.980712890625
6831,449.103515625
6832,593.7668457031249
6833,-195.156494140625
6834,-242.7080078125
6835,-1375.724853515625
6836,411.419677734375
6837,-92.251708984375
6838,-257.4248046875
6839,1578.190673828125
6840,701.950439453125
6841,-983.249267578125
6842,1904.640380859375
6843,1062.240234375
6844,948.01806640625
6845,-1048.09130859375
6846,1750.822265625
6847,1058.541015625
6848,-1016.49609375
6849,-1288.220703125
6850,2573.385986328125
6851,-886.052978515625
6852,-461.876953125
6853,460.17431640625
6854,2119.430908203125
6855,-958.525146484375
6856,-625.421875
6857,-317.39404296875006
6858,2217.18896484375
6859,1836.68359375
6860,1219.8046875
6861,-599.046875
6862,180.132568359375
6863,-493.668212890625
6864,1270.087646484375
6865,-677.3049316406249
6866,357.850341796875
6867,725.563232421875
6868,578.09619140625
6869,-179.75244140625
6870,-271.242919921875
6871,-2793.7307128906255
6872,180.00341796875
6873,-162.8896484375
6874,-127.45947265625
6875,-53.127685546875
6876,767.572509765625
6877,4656.97265625
6878,1858.4521484375
6879,-439.58740234375
6880,-612.498779296875
6881,111.406005859375
6882,1921.8161621093752
6883,-712.008544921875
6884,520.4814453125
6885,474.4033203125
6886,-724.78369140625
6887,557.3740234375
6888,495.755859375
6889,4926.326171875
6890,-99.5927734375
6891,570.131103515625
6892,651.096923828125
6893,128.76416015625
6894,-721.56591796875
6895,643.97607421875
6896,-758.986572265625
6897,-834.75830078125
6898,1370.414794921875
6899,570.416259765625
6900,-699.620849609375
6901,-887.1123046875
6902,1948.3330078125002
6903,621.393310546875
6904,180.81494140625
6905,-745.8564453125
6906,-702.21435546875
6907,-563.642333984375
6908,131.426513671875
6909,-798.225341796875
6910,-661.994384765625
6911,-305.68261718750006
6912,247.70361328124997
6913,-191.92333984375
6914,3083.947509765625
6915,2724.496826171875
6916,-509.727294921875
6917,-441.657958984375
6918,3184.70751953125
6919,2869.427978515625
6920,1268.800537109375
6921,-74.74487304687499
6922,2111.09228515625
6923,1472.6494140625
6924,3309.995361328125
6925,-317.859619140625
6926,-201.053466796875
6927,1464.3798828125
6928,3604.229736328125
6929,382.879150390625
6930,-480.40039062500006
6931,-47.784912109375
6932,-220.3759765625
6933,-546.863525390625
6934,1137.643798828125
6935,-949.60009765625
6936,-335.843505859375
6937,-424.736328125
6938,-190.995849609375
6939,382.99951171875
6940,460.898193359375
6941,20.56494140625
6942,-109.036376953125
6943,-1354.793701171875
6944,639.02783203125
6945,173.706298828125
6946,-161.018798828125
6947,565.94775390625
6948,546.09814453125
6949,241.11767578125
6950,400.44531250000006
6951,386.759521484375
6952,1381.80517578125
6953,-1453.031005859375
6954,489.69287109375
6955,420.60302734375
6956,-129.738037109375
6957,2492.445556640625
6958,1320.626220703125
6959,-48.832763671874986
6960,-1145.24365234375
6961,-530.22412109375
6962,1124.831298828125
6963,270.13916015625
6964,-868.53369140625
6965,302.331787109375
6966,-20.44384765625
6967,-771.11669921875
6968,-385.264404296875
6969,438.08374023437494
6970,1197.985595703125
6971,1236.6767578125
6972,-455.44482421875
6973,524.826904296875
6974,-812.276611328125
6975,-867.85205078125
6976,-20.3193359375
6977,825.1887207031251
6978,540.85302734375
6979,141.449951171875
6980,230.465576171875
6981,795.8208007812499
6982,343.548095703125
6983,-65.05224609375
6984,-51.530517578125
6985,-1152.04638671875
6986,4188.56005859375
6987,5019.98681640625
6988,714.22021484375
6989,623.774658203125
6990,4158.6474609375
6991,4798.5703125
6992,709.66552734375
6993,854.23681640625
6994,653.64453125
6995,617.89013671875
6996,-124.24658203125
6997,-100.302734375
6998,-26.239990234375
6999,621.188232421875
7000,-54.19873046875
7001,1860.1425781249998
7002,859.5227050781249
7003,-371.8388671875
7004,-376.94384765625
7005,123.5380859375
7006,1319.146240234375
7007,-509.17041015625
7008,-469.9912109375
7009,51.053466796875
7010,-107.35107421875
7011,102.43896484375
7012,3040.035888671875
7013,764.37451171875
7014,-679.6347656249999
7015,-273.94970703125
7016,2784.2431640625005
7017,595.23046875
7018,-688.20703125
7019,357.67431640625
7020,1020.175048828125
7021,-895.698486328125
7022,-896.34765625
7023,1342.812255859375
7024,563.262939453125
7025,2940.0488281250005
7026,-1032.270263671875
7027,1205.549072265625
7028,558.939208984375
7029,-896.13134765625
7030,-76.73632812500001
7031,442.94531250000006
7032,275.515625
7033,247.74853515624997
7034,32.47265625
7035,237.21337890625
7036,277.255859375
7037,199.71044921875
7038,1083.89599609375
7039,77.912109375
7040,-823.57373046875
7041,89.54077148437501
7042,1071.96484375
7043,2286.990478515625
7044,-791.564697265625
7045,141.39990234375
7046,290.609375
7047,75.57446289062501
7048,-371.592041015625
7049,-246.989990234375
7050,-241.174072265625
7051,-286.414306640625
7052,8.1103515625
7053,-152.7490234375
7054,-316.325927734375
7055,-223.84912109375
7056,335.27734375
7057,1209.195068359375
7058,-327.925537109375
7059,52.48999023437499
7060,464.922607421875
7061,474.611083984375
7062,-304.572021484375
7063,-36.802734375
7064,-1056.01953125
7065,575.91162109375
7066,792.510986328125
7067,-829.8154296875
7068,-963.4697265625
7069,-90.622314453125
7070,824.966552734375
7071,-832.92431640625
7072,-865.923095703125
7073,2264.459228515625
7074,749.365478515625
7075,3927.02587890625
7076,-1008.10400390625
7077,-663.469482421875
7078,-232.943603515625
7079,3587.588134765625
7080,-1139.07568359375
7081,-415.064453125
7082,-512.621337890625
7083,3370.522216796875
7084,402.80468749999994
7085,879.737548828125
7086,-114.48876953125
7087,-1351.020263671875
7088,-1030.02783203125
7089,1064.192626953125
7090,-188.03515625
7091,-62.234619140625
7092,994.263427734375
7093,-920.286376953125
7094,861.56103515625
7095,482.94580078124994
7096,-65.62817382812501
7097,428.3056640625
7098,945.336181640625
7099,488.33447265625
7100,283.28271484375
7101,-574.5029296875
7102,-335.89086914062506
7103,1296.01123046875
7104,527.732421875
7105,-1653.187255859375
7106,789.719970703125
7107,1361.514892578125
7108,358.239990234375
7109,204.633544921875
7110,1007.4853515625
7111,710.779296875
7112,486.9873046875
7113,256.626953125
7114,-55.37695312500001
7115,596.4091796875
7116,452.029541015625
7117,283.97021484375
7118,-1100.2822265625
7119,458.5625
7120,-77.37353515625
7121,250.3994140625
7122,-907.00390625
7123,3316.580078125
7124,-231.6640625
7125,150.919677734375
7126,-802.7182617187499
7127,-1371.05224609375
7128,1188.137939453125
7129,475.184814453125
7130,929.417236328125
7131,-221.447998046875
7132,31.7724609375
7133,1375.456298828125
7134,554.197998046875
7135,-150.783203125
7136,-61.39990234375
7137,224.53344726562503
7138,-549.142822265625
7139,2008.269287109375
7140,380.09619140625
7141,-615.824462890625
7142,104.74462890625
7143,1995.12060546875
7144,307.69677734375
7145,-193.5615234375
7146,801.6284179687499
7147,-417.410888671875
7148,-305.54296875
7149,1049.17333984375
7150,-709.221923828125
7151,-247.428955078125
7152,-89.831787109375
7153,923.373291015625
7154,501.4287109375
7155,51.281005859375
7156,-560.45166015625
7157,684.583251953125
7158,-256.2900390625
7159,373.77563476562506
7160,439.34008789062494
7161,716.927490234375
7162,-227.458251953125
7163,267.7509765625
7164,150.750732421875
7165,-244.544189453125
7166,2480.9228515625
7167,1974.029052734375
7168,1521.525146484375
7169,997.76171875
7170,2357.133544921875
7171,1944.295166015625
7172,556.296142578125
7173,-2.334228515625
7174,-61.10058593749999
7175,-1222.036865234375
7176,2562.2109375
7177,324.721923828125
7178,177.818115234375
7179,-1105.571044921875
7180,2583.535888671875
7181,-317.26025390625
7182,-78.336669921875
7183,67.0048828125
7184,-1011.744384765625
7185,303.3701171875
7186,489.428466796875
7187,1417.24169921875
7188,-1151.38330078125
7189,370.9658203125
7190,56.629150390625
7191,27.164794921875
7192,-307.049560546875
7193,-142.653076171875
7194,607.371337890625
7195,711.361328125
7196,871.968505859375
7197,-102.63134765625
7198,852.212158203125
7199,-119.21728515625
7200,-475.841796875
7201,-9.871826171875
7202,38.348388671875
7203,180.163330078125
7204,227.514892578125
7205,-157.9814453125
7206,53.339111328125
7207,192.313232421875
7208,283.988525390625
7209,31.9150390625
7210,673.0385742187499
7211,-514.258544921875
7212,-389.33007812500006
7213,-1574.5412597656252
7214,-1672.176025390625
7215,-584.340576171875
7216,-425.665771484375
7217,55.62646484375
7218,612.48486328125
7219,1100.52197265625
7220,-1730.3369140625
7221,823.38623046875
7222,-390.909423828125
7223,4955.4345703125
7224,-1690.018310546875
7225,802.4350585937501
7226,311.38134765625006
7227,3813.22705078125
7228,-1898.581787109375
7229,1653.0947265625
7230,1082.642333984375
7231,475.08642578125006
7232,-1022.55615234375
7233,1451.80126953125
7234,974.80419921875
7235,899.353515625
7236,-1281.8388671875
7237,513.891357421875
7238,33.61865234375
7239,47.384521484375
7240,-457.0498046875
7241,815.16162109375
7242,255.0361328125
7243,-33.269287109375
7244,-98.94360351562503
7245,568.177978515625
7246,-1121.0185546875
7247,-662.4248046875
7248,1460.690673828125
7249,165.862060546875
7250,582.166748046875
7251,-455.282958984375
7252,1701.602294921875
7253,-22.238037109374993
7254,-583.6630859375
7255,-674.956298828125
7256,794.547607421875
7257,703.8779296875001
7258,3848.4833984375
7259,-627.029296875
7260,618.36767578125
7261,830.8198242187501
7262,-466.05712890625
7263,-498.246337890625
7264,2367.66943359375
7265,643.927978515625
7266,-753.02197265625
7267,669.935302734375
7268,439.399658203125
7269,601.326904296875
7270,-553.2060546875
7271,-444.90356445312506
7272,-476.728759765625
7273,-77.59912109375
7274,110.23974609375
7275,305.83642578125006
7276,-39.24072265625
7277,-161.322509765625
7278,225.606689453125
7279,481.221923828125
7280,214.228271484375
7281,299.637939453125
7282,-1659.5603027343752
7283,1553.924560546875
7284,107.8173828125
7285,254.097412109375
7286,-1252.505615234375
7287,1660.52294921875
7288,-43.03564453125001
7289,503.780517578125
7290,-1994.388427734375
7291,152.07275390625
7292,183.84619140625
7293,10.125488281250002
7294,274.71630859375
7295,260.9375
7296,250.58813476562503
7297,-100.40942382812501
7298,-220.46435546875
7299,200.74462890625
7300,-450.75048828125
7301,44.76000976562501
7302,1036.045654296875
7303,-629.696533203125
7304,-482.01293945312494
7305,256.517333984375
7306,988.8359375
7307,3692.1845703125
7308,-217.31909179687497
7309,-518.402587890625
7310,69.64208984375
7311,381.975341796875
7312,-41.12695312500001
7313,-311.855224609375
7314,8.519287109375
7315,220.791259765625
7316,-956.344970703125
7317,-627.447509765625
7318,3388.7016601562495
7319,3787.24072265625
7320,-1004.8837890625
7321,-16.018310546875
7322,-880.35498046875
7323,3801.4189453125
7324,-1020.654052734375
7325,-328.26171875
7326,766.4150390625
7327,36.552734375
7328,343.264892578125
7329,-224.58935546875
7330,462.273193359375
7331,371.41943359375
7332,242.438720703125
7333,-319.466552734375
7334,-832.36083984375
7335,137.662109375
7336,-304.800537109375
7337,-1389.431884765625
7338,-1286.979248046875
7339,-693.57958984375
7340,526.339111328125
7341,-1335.6479492187498
7342,-1261.48828125
7343,-72.80224609375
7344,-567.097900390625
7345,-120.80419921875
7346,-337.89013671875
7347,103.559814453125
7348,-367.18627929687494
7349,-345.86865234374994
7350,-80.271484375
7351,118.946533203125
7352,-566.4345703125
7353,222.240234375
7354,-65.1181640625
7355,1736.1953125
7356,667.525634765625
7357,527.333984375
7358,-932.9189453125
7359,1721.77392578125
7360,612.08251953125
7361,-561.258544921875
7362,-413.34326171874994
7363,4.54736328125
7364,-260.56005859375
7365,-203.5595703125
7366,-72.412841796875
7367,30.02685546875
7368,-250.992431640625
7369,-174.8330078125
7370,-362.01928710937494
7371,261.4189453125
7372,-0.8984375
7373,-87.899658203125
7374,175.042236328125
7375,184.039794921875
7376,-108.00561523437499
7377,-138.116455078125
7378,40.69873046875
7379,-581.63818359375
7380,-431.809326171875
7381,-290.930908203125
7382,1810.2109375
7383,-312.931396484375
7384,-9.49462890625
7385,-143.06103515625
7386,1776.3286132812498
7387,-106.885986328125
7388,-504.45532226562494
7389,321.44580078124994
7390,1413.0146484375
7391,-784.228759765625
7392,189.070068359375
7393,-151.3212890625
7394,1493.50048828125
7395,-502.482421875
7396,185.567626953125
7397,-281.481689453125
7398,1529.0107421875
7399,-2054.221923828125
7400,2689.3847656249995
7401,3782.552978515625
7402,764.383056640625
7403,-1462.7812500000002
7404,2781.2431640625
7405,3940.374267578125
7406,376.91992187499994
7407,-786.77880859375
7408,1193.882568359375
7409,354.7216796875
7410,-86.5966796875
7411,1316.422607421875
7412,3530.122314453125
7413,278.204345703125
7414,-146.044189453125
7415,-96.94482421875
7416,56.71337890625
7417,501.01513671875
7418,1.800537109375
7419,87.54931640625
7420,2098.455322265625
7421,793.8208007812499
7422,-91.677490234375
7423,-49.36669921875
7424,1539.33642578125
7425,1230.431884765625
7426,-301.63623046875
7427,-1750.9787597656248
7428,-252.891357421875
7429,311.684814453125
7430,905.897705078125
7431,-1628.7041015625
7432,-54.465576171875
7433,-374.0908203125
7434,2392.92578125
7435,-1157.850341796875
7436,2365.173095703125
7437,1769.49560546875
7438,334.490966796875
7439,-1602.477294921875
7440,2456.378662109375
7441,1676.4091796875002
7442,527.335693359375
7443,-2131.34228515625
7444,-353.505126953125
7445,-24.12890625
7446,-309.476806640625
7447,3208.8642578125
7448,2705.96044921875
7449,-7.457275390625001
7450,-299.74462890625
7451,-171.28369140624997
7452,527.2451171875
7453,3727.94189453125
7454,3917.942138671875
7455,-964.45361328125
7456,68.193359375
7457,-16.48046875
7458,4113.82958984375
7459,-891.255859375
7460,-1628.846435546875
7461,1874.70654296875
7462,1194.163330078125
7463,1293.6447753906248
7464,-1194.659912109375
7465,-243.601318359375
7466,12.950927734375
7467,1431.25634765625
7468,-1256.027099609375
7469,-327.322021484375
7470,-584.007080078125
7471,32.959716796875
7472,3384.23583984375
7473,-14.780029296875
7474,-348.855224609375
7475,-465.7431640625
7476,3488.394287109375
7477,6.501708984375007
7478,-564.004150390625
7479,-768.782470703125
7480,-111.921142578125
7481,154.789306640625
7482,-109.022216796875
7483,301.66796875
7484,-95.418212890625
7485,-35.15942382812499
7486,-177.84790039062497
7487,25.983642578125
7488,230.507080078125
7489,-997.6416015625
7490,-1421.080810546875
7491,4399.96044921875
7492,461.091796875
7493,402.107421875
7494,-1229.893310546875
7495,4231.724365234375
7496,1051.646728515625
7497,919.064208984375
7498,1078.173828125
7499,-492.31201171875
7500,-251.28076171875
7501,2953.73095703125
7502,1238.1328125
7503,-409.338623046875
7504,-391.604736328125
7505,-805.613525390625
7506,916.84033203125
7507,805.79931640625
7508,-1277.37548828125
7509,-1234.090576171875
7510,-120.33642578125
7511,737.760009765625
7512,-1250.9406738281248
7513,-1353.933837890625
7514,-164.71875
7515,1087.277587890625
7516,-109.166015625
7517,-125.84033203125
7518,279.96533203125
7519,-54.10888671875
7520,-359.193359375
7521,-36.658935546875
7522,339.923583984375
7523,911.054931640625
7524,495.005615234375
7525,-238.64208984375
7526,-110.28515625
7527,90.232421875
7528,-42.2666015625
7529,189.48486328125
7530,-209.60595703125
7531,212.14306640625
7532,1527.960693359375
7533,1086.498291015625
7534,2410.5383300781255
7535,260.847900390625
7536,-715.079345703125
7537,33.689453125
7538,75.629638671875
7539,214.52490234375
7540,-639.466552734375
7541,305.227294921875
7542,36.276611328125
7543,-187.893798828125
7544,287.82763671875
7545,509.760009765625
7546,1040.685302734375
7547,270.49951171875
7548,280.43603515625
7549,580.327392578125
7550,-308.167724609375
7551,-987.8884277343749
7552,2427.009765625
7553,-2140.120849609375
7554,-1981.154541015625
7555,431.05615234375
7556,2896.041259765625
7557,-2058.43701171875
7558,-1934.944091796875
7559,-543.351806640625
7560,2622.07666015625
7561,210.28369140624997
7562,-357.117919921875
7563,353.76513671875
7564,1441.873779296875
7565,484.185302734375
7566,-321.656494140625
7567,224.10400390625003
7568,915.80859375
7569,104.233642578125
7570,591.539794921875
7571,330.87158203125
7572,-279.958740234375
7573,-16.958740234375
7574,-371.586669921875
7575,271.917724609375
7576,-490.836669921875
7577,-556.267578125
7578,-298.29516601562494
7579,-1123.225830078125
7580,527.48876953125
7581,2833.8408203125
7582,62.8828125
7583,900.81298828125
7584,476.53759765625
7585,2525.958984375
7586,318.34130859375
7587,-500.890625
7588,353.022705078125
7589,215.34814453125
7590,134.458984375
7591,955.806396484375
7592,26.074218750000004
7593,50.880859375
7594,181.804443359375
7595,-522.691650390625
7596,172.064208984375
7597,1040.74951171875
7598,-610.762939453125
7599,-536.244140625
7600,895.591796875
7601,-506.510009765625
7602,-460.689697265625
7603,-498.402587890625
7604,-1156.2333984375
7605,-3.23193359375
7606,933.126953125
7607,-53.13818359375001
7608,-409.38818359374994
7609,232.13720703125
7610,440.935302734375
7611,-19.187744140625
7612,-719.36181640625
7613,173.385009765625
7614,1228.78369140625
7615,406.7841796875
7616,131.53759765625
7617,-175.249755859375
7618,-464.025390625
7619,243.673095703125
7620,173.763427734375
7621,-242.515625
7622,347.43261718750006
7623,67.45263671875
7624,788.75390625
7625,2829.015625
7626,-1326.0771484374998
7627,889.800537109375
7628,-658.871337890625
7629,3248.471435546875
7630,-1365.4404296875
7631,-204.65283203125
7632,-774.423828125
7633,-131.951416015625
7634,-264.496826171875
7635,38.05712890625
7636,-90.849853515625
7637,17.1103515625
7638,-188.079345703125
7639,114.230712890625
7640,-69.28125
7641,-213.5732421875
7642,-518.575439453125
7643,2243.0439453125
7644,3014.0432128906245
7645,512.42431640625
7646,-2129.84326171875
7647,2240.962158203125
7648,3006.9873046874995
7649,419.56103515624994
7650,31.221923828125
7651,1193.272216796875
7652,-252.771240234375
7653,-1759.826904296875
7654,-48.49365234375
7655,406.5703125
7656,-197.29443359375
7657,-1830.4523925781248
7658,444.91308593750006
7659,2176.5068359375
7660,-219.5361328125
7661,485.48583984375
7662,400.917724609375
7663,922.9169921874999
7664,-6.7702636718750036
7665,626.9150390625
7666,250.8095703125
7667,-552.599609375
7668,-475.485107421875
7669,243.02197265625
7670,430.15185546875
7671,50.391357421875
7672,-1276.8193359375002
7673,204.32226562499997
7674,436.205078125
7675,-21.054443359375
7676,-2.1865234375
7677,343.714599609375
7678,-639.368896484375
7679,2890.276123046875
7680,2391.807861328125
7681,1293.25927734375
7682,1077.818359375
7683,2856.231689453125
7684,2369.30126953125
7685,-1274.9799804687502
7686,1597.134033203125
7687,816.9392089843749
7688,228.439697265625
7689,-548.210693359375
7690,225.81249999999997
7691,-993.280029296875
7692,371.144775390625
7693,-520.309814453125
7694,1488.63037109375
7695,1410.962646484375
7696,2.8017578124999996
7697,-67.62255859375
7698,-70.5546875
7699,104.29443359375
7700,116.16943359375
7701,-72.846923828125
7702,-270.425537109375
7703,768.9755859375
7704,477.72436523437494
7705,725.46728515625
7706,-1007.500244140625
7707,-895.9111328125
7708,-63.284423828125
7709,433.289794921875
7710,-974.5935058593749
7711,-944.2204589843751
7712,1363.22412109375
7713,576.149169921875
7714,-158.91821289062503
7715,-553.83837890625
7716,166.218994140625
7717,-1241.767822265625
7718,326.7685546875
7719,-542.72119140625
7720,233.097412109375
7721,2138.2509765625
7722,-60.169677734375
7723,1544.88623046875
7724,-854.721923828125
7725,-457.959716796875
7726,1174.992919921875
7727,1266.912109375
7728,-640.701171875
7729,-455.1748046875
7730,-279.74267578125
7731,1468.6003417968748
7732,845.51708984375
7733,-337.471923828125
7734,-469.628662109375
7735,553.813232421875
7736,644.468017578125
7737,-451.845703125
7738,-212.40185546875
7739,-2058.697021484375
7740,-1146.8466796875
7741,-687.05810546875
7742,-1220.8530273437498
7743,193.906005859375
7744,1039.004638671875
7745,1189.8154296875
7746,-1137.906494140625
7747,50.90747070312499
7748,-43.02124023437499
7749,123.43994140624999
7750,-1549.2790527343748
7751,-975.049072265625
7752,1917.012939453125
7753,-1068.42724609375
7754,-1551.268310546875
7755,-1024.809814453125
7756,2005.056640625
7757,2288.9619140625
7758,2185.984619140625
7759,-524.8779296875
7760,311.197265625
7761,1378.3525390625
7762,-672.178466796875
7763,-731.7595214843751
7764,121.71435546875
7765,1214.609375
7766,3888.572509765625
7767,3753.44384765625
7768,1797.987548828125
7769,-1028.087158203125
7770,-698.04541015625
7771,54.947021484375
7772,1114.345947265625
7773,-914.6142578125
7774,-744.718994140625
7775,-257.637451171875
7776,1347.236328125
7777,-405.027099609375
7778,394.020263671875
7779,547.120849609375
7780,-247.021484375
7781,-764.242919921875
7782,498.799072265625
7783,380.14013671875
7784,3558.8193359375
7785,-768.381591796875
7786,1155.848876953125
7787,-466.61547851562494
7788,-196.216796875
7789,973.457763671875
7790,877.171142578125
7791,-322.305908203125
7792,-262.23681640625
7793,-294.3837890625
7794,-357.34594726562506
7795,1469.1796875
7796,-380.498046875
7797,8.31982421875
7798,536.796630859375
7799,534.84521484375
7800,-484.1904296875
7801,25.317138671875
7802,-829.692138671875
7803,682.63232421875
7804,100.69799804687499
7805,3529.2265625
7806,4092.3291015625
7807,639.4833984375
7808,-509.835205078125
7809,3508.49365234375
7810,4173.55810546875
7811,567.632568359375
7812,399.49267578125
7813,104.540283203125
7814,-576.17333984375
7815,568.328857421875
7816,-334.348876953125
7817,-45.58349609375
7818,-483.708740234375
7819,719.373779296875
7820,-447.37939453125
7821,250.46630859375003
7822,34.106201171875
7823,2169.773193359375
7824,363.093505859375
7825,765.6252441406249
7826,-1114.665771484375
7827,2146.8798828125
7828,422.13232421875
7829,461.5390625
7830,-1533.7998046875
7831,112.573974609375
7832,364.70068359375
7833,520.833251953125
7834,-212.007568359375
7835,113.5244140625
7836,499.956787109375
7837,198.596435546875
7838,6227.02587890625
7839,182.380859375
7840,158.28271484375
7841,233.025146484375
7842,523.945068359375
7843,-265.0244140625
7844,422.6328125
7845,337.24340820312506
7846,404.958984375
7847,-207.188232421875
7848,19.49951171875
7849,803.783935546875
7850,-320.851318359375
7851,332.481689453125
7852,381.7734375
7853,-517.42431640625
7854,-379.10009765625
7855,234.658203125
7856,-388.280517578125
7857,264.606689453125
7858,50.45947265625
7859,-731.1708984375
7860,394.372314453125
7861,-1032.291748046875
7862,1120.15234375
7863,-509.44482421875
7864,542.971435546875
7865,749.77734375
7866,778.206787109375
7867,213.00488281249997
7868,435.71240234375
7869,451.43701171875
7870,151.644287109375
7871,239.08837890625
7872,532.391357421875
7873,365.478271484375
7874,4080.624267578125
7875,179.688232421875
7876,1761.2265625
7877,1203.72705078125
7878,-997.060302734375
7879,-764.41552734375
7880,-26.201416015625
7881,1263.275634765625
7882,-917.052001953125
7883,11.77099609375
7884,390.888916015625
7885,-410.515380859375
7886,43.4150390625
7887,961.97216796875
7888,-366.00146484375
7889,-316.63134765625006
7890,97.32934570312499
7891,729.327392578125
7892,681.43115234375
7893,520.4140625
7894,-714.88671875
7895,874.19970703125
7896,261.983154296875
7897,450.193603515625
7898,-271.813720703125
7899,833.13427734375
7900,322.04443359375
7901,848.746337890625
7902,-654.289794921875
7903,-69.63427734375
7904,471.4033203125
7905,366.22314453125
7906,-1957.900146484375
7907,-876.180908203125
7908,362.73876953125
7909,617.62451171875
7910,1564.30859375
7911,2022.7145996093752
7912,-149.5927734375
7913,276.63037109375
7914,571.1650390625
7915,522.535400390625
7916,406.24267578125
7917,359.3837890625
7918,591.78076171875
7919,837.3369140625
7920,131.179443359375
7921,-241.00781250000003
7922,486.3916015625
7923,586.41748046875
7924,300.531494140625
7925,260.12158203125
7926,599.984375
7927,541.534423828125
7928,57.570556640625
7929,30.2119140625
7930,503.06689453125006
7931,-1150.005126953125
7932,-1195.66015625
7933,327.36962890625
7934,464.827392578125
7935,-1064.453857421875
7936,-1072.087158203125
7937,1119.550048828125
7938,498.40039062500006
7939,49.705810546875
7940,-159.2021484375
7941,-179.244140625
7942,-336.42724609375
7943,-275.5810546875
7944,-56.5400390625
7945,-212.20361328124997
7946,1941.48681640625
7947,568.7314453125
7948,-416.4345703125
7949,833.8662109374999
7950,-863.0861816406251
7951,1223.638916015625
7952,-1022.449951171875
7953,954.161865234375
7954,-942.111083984375
7955,603.51513671875
7956,-349.9599609375
7957,-922.219482421875
7958,109.269287109375
7959,210.01171875
7960,-274.45263671875
7961,-990.802490234375
7962,275.50830078125
7963,315.005126953125
7964,-769.8398437499999
7965,-1118.601806640625
7966,369.77197265625
7967,900.646728515625
7968,243.4833984375
7969,1094.281005859375
7970,-47.556884765625
7971,1020.319580078125
7972,374.991943359375
7973,-857.925048828125
7974,-524.257080078125
7975,-427.98706054687506
7976,874.98095703125
7977,357.212646484375
7978,1050.10302734375
7979,1182.5686035156248
7980,1010.53466796875
7981,552.377685546875
7982,288.901123046875
7983,776.97802734375
7984,716.1318359375
7985,-462.034423828125
7986,-444.01416015625
7987,1398.280029296875
7988,383.121337890625
7989,-384.413818359375
7990,-277.397705078125
7991,387.37353515625
7992,-3.6884765624999996
7993,-332.001953125
7994,-4.787353515625
7995,-178.39404296875
7996,662.84033203125
7997,-763.0068359374999
7998,15.58349609375
7999,-67.178955078125
8000,109.616455078125
8001,-1929.8244628906248
8002,530.80908203125
8003,-418.70483398437506
8004,393.09765625
8005,657.864501953125
8006,265.142822265625
8007,-300.78515625000006
8008,294.31689453125
8009,885.956787109375
8010,-6.40234375
8011,4004.060546875
8012,115.2197265625
8013,-29.35693359375
8014,409.614013671875
8015,4015.3603515625
8016,75.033447265625
8017,76.9873046875
8018,-751.384765625
8019,4163.821533203125
8020,-1438.392578125
8021,2721.69873046875
8022,1975.852783203125
8023,535.015869140625
8024,-1565.98974609375
8025,2796.8945312500005
8026,2052.80078125
8027,995.453125
8028,-1663.9892578125
8029,-94.052490234375
8030,528.8134765625
8031,687.980224609375
8032,145.1796875
8033,-51.90625
8034,697.2529296875
8035,754.6474609374999
8036,73.043212890625
8037,-748.628662109375
8038,413.456787109375
8039,-381.34326171874994
8040,-180.145263671875
8041,-571.645263671875
8042,181.647705078125
8043,-333.274658203125
8044,-305.73706054687506
8045,408.96875
8046,203.80517578125
8047,220.319580078125
8048,-1624.768310546875
8049,-72.722900390625
8050,-606.411865234375
8051,-657.8852539062499
8052,-1741.1774902343748
8053,-97.198974609375
8054,3201.5275878906255
8055,5734.384765625
8056,1647.22265625
8057,3685.4130859375
8058,-1226.590576171875
8059,134.984619140625
8060,369.548828125
8061,3447.38037109375
8062,-1280.229248046875
8063,-418.306396484375
8064,-348.423583984375
8065,1290.17138671875
8066,-74.44677734375
8067,-298.60302734375
8068,-757.7468261718749
8069,612.424560546875
8070,-225.81982421875
8071,-244.13671875
8072,510.302734375
8073,1074.087890625
8074,-493.410888671875
8075,589.792724609375
8076,399.0751953125
8077,890.601318359375
8078,-304.7421875
8079,592.22119140625
8080,454.6083984375
8081,576.032958984375
8082,-296.21044921875
8083,-346.720703125
8084,-522.118408203125
8085,-516.25341796875
8086,1249.0537109375
8087,67.53564453125
8088,-276.686279296875
8089,-613.4804687500001
8090,99.376953125
8091,146.98828125
8092,-450.90722656249994
8093,152.6826171875
8094,126.90966796875
8095,3529.1079101562505
8096,-670.908203125
8097,218.3271484375
8098,153.933837890625
8099,539.510009765625
8100,-1260.05419921875
8101,759.5830078125001
8102,-313.508056640625
8103,-803.111328125
8104,1244.9863281250002
8105,629.0344238281251
8106,-439.083984375
8107,-792.134521484375
8108,960.0449218749999
8109,887.19091796875
8110,637.1052246093751
8111,244.84448242187503
8112,132.509033203125
8113,-1686.3154296875
8114,337.983154296875
8115,337.921142578125
8116,226.94189453125
8117,17.115478515625
8118,439.877197265625
8119,42.47412109375
8120,33.900146484375
8121,444.77099609375
8122,688.1298828125
8123,360.298095703125
8124,-78.020751953125
8125,726.10498046875
8126,29.185791015625
8127,136.776611328125
8128,-442.066162109375
8129,137.163330078125
8130,503.234619140625
8131,3081.61181640625
8132,-201.0615234375
8133,322.197265625
8134,513.90185546875
8135,268.311279296875
8136,1030.61328125
8137,575.3623046875
8138,502.220458984375
8139,-615.18310546875
8140,273.096923828125
8141,185.830810546875
8142,776.09814453125
8143,-755.61279296875
8144,-40.48291015625
8145,-390.246337890625
8146,-289.892578125
8147,1189.00830078125
8148,210.798583984375
8149,5514.853271484375
8150,-571.67626953125
8151,1160.125732421875
8152,288.521484375
8153,-798.22607421875
8154,-1213.6572265625
8155,-1036.413818359375
8156,1199.8994140625
8157,788.29833984375
8158,672.624755859375
8159,-770.9326171875
8160,1208.652099609375
8161,972.15283203125
8162,110.224365234375
8163,1233.277587890625
8164,-293.4658203125
8165,1279.0644531249998
8166,733.640869140625
8167,795.264404296875
8168,-819.66845703125
8169,1228.7919921875
8170,858.6953125
8171,-237.654296875
8172,-542.292724609375
8173,-431.541015625
8174,663.5087890625
8175,808.0808105468749
8176,2390.064453125
8177,-194.54248046875
8178,843.57470703125
8179,656.275146484375
8180,-329.70947265625
8181,-230.216796875
8182,-724.49560546875
8183,545.522705078125
8184,705.171142578125
8185,3427.918212890625
8186,-388.511962890625
8187,500.584228515625
8188,696.88916015625
8189,-746.792724609375
8190,-164.7841796875
8191,1611.2587890625
8192,-272.396240234375
8193,-1080.9990234375
8194,717.074951171875
8195,-127.348388671875
8196,-214.82836914062503
8197,-941.01806640625
8198,-887.613037109375
8199,828.7509765625
8200,-115.62353515625
8201,-117.34375000000001
8202,-568.162841796875
8203,-221.231689453125
8204,-304.524169921875
8205,-155.744873046875
8206,-587.73388671875
8207,362.728759765625
8208,-698.98193359375
8209,-320.201904296875
8210,-44.269287109375
8211,584.58251953125
8212,565.546630859375
8213,431.121337890625
8214,-13.318115234375
8215,783.600341796875
8216,424.16357421874994
8217,682.6982421875001
8218,170.33251953125
8219,971.2499999999999
8220,-942.66552734375
8221,-77.01953125
8222,-125.0341796875
8223,1034.41748046875
8224,-1024.5966796875
8225,-720.153076171875
8226,1394.35986328125
8227,488.1328125
8228,-238.32958984375
8229,64.101806640625
8230,-225.15869140624997
8231,443.234619140625
8232,-150.804443359375
8233,195.561767578125
8234,1460.821533203125
8235,-2053.80908203125
8236,2486.108642578125
8237,-1108.96630859375
8238,-1005.31201171875
8239,344.54296875
8240,2765.446533203125
8241,-1137.90771484375
8242,-1118.1123046875
8243,-225.45947265625006
8244,1616.48046875
8245,-509.085693359375
8246,-1073.917724609375
8247,71.3330078125
8248,-565.470703125
8249,334.40771484375
8250,-1001.1865234374999
8251,149.31689453125
8252,-11.677001953125
8253,1418.115966796875
8254,-782.441650390625
8255,2110.66552734375
8256,1962.015625
8257,2034.641357421875
8258,-857.4233398437499
8259,1821.654052734375
8260,1898.50341796875
8261,-1165.830322265625
8262,-377.336181640625
8263,733.827880859375
8264,-1262.310302734375
8265,-162.743896484375
8266,957.02392578125
8267,-309.836669921875
8268,-1218.64453125
8269,-23.124267578125
8270,444.93310546874994
8271,799.8623046875
8272,-300.0380859375
8273,41.443603515625
8274,32.808837890625
8275,-44.42138671875
8276,-269.722412109375
8277,92.436279296875
8278,102.81884765625
8279,-32.50732421875
8280,-451.54931640625
8281,868.115966796875
8282,-756.60498046875
8283,608.3095703125
8284,-534.233642578125
8285,915.116455078125
8286,-764.069091796875
8287,601.87109375
8288,2761.50146484375
8289,187.652587890625
8290,-45.318359375
8291,-994.4541015625
8292,-834.148193359375
8293,-710.589599609375
8294,561.080078125
8295,-700.2294921875
8296,-907.255615234375
8297,-1484.6513671875
8298,-823.102783203125
8299,-340.604736328125
8300,796.77978515625
8301,618.424072265625
8302,1912.119873046875
8303,-538.638427734375
8304,704.9741210937501
8305,585.743408203125
8306,154.678955078125
8307,-184.36865234375
8308,-538.484619140625
8309,856.24169921875
8310,869.93359375
8311,3927.707763671875
8312,-541.93505859375
8313,939.7204589843751
8314,941.865478515625
8315,-729.033447265625
8316,-469.273681640625
8317,-1636.506591796875
8318,-187.61767578125
8319,263.67919921875
8320,-517.64697265625
8321,-256.6240234375
8322,-238.41650390625
8323,250.098876953125
8324,-97.461181640625
8325,-365.673583984375
8326,175.218505859375
8327,329.226806640625
8328,-424.983154296875
8329,332.059326171875
8330,909.9328613281249
8331,305.078369140625
8332,-533.4306640625
8333,-1118.219970703125
8334,949.179443359375
8335,-431.6220703125
8336,-80.61328125
8337,-92.503662109375
8338,-948.046630859375
8339,450.19677734375
8340,-118.607666015625
8341,56.13671875
8342,4210.9453125
8343,-135.86962890625
8344,1118.994140625
8345,-349.1591796875
8346,-373.298583984375
8347,410.16162109375
8348,1155.9951171875
8349,-462.648193359375
8350,-170.68798828125
8351,-1379.615966796875
8352,1312.9892578125
8353,-3.67041015625
8354,-13.3193359375
8355,1823.55419921875
8356,112.341064453125
8357,602.645751953125
8358,-30.719726562500004
8359,1762.775146484375
8360,107.408203125
8361,54.587158203125
8362,-484.013427734375
8363,-58.26318359375001
8364,213.8134765625
8365,42.35620117187499
8366,837.385986328125
8367,89.455810546875
8368,368.67578125
8369,-949.888671875
8370,463.11767578125
8371,-747.7802734375
8372,5973.006103515625
8373,5502.326904296875
8374,862.957275390625
8375,-1458.908935546875
8376,5698.935791015625
8377,5271.543212890625
8378,641.24267578125
8379,-1341.7080078125
8380,181.127685546875
8381,-351.281494140625
8382,-1021.68798828125
8383,-832.918701171875
8384,1012.921875
8385,-411.83984375
8386,-779.57470703125
8387,1442.138427734375
8388,-532.740234375
8389,135.828857421875
8390,-230.873779296875
8391,363.41259765625
8392,-1197.501708984375
8393,161.900390625
8394,-222.0615234375
8395,169.70996093749997
8396,1511.94970703125
8397,128.90087890625
8398,764.621826171875
8399,-386.54833984374994
8400,-458.347412109375
8401,710.60888671875
8402,613.252685546875
8403,-263.69580078125
8404,-488.5185546875
8405,-335.72705078125
8406,847.647705078125
8407,-244.679443359375
8408,238.02709960937503
8409,686.244873046875
8410,1349.840576171875
8411,-2022.918212890625
8412,107.10815429687501
8413,875.760986328125
8414,14.092041015625002
8415,-747.814697265625
8416,206.108642578125
8417,-3.1325683593750036
8418,-81.58154296875
8419,-473.10595703124994
8420,176.50341796875
8421,5.60009765625
8422,-82.49658203125
8423,939.5498046875
8424,173.016357421875
8425,-637.589599609375
8426,952.66162109375
8427,1501.97509765625
8428,516.438720703125
8429,-732.36767578125
8430,1050.708251953125
8431,1440.22998046875
8432,8.957275390625
8433,-963.62060546875
8434,1342.6733398437498
8435,-449.064697265625
8436,-633.75537109375
8437,-39.496826171875
8438,1283.2250976562498
8439,-540.87646484375
8440,-723.04052734375
8441,-67.634521484375
8442,1438.779052734375
8443,-140.20361328125
8444,110.49560546875
8445,433.168212890625
8446,1761.60888671875
8447,-305.12646484375
8448,141.612060546875
8449,368.841064453125
8450,37.53076171875
8451,108.408203125
8452,-468.106689453125
8453,-455.70654296875
8454,1376.414794921875
8455,-345.954345703125
8456,495.62841796875
8457,-392.877685546875
8458,1255.37451171875
8459,332.1318359375
8460,13.774658203125
8461,-721.445068359375
8462,1459.145263671875
8463,1350.873291015625
8464,-628.450439453125
8465,-344.222412109375
8466,1589.302001953125
8467,1213.998779296875
8468,379.3671875
8469,241.2783203125
8470,915.0126953125
8471,-786.572998046875
8472,42.21069335937499
8473,3216.5380859375
8474,-720.9614257812501
8475,-809.6274414062501
8476,99.33422851562499
8477,484.370361328125
8478,429.369384765625
8479,421.904296875
8480,-891.580322265625
8481,-456.466552734375
8482,330.941650390625
8483,965.0400390625
8484,-878.441162109375
8485,-257.5673828125
8486,-21.474365234375
8487,1262.0244140625002
8488,452.854248046875
8489,-157.06909179687497
8490,-244.202880859375
8491,1661.43359375
8492,173.840087890625
8493,-412.0888671875
8494,-223.455322265625
8495,-187.0576171875
8496,763.328369140625
8497,1658.25537109375
8498,1776.3115234375
8499,-947.9111328125
8500,185.744140625
8501,-222.74536132812497
8502,1612.552001953125
8503,-765.82373046875
8504,-15.08837890625
8505,-19.534423828125
8506,65.700927734375
8507,348.642822265625
8508,483.841064453125
8509,-45.299560546875
8510,82.03613281249999
8511,338.658935546875
8512,387.8447265625
8513,5.267333984375
8514,-157.810546875
8515,580.116455078125
8516,544.6328125
8517,-1185.377197265625
8518,-232.41455078125
8519,2.24658203125
8520,504.578125
8521,-1241.4287109375
8522,-194.640625
8523,53.814697265625
8524,-770.491943359375
8525,1501.336669921875
8526,1148.689208984375
8527,-302.069580078125
8528,-462.775146484375
8529,1699.823974609375
8530,1168.90087890625
8531,2870.9421386718755
8532,2056.69287109375
8533,-2.17529296875
8534,-333.832275390625
8535,533.689453125
8536,527.089599609375
8537,270.07861328125
8538,-608.36474609375
8539,649.967041015625
8540,257.973388671875
8541,274.09228515625
8542,3147.568603515625
8543,-2473.568603515625
8544,-2445.5615234375
8545,-149.582275390625
8546,2939.2285156250005
8547,-2489.680419921875
8548,-2431.48193359375
8549,-495.5166015625
8550,3458.921875
8551,-592.25537109375
8552,-169.836181640625
8553,-41.26025390625
8554,301.8564453125
8555,-472.32373046874994
8556,-187.60742187499997
8557,-173.204345703125
8558,-363.253173828125
8559,-495.632568359375
8560,1098.923095703125
8561,-386.59008789062494
8562,-862.63818359375
8563,1282.803955078125
8564,690.167724609375
8565,-317.079833984375
8566,-734.288818359375
8567,114.5126953125
8568,806.281982421875
8569,820.9138183593749
8570,-995.899658203125
8571,-881.854736328125
8572,-562.40625
8573,630.755126953125
8574,-980.6689453125
8575,-993.28466796875
8576,-565.49072265625
8577,817.400390625
8578,627.617431640625
8579,-798.02001953125
8580,-680.06689453125
8581,811.6823730468751
8582,657.91259765625
8583,-711.7468261718749
8584,-853.3203125
8585,-463.50537109375
8586,385.11962890625
8587,-251.288330078125
8588,1187.104736328125
8589,596.5058593750001
8590,-747.9392089843749
8591,-671.427734375
8592,1236.8203125
8593,672.441650390625
8594,188.71044921875
8595,716.2204589843751
8596,1309.232421875
8597,-610.391845703125
8598,-314.841552734375
8599,-1421.108642578125
8600,-1178.87744140625
8601,-595.3857421875
8602,-276.843505859375
8603,287.97607421875
8604,245.12158203125
8605,-240.658203125
8606,-184.366455078125
8607,1423.37646484375
8608,-549.913818359375
8609,-39.845458984375
8610,-266.056396484375
8611,1192.1640625
8612,3257.5942382812505
8613,3163.760498046875
8614,-249.784912109375
8615,658.26318359375
8616,13.42724609375
8617,-418.69384765625
8618,-284.93017578125
8619,284.940673828125
8620,-87.105712890625
8621,55.0498046875
8622,-135.76708984375
8623,102.983642578125
8624,252.080810546875
8625,346.43505859375
8626,-1031.7216796875
8627,-103.34936523437503
8628,471.572021484375
8629,129.44677734375
8630,-629.9990234375
8631,55.4970703125
8632,70.573974609375
8633,-214.49536132812497
8634,83.0400390625
8635,3990.73388671875
8636,-94.859375
8637,-108.3603515625
8638,20.954345703125
8639,-1067.27734375
8640,61.318115234375
8641,4216.68896484375
8642,2036.937744140625
8643,-1931.840087890625
8644,-70.861083984375
8645,1985.287109375
8646,2072.54541015625
8647,-1953.6301269531252
8648,-739.224365234375
8649,3220.423828125
8650,156.2490234375
8651,717.441650390625
8652,805.120361328125
8653,-513.5380859375
8654,-261.566650390625
8655,717.541259765625
8656,942.76318359375
8657,918.775146484375
8658,1355.8498535156248
8659,435.458251953125
8660,-953.60986328125
8661,-687.447998046875
8662,563.89794921875
8663,20.74462890625
8664,-978.020751953125
8665,-588.7275390625
8666,31.517822265625004
8667,29.591552734374996
8668,268.686279296875
8669,437.85107421875
8670,-289.434814453125
8671,-621.96337890625
8672,-199.4658203125
8673,473.218994140625
8674,-224.50732421875
8675,-234.498779296875
8676,-108.822509765625
8677,606.916259765625
8678,-611.43701171875
8679,798.759033203125
8680,727.152587890625
8681,858.9550781250001
8682,-581.240966796875
8683,685.8398437499999
8684,442.35864257812506
8685,833.51806640625
8686,441.45263671875
8687,183.894775390625
8688,25.91943359375
8689,496.171630859375
8690,187.46948242187503
8691,321.699951171875
8692,-42.154052734375
8693,-230.15673828125
8694,-247.326171875
8695,-453.984619140625
8696,1258.7373046875
8697,1435.021484375
8698,700.00732421875
8699,-588.049072265625
8700,1485.3642578125
8701,1276.38134765625
8702,109.054931640625
8703,-479.27880859375006
8704,1106.591796875
8705,2378.2368164062505
8706,-150.2392578125
8707,409.86767578125
8708,-801.711669921875
8709,2402.289794921875
8710,-156.144287109375
8711,741.83056640625
8712,-972.747314453125
8713,-75.60107421875
8714,49.372314453124986
8715,837.706298828125
8716,-249.238037109375
8717,-193.0009765625
8718,118.072265625
8719,892.7817382812501
8720,1557.5341796875
8721,6278.864746093751
8722,-21.902099609375
8723,-66.869873046875
8724,17.51318359375
8725,674.49658203125
8726,-211.73559570312497
8727,132.86474609375
8728,215.947998046875
8729,449.2744140625
8730,1054.285888671875
8731,-39.0888671875
8732,282.669677734375
8733,631.504638671875
8734,306.57080078125
8735,-165.365478515625
8736,195.41748046875
8737,616.5290527343749
8738,-380.37182617187494
8739,-228.570068359375
8740,234.242919921875
8741,-1778.684326171875
8742,-1525.098388671875
8743,-7.507568359374999
8744,204.638671875
8745,-1740.4663085937502
8746,-1486.7451171874998
8747,-291.559814453125
8748,193.663330078125
8749,-290.744873046875
8750,68.99365234375
8751,517.71044921875
8752,135.27880859375
8753,-172.208740234375
8754,236.990234375
8755,339.694580078125
8756,-331.056396484375
8757,48.458251953125
8758,311.068359375
8759,6.91259765625
8760,-72.650146484375
8761,-708.056396484375
8762,32.106689453125
8763,194.129150390625
8764,-61.843505859375
8765,997.082763671875
8766,288.935546875
8767,-1627.0993652343748
8768,1597.732177734375
8769,927.045166015625
8770,-360.803955078125
8771,-915.1494140625
8772,1554.68408203125
8773,871.252685546875
8774,2927.905029296875
8775,-1967.838134765625
8776,-220.763916015625
8777,-570.857666015625
8778,415.72900390625
8779,3294.26708984375
8780,-1798.2517089843752
8781,-423.9609375
8782,588.540283203125
8783,-74.781494140625
8784,1722.21728515625
8785,-416.36328125
8786,-471.865234375
8787,-482.07080078125
8788,-60.913330078125
8789,-168.255859375
8790,-393.702392578125
8791,-418.367919921875
8792,6.537841796875
8793,-204.527587890625
8794,-351.633544921875
8795,-188.476806640625
8796,-8.7021484375
8797,631.10400390625
8798,-307.46630859375
8799,-30.775634765625004
8800,40.883544921875
8801,68.84570312499997
8802,-451.6201171875
8803,-403.042236328125
8804,1502.969482421875
8805,1236.688232421875
8806,3252.2333984375
8807,2538.34765625
8808,1462.8916015625
8809,1269.570556640625
8810,-482.940185546875
8811,-360.57861328125
8812,851.557373046875
8813,1065.18701171875
8814,-527.89501953125
8815,641.8330078125
8816,543.413818359375
8817,1076.925048828125
8818,-488.6962890625
8819,-986.139892578125
8820,-1008.9765625
8821,3400.3764648437505
8822,2731.37109375
8823,15.18286132812501
8824,862.1494140625
8825,651.833740234375
8826,2690.0297851562505
8827,-219.640380859375
8828,-993.3979492187499
8829,-1201.3974609375
8830,-139.61279296875
8831,96.038818359375
8832,32.355224609375
8833,395.459228515625
8834,135.032958984375
8835,225.75439453125
8836,159.197998046875
8837,-28.22265625
8838,185.98779296875
8839,201.591796875
8840,1594.589599609375
8841,1544.084228515625
8842,1438.387939453125
8843,86.1865234375
8844,1830.0947265625
8845,1624.685546875
8846,134.864990234375
8847,-258.330322265625
8848,-1434.368408203125
8849,-1150.909423828125
8850,3191.60888671875
8851,-530.72021484375
8852,288.849609375
8853,-1413.684814453125
8854,3238.5224609375005
8855,-83.679443359375
8856,116.21386718750001
8857,192.34619140625
8858,-71.3203125
8859,61.89379882812501
8860,-75.22119140625
8861,243.625
8862,-83.940673828125
8863,160.12011718750003
8864,2938.318115234375
8865,133.69970703125
8866,64.784912109375
8867,74.6630859375
8868,68.72900390625
8869,17.961181640625
8870,55.256103515625
8871,9.582031249999998
8872,1.659912109375
8873,-949.35546875
8874,109.548583984375
8875,78.25561523437499
8876,-132.5615234375
8877,-115.26220703125
8878,163.5029296875
8879,-143.08837890625
8880,-84.0068359375
8881,-110.798095703125
8882,-145.391845703125
8883,-714.3620605468751
8884,221.56787109375
8885,1096.705810546875
8886,283.371337890625
8887,-1515.37158203125
8888,-1625.873779296875
8889,972.991455078125
8890,47.82958984375
8891,675.4892578125
8892,284.912841796875
8893,133.263427734375
8894,906.190673828125
8895,-1174.9267578125
8896,182.788818359375
8897,387.4443359375
8898,723.2436523437499
8899,-1184.902099609375
8900,383.997802734375
8901,296.0283203125
8902,-482.996826171875
8903,-41.08056640624999
8904,12.305419921875
8905,3941.792724609375
8906,-258.790771484375
8907,-191.5810546875
8908,85.15942382812501
8909,-741.7509765625
8910,-394.248046875
8911,-302.783447265625
8912,-155.259521484375
8913,1918.3203125000002
8914,-228.409912109375
8915,352.43505859375
8916,-104.90966796875
8917,1530.7197265625
8918,-149.5166015625
8919,-131.708740234375
8920,-1590.721923828125
8921,-1243.5166015625
8922,1432.303466796875
8923,50.32812499999999
8924,520.79052734375
8925,-1210.880859375
8926,1435.028564453125
8927,-165.103759765625
8928,480.83935546875
8929,-511.736572265625
8930,-2472.515380859375
8931,480.6787109375
8932,558.61328125
8933,-471.68579101562506
8934,-2339.9091796875
8935,451.796875
8936,-399.640625
8937,823.783935546875
8938,-340.3525390625
8939,828.7277832031249
8940,702.770263671875
8941,988.14404296875
8942,-328.03515625000006
8943,845.34130859375
8944,734.156005859375
8945,-333.069580078125
8946,-257.19970703125
8947,248.201416015625
8948,170.753173828125
8949,-118.102783203125
8950,-344.665283203125
8951,-416.516357421875
8952,56.14062499999999
8953,-40.752685546875
8954,765.846435546875
8955,-40.64672851562501
8956,207.7275390625
8957,834.88134765625
8958,-1071.00048828125
8959,498.71630859375
8960,206.19873046875
8961,683.22216796875
8962,-973.14453125
8963,-1374.1025390625002
8964,15.440673828125
8965,19.642333984374996
8966,797.71533203125
8967,-417.735595703125
8968,104.7255859375
8969,599.90576171875
8970,824.921142578125
8971,-362.01806640625
8972,-275.084716796875
8973,-195.50488281249997
8974,41.943115234375
8975,-277.455810546875
8976,-89.430908203125
8977,539.2421875
8978,363.236328125
8979,-190.45166015625
8980,126.19091796875
8981,1376.64111328125
8982,543.55859375
8983,-439.98681640625
8984,535.215576171875
8985,491.56298828125
8986,-567.632080078125
8987,602.249755859375
8988,349.815185546875
8989,626.7734375
8990,3496.678955078125
8991,-3.90625
8992,-452.194091796875
8993,158.518798828125
8994,73.142578125
8995,1041.35498046875
8996,-742.97216796875
8997,44.795166015625
8998,211.96875
8999,-527.259033203125
9000,-212.76611328125
