iteration,energy
1,-0.497314453125
2,-3.981689453125
3,0.239990234375
4,1.507568359375
5,1.783203125
6,-0.30224609375
7,-2.784423828125
8,-1.8989257812499998
9,-1.3334960937500002
10,3.007080078125
11,4.561767578125
12,1.568359375
13,0.9997558593750001
14,-4.125732421875
15,1.326904296875
16,-1.3725585937500002
17,-0.78564453125
18,-0.6179199218750001
19,6.10791015625
20,-2.66455078125
21,0.6828613281249999
22,0.43212890625
23,-1.9145507812499998
24,0.357177734375
25,2.690185546875
26,3.594970703125
27,0.2529296875
28,-3.011474609375
29,-1.524169921875
30,0.395263671875
31,-1.569091796875
32,-7.31689453125
33,-7.005859375000001
34,-1.250732421875
35,0.7353515625
36,-6.877197265625
37,-4.70751953125
38,-7.080322265625
39,-0.5788574218750001
40,-4.720703124999999
41,-4.31689453125
42,-2.6826171875000004
43,1.373046875
44,0.8488769531249999
45,-1.5991210937500002
46,-1.905517578125
47,-5.318115234375
48,-3.043701171875
49,-1.936767578125
50,2.522705078125
51,-3.96826171875
52,-0.1630859375
53,1.2758789062499998
54,2.362548828125
55,2.8857421875000004
56,-2.61474609375
57,0.9665527343750001
58,2.112060546875
59,3.28662109375
60,-1.5454101562499998
61,-2.932861328125
62,-3.429443359375
63,3.040771484375
64,1.774658203125
65,-2.804931640625
66,-1.112548828125
67,1.479248046875
68,6.791259765625
69,-3.8203125
70,3.11962890625
71,0.178955078125
72,6.3388671875
73,1.545654296875
74,0.94580078125
75,-2.9755859375000004
76,1.651611328125
77,6.605712890625001
78,-4.449951171875
79,-2.52587890625
80,-2.7021484375000004
81,6.487548828125
82,-2.291259765625
83,-0.7707519531249999
84,-0.06005859375
85,-2.25048828125
86,-1.799072265625
87,-2.4189453124999996
88,-0.004150390625
89,0.038330078125
90,0.47802734375
91,-1.819091796875
92,1.537109375
93,1.650634765625
94,-2.175537109375
95,-3.727294921875
96,-3.780517578125
97,1.934814453125
98,0.058349609375
99,0.198486328125
100,-7.648681640625001
101,2.344482421875
102,-0.198974609375
103,-3.349365234375
104,-6.574951171875
105,0.054443359375
106,2.630126953125
107,3.2734375
108,-5.7734375
109,-16.302001953125
110,3.021728515625
111,1.686279296875
112,-0.1796875
113,-16.46484375
114,2.635986328125
115,-1.6850585937500002
116,0.070068359375
117,-11.148925781250002
118,-12.48583984375
119,-0.091796875
120,-0.6279296875
121,-1.00537109375
122,-11.131103515625002
123,5.873046875000001
124,5.621337890625001
125,1.025390625
126,-15.3203125
127,-3.42041015625
128,4.166259765625
129,1.995849609375
130,0.6667480468750001
131,-5.312255859374999
132,-1.0234375
133,-1.97265625
134,-4.737060546875
135,-9.2236328125
136,-16.4873046875
137,3.31787109375
138,2.40869140625
139,0.571533203125
140,-17.047119140625
141,3.49267578125
142,0.97998046875
143,1.2133789062499998
144,-16.665771484375
145,-17.326171875
146,4.2275390625
147,0.03271484375
148,-2.05810546875
149,-14.82373046875
150,7.26611328125
151,2.49951171875
152,4.117431640625
153,-18.195068359375
154,-7.326171875000001
155,2.557373046875
156,2.370361328125
157,3.627197265625
158,-4.9560546875
159,7.5869140625
160,0.9943847656249999
161,-0.388916015625
162,-9.160400390625
163,-5.56640625
164,4.12548828125
165,4.220947265625
166,0.6979980468750001
167,-4.5166015625
168,2.2265625
169,-0.9846191406249999
170,1.9111328125
171,-6.615234375000001
172,-10.321533203125
173,2.44873046875
174,4.43896484375
175,2.017822265625
176,-1.6865234375
177,0.328125
178,3.209228515625
179,0.088134765625
180,-7.58984375
181,-16.53955078125
182,4.809326171875
183,2.869873046875
184,-3.626708984375
185,-12.534423828125
186,9.19775390625
187,2.04833984375
188,2.198974609375
189,-5.950439453125
190,-2.47509765625
191,-0.576416015625
192,1.0400390625
193,-3.664306640625
194,-4.639404296875
195,3.489013671875
196,2.53271484375
197,-2.314453125
198,-1.07080078125
199,2.212158203125
200,0.26220703125
201,-4.052734375
202,1.234619140625
203,2.81103515625
204,-0.297119140625
205,3.529052734375
206,-1.147216796875
207,-4.530517578125
208,4.343017578125
209,-3.66796875
210,-0.25048828125
211,0.595703125
212,0.290283203125
213,-2.735107421875
214,1.158203125
215,-0.324951171875
216,1.2109375
217,7.92626953125
218,-0.6306152343750001
219,-4.301513671875
220,-0.8388671875
221,5.15283203125
222,-0.116455078125
223,-1.6357421875
224,-2.213134765625
225,2.97265625
226,14.83935546875
227,-9.947998046875
228,-6.1328125
229,1.480712890625
230,1.548828125
231,-9.90869140625
232,0.16943359375
233,-4.37939453125
234,-3.306884765625
235,-9.228271484374998
236,-12.6083984375
237,0.476806640625
238,8.326171875
239,5.220947265625
240,-16.16455078125
241,0.4716796875
242,-6.63720703125
243,-1.8911132812499998
244,-1.6259765625
245,-1.510498046875
246,0.017578125
247,-2.46875
248,-6.36962890625
249,-2.380126953125
250,1.957763671875
251,1.711669921875
252,2.956787109375
253,-5.32861328125
254,-10.129638671875
255,2.293212890625
256,-5.85595703125
257,-6.91259765625
258,-10.809814453125
259,4.41748046875
260,1.033203125
261,3.325927734375
262,-12.8388671875
263,-1.789306640625
264,2.08544921875
265,7.849853515625
266,9.0458984375
267,-3.313720703125
268,-0.384033203125
269,-4.48193359375
270,-4.7119140625
271,-1.752197265625
272,-9.748291015625002
273,2.327392578125
274,-5.945556640625001
275,-0.151123046875
276,-6.186767578125
277,0.912109375
278,1.828857421875
279,6.547607421875
280,-18.1875
281,-15.886474609375
282,1.659912109375
283,-5.8447265625
284,-0.52978515625
285,-14.128662109375
286,3.24853515625
287,3.228271484375
288,0.6291503906249999
289,-5.613525390625001
290,-23.131591796875004
291,3.524658203125
292,8.569091796875
293,10.703857421875
294,-24.368408203124996
295,-0.81982421875
296,-6.476806640625001
297,-4.28076171875
298,0.31396484375000006
299,-3.218505859375
300,0.4599609375
301,-3.994384765625
302,-5.732177734375
303,-1.4868164062499998
304,-1.517333984375
305,-0.7468261718750001
306,2.22265625
307,-6.29638671875
308,-8.036376953125
309,3.271728515625
310,-4.444580078125
311,-6.065673828125
312,-4.440185546875
313,-2.687255859375
314,0.08203125
315,0.01025390625
316,-11.0595703125
317,-7.516357421875
318,2.51806640625
319,1.537841796875
320,-6.913818359374999
321,-7.198486328125
322,2.83447265625
323,-3.049072265625
324,-4.069091796875
325,-13.073486328125
326,-1.558349609375
327,3.485595703125
328,-0.9123535156249999
329,-11.234863281250002
330,-6.35205078125
331,0.403076171875
332,-1.120361328125
333,-10.393310546875
334,-4.21923828125
335,-0.6091308593750001
336,2.5341796875000004
337,-0.576416015625
338,-6.480224609374999
339,2.47998046875
340,0.01220703125
341,-0.452392578125
342,-0.4580078125
343,-6.56005859375
344,-2.80224609375
345,-0.66259765625
346,0.335205078125
347,-6.16259765625
348,3.755859375
349,0.6936035156249999
350,1.675537109375
351,-7.51025390625
352,-12.97509765625
353,1.5634765625
354,2.621337890625
355,2.117919921875
356,-18.3876953125
357,1.6245117187500002
358,0.096923828125
359,-4.0517578125
360,-13.281982421875
361,-6.97021484375
362,-1.773681640625
363,-0.367431640625
364,-1.9013671875
365,-14.68603515625
366,-2.934814453125
367,1.2612304687500002
368,0.55224609375
369,-11.547119140625
370,-14.491455078125
371,-1.420654296875
372,-0.9716796875
373,-0.9987792968750001
374,-14.746826171875
375,0.273193359375
376,-1.551025390625
377,-1.1640625
378,-7.80029296875
379,-17.89013671875
380,4.68408203125
381,6.31884765625
382,-2.830322265625
383,-14.273193359375
384,6.686279296875
385,7.31982421875
386,2.83251953125
387,-13.206787109375
388,-26.33740234375
389,2.7626953124999996
390,0.962890625
391,2.6767578124999996
392,-24.581298828125
393,4.394287109375
394,3.3037109375000004
395,-6.992431640625001
396,-21.784423828125
397,-10.405761718749998
398,3.6103515624999996
399,5.254150390625001
400,-5.178466796875
401,-13.034912109375
402,3.4951171875000004
403,4.5966796875
404,2.8271484375000004
405,-11.976074218749998
406,-23.51708984375
407,2.9189453124999996
408,0.308349609375
409,5.278564453125
410,-27.79833984375
411,5.135986328125
412,3.9111328124999996
413,-3.96240234375
414,-27.673583984375
415,-10.379638671875
416,2.1298828125
417,3.21484375
418,-3.038818359375
419,-10.273925781250002
420,2.87255859375
421,3.544677734375
422,-0.6494140625
423,-11.128662109375
424,-11.170654296875
425,2.86376953125
426,4.84228515625
427,-2.131103515625
428,-10.21240234375
429,5.755615234375
430,6.507080078125
431,4.896728515625
432,-12.2958984375
433,-26.728759765625
434,4.187255859375
435,8.77783203125
436,0.033203125
437,-30.3037109375
438,4.323486328125
439,5.289306640625001
440,-0.84814453125
441,-27.978515625
442,-30.590332031250004
443,4.134765625
444,5.318115234375
445,6.64599609375
446,-34.504638671875
447,3.2353515624999996
448,5.4306640625
449,-4.869140624999999
450,-29.951904296875
451,-6.62890625
452,4.89892578125
453,3.795654296875
454,-6.577880859374999
455,-9.626708984374998
456,3.783447265625
457,2.448486328125
458,0.390625
459,-4.216796875
460,-15.508300781250002
461,5.791259765625
462,5.936767578125
463,-2.080810546875
464,-15.7666015625
465,5.029296875000001
466,7.13720703125
467,7.368408203125
468,-10.587158203125
469,-27.95263671875
470,0.458740234375
471,4.254150390625
472,8.0537109375
473,-29.829101562500004
474,1.09423828125
475,4.712646484375
476,-8.828369140625
477,-27.04638671875
478,-4.911865234375
479,3.59228515625
480,5.035400390625001
481,-5.270751953125
482,-5.79638671875
483,7.240478515625
484,5.417724609374999
485,3.22314453125
486,-5.6533203125
487,-20.385986328125
488,8.164306640625
489,8.0986328125
490,-0.10693359375
491,-19.03857421875
492,9.565673828125
493,12.1162109375
494,-0.59375
495,-19.43505859375
496,-24.395263671875
497,5.097412109374999
498,6.41796875
499,-3.76806640625
500,-21.986572265625004
501,9.4111328125
502,8.529541015625
503,0.74560546875
504,-21.726318359375
505,-38.00341796875
506,8.6513671875
507,8.680419921875
508,0.040771484375
509,-44.23681640624999
510,10.255859375
511,11.0751953125
512,-10.463134765625
513,-41.897216796875
514,-18.708984375
515,7.648681640625001
516,14.18603515625
517,-12.913330078125
518,-13.256591796875
519,10.8271484375
520,9.6318359375
521,2.4541015624999996
522,-19.495849609375
523,-45.47314453125001
524,7.218505859374999
525,7.8232421875
526,6.995361328125
527,-47.7998046875
528,7.21875
529,7.73828125
530,-13.036376953125
531,-47.55224609375
532,-7.57568359375
533,6.85693359375
534,7.4677734375
535,-12.361083984374998
536,-6.252197265625
537,5.525146484375
538,7.89892578125
539,3.906982421875
540,-6.7412109375
541,-45.65185546874999
542,9.761718750000002
543,14.955322265625
544,4.69677734375
545,-42.52392578125
546,13.147705078125
547,16.13818359375
548,-9.798583984374998
549,-38.46875
550,-9.532958984374998
551,8.94921875
552,8.385009765625
553,-13.152099609375
554,-4.794677734375
555,6.844482421875
556,7.66455078125
557,6.109130859374999
558,-10.88427734375
559,-44.56494140625
560,6.1513671875
561,10.52783203125
562,11.48291015625
563,-48.32421875
564,3.877197265625
565,8.65087890625
566,-12.80615234375
567,-50.24072265625
568,-0.231689453125
569,3.815673828125
570,1.527099609375
571,-16.260498046875
572,-3.366455078125
573,7.3212890625
574,5.696044921875
575,14.162841796875
576,0.058837890625
577,3.5966796875000004
578,0.070556640625
579,1.5688476562499998
580,11.45947265625
581,4.79931640625
582,-1.268798828125
583,0.580078125
584,-11.7578125
585,0.845703125
586,-21.452392578125
587,6.40478515625
588,8.560791015625
589,-9.185546875
590,-25.248291015625
591,11.560791015625002
592,12.404052734375
593,5.899658203125
594,-20.044921875
595,-50.875
596,10.27685546875
597,12.303955078125
598,9.765380859375
599,-54.6982421875
600,5.650146484375
601,13.112060546875
602,-14.066650390625
603,-54.30224609375
604,-2.133056640625
605,6.035400390625001
606,4.129150390625
607,-18.742431640625
608,-6.856201171875
609,11.5849609375
610,6.039306640625001
611,15.898193359375
612,3.513427734375
613,34.8330078125
614,-1.5710449218749998
615,3.645751953125
616,-5.38720703125
617,9.786865234375
618,-1.5463867187500002
619,5.258056640625001
620,-17.538330078125
621,37.182373046875
622,-25.4130859375
623,10.615966796875
624,0.178466796875
625,28.868408203124996
626,-19.061767578125
627,12.68994140625
628,1.897216796875
629,-21.552734375
630,-42.38256835937501
631,1.6821289062499998
632,-10.6962890625
633,-9.874511718749998
634,-13.3408203125
635,-5.340087890625001
636,-8.15087890625
637,-2.992431640625
638,37.341064453125
639,5.22021484375
640,-31.730224609375
641,26.691162109375
642,22.787841796875004
643,-41.250244140625
644,-50.227294921875
645,23.9892578125
646,20.989013671875
647,0.28930664062499983
648,-29.713134765625
649,-7.9091796875
650,-0.2939453125
651,8.14111328125
652,-1.3354492187500002
653,-17.1806640625
654,0.9709472656249999
655,12.942626953125
656,1.5805664062499998
657,-2.427001953125
658,24.035400390625
659,2.552490234375
660,-2.370117187500001
661,-14.031738281250002
662,3.9443359375000004
663,1.349853515625
664,-0.7880859375
665,5.68115234375
666,10.8798828125
667,-11.59228515625
668,13.8310546875
669,5.475830078125
670,38.808349609375
671,-22.617187500000004
672,6.34716796875
673,7.41845703125
674,-25.1748046875
675,-17.99072265625
676,-11.31005859375
677,-13.978515625
678,4.623291015625
679,6.289306640625001
680,39.684814453125
681,-8.635986328125
682,4.107666015625
683,0.8410644531249999
684,23.09765625
685,-36.776611328125
686,7.034912109374999
687,6.99169921875
688,16.573974609375
689,-43.21679687499999
690,9.515625
691,9.328369140625
692,-16.233642578125
693,-45.053955078125
694,2.92529296875
695,26.92626953125
696,-2.358642578125
697,34.055908203125
698,29.283203125
699,27.032226562500004
700,-6.387939453125
701,-34.65380859375
702,-32.28759765625
703,11.25
704,3.003173828125
705,-10.1923828125
706,-8.32373046875
707,3.85693359375
708,3.2197265624999996
709,-12.0009765625
710,22.285400390625
711,30.488525390625
712,7.25390625
713,8.038330078125
714,4.272705078125
715,-18.328857421875
716,0.0595703125
717,6.471435546875
718,-0.335205078125
719,4.33349609375
720,-1.1311035156249998
721,-40.91796875
722,-36.2529296875
723,13.4443359375
724,64.3857421875
725,0.041259765625
726,-32.386474609375
727,11.956298828125
728,-45.584228515625
729,-9.088623046875
730,-5.8349609375
731,5.4599609375
732,5.877197265625
733,-23.33447265625
734,-4.466552734375
735,3.74267578125
736,5.855224609374999
737,8.1591796875
738,-6.048583984375
739,-18.49609375
740,8.168212890625
741,16.59619140625
742,-14.2421875
743,-13.702392578125
744,8.794677734375
745,14.2607421875
746,1.673095703125
747,-21.18115234375
748,-6.8671875
749,2.98388671875
750,3.31884765625
751,15.062255859375
752,-21.8251953125
753,-2.664794921875
754,3.640869140625
755,-7.78564453125
756,-5.494140624999999
757,-10.465087890625
758,9.5361328125
759,12.090576171875
760,-12.90283203125
761,-18.86181640625
762,7.375732421875
763,9.280029296875
764,-3.49169921875
765,-21.0595703125
766,-26.705322265625004
767,9.86865234375
768,14.90087890625
769,-22.58837890625
770,-33.483642578125
771,8.613525390625
772,14.412353515625002
773,11.951416015625002
774,-27.644287109375
775,20.36083984375
776,-11.320556640625
777,-6.260986328125
778,-3.51025390625
779,14.12744140625
780,-9.792968750000002
781,-11.575927734375
782,38.22412109375
783,24.095703125
784,-28.943603515625
785,32.752197265625
786,10.049072265625
787,10.87353515625
788,-8.8330078125
789,28.798095703125
790,9.4365234375
791,-13.828125
792,-19.140625
793,-6.353759765625
794,7.13525390625
795,10.488281249999998
796,-42.54052734375
797,-6.76904296875
798,9.919189453125
799,8.626953125
800,1.563232421875
801,1.1025390625
802,6.27490234375
803,-8.37158203125
804,-8.186279296875
805,-0.7751464843750001
806,5.945556640625001
807,-6.6142578125
808,-9.120361328125
809,62.4609375
810,10.742675781250002
811,53.159912109375
812,-3.0966796875000004
813,-4.7177734375
814,4.517578125
815,56.8046875
816,1.120361328125
817,-8.28076171875
818,14.033203125
819,67.25927734375
820,-7.3828125
821,-0.6979980468750001
822,4.0478515625
823,-0.75830078125
824,-9.454345703125
825,2.181396484375
826,5.314208984375
827,-2.800537109375
828,-6.46533203125
829,3.399169921875
830,-5.266357421875
831,-3.501953125
832,-3.098876953125
833,12.788818359375
834,-2.23486328125
835,-7.6162109375
836,-10.781494140625
837,9.18505859375
838,-11.48095703125
839,6.3486328125
840,7.25048828125
841,6.251708984375
842,-10.434814453125
843,3.084228515625
844,6.4306640625
845,-7.48291015625
846,-11.094970703125
847,10.99560546875
848,-5.29541015625
849,-11.15771484375
850,-9.768798828125
851,13.447998046875
852,-11.455078125
853,-8.35546875
854,25.396728515625
855,12.083251953125
856,0.006835937499999889
857,-0.9934082031249999
858,3.886474609375
859,-22.57568359375
860,6.92431640625
861,-1.511962890625
862,2.635009765625
863,6.543701171875
864,3.390625
865,15.92529296875
866,-4.54296875
867,-5.812744140625001
868,20.02197265625
869,15.3271484375
870,-1.4912109375
871,-5.78857421875
872,-19.469970703125
873,11.402587890625
874,-5.110595703125
875,13.122802734375
876,8.15478515625
877,-45.052978515625
878,-3.57177734375
879,10.375244140625
880,9.71240234375
881,2.013671875
882,-2.761962890625
883,12.419189453125
884,-6.87255859375
885,-11.684326171875
886,6.202392578125
887,8.791015625
888,-5.24755859375
889,-7.422119140625001
890,65.767333984375
891,10.060546875
892,66.140869140625
893,4.742919921875
894,2.559326171875
895,17.793212890625
896,67.347412109375
897,2.4365234375000004
898,-1.103759765625
899,-3.27587890625
900,83.2021484375
901,31.901611328125
902,-0.47607421875
903,1.729248046875
904,17.098876953125
905,28.89892578125
906,2.188720703125
907,0.66796875
908,-10.262451171875
909,36.294677734375
910,-1.538818359375
911,7.022216796875
912,5.910400390625001
913,-17.727294921875
914,-3.5361328124999996
915,8.653564453125
916,4.03564453125
917,16.857666015625
918,-0.9658203125
919,23.301025390625
920,-0.149169921875
921,-1.265869140625
922,21.185302734374996
923,20.883544921875
924,-0.020263671875
925,-1.4228515625
926,-9.731689453125
927,18.55859375
928,-4.924072265625
929,6.4853515625
930,11.098876953125
931,-16.576416015625
932,-10.328857421875
933,9.839599609375
934,10.650634765625
935,7.0107421875
936,-6.716064453125
937,-56.680908203125
938,12.160888671875
939,13.434326171875
940,17.07666015625
941,-57.4296875
942,10.621093750000002
943,11.330810546875
944,-14.110107421875
945,-58.391357421875
946,-4.57421875
947,-3.579345703125
948,-3.55224609375
949,-0.44140625
950,3.510986328125
951,-2.452880859375
952,-6.146240234375
953,-3.474609375
954,1.7138671875
955,-3.040283203125
956,-1.193115234375
957,1.14013671875
958,4.572509765625
959,-6.716064453125
960,0.34887695312499983
961,1.158203125
962,3.598876953125
963,0.99560546875
964,-11.174072265625
965,5.619384765625
966,4.92529296875
967,9.04638671875
968,-12.345947265625
969,1.910400390625
970,5.0751953125
971,6.274658203125
972,-12.420166015625002
973,-4.328369140625
974,3.86083984375
975,5.397705078125
976,5.161865234375
977,-7.012451171875
978,5.65380859375
979,9.242431640625
980,11.300781249999998
981,0.931640625
982,-13.73876953125
983,0.208740234375
984,0.8811035156249999
985,6.36474609375
986,-9.156005859375
987,3.0029296875000004
988,5.479248046875
989,4.351806640625
990,-11.385009765625
991,-10.368408203125
992,2.699462890625
993,2.6806640624999996
994,7.673828124999999
995,-13.66748046875
996,4.82177734375
997,2.04248046875
998,10.778564453125
999,-10.370361328125
1000,0.7744140625
1001,5.816650390625001
1002,-0.133544921875
1003,8.007080078125
1004,-4.105712890625
1005,5.11328125
1006,2.103271484375
1007,9.84375
1008,0.176513671875
1009,4.197021484375
1010,-2.69189453125
1011,0.370361328125
1012,8.098876953125
1013,13.5986328125
1014,-3.766357421875
1015,-0.233642578125
1016,-0.9104003906249999
1017,8.21337890625
1018,-13.352294921875
1019,4.658447265625
1020,7.83837890625
1021,11.627197265625
1022,-10.904541015625002
1023,7.23828125
1024,5.873779296875
1025,15.0625
1026,-3.869140625
1027,-12.77490234375
1028,6.901611328125
1029,5.351806640625001
1030,12.126708984374998
1031,-15.31396484375
1032,5.406005859374999
1033,6.324462890625001
1034,10.521484375
1035,-11.09521484375
1036,-10.224853515625002
1037,3.5732421875000004
1038,9.04296875
1039,13.013671875
1040,-4.716064453125
1041,2.796630859375
1042,7.71923828125
1043,9.540771484374998
1044,-11.218017578125
1045,-7.166259765625
1046,1.859375
1047,1.6142578125
1048,-3.811767578125
1049,-3.577392578125
1050,3.588134765625
1051,-2.176025390625
1052,21.533203125
1053,-0.072509765625
1054,-3.868408203125
1055,7.218017578125
1056,5.459716796875
1057,-18.68505859375
1058,-1.859619140625
1059,5.838623046875
1060,9.18701171875
1061,9.81103515625
1062,-0.1259765625
1063,86.9951171875
1064,3.4645996093750004
1065,1.994140625
1066,15.15869140625
1067,82.724365234375
1068,-3.2331542968750004
1069,-1.716552734375
1070,-11.551513671875
1071,82.14208984375
1072,-53.131591796875
1073,15.192138671875
1074,18.066650390625
1075,-0.6066894531249999
1076,-48.7216796875
1077,16.171630859375
1078,20.564208984375
1079,-4.090087890625
1080,-50.244873046875
1081,-21.918701171875
1082,10.00341796875
1083,16.73828125
1084,-10.1259765625
1085,-18.217041015625
1086,10.640625
1087,15.211669921875
1088,3.81591796875
1089,-19.499023437499996
1090,-59.43603515625
1091,13.884521484374998
1092,12.689453125
1093,11.754638671875
1094,-58.327392578125
1095,13.183593750000002
1096,14.671386718749998
1097,-17.12646484375
1098,-58.275390625
1099,1.3432617187500002
1100,-0.458251953125
1101,-3.085693359375
1102,-4.657958984375
1103,2.76611328125
1104,-0.7150878906249999
1105,-5.17822265625
1106,-4.760498046875
1107,-1.202392578125
1108,6.684326171875
1109,-1.944091796875
1110,-0.626953125
1111,4.185546875
1112,9.12841796875
1113,-6.244384765625
1114,-1.743896484375
1115,-1.6176757812499998
1116,6.774169921875
1117,-12.746337890625
1118,7.6015625
1119,1.4619140625
1120,8.307861328125
1121,-13.462646484374998
1122,0.9631347656249999
1123,4.27001953125
1124,5.110107421875
1125,-10.086181640625
1126,-2.7939453124999996
1127,2.65625
1128,-0.23193359375
1129,-2.941162109375
1130,-5.03271484375
1131,-6.234375
1132,-1.072509765625
1133,16.90771484375
1134,-1.1025390625
1135,-2.271484375
1136,-0.135498046875
1137,-2.658203125
1138,2.021484375
1139,1.4956054687500002
1140,0.83203125
1141,-5.70849609375
1142,-3.087646484375
1143,1.149658203125
1144,0.6916503906249999
1145,-1.002685546875
1146,-3.9921875
1147,1.092529296875
1148,5.221435546875
1149,-5.26123046875
1150,-1.939453125
1151,-4.20361328125
1152,1.080078125
1153,5.823486328125
1154,-0.360107421875
1155,-0.92236328125
1156,2.145751953125
1157,2.845703125
1158,-0.19287109375
1159,-0.59130859375
1160,0.61669921875
1161,5.9404296875
1162,-3.292724609375
1163,-2.482177734375
1164,2.5830078124999996
1165,0.6796875
1166,-1.3051757812499998
1167,2.482421875
1168,0.40625
1169,4.1494140625
1170,-0.8291015625
1171,8.21728515625
1172,-3.794189453125
1173,0.355224609375
1174,3.988525390625
1175,2.56005859375
1176,1.464111328125
1177,-1.543212890625
1178,-4.96044921875
1179,2.178466796875
1180,-7.533935546875
1181,4.15283203125
1182,2.125732421875
1183,13.443115234375
1184,-6.476318359374999
1185,8.287353515625
1186,2.965576171875
1187,3.65380859375
1188,-8.485595703125
1189,-1.9809570312499998
1190,-9.750488281250002
1191,-10.922607421875
1192,0.39501953125
1193,-1.3168945312499998
1194,-9.63916015625
1195,-5.401611328125
1196,33.217041015625
1197,-4.27392578125
1198,2.1396484375
1199,0.193115234375
1200,3.624267578125
1201,-8.83056640625
1202,-1.183349609375
1203,2.6923828124999996
1204,0.490478515625
1205,3.3193359375000004
1206,-2.197509765625
1207,-47.74877929687501
1208,6.85888671875
1209,15.210693359375
1210,3.572265625
1211,-49.009033203125
1212,12.1796875
1213,11.411865234375
1214,-8.09716796875
1215,-45.818603515625
1216,-26.3955078125
1217,13.852783203125
1218,14.313232421875
1219,-6.57177734375
1220,-23.648193359375
1221,19.607421875
1222,13.529052734375
1223,3.144287109375
1224,-27.2724609375
1225,-56.297607421875
1226,18.888427734374996
1227,14.409912109375
1228,11.985107421875
1229,-58.23583984375
1230,20.990966796875004
1231,16.1875
1232,-12.8994140625
1233,-62.131591796875
1234,0.330322265625
1235,-3.921142578125
1236,-0.9973144531249999
1237,-5.177734375000001
1238,-0.59375
1239,1.271484375
1240,-0.565185546875
1241,-5.2685546875
1242,1.1142578125
1243,15.257568359375
1244,-6.25537109375
1245,-4.76025390625
1246,5.721435546875
1247,12.911376953125
1248,-8.077880859375
1249,-4.990478515625
1250,-13.804931640625
1251,12.519775390625
1252,-6.089599609374999
1253,-11.2138671875
1254,-10.044921875
1255,-10.464599609375
1256,-6.5888671875
1257,-8.254638671875
1258,-10.267822265625
1259,61.7900390625
1260,-3.255126953125
1261,91.995361328125
1262,1.8798828124999996
1263,-2.4594726562500004
1264,12.621337890625
1265,83.220458984375
1266,3.46875
1267,-1.218017578125001
1268,-4.306396484375
1269,87.0302734375
1270,92.71630859375
1271,-2.0422363281250018
1272,-0.041259765625
1273,8.1318359375
1274,91.0380859375
1275,-3.2421875
1276,-6.8876953125
1277,-6.875
1278,89.61572265625
1279,-61.9853515625
1280,31.940673828125
1281,22.10009765625
1282,18.416015625
1283,-67.05224609375
1284,35.306396484375
1285,20.428466796875004
1286,-16.27734375
1287,-68.648681640625
1288,-14.746826171875
1289,7.553466796875
1290,6.140380859374999
1291,11.9140625
1292,-11.081787109375
1293,6.305908203125
1294,5.65283203125
1295,1.031494140625
1296,-19.918457031250004
1297,25.600830078125
1298,-3.12255859375
1299,-7.73681640625
1300,2.2470703125
1301,11.771240234375
1302,-3.738037109375
1303,-11.634765625
1304,103.875244140625
1305,28.650634765625
1306,0.9208984375
1307,6.886962890625001
1308,6.217529296875
1309,6.708251953125
1310,3.096923828125
1311,7.38232421875
1312,11.440673828125
1313,-0.8557128906249999
1314,-0.36474609375
1315,8.15771484375
1316,-4.994873046875
1317,-4.737060546875
1318,-15.610107421875
1319,7.646728515625
1320,-2.220703125
1321,-7.138427734375
1322,-13.6611328125
1323,11.44873046875
1324,2.36669921875
1325,9.571533203125
1326,4.606201171875
1327,-27.242919921875
1328,10.00146484375
1329,7.583984375000001
1330,9.577880859375
1331,12.496826171875
1332,4.9208984375
1333,30.39697265625
1334,-2.968994140625
1335,-3.22412109375
1336,7.827392578125
1337,24.966064453125
1338,-6.637939453125
1339,-1.8740234375
1340,94.68676757812499
1341,32.12060546875
1342,7.8681640625
1343,0.030029296875
1344,-0.204345703125
1345,-4.700927734375
1346,7.284912109374999
1347,2.115966796875
1348,1.5776367187500002
1349,10.740966796875
1350,6.42138671875
1351,-17.864990234375
1352,7.73193359375
1353,11.0439453125
1354,-42.329345703125
1355,-20.249267578125
1356,10.372802734375
1357,10.9736328125
1358,-9.00048828125
1359,-20.545898437499996
1360,-5.01904296875
1361,2.872802734375
1362,-1.001708984375
1363,-2.74658203125
1364,-2.35107421875
1365,-0.00830078125
1366,0.64990234375
1367,20.197021484375
1368,-1.8125
1369,-29.030029296875
1370,16.79052734375
1371,18.702148437499996
1372,-11.325927734375
1373,-25.675537109375
1374,19.321533203124996
1375,15.740966796875
1376,7.8212890625
1377,-24.787353515625
1378,81.5810546875
1379,-7.854492187500001
1380,-6.8388671875
1381,2.89599609375
1382,88.6796875
1383,-2.638916015625001
1384,1.7416992187499996
1385,-0.287109375
1386,86.20922851562499
1387,65.04443359375
1388,-12.183837890625
1389,-4.168701171875001
1390,-4.603515625
1391,63.888916015625
1392,-3.273925781250001
1393,-7.418701171875
1394,22.38916015625
1395,67.877685546875
1396,10.349365234375
1397,0.5634765625
1398,-0.96435546875
1399,-2.563720703125
1400,10.810791015625002
1401,-3.69580078125
1402,-1.749755859375
1403,-4.664306640625001
1404,8.648193359375
1405,16.468505859375
1406,-11.039794921875
1407,-9.24365234375
1408,-6.802001953125
1409,16.630126953125
1410,-7.949951171875
1411,-8.151123046875
1412,-16.603515625
1413,10.915283203125
1414,-14.843261718749998
1415,7.343505859374999
1416,8.504638671875
1417,3.824951171875
1418,-14.8154296875
1419,7.471435546875
1420,5.97265625
1421,-7.954833984375
1422,-16.05615234375
1423,11.8544921875
1424,-5.347412109374999
1425,-3.19921875
1426,-16.90380859375
1427,12.5
1428,-0.9079589843749998
1429,-4.626708984375
1430,33.46630859375
1431,10.72900390625
1432,-18.010498046875
1433,16.03173828125
1434,15.79443359375
1435,4.599609375
1436,-13.376220703125
1437,19.008544921875
1438,17.4541015625
1439,-19.521484375
1440,-15.669677734375
1441,-0.129638671875
1442,17.16259765625
1443,14.452880859375
1444,-56.4716796875
1445,-0.281494140625
1446,14.407958984374998
1447,13.673828125
1448,6.38916015625
1449,0.5615234375
1450,-19.42138671875
1451,3.8720703124999996
1452,7.8974609375
1453,17.110595703125
1454,-18.54833984375
1455,9.361083984374998
1456,8.01513671875
1457,9.78466796875
1458,-20.518310546875
1459,15.73095703125
1460,-9.26025390625
1461,-8.81689453125
1462,5.95458984375
1463,16.652587890625
1464,-11.3232421875
1465,-8.939453125
1466,-9.349609375
1467,14.725341796875
1468,-7.837890624999999
1469,1.5334472656249998
1470,3.63916015625
1471,0.0830078125
1472,-7.53662109375
1473,4.804443359374999
1474,3.424072265625
1475,23.02587890625
1476,-6.0361328125
1477,6.158203124999999
1478,-1.6831054687500002
1479,0.2373046875
1480,-6.5244140625
1481,-1.2377929687500002
1482,-2.60498046875
1483,-1.194091796875
1484,-3.94384765625
1485,0.473876953125
1486,-15.081787109375
1487,14.886962890625
1488,15.925781249999998
1489,-22.936523437499996
1490,-10.845458984374998
1491,14.21728515625
1492,12.0224609375
1493,13.5654296875
1494,-10.332275390625
1495,75.64819335937501
1496,-8.33984375
1497,-4.036376953125
1498,-7.027587890625001
1499,70.548583984375
1500,-9.073974609375
1501,-9.156005859375
1502,25.02197265625
1503,76.158203125
1504,0.015869140625000222
1505,9.4775390625
1506,9.394287109375
1507,-46.24853515625
1508,4.9013671875
1509,6.31689453125
1510,9.836425781250002
1511,16.71630859375
1512,2.35888671875
1513,8.051025390625
1514,-7.901123046875
1515,-4.14599609375
1516,-2.115966796875
1517,7.26611328125
1518,-6.197998046875
1519,-6.272705078125
1520,-13.075439453125
1521,9.82373046875
1522,-4.839599609374999
1523,15.892822265625
1524,11.103271484374998
1525,-18.953857421875
1526,-6.869873046875
1527,15.24072265625
1528,10.70751953125
1529,20.056396484375
1530,-3.186279296875
1531,61.213134765625
1532,-10.51708984375
1533,-14.569580078125
1534,-5.85693359375
1535,74.62548828125
1536,-10.8662109375
1537,-5.15234375
1538,18.02587890625
1539,77.739990234375
1540,11.314208984374998
1541,-1.6962890625
1542,-1.203125
1543,-9.914794921875
1544,16.650390625
1545,-0.97509765625
1546,-6.305908203125
1547,-15.3779296875
1548,10.316650390625
1549,8.585693359375
1550,2.0537109375
1551,1.615234375
1552,-22.796630859375
1553,8.900634765625
1554,6.2265625
1555,-0.217041015625
1556,9.861083984374998
1557,6.80810546875
1558,25.97509765625
1559,-12.8037109375
1560,-14.492919921875
1561,77.04077148437501
1562,0.6184082031249999
1563,-14.273681640625
1564,-16.56591796875
1565,-72.880859375
1566,35.27978515625
1567,-7.010498046875
1568,-7.174560546875
1569,-11.952880859375
1570,-15.448974609375
1571,-8.9013671875
1572,-12.9482421875
1573,-10.138427734375
1574,74.50561523437499
1575,-4.48828125
1576,-40.50927734375
1577,6.009033203125
1578,4.613525390625001
1579,27.850341796875004
1580,-35.478759765625
1581,1.1875
1582,0.294677734375
1583,-16.0439453125
1584,-36.85205078125
1585,-1.069580078125
1586,-4.522705078125
1587,-2.348388671875
1588,3.609619140625
1589,-0.9577636718750001
1590,-7.637939453125
1591,-5.901123046875
1592,-11.842529296875
1593,1.256103515625
1594,6.926513671875
1595,-10.027587890625
1596,-7.562255859374999
1597,-22.003662109375
1598,-6.323974609374999
1599,-12.904541015625002
1600,-8.406494140625
1601,50.133544921875
1602,-5.30859375
1603,77.634765625
1604,-10.388671875
1605,-10.704833984374998
1606,15.582275390625
1607,105.073974609375
1608,-11.909912109375
1609,-10.569580078125004
1610,6.343505859374999
1611,88.981689453125
1612,33.2890625
1613,-8.76220703125
1614,-13.248046875
1615,-2.807373046875
1616,34.095703125
1617,-9.3798828125
1618,-11.458251953125
1619,23.18505859375
1620,26.962646484375
1621,18.19189453125
1622,-1.80859375
1623,-10.296630859375
1624,0.6357421875
1625,26.03955078125
1626,0.6218261718750001
1627,-8.3046875
1628,-15.132568359375
1629,19.15673828125
1630,-10.625732421875
1631,9.675537109375
1632,7.6845703125
1633,9.947998046875
1634,-11.2412109375
1635,11.13916015625
1636,8.6796875
1637,-6.435791015625
1638,-10.8212890625
1639,34.3505859375
1640,-13.421386718749998
1641,-10.293212890625
1642,-3.42529296875
1643,29.50830078125
1644,-13.24658203125
1645,-9.968261718749998
1646,23.941650390625
1647,26.704101562500004
1648,5.9794921875
1649,-6.486083984375
1650,-2.55712890625
1651,1.8178710937500002
1652,9.986572265625
1653,-5.287109375000001
1654,-2.242431640625
1655,-1.959228515625
1656,10.0693359375
1657,5.014404296875
1658,-8.714599609375
1659,-8.02490234375
1660,-1.3232421875
1661,23.203125
1662,-8.62353515625
1663,-3.14013671875
1664,-9.528076171875
1665,16.647705078125
1666,-15.046875
1667,11.285156249999998
1668,7.787841796875
1669,13.016845703125
1670,-14.614013671875
1671,10.155029296875
1672,7.10302734375
1673,-7.059814453125
1674,-8.237548828125
1675,65.716552734375
1676,-13.379394531250002
1677,-7.870361328125
1678,-1.71875
1679,69.36279296875
1680,-8.080078125
1681,-9.35595703125
1682,12.089599609375
1683,65.367431640625
1684,14.996337890625
1685,-8.968505859375
1686,-9.802001953125
1687,-6.605712890625001
1688,22.606201171875
1689,-10.690185546875
1690,-6.138427734375
1691,29.072021484375
1692,12.368408203125
1693,1.3701171875
1694,18.27294921875
1695,16.46826171875
1696,-54.511474609375
1697,5.130615234375
1698,16.877197265625
1699,15.05029296875
1700,1.4086914062499998
1701,2.7138671875000004
1702,12.35498046875
1703,-7.052001953125
1704,-6.309814453125
1705,6.650146484375
1706,16.1201171875
1707,-8.31591796875
1708,-6.60400390625
1709,-9.252197265625
1710,15.977050781250002
1711,18.39794921875
1712,-8.552001953125
1713,-9.686279296875
1714,2.616943359375
1715,16.864990234375
1716,-7.596923828125
1717,-5.88671875
1718,-14.335693359375
1719,10.9072265625
1720,-6.36865234375
1721,-10.310791015625002
1722,-7.510498046875
1723,-15.607666015625002
1724,-9.52001953125
1725,-9.32958984375
1726,-4.439697265625
1727,56.6162109375
1728,-7.03955078125
1729,77.21240234374999
1730,-8.0380859375
1731,-10.841796875
1732,-0.95556640625
1733,77.544677734375
1734,-9.86962890625
1735,-10.23974609375
1736,15.39208984375
1737,74.4345703125
1738,15.514892578125
1739,-6.937255859374999
1740,-7.3310546875
1741,-7.038330078125
1742,13.3828125
1743,-9.54248046875
1744,-6.87841796875
1745,-18.197998046875
1746,17.0791015625
1747,12.378173828125
1748,-6.353759765625
1749,-8.54248046875
1750,-6.209228515625
1751,19.119140625
1752,-7.996826171875
1753,-6.578857421875
1754,-15.27880859375
1755,14.79541015625
1756,-11.675537109375
1757,12.53564453125
1758,8.656982421875
1759,13.565673828125
1760,-7.95703125
1761,8.74853515625
1762,8.1435546875
1763,-4.5263671875
1764,-7.519287109374999
1765,69.74609375
1766,-11.300048828125
1767,-10.3779296875
1768,-2.28125
1769,64.739501953125
1770,-8.62939453125
1771,-7.45263671875
1772,14.8935546875
1773,65.82080078125
1774,7.86669921875
1775,-4.296142578125
1776,1.767333984375
1777,-16.712890625
1778,15.74072265625
1779,2.8291015624999996
1780,-1.696044921875
1781,27.137207031250004
1782,11.026611328125
1783,-10.878906249999998
1784,15.710205078125
1785,14.658447265625
1786,39.48779296875
1787,-11.2490234375
1788,16.464599609375
1789,16.256591796875
1790,-23.019042968749996
1791,-12.89208984375
1792,18.200439453125
1793,-9.9794921875
1794,-8.19775390625
1795,-11.661865234375
1796,22.58642578125
1797,-5.69287109375
1798,-11.687744140625
1799,35.307373046875
1800,22.023193359375
1801,4.694580078125
1802,8.28515625
1803,4.4208984375
1804,-43.198974609375
1805,1.933349609375
1806,8.547119140625
1807,6.105712890625001
1808,14.708251953125
1809,1.8100585937500002
1810,1.820556640625
1811,-1.575439453125
1812,0.46142578125
1813,6.257568359374999
1814,-1.5415039062499998
1815,-2.71875
1816,-0.8596191406250002
1817,6.09375
1818,1.799560546875
1819,-8.802001953125
1820,10.871093750000002
1821,11.368408203125
1822,-17.2705078125
1823,-8.763671875
1824,11.00146484375
1825,11.115966796875
1826,15.50927734375
1827,-9.35400390625
1828,86.51049804687499
1829,-9.053466796875
1830,-12.434814453125
1831,3.347412109375
1832,84.95849609375
1833,-12.86865234375
1834,-8.06884765625
1835,16.444580078125
1836,87.88037109375
1837,-12.951904296875
1838,8.798828125
1839,8.22509765625
1840,16.467529296875
1841,-9.47021484375
1842,12.83154296875
1843,9.173828125
1844,-7.1435546875
1845,-10.69677734375
1846,48.552978515625
1847,-15.2978515625
1848,-10.7392578125
1849,-7.572021484375
1850,48.98828125
1851,-10.9658203125
1852,-4.2578125
1853,27.974609375
1854,51.14599609375
1855,15.952880859375
1856,-6.54931640625
1857,-3.2998046875000004
1858,-10.759033203125
1859,13.159912109375
1860,-7.894287109374999
1861,-7.346435546875
1862,-18.533935546875
1863,15.57373046875
1864,14.250244140625
1865,-6.570556640625001
1866,-3.58349609375
1867,-12.4921875
1868,18.8056640625
1869,-7.175537109374999
1870,-6.36962890625
1871,-16.286865234375
1872,17.151611328125
1873,17.69140625
1874,-10.166259765625
1875,-7.090087890625001
1876,-9.38818359375
1877,17.323974609375
1878,-3.484375
1879,-10.882568359375
1880,-15.084228515625002
1881,15.27685546875
1882,-15.04541015625
1883,10.553955078125
1884,10.567626953125
1885,8.1875
1886,-16.445556640625
1887,6.3056640625
1888,11.113281249999998
1889,-4.216064453125
1890,-19.57958984375
1891,16.97265625
1892,-7.807373046875
1893,-11.705322265625
1894,-14.778564453125
1895,17.828857421875
1896,-3.263427734375
1897,-8.983154296875
1898,34.926025390625
1899,19.796875
1900,-17.219482421875
1901,22.515625
1902,18.181640625
1903,-40.84912109375
1904,-15.263427734375
1905,19.786865234375
1906,26.33935546875
1907,-14.623779296875
1908,-16.761962890625
1909,-8.65625
1910,-14.207275390625
1911,-11.651611328125
1912,-10.258056640625
1913,0.5947265625
1914,-11.07177734375
1915,-11.509033203125
1916,70.942626953125
1917,-8.96875
1918,-15.6484375
1919,13.359863281250002
1920,11.964843750000002
1921,18.358154296875
1922,-10.72216796875
1923,13.852294921875
1924,13.851318359375
1925,-1.939697265625
1926,-9.402587890625
1927,-19.32275390625
1928,13.2294921875
1929,12.165771484374998
1930,10.922363281250002
1931,-16.571533203125
1932,14.35595703125
1933,10.3974609375
1934,-8.7099609375
1935,-16.42431640625
1936,49.6728515625
1937,-10.1162109375
1938,-6.710693359374999
1939,-7.214111328125
1940,52.604248046875
1941,-9.540771484374998
1942,-12.327880859375
1943,35.633544921875
1944,49.896728515625
1945,-1.55078125
1946,11.7177734375
1947,7.80224609375
1948,-42.609619140625
1949,7.186279296875
1950,8.58740234375
1951,10.298583984374998
1952,20.16015625
1953,5.747802734375
1954,14.456298828125
1955,-11.180908203125
1956,-10.989501953125
1957,2.63330078125
1958,9.18505859375
1959,-14.386718750000002
1960,-11.930419921875
1961,-18.01806640625
1962,13.435546875
1963,15.982177734375
1964,-10.643798828125
1965,-9.451171875
1966,9.036376953125
1967,16.40966796875
1968,-11.29052734375
1969,-7.257568359374999
1970,-8.883056640625
1971,17.60546875
1972,-8.71630859375
1973,-9.212890625
1974,-10.874511718749998
1975,-15.195556640625
1976,-6.559326171875
1977,-12.728271484374998
1978,-10.10595703125
1979,71.0849609375
1980,-5.416259765625
1981,10.623291015625002
1982,3.2861328124999996
1983,-2.64892578125
1984,-20.217773437499996
1985,16.2724609375
1986,1.2016601562499998
1987,1.4267578125
1988,35.850830078125
1989,17.733154296875
1990,18.320068359375
1991,-15.27490234375
1992,-16.750244140625
1993,0.02343749999999999
1994,3.16796875
1995,-10.555419921875
1996,-11.4609375
1997,109.45434570312499
1998,14.750244140625
1999,-12.427734375
2000,22.47900390625
2001,14.352783203125
2002,-76.56298828125
2003,-19.581787109375
2004,22.06787109375
2005,19.0439453125
2006,-4.399169921875
2007,-18.5595703125
2008,114.130859375
2009,-10.04443359375
2010,-8.42431640625
2011,15.84130859375
2012,119.55908203125
2013,-14.900390625
2014,-4.497314453125002
2015,-7.9580078125
2016,133.08203125
2017,99.393798828125
2018,-24.720458984375
2019,-8.43212890625
2020,17.426025390625
2021,105.092529296875
2022,-25.719726562500004
2023,-11.6484375
2024,1.191650390625
2025,92.98828125
2026,-86.96728515625
2027,8.74755859375
2028,38.989013671875
2029,13.1015625
2030,-79.578857421875
2031,7.664306640625001
2032,40.843994140625
2033,-15.47119140625
2034,-70.4130859375
2035,8.683349609375
2036,-7.552734375000001
2037,-1.4799804687500002
2038,8.520263671875
2039,23.445312499999996
2040,-5.05078125
2041,-6.60302734375
2042,-0.7053222656249999
2043,11.6669921875
2044,-5.913818359374999
2045,-13.206298828125
2046,-13.2373046875
2047,-11.585693359375
2048,0.84228515625
2049,-8.460693359375
2050,-8.204345703125
2051,35.636962890625
2052,-9.5693359375
2053,-64.434814453125
2054,35.15283203125
2055,35.9990234375
2056,-5.759765624999999
2057,-53.55224609375
2058,38.70874023437499
2059,38.7548828125
2060,5.631103515625
2061,-48.939208984375
2062,116.045166015625
2063,-16.154296875
2064,-4.960693359375001
2065,9.665771484374998
2066,101.03759765625001
2067,-14.093994140625
2068,-10.657470703125
2069,1.2377929687500002
2070,111.1171875
2071,118.28076171875
2072,-12.843017578125
2073,-1.4738769531250002
2074,22.376220703125
2075,127.820556640625
2076,-11.468994140625
2077,-3.667236328125001
2078,-13.4169921875
2079,131.998046875
2080,-3.8154296875000004
2081,1.065673828125
2082,-4.4365234375
2083,2.11962890625
2084,-1.571044921875
2085,-3.154052734375
2086,-0.7709960937500002
2087,4.16748046875
2088,-0.4609375
2089,15.646728515625002
2090,-7.71337890625
2091,-10.7373046875
2092,7.609375
2093,19.637207031250004
2094,-8.79638671875
2095,-10.886474609375
2096,-13.146240234375
2097,22.203369140625
2098,6.664794921875
2099,-19.280517578125
2100,-16.3056640625
2101,3.802734375
2102,6.1982421875
2103,-18.010986328125
2104,-15.373779296875
2105,100.057861328125
2106,11.724365234375
2107,3.961181640625
2108,9.22119140625
2109,3.59130859375
2110,3.6982421875000004
2111,1.794921875
2112,4.484619140625
2113,4.34228515625
2114,15.3134765625
2115,-2.626708984375
2116,-14.420166015625002
2117,23.280273437499996
2118,28.31982421875
2119,-83.932861328125
2120,-26.094482421875
2121,29.794189453125
2122,27.894287109375
2123,-5.081298828125
2124,-19.696533203124996
2125,-64.974609375
2126,71.8544921875
2127,65.275146484375
2128,8.99755859375
2129,-68.02978515625
2130,70.187744140625
2131,62.198486328125
2132,-5.768310546875
2133,-69.0166015625
2134,-53.052978515625
2135,53.699462890625
2136,31.69384765625
2137,33.861328125
2138,-57.04736328125
2139,55.9521484375
2140,30.361328125
2141,-20.10205078125
2142,-70.95703125
2143,-1.900146484375
2144,-11.36474609375
2145,-9.63720703125
2146,-15.944091796875
2147,-1.7294921875
2148,-12.47802734375
2149,-10.09716796875
2150,60.229248046875
2151,2.247802734375
2152,101.32177734375
2153,-14.15771484375
2154,-8.833251953125
2155,31.08740234375
2156,125.878662109375
2157,-13.530761718749998
2158,-13.765380859375
2159,-12.459228515625002
2160,117.24365234375
2161,-21.322265625
2162,21.021240234375
2163,16.73046875
2164,-0.6237792968750001
2165,-21.525390625
2166,18.639892578125
2167,17.720947265625
2168,8.5732421875
2169,-23.81982421875
2170,-37.159423828125
2171,24.329345703125
2172,23.001708984375
2173,-0.489501953125
2174,-28.587646484375
2175,25.811279296875
2176,24.697998046875
2177,5.551025390625001
2178,-28.885009765625
2179,-67.8310546875
2180,42.95654296875
2181,41.18017578125
2182,0.900390625
2183,-58.395263671875
2184,46.718505859375
2185,40.2353515625
2186,6.40087890625
2187,-59.147216796875
2188,-75.82177734375
2189,27.908447265625004
2190,30.818115234375
2191,31.21826171875
2192,-74.2509765625
2193,30.140625
2194,29.88671875
2195,-18.492187500000004
2196,-71.362060546875
2197,-7.229248046875
2198,-3.408203125
2199,-5.319091796875
2200,-6.785888671875
2201,-2.78857421875
2202,0.130615234375
2203,-6.879638671875
2204,31.25
2205,-13.336669921875
2206,-7.687255859374999
2207,11.384521484374998
2208,6.015380859374999
2209,-10.673095703125
2210,-8.461669921875
2211,13.159912109375
2212,7.508544921875
2213,20.03955078125
2214,-5.246337890625001
2215,120.12158203125
2216,-14.568115234375
2217,-7.507080078125001
2218,14.503173828125
2219,108.713623046875
2220,-14.055908203125
2221,-10.37060546875
2222,14.612548828125
2223,112.101318359375
2224,28.0107421875
2225,-14.821044921875
2226,-13.3671875
2227,-7.290771484375
2228,31.186523437499996
2229,-15.067626953125
2230,-12.083740234375
2231,40.011962890625
2232,39.1474609375
2233,-1.2880859374999998
2234,31.9892578125
2235,26.222167968749996
2236,-35.909423828125
2237,-13.324218750000002
2238,29.033935546875
2239,25.460937500000004
2240,-16.70849609375
2241,-5.882568359374999
2242,18.828369140625
2243,-15.496337890625
2244,-8.85009765625
2245,4.352294921875
2246,17.75439453125
2247,-17.7275390625
2248,-15.938232421875
2249,113.18994140624999
2250,14.60009765625
2251,3.22509765625
2252,3.3603515624999996
2253,5.87158203125
2254,-35.662353515625
2255,-0.6428222656249999
2256,9.962646484374998
2257,6.871826171875
2258,16.0703125
2259,2.2919921875
2260,-3.058349609375
2261,4.922607421875
2262,9.22802734375
2263,-10.158935546875
2264,-7.30517578125
2265,5.234130859374999
2266,0.513916015625
2267,14.8779296875
2268,-8.99609375
2269,58.75122070312499
2270,-12.63623046875
2271,-12.480468750000002
2272,-7.494873046875
2273,54.11572265625
2274,-16.689208984375
2275,-15.37646484375
2276,29.470947265625004
2277,52.05810546874999
2278,-11.827880859375
2279,30.02587890625
2280,31.006103515625
2281,-76.515869140625
2282,-10.06103515625
2283,28.00439453125
2284,28.172851562500004
2285,-6.41259765625
2286,-14.49853515625
2287,-43.392822265625
2288,38.751708984375
2289,36.48486328125
2290,-5.956787109374999
2291,-40.57958984375
2292,39.41381835937501
2293,36.408935546875
2294,1.748046875
2295,-40.01245117187499
2296,97.894287109375
2297,-16.56103515625
2298,-16.197509765625
2299,6.1591796875
2300,90.10986328124999
2301,-10.3232421875
2302,-11.230468750000002
2303,17.638427734375
2304,86.029052734375
2305,1.1103515625
2306,-0.716796875
2307,4.569580078125
2308,1.864013671875
2309,0.085693359375
2310,3.806396484375
2311,4.881591796875
2312,13.259765625
2313,2.85205078125
2314,17.28759765625
2315,-11.896240234375
2316,-8.062744140625
2317,-8.893798828125
2318,19.0341796875
2319,-7.9189453125
2320,-9.647216796875
2321,-19.226806640625
2322,17.61572265625
2323,1.989501953125
2324,1.5102539062499998
2325,-5.953125
2326,-5.80615234375
2327,0.87109375
2328,-1.5263671875
2329,-0.46044921875
2330,-8.96240234375
2331,8.0703125
2332,-18.08740234375
2333,14.000732421875
2334,13.983642578125
2335,15.1884765625
2336,-17.53125
2337,8.500244140625
2338,14.84716796875
2339,-5.627197265625
2340,-21.75927734375
2341,83.83251953125001
2342,-11.898193359375
2343,-12.107666015625002
2344,0.8317871093750001
2345,84.447021484375
2346,-15.798583984374998
2347,-13.201171875
2348,23.4501953125
2349,82.36376953125
2350,-2.455078125
2351,1.743896484375
2352,4.20947265625
2353,5.24365234375
2354,0.8171386718750001
2355,7.02734375
2356,4.4765625
2357,10.784423828125
2358,0.3447265625
2359,2.07763671875
2360,-1.08056640625
2361,-3.0615234375000004
2362,-5.098876953125
2363,4.721435546875
2364,-2.56201171875
2365,1.3798828125
2366,-11.296630859375
2367,0.8566894531249999
2368,-20.463134765625
2369,10.668212890625
2370,10.529541015625002
2371,9.696533203125
2372,-15.621826171875
2373,14.6435546875
2374,13.43212890625
2375,-9.946533203125
2376,-16.32373046875
2377,53.859130859375
2378,-17.2509765625
2379,-13.419189453125
2380,-7.655517578125
2381,59.009033203125
2382,-8.9453125
2383,-14.09033203125
2384,33.206298828125
2385,65.208984375
2386,-0.51220703125
2387,-0.291015625
2388,-2.4765625
2389,-25.599609375
2390,1.1403808593749998
2391,-1.561767578125
2392,-0.46728515625
2393,9.505615234375
2394,5.967041015625
2395,41.9482421875
2396,-0.6635742187500002
2397,-0.28002929687499956
2398,19.388427734374996
2399,47.927978515625
2400,3.012939453125
2401,-1.8510742187500002
2402,128.556884765625
2403,45.95654296875
2404,3.15869140625
2405,2.822265625
2406,-2.81787109375
2407,-28.30078125
2408,-1.492919921875
2409,-0.07861328125
2410,-1.4458007812499998
2411,14.070800781250002
2412,-0.16015625
2413,18.732177734374996
2414,-11.351806640625
2415,-12.2822265625
2416,0.72607421875
2417,15.18994140625
2418,-11.36474609375
2419,-11.206298828125
2420,-14.387451171875
2421,13.181640625
2422,11.567138671875
2423,-12.6044921875
2424,-16.3994140625
2425,4.3525390625
2426,14.43603515625
2427,-18.480712890625
2428,-18.3173828125
2429,-19.6025390625
2430,11.596923828125
2431,2.252685546875
2432,-8.98291015625
2433,-11.3876953125
2434,-12.6982421875
2435,2.60888671875
2436,-10.316162109375
2437,-12.009033203125
2438,84.421142578125
2439,3.7900390624999996
2440,-9.076416015625
2441,8.638427734375
2442,9.849365234375
2443,15.723876953125
2444,-10.982666015625002
2445,7.714599609374999
2446,13.890136718749998
2447,5.554931640625001
2448,-11.449218750000002
2449,19.59423828125
2450,-12.2705078125
2451,-13.9775390625
2452,-6.5966796875
2453,19.65380859375
2454,-12.195556640625
2455,-9.12451171875
2456,-18.681884765625
2457,22.521484375
2458,-18.842529296875
2459,9.041259765625
2460,11.686767578125
2461,10.278076171875
2462,-22.1123046875
2463,10.230224609375
2464,14.163574218749998
2465,-5.6474609375
2466,-18.287841796875
2467,43.551513671875
2468,-12.9306640625
2469,-13.37353515625
2470,-10.71533203125
2471,45.710205078125
2472,-16.195556640625
2473,-13.384033203125
2474,28.391357421875
2475,34.93212890625
2476,-0.463623046875
2477,2.66943359375
2478,0.685546875
2479,-30.780517578125
2480,2.5234375
2481,4.1357421875
2482,0.9143066406249999
2483,16.032958984375
2484,-6.8779296875
2485,-7.343994140625001
2486,-7.939697265625
2487,-10.743408203125
2488,-12.0341796875
2489,-6.870849609374999
2490,-11.06787109375
2491,-9.62158203125
2492,65.47216796875
2493,-11.16943359375
2494,-24.519287109375
2495,19.462890625
2496,12.754150390625
2497,14.711425781250002
2498,-17.108154296875
2499,14.7275390625
2500,8.70361328125
2501,-8.20556640625
2502,-18.547119140625
2503,-27.608398437499996
2504,10.780029296875
2505,11.63427734375
2506,16.7763671875
2507,-16.845458984375
2508,11.12255859375
2509,14.750488281250002
2510,-7.8037109375
2511,-19.05712890625
2512,87.29638671875
2513,-18.573486328125
2514,-15.859130859375
2515,11.892822265625
2516,94.731689453125
2517,-18.30322265625
2518,-13.928955078125
2519,8.75146484375
2520,97.71337890625
2521,87.56811523437499
2522,-17.21826171875
2523,-11.792968750000002
2524,38.6298828125
2525,78.53564453125
2526,-15.358642578125
2527,-8.34521484375
2528,9.225341796875
2529,81.38378906250001
2530,-6.848876953125
2531,5.6865234375
2532,1.895751953125
2533,-1.621337890625
2534,-4.271240234375
2535,4.405029296875
2536,-0.134033203125
2537,16.52490234375
2538,1.533447265625
2539,-27.823486328125
2540,26.77490234375
2541,27.519287109375
2542,13.591064453125
2543,-28.249023437499996
2544,32.802490234375
2545,21.811523437499996
2546,5.364990234375
2547,-23.548583984375
2548,-8.8447265625
2549,16.930419921875
2550,9.516845703125
2551,-7.831787109374999
2552,-9.812988281250002
2553,20.643798828125
2554,15.879638671875
2555,20.63232421875
2556,-6.915771484375
2557,70.638671875
2558,-23.23583984375
2559,-10.9736328125
2560,41.5126953125
2561,76.572509765625
2562,-19.199707031250004
2563,-13.294677734375
2564,5.8466796875
2565,78.6806640625
2566,-8.637451171875
2567,11.843261718749998
2568,8.919677734375
2569,-3.76708984375
2570,-1.486572265625
2571,10.69677734375
2572,11.957031249999998
2573,25.021484375
2574,-7.5078125
2575,-79.5615234375
2576,51.376708984375
2577,53.55029296875
2578,30.894042968749996
2579,-71.131103515625
2580,50.1904296875
2581,55.3125
2582,-9.320068359375
2583,-69.126953125
2584,8.2548828125
2585,-6.756103515625
2586,-7.259033203125
2587,0.3603515625
2588,7.83447265625
2589,-5.134521484375
2590,-6.936767578125
2591,-3.540283203125
2592,18.397216796875
2593,-7.528076171875
2594,-2.941650390625
2595,-10.630615234375
2596,-7.165771484375
2597,-3.423095703125
2598,-3.696533203125
2599,-6.10546875
2600,37.086669921875
2601,-9.9921875
2602,-67.974853515625
2603,42.3857421875
2604,62.474365234375
2605,-8.463134765625
2606,-58.992919921875
2607,43.02441406250001
2608,68.5615234375
2609,8.819580078125
2610,-64.434814453125
2611,34.08935546875
2612,-15.057373046875
2613,-16.856201171875
2614,-6.420654296875
2615,54.1015625
2616,-14.858642578125
2617,-17.60546875
2618,37.917236328125
2619,70.240478515625
2620,-5.6884765625
2621,25.19482421875
2622,39.35888671875
2623,-86.24951171875
2624,-18.487060546875
2625,23.6533203125
2626,43.56787109375
2627,-5.6474609375
2628,-8.268310546875
2629,5.857421875000001
2630,88.219482421875
2631,36.9423828125
2632,58.050537109375
2633,-29.219970703125
2634,87.779296875
2635,34.39111328125
2636,17.271728515625
2637,-46.608642578125
2638,-17.604736328125
2639,21.212890625
2640,33.799560546875
2641,2.47900390625
2642,-21.5537109375
2643,20.148193359375
2644,31.21142578125
2645,2.660400390625
2646,-18.8837890625
2647,-9.1162109375
2648,9.594482421875
2649,16.9013671875
2650,-6.585693359374999
2651,-9.693359375
2652,9.505859375
2653,13.936279296875
2654,13.3310546875
2655,-6.75244140625
2656,-88.224365234375
2657,-1.8676757812499998
2658,84.39013671875001
2659,-1.3627929687500002
2660,-68.521484375
2661,2.448974609375
2662,84.16455078125
2663,-12.601318359375
2664,-73.612548828125
2665,-59.705322265625
2666,29.59326171875
2667,70.7119140625
2668,-12.055175781250002
2669,-48.59814453125001
2670,25.418701171875
2671,70.943115234375
2672,7.308349609374999
2673,-57.61328125
2674,115.55419921875
2675,-23.0283203125
2676,-17.469482421875
2677,33.71923828125
2678,122.468994140625
2679,-27.540771484375
2680,-13.302978515625002
2681,-17.65576171875
2682,127.730224609375
2683,0.9670410156249999
2684,3.25927734375
2685,-4.1640625
2686,4.4130859375
2687,1.4692382812499998
2688,4.948974609374999
2689,0.7490234375
2690,8.207763671875
2691,4.06201171875
2692,-11.19970703125
2693,6.52392578125
2694,4.311767578125
2695,19.6904296875
2696,-8.461669921875
2697,9.578613281250002
2698,6.012939453125
2699,25.347900390625
2700,-9.010498046875
2701,-20.077880859375
2702,11.106689453125
2703,14.298828125
2704,12.607177734375
2705,-21.981689453125
2706,9.570556640625
2707,15.480712890625
2708,12.34375
2709,-14.6162109375
2710,-17.800048828125
2711,2.93603515625
2712,16.03955078125
2713,10.625488281250002
2714,-14.670166015625002
2715,1.05029296875
2716,14.53564453125
2717,15.261474609375
2718,-12.236572265625
2719,-3.742919921875
2720,-18.668212890625
2721,-8.983154296875
2722,-0.9558105468750001
2723,16.125244140625
2724,-19.75732421875
2725,-4.324462890625
2726,3.130126953125
2727,9.48095703125
2728,1.9643554687500002
2729,-12.06494140625
2730,-11.5478515625
2731,12.638916015625002
2732,9.740234375
2733,-10.334716796875
2734,-12.374755859375
2735,-13.888671875
2736,13.885986328125
2737,19.876708984375
2738,-17.804931640625
2739,-8.357421875
2740,0.209228515625
2741,18.269287109375
2742,-13.701904296875
2743,-4.570068359375
2744,82.889404296875
2745,18.3037109375
2746,60.64697265625
2747,-23.27294921875
2748,-21.3466796875
2749,1.8149414062499998
2750,46.25244140625
2751,-20.68359375
2752,-22.191162109375
2753,5.655029296875
2754,31.371582031250004
2755,-4.365234375
2756,4.924560546875
2757,6.51025390625
2758,4.040771484375
2759,-4.357177734375
2760,2.571044921875
2761,10.273193359375
2762,-7.537841796875
2763,-0.332275390625
2764,-9.743896484374998
2765,9.292968750000002
2766,8.5400390625
2767,16.8828125
2768,-12.597656249999998
2769,10.344238281250002
2770,10.4931640625
2771,-6.7001953125
2772,-4.49755859375
2773,43.63745117187499
2774,-38.37890625
2775,-23.45703125
2776,14.653564453125
2777,96.81982421875
2778,-36.1455078125
2779,-25.32421875
2780,-8.001220703125
2781,88.018310546875
2782,-18.275634765625
2783,19.843017578125
2784,28.622802734374996
2785,0.6083984375000007
2786,-13.6630859375
2787,21.169189453125
2788,25.162841796875004
2789,8.891357421875
2790,-24.202148437499996
2791,-30.14892578125
2792,35.893310546875
2793,26.315673828125
2794,-1.1325683593749991
2795,-22.691650390625
2796,41.53173828125
2797,23.6279296875
2798,3.474853515625
2799,-21.842773437499996
2800,-47.066162109375
2801,59.703857421875
2802,49.733642578125
2803,-9.6796875
2804,-42.927734375
2805,59.755615234375
2806,47.53662109375
2807,0.77294921875
2808,-37.077392578125
2809,-42.7763671875
2810,23.853515625
2811,32.618408203125
2812,40.32568359375001
2813,-47.59252929687501
2814,29.469970703125
2815,34.812744140625
2816,-15.799560546875
2817,-30.548583984375
2818,-4.754638671875
2819,-3.619140625
2820,-8.9365234375
2821,-22.024658203124996
2822,-3.192138671875
2823,-5.92333984375
2824,-9.098388671875
2825,57.21875
2826,-4.75732421875
2827,78.3681640625
2828,-42.187744140625
2829,-42.568359375
2830,31.377685546875
2831,100.10400390625
2832,-45.59033203125
2833,-40.13427734375
2834,0.35791015625
2835,101.16259765625001
2836,-73.92431640625
2837,5.329345703125
2838,93.928955078125
2839,6.373046875000001
2840,-51.152587890625
2841,5.66845703125
2842,97.213623046875
2843,-11.7763671875
2844,-63.689208984375
2845,-4.71435546875
2846,6.40869140625
2847,9.421386718749998
2848,-1.547119140625
2849,-5.71142578125
2850,12.226074218749998
2851,7.90673828125
2852,23.867919921875
2853,-8.015380859375
2854,-86.980224609375
2855,65.140625
2856,81.513916015625
2857,28.7099609375
2858,-67.577880859375
2859,62.75122070312499
2860,83.46435546875
2861,-8.943359375
2862,-66.43359375
2863,14.42431640625
2864,-11.10400390625
2865,-9.416015625
2866,4.09033203125
2867,13.322265625
2868,-5.821044921875
2869,-13.483642578125
2870,-7.605224609374999
2871,15.473876953125
2872,3.400634765625
2873,4.4677734375
2874,-7.230224609374999
2875,-11.9599609375
2876,5.413330078125
2877,3.508544921875
2878,-6.07373046875
2879,68.0048828125
2880,10.274169921875
2881,51.386962890625
2882,-15.677734375
2883,-19.836669921875
2884,-9.664794921875
2885,67.454345703125
2886,-18.122802734375
2887,-19.2470703125
2888,20.48046875
2889,54.7919921875
2890,-10.568603515625002
2891,52.297607421875
2892,31.771728515625
2893,-78.140380859375
2894,-11.17333984375
2895,52.112060546875
2896,35.455322265625
2897,-2.48193359375
2898,-15.36083984375
2899,-67.916015625
2900,82.0869140625
2901,69.283935546875
2902,5.462646484375
2903,-61.29248046875
2904,84.036376953125
2905,70.2509765625
2906,2.523681640625
2907,-47.940185546875
2908,91.97216796875
2909,-37.113037109375
2910,-25.843505859375
2911,22.879638671875
2912,92.613525390625
2913,-37.84619140625
2914,-26.634033203124996
2915,-5.373046875000001
2916,110.97705078125
2917,-24.97119140625
2918,80.08935546875
2919,81.237548828125
2920,-19.623046875
2921,-27.338623046875
2922,87.548583984375
2923,82.406982421875
2924,-11.3525390625
2925,-34.951171875
2926,-31.131103515625
2927,87.865234375
2928,98.705322265625
2929,-18.325927734375
2930,-26.693359375
2931,81.11450195312501
2932,99.44775390625
2933,-8.47900390625
2934,-44.555908203125
2935,-49.107177734375
2936,6.49462890625
2937,43.39794921875
2938,36.973876953125
2939,-30.078125
2940,8.6943359375
2941,41.85375976562501
2942,9.06103515625
2943,-23.453125
2944,2.661376953125
2945,6.415771484375
2946,7.2763671875
2947,1.0871582031249996
2948,2.916748046875
2949,10.0830078125
2950,9.499755859375
2951,17.697021484375
2952,-5.68408203125
2953,-36.464599609375
2954,52.244873046875
2955,40.66064453125001
2956,-8.229736328125
2957,-29.168212890625
2958,59.1357421875
2959,40.7314453125
2960,2.52587890625
2961,-21.1533203125
2962,-70.632568359375
2963,42.182861328125
2964,71.134521484375
2965,38.42529296875
2966,-49.74658203125
2967,43.15625
2968,73.504638671875
2969,-0.9287109374999997
2970,-42.9326171875
2971,12.0322265625
2972,-3.7021484375000004
2973,-7.35791015625
2974,2.08544921875
2975,2.09765625
2976,-4.540283203125
2977,-8.243896484375
2978,-6.25048828125
2979,4.4931640625
2980,5.387451171875
2981,-2.966796875
2982,-4.320556640625
2983,-22.154296875
2984,4.91796875
2985,-2.728515625
2986,0.6730957031250002
2987,46.173583984375
2988,1.3520507812499998
2989,36.336669921875
2990,-59.10620117187499
2991,-35.946533203125
2992,24.259521484375
2993,85.416259765625
2994,-60.74609375
2995,-34.78564453125
2996,-10.07373046875
2997,115.43359374999999
2998,-26.594726562500004
2999,45.859130859375
3000,109.570068359375
3001,10.65478515625
3002,-43.6064453125
3003,48.853515625
3004,105.856201171875
3005,3.02734375
3006,-29.418457031250004
3007,-12.349609375
3008,15.722412109375
3009,20.70166015625
3010,6.272705078125
3011,-11.3076171875
3012,19.085693359375
3013,23.516845703125
3014,15.906494140625
3015,-13.55712890625
3016,-23.05224609375
3017,33.44873046875
3018,40.6083984375
3019,-14.674072265625
3020,-35.116943359375
3021,41.366455078125
3022,40.77392578125
3023,-4.897216796875
3024,-22.168212890625
3025,-50.568359375
3026,100.78173828125
3027,102.09130859375
3028,20.900390625
3029,-83.832763671875
3030,104.138916015625
3031,103.583984375
3032,-10.299560546875
3033,-58.36181640624999
3034,5.480224609374999
3035,-13.9853515625
3036,-10.712890625
3037,-12.991455078125
3038,10.37158203125
3039,-12.190185546875
3040,-8.298828125
3041,-9.778076171875
3042,6.225341796875
3043,18.0751953125
3044,-15.345703125
3045,-20.687255859375
3046,-10.805419921875
3047,13.01025390625
3048,-12.212646484374998
3049,-21.26806640625
3050,-13.925537109375
3051,0.8933105468750001
3052,-17.866943359375
3053,-12.105712890625
3054,17.233642578125
3055,8.82373046875
3056,3.617919921875
3057,-9.967529296875
3058,10.016113281250002
3059,14.624755859375
3060,-5.325439453125
3061,12.189208984374998
3062,-19.685791015625
3063,-11.715576171875
3064,0.9592285156250001
3065,6.17138671875
3066,-13.696533203125
3067,-15.535888671875
3068,-15.510498046875
3069,9.556884765625
3070,-3.944580078125
3071,-2.6650390624999996
3072,1.841064453125
3073,-6.80908203125
3074,-2.866455078125
3075,-4.754150390625001
3076,1.979248046875
3077,39.775390625
3078,-4.310546875
3079,-48.27734375
3080,73.89599609375
3081,118.382080078125
3082,-27.692138671875
3083,-50.879638671875
3084,73.792724609375
3085,121.61303710937499
3086,-2.03564453125
3087,-55.36962890625
3088,10.568359375
3089,1.421630859375
3090,-9.890869140625
3091,-14.534423828125
3092,14.11474609375
3093,-2.037109375
3094,-5.77099609375
3095,32.17529296875
3096,14.553466796875
3097,-2.201171875
3098,-23.579345703125
3099,9.29052734375
3100,83.87646484375
3101,-0.48828125
3102,-19.46337890625
3103,8.263671875
3104,-47.466552734375
3105,15.90283203125
3106,10.9365234375
3107,-17.364501953125
3108,-12.0595703125
3109,-6.4697265625
3110,11.530761718749998
3111,-16.432861328125
3112,-16.685791015625
3113,-21.391601562500004
3114,12.489013671875
3115,1.6137695312499998
3116,-22.63916015625
3117,-7.441650390625001
3118,60.439697265625
3119,53.00927734375
3120,-21.134521484375
3121,-5.30859375
3122,-35.884521484375
3123,4.23193359375
3124,-7.03955078125
3125,21.967773437499996
3126,20.38623046875
3127,-7.77978515625
3128,-12.539794921875
3129,23.496582031250004
3130,17.31494140625
3131,13.1728515625
3132,-16.042236328125
3133,-1.972412109375
3134,6.386474609374999
3135,3.465087890625
3136,-8.04052734375
3137,-0.7509765625
3138,10.927734375
3139,5.43701171875
3140,9.428955078125
3141,-4.16455078125
3142,-19.89599609375
3143,102.171630859375
3144,82.103515625
3145,-3.960693359375
3146,-31.677490234375
3147,101.86767578125
3148,84.78955078125
3149,-0.2080078125
3150,-21.04931640625
3151,-21.50634765625
3152,89.25537109375
3153,100.166015625
3154,16.654052734375
3155,-42.50537109375
3156,88.74072265625
3157,102.1708984375
3158,-8.30859375
3159,-22.87890625
3160,-5.7919921875
3161,4.98388671875
3162,10.67822265625
3163,-10.227050781250002
3164,-6.5478515625
3165,1.3100585937500002
3166,7.33837890625
3167,15.132080078125
3168,-0.302001953125
3169,-42.94482421875
3170,129.495849609375
3171,109.937744140625
3172,13.6005859375
3173,-62.73754882812501
3174,139.5595703125
3175,106.41259765625001
3176,-2.000732421875
3177,-47.5322265625
3178,-17.26123046875
3179,52.5751953125
3180,40.05419921875
3181,-38.419189453125
3182,-12.240966796875
3183,48.284912109375
3184,44.37622070312499
3185,-2.61474609375
3186,-24.027832031250004
3187,85.92553710937499
3188,-18.453857421875
3189,-20.737060546875
3190,10.16943359375
3191,30.494384765625
3192,-20.67626953125
3193,-26.72802734375
3194,8.335205078125
3195,58.172119140625
3196,28.488037109375
3197,-18.55712890625
3198,-9.988037109375
3199,-5.070556640625001
3200,36.646728515625
3201,-22.716552734374996
3202,-7.5400390625
3203,95.90673828125
3204,21.66455078125
3205,2.863037109375
3206,-5.71923828125
3207,0.6350097656249999
3208,-4.31005859375
3209,1.09716796875
3210,-1.323486328125
3211,-1.469970703125
3212,1.2910156249999996
3213,7.59326171875
3214,-25.580810546875
3215,94.358642578125
3216,100.189453125
3217,69.19140625
3218,-23.645263671875
3219,95.80517578125
3220,99.904541015625
3221,-6.00341796875
3222,-51.362060546875
3223,28.9638671875
3224,-13.285400390625
3225,-2.132812499999999
3226,68.136962890625
3227,14.0615234375
3228,-20.33984375
3229,0.14331054687500067
3230,-39.810302734375
3231,23.0810546875
3232,15.603271484374998
3233,-17.177001953125
3234,-14.7783203125
3235,-2.817138671875
3236,14.00341796875
3237,-14.958251953125
3238,-15.40478515625
3239,-8.281982421875
3240,16.287353515625
3241,37.23486328125
3242,-29.65673828125
3243,19.388916015625
3244,59.700927734375
3245,7.03369140625
3246,-27.097900390625
3247,20.767333984375
3248,-42.47021484375
3249,43.031982421875
3250,-18.86572265625
3251,29.853515625
3252,18.670898437499996
3253,13.609619140625
3254,-15.02880859375
3255,31.81396484375
3256,18.955322265625004
3257,15.82568359375
3258,-13.347900390625
3259,-7.0048828125
3260,12.088134765625
3261,13.176513671875
3262,16.780517578125
3263,-13.698974609375
3264,11.783203125
3265,11.15283203125
3266,24.45556640625
3267,-14.348876953125
3268,-12.041015625
3269,14.808837890625
3270,18.377197265625
3271,14.62158203125
3272,-12.11181640625
3273,17.19873046875
3274,19.11962890625
3275,20.309326171875
3276,-9.796386718749998
3277,-8.546630859375
3278,-13.258300781250002
3279,7.57958984375
3280,2.0
3281,16.65380859375
3282,-10.56689453125
3283,8.574462890625
3284,1.6728515625
3285,-0.115478515625
3286,3.97509765625
3287,-7.538330078125
3288,-8.422119140625
3289,-4.36083984375
3290,8.104736328125
3291,-8.048583984375
3292,-5.484130859374999
3293,-6.753662109374999
3294,9.950439453125
3295,-8.52001953125
3296,3.742919921875
3297,-1.00146484375
3298,8.921142578125
3299,0.8974609375
3300,5.528076171875
3301,2.152099609375
3302,0.1201171875
3303,0.6984863281249999
3304,-6.65185546875
3305,-0.7626953125
3306,4.25439453125
3307,-0.728515625
3308,-4.008544921875
3309,-1.390869140625
3310,4.181396484375
3311,27.703857421875
3312,-4.24609375
3313,-12.90185546875
3314,21.956542968749996
3315,6.83251953125
3316,19.533935546875
3317,-7.082763671875
3318,20.32568359375
3319,9.328369140625
3320,24.158935546875
3321,-7.5869140625
3322,-15.92041015625
3323,67.81201171875
3324,66.347900390625
3325,36.561767578125
3326,-19.590576171875
3327,62.562255859375
3328,64.31640625
3329,6.2265625
3330,-1.633544921875
3331,-5.351806640625001
3332,-3.966796875
3333,10.7548828125
3334,5.335205078125
3335,9.855224609375
3336,-2.96337890625
3337,13.415771484374998
3338,0.419921875
3339,3.059326171875
3340,-2.096923828125
3341,2.98583984375
3342,4.582763671875
3343,-9.9775390625
3344,-2.3720703124999996
3345,1.940185546875
3346,0.529296875
3347,34.579833984375
3348,-3.058837890625
3349,-37.8984375
3350,74.47216796875
3351,76.58422851562499
3352,-0.356201171875
3353,-32.958984375
3354,71.978759765625
3355,83.870849609375
3356,0.78662109375
3357,-21.745361328125
3358,5.951904296875
3359,-7.56103515625
3360,-1.9243164062499998
3361,53.430419921875
3362,9.7275390625
3363,-5.237060546875
3364,-5.574951171875
3365,7.30859375
3366,11.197509765625
3367,6.308837890625001
3368,26.449707031250004
3369,9.1484375
3370,10.02685546875
3371,-12.837890625
3372,29.119140625
3373,8.009765625
3374,4.956787109374999
3375,-15.746337890625
3376,7.240478515625
3377,3.927734375
3378,-2.282470703125
3379,-5.0703125
3380,17.532470703125
3381,1.5270996093749998
3382,-0.9216308593750001
3383,79.06323242187501
3384,16.755615234375
3385,34.92138671875
3386,-15.305419921875
3387,-7.1484375
3388,-5.70654296875
3389,25.93212890625
3390,-13.741943359375
3391,-9.346923828125
3392,54.531982421875
3393,26.064697265625004
3394,20.087646484375
3395,-5.81201171875
3396,-8.980712890625
3397,2.811767578125
3398,26.796875
3399,-3.46484375
3400,-5.572998046875
3401,96.407470703125
3402,31.730712890625
3403,-3.344970703125
3404,-6.569580078125
3405,-3.48828125
3406,-13.826416015625002
3407,-0.257080078125
3408,-3.677490234375
3409,-1.1650390625
3410,22.406494140625
3411,2.130126953125
3412,-12.202880859375
3413,17.914794921875
3414,11.239990234375
3415,18.349365234375
3416,-9.622314453125
3417,15.98681640625
3418,14.63720703125
3419,15.265380859375
3420,-7.659423828125
3421,10.980224609375
3422,-9.993896484374998
3423,-13.578369140625
3424,-3.701416015625
3425,11.992431640625
3426,-9.485107421875
3427,-10.950927734375
3428,-15.978759765625
3429,7.40185546875
3430,-3.182861328125
3431,19.73583984375
3432,2.697998046875
3433,9.423583984374998
3434,-11.262451171875
3435,19.992187500000004
3436,3.515869140625
3437,10.383300781250002
3438,-18.345458984375
3439,-11.1787109375
3440,15.8857421875
3441,6.978759765625
3442,8.225341796875
3443,-9.639892578125
3444,13.7939453125
3445,12.456787109375
3446,18.0966796875
3447,-3.77197265625
3448,12.90283203125
3449,-9.905029296875
3450,-11.14404296875
3451,0.94482421875
3452,8.2548828125
3453,-10.539550781250002
3454,-10.279296875
3455,-0.82177734375
3456,14.005615234375
3457,11.10595703125
3458,-5.981689453125
3459,-7.874267578125
3460,-2.2021484375
3461,13.88134765625
3462,-9.25146484375
3463,-11.50634765625
3464,-13.71435546875
3465,5.962158203125
3466,-4.707763671875
3467,21.36083984375
3468,11.774169921875
3469,17.62841796875
3470,-12.9638671875
3471,21.181884765625
3472,13.46435546875
3473,10.433349609375
3474,-11.927734375
3475,-2.7451171875000004
3476,0.8957519531249998
3477,-3.97998046875
3478,-7.59619140625
3479,6.271240234375
3480,5.180908203125
3481,-2.426513671875
3482,45.39404296875
3483,4.637451171875
3484,-28.143310546875
3485,76.93676757812499
3486,53.253173828125
3487,27.187255859375
3488,-40.159423828125
3489,72.8994140625
3490,62.14794921875
3491,1.479248046875
3492,-31.040771484375
3493,-15.417236328125
3494,41.31445312500001
3495,32.40625
3496,-12.654296875
3497,-11.856689453125
3498,36.34326171875
3499,38.80493164062499
3500,2.853759765625
3501,-14.3291015625
3502,-46.630859375
3503,81.34765625
3504,58.585205078125
3505,13.302490234375
3506,-44.28857421875
3507,71.105224609375
3508,60.490478515625
3509,-1.498046875
3510,-25.103515625
3511,-26.4462890625
3512,18.251220703125
3513,34.173583984375
3514,2.92919921875
3515,-20.967041015625
3516,20.10546875
3517,35.315185546875
3518,11.08349609375
3519,-10.552978515625002
3520,-1.08544921875
3521,58.214599609375
3522,62.59570312500001
3523,-1.7114257812499998
3524,-16.208740234375
3525,63.974609375
3526,63.36669921875
3527,6.583740234375
3528,-26.6923828125
3529,-53.213623046875
3530,-30.610595703125
3531,70.66064453125
3532,-14.025390625
3533,1.703125
3534,-31.528076171875
3535,67.3701171875
3536,13.042236328125
3537,-26.259765625
3538,8.796630859375
3539,-4.334716796875
3540,0.8874511718750001
3541,-3.104248046875
3542,9.17919921875
3543,-5.08984375
3544,-2.07763671875
3545,21.96728515625
3546,6.006103515625
3547,0.92724609375
3548,17.26806640625
3549,14.13818359375
3550,-29.50244140625
3551,-3.484130859375
3552,16.126708984375
3553,12.129150390625
3554,5.416015624999999
3555,2.0632324218749996
3556,14.64697265625
3557,-6.282958984375
3558,-5.255126953125
3559,-3.5322265624999996
3560,21.139404296875
3561,-5.160400390625001
3562,-4.109375
3563,64.0947265625
3564,22.45703125
3565,33.98974609375
3566,-15.656494140625
3567,-9.9580078125
3568,-2.008544921875
3569,37.51318359375001
3570,-13.4306640625
3571,-11.607666015625002
3572,28.106201171875
3573,28.280273437499996
3574,-2.16259765625
3575,26.277832031250004
3576,33.137451171875
3577,-41.33618164062499
3578,-7.665771484375
3579,30.866455078125
3580,28.680908203124996
3581,-1.608642578125
3582,-13.8828125
3583,-7.4052734375
3584,15.224609375
3585,11.712158203125
3586,9.5126953125
3587,-14.4658203125
3588,12.671386718749998
3589,13.087890625
3590,11.35009765625
3591,-14.48779296875
3592,2.094482421875
3593,0.6901855468750001
3594,3.497802734375
3595,-5.58349609375
3596,3.321044921875
3597,0.93017578125
3598,4.817626953125
3599,7.366455078125
3600,-1.3603515625
3601,-24.139648437499996
3602,49.792724609375
3603,55.331787109375
3604,31.60693359375
3605,-23.004150390625
3606,44.390869140625
3607,51.041015625
3608,9.013427734375
3609,-13.032470703125
3610,2.714111328125
3611,-3.989501953125
3612,3.075439453125
3613,-0.9091796875
3614,5.24267578125
3615,1.3637695312499998
3616,-2.9990234375000004
3617,-2.444091796875
3618,0.37646484375
3619,9.14794921875
3620,-16.45703125
3621,-9.368896484374998
3622,-3.579833984375
3623,0.6599121093750001
3624,-10.812011718749998
3625,-12.9130859375
3626,-9.138916015625
3627,13.990478515625002
3628,-18.77587890625
3629,10.919677734375
3630,20.034667968749996
3631,10.56689453125
3632,-5.017822265625
3633,10.677490234375
3634,19.32421875
3635,16.63623046875
3636,-7.683349609374999
3637,-11.880615234375
3638,-17.68896484375
3639,7.069091796875
3640,3.3564453124999996
3641,13.333984375
3642,-16.07275390625
3643,5.0537109375
3644,7.05859375
3645,4.547119140625
3646,17.857666015625
3647,-16.441650390625
3648,-8.759765625
3649,-1.241455078125
3650,11.022705078125
3651,-14.54541015625
3652,-14.9052734375
3653,-9.398681640625
3654,15.140625
3655,-8.477294921875
3656,12.7001953125
3657,13.293212890625
3658,6.24267578125
3659,-2.05908203125
3660,12.550537109375
3661,16.984619140625
3662,6.08544921875
3663,-4.607177734375
3664,-13.816406249999998
3665,15.8759765625
3666,15.437744140625
3667,15.25537109375
3668,-16.1337890625
3669,16.682373046875
3670,16.616943359375
3671,10.36572265625
3672,-11.294189453125
3673,-4.892822265625
3674,12.914306640625
3675,7.642822265625
3676,-2.30029296875
3677,-3.40478515625
3678,8.0341796875
3679,12.1201171875
3680,26.803955078125
3681,-1.907470703125
3682,-8.13720703125
3683,18.990234375
3684,19.751708984375
3685,18.90234375
3686,-10.477294921875
3687,16.90478515625
3688,18.336181640625
3689,13.729736328125
3690,-6.27734375
3691,-16.4453125
3692,28.43994140625
3693,27.895751953125
3694,1.3059082031250002
3695,-9.464599609375
3696,25.855712890625
3697,27.365234375
3698,-0.09863281249999989
3699,-10.886718750000002
3700,-13.5537109375
3701,22.621337890625
3702,23.43701171875
3703,3.150634765625
3704,-12.46630859375
3705,21.1025390625
3706,20.52294921875
3707,4.92333984375
3708,-8.09716796875
3709,-15.6025390625
3710,34.936767578125
3711,29.664306640625
3712,8.0078125
3713,-8.438232421875
3714,31.856689453125
3715,29.32861328125
3716,-3.759033203125
3717,-14.923583984374998
3718,6.062744140625001
3719,2.057373046875
3720,1.3779296875
3721,2.434326171875
3722,-0.036376953125
3723,0.77734375
3724,-1.6123046875
3725,-7.09619140625
3726,3.867431640625
3727,-4.4638671875
3728,18.00830078125
3729,8.32568359375
3730,7.02197265625
3731,-14.480712890625
3732,15.191650390625
3733,11.159912109375
3734,8.425537109375
3735,-12.291748046875
3736,-3.79052734375
3737,24.154541015625
3738,13.4853515625
3739,14.2109375
3740,-12.591064453125
3741,24.652832031250004
3742,17.541748046875
3743,12.447509765625
3744,-16.820556640625
3745,-8.8603515625
3746,12.201171875
3747,15.97412109375
3748,10.508056640625
3749,-9.702636718749998
3750,14.287841796875
3751,12.831298828125
3752,20.89599609375
3753,-6.091064453125
3754,23.666015625
3755,-0.261962890625
3756,-18.368408203125
3757,-0.166015625
3758,7.73046875
3759,-2.892822265625
3760,-16.82861328125
3761,-8.55126953125
3762,7.5751953125
3763,3.091552734375
3764,26.21337890625
3765,5.415283203125
3766,6.313720703125
3767,-11.539794921875
3768,22.771728515625
3769,6.437744140625001
3770,4.15283203125
3771,-14.08837890625
3772,-8.67529296875
3773,16.6396484375
3774,15.765869140625
3775,20.347900390625
3776,-8.482177734375
3777,18.468994140625
3778,15.322021484374998
3779,19.413330078125
3780,-9.288330078125
3781,-5.483642578125
3782,12.933837890625
3783,7.835693359374999
3784,9.440673828125
3785,-7.671875
3786,8.78076171875
3787,9.118408203125
3788,24.101806640625
3789,-5.7744140625
3790,15.381591796875
3791,-11.31689453125
3792,-12.0849609375
3793,6.15966796875
3794,6.404296875000001
3795,-8.65087890625
3796,-12.5146484375
3797,-10.046142578125
3798,12.775146484374998
3799,-6.7080078125
3800,18.0947265625
3801,14.398193359375
3802,19.816650390625
3803,-9.534423828125
3804,15.1962890625
3805,10.792236328125
3806,11.224365234375
3807,-14.549072265625
3808,20.000732421875
3809,4.2021484375
3810,-6.927001953125
3811,-8.04248046875
3812,12.947998046875
3813,3.65283203125
3814,-4.548828125
3815,65.912109375
3816,17.3818359375
3817,70.770751953125
3818,-31.78515625
3819,-32.98779296875
3820,24.205078125
3821,73.2373046875
3822,-32.577880859375
3823,-35.653076171875
3824,15.559814453125
3825,67.875
3826,24.452148437499996
3827,-13.077392578125
3828,-9.412109375
3829,-1.8481445312499998
3830,31.46826171875
3831,-18.227294921875
3832,-11.422119140625
3833,31.850341796875004
3834,20.429931640625
3835,-0.17041015625
3836,7.198974609374999
3837,17.50634765625
3838,-25.458740234375
3839,1.4411621093749996
3840,4.333251953125
3841,18.068359375
3842,8.21484375
3843,6.49951171875
3844,32.207275390625
3845,-6.703125
3846,-0.3835449218750012
3847,5.363037109374999
3848,34.66796875
3849,-7.704345703125
3850,-2.495361328125
3851,94.04833984375
3852,35.882568359375
3853,-15.748779296875
3854,10.6044921875
3855,14.8798828125
3856,10.92041015625
3857,-13.776123046875
3858,10.171142578125
3859,15.980468750000002
3860,12.607666015625002
3861,-10.4873046875
3862,4.429931640625
3863,25.692138671875
3864,30.7392578125
3865,-48.138671875
3866,-0.35180664062500044
3867,25.682861328125
3868,34.966064453125
3869,-4.12255859375
3870,-8.88916015625
3871,-3.35693359375
3872,4.869140624999999
3873,3.345947265625
3874,-0.61572265625
3875,-4.412353515625
3876,8.34130859375
3877,3.816162109375
3878,23.890380859375
3879,-8.939453125
3880,-34.451416015625
3881,63.72875976562501
3882,73.535400390625
3883,-3.498291015625
3884,-26.3798828125
3885,68.56005859375
3886,72.162109375
3887,5.15087890625
3888,-18.74853515625
3889,58.76416015625
3890,-33.58740234375
3891,-31.542236328125
3892,37.65576171875
3893,58.221435546875
3894,-34.48046875
3895,-29.234130859375
3896,-8.06103515625
3897,68.4287109375
3898,24.788330078125
3899,-4.465576171875
3900,-15.8349609375
3901,0.9599609375
3902,12.586669921875
3903,-5.456787109374999
3904,-15.05322265625
3905,-13.530029296875
3906,7.389404296875
3907,24.63037109375
3908,-3.880126953125
3909,-3.6474609375000004
3910,-0.188720703125
3911,21.675537109375
3912,-5.05078125
3913,-4.5634765625
3914,84.42041015625
3915,18.702392578125
3916,50.56103515625
3917,-22.668457031250004
3918,-12.337646484374998
3919,-0.014404296875
3920,44.2626953125
3921,-23.682373046875
3922,-13.86572265625
3923,31.07080078125
3924,46.747314453125
3925,-0.6452636718749998
3926,29.46435546875
3927,36.126953125
3928,-42.806884765625
3929,-0.5722656249999998
3930,27.742187500000004
3931,32.040283203125
3932,-9.267578125
3933,-10.519531249999998
3934,-2.592529296875
3935,5.342041015625
3936,8.569580078125
3937,7.1923828125
3938,-5.2529296875
3939,8.54150390625
3940,12.777343750000002
3941,24.670654296875
3942,-7.79248046875
3943,-18.2578125
3944,22.787841796875004
3945,30.434082031250004
3946,14.027587890625
3947,-4.156982421875
3948,22.168212890625
3949,23.931396484375
3950,5.37451171875
3951,-9.478515625
3952,-19.06103515625
3953,22.5625
3954,24.80126953125
3955,20.38134765625
3956,-13.30908203125
3957,17.425537109375
3958,22.665771484375
3959,10.51806640625
3960,-9.315673828125
3961,3.955810546875
3962,-9.91650390625
3963,-10.785156249999998
3964,4.714599609374999
3965,8.91064453125
3966,-7.392822265625
3967,-9.32958984375
3968,-9.541259765625
3969,3.5185546875000004
3970,-6.620361328125
3971,5.20751953125
3972,8.25732421875
3973,11.9619140625
3974,-4.923095703125
3975,4.773681640625001
3976,7.0087890625
3977,28.316162109375
3978,1.790283203125
3979,14.133544921875
3980,-16.520263671875
3981,-14.44873046875
3982,2.222412109375
3983,17.55859375
3984,-14.72119140625
3985,-13.361083984374998
3986,-15.465576171875
3987,18.2919921875
3988,-8.0712890625
3989,0.57568359375
3990,0.322509765625
3991,0.7648925781249999
3992,-2.9931640624999996
3993,0.580078125
3994,0.9509277343750001
3995,38.22412109375
3996,-10.3837890625
3997,-29.5986328125
3998,32.259033203125
3999,43.546142578125
4000,42.99877929687501
4001,-18.421142578125
4002,27.403076171875
4003,47.406005859375
4004,-4.287353515625
4005,-11.7490234375
4006,6.922119140625001
4007,-9.796630859375
4008,2.37158203125
4009,-15.88427734375
4010,0.7150878906250002
4011,-2.12939453125
4012,-2.11083984375
4013,62.849609375
4014,-1.527587890625
4015,73.435791015625
4016,-18.18017578125
4017,-40.986083984375
4018,19.29443359375
4019,55.060302734375
4020,-16.314208984375
4021,-39.106689453125
4022,20.962158203124996
4023,134.402099609375
4024,-1.607177734375
4025,1.657470703125
4026,-1.923095703125
4027,5.917724609374999
4028,-2.729248046875
4029,4.014892578125
4030,-2.376708984375
4031,20.13232421875
4032,-5.654296875000001
4033,7.54345703125
4034,-2.904296875
4035,-11.613281249999998
4036,-4.742919921875
4037,-0.4951171875
4038,-1.400634765625
4039,-10.383056640625
4040,-18.890625
4041,3.6953125
4042,10.063720703125
4043,16.144775390625
4044,-4.670166015625
4045,1.536865234375
4046,0.192626953125
4047,20.358154296875
4048,-2.76171875
4049,-3.9658203124999996
4050,-9.918701171875
4051,-7.587890624999999
4052,8.5009765625
4053,2.595947265625
4054,3.3427734375000004
4055,-8.841064453125
4056,6.0205078125
4057,-1.289794921875
4058,18.105224609375
4059,-5.643798828125
4060,11.805175781250002
4061,-18.02197265625
4062,-10.175781249999998
4063,1.1455078125
4064,18.96923828125
4065,-20.53857421875
4066,-15.314208984374998
4067,-16.82373046875
4068,21.608642578125
4069,2.670654296875
4070,-4.73583984375
4071,0.60693359375
4072,-4.532958984375
4073,0.047119140625
4074,-0.18286132812499994
4075,-2.374267578125
4076,27.25732421875
4077,3.09326171875
4078,1.782470703125
4079,12.808349609375
4080,16.302978515625
4081,-28.3505859375
4082,-2.693115234375
4083,15.8271484375
4084,13.930908203125
4085,3.843017578125
4086,-1.7626953125
4087,41.7626953125
4088,-5.690673828125001
4089,-7.775146484375
4090,5.4306640625
4091,50.431396484375
4092,-7.976318359375001
4093,-11.336181640625
4094,80.757080078125
4095,41.311767578125
4096,31.570556640625
4097,-19.82080078125
4098,-16.856201171875
4099,0.6965332031249999
4100,33.15576171875
4101,-19.176513671875
4102,-19.24853515625
4103,48.18798828125
4104,33.571044921875
4105,28.61572265625
4106,-7.767578124999999
4107,16.754638671875004
4108,50.049560546875
4109,29.023681640625
4110,-6.8896484375
4111,20.842773437499996
4112,-38.334716796875
4113,13.86181640625
4114,58.46826171875
4115,-14.505615234375
4116,-27.259033203124996
4117,-11.9775390625
4118,39.412109375
4119,-11.74560546875
4120,-28.827880859375
4121,19.191650390625
4122,48.000244140625
4123,-3.04638671875
4124,-1.532958984375
4125,-2.840576171875
4126,3.547607421875
4127,3.543212890625
4128,-2.28515625
4129,0.6604003906249998
4130,26.41552734375
4131,-7.80322265625
4132,-6.460205078125
4133,12.283203125
4134,1.749755859375
4135,-20.590332031250004
4136,5.162109375000001
4137,14.055175781250002
4138,1.326416015625
4139,16.33740234375
4140,-6.82275390625
4141,25.329345703125
4142,-3.33544921875
4143,-4.76806640625
4144,3.638427734375
4145,44.45263671875
4146,-3.774169921875
4147,-5.72119140625
4148,45.81201171875
4149,24.811523437499996
4150,-50.321044921875
4151,110.29638671875
4152,88.17041015625
4153,-3.013916015625
4154,-38.92724609375
4155,106.217041015625
4156,95.018798828125
4157,-2.130126953125
4158,-40.003662109375
4159,66.604736328125
4160,-45.15869140625
4161,-41.87255859375
4162,33.967041015625
4163,81.234130859375
4164,-43.94384765625
4165,-41.21826171875
4166,-24.2998046875
4167,51.71679687499999
4168,-7.856201171875
4169,3.4873046875000004
4170,5.27197265625
4171,1.658935546875
4172,0.8083496093750001
4173,5.294921875000001
4174,10.006103515625002
4175,30.713623046875
4176,-2.261474609375
4177,10.571044921875
4178,-14.114990234375
4179,-14.20751953125
4180,-12.831787109375
4181,16.154052734375
4182,-15.805419921875
4183,-13.132080078125
4184,-17.709716796875
4185,5.00244140625
4186,7.540771484375
4187,-18.746337890625
4188,-5.973388671875
4189,-8.28173828125
4190,22.218017578125
4191,-22.05859375
4192,-7.33740234375
4193,-13.501220703125
4194,22.160400390625
4195,-5.619140624999999
4196,0.6882324218750001
4197,16.073486328125
4198,5.100830078125
4199,10.75146484375
4200,4.74853515625
4201,14.49853515625
4202,1.6926269531249998
4203,-5.87158203125
4204,-9.123779296875
4205,16.932861328125
4206,20.336669921875
4207,17.302001953125
4208,-9.940185546875
4209,14.956298828125
4210,23.116943359375
4211,15.68408203125
4212,-6.796630859374999
4213,-5.25927734375
4214,9.46337890625
4215,11.62939453125
4216,11.340087890625
4217,-2.90185546875
4218,8.87109375
4219,20.40771484375
4220,18.761474609375
4221,-3.255859375
4222,-10.829833984374998
4223,9.419677734375
4224,6.6025390625
4225,6.79052734375
4226,-7.19482421875
4227,5.794677734375
4228,9.421630859375
4229,8.184814453125
4230,10.085205078125
4231,1.8295898437500002
4232,-9.522949218749998
4233,-4.627685546875
4234,1.091064453125
4235,2.09765625
4236,-7.9296875
4237,-0.07543945312500004
4238,-5.470703124999999
4239,8.880859375
4240,-11.788818359375
4241,14.0546875
4242,12.501708984374998
4243,11.858154296875
4244,-18.26123046875
4245,14.164550781250002
4246,11.705810546875
4247,7.5087890625
4248,-16.775390625
4249,4.35009765625
4250,0.260009765625
4251,6.18408203125
4252,18.24658203125
4253,-10.3564453125
4254,-0.009521484375
4255,5.67529296875
4256,17.350341796875
4257,-4.659423828125
4258,2.898193359375
4259,-2.077880859375
4260,2.6015625
4261,-9.9619140625
4262,-8.1708984375
4263,-6.94482421875
4264,4.2685546875
4265,40.37109375
4266,4.905517578125
4267,-38.785400390625
4268,39.79052734375
4269,47.237060546875
4270,5.414794921875
4271,-37.270751953125
4272,38.849609375
4273,53.09228515625
4274,2.9423828124999996
4275,5.705078124999999
4276,-5.03662109375
4277,-64.015869140625
4278,-21.67041015625
4279,10.761474609375
4280,53.1201171875
4281,-60.9384765625
4282,-20.704345703125
4283,-4.78662109375
4284,83.246826171875
4285,-32.52734375
4286,62.24609375
4287,103.513427734375
4288,-6.195068359374999
4289,-38.474609375
4290,57.818359375
4291,109.381591796875
4292,-9.517822265625
4293,-38.529052734375
4294,-20.7705078125
4295,36.803466796875
4296,41.363037109375
4297,-4.05908203125
4298,-29.71337890625
4299,34.458740234375
4300,43.613037109375
4301,5.9296875
4302,-27.973876953125
4303,-37.746826171875
4304,53.689697265625
4305,67.900634765625
4306,4.773193359374999
4307,-50.34033203125
4308,59.802978515625
4309,70.225341796875
4310,-4.834716796875
4311,-38.754638671875
4312,-31.346923828125
4313,66.330322265625
4314,71.738525390625
4315,-34.991943359375
4316,-39.93505859375
4317,65.755126953125
4318,71.03515625
4319,9.666259765625
4320,-23.70751953125
4321,1.87890625
4322,2.458251953125
4323,2.2001953125
4324,-13.419677734375
4325,3.406494140625
4326,5.009033203125
4327,-1.202392578125
4328,13.960449218749998
4329,1.745361328125
4330,-6.434814453125001
4331,41.970458984375
4332,31.707763671875
4333,-19.335693359375
4334,-0.9482421875
4335,43.846923828125
4336,32.990478515625
4337,-8.87158203125
4338,-6.6142578125
4339,-35.6494140625
4340,-47.156005859375
4341,19.649658203124996
4342,24.624267578125
4343,74.88037109375
4344,-47.682373046875
4345,17.1689453125
4346,-39.37744140625
4347,8.0869140625
4348,6.224853515625
4349,-3.96044921875
4350,1.2939453125
4351,-7.83056640625
4352,-3.82763671875
4353,-0.189453125
4354,4.728271484375
4355,32.0537109375
4356,3.438720703125
4357,-4.0244140625
4358,-6.33154296875
4359,-4.110595703125
4360,-6.8974609375
4361,-2.810791015625
4362,-6.555419921875
4363,-3.863037109375
4364,5.834228515625
4365,4.58447265625
4366,17.06103515625
4367,59.11254882812501
4368,28.137207031250004
4369,157.35424804687497
4370,34.463623046875
4371,56.24658203125
4372,30.931640625
4373,-6.94091796875
4374,2.3486328124999996
4375,-12.474853515625002
4376,42.318603515625
4377,5.95947265625
4378,43.35546875
4379,-42.54687500000001
4380,36.709228515625
4381,2.955322265625
4382,-23.923583984375
4383,4.834228515625
4384,-4.626220703125
4385,2.591064453125
4386,10.6484375
4387,-3.408203125
4388,5.3642578125
4389,3.18115234375
4390,10.267822265625
4391,2.707275390625
4392,2.174560546875
4393,-6.69775390625
4394,4.730712890625001
4395,9.653564453125
4396,-0.25634765625
4397,1.2412109374999998
4398,0.3349609375
4399,8.549072265625
4400,29.8037109375
4401,-1.4262695312499998
4402,2.39208984375
4403,12.419921875
4404,14.251220703125
4405,-11.301513671875
4406,-2.78271484375
4407,15.281005859375
4408,17.23095703125
4409,12.921142578125
4410,-0.2744140625
4411,57.8447265625
4412,19.467773437499996
4413,-44.830078125
4414,24.490966796875004
4415,36.7470703125
4416,20.856201171875
4417,-44.306884765625
4418,-0.81787109375
4419,114.700927734375
4420,-33.72265625
4421,28.08349609375
4422,59.862060546875
4423,39.7998046875
4424,-22.385986328125
4425,23.06689453125
4426,57.475830078125
4427,13.179199218749998
4428,-16.309326171875
4429,4.320556640625
4430,22.50634765625
4431,3.7734375
4432,5.705810546875
4433,-7.92822265625
4434,25.122314453125
4435,4.814697265625
4436,2.479736328125
4437,-14.32177734375
4438,1.136962890625
4439,-0.7287597656249999
4440,-4.3701171875
4441,3.596923828125
4442,-0.324462890625
4443,1.3896484375
4444,-0.77490234375
4445,28.22802734375
4446,-2.00732421875
4447,3.863037109375
4448,-4.6318359375
4449,-6.6435546875
4450,1.809814453125
4451,3.233642578125
4452,-3.201416015625
4453,-4.236328125
4454,5.5751953125
4455,7.052734375000001
4456,-4.06494140625
4457,13.529296875
4458,10.544677734375
4459,5.942138671875
4460,2.87060546875
4461,18.059814453125
4462,11.7490234375
4463,7.0107421875
4464,0.451416015625
4465,-6.230224609374999
4466,18.662353515625
4467,17.230224609375
4468,2.1220703125
4469,-5.58349609375
4470,18.742187500000004
4471,15.863525390625
4472,-2.809326171875
4473,-0.8811035156249999
4474,0.03930664062499978
4475,12.35498046875
4476,8.758544921875
4477,7.283203124999999
4478,0.6896972656249999
4479,12.556640625
4480,13.614013671875
4481,13.32177734375
4482,3.75390625
4483,-7.97900390625
4484,20.075439453125
4485,23.3056640625
4486,-10.90625
4487,-3.920166015625
4488,18.3984375
4489,20.247802734374996
4490,8.129638671875
4491,-10.15478515625
4492,17.33056640625
4493,6.1953125
4494,-21.21435546875
4495,16.81298828125
4496,12.906005859375
4497,6.96142578125
4498,-14.907470703125
4499,20.9267578125
4500,-11.720947265625
4501,43.6552734375
4502,11.675048828125
4503,-35.41357421875
4504,18.033447265625
4505,18.278564453125
4506,9.85595703125
4507,-33.85302734375
4508,22.121582031250004
4509,159.223876953125
4510,17.40673828125
4511,-17.330810546875
4512,-15.341064453125
4513,-1.09423828125
4514,40.65747070312499
4515,-17.041748046875
4516,-17.552001953125
4517,-52.467041015625
4518,24.993896484375
4519,0.08251953125
4520,-2.55615234375
4521,-8.79443359375
4522,-4.8388671875
4523,4.826904296875
4524,-5.46142578125
4525,-6.16162109375
4526,-7.350830078125
4527,8.100830078125
4528,-4.065185546875
4529,4.447265625
4530,3.831298828125
4531,8.49267578125
4532,-1.159912109375
4533,7.0029296875
4534,8.741455078125
4535,17.731201171875
4536,3.3359375
4537,-7.214599609374999
4538,7.0576171875
4539,8.833251953125
4540,7.334716796875
4541,-15.944091796875
4542,9.7705078125
4543,6.47607421875
4544,8.50927734375
4545,-6.095947265625
4546,-17.54443359375
4547,-19.708251953125
4548,17.1787109375
4549,6.41064453125
4550,23.3837890625
4551,-21.4423828125
4552,18.49169921875
4553,8.197021484375
4554,4.2333984375
4555,0.8161621093750001
4556,-7.129638671875
4557,-6.527099609374999
4558,7.635498046875
4559,5.9970703125
4560,-2.683837890625
4561,-7.683349609374999
4562,-5.50390625
4563,15.471435546875
4564,-0.08715820312500022
4565,7.51953125
4566,10.6005859375
4567,3.500732421875
4568,0.40600585937500017
4569,4.50390625
4570,4.10498046875
4571,16.97607421875
4572,-5.0400390625
4573,-0.32666015625
4574,-4.197998046875
4575,-5.637451171875
4576,2.032470703125
4577,5.25830078125
4578,-1.75
4579,-5.497314453125
4580,-3.0546875
4581,5.4072265625
4582,-6.811767578125
4583,4.173828125
4584,-1.232421875
4585,6.75
4586,-3.560791015625
4587,5.12646484375
4588,-0.560546875
4589,0.326171875
4590,-7.5537109375
4591,-0.830078125
4592,0.522705078125
4593,7.59765625
4594,11.5888671875
4595,-3.456298828125
4596,0.348876953125
4597,9.00390625
4598,21.821044921875
4599,-0.313232421875
4600,-0.41796875
4601,-0.79541015625
4602,0.3447265625
4603,3.14599609375
4604,4.878662109374999
4605,3.5478515624999996
4606,-2.441650390625
4607,-5.3408203125
4608,2.707763671875
4609,-6.22119140625
4610,11.373291015625002
4611,9.232177734375
4612,11.148925781250002
4613,-2.494384765625
4614,9.2373046875
4615,10.048583984374998
4616,15.541015625
4617,-3.239990234375
4618,-4.51708984375
4619,11.9912109375
4620,2.772216796875
4621,6.56884765625
4622,-5.909912109374999
4623,13.507568359375
4624,7.677734375000001
4625,5.56494140625
4626,5.232666015625
4627,-9.30712890625
4628,8.271728515625
4629,8.46630859375
4630,9.152099609375
4631,-13.893798828125
4632,6.39697265625
4633,8.717041015625
4634,15.083251953125
4635,-5.528564453125
4636,-13.166015625
4637,-22.3779296875
4638,9.741699218749998
4639,3.031005859375
4640,18.652099609375
4641,-20.387451171875
4642,11.861083984374998
4643,4.070068359375
4644,7.586669921875
4645,6.343017578125
4646,-7.73681640625
4647,-0.68017578125
4648,1.9243164062499998
4649,2.561767578125
4650,-4.901123046875
4651,-2.325439453125
4652,1.1977539062499998
4653,9.949462890625
4654,2.5712890624999996
4655,-14.27978515625
4656,4.03955078125
4657,3.598876953125
4658,18.410888671875
4659,-12.06103515625
4660,2.26123046875
4661,-6.855712890625001
4662,7.432373046875
4663,-6.261962890625001
4664,9.890136718749998
4665,5.875732421875
4666,12.28369140625
4667,-1.139892578125
4668,11.36279296875
4669,10.499267578125
4670,9.716064453125
4671,-9.58154296875
4672,0.243408203125
4673,-1.185302734375
4674,9.974609375
4675,3.189697265625
4676,-3.008544921875
4677,-6.8974609375
4678,7.547607421875
4679,25.649169921875
4680,10.41943359375
4681,6.68798828125
4682,1.097900390625
4683,1.534912109375
4684,4.55322265625
4685,2.258056640625
4686,-1.441162109375
4687,5.93896484375
4688,0.030517578125
4689,1.8666992187500002
4690,1.8276367187500002
4691,2.593505859375
4692,4.0703125
4693,1.4028320312499998
4694,0.5947265625
4695,1.7607421875
4696,5.231201171875
4697,3.43408203125
4698,4.115478515625
4699,7.48046875
4700,-1.443115234375
4701,6.005615234375
4702,-3.809326171875
4703,2.756591796875
4704,0.640625
4705,5.0234375
4706,7.46435546875
4707,2.269287109375
4708,-3.391845703125
4709,18.614990234375
4710,18.19970703125
4711,-6.82958984375
4712,-9.492431640625
4713,19.561767578125
4714,21.002197265625004
4715,5.121337890625001
4716,-3.677978515625
4717,-19.554931640625
4718,-10.2060546875
4719,21.863525390625
4720,15.54443359375
4721,-2.236328125
4722,-12.501220703125
4723,19.507568359375
4724,14.197509765625
4725,-4.40478515625
4726,-12.574951171875
4727,-24.96875
4728,14.97412109375
4729,17.52490234375
4730,21.47900390625
4731,-22.90478515625
4732,12.683837890625
4733,24.186767578125
4734,15.6015625
4735,4.321044921875
4736,-2.736328125
4737,5.3740234375
4738,14.1064453125
4739,20.89208984375
4740,-4.736328124999999
4741,3.34619140625
4742,0.191650390625
4743,64.227783203125
4744,-59.493896484375
4745,-47.10058593749999
4746,85.21557617187499
4747,-19.4560546875
4748,-15.33154296875
4749,-47.67724609375
4750,86.96484375
4751,-8.91748046875
4752,-34.113525390625
4753,-0.80078125
4754,-30.298583984375
4755,11.7744140625
4756,39.88671875
4757,28.164062499999996
4758,-34.87353515625
4759,9.272949218749998
4760,0.7990722656249999
4761,21.481689453125
4762,4.92431640625
4763,3.142822265625
4764,-0.37841796875
4765,8.12109375
4766,5.8203125
4767,-3.08837890625
4768,-2.188720703125
4769,-6.827880859374999
4770,5.06982421875
4771,5.828369140625001
4772,-4.554443359375
4773,-5.9091796875
4774,-4.83349609375
4775,8.73779296875
4776,-3.6796875
4777,0.28515625
4778,34.04638671875
4779,2.60107421875
4780,-1.1162109375
4781,12.1806640625
4782,9.118408203125
4783,-0.86474609375
4784,0.7927246093750001
4785,8.934326171875
4786,6.9072265625
4787,12.04248046875
4788,0.8122558593750001
4789,-20.3125
4790,40.290771484375
4791,25.391845703125
4792,8.279541015625
4793,-29.40087890625
4794,41.5537109375
4795,22.641357421875
4796,1.912109375
4797,-27.83251953125
4798,-23.50244140625
4799,41.4794921875
4800,36.70263671875
4801,7.806396484375
4802,-37.802001953125
4803,39.28173828125
4804,34.182373046875
4805,0.04345703124999972
4806,-28.184814453125
4807,-17.370849609375
4808,42.89208984375
4809,35.982177734375
4810,-14.0498046875
4811,-22.192626953125
4812,41.9453125
4813,31.074951171875
4814,4.88671875
4815,-8.671875
4816,-30.317138671875
4817,-50.441162109375
4818,27.19873046875
4819,-1.5693359375
4820,24.038818359375
4821,-47.454833984375
4822,23.962158203124996
4823,-15.2978515625
4824,42.90380859375
4825,2.90380859375
4826,113.3369140625
4827,81.30810546875
4828,78.828857421875
4829,-28.345458984375
4830,107.501708984375
4831,82.306396484375
4832,-5.229736328125
4833,-20.979736328125
4834,-0.7336425781249998
4835,13.810302734375
4836,35.86767578125
4837,6.58154296875
4838,15.843017578125
4839,14.24658203125
4840,38.959228515625
4841,-7.36083984375
4842,31.04931640625
4843,-2.3125
4844,16.537353515625
4845,6.885498046875
4846,14.62060546875
4847,-4.74658203125
4848,20.985351562500004
4849,5.621337890625001
4850,2.251220703125
4851,-9.989501953125
4852,28.416748046875
4853,-7.166015624999999
4854,-17.58544921875
4855,3.7607421875000004
4856,33.3857421875
4857,-10.853759765625
4858,-13.86572265625
4859,10.799072265625
4860,29.8701171875
4861,25.50390625
4862,-9.62646484375
4863,-12.833984375
4864,0.7536621093750001
4865,25.727294921875
4866,-10.135986328125
4867,-13.189453125
4868,20.000732421875
4869,22.329833984375
4870,-12.550537109375
4871,3.179443359375
4872,16.355712890625
4873,10.22509765625
4874,-2.076171875
4875,6.52978515625
4876,12.304199218749998
4877,6.89453125
4878,0.111083984375
4879,-20.1044921875
4880,-3.796142578125
4881,18.341064453125
4882,7.597412109374999
4883,5.541259765625
4884,-1.6025390625
4885,14.391845703125
4886,11.186279296875
4887,-4.054931640625
4888,3.251953125
4889,0.062255859375
4890,1.9389648437500002
4891,8.125732421875
4892,-10.570800781250002
4893,-2.884765625
4894,0.587890625
4895,1.07470703125
4896,7.600341796875
4897,-7.525146484375
4898,17.24755859375
4899,10.316162109375
4900,20.302490234375
4901,-3.1962890624999996
4902,15.496093750000002
4903,10.063232421875
4904,1.14453125
4905,-8.971923828125
4906,32.4404296875
4907,-11.416748046875
4908,-16.501220703125
4909,1.443603515625
4910,42.657958984375
4911,-10.791259765625
4912,-17.05029296875
4913,15.873046875
4914,24.352294921875
4915,17.677734375
4916,-3.668212890625
4917,-1.6279296875
4918,-6.03369140625
4919,13.39208984375
4920,-3.952880859375
4921,-4.48486328125
4922,25.591796875
4923,7.880615234375
4924,2.048828125
4925,9.645751953125
4926,5.692138671875
4927,-22.774658203124996
4928,8.4169921875
4929,6.287353515625
4930,3.5673828124999996
4931,13.869384765625
4932,-10.227050781250002
4933,7.195068359374999
4934,-4.5693359375
4935,-13.901611328125
4936,-1.718505859375
4937,11.770751953125
4938,-9.8076171875
4939,-10.052734375
4940,4.1943359375
4941,6.765625
4942,-3.0986328124999996
4943,7.857177734375
4944,6.78564453125
4945,8.82958984375
4946,-4.044677734375
4947,9.090576171875
4948,7.044677734375
4949,-0.7238769531249999
4950,-6.799560546875
4951,-5.960205078125
4952,13.2705078125
4953,8.885498046875
4954,7.3994140625
4955,-1.9951171875
4956,14.301513671875
4957,8.919921875
4958,6.610595703125
4959,-2.73779296875
4960,-5.849853515625
4961,8.3720703125
4962,9.441650390625
4963,3.94091796875
4964,-7.5556640625
4965,6.557373046875
4966,6.773681640625001
4967,10.1328125
4968,1.091552734375
4969,-8.465576171875
4970,11.846923828125
4971,6.62109375
4972,9.8095703125
4973,-11.283203125
4974,12.720947265625
4975,12.36181640625
4976,4.84619140625
4977,-7.842529296875
4978,-6.333984375000001
4979,12.271484375
4980,11.646484375
4981,5.378173828125
4982,-2.224853515625
4983,9.41845703125
4984,4.0537109375
4985,12.328613281250002
4986,-4.1962890625
4987,-2.2060546875
4988,1.5146484375
4989,7.9111328125
4990,4.397216796875
4991,-24.632812499999996
4992,4.417724609375
4993,8.8408203125
4994,0.8010253906249999
4995,-4.2607421875
4996,-3.41455078125
4997,11.822509765625
4998,8.076171875
4999,8.484130859375
5000,-10.3076171875
5001,15.808593750000002
5002,5.05859375
5003,9.137939453125
5004,-18.925048828125
5005,-4.880126953125
5006,27.413818359375
5007,11.685302734375
5008,8.859130859375
5009,-8.26513671875
5010,27.371826171875
5011,16.181640625
5012,6.1376953125
5013,-16.795166015625
5014,-12.092041015625002
5015,7.169677734375
5016,9.347412109375
5017,2.619140625
5018,-11.405761718749998
5019,9.7392578125
5020,8.912841796875
5021,2.8056640624999996
5022,-6.515625
5023,-11.724365234375
5024,10.698974609375
5025,4.599853515625
5026,-2.832763671875
5027,-4.151123046875
5028,13.864013671875
5029,5.036376953125
5030,4.54248046875
5031,-1.6391601562499998
5032,-4.6552734375
5033,-8.65673828125
5034,-0.255859375
5035,0.5390625
5036,6.396728515625
5037,-8.771728515625
5038,-4.033447265625
5039,-9.55224609375
5040,4.797607421875
5041,-5.717529296875
5042,15.99853515625
5043,8.03076171875
5044,-2.72314453125
5045,-9.9814453125
5046,16.421875
5047,10.130615234375
5048,5.71728515625
5049,-8.69384765625
5050,-4.076171875
5051,5.2080078125
5052,7.81298828125
5053,1.01123046875
5054,-2.45263671875
5055,1.720947265625
5056,4.42822265625
5057,-0.369873046875
5058,-4.055419921875
5059,-13.79248046875
5060,-6.1552734375
5061,12.70654296875
5062,3.563232421875
5063,1.264404296875
5064,-5.942138671875
5065,10.932373046875
5066,-1.5415039062499998
5067,2.79150390625
5068,-9.748046875
5069,20.502197265625004
5070,17.675048828125
5071,7.252685546875
5072,-9.619873046875
5073,22.7568359375
5074,13.458984375
5075,7.597900390625001
5076,-9.801025390625
5077,-4.396240234375
5078,12.6650390625
5079,15.4580078125
5080,4.881103515625
5081,-9.2841796875
5082,15.7685546875
5083,14.707763671875
5084,11.015380859375
5085,-5.593994140625001
5086,14.259765625
5087,27.919921875
5088,-1.5112304687500002
5089,4.1630859375
5090,-3.884521484375
5091,26.54443359375
5092,-3.222412109375
5093,-1.4184570312499998
5094,-15.33056640625
5095,-15.81494140625
5096,10.987548828125
5097,12.530517578125
5098,10.0400390625
5099,-9.614013671875
5100,11.5166015625
5101,14.133056640625
5102,7.22802734375
5103,-6.376953124999999
5104,-4.006103515625
5105,11.649658203125
5106,7.993408203125
5107,-8.5810546875
5108,-4.368408203125
5109,8.202880859375
5110,0.7072753906249999
5111,8.86181640625
5112,-5.377685546875
5113,-0.5773925781249999
5114,-1.428955078125
5115,-13.144775390625
5116,0.58544921875
5117,3.68798828125
5118,-3.112548828125
5119,-9.649658203125
5120,-23.410400390625
5121,7.781494140625001
5122,1.336181640625
5123,11.587890625
5124,5.07421875
5125,-21.594482421875
5126,4.154052734375
5127,11.880126953125
5128,1.3305664062499998
5129,12.848876953125
5130,-2.33935546875
5131,-12.164306640625
5132,20.787109375
5133,10.6748046875
5134,-8.325439453125
5135,-11.724609375
5136,21.911376953125
5137,10.769531249999998
5138,14.583984375
5139,3.407958984375
5140,163.72265625000003
5141,-24.673583984375
5142,-63.252197265625
5143,50.759033203125
5144,116.82958984375
5145,-23.087890625
5146,-61.53515625
5147,-3.047607421875
5148,63.657958984375
5149,-12.441650390625
5150,-21.644287109375
5151,5.247314453125
5152,3.302734375
5153,26.058837890625
5154,-22.827148437499996
5155,7.99853515625
5156,4.57568359375
5157,9.100341796875
5158,-3.186767578125
5159,6.897216796875
5160,11.300781249999998
5161,11.8291015625
5162,-9.454833984374998
5163,5.9423828125
5164,8.921630859375
5165,12.952636718749998
5166,-8.587646484375
5167,2.855712890625
5168,-0.8039550781249999
5169,5.816650390625001
5170,2.43212890625
5171,1.2224121093749998
5172,0.10156250000000004
5173,6.313720703125
5174,22.195068359375
5175,-1.752685546875
5176,5.65087890625
5177,-6.641357421875
5178,-4.21533203125
5179,-8.96484375
5180,4.667236328125
5181,-5.94384765625
5182,-5.70361328125
5183,-23.986083984375
5184,2.329345703125
5185,-12.710205078125
5186,-1.313720703125
5187,15.227294921875
5188,8.0263671875
5189,7.43408203125
5190,-0.83837890625
5191,18.08642578125
5192,6.39013671875
5193,-7.7158203125
5194,-8.958740234375
5195,13.928466796875
5196,18.712890625
5197,16.682861328125
5198,-14.722412109375
5199,12.672119140625
5200,14.04150390625
5201,8.460205078125
5202,-2.51904296875
5203,-5.300537109374999
5204,-7.9345703125
5205,1.627685546875
5206,-8.81494140625
5207,7.3671875
5208,-7.988037109374999
5209,3.228759765625
5210,46.16748046875
5211,1.6508789062499998
5212,-42.318359375
5213,29.939453125
5214,95.96386718750001
5215,14.0390625
5216,-78.842529296875
5217,28.235595703125
5218,93.92431640625
5219,-13.15380859375
5220,-41.521728515625
5221,-27.365234375
5222,29.777587890625
5223,44.665283203125
5224,43.56298828125
5225,-16.91357421875
5226,26.14111328125
5227,45.14379882812501
5228,1.552734375
5229,-7.82666015625
5230,27.4169921875
5231,-7.686767578125
5232,1.3852539062499998
5233,6.5380859375
5234,30.720947265625004
5235,-6.0693359375
5236,0.31982421875
5237,90.046630859375
5238,31.70947265625
5239,80.54736328124999
5240,-36.5986328125
5241,-23.387207031250004
5242,22.91650390625
5243,76.984619140625
5244,-35.218505859375
5245,-26.21875
5246,-0.6750488281249999
5247,46.8486328125
5248,113.37841796875
5249,8.1044921875
5250,-27.111083984375
5251,60.08837890625
5252,60.27099609375
5253,5.78955078125
5254,-24.82568359375
5255,41.98974609375
5256,101.35595703125
5257,-16.280517578125
5258,52.28002929687501
5259,36.433349609375
5260,-7.05419921875
5261,-24.85302734375
5262,51.99658203125
5263,37.03271484375
5264,0.9230957031249999
5265,-20.2939453125
5266,-41.551025390625
5267,60.888916015625
5268,59.124755859375
5269,-17.658935546875
5270,-34.318115234375
5271,54.388427734375
5272,58.61962890625
5273,2.591552734375
5274,-31.282958984375
5275,59.72802734375
5276,-42.25122070312499
5277,-24.585205078125
5278,18.514404296875
5279,54.907958984375
5280,-43.83203125
5281,-23.3642578125
5282,-17.28076171875
5283,67.0
5284,-6.842041015625
5285,23.95947265625
5286,26.3056640625
5287,10.697265625
5288,-3.659912109375
5289,29.900634765625
5290,23.97265625
5291,9.272949218749998
5292,-6.49072265625
5293,2.55859375
5294,5.665771484375
5295,-5.52587890625
5296,-15.510498046875
5297,-0.4287109375
5298,3.2578125
5299,2.30322265625
5300,-12.0205078125
5301,5.512451171875
5302,4.31396484375
5303,-6.33544921875
5304,10.63525390625
5305,-5.121337890625001
5306,-1.1484375
5307,-6.374267578125
5308,5.84375
5309,25.839599609375
5310,2.406494140625
5311,152.828125
5312,86.91845703125
5313,-29.10009765625
5314,73.67138671875
5315,41.73974609375
5316,87.755126953125
5317,-30.946533203124996
5318,9.494384765625
5319,17.12451171875
5320,-9.053955078125
5321,-2.815185546875
5322,-5.85107421875
5323,-16.480224609375
5324,1.9521484375
5325,0.9431152343750001
5326,-4.210205078125
5327,37.7294921875
5328,-2.4794921875000004
5329,-30.735351562500004
5330,50.98779296875
5331,43.090087890625
5332,-18.443359375
5333,-25.833251953125
5334,51.32080078125
5335,44.6103515625
5336,8.6767578125
5337,-16.730712890625
5338,10.58837890625
5339,-8.62939453125
5340,-10.036865234375
5341,-3.971923828125
5342,28.927978515625
5343,-10.609619140625
5344,-13.51904296875
5345,37.395751953125
5346,22.484619140625
5347,-11.7724609375
5348,67.27978515625
5349,15.648193359375
5350,15.016845703125
5351,-30.6943359375
5352,66.68408203125
5353,14.898193359375
5354,-19.22607421875
5355,-0.22021484375
5356,-5.057373046875
5357,-7.468505859374999
5358,-2.17431640625
5359,-10.045654296875
5360,5.48193359375
5361,-8.180908203125
5362,-4.513427734375
5363,15.03369140625
5364,2.10205078125
5365,1.4638671875
5366,45.436767578125
5367,55.432373046875
5368,92.992431640625
5369,17.837158203125
5370,47.42431640624999
5371,62.699462890625
5372,-12.6748046875
5373,-5.575439453125
5374,-1.672607421875
5375,2.1982421875
5376,1.1298828125
5377,2.775634765625
5378,-2.633544921875
5379,0.7316894531250002
5380,2.14599609375
5381,6.311279296875
5382,0.363037109375
5383,0.03076171875
5384,4.822021484375
5385,3.875244140625
5386,0.005126953124999944
5387,-7.26953125
5388,4.172119140625
5389,1.5170898437499996
5390,17.092041015625
5391,-0.560791015625
5392,6.520751953125
5393,-12.53662109375
5394,1.484130859375
5395,3.53759765625
5396,20.632568359375
5397,-10.051513671875
5398,1.659912109375
5399,-4.8125
5400,4.91357421875
5401,-12.606201171875
5402,15.37353515625
5403,11.31005859375
5404,14.11181640625
5405,-10.8916015625
5406,18.14794921875
5407,11.218505859375
5408,0.9025878906249999
5409,-3.644287109375
5410,9.09130859375
5411,8.930419921875
5412,-6.095947265625
5413,-7.984130859374999
5414,4.97119140625
5415,6.95654296875
5416,-6.957763671875
5417,63.128662109375
5418,15.252685546875
5419,5.885986328125
5420,-60.32958984375
5421,-42.437744140625
5422,15.230224609375
5423,69.947509765625
5424,-64.102783203125
5425,-42.40966796875
5426,1.0102539062499998
5427,95.16577148437501
5428,83.62426757812499
5429,-4.40478515625
5430,-40.003662109375
5431,17.786865234375
5432,44.685791015625
5433,-5.614990234375
5434,-37.78515625
5435,18.49755859375
5436,122.2724609375
5437,53.74853515625
5438,-19.694091796875004
5439,-37.81494140625
5440,17.38232421875
5441,52.9921875
5442,-16.79150390625
5443,-38.855712890625
5444,13.073486328125
5445,123.052978515625
5446,54.5458984375
5447,-16.083984375
5448,-37.2177734375
5449,25.170166015625
5450,82.204833984375
5451,-14.321533203125
5452,-37.74755859375
5453,-7.577392578125
5454,70.845703125
5455,-1.546875
5456,7.373291015625
5457,13.54443359375
5458,-17.240966796875
5459,-0.179931640625
5460,17.423095703125
5461,14.45458984375
5462,19.78515625
5463,-4.829345703125
5464,41.7919921875
5465,-17.846923828125
5466,-37.72802734375
5467,36.142578125
5468,34.943359375
5469,-20.8974609375
5470,-39.5224609375
5471,-16.40625
5472,33.293212890625
5473,-10.894775390625
5474,2.86669921875
5475,9.635986328125
5476,6.235595703125
5477,-4.99365234375
5478,5.57373046875
5479,11.92822265625
5480,4.171875
5481,1.271728515625
5482,4.521240234375
5483,1.3493652343749991
5484,-2.94873046875
5485,-10.330078125
5486,-1.659912109375
5487,1.077880859375
5488,-6.556884765625
5489,39.698486328125
5490,6.171875
5491,-49.27441406250001
5492,126.78466796875
5493,93.537841796875
5494,2.513916015625
5495,-57.24316406250001
5496,122.236083984375
5497,89.55053710937499
5498,-6.589599609374999
5499,-46.483642578125
5500,-52.619873046875
5501,38.68212890625
5502,131.120361328125
5503,-48.138427734375
5504,-32.90234375
5505,36.060791015625
5506,135.146484375
5507,-16.098876953125
5508,-66.17919921875
5509,8.228759765625
5510,-3.7236328124999996
5511,-8.4609375
5512,-16.94140625
5513,6.494384765625
5514,-8.051513671875
5515,-10.7353515625
5516,33.583984375
5517,16.095947265625
5518,9.489501953125
5519,-7.10302734375
5520,-2.396484375
5521,50.966064453125
5522,11.577880859375
5523,-6.58544921875
5524,0.237548828125
5525,-40.71533203125
5526,-4.72900390625
5527,76.754150390625
5528,-5.317138671875
5529,-44.87060546874999
5530,27.266357421875
5531,84.09716796875
5532,-1.898681640625
5533,-44.04736328125
5534,-3.3056640624999996
5535,112.65283203125
5536,-1.5234375
5537,17.264404296875
5538,-1.8564453125
5539,4.6796875
5540,-7.446044921875
5541,13.672607421875
5542,0.074462890625
5543,7.130126953125
5544,-15.0634765625
5545,1.075439453125
5546,6.456787109374999
5547,1.048828125
5548,6.32568359375
5549,-7.001953124999999
5550,4.813232421875
5551,2.2548828125
5552,35.898193359375
5553,-2.498046875
5554,-5.227294921875
5555,21.14208984375
5556,15.346923828125
5557,-6.206787109374999
5558,-0.20825195312500044
5559,15.26708984375
5560,18.8466796875
5561,15.257080078125
5562,-4.6376953125
5563,50.5439453125
5564,-13.674072265625
5565,-36.560302734375
5566,32.69921875
5567,38.0712890625
5568,-15.6884765625
5569,-34.633544921875
5570,1.769287109375
5571,41.646484375
5572,-13.262451171875
5573,25.7529296875
5574,15.53759765625
5575,-1.4287109375
5576,-7.68701171875
5577,36.364501953125
5578,16.4150390625
5579,0.6691894531249999
5580,-12.453613281250002
5581,-6.8935546875
5582,15.977783203125
5583,15.614013671875
5584,-10.800048828125
5585,3.37939453125
5586,14.421630859375
5587,12.5947265625
5588,7.51904296875
5589,-4.35791015625
5590,-35.908935546875
5591,59.97265625
5592,91.556640625
5593,9.3876953125
5594,-52.89013671875
5595,64.416259765625
5596,87.041259765625
5597,-4.4208984375
5598,-39.81787109375
5599,-17.83447265625
5600,53.274169921875
5601,33.12060546875
5602,-7.865966796875
5603,-24.504150390625
5604,51.201171875
5605,30.43505859375
5606,-4.313720703125
5607,-21.893798828125
5608,-26.655517578125
5609,69.615478515625
5610,50.807861328125
5611,-26.261474609375
5612,-29.679687500000004
5613,71.033935546875
5614,47.497314453125
5615,-1.9541015625
5616,-18.899658203124996
5617,93.2666015625
5618,-39.67333984375
5619,-19.310302734374996
5620,23.38525390625
5621,22.803466796875004
5622,-37.807373046875
5623,-22.418701171875
5624,-48.427001953125
5625,62.94506835937501
5626,5.39501953125
5627,-2.2763671875
5628,2.47802734375
5629,-12.745361328125
5630,7.82177734375
5631,-0.5517578125
5632,1.5791015625
5633,40.73876953125
5634,2.24658203125
5635,-16.23486328125
5636,36.3447265625
5637,30.146240234375
5638,4.78271484375
5639,-14.988281249999998
5640,36.684326171875
5641,33.143310546875
5642,2.2841796875
5643,-6.7900390625
5644,-32.311279296875
5645,57.114501953125
5646,54.568115234375
5647,-13.777099609375
5648,-39.247314453125
5649,58.11181640624999
5650,55.3310546875
5651,5.78857421875
5652,-26.65234375
5653,68.75390625
5654,-42.85986328125
5655,-39.89697265625
5656,21.406005859375
5657,68.90966796875
5658,-36.551025390625
5659,-38.68945312500001
5660,-10.2998046875
5661,78.9130859375
5662,-24.284423828125
5663,33.804931640625
5664,46.68017578125
5665,-17.3916015625
5666,-18.8525390625
5667,33.619140625
5668,43.698974609375
5669,6.730224609374999
5670,-13.380615234375
5671,-27.233642578125
5672,-15.599365234375
5673,24.563232421875
5674,10.1044921875
5675,24.122802734374996
5676,-15.2734375
5677,27.247314453125
5678,3.965087890625
5679,-18.781494140625
5680,-30.5029296875
5681,43.40185546874999
5682,42.86181640624999
5683,37.422119140625
5684,-21.101562499999996
5685,40.49365234375
5686,45.478271484375
5687,11.324951171875
5688,-25.921875
5689,1.3759765625
5690,7.265869140625001
5691,6.240234375000001
5692,-5.0498046875
5693,-3.129150390625
5694,6.478515624999999
5695,6.0859375
5696,11.849609375
5697,3.473876953125
5698,-18.16552734375
5699,43.61279296875
5700,33.324951171875
5701,12.982666015625002
5702,-19.653076171875
5703,35.822998046875
5704,37.604736328125
5705,0.182861328125
5706,-9.6015625
5707,-4.5830078125
5708,11.728515625
5709,9.559814453125
5710,-3.18505859375
5711,-3.872802734375
5712,13.5048828125
5713,8.576904296875
5714,2.137939453125
5715,1.623046875
5716,-0.7609863281249999
5717,14.02099609375
5718,11.8671875
5719,-1.773681640625
5720,3.232421875
5721,14.9013671875
5722,14.61572265625
5723,23.107666015625
5724,-0.89501953125
5725,4.31640625
5726,30.0595703125
5727,-0.7109374999999998
5728,25.801513671875
5729,-8.92529296875
5730,35.930419921875
5731,0.626953125
5732,3.5732421875000004
5733,-22.039306640625
5734,-20.939453125
5735,47.16845703125
5736,43.272705078125
5737,-14.083984375
5738,-19.62060546875
5739,48.80859375
5740,44.979736328125
5741,1.0595703125
5742,-10.94384765625
5743,-42.716552734375
5744,64.65625
5745,68.796875
5746,20.3232421875
5747,-31.985595703125
5748,66.002685546875
5749,77.537353515625
5750,1.428955078125
5751,-27.4716796875
5752,-12.594970703125
5753,18.608642578125
5754,16.873291015625
5755,-5.6533203125
5756,-10.712890625
5757,17.390869140625
5758,16.77490234375
5759,5.71728515625
5760,-6.20166015625
5761,-18.189697265625
5762,62.07080078125
5763,34.728515625
5764,0.33251953125
5765,-27.513671875
5766,64.58642578125
5767,39.795166015625
5768,-2.105712890625
5769,-27.062255859375
5770,-17.968505859375
5771,60.91162109375
5772,38.074462890625
5773,-9.976806640625
5774,-26.926025390625
5775,59.95263671875
5776,34.048828125
5777,-3.126708984375001
5778,-27.138671875
5779,-42.46923828125
5780,84.344970703125
5781,52.95654296875
5782,9.552490234375
5783,-47.0146484375
5784,87.785400390625
5785,57.480224609375
5786,-0.5781250000000003
5787,-31.93115234375
5788,-22.784423828125
5789,17.842529296875
5790,46.850830078125
5791,-8.2314453125
5792,-18.932373046875
5793,21.955322265625004
5794,41.46435546874999
5795,9.775146484374998
5796,-15.390869140625
5797,-73.25048828125
5798,-61.69384765625
5799,84.126708984375
5800,-17.513671875
5801,-4.692626953125
5802,-63.259033203125
5803,77.69628906250001
5804,-4.82861328125
5805,-12.480224609375
5806,45.406982421875
5807,-19.82373046875
5808,-17.390380859375
5809,-4.1396484375
5810,28.97705078125
5811,-17.24462890625
5812,-19.686523437499996
5813,17.38330078125
5814,37.50634765625
5815,-0.6779785156249999
5816,-10.007324218749998
5817,9.16796875
5818,-11.310791015625002
5819,20.06689453125
5820,-12.456787109375
5821,8.061767578125
5822,-8.152587890625
5823,2.45263671875
5824,2.85546875
5825,6.259765624999999
5826,-5.136962890625001
5827,-9.879150390625
5828,7.3427734375
5829,3.903076171875
5830,-3.707275390625
5831,4.3505859375
5832,0.2509765625
5833,8.3330078125
5834,31.44873046875
5835,19.345703125
5836,-28.87109375
5837,-6.400634765625001
5838,29.1318359375
5839,20.9716796875
5840,-7.169189453125
5841,1.764404296875
5842,29.674560546875
5843,-3.9638671875000004
5844,-12.572265625
5845,11.406738281250002
5846,32.676513671875
5847,-3.235107421875
5848,-11.1748046875
5849,27.078857421875
5850,34.317138671875
5851,-12.454833984374998
5852,13.4814453125
5853,13.7431640625
5854,13.8232421875
5855,-6.536376953125
5856,13.514892578125
5857,10.26220703125
5858,6.654052734375
5859,-2.742431640625
5860,-3.906982421875
5861,15.19677734375
5862,10.87646484375
5863,7.3564453125
5864,-6.2880859375
5865,14.49853515625
5866,8.209716796875
5867,12.08154296875
5868,-6.145263671875
5869,-12.65771484375
5870,14.36572265625
5871,10.741455078125
5872,11.333984375
5873,-4.289306640625
5874,16.665283203125
5875,11.6689453125
5876,5.154296875000001
5877,-12.591552734375
5878,-5.318359375000001
5879,10.569580078125
5880,8.4755859375
5881,10.83740234375
5882,-2.129638671875
5883,9.468505859375
5884,9.451904296875
5885,17.221923828125
5886,-1.439453125
5887,-14.3603515625
5888,12.773193359375
5889,13.431884765625
5890,16.820068359375
5891,-12.25439453125
5892,13.554931640625
5893,13.9609375
5894,10.84814453125
5895,-5.590087890625001
5896,-3.316162109375
5897,12.898681640625
5898,6.471435546875
5899,10.486572265625
5900,-7.1591796875
5901,9.116943359375
5902,10.0068359375
5903,14.686279296875
5904,-2.45361328125
5905,-13.234619140625
5906,12.969482421875
5907,12.46875
5908,16.992919921875
5909,-8.968505859375
5910,14.600341796875
5911,10.6767578125
5912,9.940185546875
5913,-9.902343750000002
5914,-0.499755859375
5915,2.201171875
5916,0.9892578124999998
5917,-5.24755859375
5918,-3.37939453125
5919,2.36083984375
5920,1.022705078125
5921,31.826904296875
5922,0.493408203125
5923,-29.65087890625
5924,28.13671875
5925,46.04150390625
5926,-14.192138671875
5927,-20.664062499999996
5928,28.31982421875
5929,44.85058593749999
5930,11.150634765625
5931,-16.383544921875
5932,14.1123046875
5933,-17.1953125
5934,-35.489990234375
5935,0.88232421875
5936,33.539306640625
5937,-22.43701171875
5938,-39.57812499999999
5939,-20.394775390625
5940,39.767578125
5941,30.2236328125
5942,-64.81689453125
5943,-72.72998046875
5944,18.787841796875004
5945,109.902099609375
5946,-65.0029296875
5947,-72.808349609375
5948,-20.207275390625
5949,38.504150390625
5950,5.17578125
5951,-17.255615234375
5952,-13.852783203125
5953,-0.325439453125
5954,11.092529296875
5955,-15.399658203125
5956,-16.6201171875
5957,-14.789794921875
5958,22.397216796875004
5959,43.5
5960,7.734619140625001
5961,-11.802734375
5962,3.419677734375
5963,19.817626953125
5964,6.377197265625
5965,-7.866455078125
5966,117.540283203125
5967,18.31103515625
5968,18.925048828125
5969,2.65283203125
5970,-20.007812499999996
5971,-2.86279296875
5972,16.669677734375
5973,1.578125
5974,-20.154296875
5975,-11.195800781250002
5976,9.026123046875
5977,-11.5126953125
5978,16.053466796875
5979,17.579345703125
5980,-37.820556640625
5981,3.6806640624999996
5982,18.31005859375
5983,16.819091796875
5984,-3.2421875
5985,-4.680419921875
5986,12.317138671875
5987,-11.655517578125
5988,6.00537109375
5989,-2.897705078125001
5990,15.2724609375
5991,-12.9345703125
5992,4.166748046875
5993,78.788818359375
5994,16.22021484375
5995,-0.8542480468750001
5996,4.1845703125
5997,1.8410644531249998
5998,0.7883300781249999
5999,2.743408203125
6000,0.3232421875
6001,0.126953125
6002,21.6357421875
6003,0.6679687499999997
6004,-29.736328125
6005,26.15673828125
6006,24.054687500000004
6007,56.419921875
6008,-20.886474609375
6009,25.685302734374996
6010,26.900634765625
6011,-17.37646484375
6012,-22.16552734375
6013,67.4619140625
6014,-17.895751953125
6015,-17.818359375
6016,9.6162109375
6017,36.34326171875
6018,-20.017333984375
6019,-15.723876953125
6020,-0.5849609375
6021,63.535888671875
6022,9.552490234375
6023,57.01123046875
6024,64.195068359375
6025,63.3876953125
6026,-14.2392578125
6027,59.121826171875
6028,69.041259765625
6029,-11.699462890625
6030,-15.438720703125
6031,17.722412109375
6032,58.256103515625
6033,48.475830078125
6034,-5.423095703125
6035,-13.806396484374998
6036,61.287841796875
6037,43.4677734375
6038,-1.1640625
6039,-3.5361328124999996
6040,0.7678222656249999
6041,1.6245117187500002
6042,-3.304443359375
6043,-17.8046875
6044,1.766845703125
6045,2.750244140625
6046,2.58203125
6047,-1.3662109375
6048,1.052001953125
6049,-6.2080078125
6050,25.69189453125
6051,31.446533203124996
6052,-41.335693359375
6053,-10.06689453125
6054,24.468017578125
6055,33.9228515625
6056,-4.355712890625
6057,-9.281738281250002
6058,16.892578125
6059,0.75146484375
6060,0.7038574218750001
6061,-1.3168945312499998
6062,18.040771484375
6063,2.8212890624999996
6064,5.7158203125
6065,32.482666015625
6066,2.262451171875
6067,-6.800048828125
6068,38.47705078125
6069,44.13916015625
6070,64.00341796875
6071,-10.680175781250002
6072,40.35375976562501
6073,45.01416015625
6074,-7.917724609374999
6075,-7.622314453125
6076,134.33203125
6077,89.2607421875
6078,-27.023437500000004
6079,57.759521484375
6080,7.279541015625
6081,87.403564453125
6082,-28.783935546875
6083,-6.646240234375
6084,1.2993164062499998
6085,65.959716796875
6086,-33.96044921875
6087,-44.99316406250001
6088,31.565917968749996
6089,165.08740234375
6090,-31.414306640625
6091,-46.23095703125
6092,53.3037109375
6093,-14.39404296875
6094,57.102294921875
6095,-33.62109375
6096,-11.680908203125
6097,18.893310546875
6098,-1.267822265625
6099,-36.083251953125
6100,-14.3603515625
6101,-48.897216796875
6102,42.827392578125
6103,6.007080078125
6104,-13.079833984374998
6105,10.464111328125
6106,-5.073974609374999
6107,8.53955078125
6108,-11.21240234375
6109,7.196044921875
6110,54.75195312500001
6111,7.1015625
6112,-23.2060546875
6113,32.623779296875
6114,66.891845703125
6115,-50.75830078125
6116,-23.661865234375
6117,33.49169921875
6118,68.68994140625
6119,6.122314453125
6120,-27.41455078125
6121,4.4072265625
6122,4.08056640625
6123,0.451416015625
6124,-13.2841796875
6125,6.52978515625
6126,6.95703125
6127,-2.181884765625
6128,5.4921875
6129,0.8986816406249999
6130,18.77685546875
6131,-19.658935546875
6132,-1.805908203125
6133,40.70874023437499
6134,36.58544921875
6135,-17.569091796875
6136,-4.013671875
6137,-34.5791015625
6138,22.017333984375
6139,13.005126953125
6140,-8.847900390625
6141,-8.994384765625
6142,-1.447998046875
6143,14.97412109375
6144,-6.1083984375
6145,-13.13525390625
6146,39.466064453125
6147,22.21630859375
6148,10.816650390625
6149,-11.481689453125
6150,-12.686767578125
6151,-2.5322265624999996
6152,16.275146484375
6153,-9.466064453125
6154,-11.5185546875
6155,-11.574462890625
6156,14.7099609375
6157,2.44970703125
6158,-12.499511718749998
6159,-6.612548828125
6160,3.6318359375000004
6161,11.5224609375
6162,-13.256591796875
6163,-5.922607421875
6164,-5.5263671875
6165,11.898925781250002
6166,-6.81640625
6167,5.309326171875
6168,6.013916015625
6169,4.811279296875
6170,-5.571533203125
6171,6.83203125
6172,6.345947265625
6173,14.434326171875
6174,-2.261474609375
6175,16.1728515625
6176,19.39501953125
6177,-3.443359375
6178,5.3291015625
6179,0.518310546875
6180,15.723876953125
6181,-7.052490234375
6182,2.68017578125
6183,-3.1748046875000004
6184,-2.789794921875
6185,5.68603515625
6186,6.254638671875
6187,6.755859375000001
6188,-4.781494140625001
6189,7.614013671875
6190,5.117431640625001
6191,-0.26953125
6192,-0.13916015625
6193,-6.581298828125
6194,2.662109375
6195,7.324462890625001
6196,25.490966796875004
6197,-3.45458984375
6198,2.7783203124999996
6199,5.37158203125
6200,12.9482421875
6201,-2.322998046875
6202,27.43115234375
6203,-18.333251953125
6204,-16.879638671875
6205,1.162841796875
6206,28.378173828125
6207,-15.867919921875
6208,-18.00390625
6209,10.43896484375
6210,36.735595703125
6211,15.020263671875
6212,-3.315185546875
6213,-11.52197265625
6214,-4.8486328125
6215,17.845703125
6216,-4.781005859374999
6217,-8.729248046875
6218,27.662109375
6219,16.4345703125
6220,-2.694091796875
6221,10.047363281250002
6222,3.63232421875
6223,-24.861083984375
6224,11.737548828125
6225,7.932861328125
6226,8.157470703125
6227,7.47509765625
6228,3.142333984375
6229,27.295898437499996
6230,-1.536376953125
6231,-12.190185546875
6232,6.930908203125
6233,40.44091796875
6234,0.529541015625
6235,-14.785888671875
6236,72.431640625
6237,29.619873046875
6238,60.836669921875
6239,-20.89990234375
6240,-34.917236328125
6241,22.767822265625004
6242,62.58203125
6243,-19.591796875
6244,-32.97900390625
6245,-18.619384765625
6246,37.958251953125
6247,-6.224609375000001
6248,113.212158203125
6249,74.4443359375
6250,14.264892578125
6251,-30.829101562500004
6252,118.22998046874999
6253,82.6650390625
6254,2.408935546875
6255,-22.990478515625
6256,-0.5751953125
6257,3.70166015625
6258,7.125244140625001
6259,-0.351318359375
6260,-5.824462890625001
6261,6.950439453125
6262,9.634765625
6263,15.9990234375
6264,-5.245361328125
6265,-4.370361328125
6266,40.774658203125
6267,30.643798828125
6268,8.73388671875
6269,-19.333740234375
6270,37.683837890625
6271,28.931396484375
6272,-2.671630859375
6273,-20.834716796875004
6274,-6.1064453125
6275,9.16943359375
6276,9.3466796875
6277,12.3125
6278,-6.4296875
6279,6.556640624999999
6280,11.459716796875
6281,14.952636718749998
6282,-7.60888671875
6283,-8.138671875
6284,4.242919921875
6285,17.08544921875
6286,11.349853515625002
6287,-12.4931640625
6288,4.337158203125
6289,12.546142578125
6290,17.195556640625
6291,-5.364990234375
6292,-4.24365234375
6293,27.909912109375
6294,22.867431640625
6295,-2.01708984375
6296,-14.943603515625002
6297,33.15966796875
6298,25.702148437499996
6299,1.627197265625
6300,-1.8312988281249998
6301,-19.662353515625
6302,62.8935546875
6303,62.236572265625
6304,-14.111572265625
6305,-24.159667968749996
6306,61.283935546875
6307,58.448974609375
6308,1.297119140625
6309,-20.866455078125
6310,17.462646484375
6311,-30.14111328125
6312,-27.263427734374996
6313,34.123779296875
6314,48.51953125
6315,-33.18115234375
6316,-25.978271484375
6317,2.3171386718750004
6318,21.043701171875
6319,-2.31689453125
6320,7.408935546875
6321,16.54833984375
6322,16.52490234375
6323,-5.150146484375
6324,7.585693359374999
6325,15.083740234375
6326,16.365966796875
6327,-8.963134765625
6328,-0.15234375
6329,1.588134765625
6330,0.55615234375
6331,-14.408203125
6332,0.02807617187500011
6333,-1.0576171875
6334,2.07666015625
6335,-8.2177734375
6336,7.447998046875
6337,-6.42529296875
6338,-5.347900390625001
6339,7.705322265625
6340,-0.5869140625
6341,-5.98681640625
6342,-3.201904296875
6343,6.085205078125
6344,22.820312499999996
6345,1.121826171875
6346,45.30029296875
6347,123.227783203125
6348,76.62109374999999
6349,82.473388671875
6350,-25.611328125
6351,125.86303710937499
6352,78.02490234374999
6353,-1.9790039062499998
6354,-13.437011718749998
6355,-9.981689453125
6356,-4.926025390625001
6357,-10.136474609375
6358,40.37646484375
6359,-14.2548828125
6360,-1.8525390625
6361,-7.7626953125
6362,-17.4462890625
6363,68.85595703125
6364,31.999267578125
6365,-27.912353515625
6366,-38.335693359375
6367,29.299072265625004
6368,30.81787109375
6369,-28.111328125
6370,-37.660400390625
6371,-7.448486328125
6372,72.302734375
6373,-1.400146484375
6374,-0.9150390625
6375,14.27685546875
6376,-1.958251953125
6377,-5.557861328125
6378,3.11865234375
6379,16.481201171875
6380,39.724853515625
6381,1.656494140625
6382,2.69140625
6383,13.843261718749998
6384,8.556884765625
6385,-4.917236328125
6386,0.311767578125
6387,17.4892578125
6388,8.73583984375
6389,10.700439453125
6390,-6.15771484375
6391,-23.672851562500004
6392,-0.000732421875
6393,31.4306640625
6394,19.616943359375
6395,-5.6259765625
6396,-1.6372070312499998
6397,32.207275390625
6398,1.652099609375
6399,-13.7421875
6400,-13.0078125
6401,58.029052734375
6402,55.72119140625
6403,-13.486572265625
6404,-18.39501953125
6405,62.10400390625
6406,50.035400390625
6407,-3.4150390624999996
6408,-15.9443359375
6409,-22.728515625
6410,78.222900390625
6411,100.2041015625
6412,-15.859863281250002
6413,-29.762451171875
6414,73.091796875
6415,95.567626953125
6416,-3.137451171875
6417,-24.246582031250004
6418,48.65502929687501
6419,-17.27880859375
6420,-46.865234375
6421,29.181640625
6422,55.025146484375
6423,-12.484619140625
6424,-48.827880859375
6425,-10.783935546875
6426,64.943115234375
6427,7.798095703125
6428,2.6171875
6429,3.690673828125
6430,-10.525634765625
6431,0.382568359375
6432,3.49267578125
6433,5.095703124999999
6434,25.149169921875
6435,2.85400390625
6436,-12.178466796875
6437,35.998779296875
6438,30.69873046875
6439,3.522216796875
6440,-35.13916015625
6441,37.790283203125
6442,32.85791015625
6443,-1.2802734375
6444,-19.913818359375
6445,-13.88623046875
6446,-9.48876953125
6447,33.85302734375
6448,31.208251953125
6449,-74.91259765625001
6450,-13.2314453125
6451,36.281982421875
6452,-8.45068359375
6453,-8.076171875
6454,2.7412109375000004
6455,-5.95947265625
6456,-4.138427734375
6457,8.96337890625
6458,9.509521484374998
6459,-8.214599609375
6460,-6.053466796875
6461,-1.905029296875
6462,22.252197265625004
6463,24.14208984375
6464,2.82666015625
6465,9.367675781250002
6466,-2.076904296875
6467,21.744873046875
6468,2.755615234375
6469,3.852783203125
6470,82.1533203125
6471,1.827392578125
6472,13.2900390625
6473,-7.663330078125
6474,-26.572021484375
6475,-5.846923828125
6476,20.284667968749996
6477,-6.931640624999999
6478,-24.311279296875
6479,-7.741943359374999
6480,47.44189453125001
6481,-9.73974609375
6482,12.338623046875
6483,13.2529296875
6484,10.740478515625002
6485,-7.205322265625
6486,12.110595703125
6487,10.574951171875
6488,-8.077880859375
6489,-3.682373046875
6490,12.447509765625
6491,-4.610107421875
6492,-6.90234375
6493,-3.14794921875
6494,16.739501953125
6495,-3.91259765625
6496,-5.245849609374999
6497,8.92333984375
6498,21.18994140625
6499,0.5029296874999998
6500,6.60205078125
6501,-2.92919921875
6502,3.88671875
6503,-2.035400390625
6504,6.9091796875
6505,-2.5234375
6506,26.7236328125
6507,-3.68359375
6508,-2.896240234375
6509,-4.775390624999999
6510,-2.18212890625
6511,-7.669189453125
6512,-1.384765625
6513,-3.841064453125
6514,-2.523193359375
6515,15.57568359375
6516,3.77001953125
6517,4.648681640625001
6518,-28.372802734374996
6519,14.32666015625
6520,46.214599609375
6521,9.65966796875
6522,-25.96142578125
6523,14.94384765625
6524,-30.121337890625
6525,1.846435546875
6526,21.956298828125
6527,-5.47509765625
6528,-20.073974609375
6529,7.433349609374999
6530,40.20312499999999
6531,-10.135498046875
6532,-17.332763671875
6533,-1.047607421875
6534,36.68017578125
6535,-20.445068359375
6536,82.41650390625
6537,96.501953125
6538,-10.21875
6539,-30.588623046875
6540,77.2919921875
6541,100.18603515625
6542,-7.89013671875
6543,-25.39990234375
6544,-20.131591796875004
6545,54.165771484375
6546,56.76025390625
6547,-16.39599609375
6548,-20.311279296875
6549,56.021484375
6550,60.545166015625
6551,-2.17041015625
6552,-23.24560546875
6553,4.87109375
6554,10.548583984374998
6555,-7.52294921875
6556,-3.364013671875
6557,-17.943115234375
6558,15.85009765625
6559,1.495849609375
6560,8.890625
6561,29.089111328125
6562,12.38427734375
6563,-20.2998046875
6564,-19.427490234375
6565,-4.52880859375
6566,33.605712890625
6567,-15.875732421875
6568,-17.11181640625
6569,-62.739013671875
6570,52.871826171875
6571,6.202880859374999
6572,-5.382080078125
6573,-6.094482421875
6574,-0.14770507812500044
6575,9.1416015625
6576,-5.084228515625
6577,-6.867431640625001
6578,-6.344970703125
6579,9.592041015625002
6580,8.19873046875
6581,8.59033203125
6582,-3.36376953125
6583,-0.9140625
6584,7.595703124999999
6585,7.919921875000001
6586,-0.055419921875
6587,12.841796875
6588,5.330322265625
6589,3.25048828125
6590,2.899169921875
6591,10.207275390625
6592,7.826904296875
6593,2.922119140625
6594,1.5678710937500002
6595,9.404296875
6596,12.004638671875
6597,-5.5615234375
6598,-4.823486328125
6599,2.583984375
6600,2.867919921875
6601,5.765869140625001
6602,-7.5576171875
6603,7.771484375000001
6604,2.9990234375000004
6605,2.09423828125
6606,-10.029541015625002
6607,-9.142578125
6608,15.98583984375
6609,6.1455078125
6610,10.253662109375
6611,-5.70849609375
6612,14.07373046875
6613,4.87255859375
6614,10.702880859375
6615,-13.47021484375
6616,-6.716552734375
6617,14.564697265625
6618,1.8984375
6619,5.16455078125
6620,-5.018310546875
6621,13.02001953125
6622,-1.186767578125
6623,5.031494140625001
6624,-11.051513671875
6625,-0.9821777343750001
6626,8.99853515625
6627,-0.80517578125
6628,3.923583984375
6629,-15.490478515625002
6630,2.401611328125
6631,3.70361328125
6632,2.2822265625
6633,-11.230224609375
6634,-2.122314453125
6635,7.14501953125
6636,-4.145751953125
6637,6.718994140625001
6638,-9.291015625
6639,6.453857421875
6640,1.4521484375
6641,6.26025390625
6642,-17.60107421875
6643,-6.552734375000001
6644,10.743896484374998
6645,12.40869140625
6646,-7.67724609375
6647,-5.517822265625
6648,8.94970703125
6649,8.72314453125
6650,6.12939453125
6651,-0.7209472656250002
6652,2.457275390625
6653,-8.116455078125
6654,3.579345703125
6655,-3.66796875
6656,12.081298828125
6657,-9.0576171875
6658,6.4140625
6659,-11.98681640625
6660,7.27490234375
6661,-7.705810546875
6662,-21.431396484375
6663,19.319580078125
6664,-2.4716796875000004
6665,20.733398437499996
6666,-24.26953125
6667,20.80810546875
6668,2.304443359375
6669,4.983154296875
6670,10.688232421875
6671,-5.94140625
6672,-4.660400390625001
6673,9.624267578125
6674,5.143798828125
6675,-2.460205078125
6676,-3.830810546875
6677,-4.165771484375
6678,10.84912109375
6679,-3.644287109375
6680,7.050537109374999
6681,11.026611328125
6682,6.615478515625
6683,-8.220458984375
6684,6.625
6685,10.9169921875
6686,16.467041015625
6687,1.645751953125
6688,-2.759033203125
6689,10.33935546875
6690,7.383056640625001
6691,10.8876953125
6692,-8.279541015625
6693,7.13427734375
6694,7.038818359374999
6695,4.72509765625
6696,0.68408203125
6697,-3.19091796875
6698,0.353759765625
6699,1.3671875
6700,4.317626953125
6701,-13.0751953125
6702,5.473876953125
6703,4.94775390625
6704,6.66796875
6705,-12.0341796875
6706,4.22998046875
6707,12.74560546875
6708,-10.060302734375
6709,0.41162109375
6710,-10.3369140625
6711,12.32958984375
6712,-6.009033203125
6713,10.78564453125
6714,-19.710693359375
6715,5.664794921875
6716,-8.799072265625
6717,10.72802734375
6718,-5.954345703125
6719,12.55810546875
6720,-6.447021484375
6721,8.427001953125
6722,-12.655517578125
6723,5.911865234375
6724,0.29296875000000006
6725,-4.607666015625
6726,-0.3203125
6727,10.233154296875
6728,-16.439697265625
6729,-3.239990234375
6730,-2.94775390625
6731,-1.958740234375
6732,7.135498046875
6733,1.267822265625
6734,-0.671875
6735,7.510009765625
6736,1.893798828125
6737,-7.74853515625
6738,1.292724609375
6739,8.518310546875
6740,23.528076171875
6741,-3.103271484375
6742,3.550048828125
6743,-1.1708984375
6744,2.18505859375
6745,16.468994140625
6746,12.922119140625
6747,-3.46240234375
6748,-2.91357421875
6749,-6.286376953125
6750,9.845703125
6751,-4.4970703125
6752,-3.220703125
6753,7.01611328125
6754,1.7026367187500002
6755,4.193603515625
6756,-0.9211425781249999
6757,5.242919921875
6758,17.996337890625
6759,5.53662109375
6760,-2.312255859375
6761,1.10498046875
6762,1.111328125
6763,0.22265625
6764,6.549072265625
6765,-5.853271484375
6766,-2.943603515625
6767,-6.062255859374999
6768,7.584228515625
6769,-9.504638671875
6770,10.59912109375
6771,4.131591796875
6772,8.58642578125
6773,4.1376953125
6774,6.511474609374999
6775,3.393310546875
6776,1.5405273437500002
6777,-10.080078125
6778,0.166748046875
6779,3.420654296875
6780,7.00244140625
6781,12.779541015625002
6782,-4.388671875
6783,-0.021484375
6784,9.60595703125
6785,13.403076171875
6786,-7.98828125
6787,0.0087890625
6788,1.359619140625
6789,0.12060546874999978
6790,-5.3447265625
6791,1.6088867187500002
6792,2.404541015625
6793,6.6298828125
6794,10.427734375
6795,-8.368896484375
6796,3.895751953125
6797,-8.8046875
6798,6.910400390625001
6799,5.338134765625
6800,-6.740966796875
6801,-7.731201171875
6802,2.211669921875
6803,2.46728515625
6804,14.008300781250002
6805,9.187744140625
6806,-2.722900390625
6807,-8.573974609375
6808,-11.385498046875
6809,10.000244140625
6810,-4.10546875
6811,-13.163330078125
6812,-9.144775390625
6813,-10.690185546875
6814,9.238281249999998
6815,-5.018798828125
6816,-5.36767578125
6817,-2.72314453125
6818,0.7839355468750001
6819,-3.2451171875000004
6820,-2.6015625
6821,2.729248046875
6822,12.1396484375
6823,-8.875732421875
6824,12.768310546875
6825,6.221435546875
6826,-12.994384765625
6827,-2.66748046875
6828,14.1474609375
6829,8.532958984375
6830,-6.5595703125
6831,1.796142578125
6832,0.7717285156249999
6833,5.54150390625
6834,7.916748046875
6835,11.956298828125
6836,-2.293212890625
6837,3.89501953125
6838,4.9013671875
6839,-3.63134765625
6840,-23.842041015625
6841,6.785400390625001
6842,2.230224609375
6843,-1.228271484375
6844,11.972412109375
6845,-3.86669921875
6846,1.228515625
6847,-3.80810546875
6848,-1.450927734375
6849,8.277587890625
6850,-0.7082519531249999
6851,-0.6384277343750001
6852,16.21484375
6853,0.16064453125
6854,3.038818359375
6855,-5.068603515625
6856,14.136962890625
6857,24.19873046875
6858,2.73291015625
6859,6.701904296875
6860,6.738525390625001
6861,-2.821044921875
6862,-14.676025390625
6863,4.114013671875
6864,4.31787109375
6865,0.41064453125
6866,-5.4638671875
6867,7.044677734375
6868,-16.877685546875
6869,42.97875976562501
6870,42.995361328125
6871,-28.914794921875
6872,-3.46533203125
6873,43.5166015625
6874,38.25439453125001
6875,-5.690673828125
6876,-28.900390625
6877,42.06127929687501
6878,-17.271240234375
6879,-30.875732421875
6880,18.550048828125
6881,60.6826171875
6882,-15.860595703125
6883,-31.827392578125
6884,-0.8024902343750001
6885,51.5712890625
6886,-26.847412109375
6887,1.7666015625
6888,37.79345703125
6889,15.444580078125
6890,-14.181884765625
6891,-2.67333984375
6892,39.089111328125
6893,8.412841796875
6894,-24.634521484375
6895,-8.3486328125
6896,29.684326171875
6897,64.791748046875
6898,6.866943359374999
6899,-21.782470703125
6900,31.100341796875004
6901,63.412353515625
6902,-3.58349609375
6903,-8.875244140625
6904,2.36962890625
6905,11.053955078125
6906,11.3359375
6907,-20.677490234375
6908,-3.04736328125
6909,12.40283203125
6910,5.69189453125
6911,10.738281249999998
6912,-3.23681640625
6913,19.45947265625
6914,-21.71728515625
6915,-28.778076171875
6916,26.043701171875
6917,46.988037109375
6918,-21.240966796875004
6919,-30.544189453125
6920,-9.780517578125
6921,28.639648437499996
6922,2.344970703125
6923,13.4794921875
6924,13.81591796875
6925,-16.1396484375
6926,2.07373046875
6927,17.35986328125
6928,14.919189453125
6929,11.113281249999998
6930,6.2216796875
6931,-5.42724609375
6932,93.564453125
6933,71.154296875
6934,43.54833984375
6935,-34.9931640625
6936,95.224609375
6937,73.739501953125
6938,-12.90478515625
6939,-9.194091796875
6940,8.101806640625
6941,3.922607421875
6942,-2.282470703125
6943,-2.364501953125
6944,9.12890625
6945,2.908447265625
6946,-2.624267578125
6947,33.511962890625
6948,9.867431640625
6949,13.839843750000002
6950,-5.404296875000001
6951,-5.74609375
6952,-10.7666015625
6953,11.1435546875
6954,-5.038330078125
6955,-4.169921875
6956,-4.639892578125
6957,2.853271484375
6958,-6.015625
6959,20.838623046875
6960,13.337890625
6961,-10.580810546875
6962,-2.1142578125
6963,19.15625
6964,12.128173828125
6965,6.1845703125
6966,-6.078369140625001
6967,-27.741455078125
6968,5.246826171875
6969,48.327392578125
6970,16.85107421875
6971,-18.10693359375
6972,8.408203125
6973,44.88134765625
6974,4.2734375
6975,-28.474365234375
6976,-18.670898437499996
6977,63.46240234375
6978,84.70068359375
6979,-6.071533203125
6980,-30.945312499999996
6981,63.189208984375
6982,86.48046875
6983,-4.942138671875
6984,-26.18896484375
6985,-22.5068359375
6986,61.679443359375
6987,74.922607421875
6988,-13.861328125
6989,-29.87353515625
6990,63.60131835937501
6991,78.42236328124999
6992,-3.48046875
6993,-24.12744140625
6994,-17.753662109375
6995,7.735595703125
6996,26.476806640625
6997,11.86474609375
6998,-0.059326171875
6999,10.512451171875
7000,24.939697265625004
7001,-18.220703125
7002,-7.757080078125
7003,1.017822265625
7004,8.809814453125
7005,-0.138916015625
7006,-8.4091796875
7007,0.082763671875
7008,12.1640625
7009,4.598876953125
7010,7.236328124999999
7011,-1.06884765625
7012,0.6865234375
7013,28.049560546875
7014,9.22998046875
7015,-2.744140625
7016,-5.633544921875
7017,26.391601562500004
7018,13.905029296875
7019,1.5673828125
7020,-11.244140625
7021,-4.11474609375
7022,50.999755859375
7023,38.977783203125
7024,11.73974609375
7025,-21.235595703125
7026,52.85693359375001
7027,40.244873046875
7028,-2.76513671875
7029,16.187744140625
7030,5.015869140625001
7031,14.739013671875
7032,11.762939453125
7033,-7.504150390625001
7034,5.184814453125
7035,12.5244140625
7036,11.622314453125
7037,5.47900390625
7038,-1.432861328125
7039,-10.737548828125
7040,37.07495117187499
7041,53.688232421875
7042,-18.23046875
7043,-28.239501953125
7044,29.633544921875
7045,52.534423828125
7046,1.2724609375
7047,-3.432861328125
7048,27.291015625
7049,-36.578857421875
7050,-30.923583984375
7051,0.7888183593750001
7052,219.09545898437503
7053,-35.96630859375
7054,-28.591064453125
7055,-10.939697265625
7056,-16.473388671875
7057,68.657470703125
7058,74.336181640625
7059,-1.1831054687500004
7060,46.458984375
7061,-13.332275390625
7062,71.1376953125
7063,4.837646484374999
7064,-5.0078125
7065,22.730712890625
7066,-6.987548828125
7067,6.052001953125
7068,1.0380859375
7069,-20.469970703125
7070,6.54150390625
7071,9.204345703125
7072,2.583251953125
7073,-12.1640625
7074,-6.0771484375
7075,12.140136718749998
7076,0.7431640625
7077,-3.61474609375
7078,-4.134033203125
7079,3.6865234375000004
7080,0.532470703125
7081,0.227783203125
7082,26.676513671875
7083,10.83740234375
7084,7.603271484375
7085,9.841796875
7086,5.3212890625
7087,0.8815917968750001
7088,3.499755859375
7089,6.710205078125
7090,2.687744140625
7091,1.946533203125
7092,-2.42529296875
7093,-3.857177734375
7094,9.95947265625
7095,25.092773437499996
7096,-9.1767578125
7097,-4.252685546875
7098,9.9150390625
7099,22.7705078125
7100,6.34326171875
7101,-1.5302734375
7102,-26.079345703125
7103,13.969482421875
7104,47.4541015625
7105,41.867919921875
7106,-37.5849609375
7107,18.54248046875
7108,48.184326171875
7109,0.6787109375000002
7110,-14.506591796875
7111,-8.02587890625
7112,-7.43505859375
7113,0.45581054687500006
7114,0.15673828125
7115,7.721435546875
7116,-12.4619140625
7117,1.465087890625
7118,-5.58544921875
7119,-2.69091796875
7120,-2.68408203125
7121,0.0771484375
7122,-2.606201171875
7123,-21.0517578125
7124,7.62060546875
7125,2.257568359375
7126,-1.511474609375
7127,-15.421875
7128,-1.5419921875
7129,-1.8076171875
7130,1.6279296875
7131,4.585205078125
7132,-1.8891601562499998
7133,-5.65625
7134,2.7319335937499996
7135,5.861572265625
7136,25.67578125
7137,-2.958251953125
7138,7.525390624999999
7139,18.530517578125
7140,16.6962890625
7141,-0.6020507812499998
7142,2.470458984375
7143,20.138671875
7144,12.420166015625002
7145,6.35693359375
7146,5.601318359374999
7147,-37.771728515625
7148,5.7138671875
7149,53.826416015625
7150,-10.30126953125
7151,-20.43505859375
7152,7.7158203125
7153,54.621826171875
7154,4.51318359375
7155,-26.17919921875
7156,35.743896484375
7157,-15.011962890625
7158,-15.241943359375
7159,26.405273437499996
7160,19.18701171875
7161,-10.52587890625
7162,-17.189453125
7163,-12.694091796875
7164,28.918212890625
7165,-4.7578125
7166,19.468017578125
7167,3.0185546875000004
7168,-9.11474609375
7169,-3.52685546875
7170,20.16796875
7171,-0.2666015625
7172,10.294921875
7173,4.470458984375
7174,1.052734375
7175,3.167724609375
7176,12.554443359375
7177,-2.00048828125
7178,7.067626953125
7179,6.009521484375
7180,16.517578125
7181,0.6044921875
7182,-16.45751953125
7183,-27.841796875
7184,12.80322265625
7185,48.11572265625
7186,-12.341064453125
7187,-29.094970703125
7188,13.437011718749998
7189,51.732421875
7190,3.60107421875
7191,-19.493896484375
7192,12.052978515625002
7193,-11.14697265625
7194,6.250732421875
7195,37.924072265625
7196,43.82812499999999
7197,-11.024169921875
7198,2.980712890625
7199,-5.313720703125
7200,38.177978515625
7201,14.030517578125
7202,-0.8801269531249999
7203,-2.892333984375
7204,6.2626953125
7205,3.760986328125
7206,4.754638671875
7207,-1.3388671875
7208,-0.566162109375
7209,7.871826171875
7210,-1.423583984375
7211,16.86669921875
7212,2.427978515625
7213,3.650390625
7214,-5.680419921875
7215,12.318359375
7216,1.699462890625
7217,23.56396484375
7218,0.6486816406250001
7219,-3.43408203125
7220,6.65966796875
7221,-3.62548828125
7222,1.459716796875
7223,2.239013671875
7224,6.9453125
7225,-8.010498046875
7226,-11.685302734375
7227,8.50244140625
7228,-17.095947265625
7229,-11.802978515625002
7230,9.5595703125
7231,-0.427001953125
7232,6.6982421875
7233,-12.195800781250002
7234,5.583251953125
7235,-1.5073242187500002
7236,-2.487060546875
7237,-16.57177734375
7238,11.667724609375
7239,0.510009765625
7240,12.32275390625
7241,-2.2939453125
7242,11.0888671875
7243,6.26025390625
7244,1.1181640625
7245,-5.49365234375
7246,8.1279296875
7247,7.378662109374999
7248,-4.51025390625
7249,-7.34814453125
7250,-1.08740234375
7251,6.561279296875
7252,-2.421630859375
7253,34.3095703125
7254,9.0107421875
7255,-20.1357421875
7256,39.0888671875
7257,7.390625
7258,13.0537109375
7259,11.102294921875
7260,38.633544921875
7261,12.289794921875
7262,4.909423828125
7263,-6.222900390625001
7264,-16.8115234375
7265,5.7421875
7266,32.302001953125
7267,1.556640625
7268,-12.6640625
7269,5.416015624999999
7270,29.47998046875
7271,11.362548828125
7272,-5.628662109374999
7273,-38.415771484375
7274,5.404052734375
7275,65.310302734375
7276,6.22119140625
7277,-28.972412109375
7278,6.2880859375
7279,65.57470703125
7280,-0.283447265625
7281,-24.694580078125
7282,-39.446044921875
7283,7.3525390625
7284,47.240234375
7285,-11.785156249999998
7286,-16.866943359375
7287,8.81591796875
7288,46.680419921875
7289,6.314453124999999
7290,-20.5830078125
7291,1.270751953125
7292,-15.72802734375
7293,17.139892578125
7294,35.527587890625
7295,46.757080078125
7296,-16.429443359375
7297,14.397216796875
7298,-7.728759765625
7299,43.99169921875
7300,8.99072265625
7301,3.37158203125
7302,-4.287109375
7303,11.272949218749998
7304,9.62841796875
7305,7.078369140625001
7306,-0.7734375
7307,-4.657470703125
7308,7.064208984375
7309,22.8564453125
7310,0.30029296875
7311,-0.60107421875
7312,-3.7236328124999996
7313,6.185302734375
7314,7.572998046875
7315,-4.4599609375
7316,47.70874023437499
7317,14.095947265625
7318,-32.703125
7319,14.606201171875
7320,39.627197265625
7321,-13.2236328125
7322,-17.444580078125
7323,15.660888671875
7324,39.146484375
7325,11.016357421875
7326,-11.42431640625
7327,-9.671386718749998
7328,13.130126953125
7329,-13.756103515625002
7330,-12.697265625
7331,9.281494140625
7332,14.497314453125
7333,-14.405761718749998
7334,-25.331542968749996
7335,29.635009765625
7336,43.221435546875
7337,-2.77734375
7338,-10.510009765625
7339,-6.224365234375
7340,6.617431640625001
7341,-4.785400390625001
7342,-8.149169921875
7343,52.921630859375
7344,25.161376953125
7345,-4.223388671875
7346,6.157470703125
7347,5.52001953125
7348,2.8642578124999996
7349,-6.74365234375
7350,3.556640625
7351,7.0
7352,-13.739990234375
7353,-6.85302734375
7354,-0.8571777343750001
7355,9.423828125
7356,2.203125
7357,30.93798828125
7358,-6.801513671875
7359,6.949462890625001
7360,0.91845703125
7361,5.22900390625
7362,22.705810546875
7363,6.69189453125
7364,-3.608154296875
7365,-2.043701171875
7366,-1.937744140625
7367,10.34130859375
7368,-8.667236328125
7369,-6.5517578125
7370,-12.936767578125
7371,2.99462890625
7372,1.2407226562499998
7373,6.205322265625
7374,1.14697265625
7375,-20.70361328125
7376,7.80712890625
7377,2.310791015625
7378,-1.10498046875
7379,-6.929443359374999
7380,0.45556640625
7381,-3.911376953125
7382,8.438232421875
7383,0.251953125
7384,4.0126953125
7385,-13.949951171875
7386,4.07080078125
7387,2.610595703125
7388,1.6030273437500002
7389,-6.487548828125
7390,-15.66748046875
7391,-8.626220703125
7392,14.347900390625
7393,9.64404296875
7394,14.79443359375
7395,-5.967041015625
7396,12.27783203125
7397,-7.244873046875
7398,-7.142578124999999
7399,11.47119140625
7400,-0.7062988281249999
7401,-6.63916015625
7402,0.98388671875
7403,21.218994140625
7404,1.6171875
7405,-7.4248046875
7406,15.05615234375
7407,11.810302734375
7408,0.6550292968749998
7409,3.943115234375
7410,1.915771484375
7411,0.271240234375
7412,-0.9313964843750001
7413,8.204345703125
7414,0.119140625
7415,10.373291015625002
7416,-0.7177734375
7417,-0.389892578125
7418,-11.922607421875
7419,6.52099609375
7420,8.63916015625
7421,23.447021484375
7422,-13.094970703125
7423,5.91015625
7424,-6.70263671875
7425,11.349365234375
7426,-2.83056640625
7427,2.280517578125
7428,3.947021484375
7429,7.14111328125
7430,5.13623046875
7431,3.332275390625
7432,2.43212890625
7433,6.922607421875
7434,-7.734375
7435,7.681640624999999
7436,-11.6171875
7437,5.8935546875
7438,-0.017822265625
7439,-2.4501953124999996
7440,-9.49365234375
7441,7.581787109374999
7442,49.895263671875
7443,6.181884765625
7444,13.855712890625
7445,66.363525390625
7446,44.8125
7447,178.2392578125
7448,14.794921875
7449,70.151123046875
7450,46.542236328125
7451,-2.15576171875
7452,48.010498046875
7453,4.558837890625
7454,9.533935546875
7455,2.952392578125
7456,33.455322265625
7457,-4.546142578125
7458,11.056640625
7459,3.636474609375
7460,2.696044921874999
7461,21.232666015625
7462,-3.099365234375
7463,-15.535888671875
7464,-3.696044921875
7465,-9.969238281250002
7466,155.776123046875
7467,-14.23779296875
7468,-2.50439453125
7469,12.876220703125
7470,-52.234619140625
7471,29.173095703125
7472,-19.590332031250004
7473,-38.54687500000001
7474,16.355712890625
7475,26.637207031250004
7476,-19.625732421875
7477,-40.700927734375
7478,9.841552734375
7479,39.54833984375
7480,141.160400390625
7481,128.986083984375
7482,-24.049560546875
7483,73.544677734375
7484,38.02099609375
7485,130.955078125
7486,-24.203369140625
7487,46.406982421875
7488,-8.0595703125
7489,5.389404296875
7490,6.615234375000001
7491,6.305908203125
7492,8.751708984375
7493,8.395751953125
7494,6.5380859375
7495,8.7822265625
7496,0.9343261718750001
7497,-3.474609375
7498,0.935546875
7499,13.150146484374998
7500,-2.543701171875
7501,7.434814453125
7502,-1.516357421875
7503,11.996093750000002
7504,-1.0732421875
7505,5.058349609374999
7506,-7.887939453125
7507,-5.4765625
7508,6.4921875
7509,9.166015625
7510,-16.646728515625
7511,-2.824462890625
7512,7.99072265625
7513,10.36572265625
7514,4.31884765625
7515,-3.102294921875
7516,4.261962890625
7517,10.810546875
7518,0.04931640625
7519,-16.2001953125
7520,13.481201171875
7521,10.170654296875
7522,-2.852294921875
7523,-9.613037109375
7524,4.487548828125
7525,-10.423095703125
7526,11.377685546875
7527,39.38134765625
7528,-23.46044921875
7529,-25.642333984375
7530,16.0078125
7531,40.435791015625
7532,9.75439453125
7533,-10.837158203125
7534,4.164306640625
7535,-4.341796875
7536,-4.273681640625
7537,-9.457275390625
7538,49.32275390625
7539,-4.196044921875
7540,-3.9765625
7541,-61.4814453125
7542,29.165283203124996
7543,2.6166992187499996
7544,8.711181640625
7545,14.868408203125
7546,-10.705322265625
7547,-4.22412109375
7548,8.826171875
7549,13.555419921875
7550,11.358886718749998
7551,2.758056640625
7552,-22.58984375
7553,18.15234375
7554,64.576416015625
7555,-37.648193359375
7556,-38.961669921875
7557,17.294677734375
7558,61.5546875
7559,9.3642578125
7560,-14.069091796875
7561,-4.811279296875
7562,24.102294921875
7563,0.7839355468750001
7564,6.602294921875
7565,-8.20654296875
7566,22.013671875
7567,-3.5185546875000004
7568,9.317138671875
7569,-18.1982421875
7570,-3.2060546875000004
7571,-4.61767578125
7572,-5.372802734375
7573,2.652099609375
7574,1.834716796875
7575,-3.288818359375
7576,-4.25048828125
7577,22.568115234375
7578,10.0703125
7579,53.544921875
7580,119.01049804687499
7581,-4.997314453125
7582,73.606689453125
7583,12.901123046875
7584,114.99267578125
7585,-5.07861328125
7586,19.9345703125
7587,2.784423828125
7588,1.671875
7589,-3.242919921875
7590,4.112548828125
7591,8.294189453125
7592,19.978515625
7593,-3.734375
7594,0.9482421875
7595,17.107666015625
7596,-5.49267578125
7597,15.55322265625
7598,3.921142578125
7599,-15.587890625
7600,0.10302734375
7601,16.88037109375
7602,1.132080078125
7603,-10.58349609375
7604,29.452880859375
7605,3.802490234375
7606,3.27978515625
7607,-2.168701171875
7608,0.4794921875
7609,-3.954833984375
7610,-3.288818359375
7611,2.170166015625
7612,1.001953125
7613,-12.156982421875
7614,-1.629150390625
7615,1.26171875
7616,-2.388916015625
7617,0.88134765625
7618,5.792724609374999
7619,3.1220703124999996
7620,4.1318359375
7621,-4.422607421875
7622,0.444580078125
7623,-1.6005859375
7624,6.112060546875
7625,-8.342529296875
7626,-5.761962890625001
7627,1.097412109375
7628,-0.66064453125
7629,-6.625
7630,-2.43603515625
7631,5.2216796875
7632,12.6630859375
7633,2.76513671875
7634,-0.8518066406249999
7635,5.30712890625
7636,-3.610595703125
7637,6.863525390625001
7638,-3.845703125
7639,1.5541992187500002
7640,-7.85791015625
7641,13.138427734375
7642,18.62255859375
7643,0.16455078125
7644,-10.516357421875
7645,6.50439453125
7646,7.472412109374999
7647,-3.8583984375000004
7648,-10.169921875
7649,0.24462890625
7650,-2.407470703125
7651,-1.6303710937500002
7652,7.099365234375
7653,-3.46728515625
7654,5.678955078125
7655,-5.85546875
7656,4.766845703125
7657,-1.10400390625
7658,8.513671875
7659,-7.16552734375
7660,-21.7861328125
7661,-9.0439453125
7662,12.587158203125
7663,4.427490234375
7664,11.011474609375
7665,-12.86865234375
7666,13.3671875
7667,1.4619140625
7668,1.08642578125
7669,-4.910888671875
7670,10.385498046875
7671,7.623291015625
7672,17.622802734375
7673,-13.281494140625
7674,12.613525390625
7675,7.56298828125
7676,9.183349609375
7677,-8.38134765625
7678,3.065185546875
7679,-1.2319335937500002
7680,-0.18115234375
7681,-0.2197265625
7682,10.34619140625
7683,-2.729736328125
7684,-0.62939453125
7685,24.596923828125
7686,1.646728515625
7687,7.105224609374999
7688,-2.007080078125
7689,-2.8134765624999996
7690,6.593994140625001
7691,11.20458984375
7692,-6.025390624999999
7693,-5.4541015625
7694,1.8115234375
7695,9.416015625
7696,2.548828125
7697,-4.0400390625
7698,-0.27685546875
7699,7.309326171875
7700,3.09765625
7701,-1.009521484375
7702,-4.00341796875
7703,1.690673828125
7704,-0.09130859375
7705,13.056396484374998
7706,-8.837890625
7707,-13.047363281250002
7708,8.141845703125
7709,10.3759765625
7710,-13.33837890625
7711,-12.7236328125
7712,-8.810302734375
7713,10.63916015625
7714,18.73828125
7715,-7.651611328125
7716,-0.66552734375
7717,-18.123291015625
7718,5.31982421875
7719,-3.751953125
7720,1.8618164062499998
7721,42.744140625
7722,4.472900390625
7723,57.662353515625
7724,40.052734375
7725,12.234375
7726,141.41552734375
7727,26.3876953125
7728,46.135498046875
7729,11.9228515625
7730,7.610107421875
7731,22.33642578125
7732,21.490966796875004
7733,-7.331787109374999
7734,-6.354248046875
7735,6.83349609375
7736,0.595703125
7737,-0.393798828125
7738,-12.732666015625002
7739,1.946044921875
7740,-3.962646484375
7741,7.24462890625
7742,6.2724609375
7743,-9.067626953125
7744,12.373291015625002
7745,95.406982421875
7746,11.03271484375
7747,-4.982177734375
7748,29.369140625
7749,-28.782226562500004
7750,17.728271484375
7751,-4.448974609375
7752,-5.434326171875
7753,2.85791015625
7754,33.84326171875
7755,-5.738037109374999
7756,-4.752685546875
7757,29.715087890625
7758,16.92138671875
7759,5.364501953125
7760,-1.3452148437500002
7761,-12.702636718749998
7762,-3.255615234375
7763,3.018798828125
7764,-0.7736816406249999
7765,-10.1171875
7766,-19.55419921875
7767,8.430908203125
7768,-4.09423828125
7769,11.95556640625
7770,5.965087890625001
7771,9.276611328125
7772,-20.472167968749996
7773,11.322509765625
7774,6.603271484375
7775,11.180175781250002
7776,-0.5969238281249999
7777,17.10888671875
7778,19.612060546875
7779,-5.245361328125
7780,11.1904296875
7781,-9.18408203125
7782,16.156005859375
7783,-2.83056640625
7784,6.9931640625
7785,-12.28125
7786,7.482177734375
7787,-1.05810546875
7788,8.44921875
7789,20.503417968749996
7790,-4.51904296875
7791,-0.89111328125
7792,6.900390624999999
7793,18.21435546875
7794,-5.197509765625
7795,4.216796875
7796,-4.214599609375
7797,8.481201171875
7798,18.964111328125
7799,-0.9482421875
7800,-7.516357421875
7801,9.326904296875
7802,29.954345703125
7803,-2.579833984375
7804,14.875488281250002
7805,14.133056640625
7806,-7.935546875000001
7807,5.727294921875
7808,-5.82470703125
7809,16.306884765625
7810,-4.841064453125
7811,1.255126953125
7812,-10.743896484374998
7813,-19.07861328125
7814,-10.484619140625
7815,12.348876953125
7816,-3.07666015625
7817,8.73974609375
7818,-7.74560546875
7819,9.109619140625
7820,-6.9697265625
7821,-6.975341796875
7822,6.109375
7823,10.1640625
7824,7.3330078125
7825,8.80859375
7826,-4.201416015625
7827,14.928466796875
7828,11.804931640625
7829,27.320556640625
7830,-1.189453125
7831,12.384033203125
7832,3.5009765624999996
7833,10.630126953125
7834,4.741943359374999
7835,6.71630859375
7836,4.47998046875
7837,10.33056640625
7838,3.084716796875
7839,2.15283203125
7840,6.77197265625
7841,2.547119140625
7842,10.2509765625
7843,-1.5698242187500002
7844,0.9152832031249999
7845,2.3681640624999996
7846,10.06005859375
7847,8.304931640625
7848,6.18115234375
7849,-20.09765625
7850,5.66748046875
7851,43.282958984375
7852,3.106201171875
7853,-15.5361328125
7854,4.19482421875
7855,38.29541015625
7856,9.517822265625
7857,0.6044921875
7858,-59.698974609375
7859,-0.4736328125
7860,34.213623046875
7861,-10.3623046875
7862,1.8452148437500002
7863,1.682861328125
7864,30.39794921875
7865,4.63525390625
7866,-33.029296875
7867,40.96533203125
7868,-34.8232421875
7869,-36.401123046875
7870,18.632080078125
7871,68.58349609375
7872,-35.02490234375
7873,-36.59814453125
7874,16.391357421875
7875,43.77392578125
7876,79.617431640625
7877,-16.56005859375
7878,-30.992919921875
7879,21.850341796875004
7880,29.384521484375
7881,-18.361572265625
7882,-33.452880859375
7883,100.7314453125
7884,62.06054687499999
7885,16.936767578125
7886,15.7265625
7887,6.739990234375
7888,20.024658203124996
7889,0.355224609375
7890,12.991699218749998
7891,1.658935546875
7892,-21.965576171875
7893,-10.262939453125
7894,8.825927734375
7895,20.199462890625
7896,26.684814453125
7897,-25.70166015625
7898,-8.431640625
7899,16.653564453125
7900,24.336181640625
7901,-0.4365234375
7902,-6.569091796875
7903,8.1689453125
7904,-22.277587890625
7905,19.555419921875
7906,22.370849609375
7907,10.20654296875
7908,-23.330078125
7909,18.44384765625
7910,-28.218017578125
7911,-9.007568359375
7912,13.818115234375
7913,-9.841064453125
7914,-7.37890625
7915,-2.053466796875
7916,6.147705078125
7917,-11.8037109375
7918,-3.82763671875
7919,-4.5654296875
7920,25.0048828125
7921,1.2456054687500002
7922,4.92919921875
7923,12.201904296875
7924,-2.570068359375
7925,-1.688232421875
7926,4.573974609375
7927,9.67724609375
7928,18.986328125
7929,7.608642578125
7930,8.055908203125
7931,-3.169189453125
7932,-5.1015625
7933,-5.243408203125
7934,7.0849609375
7935,-1.162353515625
7936,-3.25048828125
7937,3.5322265624999996
7938,13.034912109375
7939,-2.045166015625
7940,14.076416015625002
7941,12.057373046875
7942,-27.604736328125
7943,0.6286621093750001
7944,15.8154296875
7945,14.541748046875
7946,2.191162109375
7947,-8.477294921875
7948,14.40966796875
7949,0.41650390624999956
7950,-10.828125
7951,12.90185546875
7952,24.970703125
7953,-3.978759765625
7954,-8.944091796875
7955,25.264404296875
7956,19.095703125
7957,-8.375244140625
7958,19.176025390625
7959,8.059326171875
7960,-8.23876953125
7961,0.5871582031249999
7962,22.19580078125
7963,5.5146484375
7964,20.831542968749996
7965,-1.312744140625
7966,-10.0634765625
7967,24.390380859375
7968,27.95751953125
7969,-6.181640624999999
7970,-12.161865234375
7971,23.422607421875
7972,28.01318359375
7973,-1.961181640625
7974,-0.8395996093750001
7975,-6.65673828125
7976,58.9580078125
7977,25.112792968749996
7978,25.400146484375
7979,-19.28564453125
7980,51.955078125
7981,21.840087890625
7982,-2.36181640625
7983,-20.219482421875
7984,-2.10400390625
7985,8.18359375
7986,9.126708984375
7987,-0.297607421875
7988,8.949462890625
7989,12.2099609375
7990,10.413330078125
7991,22.31640625
7992,9.34814453125
7993,-29.14990234375
7994,78.833984375
7995,54.192138671875
7996,12.964843750000002
7997,-23.19189453125
7998,78.111083984375
7999,53.663330078125
8000,1.3129882812499996
8001,-26.6123046875
8002,-13.415771484374998
8003,34.665283203125
8004,31.796142578125
8005,-5.406494140625001
8006,-4.54833984375
8007,29.84814453125
8008,30.312255859375
8009,2.5400390624999996
8010,-3.377685546875
8011,-22.40869140625
8012,63.943115234375
8013,51.5849609375
8014,2.812255859375
8015,-21.324462890625
8016,63.205322265625
8017,47.57812499999999
8018,2.69970703125
8019,-16.58984375
8020,-29.289794921875
8021,93.82763671875001
8022,53.752685546875
8023,9.921875
8024,-30.311767578125
8025,89.001953125
8026,59.107421875
8027,0.50390625
8028,-26.717529296875
8029,-7.029541015625
8030,31.471923828125
8031,30.1162109375
8032,-9.0849609375
8033,-12.239013671875
8034,23.10009765625
8035,31.158935546875
8036,4.41943359375
8037,-8.008544921875
8038,-48.72607421875
8039,79.578369140625
8040,65.47802734375
8041,10.523193359375
8042,-38.9716796875
8043,83.802978515625
8044,65.46484375
8045,0.22094726562499956
8046,-26.812255859375
8047,-33.108642578125
8048,33.665771484375
8049,39.681884765625
8050,-17.1083984375
8051,-13.262451171875
8052,33.600341796875
8053,39.684814453125
8054,2.688720703125
8055,-16.347412109375
8056,-45.419921875
8057,-64.765869140625
8058,32.505859375
8059,10.390869140625
8060,11.0966796875
8061,-66.982177734375
8062,28.736083984375
8063,-9.958984375
8064,18.26318359375
8065,-25.899169921875
8066,60.54052734375
8067,39.5947265625
8068,-21.61865234375
8069,11.897216796875
8070,55.30566406250001
8071,40.93359375
8072,-10.490966796875
8073,-27.82763671875
8074,-29.22412109375
8075,80.338623046875
8076,73.213623046875
8077,12.9736328125
8078,-39.21826171875
8079,78.698486328125
8080,68.61767578125
8081,-3.14892578125
8082,-25.65576171875
8083,-7.912109375000001
8084,33.426513671875
8085,23.902832031250004
8086,0.197509765625
8087,-6.216064453125
8088,32.555419921875
8089,17.964111328125
8090,-1.2016601562499998
8091,-4.99951171875
8092,-3.149169921875
8093,14.384033203125
8094,16.46044921875
8095,-2.8166503906250004
8096,8.419189453125
8097,17.074951171875
8098,17.525634765625
8099,18.742919921875
8100,1.5810546875
8101,-31.115966796875004
8102,89.492919921875
8103,82.11572265625
8104,19.120849609375
8105,-40.91625976562501
8106,92.82617187499999
8107,77.61181640625
8108,1.3410644531249998
8109,-27.85888671875
8110,-16.398193359375
8111,36.38720703125
8112,41.715087890625
8113,-20.45166015625
8114,-14.30810546875
8115,34.126708984375
8116,38.94433593749999
8117,-0.32275390625
8118,-13.140380859375
8119,-29.4306640625
8120,27.37255859375
8121,40.63256835937501
8122,42.18798828125
8123,-30.946533203124996
8124,28.510498046875
8125,42.82666015625
8126,-0.6608886718749997
8127,-1.401123046875
8128,16.105712890625
8129,12.080322265625
8130,-15.05126953125
8131,-2.277099609375
8132,0.62255859375
8133,15.144775390625
8134,-18.4892578125
8135,-2.588134765625
8136,-13.437988281250002
8137,-6.126708984375
8138,9.696044921875
8139,7.9765625
8140,-4.0927734375
8141,-6.760498046875
8142,10.30908203125
8143,6.299560546875
8144,10.52880859375
8145,-1.935791015625
8146,17.663818359375
8147,-10.143310546875
8148,-14.000244140625
8149,-1.713623046875
8150,0.25390625
8151,-9.08935546875
8152,-17.355224609375
8153,-4.1806640625
8154,4.916748046875
8155,20.15234375
8156,-9.00927734375
8157,-17.16552734375
8158,-4.18212890625
8159,6.32568359375
8160,-13.251708984374998
8161,-22.5517578125
8162,-7.59375
8163,4.173828125
8164,11.466552734375
8165,9.87939453125
8166,-10.970947265625
8167,-2.03955078125
8168,-1.6376953125
8169,10.3076171875
8170,-9.874267578125
8171,-0.2768554687499999
8172,-15.350830078125
8173,-0.435791015625
8174,-13.709228515625002
8175,0.03466796875
8176,3.141357421875
8177,19.014404296875
8178,-12.15625
8179,0.97119140625
8180,-9.791748046875
8181,4.48486328125
8182,-0.09326171875
8183,-1.442626953125
8184,7.047119140625001
8185,-1.980712890625
8186,-5.868408203125
8187,-0.04833984375
8188,3.560302734375
8189,30.89501953125
8190,-1.8999023437500002
8191,-8.0361328125
8192,16.673095703125
8193,26.74951171875
8194,-13.94970703125
8195,-8.4306640625
8196,19.627197265625004
8197,27.76123046875
8198,7.6474609375
8199,-3.359130859375
8200,80.58642578125
8201,-68.00048828125
8202,-48.23193359375001
8203,53.484130859375
8204,42.736328125
8205,-66.01953125
8206,-50.40502929687501
8207,-19.992919921875
8208,65.9384765625
8209,26.409423828125
8210,7.292236328125
8211,10.088134765625
8212,-3.967529296875
8213,22.4150390625
8214,6.443115234375
8215,5.932373046875
8216,88.204833984375
8217,11.201171875
8218,20.665771484375
8219,-35.135498046875
8220,-42.7607421875
8221,5.84326171875
8222,63.80419921875
8223,-35.736328125
8224,-45.578857421875
8225,7.173095703125
8226,50.46533203125
8227,-14.870361328125
8228,11.699951171875
8229,18.334716796875
8230,15.060302734375
8231,-18.069580078125
8232,13.91943359375
8233,15.047607421875
8234,3.819580078125
8235,-16.775390625
8236,-0.7844238281249999
8237,-1.733154296875
8238,-1.4892578125
8239,-3.26123046875
8240,1.250732421875
8241,-3.90283203125
8242,-3.3935546875000004
8243,42.66748046875
8244,0.1572265625
8245,-14.7509765625
8246,58.15820312500001
8247,19.258544921875
8248,27.96435546875
8249,-49.71337890625
8250,54.908447265625
8251,20.033203125
8252,-23.42626953125
8253,-20.480224609375
8254,-12.735595703125
8255,6.891845703125
8256,9.296630859375
8257,18.290771484375
8258,-13.6328125
8259,5.229248046875
8260,7.73828125
8261,20.663330078125
8262,-12.988525390625
8263,11.203857421875
8264,-10.175048828125
8265,-6.456787109374999
8266,-15.797363281250002
8267,11.92626953125
8268,-9.245361328125
8269,-4.05712890625
8270,38.89013671875
8271,4.4560546875
8272,-10.00146484375
8273,49.25341796875
8274,23.43017578125
8275,172.747802734375
8276,-0.07666015625
8277,48.997802734375
8278,28.804687500000004
8279,-16.849609375
8280,1.7739257812499998
8281,-3.419189453125
8282,43.37622070312499
8283,42.49658203125
8284,3.47705078125
8285,-2.479248046875
8286,39.1552734375
8287,42.26000976562501
8288,-4.02587890625
8289,-2.37353515625
8290,106.58154296875
8291,-25.87451171875
8292,-33.500732421875
8293,2.28271484375
8294,51.753662109375
8295,-29.315185546875
8296,-28.03076171875
8297,55.13818359375001
8298,51.859619140625
8299,-5.314697265625
8300,1.39453125
8301,-3.31884765625
8302,-16.650634765625
8303,-3.5673828124999996
8304,2.199462890625
8305,-3.111083984375
8306,17.062255859375
8307,-9.27685546875
8308,56.80078125
8309,3.9169921875000004
8310,-0.2133789062500009
8311,17.31591796875
8312,48.962158203125
8313,4.143798828125
8314,2.657958984375
8315,182.9931640625
8316,22.07421875
8317,2.658447265625
8318,-3.930908203125
8319,2.326171875
8320,-6.93310546875
8321,-3.87451171875
8322,0.6213378906249999
8323,1.3212890625
8324,27.87451171875
8325,-0.3876953125
8326,11.4677734375
8327,-4.524658203125
8328,-3.359619140625
8329,-12.0078125
8330,11.1611328125
8331,-6.22216796875
8332,-9.286865234375
8333,48.398193359375
8334,2.6982421875000004
8335,0.6447753906249999
8336,-1.487548828125
8337,-2.011474609375
8338,-14.922119140625
8339,5.180419921875
8340,-2.14404296875
8341,0.28564453125
8342,48.0341796875
8343,9.371826171875
8344,6.2685546875
8345,-7.567138671875
8346,-0.88671875
8347,-11.252197265625
8348,10.9677734375
8349,-10.52197265625
8350,-0.397705078125
8351,35.489013671875
8352,6.78466796875
8353,31.765869140625
8354,4.8701171875000036
8355,-11.14990234375
8356,13.588623046875
8357,33.709228515625
8358,3.481201171875
8359,-13.357421875
8360,39.8623046875
8361,41.361572265625
8362,0.46679687500000006
8363,22.367919921875
8364,17.636962890625
8365,-6.164306640625001
8366,3.99755859375
8367,17.95654296875
8368,21.57080078125
8369,14.238037109375
8370,-1.513427734375
8371,91.8857421875
8372,-45.992919921875
8373,-51.295166015625
8374,34.602783203125
8375,91.11621093749999
8376,-45.359619140625
8377,-51.4365234375
8378,-14.948486328125
8379,63.642822265625
8380,16.464111328125
8381,-15.644531249999998
8382,-15.289794921875
8383,-1.461669921875
8384,20.497314453125
8385,-15.994384765625
8386,-16.572265625
8387,-13.435791015625002
8388,19.593994140625
8389,19.527099609375
8390,-3.971435546875
8391,3.8583984375000004
8392,-9.0400390625
8393,10.1337890625
8394,-4.693603515625
8395,-3.166748046875
8396,106.02685546875
8397,21.391601562500004
8398,3.1298828124999996
8399,-5.170166015625
8400,-7.937255859374999
8401,-16.935791015625
8402,9.286376953125
8403,-3.1640625
8404,-12.468505859375
8405,-6.06005859375
8406,8.398193359375
8407,13.913574218749998
8408,13.001464843749998
8409,-24.18896484375
8410,49.56982421875
8411,17.786865234375
8412,16.565673828125
8413,-23.76708984375
8414,-38.61767578125
8415,63.58935546874999
8416,74.69482421875
8417,-55.911376953125
8418,-46.96435546874999
8419,34.61376953125
8420,76.94140625000001
8421,-56.827392578125
8422,-47.037841796875
8423,-16.823974609375
8424,104.06005859375001
8425,24.928466796875004
8426,1.4973144531249998
8427,-0.15551757812500008
8428,0.272705078125
8429,29.292236328125
8430,-1.4953613281250018
8431,1.880615234375
8432,73.584716796875
8433,33.4990234375
8434,-28.0498046875
8435,119.535888671875
8436,139.02490234375
8437,19.31396484375
8438,-45.520751953125
8439,123.191162109375
8440,130.720703125
8441,-4.450927734375
8442,-36.383056640625
8443,-17.588623046875
8444,76.410400390625
8445,76.39697265625
8446,-29.891601562500004
8447,-25.999023437499996
8448,78.66162109375
8449,77.8115234375
8450,-9.041748046875
8451,-24.1494140625
8452,50.115966796875
8453,-40.727294921875
8454,-34.767578125
8455,39.260986328125
8456,14.71240234375
8457,-42.049560546875
8458,-33.2568359375
8459,-18.185302734375
8460,53.826904296875
8461,-0.6291503906249999
8462,3.436767578125
8463,14.924072265625
8464,4.906982421875
8465,-3.6494140624999996
8466,8.09130859375
8467,13.003662109375
8468,26.918212890625
8469,1.361572265625
8470,1.1870117187500002
8471,5.6474609375
8472,7.079833984375
8473,3.962646484375
8474,-3.837890625
8475,9.789306640625
8476,5.76025390625
8477,2.185302734375
8478,-2.730712890625
8479,-9.339843750000002
8480,-8.244873046875
8481,2.269775390625
8482,2.25244140625
8483,10.345703125
8484,-10.141845703125
8485,10.034912109375
8486,-1.2819824218750002
8487,4.104248046875
8488,-11.21875
8489,20.619873046875
8490,21.023193359375
8491,13.5791015625
8492,-12.833251953125
8493,24.057373046875
8494,21.4345703125
8495,13.696044921875
8496,-15.396728515625002
8497,-11.7021484375
8498,25.497802734374996
8499,20.93701171875
8500,17.815673828125
8501,-16.705322265625
8502,22.066650390625
8503,22.686523437499996
8504,8.650634765625
8505,-15.427490234375
8506,-1.302490234375
8507,0.383056640625
8508,-0.156494140625
8509,-10.975341796875
8510,-1.03173828125
8511,-1.7612304687500002
8512,-1.037353515625
8513,33.329833984375
8514,-9.514892578125
8515,-29.507568359375
8516,92.53466796875
8517,86.96875000000001
8518,14.7255859375
8519,-19.351806640625
8520,99.58642578125
8521,89.17333984375
8522,3.126220703125
8523,-13.495361328125
8524,-25.094726562500004
8525,78.220458984375
8526,79.777587890625
8527,-1.3940429687499998
8528,-18.50390625
8529,87.535400390625
8530,77.32934570312499
8531,0.78173828125
8532,-16.117919921875
8533,-24.155517578125
8534,104.47827148437501
8535,100.880126953125
8536,-2.660888671875
8537,-25.717529296875
8538,108.770263671875
8539,94.269287109375
8540,-6.861572265625
8541,-9.687011718749998
8542,-12.71240234375
8543,75.1640625
8544,72.01318359375
8545,-20.89013671875
8546,-13.468017578125
8547,73.079345703125
8548,65.3505859375
8549,-4.024658203125
8550,-12.874267578125
8551,5.2109375
8552,-0.423095703125
8553,-10.125488281250002
8554,23.014404296875
8555,2.326904296875
8556,-1.668212890625
8557,-15.038574218749998
8558,3.21875
8559,-10.425781249999998
8560,-18.421142578125
8561,77.9208984375
8562,73.4951171875
8563,-19.52392578125
8564,-11.9755859375
8565,75.99658203125
8566,74.657958984375
8567,-8.37744140625
8568,-11.349853515625002
8569,-20.748779296875
8570,141.99755859375
8571,142.7275390625
8572,-4.4423828125
8573,-23.94482421875
8574,138.732666015625
8575,142.861572265625
8576,-7.145751953125
8577,-14.348388671874996
8578,-25.063476562500004
8579,128.893798828125
8580,120.823974609375
8581,0.454345703125
8582,-25.53125
8583,126.5498046875
8584,125.68994140624999
8585,-8.451416015625
8586,-20.371582031250004
8587,-15.75634765625
8588,59.77099609375
8589,51.090576171875
8590,-11.75146484375
8591,-11.463134765625
8592,62.508544921875
8593,55.966552734375
8594,-6.677001953125
8595,-14.801025390625
8596,-14.310546875
8597,97.201904296875
8598,75.212890625
8599,-20.31396484375
8600,-10.435302734375
8601,85.755126953125
8602,74.150146484375
8603,-9.317138671875
8604,-14.2314453125
8605,-23.439208984375
8606,116.521240234375
8607,102.18701171875
8608,28.528564453125
8609,-28.057861328125
8610,123.579833984375
8611,98.292724609375
8612,4.525390624999999
8613,-26.316650390625
8614,-0.35034179687500017
8615,29.322509765625
8616,26.7001953125
8617,-4.618896484375
8618,8.193603515625
8619,24.586669921875
8620,20.713134765625
8621,16.418212890625
8622,-1.9892578125
8623,-33.218017578125
8624,141.49853515625
8625,132.86572265625
8626,-8.772216796875
8627,-24.813476562500004
8628,139.27392578125
8629,137.812744140625
8630,-4.568115234375
8631,-16.64794921875
8632,-16.423095703125
8633,32.54541015625
8634,27.264404296875
8635,45.362060546875
8636,-12.813232421875
8637,29.139404296875
8638,30.951171875
8639,7.69482421875
8640,-17.859375
8641,12.192626953125
8642,-20.048583984375
8643,-11.871093750000002
8644,-6.5703125
8645,19.47412109375
8646,-24.253662109375
8647,-11.123291015625002
8648,-15.81494140625
8649,14.073974609375
8650,-3.343505859375
8651,-6.1650390625
8652,1.805908203125
8653,-14.455810546875
8654,-0.71728515625
8655,-4.09521484375
8656,-3.744140625
8657,47.022216796875
8658,-6.301025390625001
8659,31.850341796875004
8660,-33.893310546875
8661,-46.022705078125
8662,38.37939453125001
8663,27.086181640625
8664,-31.81201171875
8665,-52.90820312500001
8666,6.389892578125
8667,87.15234375
8668,-11.515625
8669,81.39672851562499
8670,84.212890625
8671,-23.3369140625
8672,-12.4580078125
8673,80.0400390625
8674,82.273681640625
8675,-15.058349609375
8676,-14.486328125
8677,-20.638183593750004
8678,125.427490234375
8679,123.26367187499999
8680,-7.13037109375
8681,-29.059326171875
8682,129.1533203125
8683,121.950927734375
8684,-9.875488281250002
8685,-19.478271484375
8686,-18.142822265625
8687,106.78076171875
8688,106.681640625
8689,-27.229736328125
8690,-25.813232421875
8691,104.4423828125
8692,107.341552734375
8693,-6.66943359375
8694,-22.83203125
8695,88.41162109375
8696,-48.752197265625
8697,-60.06103515625
8698,42.636962890625
8699,97.73828125
8700,-46.2392578125
8701,-63.562255859375
8702,-22.88134765625
8703,98.69799804687499
8704,1.172119140625
8705,-5.276123046875
8706,-0.8068847656249999
8707,-16.069091796875
8708,-2.857666015625
8709,1.4807128906249998
8710,-1.297607421875
8711,42.87841796875
8712,-2.877197265625
8713,-26.347167968749996
8714,131.47900390625
8715,135.854736328125
8716,-12.074218750000002
8717,-29.71240234375
8718,130.703125
8719,140.6865234375
8720,-13.220947265625
8721,-29.751953125
8722,-15.492919921875
8723,5.529296875000001
8724,11.3046875
8725,41.032958984375
8726,-4.2578125
8727,10.463623046875
8728,15.9521484375
8729,8.047119140625
8730,-14.65771484375
8731,4.732177734375
8732,8.116455078125
8733,-0.4384765625
8734,-18.099853515625
8735,5.8154296875
8736,5.841552734375
8737,2.696044921875
8738,1.133544921875
8739,2.546875
8740,-9.136474609375
8741,56.263916015625
8742,41.81298828125
8743,-4.173583984375
8744,-13.09375
8745,57.278564453125
8746,35.2568359375
8747,-5.077392578125
8748,-6.62646484375
8749,-15.093261718749998
8750,75.0546875
8751,59.753173828125
8752,-14.336425781250002
8753,-17.148193359375
8754,69.927490234375
8755,57.183837890625
8756,-9.3955078125
8757,-19.109619140625
8758,-14.450927734375002
8759,117.848388671875
8760,127.8251953125
8761,-13.314453125
8762,-28.303955078125
8763,117.826904296875
8764,122.439697265625
8765,-8.14111328125
8766,-16.80908203125
8767,-23.949462890625
8768,143.845947265625
8769,147.258544921875
8770,11.986572265625
8771,-24.861328125
8772,146.206787109375
8773,150.763916015625
8774,-6.11474609375
8775,-27.86767578125
8776,-11.48095703125
8777,32.917236328125
8778,28.623046875
8779,-0.1044921874999992
8780,-15.500732421875
8781,26.902587890625
8782,30.263427734374996
8783,8.8603515625
8784,-13.44287109375
8785,-16.75244140625
8786,71.731201171875
8787,73.513671875
8788,-14.302978515625002
8789,-12.9931640625
8790,73.3515625
8791,72.58203125
8792,-7.283447265625
8793,-15.47802734375
8794,-24.049072265625004
8795,132.774658203125
8796,157.593505859375
8797,-9.72509765625
8798,-30.587890625
8799,135.637939453125
8800,157.1708984375
8801,-7.405029296875
8802,-26.517578125
8803,-22.61328125
8804,120.059326171875
8805,128.05712890625
8806,28.216064453125
8807,-27.360595703125
8808,117.06494140624999
8809,130.06640625
8810,1.6010742187499991
8811,-27.35302734375
8812,1.2983398437499996
8813,12.733886718749998
8814,8.9326171875
8815,-9.860107421875
8816,0.9558105468750001
8817,13.46533203125
8818,7.581298828125
8819,-3.037109375
8820,6.13916015625
8821,0.131103515625
8822,10.111572265625
8823,9.733886718749998
8824,-14.9833984375
8825,4.219970703125
8826,11.413818359375
8827,14.272949218749998
8828,12.668212890625
8829,5.97998046875
8830,-12.0634765625
8831,52.59521484375
8832,55.916748046875
8833,29.972900390625
8834,-26.05712890625
8835,53.46118164062499
8836,47.569580078125
8837,2.513427734375001
8838,-27.711181640625
8839,-11.489990234375
8840,35.119140625
8841,32.590576171875
8842,-1.898681640625
8843,-13.797363281250002
8844,33.275390625
8845,32.455810546875
8846,2.7001953124999996
8847,-10.2734375
8848,-7.8349609375
8849,31.00146484375
8850,27.64697265625
8851,-3.2272949218750004
8852,-4.291259765625
8853,28.93603515625
8854,30.277832031250004
8855,8.841796875
8856,-9.12060546875
8857,-25.30517578125
8858,128.464111328125
8859,132.70361328125
8860,-2.8486328124999996
8861,-32.037353515625
8862,122.044677734375
8863,127.657470703125
8864,-4.868408203125
8865,-30.854736328125
8866,-29.233154296875
8867,139.392822265625
8868,131.57177734375
8869,-2.747314453125
8870,-38.28881835937501
8871,129.886474609375
8872,131.538818359375
8873,-11.318359375
8874,-31.405273437499996
8875,-18.853759765625
8876,62.6064453125
8877,66.23046875
8878,-13.965576171875
8879,-19.253662109375
8880,63.41650390625
8881,63.333251953125
8882,-6.052978515625
8883,-21.37353515625
8884,-30.45068359375
8885,118.602294921875
8886,111.06396484375
8887,-24.750976562500004
8888,-33.703857421875
8889,119.720458984375
8890,108.342529296875
8891,-8.76220703125
8892,-32.864501953125
8893,94.316650390625
8894,-50.736328125
8895,-60.67529296875
8896,44.085205078125
8897,94.66430664062499
8898,-51.33349609375
8899,-52.536865234375
8900,-27.282470703125
8901,99.076904296875
8902,35.835693359375
8903,-2.433837890625
8904,-4.8154296875
8905,3.393798828125
8906,36.716796875
8907,-4.493408203125
8908,-5.286376953125
8909,99.0830078125
8910,38.87841796875
8911,56.404541015625
8912,-22.33056640625
8913,-25.237792968749996
8914,-5.445068359374999
8915,51.5712890625
8916,-22.285400390625
8917,-24.251953125
8918,38.744873046875
8919,54.805419921875
8920,-27.767822265625004
8921,1.752685546875
8922,20.121582031250004
8923,119.38671875
8924,-16.90576171875
8925,-2.16064453125
8926,20.06787109375
8927,-30.767822265625004
8928,-9.260009765625
8929,-5.704345703125
8930,-0.50634765625
8931,2.914306640625
8932,-9.982177734375
8933,0.7399902343750001
8934,-0.58447265625
8935,0.469482421875
8936,45.62451171875
8937,-5.256591796875
8938,5.25390625
8939,4.828369140625001
8940,1.7719726562499998
8941,-11.15966796875
8942,4.078369140625
8943,2.05810546875
8944,0.436767578125
8945,-1.4165039062499998
8946,10.81787109375
8947,-25.103515625
8948,78.430419921875
8949,86.305419921875
8950,-35.703857421875
8951,-13.525146484374998
8952,80.417236328125
8953,85.845703125
8954,-1.4008789062499998
8955,-25.603515625
8956,24.728515625
8957,-15.806640625
8958,-19.939453125
8959,-5.427490234375
8960,19.204101562500004
8961,-18.73193359375
8962,-17.843994140625
8963,54.119140625
8964,22.95166015625
8965,46.305419921875
8966,-2.117919921875
8967,14.46533203125
8968,38.35058593749999
8969,29.274658203124996
8970,-1.1611328125
8971,16.263671875
8972,-17.716552734375
8973,44.5732421875
8974,-4.34375
8975,-4.546630859375
8976,-2.4150390624999996
8977,-20.362548828125
8978,-1.8510742187500002
8979,-3.918212890625
8980,-2.39111328125
8981,10.91162109375
8982,0.6560058593750001
8983,7.557861328125
8984,79.287353515625
8985,45.88256835937501
8986,66.4765625
8987,-9.405517578125
8988,74.69140625000001
8989,49.121337890625
8990,-13.738525390625
8991,-1.5590820312499998
8992,-8.969482421875
8993,35.14013671875
8994,13.302490234375
8995,57.13745117187499
8996,-12.221435546875
8997,33.240234375
8998,17.899169921875
8999,20.625244140625
9000,16.123046875
