iteration,energy
1,2.576904296875
2,0.56396484375
3,-6.24853515625
4,-0.233642578125
5,1.5874023437500002
6,-0.7746582031249999
7,2.903564453125
8,2.136962890625
9,2.57421875
10,86.228515625
11,16.498046875
12,0.8012695312499992
13,-33.845947265625
14,17.27197265625
15,19.84619140625
16,-0.401123046875
17,62.22412109375
18,37.541015625
19,14.17724609375
20,5.642333984375
21,-3.013671875
22,9.835205078125
23,10.54052734375
24,3.3312988281249996
25,-7.583984375000001
26,13.859375
27,35.439208984375
28,12.141357421875
29,12.80224609375
30,-5.560546875000001
31,84.434326171875
32,80.75048828125
33,16.60205078125
34,-7.033447265625
35,4.009033203125
36,3.607421875
37,96.10888671875
38,-11.278564453125
39,30.507080078125
40,-12.19677734375
41,73.66552734375
42,-10.87158203125
43,34.932861328125
44,0.47851562500000017
45,35.712646484375
46,-14.413574218749998
47,-38.8310546875
48,48.797119140625
49,-33.218017578125
50,-3.30126953125
51,-38.63818359375001
52,50.332275390625
53,-33.294921875
54,38.136962890625
55,-12.204345703125
56,-13.322998046875
57,80.06396484375
58,-8.369384765625
59,-15.688232421875
60,-24.17724609375
61,76.305419921875
62,-39.23681640624999
63,-13.42431640625
64,-45.80004882812501
65,-27.069580078125
66,111.366943359375
67,21.476318359375
68,-28.88916015625
69,-30.494873046875
70,113.808349609375
71,-11.572021484374998
72,-40.634033203125
73,27.766845703125
74,-14.137451171875
75,-15.87939453125
76,7.396240234375
77,24.859130859375
78,-11.731689453125
79,-14.071044921875
80,12.2412109375
81,31.326171875
82,-5.713623046875
83,-1.2866210937500002
84,3.179931640625
85,14.155029296875
86,2.8486328124999996
87,0.17529296874999992
88,5.37646484375
89,6.994873046875
90,7.08544921875
91,15.812255859375
92,54.46191406250001
93,43.1748046875
94,18.0
95,32.681640625
96,51.016357421875
97,53.35546875
98,3.973388671875
99,22.651611328125
100,-3.958251953125
101,21.805419921875
102,43.208984375
103,-3.64111328125
104,-7.28076171875
105,22.310791015625
106,44.92578125
107,-6.542724609374999
108,-2.958740234375
109,-6.068603515625
110,3.56884765625
111,-5.53076171875
112,34.414306640625
113,-1.699462890625
114,0.83984375
115,-3.31689453125
116,-17.328857421875
117,2.4619140624999996
118,26.839111328125
119,10.0439453125
120,0.408935546875
121,-0.411865234375
122,17.998291015625
123,4.67529296875
124,-0.234375
125,12.960205078125
126,0.6953125
127,41.589599609375
128,-5.11865234375
129,-10.82666015625
130,16.314697265625
131,19.836181640625
132,-5.19873046875
133,-14.31494140625
134,183.06884765625003
135,82.5546875
136,-18.070068359375
137,24.497802734374996
138,7.31787109375
139,9.4052734375
140,-19.24560546875
141,26.466064453125
142,6.368896484375
143,-7.593017578125
144,-20.406494140625
145,-22.69287109375
146,-26.749023437499996
147,18.530273437499996
148,-13.271728515624998
149,-35.842529296875
150,-26.9287109375
151,18.492919921875
152,-12.305175781250002
153,0.7568359375
154,13.394287109375
155,-11.442138671875
156,20.335937500000004
157,-2.994140625
158,-24.035888671875
159,-14.385986328125
160,13.102783203125
161,29.98828125
162,7.208251953125
163,10.790283203125
164,15.99365234375
165,9.403076171875
166,-3.67529296875
167,4.261474609375
168,13.361328125
169,9.403076171875
170,0.30859374999999994
171,-13.057373046875
172,-3.074951171875
173,17.8115234375
174,32.641357421875
175,1.11279296875
176,-2.3911132812500004
177,24.41015625
178,27.763916015625
179,-14.33837890625
180,-3.854736328125
181,-25.499023437499996
182,14.453369140625
183,1.959228515625
184,-8.234130859375
185,-20.979248046875
186,14.26025390625
187,-3.171875
188,-17.05419921875
189,-3.022705078125
190,9.129150390625
191,43.034912109375
192,18.63037109375
193,-18.671630859375
194,41.38720703125
195,41.982177734375
196,21.674560546875
197,19.118408203124996
198,-3.576416015625
199,-14.0908203125
200,7.492919921875
201,-4.918212890625001
202,42.459716796875
203,-1.1044921875000004
204,13.677978515625002
205,-10.69775390625
206,-16.78173828125
207,-24.405273437499996
208,-18.12548828125
209,0.18725585937499978
210,7.441650390625001
211,-5.51953125
212,-6.83984375
213,-4.744384765625
214,8.759521484375
215,0.21533203125
216,-4.6845703125
217,-43.259765625
218,2.428466796875
219,62.038330078125
220,-19.011962890625
221,-77.4091796875
222,11.237548828125
223,67.8984375
224,5.79736328125
225,-32.32568359375
226,-21.834228515625
227,25.917724609375
228,8.068359375
229,15.102294921875
230,3.180419921875
231,26.9111328125
232,6.49267578125
233,-24.71630859375
234,-11.316650390625
235,5.9970703125
236,-2.883544921875
237,10.783935546875
238,-1.921142578125
239,-0.3852539062499999
240,-6.811279296875
241,8.982177734375
242,-7.22900390625
243,9.193603515625
244,-1.6069335937500002
245,24.242431640625
246,25.632812499999996
247,-19.5576171875
248,1.829833984375
249,24.79638671875
250,26.45947265625
251,0.099365234375
252,4.903564453125
253,12.9580078125
254,-10.373291015625002
255,-11.829345703125
256,3.314208984375
257,18.94775390625
258,-10.937011718749998
259,-16.7958984375
260,0.076904296875
261,24.166748046875
262,25.783935546875
263,2.58349609375
264,4.365234375
265,4.147705078125
266,10.862060546875
267,6.1884765625
268,-0.110107421875
269,-0.032958984375
270,10.065673828125
271,2.36376953125
272,-5.783447265625
273,-1.444580078125
274,19.519042968749996
275,16.09619140625
276,-11.852050781250002
277,-2.5244140624999996
278,25.8125
279,9.568359375
280,-25.9638671875
281,21.2607421875
282,4.668212890625001
283,-12.506103515625002
284,26.246582031250004
285,17.984130859375
286,0.84033203125
287,-26.90478515625
288,-15.638916015625002
289,30.800292968749996
290,-30.3232421875
291,-29.092041015625
292,8.1923828125
293,19.08203125
294,-28.0732421875
295,-36.861328125
296,21.418212890625
297,19.674072265625004
298,-0.383056640625
299,5.011474609374999
300,-0.232177734375
301,-0.8249511718750001
302,-0.010009765625
303,2.036865234375
304,-2.082763671875
305,-5.10205078125
306,-3.308837890625
307,17.74072265625
308,130.51025390625
309,136.5341796875
310,-14.807373046875
311,24.733642578125
312,130.807373046875
313,131.84423828125
314,12.78125
315,8.177490234375
316,-3.833740234375
317,1.436279296875
318,7.860595703125
319,8.244140625
320,-4.874267578125
321,2.65576171875
322,6.9091796875
323,4.868408203125
324,7.666015624999999
325,19.80224609375
326,-23.0830078125
327,-23.043457031250004
328,0.20751953125
329,6.564453124999999
330,-16.852783203125
331,-18.470458984375
332,-0.015625
333,11.96240234375
334,12.363281249999998
335,-7.555908203125
336,-18.680419921875
337,-8.358154296875
338,6.6875
339,-2.15234375
340,-15.466796875
341,37.89868164062499
342,7.1123046875
343,8.11376953125
344,-34.8447265625
345,-28.12255859375
346,38.11181640624999
347,-0.498779296875
348,-36.659423828125
349,-23.640869140625
350,31.375244140625
351,-0.11376953125
352,38.390869140625
353,34.89208984375
354,-22.820068359375
355,39.69384765625
356,138.2177734375
357,37.142333984375
358,-20.503662109375
359,28.896484375
360,36.167236328125
361,-10.146728515625002
362,-3.01513671875
363,3.1328125
364,2.363037109375
365,-9.3525390625
366,-8.845947265625
367,0.9235839843750001
368,-3.0634765624999996
369,-17.863037109375
370,-3.943115234375
371,-0.8596191406249999
372,2.7041015624999996
373,-6.99560546875
374,-8.396484375
375,-2.095703125
376,-3.168212890625
377,1.5009765625
378,-9.439697265625
379,-4.05859375
380,4.0224609375
381,-4.48974609375
382,16.994140625
383,-3.16259765625
384,5.4326171875
385,-9.306640625
386,-9.00439453125
387,8.459716796875
388,-9.0615234375
389,132.123779296875
390,132.739013671875
391,38.267822265625
392,-3.419677734375001
393,126.751220703125
394,132.922607421875
395,-14.991699218749998
396,-5.591796875000001
397,3.101318359375
398,-0.30615234374999983
399,-4.628173828125
400,11.178466796875
401,1.8994140625
402,-1.5869140625
403,-4.481201171875
404,-10.082275390625
405,-3.345458984375
406,40.22998046875
407,28.31494140625
408,-27.573974609375
409,10.998046875
410,19.358642578125
411,33.090576171875
412,-29.808837890625
413,71.94677734375
414,77.821533203125
415,-13.047119140625
416,-10.945556640625
417,-8.073486328125
418,-6.369873046875
419,-5.79833984375
420,-9.578369140625
421,-8.418212890625
422,15.65966796875
423,-10.376953125
424,24.880615234375
425,-5.400390624999999
426,-20.274169921875
427,-1.5375976562499998
428,15.41064453125
429,-2.583984375
430,-20.6650390625
431,-14.27490234375
432,5.369384765625
433,-16.0703125
434,4.02490234375
435,2.260986328125
436,18.511962890625
437,7.390625
438,8.209228515625
439,3.0676269531249996
440,-15.64501953125
441,-2.0537109375
442,5.544677734375
443,1.76953125
444,-8.20751953125
445,13.44091796875
446,4.40478515625
447,-0.3935546875
448,-1.063232421875
449,28.94921875
450,-0.2373046875
451,-3.2080078124999996
452,4.86572265625
453,1.292724609375
454,-0.97509765625
455,-9.2470703125
456,5.07373046875
457,-4.698974609374999
458,9.355468750000002
459,22.873046875
460,17.938232421875
461,40.27685546874999
462,-27.310791015625
463,5.754150390625001
464,36.23583984375
465,38.7060546875
466,-27.268798828125
467,116.75976562499999
468,-48.86767578125
469,15.4921875
470,-40.210693359375
471,0.24316406250000006
472,56.464111328125
473,-21.3955078125
474,-36.873291015625
475,9.000732421875
476,-25.470947265625004
477,13.391113281250002
478,-1.2709960937500002
479,-3.019287109375
480,-3.220458984375
481,32.870849609375
482,10.990234375
483,0.031005859375
484,-6.302978515625
485,4.796875
486,-0.540283203125
487,-32.5693359375
488,84.61938476562501
489,70.6484375
490,61.61865234375
491,-59.243408203125
492,77.8203125
493,68.826171875
494,-1.5004882812500004
495,-52.024169921875
496,-2.4462890624999996
497,8.53271484375
498,-15.94189453125
499,9.95654296875
500,115.751708984375
501,11.6484375
502,-21.32080078125
503,12.800537109375
504,5.103515624999999
505,-47.919677734375
506,-46.041015625
507,48.798583984375
508,-20.554687500000004
509,-18.922119140625
510,-46.5341796875
511,45.64453125
512,6.4169921875
513,-12.054931640625
514,3.06005859375
515,-8.518798828125
516,-4.60302734375
517,-2.57861328125
518,13.365966796875
519,-7.257080078125
520,-6.486083984375
521,83.167236328125
522,12.822509765625
523,24.910888671875
524,-22.557861328125
525,-3.440673828125
526,5.479736328125
527,-14.36181640625
528,-21.676025390625
529,-9.4404296875
530,3.384033203125
531,0.2666015625
532,4.754638671875
533,21.392333984375
534,63.849365234375
535,-3.512939453125
536,-6.043212890625001
537,14.376220703125
538,68.946533203125
539,-12.6064453125
540,-10.552734375
541,9.19091796875
542,10.8759765625
543,10.898681640625
544,-3.7978515624999996
545,10.033203125
546,10.695068359375
547,18.542724609375
548,-10.995361328125
549,-28.154541015625
550,21.9169921875
551,-23.6826171875
552,-21.675537109375
553,-1.446533203125
554,18.354736328125
555,-19.83642578125
556,-20.15185546875
557,2.97265625
558,22.531982421875
559,-10.29052734375
560,1.9257812499999993
561,14.035156249999998
562,-26.39208984375
563,28.433349609375
564,5.195068359374999
565,16.4375
566,-3.9443359375000004
567,-11.6748046875
568,18.703125
569,-40.553466796875
570,49.390869140625
571,18.62451171875
572,16.098876953125
573,-44.002197265625
574,50.479736328125
575,-15.726318359375
576,-14.513427734375
577,6.170654296875
578,27.6376953125
579,-2.044189453125
580,4.305908203125
581,-49.33447265625
582,24.53759765625
583,1.810302734375
584,-20.854736328125
585,100.87744140624999
586,-12.81494140625
587,6.06201171875
588,15.398193359375
589,0.21337890625000017
590,-16.268798828125
591,2.962646484375
592,13.270263671875
593,2.140869140625
594,-12.3525390625
595,-13.085693359375
596,-7.222412109375001
597,55.55517578125
598,-17.3662109375
599,-43.047607421875
600,-8.99072265625
601,55.53466796875
602,-10.699218750000002
603,-6.588623046875
604,0.563720703125
605,1.4291992187500002
606,9.73193359375
607,0.453125
608,5.97607421875
609,3.10595703125
610,8.591552734375
611,5.473876953125
612,5.95068359375
613,-2.536376953125
614,-29.657470703125
615,-3.7783203124999996
616,16.365966796875
617,13.72412109375
618,-28.997314453125
619,-2.24072265625
620,-2.8984375000000013
621,13.7451171875
622,-7.28369140625
623,6.607421875000001
624,-3.18115234375
625,18.411376953125
626,-31.8720703125
627,6.474365234375
628,-11.67626953125
629,-10.923828125
630,11.247314453125
631,-4.06884765625
632,-1.5844726562499998
633,37.661376953125
634,5.524658203125
635,-24.462890625
636,0.90283203125
637,34.92529296875
638,-6.91455078125
639,-5.7001953125
640,4.2705078125
641,-2.866943359375
642,-16.485595703125
643,-7.8583984375
644,18.255859375
645,-1.3828125
646,-17.03515625
647,-2.403076171875
648,8.8291015625
649,19.57763671875
650,-16.503173828125
651,-9.429199218749998
652,14.888916015625002
653,16.154052734375
654,-11.638671875
655,-6.63720703125
656,10.335449218749998
657,14.351318359375
658,16.534912109375
659,11.206787109375
660,-3.584716796875
661,-7.3056640625
662,9.241455078125
663,11.9072265625
664,-1.404052734375
665,8.266845703125
666,-0.56005859375
667,17.859375
668,23.984375
669,-18.916748046875
670,27.926513671875
671,49.772705078125
672,27.296875
673,-15.413330078125
674,-39.361083984375
675,-56.40087890625
676,61.10302734375
677,13.354736328125
678,17.78271484375
679,-14.63916015625
680,23.416259765625
681,15.252685546875
682,30.4013671875
683,31.50390625
684,53.341064453125
685,18.381103515625
686,11.251220703125
687,12.3896484375
688,-0.272216796875
689,6.0673828125
690,10.735107421875
691,6.17529296875
692,12.042968750000002
693,45.839599609375
694,-6.642822265625
695,0.8225097656249999
696,1.6142578125
697,30.229248046875
698,-13.560791015625002
699,0.297119140625
700,0.51806640625
701,-7.205322265625
702,-6.729736328125
703,1.4057617187500002
704,1.1914062499999998
705,2.241455078125
706,-9.267578125
707,2.140625
708,-2.296630859375
709,4.623046875000001
710,21.079833984375
711,5.4951171875
712,-2.467041015625
713,106.60693359375
714,69.512451171875
715,7.215087890625001
716,-33.635498046875
717,100.964599609375
718,66.662841796875
719,-0.54443359375
720,-15.780761718749998
721,53.904052734375
722,-10.092041015625002
723,4.88037109375
724,12.218261718749998
725,26.29736328125
726,-16.82763671875
727,4.593994140625
728,50.61865234375
729,90.45458984375
730,-15.163818359375
731,2.128173828125
732,-3.494140625
733,11.18115234375
734,-10.0146484375
735,2.5380859375000004
736,2.09228515625
737,-7.47705078125
738,-13.70166015625
739,37.04687500000001
740,-12.154296875
741,-22.263427734374996
742,4.033935546875
743,15.817138671875
744,-15.348388671875
745,-20.84423828125
746,90.507568359375
747,74.140380859375
748,26.92919921875
749,-24.444580078125
750,-23.833251953125
751,22.273437500000004
752,29.467041015625
753,-25.901611328125
754,-21.443115234375
755,41.52490234375
756,20.4638671875
757,-32.18408203125
758,-2.728271484375
759,39.549072265625
760,-4.703857421875
761,-15.550781249999998
762,-7.858642578125
763,37.95068359375001
764,-5.73974609375
765,16.04052734375
766,26.159667968749996
767,13.622802734375
768,-0.392822265625
769,48.53173828125
770,50.677978515625
771,12.7919921875
772,-2.4150390624999996
773,-6.365478515625
774,-12.79931640625
775,51.47705078125
776,-9.81494140625
777,-6.294921875000001
778,28.1044921875
779,41.75732421875
780,-11.198974609375
781,-8.4140625
782,109.353759765625
783,53.54541015625
784,-5.56884765625
785,7.96484375
786,13.073486328125
787,-5.87353515625
788,-28.5654296875
789,6.92919921875
790,6.42138671875
791,0.72705078125
792,2.041015625
793,-6.742431640625001
794,-2.4873046875000004
795,8.5595703125
796,18.023681640625
797,-1.2211914062499998
798,-7.42431640625
799,9.131103515625
800,44.310791015625
801,-0.558349609375
802,40.839599609375
803,-17.416015625
804,-7.736572265625001
805,147.945556640625
806,48.56933593749999
807,-22.39599609375
808,-3.2956542968750013
809,5.564697265625
810,22.61474609375
811,3.312255859375
812,-8.5390625
813,-2.441162109375
814,13.175048828125
815,-8.869140625
816,-8.66357421875
817,-4.939208984375
818,-1.3666992187500002
819,-3.08837890625
820,21.1337890625
821,-9.778564453125
822,-15.282958984374998
823,10.24462890625
824,8.10546875
825,-10.2236328125
826,-15.459716796875
827,13.559814453125
828,7.427734375000001
829,-11.714599609375
830,1.594970703125
831,-4.813720703125
832,-24.626953125
833,4.532958984375
834,-0.186767578125
835,-1.9150390625
836,-2.2392578125
837,-21.304443359375
838,0.744140625
839,13.59521484375
840,0.8728027343750001
841,-4.034423828125
842,2.38671875
843,10.150634765625
844,-2.909423828125
845,7.4794921875
846,2.546142578125
847,-31.558837890625
848,74.6845703125
849,45.808837890625
850,13.00439453125
851,-8.958740234375
852,83.025390625
853,45.264404296875
854,-20.1279296875
855,-31.37548828125
856,3.018310546875
857,0.10546875000000004
858,0.8566894531249999
859,-7.595703124999999
860,10.298828125
861,-0.022705078125
862,2.423095703125
863,-16.828857421875
864,5.8232421875
865,88.446044921875
866,-16.978271484375
867,-18.208740234375
868,26.760009765625
869,44.076416015625
870,-22.020263671875
871,-24.390625
872,39.491455078125
873,58.57275390625
874,4.711181640625001
875,-20.6845703125
876,-10.04052734375
877,39.5703125
878,-0.03955078125
879,-16.93359375
880,-8.84375
881,16.149658203125
882,-18.547119140625
883,-6.446533203125
884,25.621582031250004
885,13.58447265625
886,-13.48095703125
887,5.955322265625
888,23.59375
889,13.933593750000002
890,23.249023437499996
891,2.767333984375
892,116.07275390625
893,73.860107421875
894,-24.731201171875
895,5.1904296875
896,89.7392578125
897,73.713134765625
898,-26.813720703124996
899,52.551025390625
900,40.20654296875
901,3.3818359375000004
902,-16.70849609375
903,-8.24853515625
904,95.76416015625
905,0.59521484375
906,-15.061767578125
907,-10.796386718749998
908,-2.046875
909,5.220947265625
910,51.40869140625
911,-69.63330078125
912,-63.21728515625
913,-30.5849609375
914,73.257568359375
915,-68.44287109375
916,-62.8076171875
917,44.294921875
918,25.20361328125
919,88.451904296875
920,-14.1982421875
921,-6.9938964843750036
922,39.595458984375
923,90.56982421875
924,-15.641113281250002
925,-15.948486328125
926,14.736328125
927,94.312744140625
928,106.71069335937501
929,-40.23876953125
930,-62.7265625
931,-6.08349609375
932,51.86743164062499
933,-42.44921875
934,-63.53662109375
935,49.757080078125
936,89.93798828125
937,3.97021484375
938,-9.02099609375
939,-13.463134765625
940,66.32958984375
941,-1.341552734375
942,-11.09912109375
943,-14.9638671875
944,-2.61376953125
945,14.9296875
946,7.53173828125
947,-7.122802734375
948,-6.044921875000001
949,-1.4077148437499998
950,-3.880126953125
951,-3.29736328125
952,-4.515625
953,58.6611328125
954,35.95703125
955,-3.175537109375
956,26.06005859375
957,-34.711669921875
958,6.731689453125
959,11.62841796875
960,26.638671875
961,-29.815185546875
962,89.470703125
963,-6.179443359374999
964,-0.43334960937500033
965,-9.889892578125
966,-7.0673828125
967,8.645751953125
968,-3.295654296875
969,-7.947265624999999
970,-10.32958984375
971,-14.781982421875
972,-7.96435546875
973,-1.394287109375
974,-1.755615234375
975,-0.7619628906249999
976,-0.94482421875
977,6.421630859374999
978,-1.277587890625
979,-10.606689453125
980,1.222900390625
981,6.44970703125
982,-7.701171875000001
983,-1.427490234375
984,-2.322265625
985,-2.52099609375
986,-4.8134765625
987,-0.6240234375
988,0.8408203125
989,-1.228759765625
990,-1.547119140625
991,-0.6159667968750001
992,28.951904296875
993,2.2060546875
994,12.90380859375
995,8.871826171875
996,25.821533203124996
997,2.663818359375
998,10.86181640625
999,9.952392578125
1000,-2.693603515625
1001,6.630615234375
1002,2.2138671875
1003,-6.164794921875
1004,-4.75341796875
1005,5.801513671875
1006,6.66259765625
1007,-0.7609863281249999
1008,7.443359375000001
1009,-6.4130859375
1010,-16.7119140625
1011,15.379638671875
1012,43.277587890625
1013,-18.612792968749996
1014,-18.684326171875
1015,16.0185546875
1016,24.344970703125
1017,36.136474609375
1018,-44.500244140625
1019,72.296630859375
1020,37.44287109375
1021,-11.08740234375
1022,-46.36181640624999
1023,77.38525390625
1024,38.16308593749999
1025,53.513671875
1026,-39.306640625
1027,-23.01318359375
1028,9.610107421875
1029,29.782958984375
1030,-5.455810546875
1031,-16.03662109375
1032,9.080322265625
1033,29.740478515625
1034,2.193115234375
1035,-15.778564453125
1036,16.314697265625
1037,26.68115234375
1038,14.687988281250002
1039,11.445068359375
1040,5.722412109374999
1041,25.748291015625
1042,17.13623046875
1043,-1.408203125
1044,-9.937744140625
1045,-1.7104492187500002
1046,-1.222412109375
1047,3.301025390625
1048,75.06201171875
1049,21.244140625
1050,-3.033203125
1051,5.140625
1052,-1.219970703125
1053,9.986328125
1054,5.770507812499999
1055,-17.88916015625
1056,54.7978515625
1057,13.551025390625
1058,-32.81787109375
1059,-8.614990234375
1060,59.19140625
1061,-32.89599609375
1062,-20.29736328125
1063,-24.922119140625
1064,-25.475341796875004
1065,35.63232421875
1066,-0.5725097656249998
1067,4.746826171875
1068,-24.8154296875
1069,33.6650390625
1070,-5.064208984375
1071,9.002197265625
1072,-5.888916015625
1073,36.408203125
1074,54.708984375
1075,-13.6298828125
1076,-11.35400390625
1077,43.421630859375
1078,49.950927734375
1079,-33.18017578125
1080,-34.3193359375
1081,-3.10009765625
1082,-7.462890624999999
1083,16.460205078125
1084,-17.813720703125
1085,-23.062744140625
1086,1.639404296875
1087,9.868896484374998
1088,-11.228759765625
1089,-0.7185058593750001
1090,32.287841796875
1091,106.901611328125
1092,32.517333984375
1093,80.30322265625
1094,11.13623046875
1095,114.60595703125
1096,26.052490234375
1097,-5.602294921875
1098,-5.0693359375
1099,-2.0402832031249996
1100,-5.028564453125
1101,-8.896728515625
1102,-10.830078125
1103,-21.32666015625
1104,-8.2177734375
1105,-5.34033203125
1106,-11.0302734375
1107,-5.210693359374999
1108,63.87744140625
1109,-4.29296875
1110,-33.071533203125
1111,-35.063720703125
1112,48.810302734375
1113,-4.396728515625
1114,-32.3359375
1115,39.97412109375
1116,23.273193359375
1117,-9.53759765625
1118,-3.044189453125
1119,-4.41650390625
1120,40.2998046875
1121,-5.44287109375
1122,-6.29150390625
1123,-7.4033203125
1124,-21.19873046875
1125,-8.07861328125
1126,-51.197265625
1127,-82.772705078125
1128,9.848388671875
1129,56.64404296875
1130,51.46679687499999
1131,-80.711181640625
1132,7.71533203125
1133,-5.426513671875
1134,-9.707763671875
1135,-16.85595703125
1136,21.971923828125
1137,10.999267578125
1138,-15.457763671875
1139,11.844482421875
1140,16.99560546875
1141,5.21728515625
1142,29.628662109375
1143,18.202392578125
1144,14.887939453125
1145,63.3720703125
1146,81.588623046875
1147,6.818115234375
1148,-2.423828125
1149,59.10400390625
1150,75.247802734375
1151,0.30712890624999956
1152,17.12109375
1153,-10.551025390625
1154,-7.073486328125
1155,17.1103515625
1156,-15.093994140625
1157,-19.988525390625
1158,-3.63037109375
1159,13.989501953125
1160,-14.114013671875
1161,-7.078369140625001
1162,2.94189453125
1163,31.611572265625004
1164,32.02197265625
1165,8.360107421875
1166,-2.8935546875000004
1167,31.773681640625
1168,29.8662109375
1169,-10.608154296875
1170,3.076416015625
1171,-11.43408203125
1172,-1.828125
1173,-8.2705078125
1174,-23.771484375
1175,-1.3168945312499998
1176,-4.375244140625
1177,-8.259033203125
1178,-14.1533203125
1179,-0.6625976562499999
1180,2.3154296875000004
1181,-0.634765625
1182,-5.069580078125
1183,18.0107421875
1184,2.293212890625
1185,-3.52587890625
1186,1.468505859375
1187,-0.5615234375
1188,-3.741455078125
1189,-26.251220703125
1190,-15.936767578125
1191,43.125732421875
1192,28.382080078125
1193,-24.55615234375
1194,-17.302734375
1195,40.894775390625
1196,-40.2890625
1197,58.171630859375
1198,-17.174560546875
1199,33.323974609375
1200,94.405517578125
1201,7.94970703125
1202,-7.947998046875
1203,31.17138671875
1204,89.739013671875
1205,2.312011718749998
1206,-13.07275390625
1207,-11.977294921875
1208,-31.702392578125
1209,16.699951171875
1210,-44.31201171875
1211,-13.146728515625002
1212,-35.140625
1213,16.061279296875
1214,20.97021484375
1215,15.275634765625
1216,2.22607421875
1217,27.938720703125
1218,-17.44140625
1219,18.51171875
1220,101.14208984375
1221,29.31884765625
1222,-21.15869140625
1223,15.360595703125
1224,3.743896484375
1225,6.3330078125
1226,-10.0478515625
1227,3.389404296875
1228,48.10205078125
1229,44.534912109375
1230,-15.013671875
1231,4.959716796875
1232,5.8583984375
1233,1.55859375
1234,-14.836181640625
1235,-5.146728515625
1236,7.26416015625
1237,-2.62451171875
1238,-8.945556640625
1239,-1.217041015625
1240,4.90087890625
1241,-8.01171875
1242,-7.7001953125
1243,4.126953125
1244,-23.414306640625
1245,-1.238037109375
1246,22.419677734374996
1247,20.163330078125
1248,-18.50146484375
1249,-5.877685546875
1250,-18.104248046875
1251,-1.779296875
1252,-1.6606445312499998
1253,-7.212158203125
1254,-3.999755859375
1255,2.992919921875
1256,-1.8200683593750009
1257,-3.796630859375
1258,-0.9184570312499998
1259,-3.296630859375
1260,4.5263671875
1261,12.148925781250002
1262,-11.528076171875
1263,-4.965576171875
1264,-12.722412109375
1265,-4.1259765625
1266,-9.25
1267,1.07763671875
1268,-21.957763671875
1269,3.172607421875
1270,5.06298828125
1271,12.555419921875
1272,-1.10546875
1273,6.550537109374999
1274,2.873779296875
1275,21.01611328125
1276,-1.5869140625
1277,11.24462890625
1278,3.864013671875
1279,56.36499023437499
1280,59.439208984375
1281,-43.6171875
1282,-21.249267578125
1283,-30.3466796875
1284,58.35058593749999
1285,-45.58935546874999
1286,38.710205078125
1287,38.921630859375
1288,-12.83056640625
1289,8.2568359375
1290,9.2939453125
1291,2.878662109375
1292,-15.695800781250002
1293,8.133056640625
1294,1.421142578125
1295,-1.1513671875
1296,-13.18310546875
1297,84.127197265625
1298,-13.891113281250002
1299,-17.278564453125
1300,16.566650390625
1301,79.619873046875
1302,-16.576904296875
1303,-10.652587890625
1304,-1.512451171875
1305,77.622314453125
1306,8.999755859375
1307,48.136474609375
1308,32.57958984375
1309,-33.96044921875
1310,-2.474609375
1311,52.68798828125
1312,37.84912109375
1313,100.89501953125001
1314,-0.935546875
1315,-6.720458984375
1316,-14.838134765625
1317,-0.040283203125
1318,-3.91796875
1319,-1.1870117187500002
1320,-13.154052734375
1321,-5.191650390625001
1322,22.469482421875
1323,19.58251953125
1324,-10.017578125
1325,7.737548828125
1326,-11.884765625
1327,-19.312255859375
1328,-16.5048828125
1329,3.09033203125
1330,-15.877685546875
1331,-3.50537109375
1332,-15.0166015625
1333,16.6787109375
1334,3.11669921875
1335,2.205810546875
1336,3.780029296875
1337,11.677978515625002
1338,4.828369140625001
1339,-1.9428710937500002
1340,19.965576171875
1341,-5.16259765625
1342,-0.365966796875
1343,2.93115234375
1344,2.883056640625
1345,-17.156005859375
1346,12.653076171875
1347,2.963623046875
1348,2.537841796875
1349,27.950439453125
1350,19.98486328125
1351,1.0192871093750004
1352,49.78320312500001
1353,62.73046875
1354,-17.395263671875
1355,-9.558349609375
1356,46.744873046875
1357,65.957763671875
1358,-11.237548828125
1359,-22.36181640625
1360,9.203369140625
1361,14.236083984374998
1362,9.363037109375
1363,-11.09228515625
1364,-16.296142578125
1365,14.624755859375
1366,16.45166015625
1367,-12.309814453125
1368,-10.455078125
1369,6.242431640625001
1370,-10.559814453125
1371,15.662353515625002
1372,-12.6982421875
1373,-16.076416015625
1374,-12.03662109375
1375,12.768798828125
1376,23.861083984375
1377,20.941650390625
1378,9.6494140625
1379,103.295166015625
1380,123.201904296875
1381,-14.905761718749998
1382,5.399169921874998
1383,107.115234375
1384,127.462158203125
1385,8.668701171875
1386,36.7109375
1387,-4.61474609375
1388,-4.853515624999999
1389,-5.848876953125
1390,17.066650390625
1391,-0.5935058593750001
1392,-5.87353515625
1393,-9.509521484374998
1394,-20.468017578125
1395,-5.662109375000001
1396,-4.69140625
1397,3.2145996093749996
1398,28.537353515625
1399,9.690185546875
1400,31.710205078125
1401,-1.7163085937500004
1402,32.270751953125
1403,-6.6796875
1404,10.919677734375
1405,60.441162109375
1406,-18.416015625
1407,52.098388671875
1408,44.8974609375
1409,15.17724609375
1410,-17.231201171875
1411,47.771484375
1412,13.597656250000002
1413,75.96484375
1414,-22.262207031250004
1415,-61.210693359375
1416,94.557861328125
1417,18.197509765625
1418,24.012207031250004
1419,-58.32568359375001
1420,87.952880859375
1421,10.265136718749998
1422,-31.17626953125
1423,-5.932861328125
1424,10.966064453125
1425,12.083740234375
1426,-3.120849609375
1427,-19.508056640625
1428,7.9755859375
1429,7.092041015625
1430,-6.534912109374999
1431,-7.7578125
1432,-23.094482421875
1433,-8.286865234375
1434,-2.882568359375
1435,-1.3129882812499998
1436,-24.109130859375
1437,-2.8359375
1438,-0.04174804687499998
1439,1.671875
1440,-24.12646484375
1441,6.943359375000001
1442,2.955078125
1443,0.8625488281249999
1444,59.950439453125
1445,2.984375
1446,-0.6179199218750001
1447,0.351318359375
1448,8.156494140625
1449,5.732666015625
1450,8.742431640625
1451,15.159423828125
1452,0.547607421875
1453,7.773681640625001
1454,-3.1181640624999996
1455,18.08447265625
1456,3.843017578125
1457,-8.239501953125
1458,-0.92578125
1459,0.7421875
1460,-17.595947265625
1461,-15.940185546875
1462,-35.20068359375
1463,-1.577880859375
1464,-13.384033203125
1465,-11.60595703125
1466,52.615234375
1467,-2.54638671875
1468,-22.408447265625004
1469,9.030029296875
1470,19.18505859375
1471,152.0771484375
1472,-28.488037109375
1473,10.2783203125
1474,17.8984375
1475,-10.631103515625002
1476,-43.162841796875
1477,20.675048828125
1478,49.194091796875
1479,-6.654052734375
1480,13.609863281250002
1481,7.19775390625
1482,45.560302734375
1483,-1.3662109375
1484,26.519287109375
1485,17.872314453125
1486,3.029541015625
1487,6.779541015625
1488,9.719482421875
1489,12.895263671875
1490,-19.04296875
1491,1.9145507812499998
1492,15.2646484375
1493,5.215087890625001
1494,9.37353515625
1495,18.870849609375
1496,-16.573974609375
1497,-1.216552734375
1498,-5.98193359375
1499,-7.955078124999999
1500,-20.197021484375
1501,-2.226806640625
1502,10.87353515625
1503,3.80126953125
1504,-4.138671875
1505,8.982421875
1506,8.39794921875
1507,-27.72021484375
1508,-2.385986328125
1509,7.736572265625
1510,10.131591796875
1511,-19.536376953125
1512,1.06591796875
1513,-11.659912109375
1514,20.498046875
1515,18.41162109375
1516,-22.93603515625
1517,-23.519287109375
1518,17.65185546875
1519,20.3564453125
1520,7.638916015625
1521,-2.8701171875000004
1522,1.02978515625
1523,21.23828125
1524,26.663330078125
1525,20.9619140625
1526,-30.97412109375
1527,23.98974609375
1528,23.039062499999996
1529,-18.938720703125
1530,-40.44140625
1531,47.459228515625
1532,20.687744140625
1533,-10.77978515625
1534,13.479736328125
1535,0.042236328125
1536,22.29931640625
1537,-12.636474609375
1538,22.6201171875
1539,7.434814453125
1540,-38.044189453125
1541,16.71533203125
1542,24.0576171875
1543,122.66113281249999
1544,-40.54687500000001
1545,23.755859375
1546,20.05615234375
1547,-36.190673828125
1548,-38.99243164062499
1549,21.126953125
1550,-4.929443359374999
1551,-18.1640625
1552,-7.239013671875
1553,3.439453125
1554,-8.409423828125
1555,-15.097656249999998
1556,14.0869140625
1557,17.716064453125
1558,-15.458740234375
1559,2.859130859375
1560,7.2412109375
1561,-0.8232421875
1562,-11.522705078125
1563,-0.8737792968750001
1564,4.15283203125
1565,2.65087890625
1566,-2.943115234375
1567,-5.451171875000001
1568,9.158203125
1569,31.35546875
1570,-2.53076171875
1571,-15.299072265625
1572,8.185546875
1573,33.448486328125
1574,12.888427734375
1575,-28.652832031250004
1576,21.047607421875
1577,-27.031005859375
1578,-23.134033203124996
1579,38.69750976562501
1580,22.886474609375
1581,-17.718505859375
1582,-20.29541015625
1583,10.248291015625002
1584,22.391845703125
1585,22.716064453125
1586,-7.886474609374999
1587,-0.9719238281249999
1588,-11.62060546875
1589,12.355224609375
1590,-5.491455078125
1591,-2.505126953125
1592,-8.439208984375
1593,20.352294921875
1594,15.175781249999998
1595,-2.843017578125
1596,-3.033203125
1597,-18.78857421875
1598,59.275390625
1599,-4.418701171875
1600,-7.342041015625
1601,18.369873046875
1602,20.83642578125
1603,-4.7080078125
1604,-2.922119140625
1605,-8.51904296875
1606,5.414794921875
1607,1.626220703125
1608,-4.104248046875
1609,-10.724609375
1610,8.625244140625
1611,21.539306640625
1612,-6.38623046875
1613,35.33251953125
1614,-10.90185546875
1615,16.0361328125
1616,-8.216796875
1617,39.07861328125
1618,-7.939453124999999
1619,12.4033203125
1620,-2.24951171875
1621,26.304687500000004
1622,2.54052734375
1623,-5.665283203125
1624,8.7705078125
1625,9.824462890625
1626,0.7138671875
1627,1.5595703125
1628,0.35693359375
1629,7.3935546875
1630,-0.080078125
1631,4.540771484375
1632,5.901123046875
1633,4.154541015625
1634,5.256103515625
1635,5.55810546875
1636,5.9013671875
1637,-7.124267578125
1638,1.40625
1639,3.625732421875
1640,-6.09912109375
1641,5.80029296875
1642,14.1630859375
1643,26.045166015625
1644,-4.5888671875
1645,6.474853515625
1646,2.291015625
1647,19.574707031250004
1648,-14.217529296875
1649,4.019775390625
1650,-2.125732421875
1651,14.976074218749998
1652,-15.265136718749998
1653,-2.013916015625
1654,-5.404541015625
1655,-2.304443359375
1656,-11.54833984375
1657,38.384521484375
1658,7.21875
1659,16.91064453125
1660,-5.848876953125
1661,2.806396484375
1662,6.397705078125
1663,17.491943359375
1664,17.809814453125
1665,-17.2529296875
1666,142.43603515625
1667,13.62744140625
1668,22.351318359375
1669,57.48388671875
1670,157.505126953125
1671,18.902587890625
1672,17.7724609375
1673,-22.01708984375
1674,133.564697265625
1675,-5.095703124999999
1676,-8.0029296875
1677,-15.317626953125
1678,34.02294921875
1679,-5.862060546875
1680,-9.20751953125
1681,-11.00439453125
1682,27.315185546875
1683,-6.9189453125
1684,3.81396484375
1685,22.559326171875
1686,3.710693359375
1687,-2.6240234375000004
1688,-4.801025390625001
1689,23.4443359375
1690,0.363037109375
1691,-37.74560546874999
1692,-14.490478515625002
1693,-0.326904296875
1694,-8.75390625
1695,-7.9150390625
1696,2.30322265625
1697,4.97802734375
1698,-7.431884765625
1699,-8.747314453125
1700,2.158447265625
1701,-7.665283203125
1702,-7.183349609374999
1703,-2.110595703125
1704,-5.180908203125
1705,19.24072265625
1706,15.928955078125
1707,7.893798828125
1708,0.220703125
1709,9.088623046875
1710,15.196044921875
1711,61.10620117187499
1712,-53.27001953125
1713,-41.369140625
1714,64.554931640625
1715,56.98876953125
1716,-48.71752929687501
1717,-40.736083984375
1718,4.329833984375
1719,77.89013671875001
1720,-1.114501953125
1721,18.375732421875
1722,5.927490234375
1723,-8.08984375
1724,5.072265624999999
1725,16.402587890625
1726,3.777099609375
1727,1.935791015625
1728,-4.986083984375
1729,-3.132080078125
1730,-9.281982421875
1731,-11.075927734375
1732,-9.651611328125
1733,-4.39208984375
1734,-18.7236328125
1735,-14.113037109375
1736,71.838623046875
1737,-1.8930664062499998
1738,5.31591796875
1739,-7.404052734375
1740,-9.723388671875
1741,22.250976562500004
1742,23.8251953125
1743,-6.009765624999999
1744,-15.3232421875
1745,14.779296875
1746,16.29541015625
1747,-9.1259765625
1748,2.703125
1749,2.284423828125
1750,11.654541015625002
1751,0.9851074218750001
1752,5.205810546875
1753,5.6826171875
1754,4.69091796875
1755,-4.4462890625
1756,-50.977294921875
1757,32.48876953125
1758,41.455322265625
1759,7.196044921875
1760,-58.087646484375
1761,32.271484375
1762,42.847900390625
1763,0.072998046875
1764,-52.13818359375001
1765,1.9155273437499991
1766,-6.343505859374999
1767,108.821533203125
1768,-23.220947265625004
1769,-39.3701171875
1770,-6.710205078125
1771,109.900146484375
1772,-5.7041015625
1773,-11.250732421875
1774,0.4636230468750001
1775,-19.98291015625
1776,-34.874755859375
1777,14.026367187499996
1778,3.630859375
1779,-16.802001953125
1780,-32.756591796875
1781,31.818603515625
1782,5.326904296875
1783,-32.694580078125
1784,122.15771484375
1785,21.3857421875
1786,156.435546875
1787,-32.476318359375
1788,122.355224609375
1789,16.802734375
1790,-8.94140625
1791,68.140625
1792,-20.589111328125
1793,5.931396484374999
1794,30.8369140625
1795,-11.700439453125
1796,14.0859375
1797,-0.18676757812500008
1798,28.6767578125
1799,10.3037109375
1800,-0.6711425781250002
1801,11.264892578125
1802,10.736572265625
1803,0.0205078125
1804,21.375976562500004
1805,4.06787109375
1806,13.060546875
1807,-2.9892578124999996
1808,3.1123046875000004
1809,25.7392578125
1810,5.868896484375
1811,-31.396484375
1812,-15.088623046875
1813,0.23583984375
1814,0.791015625
1815,-32.572998046875
1816,-13.378906249999998
1817,5.379150390625001
1818,1.31640625
1819,13.14404296875
1820,-1.272216796875
1821,-20.2392578125
1822,6.286376953125
1823,11.42822265625
1824,0.38159179687500017
1825,-15.280029296875
1826,19.54443359375
1827,12.3759765625
1828,43.76416015625
1829,-10.6279296875
1830,-22.668457031250004
1831,0.8166503906249999
1832,6.910400390625001
1833,-7.239013671875
1834,-25.464111328125
1835,47.65478515625
1836,24.971435546875
1837,2.1572265625
1838,1.1801757812499998
1839,5.726806640625001
1840,0.388427734375
1841,6.42333984375
1842,1.555908203125
1843,9.403564453125
1844,-6.64697265625
1845,-11.8232421875
1846,-3.079345703125
1847,0.92626953125
1848,5.562255859374999
1849,-11.051513671875
1850,3.788330078125
1851,-7.409423828125
1852,3.160400390625
1853,67.191162109375
1854,-10.256591796875
1855,32.5791015625
1856,9.937255859375
1857,4.8583984375
1858,-23.50048828125
1859,6.776123046875
1860,8.5888671875
1861,13.165283203125
1862,-5.754150390625001
1863,12.223876953125
1864,-2.41943359375
1865,60.889404296875
1866,10.027343750000002
1867,11.360595703125
1868,-23.029296875
1869,67.679443359375
1870,1.835693359375
1871,-2.1162109375
1872,-6.712890624999999
1873,7.87744140625
1874,-27.171630859375
1875,-18.921630859375
1876,0.6179199218750001
1877,-2.505859375
1878,-27.37060546875
1879,-13.988281249999998
1880,30.60986328125
1881,33.83203125
1882,14.339843750000002
1883,-9.511962890625
1884,10.007080078125
1885,-13.89501953125
1886,28.7158203125
1887,-10.7939453125
1888,10.3330078125
1889,-1.841552734375
1890,-11.0830078125
1891,-4.014892578125
1892,19.892578125
1893,14.163574218749998
1894,4.1279296875
1895,-10.090576171875
1896,22.87451171875
1897,6.166259765625
1898,-2.108154296875
1899,-3.35107421875
1900,27.96826171875
1901,-20.904541015625
1902,-21.65625
1903,10.56005859375
1904,23.25
1905,-17.85693359375
1906,-21.134521484375
1907,7.71484375
1908,24.923583984375
1909,0.5493164062499982
1910,-11.697509765625
1911,28.721923828125
1912,-2.83056640625
1913,5.5751953125
1914,-6.817626953125
1915,35.02880859375
1916,9.470458984374998
1917,8.666259765625
1918,-7.204345703125
1919,-8.528564453125
1920,-9.351806640625
1921,-9.647705078125
1922,-4.56591796875
1923,-10.478271484374998
1924,-12.556396484374998
1925,44.28173828125
1926,-8.1533203125
1927,29.184082031250004
1928,7.91064453125
1929,14.501220703125
1930,-5.653564453125
1931,-3.93896484375
1932,4.144775390625
1933,15.957275390625
1934,-15.177734375
1935,0.22314453125
1936,-1.5200195312499998
1937,-5.927490234375
1938,9.65087890625
1939,3.253173828125
1940,-7.111083984375
1941,-10.828369140625
1942,3.291748046875
1943,4.854248046875
1944,1.7817382812499998
1945,34.210693359375
1946,74.26513671875001
1947,-33.145751953125
1948,77.78173828125
1949,-16.02099609375
1950,74.03173828125
1951,-33.222900390625
1952,16.255859375
1953,33.592529296875
1954,-2.551513671875
1955,-12.3671875
1956,18.703125
1957,0.502685546875
1958,2.974853515625
1959,-6.055419921875
1960,17.982177734375
1961,-4.673583984375
1962,4.3818359375
1963,19.300048828125
1964,-19.1025390625
1965,-16.0791015625
1966,-8.552490234375
1967,23.264404296875
1968,-21.000976562500004
1969,-14.233886718749998
1970,-12.602294921875
1971,23.8525390625
1972,-4.18896484375
1973,-2.487060546875
1974,-2.051513671875
1975,17.15966796875
1976,-1.34765625
1977,-2.787109375
1978,-4.1845703125
1979,32.81005859375
1980,-3.582275390625
1981,1.462158203125
1982,17.8173828125
1983,34.03515625
1984,-9.586669921875
1985,-2.1337890625
1986,18.384521484375
1987,27.501220703125
1988,10.74072265625
1989,-6.011474609374999
1990,-16.72265625
1991,-8.04833984375
1992,-1.110595703125
1993,1.1472167968750002
1994,-18.550292968749996
1995,-7.18359375
1996,-3.623779296875
1997,29.648681640625
1998,-11.499755859375
1999,12.917236328125
2000,7.74169921875
2001,-5.44384765625
2002,125.35180664062499
2003,48.07421875
2004,6.330810546875
2005,-8.61376953125
2006,-4.584228515625
2007,12.236572265625
2008,4.0712890625
2009,-2.739990234375
2010,-8.923095703125
2011,-26.581298828125
2012,4.804931640625001
2013,-9.451904296875
2014,-10.49755859375
2015,50.324462890625
2016,2.4033203124999996
2017,-12.615478515625002
2018,83.8017578125
2019,-1.4111328125
2020,28.45556640625
2021,45.611328125
2022,90.21557617187499
2023,4.36962890625
2024,-5.2763671875
2025,2.04150390625
2026,23.5263671875
2027,-2.529296875
2028,-10.20458984375
2029,0.6650390625
2030,23.41455078125
2031,-2.605224609375
2032,-8.469482421875
2033,63.35986328125
2034,58.687255859375
2035,-18.894042968749996
2036,50.048828125
2037,37.839599609375
2038,7.759521484375
2039,14.2294921875
2040,49.61767578125
2041,37.889404296875
2042,-8.13232421875
2043,4.587890625000002
2044,24.795898437499996
2045,7.74462890625
2046,-0.033691406250000444
2047,-0.02880859375
2048,29.879638671875
2049,10.51708984375
2050,0.7253417968750001
2051,11.0517578125
2052,1.437744140625
2053,8.577392578125
2054,19.215087890625
2055,30.23193359375
2056,-21.925292968749996
2057,-1.020751953125
2058,20.4130859375
2059,40.15283203125
2060,18.441650390625
2061,-7.3779296875
2062,13.533447265625
2063,38.82006835937501
2064,10.220703125
2065,5.337646484374999
2066,18.649169921875
2067,34.630126953125
2068,14.5
2069,23.820068359375
2070,5.90380859375
2071,-0.6206054687499998
2072,50.73779296875
2073,67.766357421875
2074,-9.053955078125
2075,-20.517333984375
2076,49.46435546874999
2077,66.96484375
2078,5.718505859374999
2079,-15.168212890625
2080,21.13427734375
2081,-11.712646484374998
2082,-7.517822265625
2083,65.577392578125
2084,22.58544921875
2085,-8.898681640625
2086,-1.2724609375
2087,16.612060546875
2088,10.207031249999998
2089,3.102783203125
2090,11.821533203125
2091,0.62548828125
2092,-2.706787109375
2093,8.283203125
2094,11.3427734375
2095,3.45361328125
2096,5.271240234375
2097,3.50390625
2098,-31.310791015625
2099,56.898193359375
2100,58.047119140625
2101,-6.61474609375
2102,-30.44140625
2103,52.279052734375
2104,57.587890625
2105,-26.041259765625
2106,-42.0166015625
2107,-16.00537109375
2108,3.08837890625
2109,6.584716796875
2110,4.808349609374999
2111,-3.06982421875
2112,6.626953124999999
2113,11.781005859375
2114,12.401611328125
2115,-14.19384765625
2116,-5.81494140625
2117,3.277099609375
2118,-1.1547851562499998
2119,4.95361328125
2120,15.185791015625002
2121,8.67724609375
2122,0.056640625
2123,-12.057861328125
2124,-7.526123046875
2125,15.375
2126,-8.203125
2127,8.51171875
2128,-13.197265625
2129,2.864013671875
2130,0.248046875
2131,8.9091796875
2132,-16.66796875
2133,5.982421875000001
2134,8.862060546875
2135,5.07177734375
2136,3.83056640625
2137,-10.865234375
2138,7.386962890625001
2139,0.4912109375
2140,-0.444580078125
2141,50.612060546875
2142,3.760986328125
2143,-1.4179687500000002
2144,41.890380859375
2145,41.349853515625
2146,-5.6640625
2147,-8.7412109375
2148,41.209716796875
2149,42.2138671875
2150,-7.428466796875
2151,-7.29052734375
2152,7.122314453125
2153,-3.21435546875
2154,-1.3115234375
2155,6.48193359375
2156,13.090087890625
2157,-3.658203125
2158,-1.861328125
2159,8.772216796875
2160,9.726074218749998
2161,10.898193359375
2162,-24.982421875
2163,-31.473876953125
2164,31.295654296875
2165,27.63037109375
2166,-27.794189453125
2167,-25.35546875
2168,12.988525390625
2169,13.887451171875
2170,70.430419921875
2171,-7.935791015625
2172,-17.389892578125
2173,71.772216796875
2174,74.19921875
2175,-9.869384765625
2176,-15.676025390625
2177,96.566162109375
2178,-21.6005859375
2179,-11.562255859375
2180,-7.39599609375
2181,-8.979248046875
2182,17.926513671875
2183,-9.0087890625
2184,-8.4814453125
2185,-10.205810546875
2186,27.207275390625
2187,-8.014404296875
2188,12.333984375
2189,-7.281982421875
2190,29.324462890625
2191,0.19970703125
2192,11.049560546875
2193,-6.98828125
2194,30.670898437499996
2195,-5.10595703125
2196,2.015380859375
2197,14.464843750000002
2198,-25.539306640625
2199,-20.757080078125
2200,0.8103027343750001
2201,2.6386718749999996
2202,-26.063720703125
2203,-17.812744140625
2204,-3.3349609375000004
2205,-4.649169921875
2206,-8.170166015625
2207,-8.3349609375
2208,-8.43994140625
2209,-5.99462890625
2210,-3.13818359375
2211,-9.453613281250002
2212,-12.066162109375
2213,19.24609375
2214,-5.643310546875
2215,18.59423828125
2216,-25.85498046875
2217,-25.698974609375
2218,50.7451171875
2219,39.128662109375
2220,-25.517333984375
2221,-23.022216796875004
2222,-22.737060546875
2223,26.891845703125
2224,-9.66748046875
2225,1.7758789062499998
2226,5.45556640625
2227,16.8369140625
2228,15.15185546875
2229,8.5625
2230,4.697509765625
2231,8.639892578125
2232,-0.46240234375
2233,16.530029296875
2234,-31.492187500000004
2235,-19.559082031250004
2236,16.44970703125
2237,-6.781005859374999
2238,-30.71923828125
2239,-24.777832031250004
2240,-2.050537109375
2241,24.240966796875004
2242,1.2846679687500002
2243,3.348388671875
2244,1.454833984375
2245,7.556640624999999
2246,2.99169921875
2247,3.43896484375
2248,-0.34033203125
2249,11.345947265625
2250,5.46728515625
2251,0.553955078125
2252,-10.7294921875
2253,5.209228515625
2254,-10.165283203125
2255,-24.566162109375
2256,-8.274169921875
2257,6.088134765625
2258,3.302001953124999
2259,-8.568603515625
2260,24.53564453125
2261,10.410400390625
2262,11.77001953125
2263,-9.257568359375
2264,22.78662109375
2265,11.833740234375
2266,10.838134765625
2267,33.204833984375
2268,12.79541015625
2269,-5.630126953125
2270,28.4912109375
2271,18.05322265625
2272,-17.149658203125
2273,-35.056396484375
2274,28.07568359375
2275,19.422607421875
2276,-7.158935546875
2277,-1.146484375
2278,12.11962890625
2279,19.878662109375
2280,-0.50927734375
2281,51.983642578125
2282,43.166015625
2283,22.41552734375
2284,4.14306640625
2285,7.4453125
2286,5.78759765625
2287,11.955810546875
2288,-14.6162109375
2289,-12.037841796875
2290,-2.4404296875000004
2291,15.190673828125
2292,-12.984375
2293,-16.77197265625
2294,4.7744140625
2295,17.943115234375
2296,0.41064453125
2297,-17.067138671875
2298,-7.0146484375
2299,-13.811767578125
2300,-5.087646484375
2301,-11.5087890625
2302,-12.4873046875
2303,70.68603515625
2304,26.91796875
2305,-42.960205078125
2306,54.328369140625
2307,56.19506835937501
2308,4.791259765625
2309,-42.802734375
2310,57.814697265625
2311,54.650390625
2312,-10.658203125
2313,-16.825439453125
2314,-6.134521484375
2315,-4.783447265625
2316,-4.525146484375
2317,8.17822265625
2318,-12.205322265625
2319,4.256103515625
2320,-5.4052734375
2321,5.343994140625001
2322,1.076904296875
2323,-9.12744140625
2324,2.3701171875000004
2325,1.3046875
2326,7.325927734375
2327,10.344238281250002
2328,-0.020751953125000056
2329,-0.1826171875
2330,2.455322265625
2331,30.098388671875
2332,-4.114990234375
2333,-6.132568359374999
2334,-5.25537109375
2335,3.9453125
2336,-0.37353515625
2337,-2.765380859375
2338,-6.447021484375
2339,-1.263427734375
2340,-1.925537109375
2341,-7.890625
2342,-3.160400390625
2343,-2.65185546875
2344,-3.67236328125
2345,-20.80322265625
2346,0.49658203125
2347,1.5444335937500002
2348,-13.5126953125
2349,-30.438720703125
2350,6.53125
2351,-12.1796875
2352,1.902587890625
2353,3.5595703124999996
2354,1.1677246093750002
2355,-6.21337890625
2356,5.015625
2357,-2.050048828125
2358,-13.09716796875
2359,-29.3212890625
2360,22.683349609375
2361,56.457275390625
2362,-2.6572265624999987
2363,191.08740234375
2364,15.869873046875
2365,47.644775390625
2366,-1.639404296875
2367,37.053466796875
2368,11.748779296875
2369,34.58349609375
2370,-15.06396484375
2371,3.70849609375
2372,6.040771484375
2373,32.65869140625
2374,-12.435302734375
2375,-13.867431640625
2376,-14.403564453125
2377,41.8427734375
2378,-15.056640625
2379,37.894287109375
2380,-27.073486328125
2381,28.53515625
2382,-14.25146484375
2383,37.416748046875
2384,11.078125
2385,2.76318359375
2386,-30.0693359375
2387,28.584228515625
2388,24.580322265625004
2389,-15.61474609375
2390,-28.849365234375
2391,28.718505859375
2392,24.809082031250004
2393,13.984130859375
2394,-23.42626953125
2395,-24.82177734375
2396,-0.6464843750000011
2397,-21.30126953125
2398,98.323486328125
2399,-43.008056640625
2400,9.607421875
2401,-17.469482421875
2402,-8.996337890625
2403,-9.230712890625
2404,-71.4384765625
2405,-66.768310546875
2406,2.4169921875000004
2407,-15.027343750000002
2408,-5.633544921875
2409,-67.810546875
2410,4.635009765625
2411,33.076171875
2412,66.750244140625
2413,-0.1298828125
2414,-10.694580078125
2415,-5.73583984375
2416,8.031494140625
2417,-4.4873046875
2418,-9.7294921875
2419,-6.962890624999999
2420,18.066162109375
2421,29.713623046875
2422,-18.211669921875
2423,12.32373046875
2424,12.42529296875
2425,13.82177734375
2426,5.049560546875
2427,10.550537109375
2428,12.7626953125
2429,8.603271484375
2430,15.455078125
2431,4.271484375
2432,-12.614990234375
2433,16.099853515625
2434,-21.814208984375
2435,1.595458984375
2436,-15.6748046875
2437,18.76171875
2438,23.99462890625
2439,44.14111328125
2440,-5.2861328125
2441,-1.948486328125
2442,-0.551025390625
2443,2.742919921875
2444,5.621337890625001
2445,-0.31640625
2446,-0.251220703125
2447,-13.062988281250002
2448,10.431884765625
2449,47.99755859375
2450,-2.6494140624999996
2451,9.97998046875
2452,-10.621093750000002
2453,53.704833984375
2454,-3.915771484375
2455,3.326171875
2456,1.1162109375
2457,9.8056640625
2458,41.718505859375
2459,-41.98974609375
2460,-35.505859375
2461,15.346923828125
2462,-2.677001953125
2463,-34.008544921875
2464,-30.549072265625004
2465,2.1376953125
2466,41.79736328125
2467,-1.2060546875
2468,-3.0263671875000004
2469,28.79052734375
2470,-9.056396484375
2471,-4.08203125
2472,-1.186767578125
2473,31.97607421875
2474,5.258544921875
2475,-5.52978515625
2476,-6.66259765625
2477,-7.20703125
2478,8.633056640625
2479,-4.75830078125
2480,-0.9479980468750001
2481,-11.815673828125
2482,6.27880859375
2483,9.289306640625
2484,18.591064453125
2485,-5.5703125
2486,2.4599609375000004
2487,15.8330078125
2488,4.516845703125
2489,4.962158203125
2490,3.46875
2491,17.03173828125
2492,-31.6181640625
2493,12.959228515625002
2494,3.19189453125
2495,6.978515624999999
2496,18.71826171875
2497,-0.044677734375
2498,-20.324707031250004
2499,0.43237304687499956
2500,14.250244140625
2501,-6.2578125
2502,2.458740234375
2503,5.35693359375
2504,-5.168212890625001
2505,7.857177734375
2506,-20.91064453125
2507,13.746826171875
2508,-8.41845703125
2509,17.614501953125
2510,-1.71484375
2511,-3.587890625
2512,-7.53125
2513,18.271484375
2514,-10.33837890625
2515,-8.72412109375
2516,7.218017578125
2517,22.99755859375
2518,-9.0732421875
2519,94.740234375
2520,92.373779296875
2521,-10.789306640625
2522,-17.052734375
2523,-2.676513671875
2524,7.5341796875
2525,0.9133300781249999
2526,-17.71484375
2527,-3.94775390625
2528,-16.4296875
2529,-7.703857421875
2530,9.61474609375
2531,15.664794921875
2532,-31.424560546875
2533,34.70703125
2534,14.7578125
2535,16.124267578125
2536,-29.742431640625
2537,9.065673828125
2538,14.9775390625
2539,-29.639404296875
2540,-14.12646484375
2541,38.1220703125
2542,7.681640624999999
2543,21.280517578125
2544,-15.10009765625
2545,42.729736328125
2546,-3.5659179687500004
2547,34.71484375
2548,-2.6865234375000004
2549,30.546875
2550,-7.1923828125
2551,-14.43310546875
2552,-3.44189453125
2553,28.326171875
2554,-13.281982421875
2555,76.352294921875
2556,-31.330322265625004
2557,8.134033203125
2558,26.61083984375
2559,13.870849609375
2560,-35.2177734375
2561,-13.433837890625
2562,31.0712890625
2563,4.85546875
2564,-8.29345703125
2565,2.1240234375
2566,86.58569335937501
2567,-20.318359375
2568,-5.316650390625001
2569,-7.208984375000001
2570,34.187255859375
2571,-17.679931640625
2572,-8.046142578125
2573,37.4970703125
2574,92.12548828125
2575,-9.9765625
2576,11.133300781250002
2577,3.482421875
2578,-14.521484375
2579,-9.471435546875
2580,8.5439453125
2581,-2.7705078124999996
2582,-2.644775390625
2583,-8.425048828125
2584,11.52685546875
2585,-3.7314453124999996
2586,-8.52978515625
2587,19.83447265625
2588,9.010498046875
2589,-7.168212890625001
2590,-2.203857421875
2591,-1.9575195312499998
2592,13.3203125
2593,14.729736328125
2594,8.029052734375
2595,6.49169921875
2596,-25.20556640625
2597,10.182861328125
2598,9.5908203125
2599,-1.536376953125
2600,74.92065429687501
2601,-12.342041015625002
2602,-21.081787109375
2603,-11.50244140625
2604,-8.64794921875
2605,15.99072265625
2606,13.519287109375
2607,-11.220458984374998
2608,-10.744873046875
2609,7.28076171875
2610,8.06005859375
2611,11.22802734375
2612,3.047607421875
2613,6.405517578125
2614,-7.88037109375
2615,-14.746337890625
2616,0.91845703125
2617,6.214111328125
2618,24.21435546875
2619,-19.226562499999996
2620,1.1889648437500002
2621,-9.722656249999998
2622,0.328369140625
2623,-3.0947265624999996
2624,2.0554199218750004
2625,-16.26806640625
2626,-1.2412109375
2627,-5.2685546875
2628,-1.134033203125
2629,6.589111328125
2630,84.930908203125
2631,83.001953125
2632,41.03002929687501
2633,-2.28662109375
2634,84.701416015625
2635,83.264404296875
2636,-8.05078125
2637,23.431396484375
2638,-48.61181640624999
2639,67.09912109375
2640,11.886474609375
2641,122.1943359375
2642,-64.793701171875
2643,70.546875
2644,12.652343750000002
2645,2.091552734375
2646,-18.7138671875
2647,-1.71484375
2648,12.547607421875
2649,6.89990234375
2650,1.310302734375
2651,-4.209716796875
2652,6.372802734375
2653,1.5180664062499998
2654,-1.060546875
2655,-5.411376953125
2656,13.84130859375
2657,-8.928466796875
2658,-13.6044921875
2659,11.054443359375
2660,13.2177734375
2661,-2.623291015625
2662,-14.279052734375
2663,38.89306640624999
2664,12.5087890625
2665,3.46533203125
2666,-7.451904296875
2667,6.276123046875
2668,8.355224609375
2669,3.107177734375
2670,-4.19873046875
2671,6.186279296875
2672,4.925537109374999
2673,-3.482177734375
2674,-0.7783203125
2675,25.639404296875
2676,12.369140625
2677,-43.46435546874999
2678,-33.195556640625
2679,22.135986328125
2680,9.524658203125
2681,1.757080078125
2682,8.191650390625
2683,-14.82470703125
2684,10.5625
2685,13.684814453125
2686,6.447509765625
2687,-8.9814453125
2688,14.99658203125
2689,14.086425781250002
2690,1.9477539062499998
2691,-5.701416015625
2692,-6.96142578125
2693,28.891601562500004
2694,2.551025390625
2695,8.373291015625
2696,9.89208984375
2697,28.761474609375
2698,-4.62890625
2699,-4.8701171875
2700,7.599853515625
2701,55.2666015625
2702,6.59130859375
2703,-23.255126953125
2704,4.780029296875
2705,67.7275390625
2706,12.969482421875
2707,-11.461181640625
2708,125.430419921875
2709,13.2197265625
2710,13.300781249999998
2711,-5.800537109374999
2712,-6.730224609374999
2713,-3.2099609375000004
2714,9.092529296875
2715,-7.556396484375
2716,-13.718261718749998
2717,35.91015625
2718,18.871337890625
2719,2.95263671875
2720,23.046875
2721,12.171386718749998
2722,-4.857177734375
2723,4.974853515625
2724,22.748291015625
2725,12.00439453125
2726,-9.159912109375
2727,-3.14892578125
2728,1.0163574218749996
2729,14.39208984375
2730,-8.7373046875
2731,-18.717529296875
2732,-10.975341796875
2733,13.476074218749998
2734,-7.31689453125
2735,6.4560546875
2736,9.732666015625002
2737,12.312255859375
2738,-5.6181640625
2739,16.919189453125
2740,-6.8125
2741,7.64990234375
2742,-7.843505859374999
2743,16.783935546875
2744,-4.26708984375
2745,-0.8403320312499998
2746,9.251220703125
2747,4.337158203125
2748,-9.824951171875
2749,-11.10498046875
2750,9.817138671875
2751,-1.639404296875
2752,-9.328125
2753,1.211181640625
2754,6.70849609375
2755,-7.958740234375
2756,-6.623046875000001
2757,-8.660400390625
2758,-3.9892578124999996
2759,-3.590576171875
2760,-2.471923828125
2761,-10.117919921875
2762,17.400634765625
2763,0.061767578125
2764,-17.0859375
2765,-7.99853515625
2766,115.306640625
2767,-8.67333984375
2768,11.9404296875
2769,-12.064208984374998
2770,114.221435546875
2771,15.1806640625
2772,-13.278076171875
2773,-20.544189453125
2774,-40.957763671875
2775,30.525390625
2776,-25.655517578125
2777,-16.94921875
2778,-35.157958984375
2779,34.990478515625
2780,9.429443359375
2781,48.28369140625
2782,-24.802001953125
2783,17.018310546875
2784,93.921875
2785,-2.993896484375
2786,-44.834716796875
2787,15.2109375
2788,91.924072265625
2789,2.239501953124999
2790,-12.390625
2791,7.322265624999999
2792,-8.136962890625
2793,-9.63427734375
2794,4.356201171875
2795,2.486572265625
2796,-3.502685546875
2797,-2.42578125
2798,7.77880859375
2799,6.865478515625
2800,29.5556640625
2801,-18.78662109375
2802,-18.37158203125
2803,-2.135986328125
2804,23.630126953125
2805,-16.330810546875
2806,-14.917968750000002
2807,-13.679931640625
2808,25.81689453125
2809,9.356689453125
2810,11.3173828125
2811,16.911865234375
2812,-37.201416015625
2813,5.141357421875
2814,11.72021484375
2815,15.263427734375
2816,-9.215576171875
2817,7.883056640625001
2818,-14.805175781250002
2819,110.631103515625
2820,108.5732421875
2821,49.05249023437499
2822,-10.957275390625
2823,106.006591796875
2824,106.528564453125
2825,0.408447265625
2826,-16.6318359375
2827,2.74365234375
2828,-0.7119140625
2829,50.176025390625
2830,1.9482421875
2831,-8.196533203125
2832,-7.3271484375
2833,44.156982421875
2834,2.866455078125
2835,-12.3369140625
2836,42.20874023437499
2837,-0.88330078125
2838,-8.5322265625
2839,-0.06005859375
2840,0.2490234375
2841,-3.423583984375
2842,-11.393798828125
2843,2.01904296875
2844,9.770263671875
2845,-65.3837890625
2846,49.5263671875
2847,28.949951171875
2848,-6.716796875000001
2849,-56.576416015625
2850,43.0859375
2851,28.64453125
2852,29.763916015625
2853,-41.174560546875
2854,24.77734375
2855,-2.255126953125
2856,-6.119140624999999
2857,-6.41796875
2858,-10.95556640625
2859,-12.362548828125
2860,-6.404296875000001
2861,-4.88671875
2862,6.27001953125
2863,-13.033203125
2864,-8.223876953125
2865,51.02587890625
2866,-39.134521484375
2867,-43.10888671875
2868,-9.7470703125
2869,52.923095703125
2870,-22.00244140625
2871,-15.5634765625
2872,-13.957031249999998
2873,0.296142578125
2874,-0.8996582031249999
2875,34.726318359375
2876,44.0390625
2877,1.328857421875
2878,0.6760253906249999
2879,-11.401611328125
2880,22.50048828125
2881,6.9951171875
2882,17.0791015625
2883,-19.1162109375
2884,31.389404296875
2885,-11.300537109375
2886,16.216552734375
2887,-16.3984375
2888,0.487548828125
2889,1.39453125
2890,22.289794921875
2891,-36.25390625
2892,-38.10498046875
2893,24.87646484375
2894,22.1875
2895,-36.165283203125
2896,-44.375244140625
2897,1.7597656249999982
2898,18.380126953125
2899,-4.845458984375
2900,89.707763671875
2901,78.753662109375
2902,-9.312011718749998
2903,-7.721435546875
2904,95.77392578125
2905,79.1416015625
2906,8.669189453125
2907,-41.866455078125
2908,-14.492675781250002
2909,12.01025390625
2910,14.056884765625
2911,-3.568115234375
2912,-28.451171875
2913,13.345703125
2914,16.672607421875
2915,21.79443359375
2916,-6.958251953125
2917,57.43212890625
2918,5.318115234375
2919,-4.277587890625
2920,-26.90478515625
2921,57.884765625
2922,6.504150390625001
2923,-1.5549316406250002
2924,8.005126953125
2925,57.32763671875
2926,-6.10009765625
2927,26.36767578125
2928,13.738525390625
2929,-8.40576171875
2930,17.367431640625
2931,31.226562499999996
2932,16.6640625
2933,12.069580078125
2934,9.556884765625
2935,31.492919921875
2936,-25.195556640625
2937,12.504638671875
2938,-27.399658203124996
2939,17.122314453125
2940,-24.838623046875
2941,12.04052734375
2942,39.661865234375
2943,14.44775390625
2944,33.75927734375
2945,-5.223388671875
2946,-37.505615234375
2947,-46.11254882812501
2948,58.667236328125
2949,-4.46875
2950,-37.09033203125
2951,70.9150390625
2952,36.92578125
2953,-6.657958984375
2954,8.71875
2955,1.359375
2956,4.771240234375
2957,-5.6689453125
2958,7.684814453125
2959,5.521484375000001
2960,-0.36865234375
2961,-7.6259765625
2962,0.4619140625
2963,0.1044921875
2964,-10.869384765625
2965,0.84228515625
2966,18.259521484375
2967,3.0463867187500004
2968,-12.52099609375
2969,1.3955078125
2970,2.678955078125
2971,-4.71337890625
2972,11.818359375
2973,46.61328125
2974,-10.910156249999998
2975,-13.525634765625
2976,15.5625
2977,46.073486328125
2978,-38.9853515625
2979,2.50390625
2980,20.668457031250004
2981,-1.8837890625
2982,-9.54443359375
2983,2.29248046875
2984,5.481689453125
2985,0.03369140624999989
2986,-14.258544921875
2987,49.00244140625
2988,20.9345703125
2989,-5.3671875
2990,10.605712890625
2991,-2.001708984375
2992,-7.92822265625
2993,8.255126953125
2994,9.8603515625
2995,-1.054931640625
2996,2.75927734375
2997,9.397216796875
2998,9.187744140625
2999,1.658203125
3000,-1.2485351562499998
3001,6.9404296875
3002,19.466552734374996
3003,-1.979736328125
3004,-0.560791015625
3005,2.9873046875000004
3006,9.312011718749998
3007,14.383544921875
3008,35.121826171875
3009,-0.3356933593749999
3010,-2.82861328125
3011,-23.626953125
3012,38.5654296875
3013,2.130859375
3014,-20.483642578125
3015,10.2255859375
3016,83.10400390625
3017,9.201171875
3018,-1.0263671875000004
3019,56.31298828125
3020,93.964599609375
3021,19.29638671875
3022,7.984130859374999
3023,-27.04150390625
3024,66.9560546875
3025,-13.524658203125
3026,-40.15625
3027,38.808837890625
3028,-10.50537109375
3029,-25.978515625
3030,-40.72070312500001
3031,38.273193359375
3032,24.70556640625
3033,19.032470703125
3034,62.96923828125
3035,-21.815673828125
3036,-26.70849609375
3037,96.94677734375
3038,60.75146484375
3039,-23.310302734374996
3040,-25.071533203124996
3041,-66.515380859375
3042,64.666259765625
3043,3.41552734375
3044,1.406982421875
3045,-3.59130859375
3046,-17.337646484375
3047,-19.828125
3048,-4.076904296875
3049,-4.99951171875
3050,3.139404296875
3051,16.24169921875
3052,-18.087158203125
3053,6.496337890625001
3054,-5.94775390625
3055,-7.60986328125
3056,61.82568359375001
3057,4.14208984375
3058,1.9672851562499998
3059,-49.994873046875
3060,3.519287109375
3061,23.833251953125
3062,19.55859375
3063,11.83740234375
3064,37.3310546875
3065,17.189453125
3066,18.020751953125
3067,10.338134765625
3068,-11.451416015625002
3069,-7.277587890625001
3070,0.014404296875000222
3071,51.847412109375
3072,70.552978515625
3073,-17.8662109375
3074,7.949951171875
3075,62.203857421875
3076,72.522705078125
3077,-36.57470703125
3078,-23.420166015625
3079,-4.74609375
3080,41.17993164062499
3081,35.70166015625
3082,-18.885986328125
3083,-18.821044921875
3084,39.07080078125
3085,31.6630859375
3086,-6.951171875000001
3087,-16.956787109375
3088,17.087158203125
3089,-12.4765625
3090,-4.18115234375
3091,-22.581787109375
3092,28.435791015625
3093,-11.793701171875
3094,-1.470458984375
3095,50.95263671875
3096,-2.852783203125
3097,19.950439453125
3098,14.89990234375
3099,-16.17919921875
3100,-36.4775390625
3101,-13.435546875
3102,22.193115234375
3103,-14.028564453125
3104,46.564697265625
3105,-7.1337890625
3106,7.8271484375
3107,3.09228515625
3108,0.95166015625
3109,32.593505859375
3110,7.20849609375
3111,11.747802734375
3112,12.859863281250002
3113,39.17138671875
3114,7.4052734375
3115,-11.240478515625002
3116,-11.76806640625
3117,11.038330078125
3118,2.288818359375
3119,-1.746826171875
3120,-13.38916015625
3121,11.8642578125
3122,-26.077392578125
3123,-16.68017578125
3124,2.6865234375000004
3125,4.89990234375
3126,8.489990234375
3127,5.634033203125
3128,9.10302734375
3129,5.44140625
3130,11.257080078125
3131,-12.13134765625
3132,1.561767578125
3133,-16.50146484375
3134,-4.5234375
3135,0.7976074218750001
3136,-3.57958984375
3137,-3.7919921875000004
3138,-2.5693359375000004
3139,-4.230712890625
3140,34.708251953125
3141,-3.13330078125
3142,26.47705078125
3143,10.67041015625
3144,-9.4765625
3145,-2.4921875
3146,-6.637939453125
3147,4.65576171875
3148,-12.378173828125
3149,29.16943359375
3150,14.866455078125
3151,-22.25146484375
3152,19.24755859375
3153,33.305419921875
3154,-3.9990234375000004
3155,-21.773437500000004
3156,17.44677734375
3157,38.419677734375
3158,-26.436279296875
3159,-36.138916015625
3160,31.227294921875
3161,23.402587890625
3162,15.367431640625
3163,5.3173828125
3164,11.682861328125
3165,22.95703125
3166,6.584228515625
3167,40.685302734375
3168,93.42578125
3169,-8.556396484375
3170,0.138916015625
3171,0.3544921875
3172,1.491455078125
3173,-3.4970703124999996
3174,0.8044433593750001
3175,-3.074462890625
3176,-3.322509765625
3177,-4.20263671875
3178,6.110107421875
3179,0.11181640625
3180,2.60498046875
3181,23.994140625
3182,-0.13671875
3183,-0.5507812500000007
3184,0.83447265625
3185,78.3466796875
3186,4.064453125
3187,90.5751953125
3188,-13.76416015625
3189,-4.931396484375001
3190,27.36474609375
3191,85.81982421875
3192,-12.35400390625
3193,-12.485107421875
3194,10.520751953125
3195,88.16357421875
3196,-19.5263671875
3197,3.302490234375
3198,-4.177734375
3199,0.625
3200,-20.12060546875
3201,0.5205078125
3202,-0.51416015625
3203,13.445068359375
3204,-12.2138671875
3205,20.589599609375
3206,-7.948974609374999
3207,-14.77490234375
3208,29.916015625
3209,14.988037109375
3210,-7.736083984375002
3211,-9.346923828125
3212,11.391113281250002
3213,9.28662109375
3214,16.978759765625
3215,-37.1904296875
3216,-48.668212890625
3217,-18.53759765625
3218,15.707275390625
3219,-42.84765625
3220,-51.039794921875
3221,15.644287109375
3222,18.548095703125
3223,6.01806640625
3224,-11.583740234375
3225,59.904052734375
3226,26.066406249999996
3227,-6.294189453125
3228,-10.733154296875
3229,59.9599609375
3230,-9.137939453125
3231,-9.633300781250002
3232,-10.555908203125
3233,-0.248046875
3234,-5.084228515625
3235,2.401611328125
3236,-2.259765625
3237,-0.77783203125
3238,-6.514892578125
3239,9.930419921875
3240,11.12353515625
3241,-27.282226562500004
3242,77.712646484375
3243,102.27294921875
3244,7.119140624999999
3245,-7.855468750000002
3246,70.1923828125
3247,101.12890625000001
3248,-5.09033203125
3249,-46.1328125
3250,99.11328125
3251,-21.066650390625
3252,33.01611328125
3253,27.79248046875
3254,18.766601562500004
3255,-24.96728515625
3256,30.998046874999993
3257,168.20068359375
3258,26.72998046875
3259,21.170654296875
3260,-19.15087890625
3261,-13.28759765625
3262,3.289794921875
3263,13.211669921875
3264,-16.78076171875
3265,-9.76220703125
3266,95.270751953125
3267,19.715332031250004
3268,72.50537109375
3269,-22.663818359375
3270,-21.205810546875
3271,61.861572265625
3272,86.560791015625
3273,-24.28076171875
3274,-16.369384765625
3275,14.896240234375
3276,70.68212890625
3277,-0.8937988281249996
3278,-1.9497070312500004
3279,67.902099609375
3280,90.54882812500001
3281,-13.787109375
3282,0.16381835937499828
3283,72.76513671875
3284,-18.35888671875
3285,11.824951171875
3286,38.49462890625
3287,24.946044921875
3288,-58.60791015625
3289,44.772705078125
3290,36.62109375
3291,27.355712890625
3292,-56.68017578125
3293,-9.662353515625002
3294,85.57373046875
3295,6.822021484375
3296,33.710693359375
3297,-22.518310546875
3298,34.3818359375
3299,146.720947265625
3300,36.84619140625
3301,-14.335449218749998
3302,26.008056640625
3303,7.12939453125
3304,9.5625
3305,-22.212158203124996
3306,50.71728515625
3307,-11.571044921875
3308,-6.12841796875
3309,-20.64306640625
3310,47.121337890625
3311,-19.820068359375
3312,-5.684326171875
3313,-8.7763671875
3314,-3.8994140625000018
3315,104.18994140624999
3316,-8.861328125
3317,-14.572509765625
3318,-6.81103515625
3319,100.21337890625
3320,-9.807861328125
3321,-9.680175781250002
3322,-9.1728515625
3323,22.990966796875004
3324,-5.84716796875
3325,20.904541015625
3326,-1.1791992187500002
3327,16.7177734375
3328,-8.490234375
3329,1.6528320312499998
3330,-2.750732421875
3331,25.40087890625
3332,16.982666015625
3333,1.06591796875
3334,-0.4609375
3335,0.3173828125
3336,12.565673828125
3337,0.6481933593749996
3338,-0.1416015625
3339,-3.50048828125
3340,-1.06298828125
3341,4.5234375
3342,2.609130859375
3343,49.861083984375
3344,10.30224609375
3345,2.21630859375
3346,2.564697265625
3347,-12.335449218749998
3348,0.7438964843750001
3349,41.8759765625
3350,-13.87255859375
3351,-14.24072265625
3352,56.246826171875
3353,48.974365234375
3354,-13.2353515625
3355,-13.781982421875
3356,-27.019042968749996
3357,43.715576171875
3358,-53.7548828125
3359,71.33740234375
3360,44.175537109375
3361,-34.6015625
3362,-31.94921875
3363,74.492431640625
3364,45.05322265625
3365,7.078369140625001
3366,-43.12695312500001
3367,0.6091308593750001
3368,10.10693359375
3369,4.650390624999999
3370,26.775634765625
3371,30.33251953125
3372,9.931640625
3373,-0.451904296875
3374,28.42919921875
3375,23.51513671875
3376,-20.701904296875
3377,15.513671875
3378,19.711669921875
3379,-14.599365234375
3380,-10.478271484374998
3381,19.242187500000004
3382,17.11474609375
3383,9.564697265625
3384,12.336181640625
3385,19.41552734375
3386,3.533935546875
3387,5.797119140625001
3388,7.677490234375
3389,35.654296875
3390,2.021728515625
3391,12.60400390625
3392,-30.55419921875
3393,26.603759765625
3394,-28.889892578125
3395,27.005615234375
3396,8.61669921875
3397,44.997802734375
3398,-26.888916015625
3399,32.461181640625
3400,3.24609375
3401,-18.912353515625
3402,1.441162109375
3403,35.58203125
3404,-5.57666015625
3405,6.411865234375
3406,10.0556640625
3407,37.97900390625
3408,-3.906005859375
3409,9.06103515625
3410,-8.6123046875
3411,-7.26611328125
3412,-16.70458984375
3413,23.305419921875
3414,29.6162109375
3415,-1.704833984375
3416,-15.6484375
3417,25.476318359375
3418,28.143798828125
3419,9.726318359375
3420,-1.267822265625
3421,-14.992675781250002
3422,93.195068359375
3423,87.914794921875
3424,-4.73974609375
3425,-27.097167968749996
3426,87.615234375
3427,84.30126953125
3428,-33.30712890625
3429,-20.789062499999996
3430,130.14892578125
3431,-20.002685546875
3432,-20.00390625
3433,-36.849609375
3434,122.105712890625
3435,-19.837646484375
3436,-24.79638671875
3437,34.25537109375
3438,115.43359374999999
3439,8.828125
3440,3.767578125
3441,0.27490234375
3442,29.61865234375
3443,5.40185546875
3444,2.09326171875
3445,1.08837890625
3446,-6.7216796875
3447,-10.158935546875
3448,-5.92578125
3449,9.4697265625
3450,25.201416015625
3451,-15.883300781250002
3452,-7.452880859374999
3453,10.20458984375
3454,27.59619140625
3455,-17.665771484375
3456,-6.784912109374999
3457,-9.9365234375
3458,17.8828125
3459,27.46044921875
3460,-26.281005859375
3461,-13.71875
3462,26.56787109375
3463,24.545898437499996
3464,35.008544921875
3465,-19.635009765625
3466,-17.9921875
3467,1.546630859374999
3468,91.69677734375
3469,-4.75244140625
3470,0.09960937499999956
3471,-6.690185546875
3472,93.52197265625
3473,-33.079345703125
3474,-30.440917968749996
3475,4.956787109374999
3476,-8.6962890625
3477,-7.81689453125
3478,1.483642578125
3479,2.246826171875
3480,-4.76025390625
3481,-8.812255859375
3482,-7.73046875
3483,4.57080078125
3484,31.60107421875
3485,110.101318359375
3486,-3.045898437500001
3487,-69.5078125
3488,132.43798828125
3489,113.732666015625
3490,-3.321533203125
3491,-11.15087890625
3492,-15.274658203125
3493,59.79638671875
3494,14.48779296875
3495,-35.39794921875
3496,-34.589599609375
3497,-32.15869140625
3498,12.830322265625
3499,-34.14599609375
3500,65.36865234375
3501,72.656494140625
3502,21.300537109375
3503,13.197265625
3504,-22.0625
3505,90.41650390625
3506,123.83935546875
3507,11.99755859375
3508,-22.3779296875
3509,27.873291015625
3510,15.2939453125
3511,-20.648681640625
3512,14.850830078125
3513,36.64990234375
3514,-1.933837890625
3515,-6.615966796875
3516,15.17626953125
3517,34.96630859375
3518,-26.003417968749996
3519,-15.337158203125
3520,4.169921875
3521,6.564697265625
3522,-1.215576171875
3523,4.2509765625
3524,9.6708984375
3525,-1.6447753906249998
3526,0.525146484375
3527,14.750244140625
3528,7.075439453125
3529,-13.93115234375
3530,7.162353515625
3531,41.955322265625
3532,8.251220703125
3533,-15.005615234375
3534,8.461669921875
3535,40.55493164062499
3536,-37.459716796875
3537,-16.794189453125
3538,24.563476562500004
3539,21.16015625
3540,-7.357421875000001
3541,30.924560546875
3542,45.425537109375
3543,23.857421875
3544,-4.814697265625
3545,-4.681396484375
3546,-7.38037109375
3547,-1.1655273437500002
3548,-2.43212890625
3549,5.546875
3550,-5.958984375000001
3551,-11.056884765625
3552,2.30615234375
3553,0.026611328125
3554,-6.4990234375
3555,-1.225830078125
3556,-2.696533203125
3557,-0.013427734375
3558,23.937744140625
3559,-14.4697265625
3560,5.62451171875
3561,-1.06103515625
3562,23.367187500000004
3563,-2.174560546875
3564,1.642578125
3565,26.21240234375
3566,-22.694580078125
3567,-24.309814453125
3568,1.177490234375
3569,56.77392578125
3570,-15.347656249999998
3571,-32.617919921875
3572,11.461425781250002
3573,44.129638671875
3574,-16.888671875
3575,-5.298828124999999
3576,-4.46484375
3577,-16.367919921875
3578,-0.2958984375
3579,-2.32470703125
3580,-6.665771484375
3581,-10.30615234375
3582,-1.2099609375
3583,-10.124755859375
3584,17.74853515625
3585,12.890869140625
3586,23.59765625
3587,4.1376953125
3588,21.76416015625
3589,18.178466796875
3590,16.301513671875
3591,-7.82177734375
3592,43.03564453125001
3593,19.85693359375
3594,7.398681640625001
3595,-9.824951171875
3596,22.84521484375
3597,16.642333984375
3598,6.025390624999999
3599,0.8864746093750002
3600,22.499023437499996
3601,-2.505615234375
3602,34.00390625
3603,33.38330078125
3604,11.664306640625
3605,7.998291015625
3606,27.98193359375
3607,35.85400390625
3608,1.9736328125
3609,-3.64501953125
3610,18.670654296875
3611,10.731689453125
3612,-29.811279296875
3613,31.72900390625
3614,17.878662109375
3615,14.642822265625
3616,-25.41015625
3617,-14.295166015625002
3618,43.77880859375
3619,-2.37939453125
3620,-4.51611328125
3621,-8.08154296875
3622,18.32080078125
3623,20.500976562500004
3624,-5.981201171875
3625,-10.16162109375
3626,-6.493408203125
3627,3.369384765625
3628,-2.657470703125
3629,-1.5927734375
3630,-1.5795898437500002
3631,23.945312499999996
3632,7.2294921875
3633,-3.45751953125
3634,-4.680908203125
3635,8.19580078125
3636,4.047119140625
3637,34.91455078125
3638,-31.622802734374996
3639,-17.07861328125
3640,90.97998046874999
3641,32.180419921875
3642,-29.862548828125
3643,-16.687744140625
3644,-56.02368164062499
3645,35.1552734375
3646,-8.9833984375
3647,-9.263916015625002
3648,-12.1181640625
3649,0.5908203125
3650,-7.052490234375
3651,-7.86962890625
3652,-9.00390625
3653,7.821044921875
3654,-11.6201171875
3655,36.893310546875
3656,98.34521484375
3657,-23.20751953125
3658,54.68115234375
3659,77.35986328124999
3660,99.49609374999999
3661,-22.57763671875
3662,39.03076171875
3663,35.23583984375
3664,-7.1357421875
3665,52.124755859375
3666,54.261962890625
3667,-52.83691406250001
3668,-9.967041015625002
3669,53.3427734375
3670,55.43310546874999
3671,-5.6611328125
3672,-24.716064453125
3673,-7.81298828125
3674,-5.72265625
3675,0.153564453125
3676,2.6318359375000004
3677,-11.32568359375
3678,1.331298828125
3679,-1.8325195312499998
3680,3.361083984375
3681,4.597412109375
3682,8.532470703125
3683,112.653564453125
3684,68.0732421875
3685,88.74560546875
3686,-29.663330078125
3687,110.97216796875
3688,68.248046875
3689,-6.225341796875
3690,-1.337646484375
3691,60.86572265625
3692,-32.098388671875
3693,-13.939208984374998
3694,20.804931640625
3695,44.231689453125
3696,-32.888427734375
3697,-16.4453125
3698,-16.151123046875
3699,81.512939453125
3700,3.53857421875
3701,-7.315185546875
3702,-8.029296875
3703,62.2705078125
3704,4.48779296875
3705,-5.948974609374999
3706,-2.70068359375
3707,-8.1748046875
3708,8.40478515625
3709,78.34912109375
3710,-8.45458984375
3711,1.717041015625
3712,17.987548828125
3713,67.017578125
3714,-7.890869140625001
3715,-5.38623046875
3716,47.04687500000001
3717,37.24755859375
3718,-17.275634765625
3719,13.3359375
3720,36.45458984375
3721,-49.473876953125
3722,-61.558837890625
3723,10.848388671875
3724,39.13818359375001
3725,16.0341796875
3726,-20.136474609375
3727,-10.139892578125
3728,135.06640625
3729,137.993408203125
3730,-23.123291015625
3731,3.4855957031250013
3732,138.140869140625
3733,141.225341796875
3734,9.448486328125
3735,-6.283935546875
3736,0.7629394531249999
3737,-1.929931640625
3738,1.02734375
3739,0.8669433593750001
3740,-7.6748046875
3741,-0.32373046875
3742,4.61962890625
3743,5.755859375000001
3744,-11.6220703125
3745,9.021240234375
3746,18.135498046875
3747,23.784912109375
3748,-22.916748046875
3749,10.082763671875
3750,16.5029296875
3751,22.228515625
3752,-18.92333984375
3753,6.269287109374999
3754,-28.65576171875
3755,45.49755859375
3756,36.454833984375
3757,-26.356689453125
3758,-27.257812499999996
3759,50.00927734375
3760,42.857177734375
3761,2.2109375
3762,-26.4951171875
3763,5.92626953125
3764,-8.2197265625
3765,26.37451171875
3766,-15.671386718749998
3767,-2.594482421875
3768,-3.544921875
3769,25.86376953125
3770,35.06591796875
3771,11.29248046875
3772,-10.108886718749998
3773,24.89599609375
3774,23.979736328125
3775,-29.21826171875
3776,-29.346435546875
3777,24.633056640625
3778,20.125732421875
3779,-9.029296875
3780,-4.5302734375
3781,30.7568359375
3782,-13.244384765625
3783,-2.20361328125
3784,77.223388671875
3785,83.17724609375
3786,-7.900634765625
3787,-7.059814453125
3788,13.071533203125
3789,13.37744140625
3790,-4.696044921875
3791,3.329345703125
3792,-3.37939453125
3793,7.811279296875
3794,2.51611328125
3795,12.250488281250002
3796,-8.029052734375
3797,7.70947265625
3798,25.120361328125
3799,4.947509765625
3800,-0.92724609375
3801,-3.41748046875
3802,17.828125
3803,-0.9113769531249999
3804,-4.461181640625
3805,-3.386962890625
3806,17.435791015625
3807,-0.73974609375
3808,-2.379150390625
3809,6.4228515625
3810,4.232421874999999
3811,-2.122314453125
3812,7.400146484375
3813,6.216796875000001
3814,6.332275390625001
3815,7.000244140625001
3816,11.4033203125
3817,-1.76171875
3818,0.9758300781249999
3819,6.293701171875
3820,-7.9296875
3821,6.98681640625
3822,10.419921875
3823,-3.6181640624999996
3824,-26.213134765625
3825,3.21142578125
3826,-6.54736328125
3827,22.982177734374996
3828,32.880859375
3829,-20.329101562500004
3830,-10.119873046875
3831,20.751220703125
3832,27.540771484375
3833,2.024658203125
3834,1.787353515625
3835,72.029541015625
3836,-38.8720703125
3837,-34.36669921875
3838,24.85791015625
3839,68.671142578125
3840,-31.19580078125
3841,-31.35693359375
3842,-2.007080078125
3843,67.352783203125
3844,-18.088623046875
3845,63.15820312500001
3846,42.972900390625
3847,-29.223388671875
3848,-0.5085449218750004
3849,52.080078125
3850,43.55029296875
3851,-2.74609375
3852,-11.09912109375
3853,-0.6125488281249999
3854,0.7919921875
3855,14.944824218749998
3856,0.4150390625
3857,-5.60986328125
3858,-1.533203125
3859,19.429443359375
3860,19.861572265625004
3861,-8.702392578125
3862,7.384033203125
3863,6.021484375000001
3864,-4.170166015625
3865,-4.515625
3866,-17.4716796875
3867,8.5634765625
3868,0.09423828125
3869,-15.2763671875
3870,3.534912109375
3871,-13.52978515625
3872,62.490478515625
3873,33.00146484375
3874,127.416748046875
3875,-79.17333984375
3876,62.00683593749999
3877,26.927734375
3878,-11.24072265625
3879,24.70361328125
3880,94.3466796875
3881,-14.325927734375
3882,-41.81103515625
3883,-11.63916015625
3884,56.013671875
3885,-15.103271484374998
3886,-40.092041015625
3887,38.81054687499999
3888,78.306640625
3889,43.0771484375
3890,11.508056640624998
3891,2.6062011718749973
3892,-9.220947265625
3893,55.71826171875
3894,12.04052734375
3895,-3.5817871093750018
3896,34.958251953125
3897,43.52001953125
3898,5.74609375
3899,2.010986328125
3900,4.24609375
3901,17.74462890625
3902,8.565185546875
3903,2.689453125
3904,7.1611328125
3905,-3.757080078125
3906,9.654296875
3907,12.996337890625
3908,-55.2626953125
3909,14.526123046875
3910,-1.8256835937500002
3911,75.50341796875
3912,-52.816650390625
3913,12.3388671875
3914,-56.34497070312499
3915,7.10888671875
3916,-4.55908203125
3917,7.80908203125
3918,19.320312499999996
3919,-0.556396484375
3920,-23.556396484375
3921,13.0595703125
3922,19.926513671875
3923,-8.0234375
3924,-34.232421875
3925,24.662109375
3926,28.471923828125
3927,-55.505859375
3928,42.81591796875
3929,47.628662109375
3930,27.2392578125
3931,-55.717041015625
3932,27.375732421875
3933,107.560791015625
3934,-16.287353515625
3935,-3.95947265625
3936,14.37646484375
3937,-2.843994140625
3938,4.74609375
3939,-6.66845703125
3940,10.38525390625
3941,10.324951171875
3942,-2.009033203125
3943,-10.005859375
3944,-6.025390625000001
3945,30.117919921875
3946,30.868408203124996
3947,18.325439453125
3948,-4.11572265625
3949,24.39501953125
3950,-17.192626953125
3951,6.50732421875
3952,11.001953125
3953,-14.483642578125
3954,3.16943359375
3955,5.913818359374999
3956,10.648925781250002
3957,-12.677978515625002
3958,1.6826171875
3959,-3.95458984375
3960,2.0712890625
3961,1.49609375
3962,-4.710205078125
3963,1.019775390625
3964,-9.340576171875
3965,0.053466796875
3966,-9.852294921875
3967,-1.9836425781250004
3968,-2.41748046875
3969,-5.121826171875
3970,-13.371093750000002
3971,-20.858154296875
3972,-24.862060546875
3973,-13.100830078125
3974,-5.995361328125
3975,-22.815673828125
3976,-19.83203125
3977,-3.188720703125
3978,-8.951171875
3979,-2.79296875
3980,18.6787109375
3981,18.56005859375
3982,-6.838134765625
3983,4.532958984375
3984,19.542724609375
3985,17.491943359375
3986,-11.000244140625
3987,0.307861328125
3988,-1.5297851562499998
3989,15.912109375
3990,15.714599609375
3991,-4.762451171875
3992,-5.57275390625
3993,13.130615234375
3994,14.679199218749998
3995,-5.83740234375
3996,-5.3291015625
3997,-0.583984375
3998,-0.19677734375
3999,-8.969482421875
4000,27.123291015625
4001,-4.711181640625001
4002,-0.054443359375
4003,-5.09423828125
4004,18.67431640625
4005,3.507080078125
4006,-1.952392578125
4007,12.468017578125
4008,-2.838623046875
4009,11.173828125
4010,17.434326171875
4011,10.955810546875
4012,-3.21484375
4013,-1.397705078125
4014,-2.751708984375
4015,-1.793212890625
4016,-9.819091796875
4017,35.3681640625
4018,-16.023193359375
4019,-20.305419921875
4020,-10.239501953125
4021,34.615234375
4022,-8.92724609375
4023,-12.321044921875
4024,11.518310546875
4025,19.0126953125
4026,11.16259765625
4027,-12.23193359375
4028,-6.769287109374999
4029,17.9111328125
4030,10.328369140625
4031,-2.163818359375
4032,-0.344482421875
4033,-14.211669921875
4034,21.21044921875
4035,49.94091796875
4036,-22.609130859375
4037,-13.700439453125
4038,24.42041015625
4039,35.87255859375
4040,24.266845703125
4041,-1.6196289062499998
4042,1.7397460937500002
4043,-16.35009765625
4044,-25.894775390625
4045,4.143310546875
4046,6.959716796875
4047,-11.570556640625
4048,-27.405273437499996
4049,-6.002685546875
4050,-6.58447265625
4051,-28.27294921875
4052,0.3515625
4053,6.574462890625001
4054,-4.6982421875
4055,-13.41748046875
4056,-1.286865234375
4057,7.099853515625
4058,0.11181640625
4059,4.321533203125
4060,12.70166015625
4061,14.046630859375
4062,-19.345947265625004
4063,41.77441406250001
4064,29.837158203124996
4065,17.05712890625
4066,-20.6435546875
4067,13.573486328125
4068,15.273925781250002
4069,19.503417968749996
4070,15.16748046875
4071,-19.4013671875
4072,10.142822265625
4073,8.55224609375
4074,18.218505859375
4075,-14.320068359375
4076,1.677001953125
4077,-0.7961425781249999
4078,-7.9306640625
4079,-10.855224609375
4080,-16.806640625
4081,-17.83837890625
4082,9.10205078125
4083,-12.913818359375
4084,-18.92724609375
4085,7.59423828125
4086,17.9892578125
4087,47.69580078125
4088,-46.31005859375
4089,-41.223388671875
4090,26.88916015625
4091,92.59057617187499
4092,-47.093994140625
4093,-35.34375
4094,-19.37939453125
4095,63.637939453125
4096,-3.129150390625
4097,20.7236328125
4098,-0.145263671875
4099,10.832275390625
4100,2.037353515625
4101,17.13623046875
4102,1.679931640625
4103,4.6669921875
4104,-16.271728515625
4105,-26.694580078125
4106,90.15283203125
4107,63.728515625
4108,-5.08056640625
4109,-33.401123046875
4110,87.91552734375
4111,73.028564453125
4112,42.51611328125
4113,-21.743408203124996
4114,-9.0068359375
4115,-15.6796875
4116,-1.2060546875
4117,23.457275390625
4118,7.184814453125
4119,-12.580810546875
4120,2.106201171875
4121,8.23828125
4122,-4.778076171875
4123,16.2138671875
4124,-14.307373046875
4125,-16.838623046875
4126,-2.353515625
4127,16.921875
4128,-10.922363281250002
4129,-18.38427734375
4130,25.329833984375
4131,4.898193359374999
4132,43.74658203125
4133,-0.39990234375000044
4134,2.930908203125
4135,-5.3056640625
4136,35.34375
4137,-2.4638671875000004
4138,4.8740234375
4139,-10.744140625
4140,29.139892578125
4141,51.528076171875
4142,14.888916015625002
4143,-3.025146484375001
4144,60.777587890625
4145,64.490966796875
4146,14.34228515625
4147,2.249755859374999
4148,-34.72998046875
4149,-33.603515625
4150,-23.298583984375
4151,4.798828124999999
4152,29.664062499999996
4153,-9.152099609375
4154,-23.32177734375
4155,2.21826171875
4156,31.56396484375
4157,-2.0556640625
4158,-20.871337890625
4159,-2.139892578125
4160,-7.54150390625
4161,-8.0791015625
4162,-14.819824218749998
4163,40.015380859375
4164,-8.93115234375
4165,-5.079833984375
4166,41.69970703125
4167,5.71240234375
4168,9.12841796875
4169,-7.643310546875
4170,-0.303955078125
4171,26.4326171875
4172,10.374755859375
4173,0.76025390625
4174,-3.029296875
4175,19.446533203124996
4176,12.506591796875
4177,3.548828125
4178,1.734375
4179,6.5302734375
4180,41.51220703125
4181,8.834716796875
4182,-1.8647460937500002
4183,5.2275390625
4184,37.53881835937501
4185,0.7255859375
4186,-13.680419921875
4187,-46.244140625
4188,-29.701416015625
4189,27.959716796875004
4190,34.073486328125
4191,-48.0595703125
4192,-31.16796875
4193,4.565185546875
4194,16.437255859375
4195,-11.3701171875
4196,51.496337890625
4197,33.136474609375
4198,-7.53759765625
4199,-10.249511718749998
4200,56.64599609375
4201,25.743896484375
4202,-38.542724609375
4203,-19.369873046875
4204,-16.181640625
4205,14.857177734375
4206,24.695556640625
4207,37.7021484375
4208,-3.1455078124999996
4209,20.590332031250004
4210,20.949951171875
4211,10.141845703125
4212,-12.823486328125
4213,66.95068359375
4214,-54.60009765625
4215,-53.972412109375
4216,-16.450927734375
4217,69.51904296875
4218,-58.687744140625
4219,-54.7900390625
4220,23.52490234375
4221,63.647705078125
4222,-10.286376953125
4223,21.736328125
4224,-10.633300781250002
4225,0.2517089843749992
4226,10.987060546875
4227,19.976806640625
4228,-8.85205078125
4229,-7.10888671875
4230,6.900634765625
4231,17.4658203125
4232,22.7392578125
4233,-19.417236328125
4234,14.538574218749998
4235,-15.5009765625
4236,25.043212890625
4237,-14.927978515625002
4238,-5.7373046875
4239,15.36376953125
4240,-12.103271484374998
4241,15.766357421875
4242,11.492919921875
4243,0.412353515625
4244,-8.6943359375
4245,13.196044921875
4246,5.557861328125
4247,-16.38818359375
4248,-18.381103515625
4249,-4.915283203125
4250,-6.4931640625
4251,-0.6630859375
4252,-32.636474609375
4253,-28.56640625
4254,-5.15283203125
4255,-7.228271484375
4256,-3.84814453125
4257,-7.080322265625
4258,19.485351562500004
4259,-14.57568359375
4260,-1.316650390625
4261,34.34912109375
4262,33.108154296875
4263,-10.869140625
4264,-1.5268554687500002
4265,-82.713623046875
4266,26.353271484375
4267,-19.542724609375
4268,-17.970458984375
4269,91.918701171875
4270,-4.895751953125
4271,-44.767578125
4272,-15.832763671875
4273,86.81787109375
4274,-19.593994140625
4275,-7.639404296875
4276,8.39794921875
4277,5.7509765625
4278,-7.5166015625
4279,0.6706542968750001
4280,-7.26513671875
4281,4.394287109375
4282,-6.927978515625
4283,20.419677734374996
4284,6.4404296875
4285,-53.407958984375
4286,55.008544921875
4287,41.79541015625
4288,10.106201171875
4289,-20.60546875
4290,55.0859375
4291,46.35302734375
4292,-17.1220703125
4293,-30.5283203125
4294,1.273193359375
4295,0.06689453125
4296,7.487548828125
4297,-14.0458984375
4298,6.10986328125
4299,-0.6330566406249999
4300,7.75830078125
4301,4.837890624999999
4302,-0.001953125
4303,18.20849609375
4304,-26.812255859375
4305,17.43994140625
4306,13.586181640625
4307,67.798583984375
4308,-23.244140625
4309,19.95458984375
4310,-73.68115234375
4311,37.5009765625
4312,60.6201171875
4313,-27.75244140625
4314,-29.177734375
4315,2.388671875
4316,57.979736328125
4317,-22.904541015625
4318,-20.184326171875
4319,58.612060546875
4320,65.42138671875
4321,-6.66748046875
4322,-2.394287109375
4323,-23.716552734374996
4324,-13.569091796875
4325,9.587158203125
4326,-0.54248046875
4327,-19.06640625
4328,12.6435546875
4329,-5.805908203125
4330,87.86450195312501
4331,-43.600341796875
4332,-42.005615234375
4333,43.597900390625
4334,97.296142578125
4335,-46.70166015625
4336,-40.5830078125
4337,-23.63427734375
4338,97.917236328125
4339,-11.7099609375
4340,1.6616210937500002
4341,-13.31396484375
4342,2.242919921875
4343,1.951171875
4344,-2.98828125
4345,-14.547119140625
4346,16.803466796875
4347,17.1865234375
4348,-23.1611328125
4349,-29.205810546875
4350,29.44140625
4351,-17.44189453125
4352,-14.342041015625002
4353,-32.212646484375
4354,27.990966796875004
4355,19.073974609375
4356,31.3935546875
4357,30.894287109375
4358,13.36572265625
4359,-38.54687500000001
4360,-14.325927734375
4361,14.670166015625002
4362,16.496826171875
4363,-40.8349609375
4364,9.61474609375
4365,-12.572509765625
4366,2.983642578125
4367,5.30419921875
4368,1.10791015625
4369,3.592041015625
4370,-5.355224609374999
4371,6.534423828125
4372,7.607666015625
4373,26.040283203124996
4374,-5.405029296875
4375,-26.012939453125
4376,37.19995117187499
4377,48.39062499999999
4378,-10.014892578125
4379,-27.668701171875
4380,39.843505859375
4381,48.100830078125
4382,-69.139892578125
4383,-27.231689453125
4384,28.27392578125
4385,-7.177734375000001
4386,-10.296875
4387,4.13818359375
4388,48.944580078125
4389,-12.041259765625
4390,-10.179443359375
4391,40.899658203125
4392,45.31494140625
4393,1.811767578125
4394,-1.3369140625
4395,-16.9765625
4396,-0.191162109375
4397,37.184326171875
4398,3.79443359375
4399,-14.225830078125
4400,4.085693359375
4401,16.18798828125
4402,-4.251953125
4403,18.008544921875
4404,24.08935546875
4405,-13.177734375
4406,-6.8017578125
4407,20.560546875
4408,30.728515625
4409,39.56005859375
4410,-0.173583984375
4411,-10.071044921875
4412,9.414794921875
4413,51.39794921875
4414,-24.756591796875004
4415,5.65966796875
4416,6.793701171875
4417,45.31201171875
4418,-10.241943359375
4419,-3.404541015625
4420,-29.2763671875
4421,-15.71337890625
4422,71.7021484375
4423,-19.993408203124996
4424,20.0048828125
4425,-16.342529296875
4426,71.90966796875
4427,-21.96875
4428,4.07080078125
4429,12.258544921875
4430,2.751220703125
4431,9.6005859375
4432,-10.117919921875
4433,-1.0878906250000002
4434,-6.28466796875
4435,5.144287109374999
4436,2.527587890625
4437,3.421630859375
4438,8.4296875
4439,1.662109375
4440,11.053466796875
4441,-9.830322265625
4442,1.158203125
4443,4.5234375
4444,9.8681640625
4445,-9.822265625
4446,-0.365234375
4447,-38.87451171875
4448,73.14794921875
4449,83.28076171875
4450,53.707763671875
4451,-21.163330078125
4452,73.375244140625
4453,88.98046875
4454,-0.032470703125
4455,-34.036865234375
4456,-10.214599609375
4457,39.629638671875
4458,43.740966796875
4459,-2.69384765625
4460,-14.33740234375
4461,38.408935546875
4462,36.614990234375
4463,-45.977783203125
4464,-15.027343750000002
4465,60.359619140625
4466,-4.373779296875
4467,2.9482421875000004
4468,16.433349609375
4469,49.758056640625
4470,-9.12939453125
4471,2.1396484374999973
4472,-7.637451171875
4473,82.01513671875001
4474,-38.191162109375
4475,-19.245849609375
4476,16.423828125
4477,-18.655273437499996
4478,-16.626220703125
4479,-15.2080078125
4480,19.668701171875
4481,45.52783203125
4482,-8.770263671875
4483,-25.776123046875
4484,57.561767578125
4485,68.065185546875
4486,-12.124267578125
4487,-21.994873046875
4488,57.4111328125
4489,59.280517578125
4490,78.05371093749999
4491,-9.874511718750002
4492,17.75830078125
4493,-7.122314453125
4494,9.773681640625
4495,8.864501953125
4496,10.811767578125
4497,-5.9248046875
4498,16.87109375
4499,-40.037353515625
4500,-13.195556640625
4501,-6.330322265625
4502,52.65747070312499
4503,44.81298828125
4504,-8.10205078125
4505,-1.807861328125
4506,54.427734375
4507,48.60302734375
4508,-0.12060546875
4509,1.995361328125
4510,-13.52099609375
4511,91.00073242187501
4512,43.260986328125
4513,17.545166015625
4514,-34.632080078125
4515,94.67553710937499
4516,39.72021484375
4517,-6.794189453125
4518,-20.116455078125
4519,49.111328125
4520,-14.707763671875
4521,-22.741943359375
4522,140.97607421875
4523,53.05224609375
4524,-15.934326171875
4525,-18.911376953125
4526,25.84326171875
4527,39.141357421875
4528,8.33642578125
4529,7.507080078125
4530,2.64599609375
4531,0.345703125
4532,-4.9326171875
4533,6.065185546875
4534,2.021240234375
4535,2.102294921875
4536,-5.677978515625
4537,-25.2587890625
4538,-10.347412109375
4539,75.3427734375
4540,51.4697265625
4541,-13.436279296875
4542,-8.46484375
4543,71.53125
4544,8.166503906249998
4545,2.131591796875
4546,-45.223876953125
4547,50.692626953125
4548,54.45751953125
4549,-11.079833984374998
4550,-28.43896484375
4551,47.939208984375
4552,56.63037109375
4553,-2.794921875
4554,-35.850830078125
4555,4.384521484375
4556,-10.400390625
4557,-10.51318359375
4558,1.615966796875
4559,11.654052734375
4560,-17.001220703125
4561,-10.155517578125
4562,2.8056640624999996
4563,10.911865234375
4564,31.029296875
4565,-31.184814453125
4566,-11.920654296875
4567,-0.04541015625000033
4568,19.731689453125
4569,-24.051513671875
4570,-12.993408203125
4571,75.614990234375
4572,18.49072265625
4573,3.052978515625
4574,-11.01708984375
4575,-11.070556640625
4576,-5.68310546875
4577,3.54833984375
4578,-13.303466796875
4579,-7.835205078125
4580,-4.575927734375
4581,10.835693359375
4582,5.7626953125
4583,44.3583984375
4584,3.814208984375
4585,8.784423828125
4586,63.861328125
4587,43.093505859375
4588,-2.08349609375
4589,-0.9248046875
4590,-12.456787109375
4591,-5.697509765625
4592,-29.118896484375
4593,106.39184570312499
4594,-20.597412109375
4595,-15.2607421875
4596,-30.514648437499996
4597,117.91113281249999
4598,56.360107421875
4599,53.246826171875
4600,8.584716796875
4601,44.285888671875
4602,17.403564453125
4603,-47.00732421875
4604,-3.236328125
4605,39.26513671875
4606,15.658935546875
4607,78.669189453125
4608,-33.831787109375
4609,-64.166748046875
4610,77.990966796875
4611,76.564208984375
4612,38.03857421875
4613,-67.2734375
4614,73.130615234375
4615,82.889404296875
4616,-24.533203125
4617,-67.205810546875
4618,21.003662109375
4619,19.24267578125
4620,22.84326171875
4621,-24.4775390625
4622,25.963623046875
4623,22.53662109375
4624,18.797119140625
4625,-4.851318359374999
4626,-2.872314453125
4627,11.971435546875
4628,7.180908203125
4629,3.85986328125
4630,4.869384765625
4631,13.9990234375
4632,7.68603515625
4633,2.10302734375
4634,-19.180419921875
4635,15.884033203125
4636,-3.0546875
4637,10.97802734375
4638,17.3984375
4639,-9.276611328125
4640,0.348876953125
4641,14.8623046875
4642,11.84033203125
4643,-0.32470703125
4644,7.004150390625001
4645,28.61572265625
4646,3.75048828125
4647,6.751953124999999
4648,80.108642578125
4649,24.476318359375
4650,5.46630859375
4651,2.842529296875
4652,-8.529296875
4653,29.470703125
4654,-1.8562011718750009
4655,-5.821533203125
4656,37.14111328125
4657,-2.471435546875
4658,14.373779296875
4659,-1.8725585937500002
4660,45.10546875
4661,14.375
4662,33.19580078125
4663,13.766845703125
4664,65.58447265625
4665,-8.970947265625
4666,-5.011474609374999
4667,-17.52587890625
4668,63.67333984375
4669,-11.924072265625
4670,18.6357421875
4671,-2.026611328125
4672,0.7800292968750001
4673,4.8076171875
4674,0.5732421875
4675,3.315673828125
4676,-2.70166015625
4677,9.701904296875
4678,-1.218017578125
4679,-5.342041015625
4680,1.1796875
4681,45.096923828125
4682,-6.535888671875
4683,-17.876708984375
4684,-6.81103515625
4685,116.592529296875
4686,-0.9982910156249999
4687,-16.314208984375
4688,27.191162109375
4689,5.763671875000001
4690,2.700439453125
4691,3.04833984375
4692,2.179443359375
4693,-14.19775390625
4694,-5.20361328125
4695,-0.05908203125
4696,-0.3359375
4697,-13.518798828125
4698,-5.4990234375
4699,11.533447265625
4700,20.05615234375
4701,11.0537109375
4702,7.967529296875
4703,-7.83349609375
4704,22.506591796875004
4705,11.259521484374998
4706,7.493896484375
4707,-15.201904296875
4708,9.333251953125
4709,-19.3681640625
4710,9.861328125
4711,-2.698974609375
4712,-12.376953125
4713,-11.00341796875
4714,4.261962890625
4715,-5.500732421875
4716,3.33154296875
4717,46.01953125
4718,-14.594970703125
4719,-19.50537109375
4720,32.66162109375
4721,95.72680664062499
4722,-8.9375
4723,-24.184814453125
4724,1.310546875
4725,5.183349609374999
4726,-12.819824218749998
4727,11.611328125
4728,5.422607421875
4729,-6.462646484375
4730,10.52001953125
4731,4.811279296875
4732,-0.6804199218750001
4733,19.35693359375
4734,6.078125
4735,0.237060546875
4736,1.2106933593749991
4737,1.2993164062499998
4738,-1.5703125
4739,-2.71875
4740,-7.145263671875
4741,-3.3720703124999996
4742,-18.639648437499996
4743,4.724365234375
4744,0.5761718749999967
4745,46.951904296875
4746,55.363037109375
4747,-16.7509765625
4748,9.987792968749996
4749,53.754150390625
4750,53.235107421875
4751,76.865478515625
4752,9.561279296875
4753,61.330078125
4754,-12.243896484374998
4755,-11.952880859375
4756,42.306640625
4757,60.52587890625
4758,-7.953369140625001
4759,-14.3505859375
4760,-5.521240234375
4761,64.310791015625
4762,52.504638671875
4763,10.138671875
4764,-24.01025390625
4765,0.194091796875
4766,53.787841796875
4767,8.20068359375
4768,-22.51953125
4769,-6.26513671875
4770,-48.41064453125001
4771,5.249267578125
4772,9.753173828125
4773,14.955322265625
4774,10.078613281250002
4775,7.32861328125
4776,6.605224609374999
4777,20.060791015625
4778,12.31591796875
4779,-10.1669921875
4780,152.159423828125
4781,3.374755859375
4782,-46.26586914062501
4783,28.29736328125
4784,75.11938476562501
4785,-0.56884765625
4786,-48.92529296875
4787,76.6572265625
4788,25.947265625
4789,25.603271484375
4790,-20.722900390625
4791,-12.65869140625
4792,14.992675781250002
4793,31.755126953125
4794,-18.666748046875
4795,-13.26123046875
4796,-15.084228515625002
4797,8.9130859375
4798,-0.2998046875
4799,-1.389892578125
4800,-4.158447265625
4801,0.8427734375
4802,2.190673828125
4803,-2.514404296875
4804,-0.15625
4805,-2.037109375
4806,-0.574462890625
4807,82.678466796875
4808,-1.3959960937500009
4809,8.446533203125
4810,-43.62695312500001
4811,77.388427734375
4812,1.474365234375
4813,4.25732421875
4814,21.7841796875
4815,62.01611328125
4816,2.12060546875
4817,-10.642578125
4818,-6.862060546875
4819,40.869384765625
4820,-2.015625
4821,-12.199951171875
4822,-3.662841796875
4823,-16.354248046875
4824,1.903076171875
4825,0.341064453125
4826,1.4008789062499998
4827,6.90673828125
4828,-21.572265625
4829,-18.73681640625
4830,2.336669921875
4831,8.765869140625
4832,16.6533203125
4833,85.285400390625
4834,28.700439453125
4835,-10.663330078125
4836,-14.996337890625
4837,3.701171875
4838,23.632812499999996
4839,-8.044921875
4840,-9.298828125
4841,83.422607421875
4842,24.427490234375
4843,43.85058593749999
4844,-15.9052734375
4845,46.675537109375
4846,9.29443359375
4847,34.220458984375
4848,-16.772216796875
4849,44.58349609375
4850,38.3388671875
4851,-23.808837890625
4852,18.6474609375
4853,6.950927734375
4854,11.613037109375
4855,-4.2626953125
4856,0.6589355468750001
4857,4.20556640625
4858,11.037109375
4859,40.26513671875
4860,21.703125
4861,-1.065673828125
4862,6.186279296875
4863,10.518310546875
4864,7.82177734375
4865,11.4970703125
4866,9.623779296875
4867,8.057861328125
4868,-4.473388671875
4869,-5.835205078125
4870,25.11328125
4871,9.2900390625
4872,13.8466796875
4873,16.26123046875
4874,11.98291015625
4875,6.13720703125
4876,15.632324218749998
4877,-35.193359375
4878,61.69384765625
4879,27.946044921875
4880,-21.228271484375
4881,-25.0263671875
4882,0.44433593749999983
4883,10.886962890625
4884,-16.770263671875
4885,-31.535888671875
4886,1.408447265625
4887,13.739990234375
4888,2.508056640625
4889,17.63525390625
4890,-17.021484375
4891,-0.2109375
4892,-34.051513671875
4893,15.597656249999998
4894,-17.168212890625
4895,5.423095703125
4896,40.59130859375
4897,13.775390625
4898,-1.1098632812500009
4899,132.7294921875
4900,-24.611083984375
4901,-37.497314453125
4902,1.588134765625
4903,120.576904296875
4904,32.657958984375
4905,-37.776611328125
4906,7.151855468749999
4907,13.438720703125
4908,37.683837890625
4909,-0.49169921875
4910,-13.097656249999998
4911,13.74658203125
4912,35.7705078125
4913,4.15869140625
4914,-21.913330078125
4915,-16.181884765625
4916,7.730224609374999
4917,5.20703125
4918,-12.76806640625
4919,-11.405517578125
4920,6.186279296875
4921,5.7744140625
4922,-1.801025390625
4923,-7.920166015625
4924,-36.183349609375
4925,115.442138671875
4926,94.98828125
4927,48.8955078125
4928,-40.138671875
4929,112.485107421875
4930,89.827392578125
4931,-0.7453613281249999
4932,-30.284667968749996
4933,-17.588134765625
4934,-14.140136718749998
4935,30.50439453125
4936,9.147705078125
4937,3.41650390625
4938,-15.403564453125
4939,32.912841796875
4940,-18.04150390625
4941,-4.218505859375
4942,-0.035888671875
4943,10.577880859375
4944,12.95556640625
4945,-45.462890625
4946,-3.548828125
4947,10.832763671875
4948,13.73779296875
4949,-4.1611328125
4950,0.767578125
4951,-13.6044921875
4952,-15.1298828125
4953,-12.6240234375
4954,-3.328125
4955,-13.7119140625
4956,-12.47412109375
4957,-11.512939453125
4958,11.441162109375
4959,6.552490234375
4960,68.67236328125
4961,-0.64599609375
4962,-24.11572265625
4963,51.07421875
4964,66.30419921875
4965,1.879150390625
4966,-24.552490234375
4967,13.882080078125
4968,20.109130859375
4969,-9.009521484375
4970,-0.269775390625
4971,0.86474609375
4972,18.0576171875
4973,-4.577392578125
4974,5.689453124999999
4975,3.045166015625
4976,14.306396484374998
4977,-3.068115234375
4978,-8.587158203125
4979,-4.15869140625
4980,-9.168701171875
4981,20.219482421875
4982,-7.08154296875
4983,-8.539794921875
4984,-7.566650390625001
4985,3.4541015624999996
4986,-9.287841796875
4987,0.8737792968750001
4988,1.022216796875
4989,4.948486328125
4990,19.66796875
4991,-0.207275390625
4992,5.056396484375
4993,-0.032958984375
4994,3.23388671875
4995,5.087158203125
4996,-10.706787109375
4997,22.011962890625
4998,24.442626953125
4999,8.92919921875
5000,-17.40185546875
5001,27.61669921875
5002,25.14013671875
5003,13.879638671875
5004,-9.2587890625
5005,-3.275146484375
5006,3.780517578125
5007,14.524169921875
5008,-28.860107421875
5009,3.843994140625
5010,10.128173828125
5011,16.86181640625
5012,-12.8759765625
5013,18.396240234375
5014,-18.835205078125
5015,16.692138671875
5016,11.78564453125
5017,19.418701171875
5018,5.11767578125
5019,19.26416015625
5020,14.381103515625002
5021,-34.156494140625
5022,-9.7685546875
5023,68.853759765625
5024,37.92919921875
5025,-14.88134765625
5026,-31.186767578125
5027,-36.533935546875
5028,34.5595703125
5029,-15.3955078125
5030,27.155273437499996
5031,40.287353515625
5032,-4.817138671875
5033,29.7744140625
5034,-12.177978515625002
5035,8.5859375
5036,32.45849609375
5037,29.016845703125
5038,-16.1240234375
5039,3.97705078125
5040,-7.625732421875
5041,-28.11767578125
5042,-19.39599609375
5043,75.501220703125
5044,59.0517578125
5045,-5.918945312500002
5046,-18.15234375
5047,70.21630859375
5048,0.9533691406249999
5049,-15.83447265625
5050,77.8115234375
5051,-19.88037109375
5052,0.7761230468749976
5053,4.909912109374999
5054,55.932373046875
5055,-23.285400390625
5056,-4.74951171875
5057,50.5751953125
5058,107.79833984375
5059,7.47509765625
5060,20.108642578125
5061,19.949707031250004
5062,32.8271484375
5063,-14.944091796875
5064,20.6650390625
5065,18.82373046875
5066,-7.537841796875
5067,-0.7316894531249999
5068,-8.546875
5069,37.12548828125
5070,58.22875976562501
5071,-12.31396484375
5072,-18.300048828125
5073,36.311279296875
5074,63.1728515625
5075,48.69189453125001
5076,-29.066650390625
5077,-20.630615234375
5078,28.767578125
5079,16.05712890625
5080,1.503173828125
5081,-27.3642578125
5082,29.654296875
5083,15.1552734375
5084,6.66455078125
5085,-9.726074218749998
5086,38.53857421875
5087,-8.2451171875
5088,4.425048828125
5089,-4.051513671875
5090,36.850341796875
5091,-11.274169921875
5092,-6.052978515625
5093,39.290771484375
5094,25.483642578125
5095,-27.3544921875
5096,-4.55224609375
5097,42.7353515625
5098,38.85937500000001
5099,-14.399169921875
5100,-5.677978515625
5101,40.50390625
5102,5.337158203125
5103,16.0302734375
5104,5.2744140625
5105,-9.900634765625
5106,6.468994140625001
5107,-1.4174804687500002
5108,-2.0339355468750004
5109,-1.7963867187500002
5110,3.63818359375
5111,2.216064453125
5112,-4.9013671875
5113,-61.74609375
5114,39.2763671875
5115,13.86474609375
5116,65.95751953125
5117,70.30712890625
5118,34.14013671875
5119,9.431884765625
5120,5.286376953125
5121,3.388916015625
5122,14.681396484374998
5123,20.673095703125
5124,21.05126953125
5125,-11.198974609375
5126,14.716064453125
5127,21.31005859375
5128,19.049560546875
5129,-8.322998046875
5130,11.990966796875
5131,-10.294677734375
5132,-21.5751953125
5133,-7.403564453125
5134,12.562744140625
5135,11.19384765625
5136,-17.035888671875
5137,-8.52783203125
5138,4.6357421875
5139,3.53125
5140,25.1162109375
5141,34.10888671875
5142,-23.744140625
5143,68.113525390625
5144,-4.607421875
5145,31.7568359375
5146,-27.08837890625
5147,-21.563476562500004
5148,21.0068359375
5149,-3.391357421875
5150,-21.010498046875
5151,-18.928466796875004
5152,28.024169921875
5153,49.855712890625
5154,-16.925537109375
5155,-20.001220703125
5156,-6.9873046875
5157,29.653564453125
5158,3.64990234375
5159,-5.3095703125
5160,-5.25830078125
5161,49.958984375
5162,44.923095703125
5163,-9.1689453125
5164,-8.5966796875
5165,-5.921142578125
5166,0.9694824218749996
5167,20.000732421875
5168,7.408203124999999
5169,6.7265625
5170,12.748046875
5171,1.361083984375
5172,13.3740234375
5173,12.5634765625
5174,5.27880859375
5175,9.9912109375
5176,-1.880126953125
5177,26.127197265625004
5178,11.6044921875
5179,7.02685546875
5180,51.099609375
5181,27.923095703125
5182,17.01318359375
5183,-4.2060546875
5184,-7.079833984375
5185,43.5849609375
5186,-10.037353515625002
5187,-23.932373046875
5188,3.263916015625
5189,3.16162109375
5190,-12.0185546875
5191,-24.5283203125
5192,2.524658203124999
5193,11.66845703125
5194,-0.04736328125000039
5195,-4.690429687499999
5196,-29.9736328125
5197,-0.8583984375
5198,49.313232421875
5199,-1.5979003906249998
5200,-31.717529296875
5201,113.317138671875
5202,-33.11083984375
5203,3.112060546875
5204,11.790283203125
5205,9.21533203125
5206,-9.731689453125
5207,3.31591796875
5208,15.306396484374998
5209,15.6923828125
5210,10.858886718749998
5211,-1.554443359375
5212,-3.768310546875
5213,-12.187011718749998
5214,-10.541259765625
5215,5.810791015625
5216,14.361083984374998
5217,-6.703369140625001
5218,-10.042968750000002
5219,-18.98193359375
5220,2.9765625000000004
5221,13.928466796875
5222,-1.2944335937500002
5223,1.065673828125
5224,21.525390625
5225,14.433349609375
5226,-5.735595703125
5227,4.57861328125
5228,4.928466796875
5229,10.209716796875
5230,-4.573486328125
5231,13.423095703125
5232,10.457031249999998
5233,23.7919921875
5234,-4.85546875
5235,15.43505859375
5236,7.849853515625
5237,24.11962890625
5238,-4.6396484375
5239,-8.611572265625
5240,-17.728271484375
5241,3.664306640625
5242,20.095703125
5243,21.692626953125
5244,-17.108154296875
5245,3.92724609375
5246,17.668701171875
5247,10.9150390625
5248,-6.216064453125
5249,4.939697265625
5250,4.5078125
5251,33.927978515625
5252,36.189697265625
5253,6.677978515625
5254,5.002685546875
5255,-5.710693359374999
5256,3.22509765625
5257,-26.789794921875
5258,-11.98583984375
5259,12.1064453125
5260,65.458740234375
5261,-46.4267578125
5262,-18.319091796875
5263,15.99755859375
5264,-24.751708984375
5265,77.33935546875
5266,10.922363281250002
5267,-2.7360839843750004
5268,-3.53759765625
5269,36.6201171875
5270,-29.803466796875004
5271,-4.912841796875
5272,0.179443359375
5273,-9.841796875
5274,3.602294921875
5275,0.1904296875
5276,3.718017578125
5277,6.929931640625001
5278,-28.28662109375
5279,1.4506835937500002
5280,3.896484375
5281,5.102294921875
5282,-15.41259765625
5283,-2.54345703125
5284,5.974609374999998
5285,-23.9326171875
5286,62.441162109375
5287,-14.423095703125
5288,-19.77587890625
5289,-23.163330078125
5290,61.7236328125
5291,-15.0107421875
5292,-16.08154296875
5293,20.028076171875
5294,20.101806640625
5295,0.7255859375
5296,-6.618408203125
5297,-3.767333984375
5298,12.41162109375
5299,6.885986328125
5300,11.49560546875
5301,5.57861328125
5302,34.514404296875
5303,-40.051025390625
5304,-26.105224609375
5305,23.7861328125
5306,27.712158203124996
5307,-32.225341796875
5308,-27.474853515625
5309,11.04931640625
5310,36.41748046875
5311,-10.4931640625
5312,9.142333984375
5313,44.841552734375
5314,-10.085449218749998
5315,-8.669921875
5316,9.3876953125
5317,41.57421875
5318,-4.864013671875
5319,-12.02783203125
5320,-7.247802734375
5321,-2.041748046875
5322,-4.746826171875
5323,10.935302734375
5324,0.352783203125
5325,-8.17822265625
5326,-7.739013671875
5327,5.498046875000001
5328,-7.677734375000001
5329,29.858642578125
5330,-4.141357421875
5331,-2.5361328124999996
5332,2.83837890625
5333,32.325439453125
5334,-2.6745605468750004
5335,-0.4599609375
5336,5.937255859374999
5337,11.898193359375
5338,47.03515625
5339,-5.297607421875
5340,14.3681640625
5341,0.7229003906249999
5342,-11.9658203125
5343,-11.59033203125
5344,20.161376953125
5345,20.114501953125
5346,69.46435546875
5347,33.172119140625
5348,-22.324707031250004
5349,-21.133056640625
5350,-2.258056640625
5351,37.61474609375
5352,-28.166748046875
5353,-23.328125
5354,-2.0869140625
5355,33.947021484375
5356,-16.901611328125
5357,33.43359375
5358,27.441650390625
5359,-29.418457031250004
5360,-16.724609375
5361,29.08056640625
5362,30.198486328125
5363,-4.159912109375
5364,-3.64013671875
5365,-12.056396484374998
5366,-9.188232421875
5367,-6.96240234375
5368,7.2744140625
5369,-3.947998046875
5370,-8.20361328125
5371,-6.4072265625
5372,-15.150146484374998
5373,-6.59619140625
5374,-38.218994140625
5375,-34.339599609375
5376,92.5859375
5377,-17.95068359375
5378,-17.8349609375
5379,-34.568603515625
5380,97.105712890625
5381,21.341796875
5382,12.832763671875
5383,10.61962890625
5384,-5.180419921875
5385,8.68994140625
5386,-11.86083984375
5387,-10.042724609375
5388,-3.5732421875000004
5389,3.39892578125
5390,36.170654296875
5391,32.024169921875
5392,5.28271484375
5393,-6.760498046875
5394,2.62451171875
5395,-24.671142578125
5396,5.62646484375
5397,-6.021240234375
5398,7.292236328125
5399,0.1923828125
5400,2.20166015625
5401,4.21240234375
5402,5.517578124999999
5403,-0.583984375
5404,30.6025390625
5405,1.135009765625
5406,5.07275390625
5407,-2.733154296875
5408,6.772705078125
5409,4.045654296875
5410,1.203857421875
5411,8.377685546875
5412,10.431884765625
5413,-2.025634765625
5414,6.453125
5415,2.327392578125
5416,5.87451171875
5417,10.978515625
5418,3.210205078125
5419,10.078613281250002
5420,-12.14599609375
5421,14.185302734375
5422,52.30517578125
5423,18.555419921875
5424,-10.122802734375
5425,12.674072265625
5426,-56.6328125
5427,76.033203125
5428,-7.858154296875
5429,0.44873046875
5430,-3.76318359375
5431,5.592529296875
5432,2.692138671875
5433,-0.002685546875
5434,-2.7783203124999996
5435,15.130859375
5436,20.280273437499996
5437,-13.8544921875
5438,11.50537109375
5439,20.011474609375
5440,-0.7424316406249999
5441,5.716064453125
5442,9.0546875
5443,18.188720703125
5444,15.300537109375
5445,27.144042968749996
5446,115.184326171875
5447,-3.7932128906250004
5448,-7.866943359375002
5449,25.1455078125
5450,88.16796875
5451,-8.47900390625
5452,-10.657958984374998
5453,-19.712646484375
5454,106.0068359375
5455,-6.555908203125
5456,12.766357421875
5457,12.1474609375
5458,-24.108154296875
5459,-7.425537109374999
5460,13.24755859375
5461,12.37158203125
5462,2.544677734375
5463,17.220947265625
5464,71.42578125
5465,9.094970703125
5466,117.11962890625
5467,34.65869140625
5468,78.07373046875
5469,14.306640625
5470,110.659912109375
5471,6.275146484375
5472,87.14892578125
5473,28.419189453125
5474,14.833984375
5475,8.774658203125
5476,52.33740234375
5477,54.730224609375
5478,12.553466796875
5479,4.21337890625
5480,-12.74853515625
5481,0.029296874999999667
5482,-57.603515625
5483,78.1552734375
5484,20.344970703125
5485,35.888916015625
5486,33.492919921875
5487,78.421875
5488,20.619873046875
5489,-11.4130859375
5490,-13.15283203125
5491,13.724609375
5492,-6.97314453125
5493,0.7294921875
5494,13.7080078125
5495,13.927734375
5496,-8.802978515625
5497,-0.7099609375
5498,-6.395263671875
5499,-7.48388671875
5500,5.485107421875
5501,-0.81787109375
5502,-0.78662109375
5503,-0.31494140625
5504,12.872802734375
5505,-1.174560546875
5506,0.87744140625
5507,2.54833984375
5508,3.5439453124999996
5509,92.4345703125
5510,11.759765625
5511,-23.4599609375
5512,24.6162109375
5513,119.16259765625001
5514,10.549560546875
5515,-22.67138671875
5516,75.62573242187501
5517,32.743408203125
5518,1.268310546875
5519,-11.5361328125
5520,-5.08056640625
5521,-2.817138671875
5522,6.658935546875
5523,-10.575439453125
5524,4.119384765625
5525,-2.092041015625
5526,-13.529052734375
5527,-20.303955078125
5528,6.06787109375
5529,7.371337890625001
5530,2.49951171875
5531,-8.562744140625
5532,0.79736328125
5533,9.521728515625002
5534,-12.41650390625
5535,-18.15478515625
5536,-7.978271484375
5537,19.565917968749996
5538,4.5791015625
5539,0.16064453125
5540,3.9287109375000004
5541,21.027832031250004
5542,5.502685546875
5543,-3.395751953125
5544,-1.521240234375001
5545,-1.517578125
5546,2.469482421875
5547,-13.0888671875
5548,-10.05322265625
5549,-8.078857421875
5550,2.629150390625
5551,-12.688720703125
5552,-2.4990234375000004
5553,-0.720703125
5554,4.10302734375
5555,-0.205078125
5556,0.71630859375
5557,-1.8994140625
5558,5.03173828125
5559,-0.096435546875
5560,-0.9118652343750001
5561,-8.690185546875
5562,-4.3125
5563,-68.5703125
5564,96.48583984375
5565,17.40283203125
5566,-1.230224609375
5567,2.64794921875
5568,88.58569335937501
5569,13.7685546875
5570,52.63500976562501
5571,68.163330078125
5572,23.37060546875
5573,4.025634765625
5574,-25.209228515625
5575,19.233642578125
5576,2.98388671875
5577,8.9931640625
5578,-18.927001953125
5579,-17.62548828125
5580,-5.498291015625
5581,20.309326171875
5582,27.134033203124996
5583,8.337890625
5584,14.152587890625
5585,-0.53564453125
5586,24.01123046875
5587,8.3857421875
5588,22.269287109375
5589,15.420166015625002
5590,-1.5776367187500002
5591,-16.553466796875
5592,-11.210693359375
5593,24.686523437499996
5594,22.792724609375
5595,-18.471923828125
5596,-9.957275390625
5597,-24.47509765625
5598,-1.5327148437500002
5599,12.261474609375
5600,-15.398193359375
5601,-9.81494140625
5602,-17.78466796875
5603,11.070800781250002
5604,-11.608154296875
5605,-7.754150390625001
5606,-5.068115234375
5607,1.9790039062499998
5608,-29.322998046875
5609,25.490478515625
5610,12.110107421875
5611,-4.870849609374999
5612,3.013671875
5613,28.044189453125
5614,11.45947265625
5615,-9.301025390625
5616,-14.156982421875
5617,14.7705078125
5618,2.685791015625
5619,1.874755859375
5620,46.78466796875
5621,25.927001953125
5622,5.410400390625001
5623,6.86083984375
5624,-27.665771484375
5625,8.238525390625
5626,6.443359375000001
5627,11.743408203125
5628,-9.81787109375
5629,0.409423828125
5630,7.923583984375
5631,14.084228515625002
5632,-5.968505859374999
5633,86.844970703125
5634,66.876708984375
5635,97.95263671875001
5636,-25.181396484375
5637,-6.7705078125
5638,6.18017578125
5639,78.232421875
5640,-23.43603515625
5641,-8.2578125
5642,71.70703125
5643,-37.12255859375
5644,-9.495849609375
5645,100.544677734375
5646,56.210205078125
5647,-8.8291015625
5648,-42.431396484375
5649,99.00341796875
5650,56.06982421875
5651,98.33886718750001
5652,3.8801269531249982
5653,7.908447265625
5654,1.07763671875
5655,14.613525390625
5656,-3.91064453125
5657,0.04418945312500011
5658,1.052978515625
5659,13.300048828125
5660,4.28759765625
5661,10.748046875
5662,-4.212890625
5663,-1.9848632812499998
5664,-3.473388671875
5665,2.060546875
5666,22.641601562500004
5667,3.772705078125
5668,6.330322265625
5669,9.775146484374998
5670,9.834716796875
5671,-0.49560546875
5672,-7.292724609374999
5673,0.2900390625
5674,11.80615234375
5675,29.6044921875
5676,-3.59716796875
5677,-0.8093261718750001
5678,14.0390625
5679,14.749511718749998
5680,-0.93603515625
5681,0.5888671875
5682,3.261474609375
5683,-12.2138671875
5684,4.576416015625
5685,-1.9711914062499998
5686,5.4365234375
5687,-10.027587890625
5688,6.7255859375
5689,10.302734375
5690,12.952392578125
5691,4.563232421875
5692,-7.982177734375
5693,1.052490234375
5694,13.671142578125
5695,3.888916015625
5696,-2.658447265625
5697,-13.922119140625
5698,16.240478515625
5699,-6.05126953125
5700,-12.150390625
5701,26.72998046875
5702,-1.4580078125
5703,-8.2119140625
5704,-2.775390625
5705,3.03369140625
5706,16.259521484375
5707,-10.2294921875
5708,8.686767578125
5709,5.70361328125
5710,-33.22412109375
5711,-0.11547851562499989
5712,16.797119140625
5713,9.581787109375
5714,-26.200439453125
5715,-19.610107421875
5716,-18.67578125
5717,-1.7192382812499998
5718,27.167724609375
5719,-8.91162109375
5720,0.3837890625
5721,3.635498046875
5722,22.004638671875
5723,-6.623779296875
5724,4.789306640625001
5725,21.658203125
5726,-17.316650390625
5727,-11.45166015625
5728,10.43408203125
5729,51.8671875
5730,-20.825927734374996
5731,-9.775146484374998
5732,18.35302734375
5733,14.202880859375
5734,-8.990966796875
5735,14.849365234375
5736,5.135986328125
5737,50.47607421875
5738,43.087158203125
5739,9.43505859375
5740,2.63232421875
5741,14.0791015625
5742,16.33935546875
5743,6.21728515625
5744,2.40087890625
5745,0.67529296875
5746,-14.525146484374998
5747,2.21875
5748,4.94189453125
5749,8.139404296875
5750,-0.587890625
5751,9.3359375
5752,-9.994384765625
5753,-11.32177734375
5754,45.395263671875
5755,-14.749755859375
5756,50.28881835937501
5757,-17.6376953125
5758,41.19580078125
5759,23.688720703125
5760,-6.7001953125
5761,16.992431640625
5762,-5.886474609374999
5763,-5.499267578125
5764,34.7509765625
5765,15.990234375
5766,-1.7729492187500002
5767,-7.14306640625
5768,-14.8740234375
5769,11.777343750000002
5770,48.71728515625
5771,95.07861328125
5772,-13.257324218749998
5773,-2.38720703125
5774,-18.454101562500004
5775,99.21923828125
5776,-13.34228515625
5777,57.50146484375
5778,7.75
5779,21.154296875
5780,2.670166015625
5781,-5.410400390625001
5782,3.56298828125
5783,10.241699218749998
5784,-3.205810546875
5785,-1.013427734375
5786,28.061279296875
5787,13.73291015625
5788,22.205078125
5789,1.0947265625
5790,-10.169677734375
5791,4.73291015625
5792,13.854736328125
5793,4.12744140625
5794,-9.14697265625
5795,8.385009765625
5796,-3.494873046875
5797,24.35986328125
5798,13.449218750000002
5799,2.764404296875
5800,28.161865234375
5801,43.35937500000001
5802,12.952636718749998
5803,-2.8505859375000004
5804,-25.310546875
5805,6.67822265625
5806,-34.181884765625
5807,40.357421875
5808,108.83544921875
5809,-44.68115234375
5810,-6.494140625000001
5811,35.662353515625
5812,105.853515625
5813,-0.8891601562499998
5814,3.3774414062499996
5815,6.425048828125
5816,-36.631591796875
5817,38.58935546874999
5818,50.835205078125
5819,-2.015869140625
5820,-37.56933593749999
5821,34.34765625
5822,-14.6220703125
5823,0.49438476562499983
5824,-9.647949218749998
5825,-23.624267578125
5826,-8.58154296875
5827,4.20458984375
5828,7.999755859374999
5829,-25.365234375
5830,-7.570556640625001
5831,-17.0185546875
5832,18.018310546875
5833,66.35595703125
5834,9.341796875
5835,-45.14868164062499
5836,6.012451171875
5837,92.26171875
5838,16.364990234375
5839,-41.162353515625
5840,23.387207031250004
5841,79.783447265625
5842,12.632324218749998
5843,4.990234375000001
5844,-2.130615234375
5845,29.33935546875
5846,52.51708984375
5847,1.936279296875
5848,-0.6398925781249998
5849,-3.186767578125
5850,4.29150390625
5851,12.832763671875
5852,-35.241455078125
5853,23.447509765625
5854,67.7919921875
5855,33.913818359375
5856,-33.49609375
5857,21.12451171875
5858,-19.18310546875
5859,-0.6884765625
5860,8.340087890625
5861,10.28271484375
5862,-14.916748046875
5863,12.7802734375
5864,17.52197265625
5865,5.23681640625
5866,-17.466552734375
5867,98.7490234375
5868,95.593017578125
5869,5.6728515625
5870,-22.233642578125
5871,-19.577392578125
5872,-8.173583984375
5873,-7.104248046875
5874,-18.577392578125
5875,-16.135498046875
5876,24.459716796875004
5877,-6.9326171875
5878,8.83544921875
5879,13.609863281250002
5880,4.105712890625
5881,-0.04345703125
5882,-7.7890625
5883,12.189453125
5884,5.9970703125
5885,-7.589111328125
5886,-8.969970703125
5887,125.107177734375
5888,-0.44238281250000017
5889,-15.6240234375
5890,37.777099609375
5891,116.52978515625
5892,-1.4448242187500009
5893,-13.559326171875
5894,-32.3291015625
5895,125.498779296875
5896,3.07568359375
5897,8.18212890625
5898,6.25634765625
5899,-24.832763671875
5900,-36.5537109375
5901,4.689453124999999
5902,0.505615234375
5903,-7.199951171875
5904,-2.216552734375
5905,81.316650390625
5906,-27.469726562500004
5907,-30.131103515625
5908,17.687744140625
5909,25.072265625
5910,-28.61767578125
5911,-26.65625
5912,43.5205078125
5913,32.020263671875
5914,-13.444580078125
5915,98.6923828125
5916,92.4892578125
5917,21.997802734374996
5918,-13.7724609375
5919,96.52978515625
5920,86.439697265625
5921,-7.853515624999999
5922,-11.461181640625
5923,-23.143310546875
5924,47.55322265625
5925,66.616455078125
5926,-23.216796875
5927,48.11132812500001
5928,52.219482421875
5929,71.938232421875
5930,7.10693359375
5931,12.205078125
5932,-21.788818359375
5933,52.23583984375
5934,29.540771484375
5935,-4.826416015625
5936,-3.109863281250001
5937,47.884521484375
5938,24.17236328125
5939,11.045166015625002
5940,14.563720703125
5941,32.109130859375
5942,20.43212890625
5943,-8.880859375
5944,9.20166015625
5945,104.9501953125
5946,12.447021484374998
5947,-7.19873046875
5948,15.396728515625002
5949,9.42626953125
5950,-42.398193359375
5951,-8.237060546875
5952,167.6279296875
5953,-4.0009765625
5954,-18.41943359375
5955,-10.626220703125
5956,167.855224609375
5957,-2.705810546875
5958,11.144531249999998
5959,76.150634765625
5960,-3.476318359375
5961,-8.349365234375
5962,67.41455078125
5963,67.628662109375
5964,-1.5512695312499998
5965,-10.394775390625
5966,11.3447265625
5967,10.500244140625
5968,-5.947265624999999
5969,8.3486328125
5970,7.1845703125
5971,20.730957031250004
5972,15.454345703125
5973,7.149169921875
5974,4.612548828125
5975,-2.762451171875
5976,4.07177734375
5977,110.03442382812501
5978,-43.67138671875
5979,-9.916748046875
5980,60.1044921875
5981,64.247802734375
5982,-36.43212890625
5983,-17.027587890625
5984,-25.56103515625
5985,-24.099609375
5986,30.058837890625
5987,-16.015380859375
5988,-5.807373046875
5989,-7.677734375000001
5990,1.343505859375
5991,-16.494384765625
5992,-12.526123046875
5993,-7.714111328125
5994,2.18359375
5995,-34.274169921875
5996,293.30712890625
5997,42.74169921875
5998,85.60986328124999
5999,80.252197265625
6000,286.103759765625
6001,50.238037109375
6002,-3.6264648437500027
6003,-11.865478515625002
6004,50.408447265625
6005,22.83837890625
6006,-0.9274902343750001
6007,147.120361328125
6008,60.8466796875
6009,26.566650390625
6010,-4.75439453125
6011,-34.676025390625
6012,20.52587890625
6013,8.33935546875
6014,-25.041015625
6015,16.934814453125
6016,10.76806640625
6017,24.99365234375
6018,-23.810302734374996
6019,15.600341796875
6020,-25.59765625
6021,-13.844970703125
6022,69.134765625
6023,2.6936035156249982
6024,-6.317138671875
6025,8.7978515625
6026,39.63720703125
6027,0.23828125
6028,-6.021484375000001
6029,22.570312499999996
6030,28.14697265625
6031,-20.29296875
6032,42.94140625
6033,39.032958984375
6034,-0.13818359375
6035,-36.658447265625
6036,39.99169921875
6037,34.163818359375
6038,9.4716796875
6039,-2.880126953125
6040,-12.99365234375
6041,-15.1884765625
6042,-3.861083984375
6043,16.947021484375
6044,25.6962890625
6045,-11.130859375
6046,-8.3544921875
6047,4.497558593749997
6048,-8.789306640625
6049,-2.038330078125
6050,4.7890625
6051,7.679931640625001
6052,13.2548828125
6053,-1.952392578125
6054,4.179931640625
6055,5.5888671875
6056,6.76318359375
6057,-4.590087890625
6058,-5.672119140625001
6059,5.886962890625001
6060,16.55517578125
6061,-3.966796875
6062,-11.61474609375
6063,7.4658203125
6064,15.3447265625
6065,-37.556884765625
6066,-9.97900390625
6067,39.69873046875
6068,-13.182861328125
6069,-34.878173828125
6070,25.0048828125
6071,24.903564453125
6072,-8.92919921875
6073,-33.440185546875
6074,-0.9606933593750001
6075,18.013427734375
6076,0.559326171875
6077,-1.725341796875
6078,7.134765624999999
6079,13.00244140625
6080,0.516845703125
6081,1.957275390625
6082,7.460205078125
6083,-3.326416015625
6084,-1.0234375
6085,-48.56372070312499
6086,71.126220703125
6087,24.144042968749996
6088,61.507080078125
6089,-46.503662109375
6090,71.287841796875
6091,25.4892578125
6092,-5.111572265625
6093,-31.993896484375
6094,12.85595703125
6095,0.6076660156249999
6096,-8.48828125
6097,-3.17724609375
6098,10.674072265625
6099,-1.02197265625
6100,-12.22412109375
6101,18.03271484375
6102,14.936279296875
6103,-0.59033203125
6104,-3.90185546875
6105,-7.593017578125
6106,18.996826171875
6107,-12.57666015625
6108,-7.0927734375
6109,-8.5654296875
6110,-8.89697265625
6111,-10.392578125
6112,31.50439453125
6113,-1.5029296875
6114,-3.388671875
6115,14.14404296875
6116,33.619140625
6117,-8.703369140625
6118,0.6901855468750001
6119,141.634521484375
6120,-0.490234375
6121,27.598876953125
6122,-9.633544921875
6123,-10.524658203125
6124,-50.9169921875
6125,24.7119140625
6126,-10.2373046875
6127,-12.166015625
6128,59.0966796875
6129,26.359619140625
6130,0.7783203125
6131,-2.179443359375
6132,13.51318359375
6133,-3.287353515625
6134,-4.695068359374999
6135,3.623779296875
6136,13.59375
6137,-1.810791015625
6138,0.048095703125
6139,34.53515625
6140,5.913330078125
6141,-5.368408203125
6142,32.78173828125
6143,37.042724609375
6144,4.69384765625
6145,-7.874267578125
6146,-15.802490234375
6147,26.35009765625
6148,108.448486328125
6149,-19.035400390625
6150,-27.099609375
6151,70.358642578125
6152,-8.70703125
6153,-15.567871093750004
6154,-29.23046875
6155,11.503906249999998
6156,44.76904296875
6157,-20.90185546875
6158,15.615234375
6159,20.304443359375
6160,-3.930908203125
6161,6.9384765625
6162,16.287841796875
6163,18.843505859375
6164,-6.8642578125
6165,4.11962890625
6166,-22.818359375
6167,69.394287109375
6168,73.36083984375
6169,2.90234375
6170,-16.886474609375
6171,71.080322265625
6172,68.1640625
6173,-23.043457031250004
6174,-28.134033203124996
6175,39.187744140625
6176,-15.17626953125
6177,2.0205078125
6178,21.409912109375
6179,-2.213623046875
6180,-21.778564453125
6181,-1.210205078125
6182,95.041015625
6183,47.70263671875
6184,-4.54541015625
6185,13.477294921875
6186,29.366943359375
6187,26.35888671875
6188,-25.406982421875
6189,17.26123046875
6190,33.419677734375
6191,-6.95166015625
6192,-11.957031249999998
6193,-7.44775390625
6194,2.994873046875
6195,-1.797119140625
6196,36.32177734375
6197,39.330810546875
6198,3.098388671875
6199,-0.041259765624999944
6200,-1.184326171875
6201,12.873046875
6202,19.85498046875
6203,-4.3125
6204,-8.630126953125
6205,-4.250732421875
6206,3.023193359375
6207,-4.22021484375
6208,-8.990966796875
6209,87.55908203125
6210,24.7275390625
6211,-9.107177734375
6212,38.729736328125
6213,39.70849609375
6214,-67.591064453125
6215,-5.7958984375
6216,34.898681640625
6217,41.2724609375
6218,-11.318115234375
6219,-13.89990234375
6220,-1.8369140625000004
6221,-1.5913085937500002
6222,11.401611328125
6223,6.454833984375
6224,-18.30224609375
6225,-0.266357421875
6226,14.141113281250002
6227,2.72314453125
6228,-3.433349609375
6229,-5.40771484375
6230,14.768798828125
6231,13.8681640625
6232,-6.291015624999999
6233,1.791259765625
6234,8.0849609375
6235,4.90185546875
6236,9.121337890625
6237,-4.276611328125
6238,-0.8854980468750001
6239,11.723876953125
6240,91.23950195312501
6241,-10.829345703125
6242,-22.1337890625
6243,11.61865234375
6244,91.908447265625
6245,-14.739013671875
6246,-25.052490234375
6247,116.507568359375
6248,-7.63330078125
6249,1.1052246093749982
6250,30.333740234375
6251,141.205810546875
6252,-3.2531738281250013
6253,3.026123046874998
6254,-35.380615234375
6255,132.9169921875
6256,21.25390625
6257,-25.351806640625
6258,-18.552734375
6259,-19.1494140625
6260,28.430419921875
6261,-23.702148437499996
6262,-16.81103515625
6263,24.564453125
6264,19.41455078125
6265,-9.012939453125
6266,-31.997802734374996
6267,73.39111328125
6268,-12.318359375
6269,21.865234375
6270,-34.8486328125
6271,78.599365234375
6272,-41.919189453125
6273,47.61328125
6274,-8.595458984375
6275,-8.58349609375
6276,-0.736328125
6277,16.6845703125
6278,-2.81591796875
6279,-7.480224609374999
6280,-7.041015624999999
6281,30.87109375
6282,-13.4404296875
6283,-4.904052734375
6284,72.7734375
6285,63.32812499999999
6286,45.0419921875
6287,-9.491943359375
6288,70.14111328125
6289,65.52294921875
6290,10.82177734375
6291,-17.014892578125
6292,-26.542724609375
6293,42.25756835937501
6294,19.8857421875
6295,-15.305908203125
6296,-17.43994140625
6297,41.8603515625
6298,17.947021484375
6299,8.40673828125
6300,1.739990234375
6301,120.5302734375
6302,25.164306640624996
6303,4.702392578125
6304,13.551025390625
6305,86.261474609375
6306,27.547851562499996
6307,-3.579833984375001
6308,-8.22509765625
6309,71.849853515625
6310,95.717041015625
6311,12.9208984375
6312,5.084716796875
6313,33.91943359375
6314,62.865478515625
6315,7.2421875
6316,4.559814453124999
6317,-32.77587890625
6318,91.44091796875
6319,-5.054443359374999
6320,-9.078857421875
6321,3.61279296875
6322,13.985107421875
6323,-0.77587890625
6324,-8.53955078125
6325,-0.343505859375
6326,-24.539794921875
6327,-7.00048828125
6328,7.73779296875
6329,-38.908935546875
6330,-47.4189453125
6331,2.979736328125
6332,11.904296875
6333,-49.27783203125
6334,-46.60009765625
6335,-7.302734375000001
6336,11.796630859375
6337,24.089111328125
6338,-17.56640625
6339,-11.476074218749998
6340,7.38525390625
6341,23.495849609375
6342,-13.077636718749998
6343,-13.815185546875
6344,70.5341796875
6345,12.42724609375
6346,24.93896484375
6347,-5.21044921875
6348,58.86865234375
6349,13.444824218749998
6350,-10.52978515625
6351,-7.505859375000001
6352,66.172607421875
6353,-37.380615234375
6354,32.06298828125
6355,-3.1962890624999996
6356,-3.74267578125
6357,-2.5498046875000004
6358,30.809814453125
6359,1.06640625
6360,1.3095703125
6361,-3.435546875
6362,-7.47216796875
6363,0.6394042968750001
6364,-10.274658203125
6365,-7.642333984375
6366,-7.0
6367,-18.948974609375
6368,-11.3583984375
6369,-10.2607421875
6370,-9.306884765625
6371,73.405029296875
6372,-3.189208984375
6373,-2.7377929687500004
6374,21.931640625
6375,74.77490234374999
6376,18.060546875
6377,-5.895263671875
6378,23.095703125
6379,69.670654296875
6380,-54.2685546875
6381,78.954833984375
6382,-54.42431640624999
6383,33.36474609375
6384,25.82568359375
6385,28.62744140625
6386,-46.7392578125
6387,29.95361328125
6388,30.780029296875
6389,7.63671875
6390,-59.02197265625
6391,35.597412109375
6392,2.666259765625
6393,5.40673828125
6394,-12.307861328125
6395,28.686279296875
6396,4.7421875
6397,9.69873046875
6398,56.84252929687501
6399,33.641845703125
6400,6.862060546875
6401,-7.803466796875
6402,1.9477539062499998
6403,24.980712890625
6404,17.725830078125
6405,-8.967529296875
6406,5.36865234375
6407,1.160888671875
6408,20.418457031250004
6409,-1.8115234375
6410,29.562255859375
6411,17.397705078125
6412,-9.991699218749998
6413,-15.690185546875
6414,26.917236328125
6415,16.48583984375
6416,-1.276611328125
6417,3.556884765625
6418,12.4306640625
6419,10.312988281250002
6420,-12.1123046875
6421,-8.712158203125
6422,-4.05322265625
6423,11.076171875
6424,-16.562255859375
6425,-4.0693359375
6426,-7.13525390625
6427,16.7724609375
6428,-13.811279296875
6429,9.010498046875
6430,17.800048828125
6431,23.0361328125
6432,-6.014404296875
6433,7.70556640625
6434,2.61767578125
6435,5.06298828125
6436,-8.599609375
6437,21.706542968749996
6438,10.46337890625
6439,18.087158203125
6440,-14.6796875
6441,26.61474609375
6442,10.947998046875
6443,-0.08251953125
6444,5.285400390625001
6445,23.784423828125
6446,-19.398193359375
6447,-23.78076171875
6448,7.373046875000001
6449,23.3798828125
6450,-24.62890625
6451,-17.55419921875
6452,-11.206298828125
6453,15.055419921875
6454,16.53271484375
6455,-14.1162109375
6456,0.740234375
6457,3.1162109375000004
6458,1.7211914062499998
6459,-3.859375
6460,-0.87255859375
6461,26.467773437499996
6462,12.1171875
6463,47.93627929687501
6464,72.44384765625
6465,-7.507080078125
6466,25.27490234375
6467,3.8212890624999996
6468,72.76220703125
6469,-9.651611328125
6470,84.27490234374999
6471,78.04150390625
6472,56.661865234375
6473,-36.65283203125
6474,-39.6923828125
6475,-29.9560546875
6476,69.645263671875
6477,-33.6494140625
6478,-36.768798828125
6479,52.01562499999999
6480,44.099609375
6481,0.190185546875
6482,8.9208984375
6483,8.61279296875
6484,-1.1611328125
6485,1.06982421875
6486,3.458740234375
6487,8.39794921875
6488,-24.055908203124996
6489,3.82763671875
6490,-7.834716796875
6491,-10.18603515625
6492,2.59765625
6493,1.151123046875
6494,8.025390625
6495,-11.287353515625002
6496,4.47021484375
6497,18.009521484375
6498,5.621826171875
6499,-2.7158203124999996
6500,-0.1494140625
6501,1.9638671875
6502,41.843505859375
6503,-4.707763671875
6504,-0.78955078125
6505,1.160888671875
6506,-23.1005859375
6507,-5.944580078125
6508,33.681640625
6509,-13.2607421875
6510,-17.463134765625
6511,-7.80029296875
6512,31.455322265625004
6513,-16.32421875
6514,-14.208984375
6515,-17.05859375
6516,26.426513671875
6517,-4.226806640625
6518,-1.690673828125
6519,4.0908203125
6520,27.851806640625
6521,-3.229736328125
6522,-2.0517578125
6523,5.530029296875
6524,19.57666015625
6525,3.779296875
6526,-8.20947265625
6527,-12.3505859375
6528,-23.00537109375
6529,1.7619628906249956
6530,22.47705078125
6531,-10.516845703125
6532,-22.51513671875
6533,64.311767578125
6534,10.179931640625
6535,86.287109375
6536,65.20849609375
6537,11.520263671875
6538,-7.07568359375
6539,-6.91259765625
6540,66.6982421875
6541,13.6796875
6542,30.090332031250004
6543,16.814208984375
6544,5.9951171875
6545,4.737060546875
6546,9.758056640625
6547,10.76025390625
6548,8.969970703125
6549,8.099853515625
6550,10.491943359375
6551,-5.62939453125
6552,8.728271484375
6553,-14.563720703125
6554,-3.67626953125
6555,1.9951171875
6556,16.608154296875
6557,-18.804931640625
6558,-2.010498046875
6559,1.398193359375
6560,22.907226562500004
6561,-18.4892578125
6562,6.949951171875
6563,52.18701171875
6564,-30.371582031250004
6565,-3.8134765624999996
6566,0.70751953125
6567,50.208984375
6568,-37.082763671875
6569,44.114501953125
6570,18.57080078125
6571,-0.294189453125
6572,3.26904296875
6573,-14.432373046875
6574,-2.0556640625
6575,8.094970703125
6576,4.44873046875
6577,-11.347656249999998
6578,4.288818359375
6579,-0.98583984375
6580,-21.90380859375
6581,35.267578125
6582,27.7255859375
6583,-2.913330078125
6584,-19.707275390625
6585,32.89892578125
6586,34.963623046875
6587,-18.45263671875
6588,-19.82958984375
6589,8.62060546875
6590,-38.93994140625
6591,42.874267578125
6592,-31.004638671875
6593,7.169921875000001
6594,-44.486572265625
6595,45.2666015625
6596,-40.2822265625
6597,84.36132812500001
6598,15.96630859375
6599,-11.082763671875
6600,-5.94189453125
6601,-8.06787109375
6602,15.190673828125
6603,-12.720458984374998
6604,-9.414306640625
6605,36.8125
6606,24.101562499999996
6607,23.646728515625
6608,68.842041015625
6609,3.592529296875
6610,25.655029296875
6611,50.7939453125
6612,73.527587890625
6613,4.768310546875
6614,81.69799804687499
6615,-72.378662109375
6616,0.88037109375
6617,-7.4951171875
6618,-7.123779296875
6619,-25.439697265625004
6620,-6.057373046875
6621,-3.497802734375
6622,-4.256591796875
6623,14.404296875
6624,32.377197265625
6625,-18.358642578125
6626,9.130615234375
6627,-39.14306640624999
6628,19.096435546875
6629,-13.773925781250002
6630,9.000244140625
6631,-40.937255859375
6632,-12.8466796875
6633,-0.73876953125
6634,54.46752929687501
6635,-6.633056640625002
6636,4.548583984375
6637,-10.35791015625
6638,46.815185546875
6639,0.6909179687499982
6640,2.226806640625
6641,4.797607421875
6642,53.921142578125
6643,17.70703125
6644,-14.019531249999998
6645,-19.33349609375
6646,-3.052001953125
6647,-12.575439453125
6648,-14.878906249999998
6649,-19.919677734374996
6650,18.962158203124996
6651,-4.02099609375
6652,8.18798828125
6653,-29.968505859375
6654,-31.48388671875
6655,-7.84228515625
6656,12.804443359375
6657,-29.908447265625004
6658,-29.860595703125
6659,-18.46240234375
6660,15.2978515625
6661,0.896484375
6662,18.9150390625
6663,49.759521484375
6664,-13.331787109375
6665,-16.533203125
6666,20.240966796875004
6667,48.5771484375
6668,21.62060546875
6669,-11.328613281250002
6670,-15.121337890625
6671,3.42919921875
6672,-5.511962890625001
6673,-16.775146484375
6674,7.921142578125
6675,4.424072265625
6676,0.7678222656249999
6677,0.9729003906249999
6678,1.4375
6679,-33.389892578125
6680,-10.69775390625
6681,73.4677734375
6682,12.080810546875
6683,-7.654541015625
6684,-6.150634765625
6685,75.2041015625
6686,62.099853515625
6687,52.01123046875
6688,21.20703125
6689,-2.659423828125
6690,3.607666015625
6691,111.116455078125
6692,23.7275390625
6693,6.582763671874998
6694,-1.5895996093750002
6695,13.011718750000002
6696,13.192626953125
6697,-2.37060546875
6698,2.1689453125
6699,42.752685546875
6700,0.120361328125
6701,13.45458984375
6702,-2.374267578125
6703,46.456787109375
6704,7.828369140625001
6705,39.45458984375
6706,10.8974609375
6707,-4.331787109375
6708,-19.25048828125
6709,19.60791015625
6710,39.519287109375
6711,-0.45654296875
6712,-18.465576171875
6713,-0.8059082031249999
6714,5.861083984375
6715,-49.431640625
6716,27.93701171875
6717,13.417236328125
6718,-7.579833984375
6719,34.736083984375
6720,24.011474609375
6721,17.798828125
6722,-8.16796875
6723,-9.026123046875
6724,-6.335693359374999
6725,16.3017578125
6726,14.41748046875
6727,-13.713134765625
6728,-0.564453125
6729,13.41650390625
6730,16.9912109375
6731,9.655029296875
6732,15.366943359375
6733,5.710693359374999
6734,-6.676513671875
6735,-0.43481445312500006
6736,-13.609375
6737,5.1171875
6738,-4.43359375
6739,-5.66650390625
6740,55.975341796875
6741,4.80810546875
6742,9.813720703125
6743,-4.041015625
6744,50.040283203125
6745,-1.287109375
6746,-12.416015625
6747,3.4560546875000004
6748,48.36572265625
6749,81.7783203125
6750,52.4921875
6751,8.42138671875
6752,14.7763671875
6753,-3.60205078125
6754,-2.771240234375
6755,4.2626953125
6756,6.789794921875
6757,1.158935546875
6758,5.399169921875
6759,5.28369140625
6760,21.046142578125
6761,2.35986328125
6762,-16.74560546875
6763,68.27685546875
6764,16.362060546875
6765,3.023681640625
6766,-18.893310546875
6767,-2.135009765625
6768,6.223388671875
6769,19.687255859375
6770,21.16748046875
6771,15.469482421875
6772,70.38232421875
6773,-6.954833984375
6774,18.680419921875
6775,7.049072265625
6776,-18.102294921875
6777,-8.44580078125
6778,37.8173828125
6779,-18.518798828125
6780,-8.264404296875
6781,81.542236328125
6782,32.016845703125
6783,-18.48681640625
6784,-8.24072265625
6785,2.62841796875
6786,22.240966796875004
6787,-3.52099609375
6788,-5.197021484375
6789,-1.605712890625
6790,10.837158203125
6791,2.92578125
6792,-1.922607421875
6793,-2.761474609375
6794,14.237548828125
6795,2.82275390625
6796,0.197509765625
6797,-0.6057128906249999
6798,-7.601318359374999
6799,0.060302734375000056
6800,42.75439453125001
6801,4.513427734375
6802,-8.18212890625
6803,-32.33642578125
6804,-0.164794921875
6805,-27.4345703125
6806,42.025146484375
6807,36.96728515625
6808,-44.15429687499999
6809,-25.844482421875
6810,41.15771484375
6811,39.568359375
6812,4.77880859375
6813,-26.586669921875
6814,-4.427978515625
6815,22.358642578125
6816,23.80224609375
6817,-9.3310546875
6818,-22.463623046875
6819,19.40087890625
6820,20.537109375
6821,-1.919677734375
6822,49.172607421875
6823,-42.060302734375
6824,14.1513671875
6825,12.2412109375
6826,2.419921875
6827,-24.245361328125
6828,11.1611328125
6829,12.883544921875
6830,-19.783203125
6831,-32.6240234375
6832,-3.647705078125
6833,6.431884765625
6834,-6.13134765625
6835,3.958251953125
6836,8.19873046875
6837,6.017822265625
6838,-0.32763671875
6839,-2.4267578124999996
6840,-0.7126464843750001
6841,17.6943359375
6842,41.904052734375
6843,-52.64794921875
6844,-30.87744140625
6845,3.66162109375
6846,37.390869140625
6847,-51.151611328125
6848,31.30712890625
6849,48.08691406250001
6850,45.013427734375
6851,-22.073486328125
6852,-16.71923828125
6853,76.106201171875
6854,40.71923828125
6855,-15.953613281250002
6856,-20.12646484375
6857,13.079833984374998
6858,41.61767578125
6859,12.81005859375
6860,-10.24560546875
6861,-5.149658203125
6862,17.73828125
6863,18.171630859375
6864,-8.726806640625
6865,-2.050048828125
6866,10.052490234375
6867,2.422119140625
6868,9.42529296875
6869,6.64404296875
6870,4.78564453125
6871,37.354736328125
6872,20.441162109375
6873,7.328369140625001
6874,6.81005859375
6875,-14.185791015625002
6876,17.3994140625
6877,-10.3720703125
6878,18.32861328125
6879,-9.319824218749998
6880,-10.47021484375
6881,8.818115234375
6882,20.317626953125
6883,-3.951904296875
6884,-3.26904296875
6885,18.679687500000004
6886,46.509765625
6887,-3.634765625
6888,-4.07470703125
6889,27.22998046875
6890,37.10058593749999
6891,0.6171875
6892,1.3896484375
6893,60.46044921875
6894,48.65502929687501
6895,6.96240234375
6896,-9.70556640625
6897,4.316650390625
6898,60.08203125
6899,-4.547607421875
6900,-5.634765624999999
6901,5.906982421875
6902,-5.262451171875
6903,18.991455078125
6904,-3.963134765625
6905,15.47412109375
6906,-8.951171875
6907,3.8759765624999996
6908,1.6323242187500004
6909,4.753662109374999
6910,-7.1611328125
6911,-3.437744140625
6912,4.71923828125
6913,61.23486328125
6914,-16.02197265625
6915,-13.062988281250002
6916,80.276611328125
6917,62.294921875
6918,-19.018310546875
6919,-16.214111328125
6920,20.8154296875
6921,45.357421875
6922,-8.578125
6923,-1.3530273437500002
6924,-2.787841796875
6925,-0.5737304687500002
6926,26.813720703125
6927,-6.845947265625
6928,-8.186767578125
6929,16.701904296875
6930,60.17504882812501
6931,-8.68115234375
6932,18.426025390625
6933,23.748291015625
6934,-20.5283203125
6935,-6.4033203125
6936,19.54052734375
6937,23.68017578125
6938,-7.782470703125
6939,-13.181884765625
6940,1.011474609375
6941,-1.5317382812499998
6942,8.895263671875
6943,-24.876708984375
6944,-4.025390625
6945,-4.008544921875
6946,9.065673828125
6947,22.396240234375
6948,-3.778564453125
6949,-11.733886718749998
6950,-2.104248046875
6951,-3.322509765625
6952,5.059326171875
6953,17.488525390625
6954,1.685546875
6955,-1.6850585937500002
6956,12.19384765625
6957,15.3427734375
6958,-4.289306640625
6959,-2.2265625
6960,-6.48828125
6961,-9.316406249999998
6962,-4.216552734375
6963,-2.58447265625
6964,-4.019287109375
6965,38.7412109375
6966,-7.055419921875
6967,-0.378662109375
6968,6.66162109375
6969,5.6435546875
6970,-8.633544921875
6971,1.648193359375
6972,4.07763671875
6973,7.28955078125
6974,-7.769287109374999
6975,-7.814208984375
6976,3.311279296875
6977,-26.471923828125
6978,-25.762207031250004
6979,3.907958984375
6980,-4.862060546875
6981,-28.655029296875
6982,-23.25048828125
6983,-3.53271484375
6984,-13.721923828125
6985,25.985351562500004
6986,-37.4677734375
6987,-36.6474609375
6988,-4.674560546875
6989,20.74609375
6990,-38.627685546875
6991,-33.3173828125
6992,25.263427734374996
6993,24.396240234375
6994,-1.3032226562499998
6995,-5.806396484375
6996,1.006103515625
6997,-17.677978515625
6998,-3.083984375
6999,-6.314453124999999
7000,-3.492919921875
7001,-0.6047363281249999
7002,-1.229736328125
7003,42.68798828125
7004,-5.972412109374999
7005,-9.00927734375
7006,11.147216796875
7007,58.29345703125
7008,-6.1972656250000036
7009,-10.569091796875
7010,4.167724609375
7011,33.886962890625
7012,17.186279296875
7013,-2.3056640625000018
7014,0.06787109375000003
7015,24.710693359375
7016,103.984375
7017,0.3657226562499991
7018,-2.568603515625001
7019,-41.577880859375
7020,65.332275390625
7021,-6.028076171875
7022,60.201416015625
7023,-9.781005859375
7024,-56.6640625
7025,-32.3955078125
7026,61.802001953125
7027,-11.642333984374998
7028,68.811767578125
7029,63.1171875
7030,80.919677734375
7031,-0.5737304687500013
7032,-8.241943359375004
7033,25.092529296875
7034,102.422119140625
7035,-7.05126953125
7036,-17.842041015625
7037,14.510009765625
7038,96.162353515625
7039,-11.05224609375
7040,-16.58154296875
7041,7.98046875
7042,29.177001953125
7043,-22.85009765625
7044,-17.71484375
7045,4.76513671875
7046,8.771728515625
7047,8.04541015625
7048,2.15771484375
7049,3.510009765625
7050,12.787353515625002
7051,-17.726806640625
7052,7.975830078125
7053,5.21435546875
7054,11.3701171875
7055,6.02734375
7056,5.216552734375
7057,-4.997314453125
7058,-8.98779296875
7059,-3.070068359375
7060,-12.404052734375
7061,18.146240234375
7062,-10.3017578125
7063,-0.8845214843750001
7064,18.9091796875
7065,-5.707275390625001
7066,15.843261718749998
7067,-18.367919921875
7068,-19.71337890625
7069,123.4072265625
7070,19.978515625
7071,-18.597900390625
7072,-20.820312499999996
7073,8.0556640625
7074,15.898193359375
7075,24.864990234375
7076,0.7292480468750001
7077,9.670166015625002
7078,45.039794921875
7079,15.143798828125
7080,1.8188476562499998
7081,6.874267578125
7082,-2.13427734375
7083,11.718994140625
7084,11.080322265625
7085,-3.9716796875000004
7086,-2.9599609375000004
7087,-4.524169921875
7088,4.98876953125
7089,-3.431640625
7090,-6.626220703125
7091,-4.251953125
7092,10.70166015625
7093,0.2158203125
7094,7.620361328125
7095,8.6376953125
7096,1.4072265625
7097,-10.89501953125
7098,0.81591796875
7099,12.8046875
7100,-4.37158203125
7101,-12.005615234375
7102,-0.37548828125
7103,7.187744140625001
7104,-2.216552734375
7105,13.142333984374998
7106,0.7307128906249999
7107,7.311279296875
7108,-0.03076171875
7109,16.71240234375
7110,9.0654296875
7111,90.1884765625
7112,11.8408203125
7113,-35.192138671875
7114,119.504150390625
7115,57.2802734375
7116,11.484619140625
7117,-33.7734375
7118,53.025390625
7119,158.356689453125
7120,50.05126953125
7121,0.6643066406250002
7122,-1.9780273437500004
7123,7.32763671875
7124,56.56396484375
7125,-1.5087890625
7126,-2.952392578125
7127,-8.000244140625
7128,51.124267578125
7129,20.034912109375
7130,3.9628906249999987
7131,-16.92431640625
7132,30.094482421875
7133,28.439453125
7134,-2.829345703125
7135,-18.995849609375
7136,3.78955078125
7137,26.1943359375
7138,-11.771240234375
7139,-4.341552734375
7140,25.131591796875004
7141,-20.24072265625
7142,-8.291259765625
7143,-2.918212890625
7144,20.1630859375
7145,-6.216064453125
7146,-7.0576171875
7147,-21.54638671875
7148,15.67822265625
7149,16.525146484375
7150,8.28271484375
7151,-17.83935546875
7152,15.774169921875
7153,16.486083984375
7154,12.494873046875
7155,-19.208984375
7156,-0.8359375
7157,6.88232421875
7158,21.83740234375
7159,-9.46875
7160,-1.1123046874999998
7161,8.317626953125
7162,16.597412109375
7163,-1.105712890625
7164,-4.301025390625
7165,3.044677734375
7166,-12.73291015625
7167,-15.913574218749998
7168,-15.888427734375
7169,-1.943115234375
7170,-10.021484375
7171,-18.422119140625
7172,10.2265625
7173,-13.538574218749998
7174,-5.887451171875
7175,-2.42431640625
7176,6.755126953125
7177,7.065673828125
7178,5.43505859375
7179,0.279296875
7180,6.40625
7181,2.719970703125
7182,-3.136962890625
7183,12.11474609375
7184,-5.21435546875
7185,8.603515625
7186,-11.65185546875
7187,6.915283203125
7188,-0.71875
7189,0.0576171875
7190,12.201416015625002
7191,-6.690673828125
7192,-0.6330566406249999
7193,-10.873291015625002
7194,-8.22119140625
7195,69.9453125
7196,2.965087890625
7197,-11.04541015625
7198,-6.8740234375
7199,-16.036376953125
7200,4.2490234375
7201,4.382080078125
7202,7.016845703125
7203,-11.64404296875
7204,-17.449462890625
7205,29.447021484375
7206,3.987548828125
7207,-5.45654296875
7208,43.528564453125
7209,-13.248046875
7210,47.296142578125
7211,15.504638671875
7212,8.685546875
7213,-3.201904296875
7214,81.162353515625
7215,16.51708984375
7216,11.536376953125
7217,36.30322265625
7218,31.320068359375
7219,-5.026611328125
7220,42.92993164062499
7221,41.4111328125
7222,-7.8837890625
7223,-23.789306640625
7224,35.4892578125
7225,41.364501953125
7226,11.531982421875
7227,29.199707031250004
7228,14.4091796875
7229,-1.6655273437500002
7230,-14.41748046875
7231,15.1279296875
7232,7.573974609374999
7233,0.17724609375
7234,-12.392578125
7235,-10.2294921875
7236,-10.77490234375
7237,-14.5556640625
7238,38.78125
7239,43.993896484375
7240,9.27880859375
7241,-22.593505859375
7242,41.982666015625
7243,46.879150390625
7244,-1.227294921875
7245,-20.081542968749996
7246,-6.76806640625
7247,-4.37255859375
7248,-2.28466796875
7249,13.282958984374998
7250,3.340087890625
7251,-0.150146484375
7252,-4.093994140625
7253,-26.223388671875
7254,2.929931640625
7255,3.255126953125
7256,2.06640625
7257,-1.029541015625
7258,38.4638671875
7259,1.1655273437500002
7260,-0.099609375
7261,-2.93115234375
7262,1.821533203125
7263,4.63427734375
7264,-4.90478515625
7265,4.108642578125
7266,5.431884765625
7267,-18.628417968749996
7268,10.9951171875
7269,6.15234375
7270,15.029541015625002
7271,36.578125
7272,5.35546875
7273,10.5439453125
7274,15.38720703125
7275,16.177978515625
7276,-2.8505859375000004
7277,-6.217041015625
7278,14.170654296875
7279,18.745361328125
7280,-5.465087890625001
7281,-4.5595703125
7282,-6.702392578125
7283,8.1259765625
7284,6.766357421875
7285,12.755615234375
7286,8.242919921875
7287,6.051025390625001
7288,0.324951171875
7289,5.5390625
7290,-0.36694335937500067
7291,-12.56689453125
7292,13.353271484374998
7293,30.36376953125
7294,3.800048828125
7295,6.8271484375
7296,19.13330078125
7297,29.724853515625
7298,-7.23828125
7299,-4.388427734375
7300,3.340576171875
7301,34.019287109375
7302,2.720458984375
7303,18.039794921875
7304,-8.53564453125
7305,36.763427734375
7306,5.007080078125
7307,-2.85595703125
7308,-13.8173828125
7309,-13.608154296875
7310,-13.8115234375
7311,34.431640625
7312,63.272216796875
7313,-11.044921875
7314,-9.475830078125
7315,34.8291015625
7316,-75.899169921875
7317,5.275390624999999
7318,-6.449951171875
7319,9.15380859375
7320,7.276123046875
7321,-11.660400390625
7322,3.76220703125
7323,8.68115234375
7324,4.52294921875
7325,9.6318359375
7326,11.868408203125
7327,-54.73486328125
7328,25.76513671875
7329,50.42504882812501
7330,-33.917236328125
7331,-50.740234375
7332,18.609619140625
7333,53.080078125
7334,98.87451171875
7335,-45.294189453125
7336,-1.2653808593750002
7337,29.497802734374996
7338,63.59521484375
7339,105.164794921875
7340,-64.1044921875
7341,27.499755859375
7342,55.84179687499999
7343,-31.392578125
7344,-19.5380859375
7345,5.351318359374999
7346,5.301513671875
7347,3.042236328125
7348,-7.689697265625
7349,-7.195556640625001
7350,9.8935546875
7351,6.611328124999999
7352,3.74169921875
7353,-1.828857421875
7354,6.001708984375
7355,1.8969726562499998
7356,2.058837890625
7357,-4.4716796875
7358,-3.52392578125
7359,-5.565673828125
7360,0.9555664062500001
7361,11.81689453125
7362,-0.096435546875
7363,44.96435546874999
7364,-29.62255859375
7365,-8.855224609375
7366,29.13134765625
7367,33.598876953125
7368,-26.006103515625
7369,-11.58154296875
7370,15.331787109375
7371,63.4208984375
7372,5.919189453124999
7373,4.139892578125
7374,61.2783203125
7375,-11.74560546875
7376,-6.2490234375
7377,3.87109375
7378,58.013916015625
7379,-11.751953125
7380,0.447998046875
7381,6.39892578125
7382,-1.9545898437500002
7383,6.49462890625
7384,-20.568359375
7385,-20.832763671875
7386,1.5766601562499998
7387,7.59912109375
7388,25.58056640625
7389,13.0478515625
7390,3.228515625
7391,-0.6008300781249999
7392,0.140380859375
7393,3.602783203125
7394,16.175048828125
7395,-2.33154296875
7396,4.072265625
7397,0.127685546875
7398,-12.340087890625
7399,99.037109375
7400,-11.716064453125002
7401,-1.9667968750000022
7402,-27.5869140625
7403,95.10180664062499
7404,-4.739013671875
7405,-1.1013183593750009
7406,20.99365234375
7407,86.923095703125
7408,-10.175537109375
7409,7.843505859374999
7410,-2.716552734375
7411,27.51611328125
7412,-5.090087890625001
7413,5.1171875
7414,0.5322265625
7415,-8.499267578125
7416,-1.821533203125
7417,-49.100341796875
7418,-22.914306640625
7419,71.15771484375
7420,44.060302734375
7421,43.92529296875
7422,-26.440673828125
7423,78.66430664062499
7424,0.814453125
7425,-1.2470703125
7426,-1.284423828125
7427,2.28955078125
7428,18.722167968749996
7429,-9.630859375
7430,-14.203369140625
7431,3.09765625
7432,14.814453125
7433,-6.419677734375
7434,-6.74365234375
7435,-11.52978515625
7436,-13.966796875
7437,-9.522949218749998
7438,-6.38720703125
7439,-18.572509765625
7440,-14.505126953125
7441,-6.325439453125
7442,-1.02490234375
7443,-8.974609375
7444,23.5244140625
7445,31.118408203124996
7446,41.4765625
7447,45.24755859375
7448,27.4375
7449,28.75048828125
7450,44.65087890625
7451,75.43994140624999
7452,63.53759765625
7453,37.51171875
7454,24.246337890625
7455,-0.0615234375
7456,14.499755859375
7457,7.57666015625
7458,17.8125
7459,10.268798828125
7460,3.5751953124999996
7461,2.791259765625
7462,-1.152587890625
7463,7.0615234375
7464,8.66552734375
7465,17.9267578125
7466,-1.02685546875
7467,9.3349609375
7468,12.79052734375
7469,6.488525390625001
7470,-5.279052734375
7471,-1.5727539062499998
7472,44.42626953125
7473,37.98754882812501
7474,-5.929931640625002
7475,-3.86328125
7476,36.943603515625
7477,41.5029296875
7478,-11.452880859375
7479,-5.02978515625
7480,26.615478515625
7481,-7.93310546875
7482,-5.41357421875
7483,-10.238281249999998
7484,-7.494140624999999
7485,-10.377197265625
7486,-8.387451171875
7487,46.6357421875
7488,-17.269775390625
7489,-4.5126953125
7490,21.041015625
7491,-3.933349609375
7492,-8.51953125
7493,-1.887939453125
7494,16.5302734375
7495,-6.83056640625
7496,5.8271484375
7497,2.68408203125
7498,4.90625
7499,-16.556884765625
7500,-16.565673828125
7501,-14.7861328125
7502,-2.657470703125
7503,-21.501220703125
7504,-22.1298828125
7505,-4.932373046875
7506,6.16015625
7507,-11.65283203125
7508,-8.6142578125
7509,20.261962890625
7510,-5.789794921875
7511,2.639892578125
7512,-5.521728515625
7513,20.68359375
7514,9.5810546875
7515,-11.26025390625
7516,-12.210693359375
7517,118.655517578125
7518,65.35693359375
7519,-13.620361328125
7520,20.608398437499996
7521,109.657958984375
7522,59.223876953125
7523,83.643310546875
7524,-36.688232421875
7525,27.153564453125
7526,-1.4448242187500002
7527,-16.01171875
7528,23.13671875
7529,33.544189453125
7530,4.223388671874999
7531,-17.8095703125
7532,-5.6513671875
7533,41.749755859375
7534,43.084716796875
7535,-11.26025390625
7536,10.969482421875
7537,16.4892578125
7538,63.612060546875
7539,-10.1103515625
7540,14.462646484374998
7541,51.58349609375
7542,40.383544921875
7543,-2.126953125
7544,15.12060546875
7545,9.656982421875
7546,23.885498046875
7547,17.220703125
7548,14.080810546875
7549,7.58544921875
7550,7.92431640625
7551,-17.177490234375
7552,57.25390625
7553,-48.6728515625
7554,-28.19189453125
7555,18.55322265625
7556,27.960937500000004
7557,-43.811767578125
7558,-29.153564453125
7559,-49.24755859375
7560,118.853759765625
7561,43.093994140625
7562,-7.421875
7563,-3.4609375
7564,83.72705078125
7565,48.06201171875
7566,-10.667724609375
7567,-12.192626953125
7568,27.923828125
7569,39.875244140625
7570,0.4267578125
7571,2.33544921875
7572,4.434326171875
7573,13.332031249999998
7574,-11.739990234375
7575,-7.245361328125
7576,9.093505859375
7577,-14.5908203125
7578,-18.528564453125
7579,2.640869140625
7580,-7.489013671875
7581,-5.100830078125
7582,1.9018554687500002
7583,-5.73681640625
7584,-5.793701171875
7585,-4.594970703125
7586,43.34033203125
7587,9.04296875
7588,1.262451171875
7589,9.476074218749998
7590,5.345703124999999
7591,5.2578125
7592,30.133056640625
7593,11.499511718749998
7594,3.072998046875
7595,17.8447265625
7596,12.923828125
7597,1.8022460937500002
7598,-12.542724609375
7599,-17.446044921875
7600,3.865234375
7601,3.13916015625
7602,-13.37744140625
7603,-20.111572265625004
7604,-8.260498046875
7605,6.844970703125
7606,42.66381835937501
7607,-4.693603515625
7608,46.89990234375
7609,6.0087890625
7610,2.373046875
7611,-11.680419921875
7612,45.61669921875
7613,-8.307128906250002
7614,98.31787109375
7615,17.174072265625
7616,4.49365234375
7617,14.433349609375
7618,8.54248046875
7619,-2.139404296875
7620,3.270751953125
7621,14.238281249999998
7622,9.69775390625
7623,1.153076171875
7624,44.77490234375
7625,-51.558349609375
7626,-20.760986328125
7627,-36.865234375
7628,39.825927734375
7629,-50.598876953125
7630,-23.926025390625
7631,23.18896484375
7632,45.55126953125
7633,37.66870117187499
7634,-24.435791015625
7635,-20.79443359375
7636,-6.17578125
7637,37.849609375
7638,-22.83544921875
7639,-26.04736328125
7640,1.979736328125
7641,25.85888671875
7642,13.341796875
7643,118.4853515625
7644,75.728759765625
7645,-5.12939453125
7646,7.520263671875
7647,128.12890625
7648,72.5205078125
7649,-13.703125
7650,-55.49438476562499
7651,41.39941406250001
7652,-5.4638671875
7653,-4.0400390625
7654,18.86083984375
7655,49.53002929687501
7656,3.3098144531249982
7657,-4.240478515625
7658,88.72314453125
7659,36.6005859375
7660,8.18701171875
7661,-6.530029296875
7662,-15.417236328125
7663,1.174072265625
7664,1.158203125
7665,-10.401611328125
7666,-11.156982421875
7667,1.321533203125
7668,12.4697265625
7669,47.119140625
7670,48.20166015625
7671,41.032958984375
7672,-28.620361328125
7673,-24.31298828125
7674,43.00341796875
7675,34.0068359375
7676,18.778076171875
7677,3.466064453125
7678,9.008544921875
7679,10.326416015625002
7680,-5.52734375
7681,14.347656249999998
7682,-1.02685546875
7683,11.164306640625
7684,-7.270751953125
7685,5.0615234375
7686,4.146484375
7687,-35.09033203125
7688,-24.0224609375
7689,15.102294921875
7690,12.444091796875
7691,-12.258544921875
7692,-30.285888671875
7693,21.354736328125
7694,-2.290283203125
7695,15.2109375
7696,-3.453125
7697,-6.918701171875
7698,-15.996337890625
7699,-15.643798828125
7700,-9.06640625
7701,-8.5654296875
7702,-9.602050781250002
7703,16.103759765625
7704,-7.40234375
7705,2.100341796875
7706,1.744384765625
7707,-4.677490234375
7708,-2.934814453125
7709,-4.43994140625
7710,-2.610595703125
7711,-4.14306640625
7712,-14.1591796875
7713,-2.047607421875
7714,9.053955078125
7715,-11.199462890625
7716,62.185302734375
7717,-8.701904296875
7718,-9.819091796875
7719,-15.431396484374998
7720,63.98291015625
7721,-11.237548828125
7722,-6.02001953125
7723,-25.5224609375
7724,45.43212890625
7725,45.091064453125
7726,5.799072265625
7727,-20.422851562500004
7728,38.017578125
7729,50.691650390625
7730,-31.99365234375
7731,-24.175537109375
7732,9.175048828125
7733,15.7197265625
7734,19.64306640625
7735,28.28662109375
7736,65.676513671875
7737,20.05810546875
7738,17.7275390625
7739,-0.453369140625
7740,4.906494140625001
7741,19.093505859375
7742,12.160156249999998
7743,-31.4501953125
7744,-5.4384765625
7745,-12.206787109375
7746,13.45166015625
7747,-26.49560546875
7748,-9.550048828125
7749,-8.4443359375
7750,-0.43310546875
7751,-10.2099609375
7752,10.472412109375
7753,0.36083984375
7754,-0.7932128906249999
7755,-7.975341796875
7756,16.970703125
7757,-5.5732421875
7758,5.56494140625
7759,3.420166015625
7760,7.93212890625
7761,-3.010986328125
7762,17.474853515625
7763,-7.318359375000001
7764,6.9404296875
7765,-4.172119140625
7766,86.98828125
7767,25.965332031250004
7768,25.240966796875004
7769,37.673095703125
7770,46.14624023437499
7771,-8.50830078125
7772,-16.67626953125
7773,35.324951171875
7774,44.86083984375
7775,-47.322265625
7776,-1.4465332031250004
7777,-17.929931640625
7778,47.931396484375
7779,57.48876953125
7780,-24.50732421875
7781,-37.451416015625
7782,42.75537109375
7783,51.5810546875
7784,-11.79150390625
7785,-26.64599609375
7786,15.462890625
7787,-4.372802734375
7788,-9.8583984375
7789,20.600341796875004
7790,-25.77294921875
7791,-4.65234375
7792,-7.636474609374999
7793,-5.9384765625
7794,-0.04931640625
7795,-7.1787109375
7796,-0.4033203125
7797,-11.142578125
7798,-26.56494140625
7799,-6.793701171875
7800,-7.392333984375
7801,-7.408447265625
7802,5.377197265625
7803,-3.78076171875
7804,12.938232421875
7805,69.954345703125
7806,72.438720703125
7807,16.239990234375
7808,27.1943359375
7809,72.455322265625
7810,73.088623046875
7811,0.11767578125
7812,17.930419921875
7813,-5.995849609374999
7814,6.08837890625
7815,-4.4951171875
7816,7.641357421875
7817,-28.53173828125
7818,8.08984375
7819,-5.5908203125
7820,-2.78125
7821,13.986083984374998
7822,6.882568359374999
7823,14.43212890625
7824,11.805419921875
7825,-18.760498046875
7826,2.075927734375
7827,5.578369140625001
7828,16.556396484375
7829,-15.615966796875
7830,-3.707275390625
7831,11.396728515625002
7832,-9.408447265625
7833,-16.69091796875
7834,-5.58251953125
7835,14.054931640625
7836,-10.571533203125
7837,-14.852050781250002
7838,24.834228515625
7839,18.20068359375
7840,-14.126953125
7841,16.048828125
7842,10.607666015625002
7843,1.251953125
7844,-5.25634765625
7845,16.51416015625
7846,19.712890625
7847,9.03125
7848,-15.81103515625
7849,2.232421875
7850,-7.376220703125
7851,-16.591552734375
7852,1.234375
7853,0.8203125
7854,-7.606201171875
7855,-14.89501953125
7856,19.36962890625
7857,28.436279296875
7858,-15.786376953125
7859,-1.9262695312499998
7860,36.897705078125
7861,1.851806640625
7862,1.5971679687500002
7863,-0.3251953125
7864,36.625
7865,19.250976562500004
7866,-4.415039062500001
7867,19.641357421875
7868,-7.926513671875
7869,2.091064453125
7870,-13.54052734375
7871,-4.150390625
7872,-8.82763671875
7873,1.07958984375
7874,-11.382568359375
7875,14.274169921875
7876,8.360595703125
7877,5.862060546875
7878,-26.878417968749996
7879,58.265869140625
7880,-13.173095703125
7881,5.361083984375
7882,-23.763427734374996
7883,16.760498046875
7884,24.81103515625
7885,-15.62744140625
7886,17.84326171875
7887,11.9306640625
7888,11.523925781250002
7889,-11.898925781250002
7890,12.333984375
7891,8.7529296875
7892,12.070800781250002
7893,-11.39306640625
7894,6.595703124999999
7895,1.017822265625
7896,-13.447021484374998
7897,51.19921875
7898,36.180419921875
7899,7.12060546875
7900,-16.00634765625
7901,-15.398193359375
7902,36.259521484375
7903,6.038818359374999
7904,-5.004638671875
7905,-0.7131347656249999
7906,1.2846679687500002
7907,6.207763671875
7908,1.5913085937500002
7909,1.019287109375
7910,-1.376220703125
7911,10.391357421875
7912,0.58837890625
7913,9.03173828125
7914,7.3779296875
7915,16.5146484375
7916,-2.013427734375
7917,6.546630859374999
7918,8.51611328125
7919,-5.38623046875
7920,-3.047119140625
7921,3.0205078124999996
7922,10.512451171875
7923,-15.98193359375
7924,6.5615234375
7925,-1.054931640625
7926,9.078125
7927,-13.640869140625
7928,4.78076171875
7929,-3.955322265625
7930,71.393310546875
7931,105.310546875
7932,63.308349609375
7933,-16.419677734375
7934,-0.31469726562500044
7935,108.412109375
7936,73.350341796875
7937,119.175048828125
7938,17.91552734375
7939,-4.73095703125
7940,-0.82958984375
7941,-6.35546875
7942,13.30712890625
7943,13.054443359375
7944,2.493408203125
7945,1.416015625
7946,9.177734375
7947,-0.4794921875
7948,87.143798828125
7949,10.214355468749998
7950,-17.498291015625
7951,5.798095703125
7952,88.751953125
7953,5.382812499999998
7954,-13.724365234375
7955,15.468505859375
7956,88.1279296875
7957,-13.3427734375
7958,3.145263671875
7959,9.332275390625
7960,24.7138671875
7961,-9.280029296875
7962,6.012939453125
7963,7.735107421875
7964,-13.439208984374998
7965,-22.14306640625
7966,-3.532958984375
7967,8.6357421875
7968,11.030517578125
7969,8.267333984375
7970,13.917968750000002
7971,8.31494140625
7972,10.491455078125
7973,-19.421142578125
7974,27.549072265625004
7975,-2.5634765624999996
7976,2.915283203125
7977,-14.039794921875
7978,12.484619140625
7979,44.24755859375
7980,7.50830078125
7981,-18.1396484375
7982,-24.517333984375
7983,-16.486083984375
7984,10.8740234375
7985,-11.127197265625
7986,19.609619140625
7987,-3.97802734375
7988,7.055419921875
7989,-16.480712890625
7990,23.730957031250004
7991,29.318115234375
7992,29.724609375
7993,-8.148193359375
7994,6.72900390625
7995,1.6040039062499998
7996,3.43994140625
7997,-1.181884765625
7998,7.09765625
7999,3.80908203125
8000,0.93896484375
8001,-3.082763671875
8002,-11.779541015625002
8003,-14.410400390625
8004,-10.95751953125
8005,5.627197265625
8006,8.4150390625
8007,-14.737060546875
8008,-11.340576171875
8009,8.061767578125
8010,10.795166015625002
8011,23.130615234375
8012,-4.4951171875
8013,-10.023925781250002
8014,-26.54296875
8015,-1.04150390625
8016,-4.052490234375
8017,-7.180908203125
8018,75.16650390625
8019,22.728759765625
8020,-6.30712890625
8021,-4.046875
8022,-6.767578124999999
8023,15.114013671875
8024,21.88623046875
8025,0.7429199218750001
8026,-10.6669921875
8027,-6.188232421875
8028,2.501220703124999
8029,18.143798828125
8030,-5.414306640625001
8031,2.87255859375
8032,-12.5498046875
8033,-15.11474609375
8034,-4.61767578125
8035,0.9738769531249992
8036,-16.6611328125
8037,-6.369140624999999
8038,-20.226806640625
8039,30.078369140625
8040,22.08203125
8041,61.037353515625
8042,-20.40869140625
8043,23.93896484375
8044,23.691162109375
8045,-6.494140624999999
8046,-25.083251953125
8047,-8.89599609375
8048,-30.780273437499996
8049,-11.794189453125
8050,-30.011474609375
8051,113.224853515625
8052,-35.60302734375
8053,-9.1240234375
8054,14.47412109375
8055,-20.068603515625
8056,13.127685546875
8057,22.183837890625
8058,25.358398437499996
8059,24.041259765625
8060,11.3193359375
8061,20.263671875
8062,19.062255859375
8063,0.09130859374999956
8064,10.08740234375
8065,115.1796875
8066,96.302978515625
8067,-31.636962890625
8068,86.086669921875
8069,69.026123046875
8070,88.072021484375
8071,-37.72705078125
8072,32.894287109375
8073,-14.04931640625
8074,-15.334228515625002
8075,19.27392578125
8076,11.615478515625002
8077,9.753906249999998
8078,-17.027587890625
8079,18.698974609375
8080,14.82275390625
8081,1.234130859375
8082,-13.343994140625
8083,-13.093017578125
8084,12.092529296875
8085,14.4462890625
8086,-24.842041015625
8087,-24.939697265625004
8088,8.718505859375
8089,17.1064453125
8090,7.688720703125
8091,2.109130859375
8092,-12.110595703125
8093,-3.20654296875
8094,-10.338623046875
8095,-8.4921875
8096,-22.875732421875
8097,-3.60791015625
8098,-10.413330078125
8099,6.375244140625001
8100,-4.98046875
8101,98.314453125
8102,-0.9926757812500003
8103,-14.702392578125
8104,-10.607666015625002
8105,82.785400390625
8106,6.270751953125
8107,-9.0654296875
8108,49.502685546875
8109,88.120849609375
8110,21.672607421875
8111,-5.447021484375
8112,-9.754638671875
8113,3.8369140624999996
8114,-1.624755859375
8115,-0.5883789062500003
8116,-8.084716796875
8117,-4.71923828125
8118,20.906982421875
8119,-15.808593750000002
8120,40.32763671875
8121,0.6875
8122,-4.043701171875
8123,-4.678466796875
8124,37.504150390625
8125,3.527587890625
8126,16.304443359375
8127,1.8203124999999987
8128,21.16357421875
8129,-9.103271484375
8130,-19.328857421875
8131,-46.52099609375
8132,18.9599609375
8133,-10.2275390625
8134,-25.933349609375
8135,96.525146484375
8136,29.5068359375
8137,-17.379638671875
8138,-5.512939453125
8139,-4.06103515625
8140,48.122802734375
8141,5.806884765625
8142,-3.107666015625
8143,-3.49267578125
8144,-11.2255859375
8145,10.77685546875
8146,34.499267578125
8147,56.41186523437501
8148,-3.848388671875
8149,29.2119140625
8150,23.187744140625
8151,58.7001953125
8152,-6.4990234375
8153,-8.1689453125
8154,-7.096435546875
8155,59.12109375
8156,3.2043457031249987
8157,-9.832031250000002
8158,36.99560546874999
8159,5.639404296875
8160,1.9169921874999996
8161,-8.29296875
8162,53.14111328125
8163,44.471435546875
8164,-23.51416015625
8165,18.5185546875
8166,13.0234375
8167,-12.686767578125
8168,-14.690673828125
8169,17.892822265625
8170,16.329833984375
8171,5.843017578125
8172,-23.451904296875
8173,3.8063964843749987
8174,20.642822265625004
8175,101.718017578125
8176,3.327880859375
8177,3.2817382812499996
8178,24.650146484375
8179,104.408935546875
8180,9.647949218749998
8181,-12.791259765625
8182,34.2421875
8183,37.243896484375
8184,31.035888671875
8185,40.673095703125
8186,-12.082275390625
8187,38.770263671875
8188,28.979248046875
8189,-0.3759765625
8190,3.32470703125
8191,-9.37939453125
8192,-6.997802734375
8193,14.593994140625
8194,-0.313232421875
8195,24.52587890625
8196,-8.848388671875
8197,13.356201171875
8198,43.97875976562501
8199,3.951171875
8200,4.849853515625
8201,6.4609375
8202,3.64111328125
8203,-8.2451171875
8204,-0.565673828125
8205,0.9396972656249999
8206,4.97216796875
8207,0.494384765625
8208,-1.6171875
8209,-9.44384765625
8210,-25.193603515625
8211,19.578125
8212,13.862060546875
8213,6.1630859375
8214,-20.49072265625
8215,18.67333984375
8216,7.31298828125
8217,3.549560546875
8218,-21.177978515625
8219,31.535400390625
8220,21.04833984375
8221,11.0908203125
8222,-25.2939453125
8223,26.6474609375
8224,23.047851562500004
8225,-0.7973632812500001
8226,-12.936279296875
8227,-3.531005859375
8228,4.024169921875
8229,1.575927734375
8230,-28.176025390625
8231,-29.414306640625
8232,-0.9267578125
8233,4.0107421875
8234,19.998779296875
8235,-22.44189453125
8236,67.033935546875
8237,-3.0292968750000004
8238,-9.046630859375
8239,-3.76904296875
8240,48.65429687499999
8241,2.440185546874999
8242,-6.856689453125
8243,2.736328125
8244,63.31298828125
8245,-66.676513671875
8246,31.024658203124996
8247,39.0458984375
8248,55.739013671875
8249,-69.513916015625
8250,28.92919921875
8251,42.07861328125
8252,-4.359130859375
8253,-60.98681640624999
8254,-1.5532226562499998
8255,14.712646484374998
8256,18.782470703125
8257,30.699951171875
8258,-43.14013671875
8259,14.722656249999998
8260,18.92724609375
8261,-7.347900390625001
8262,13.737060546875
8263,7.516845703125
8264,-5.52392578125
8265,-22.625
8266,7.30126953125
8267,24.274658203124996
8268,-7.224365234375
8269,-18.83447265625
8270,-0.63134765625
8271,0.48876953125
8272,-13.021484375
8273,-3.768310546875
8274,-6.044677734375
8275,43.374267578125
8276,-5.784912109374999
8277,-5.476806640625001
8278,-3.611083984375
8279,11.124267578125
8280,-5.591064453125
8281,-33.653564453125
8282,22.19775390625
8283,6.762451171875
8284,-12.875732421875
8285,-9.271484375
8286,25.364013671875
8287,5.123046875000001
8288,15.371826171875
8289,18.0322265625
8290,-30.473876953125
8291,32.66943359375
8292,93.503662109375
8293,-36.440673828125
8294,-16.4189453125
8295,26.503173828125
8296,95.920166015625
8297,-14.290771484374998
8298,-28.364990234375
8299,28.219970703125
8300,-3.327392578125
8301,0.16772460937499978
8302,54.4609375
8303,12.268310546875
8304,2.4697265624999996
8305,3.325439453125
8306,14.622802734375
8307,24.333984375
8308,-13.720703125
8309,63.377685546875
8310,50.512939453125
8311,-7.412353515625
8312,-14.729248046875
8313,64.837890625
8314,56.29296875
8315,-8.03564453125
8316,-23.056640625
8317,17.114990234375
8318,18.45263671875
8319,28.51123046875
8320,-1.869140625
8321,-8.125732421875
8322,22.828125
8323,23.815185546875
8324,-33.43359375
8325,29.274658203124996
8326,-32.486572265625
8327,12.124755859375
8328,15.433593750000002
8329,33.66943359375
8330,-25.7763671875
8331,15.4365234375
8332,12.236572265625
8333,-19.287353515625
8334,-35.536376953125
8335,-26.59228515625
8336,42.553466796875
8337,58.0986328125
8338,-54.378662109375
8339,-22.005615234375
8340,40.39062499999999
8341,65.173828125
8342,-18.06396484375
8343,-24.68359375
8344,1.4516601562499998
8345,143.704345703125
8346,-25.487060546875
8347,9.220458984375
8348,86.814208984375
8349,147.261962890625
8350,-23.564697265625004
8351,180.5693359375
8352,-16.61279296875
8353,13.703613281250002
8354,18.10986328125
8355,12.625488281250002
8356,16.6826171875
8357,25.21923828125
8358,13.4970703125
8359,13.5087890625
8360,-15.287353515625002
8361,-7.335205078125
8362,14.34814453125
8363,81.332275390625
8364,10.987548828125
8365,100.421142578125
8366,-61.477783203125
8367,85.90576171875
8368,6.547607421875
8369,26.244873046875
8370,55.296142578125
8371,-5.1005859375
8372,-4.796875
8373,24.574707031250004
8374,9.336181640625
8375,-12.596923828125
8376,-3.1025390624999996
8377,21.27099609375
8378,2.24609375
8379,-11.282470703125
8380,-5.435302734375
8381,-38.669189453125
8382,10.640625
8383,50.700439453125
8384,22.319580078125
8385,-40.2177734375
8386,5.905517578125
8387,-11.920166015625002
8388,3.8720703124999996
8389,18.153564453125
8390,22.318115234375
8391,25.019287109375
8392,-27.42822265625
8393,-20.055908203124996
8394,22.638671875
8395,30.064697265625004
8396,1.3173828125
8397,-14.990966796875
8398,27.750976562500004
8399,-45.442138671875
8400,-23.55859375
8401,-30.14453125
8402,16.46142578125
8403,-48.13232421875
8404,-24.858154296875
8405,25.73828125
8406,15.784912109375
8407,-22.52587890625
8408,40.401611328125
8409,62.337890625
8410,-20.260986328125
8411,-23.2607421875
8412,41.116455078125
8413,62.33837890625
8414,-3.623291015625
8415,-14.899658203125
8416,82.48291015625
8417,-22.010009765625
8418,-19.689208984375
8419,19.205810546875
8420,72.0009765625
8421,-20.6064453125
8422,-19.83740234375
8423,35.075927734375
8424,88.924560546875
8425,6.8310546875
8426,2.4482421875000004
8427,-22.562255859375
8428,-8.699462890625
8429,-3.180908203125
8430,7.18017578125
8431,-14.910888671875
8432,5.69384765625
8433,10.153564453125
8434,-22.591796875
8435,10.077636718749998
8436,39.01318359375001
8437,25.66015625
8438,-12.703857421875
8439,13.40869140625
8440,35.91015625
8441,4.621826171875
8442,-27.58544921875
8443,-3.07861328125
8444,-7.602294921875
8445,-11.41162109375
8446,-4.505615234375
8447,14.10693359375
8448,-6.100830078125
8449,-6.62890625
8450,5.616943359374999
8451,12.494384765625
8452,-81.26904296875
8453,-58.20874023437499
8454,126.864990234375
8455,5.635498046875
8456,-13.703857421875
8457,-57.00537109375
8458,119.577880859375
8459,-4.071289062500003
8460,18.694091796875004
8461,-9.49462890625
8462,-50.92993164062499
8463,-29.540771484375
8464,-10.1923828125
8465,20.09423828125
8466,-51.728515625
8467,-30.189697265625004
8468,32.32861328125
8469,-2.22119140625
8470,-9.920166015625002
8471,-8.518310546875
8472,4.8330078125
8473,-3.093505859375001
8474,-13.17626953125
8475,-11.3876953125
8476,1.686279296875
8477,-16.13232421875
8478,-22.33837890625
8479,111.64501953125001
8480,-19.400146484375
8481,-24.090087890625
8482,-19.15234375
8483,74.9755859375
8484,-20.939453125
8485,-20.489501953125
8486,43.93896484375
8487,116.533447265625
8488,-14.742675781250002
8489,61.52490234375
8490,59.950927734375
8491,-11.2783203125
8492,-11.533447265625
8493,61.20751953125
8494,69.369873046875
8495,-14.895263671875
8496,-17.07373046875
8497,70.603515625
8498,-0.7131347656249999
8499,-7.135498046875
8500,50.887939453125
8501,35.6572265625
8502,-0.7236328124999998
8503,-11.5869140625
8504,18.428466796875
8505,19.180908203124996
8506,-9.583984375
8507,-24.26416015625
8508,-38.255859375
8509,-14.819091796875
8510,22.83740234375
8511,-26.503662109375
8512,-40.57080078125
8513,6.607666015625
8514,10.290283203125
8515,1.636474609375
8516,24.974365234375
8517,110.427734375
8518,-8.23583984375
8519,29.81982421875
8520,25.255126953125
8521,121.00048828125
8522,19.699707031250004
8523,14.4326171875
8524,-0.787109375
8525,8.425537109375
8526,-2.1923828125
8527,8.5
8528,3.97705078125
8529,-3.798583984375
8530,6.026611328125
8531,-5.07373046875
8532,-7.739013671875
8533,15.74462890625
8534,-18.886474609375
8535,-0.467529296875
8536,-3.3271484375000004
8537,-0.57470703125
8538,-13.304931640625
8539,-2.035400390625
8540,-37.197265625
8541,-22.06396484375
8542,10.478271484374998
8543,-6.022705078125
8544,1.466796875
8545,-1.7001953125
8546,-2.20166015625
8547,-7.25
8548,1.0966796875
8549,37.04443359375001
8550,9.18212890625
8551,-16.67578125
8552,26.5
8553,24.987548828125
8554,107.01513671875001
8555,-11.561767578125
8556,23.1162109375
8557,25.268798828125
8558,-1.0341796875000004
8559,-26.28369140625
8560,89.602783203125
8561,-6.023193359374999
8562,0.7409667968749996
8563,-34.206298828125
8564,65.55224609375
8565,-9.301269531250002
8566,2.140869140625
8567,20.40576171875
8568,87.21386718750001
8569,6.528564453125
8570,51.81445312500001
8571,78.959716796875
8572,1.8999023437500002
8573,-6.35205078125
8574,49.8955078125
8575,75.247802734375
8576,-19.604248046875
8577,-7.47021484375
8578,-11.911376953125
8579,-0.177001953125
8580,-4.720703124999999
8581,14.833251953125
8582,12.37060546875
8583,2.49658203125
8584,-3.761962890625
8585,-3.972656250000001
8586,-0.9660644531250004
8587,6.004638671875
8588,-4.38330078125
8589,1.694580078125
8590,7.935791015625
8591,4.000732421875
8592,-2.8974609375000004
8593,-1.998046875
8594,17.708740234375
8595,18.033203125
8596,78.442138671875
8597,45.654541015625
8598,-13.833496093750002
8599,11.504638671875
8600,22.157958984375
8601,40.521484375
8602,-13.1337890625
8603,120.870849609375
8604,100.730224609375
8605,-13.1484375
8606,10.593261718749998
8607,39.3037109375
8608,-22.13525390625
8609,-9.107666015625
8610,13.620849609375
8611,36.1875
8612,-3.85302734375
8613,-0.046875
8614,16.71142578125
8615,28.4580078125
8616,14.178466796875
8617,-22.777832031250004
8618,9.23779296875
8619,22.882080078125
8620,19.050048828125
8621,-3.224609375
8622,12.73193359375
8623,-5.689697265625
8624,0.57470703125
8625,64.5576171875
8626,-10.890380859375
8627,-7.564453124999999
8628,1.151123046875
8629,64.74072265625
8630,-6.702880859374999
8631,-9.957031249999998
8632,-1.709228515625
8633,10.51318359375
8634,-29.206298828125
8635,-22.251220703125
8636,2.73095703125
8637,14.117675781250002
8638,-38.314697265625
8639,2.60400390625
8640,12.615234375
8641,11.739990234375
8642,-13.44775390625
8643,-11.5732421875
8644,4.694580078125
8645,10.520751953125
8646,-6.1171875
8647,-7.97216796875
8648,25.8818359375
8649,13.133544921875
8650,-16.867919921875
8651,18.577148437499996
8652,33.135498046875
8653,-22.60205078125
8654,-12.02197265625
8655,15.916015625
8656,28.305908203124996
8657,12.619140625
8658,12.86474609375
8659,6.46142578125
8660,-8.631591796875
8661,-10.098388671875
8662,-4.8896484375
8663,11.0478515625
8664,-9.07763671875
8665,-8.883056640625
8666,-1.426025390625
8667,8.943603515625
8668,-2.6103515624999996
8669,2.947021484375
8670,-1.12451171875
8671,24.15234375
8672,0.90869140625
8673,-5.141845703125
8674,-3.9345703124999996
8675,23.040771484375
8676,-2.279296875
8677,-5.421630859374999
8678,9.21435546875
8679,9.105224609375
8680,9.2041015625
8681,-5.73828125
8682,9.576904296875
8683,7.761474609374999
8684,6.944091796875
8685,-1.324462890625
8686,0.5654296875
8687,8.223388671875
8688,-0.8710937499999998
8689,-7.117431640625001
8690,-4.013671875
8691,9.03466796875
8692,6.069091796875
8693,-15.14501953125
8694,-10.93408203125
8695,-12.9208984375
8696,-10.61279296875
8697,-7.872314453125
8698,71.1201171875
8699,-37.47802734375
8700,-16.436767578125
8701,-5.5498046875
8702,-6.6015625
8703,18.641601562500004
8704,13.586425781250002
8705,-6.975830078125
8706,-7.419677734375
8707,7.8837890625
8708,9.58251953125
8709,-9.4306640625
8710,-6.681640624999999
8711,28.978271484375
8712,38.92529296875
8713,12.72216796875
8714,57.0048828125
8715,49.52124023437499
8716,7.900634765625
8717,7.627685546874999
8718,53.2060546875
8719,47.08618164062499
8720,-4.187255859375
8721,0.49511718749999956
8722,36.2216796875
8723,-21.9462890625
8724,-24.161376953125
8725,-1.697509765625
8726,0.445556640625
8727,-23.53662109375
8728,-16.401611328125
8729,-2.1340332031250004
8730,10.8271484375
8731,1.9375
8732,10.32275390625
8733,-4.50732421875
8734,2.008544921875
8735,-18.36572265625
8736,7.6240234375
8737,-10.08837890625
8738,36.55712890625
8739,-16.588134765625
8740,22.4423828125
8741,-9.231201171875
8742,-16.788330078125
8743,-5.141845703125
8744,12.634521484374998
8745,-5.812255859374999
8746,-15.634765625
8747,-1.223388671875
8748,10.558349609375
8749,-19.976562499999996
8750,-11.396728515625002
8751,-3.095703125
8752,-1.8823242187499996
8753,-5.53466796875
8754,-9.9833984375
8755,-0.69482421875
8756,23.64501953125
8757,29.882568359375
8758,-1.1572265625
8759,-2.667724609375
8760,-4.433837890625
8761,-18.739013671875
8762,-1.0720214843749998
8763,-2.88134765625
8764,-4.41357421875
8765,21.270751953125
8766,-3.043212890625
8767,5.466552734375
8768,0.7229003906249998
8769,-4.596923828125
8770,-22.25
8771,8.952880859375
8772,-4.09375
8773,-4.304443359375
8774,34.467041015625
8775,12.9443359375
8776,-17.55029296875
8777,32.412841796875
8778,59.227294921875
8779,-2.0458984375
8780,-8.612304687500002
8781,28.887451171875
8782,65.695068359375
8783,-18.57275390625
8784,-29.665283203124996
8785,34.594482421875
8786,11.69873046875
8787,-8.02587890625
8788,57.017822265625
8789,29.657226562500004
8790,9.645751953125
8791,-4.583984375
8792,11.90869140625
8793,6.099853515625
8794,-28.337890625
8795,97.609375
8796,101.434814453125
8797,31.854736328125
8798,-36.184326171875
8799,94.962890625
8800,108.279052734375
8801,-10.406005859375
8802,-31.464111328125
8803,16.981201171875
8804,-21.8623046875
8805,-18.351806640625
8806,-6.443115234375
8807,17.98779296875
8808,-18.386474609375
8809,-22.374755859375
8810,-4.773681640625001
8811,15.261474609375
8812,-5.683349609374999
8813,3.398681640625
8814,-12.21533203125
8815,14.717041015625002
8816,22.20751953125
8817,-0.88037109375
8818,-11.755859375
8819,12.86474609375
8820,10.980224609375
8821,-3.573486328125
8822,2.426025390625
8823,2.7578125
8824,4.98388671875
8825,36.22509765625
8826,1.5083007812500002
8827,0.64501953125
8828,18.469482421875
8829,9.12841796875
8830,1.160400390625
8831,7.603271484375
8832,2.406982421875
8833,-0.75048828125
8834,-0.8991699218750001
8835,-0.47412109374999983
8836,7.732421875000001
8837,-15.76220703125
8838,-0.7509765625
8839,5.91748046875
8840,-3.533447265625
8841,10.712890625
8842,0.20947265625
8843,-6.27880859375
8844,-1.067626953125
8845,10.386474609375
8846,1.556396484375
8847,-10.971923828125
8848,13.378906249999998
8849,-1.013671875
8850,10.051025390625
8851,4.333251953125
8852,11.99560546875
8853,-2.66162109375
8854,15.294677734375
8855,8.859619140625
8856,-5.96044921875
8857,-1.691650390625
8858,28.01806640625
8859,11.378906249999998
8860,0.068115234375
8861,-5.579345703125
8862,25.4501953125
8863,16.8505859375
8864,-3.65283203125
8865,-8.901611328125
8866,-8.669189453125
8867,-28.411865234375
8868,34.538818359375
8869,5.882568359374999
8870,-11.31103515625
8871,-26.457275390625
8872,32.71435546875
8873,3.5283203124999996
8874,5.747314453125
8875,43.607421875
8876,-17.89013671875
8877,-12.549072265625
8878,57.178955078125
8879,62.0908203125
8880,-18.2880859375
8881,-9.00146484375
8882,7.983154296875
8883,7.99072265625
8884,1.5322265625
8885,-15.291259765625
8886,2.03955078125
8887,16.150146484375
8888,13.789794921875
8889,-9.711181640625
8890,-0.333251953125
8891,-32.81298828125
8892,-25.770263671875
8893,23.863525390625
8894,-16.701904296875
8895,-9.582275390625
8896,-11.180419921875
8897,18.19677734375
8898,-7.712646484375
8899,-7.94873046875
8900,-6.639892578125
8901,3.5322265624999996
8902,-16.662109375
8903,-4.04345703125
8904,11.011718750000002
8905,20.177001953125
8906,13.532470703125
8907,-2.609619140625
8908,11.319824218749998
8909,-44.026611328125
8910,-21.551513671875
8911,-4.31689453125
8912,0.1396484375
8913,0.6940917968750001
8914,-39.34423828125
8915,12.89990234375
8916,2.34033203125
8917,-3.403564453125
8918,6.44287109375
8919,19.90380859375
8920,-20.903076171875
8921,13.27978515625
8922,41.052978515625
8923,46.16308593749999
8924,5.503173828124998
8925,20.689208984375
8926,45.2353515625
8927,-11.891845703125
8928,23.455810546875
8929,14.8876953125
8930,-15.366455078125
8931,-14.16552734375
8932,107.183349609375
8933,11.626220703125
8934,-16.241455078125
8935,-15.70751953125
8936,-1.669677734375
8937,10.9541015625
8938,-12.763427734375
8939,-5.65380859375
8940,-6.268798828125
8941,-8.488037109375
8942,-32.423095703125
8943,-5.7265625
8944,-3.08740234375
8945,9.42822265625
8946,-35.086669921875
8947,-19.99853515625
8948,30.423095703125
8949,58.341064453125
8950,69.10205078125
8951,77.976318359375
8952,30.111083984375
8953,62.28759765625
8954,6.630859375000001
8955,7.653564453125
8956,-16.322998046875
8957,-47.900390625
8958,48.235107421875
8959,-11.0126953125
8960,-14.495361328125
8961,-43.552001953125
8962,45.85937500000001
8963,-47.3974609375
8964,-52.246826171875
8965,45.994873046875
8966,18.199951171875
8967,9.781982421875
8968,106.258544921875
8969,-19.0
8970,15.61181640625
8971,10.062011718749998
8972,3.49072265625
8973,-5.30712890625
8974,-20.116455078125
8975,55.513916015625
8976,31.630859375
8977,-11.4541015625
8978,-18.312744140625
8979,59.921630859375
8980,27.365966796875004
8981,4.679931640625001
8982,-27.606689453125
8983,-6.72607421875
8984,6.291748046875
8985,9.060546875
8986,5.291015624999999
8987,-0.007568359375
8988,5.27490234375
8989,9.569091796875
8990,-1.426025390625
8991,-14.203369140625
8992,-30.708251953125
8993,37.94287109375
8994,49.111572265625
8995,-2.322265625
8996,-27.229736328125
8997,33.691650390625
8998,41.5322265625
8999,-60.90771484375
9000,-31.414306640625
