iteration,energy
1,-2.15966796875
2,3.065185546875
3,-0.9147949218750001
4,-2.712646484375
5,-0.340576171875
6,-3.986083984375
7,3.03271484375
8,0.14990234375
9,-0.9189453125
10,-5.229736328125
11,-2.32666015625
12,-4.15869140625
13,-3.784423828125
14,-10.960205078125
15,1.3022460937500002
16,3.923828125
17,-2.525146484375
18,-10.2919921875
19,7.23876953125
20,-0.372802734375
21,0.7805175781249999
22,1.419189453125
23,-3.080078125
24,2.89794921875
25,-0.435302734375
26,-1.4448242187500002
27,-11.20654296875
28,-20.546630859375
29,-18.64599609375
30,-0.477783203125
31,-0.530029296875
32,4.017578125
33,-11.7607421875
34,-2.13623046875
35,1.310302734375
36,-4.86669921875
37,2.2001953125
38,-2.2431640625
39,1.0029296875
40,3.552734375
41,10.271484375
42,-2.7333984375000004
43,6.998046875000001
44,-2.963623046875
45,10.625
46,-5.647705078125
47,-8.764892578125
48,0.2392578125
49,-2.300537109375
50,-14.997802734375
51,-5.90576171875
52,2.739501953125
53,-0.8449707031249999
54,-5.0234375
55,-23.674072265625004
56,-17.99658203125
57,2.77783203125
58,-6.192138671875
59,-17.646240234375
60,-15.739990234375
61,3.271484375
62,-2.275634765625
63,-6.70361328125
64,35.370849609375
65,22.1005859375
66,4.929443359374999
67,18.29150390625
68,21.1669921875
69,22.148437500000004
70,5.1845703125
71,-9.16552734375
72,3.432861328125
73,4.899169921875
74,6.541015624999999
75,-0.59814453125
76,-2.083251953125
77,3.08154296875
78,5.815673828125
79,-0.732421875
80,-0.153564453125
81,-1.03564453125
82,-0.434814453125
83,6.91064453125
84,-0.067626953125
85,-1.3305664062499998
86,-0.10986328125
87,4.615966796875
88,-0.9521484375
89,0.8576660156249999
90,5.316650390625001
91,-3.730712890625
92,-6.343017578125
93,-2.91650390625
94,9.043212890625
95,7.92431640625
96,-4.6240234375
97,-0.093994140625
98,0.79638671875
99,6.569091796875
100,-1.051513671875
101,1.970947265625
102,-0.7580566406249998
103,-5.236328124999999
104,-4.69580078125
105,1.2954101562499998
106,-4.146484375
107,11.188720703125
108,16.642822265625
109,-5.57080078125
110,9.298583984374998
111,4.323974609375
112,-9.860107421875
113,-9.6005859375
114,7.9853515625
115,3.414306640625
116,3.734619140625
117,0.22705078125
118,0.8283691406249999
119,6.54736328125
120,0.9538574218750001
121,-2.309326171875
122,-16.9736328125
123,0.775390625
124,0.8310546875
125,2.270263671875
126,-8.314453125
127,7.6162109375
128,8.449462890625
129,5.0673828125
130,3.5595703124999996
131,9.2158203125
132,10.5625
133,2.470458984375
134,-1.044189453125
135,6.40234375
136,7.0068359375
137,2.28564453125
138,-2.063232421875
139,5.8515625
140,6.549560546875
141,8.6611328125
142,6.3701171875
143,0.7487792968750001
144,-1.6518554687500002
145,-8.07275390625
146,3.27197265625
147,-3.09375
148,0.8771972656249999
149,-19.19775390625
150,-0.11376953125
151,0.9580078125
152,0.7624511718750001
153,-12.207763671875
154,-7.200439453125
155,1.12646484375
156,-0.986328125
157,3.378662109375
158,-17.225830078125
159,-1.4213867187500002
160,-7.431396484375
161,11.30029296875
162,1.894287109375
163,11.57373046875
164,5.233642578125
165,4.385009765625
166,-3.06103515625
167,3.923828125
168,6.111328124999999
169,3.457763671875
170,-3.41943359375
171,6.746337890625001
172,13.105468750000002
173,3.5517578124999996
174,2.42138671875
175,-21.096923828125
176,-8.00390625
177,2.8134765624999996
178,3.86767578125
179,-3.035400390625
180,5.31005859375
181,16.64990234375
182,-11.644775390625
183,-0.28955078125
184,4.5625
185,4.107666015625
186,-14.868896484374998
187,-0.6572265625
188,21.9501953125
189,24.648193359375
190,-2.049072265625
191,9.322509765625
192,4.47705078125
193,-10.292724609375
194,-14.728759765625
195,8.343994140625
196,3.449462890625
197,6.07177734375
198,0.96240234375
199,6.543212890625001
200,-15.552001953125
201,-5.46923828125
202,-11.797363281250002
203,-3.08642578125
204,-9.300048828125
205,-3.2822265624999996
206,4.615478515625
207,11.690185546875
208,1.2094726562499998
209,6.302734375000001
210,-3.08349609375
211,-16.53466796875
212,-20.70703125
213,6.4892578125
214,2.68994140625
215,-12.91650390625
216,4.08447265625
217,7.39306640625
218,2.865234375
219,-9.197509765625
220,0.77001953125
221,7.84228515625
222,-4.232421875
223,-9.7255859375
224,45.81787109375
225,34.933837890625
226,17.27734375
227,-8.890869140625
228,-5.3232421875
229,-8.35791015625
230,-1.360107421875
231,-6.393310546875
232,-2.058349609375
233,12.963623046875
234,6.91552734375
235,-14.664306640625
236,16.4404296875
237,7.42919921875
238,-30.847900390625
239,-33.17236328125
240,12.882080078125
241,9.022705078125
242,-8.315185546875
243,-2.03271484375
244,-5.116943359374999
245,7.256591796875
246,3.514404296875
247,-6.57763671875
248,-6.709716796875
249,3.84326171875
250,8.285400390625
251,5.09375
252,13.002197265625
253,20.485107421875
254,-12.612060546875
255,-0.484375
256,-2.294677734375
257,-5.964599609374999
258,-13.697509765625
259,-10.69775390625
260,20.443115234375
261,13.4921875
262,-6.006103515625
263,-16.65185546875
264,12.461669921875
265,49.577880859375
266,43.75634765625
267,-18.186767578125
268,2.2385253906250004
269,-8.026123046875
270,-17.425048828125
271,1.07275390625
272,-3.23974609375
273,-3.58349609375
274,-0.4580078125
275,1.828857421875
276,-0.517822265625
277,-0.7663574218750001
278,-2.995361328125
279,-5.31787109375
280,8.048828125
281,-9.871337890625
282,-3.563232421875
283,2.03515625
284,3.31298828125
285,-6.056396484375
286,-0.7080078125
287,28.18359375
288,31.81103515625
289,-10.47900390625
290,10.235595703125
291,0.8142089843750001
292,-10.109619140625
293,-11.568603515625002
294,8.664306640625
295,4.40576171875
296,2.451171875
297,1.8403320312499998
298,21.744140625
299,-15.676025390625
300,-1.14892578125
301,0.9216308593750001
302,-2.060546875
303,-13.6318359375
304,-2.618896484375
305,6.923095703125
306,7.205810546875
307,-6.842041015625
308,2.682373046875
309,4.31982421875
310,-1.1845703125
311,0.81884765625
312,3.555908203125
313,3.978271484375
314,-1.5385742187500002
315,-4.350341796875
316,-4.805419921875
317,3.415283203125
318,3.7158203124999996
319,4.58203125
320,-0.41259765625
321,7.21142578125
322,9.926513671875
323,-7.028076171875
324,-3.396728515625
325,-1.4228515625
326,-6.474365234375
327,1.674560546875
328,-14.297607421875
329,-6.17822265625
330,-8.139892578125
331,-0.9704589843750001
332,12.390625
333,7.826416015625
334,-3.91650390625
335,21.421630859375
336,9.1474609375
337,-29.97265625
338,-32.0634765625
339,13.674072265625
340,10.703613281250002
341,-3.7333984375000004
342,-2.088134765625
343,-3.666259765625
344,7.3505859375
345,-6.5986328125
346,1.115234375
347,-1.6962890625
348,7.257568359374999
349,-2.818603515625
350,-13.07373046875
351,-7.025634765625
352,2.611328125
353,1.6401367187500002
354,-5.023193359374999
355,0.202880859375
356,5.684326171875
357,2.142822265625
358,-9.96533203125
359,-2.490966796875
360,5.6240234375
361,5.35498046875
362,-3.28857421875
363,-4.01171875
364,0.7568359375
365,8.33984375
366,-7.938232421875
367,-3.005859375
368,3.545654296875
369,1.0283203125
370,-4.066650390625
371,-0.9387207031249999
372,-3.937744140625
373,10.16162109375
374,13.055175781250002
375,3.595947265625
376,-3.857666015625
377,1.0947265625
378,2.410400390625
379,14.15771484375
380,-10.02685546875
381,-7.436279296875
382,7.314453124999999
383,4.47021484375
384,-17.9765625
385,-0.7529296875
386,50.23193359375001
387,54.988525390625
388,14.1796875
389,-20.216064453125
390,-8.5400390625
391,-3.852294921875
392,-0.6376953125
393,-13.3623046875
394,-7.359130859374999
395,15.494384765625
396,28.32568359375
397,10.262939453125
398,-2.43115234375
399,-1.326904296875
400,20.38671875
401,9.756103515625002
402,-1.788818359375
403,-1.02490234375
404,-14.72900390625
405,-13.9775390625
406,10.0810546875
407,0.9177246093750001
408,3.512939453125
409,-8.642333984375
410,-4.102294921875
411,-4.649169921875
412,2.5986328124999996
413,7.777587890625001
414,11.4345703125
415,3.39453125
416,-10.534912109375
417,11.249755859375
418,1.683349609375
419,35.542236328125
420,0.405517578125
421,7.777587890625001
422,-6.152587890625001
423,0.300048828125
424,9.997314453125
425,5.530029296875
426,9.13037109375
427,3.133056640625
428,4.752685546875
429,1.712646484375
430,6.25
431,-4.458740234375
432,-2.8857421875000004
433,40.779541015625
434,-16.482421875
435,0.41674804687499956
436,4.956298828125
437,5.339599609374999
438,-18.940185546875
439,-2.11083984375
440,-4.596435546875
441,-7.48876953125
442,-13.9052734375
443,10.28662109375
444,10.144287109375
445,-5.696533203125
446,-8.126708984375
447,13.635009765625
448,4.45068359375
449,7.259521484375
450,2.56103515625
451,-31.45166015625
452,17.238037109375
453,-7.412353515625
454,14.878662109375
455,7.9833984375
456,13.766357421875
457,-6.927734375000001
458,-15.107421875
459,-10.512451171875
460,-0.8293457031249999
461,-2.672607421875
462,-10.3486328125
463,6.94384765625
464,11.93310546875
465,6.541259765625
466,-3.572509765625
467,3.282958984375
468,4.7001953125
469,16.479248046875
470,-17.00341796875
471,-2.759033203125
472,7.381591796875
473,9.577636718749998
474,-10.4794921875
475,-4.557861328125
476,42.093017578125
477,41.074462890625
478,-31.530273437499996
479,1.797119140625
480,4.16845703125
481,-0.504638671875
482,1.136962890625
483,3.9892578124999996
484,7.80615234375
485,2.5322265624999996
486,-5.232421875000001
487,39.22265625
488,6.4521484375
489,10.970703125
490,19.995361328125
491,5.974853515625
492,10.0625
493,9.1279296875
494,-1.6032714843749996
495,-12.136718750000002
496,-4.82861328125
497,-4.517578125
498,-6.366455078125
499,0.83740234375
500,0.9152832031249999
501,-6.381591796875
502,-7.29833984375
503,-9.542968750000002
504,-13.311279296875
505,10.44677734375
506,-3.391357421875
507,-2.117919921875
508,6.373779296875
509,1.954345703125
510,-4.888427734375
511,-5.00537109375
512,52.75756835937501
513,52.509521484375
514,-2.029296875
515,-5.92138671875
516,-1.6142578125
517,1.024658203125
518,-10.97998046875
519,-9.1171875
520,-1.8071289062499998
521,11.553955078125
522,-3.822265625
523,9.293701171875
524,12.16259765625
525,5.791015624999999
526,-27.422607421875
527,-15.161376953125
528,10.3916015625
529,11.431884765625
530,0.5778808593750001
531,8.431884765625
532,7.8017578125
533,-0.75
534,0.3984375
535,6.077880859374999
536,7.99169921875
537,-1.00439453125
538,-2.79541015625
539,1.7685546875
540,5.962158203125
541,0.55078125
542,2.23046875
543,-2.903076171875
544,-1.479248046875
545,0.391845703125
546,-0.493896484375
547,-3.1796875
548,-9.222412109375
549,-7.068115234375
550,-6.334716796875
551,7.7294921875
552,-8.39013671875
553,5.458251953125
554,6.387451171875
555,11.767578125
556,-4.070556640625
557,2.044921875
558,5.4326171875
559,-6.76904296875
560,-0.84326171875
561,-5.332275390625001
562,-9.61083984375
563,-18.732177734374996
564,-0.419189453125
565,-5.4208984375
566,11.71240234375
567,7.425048828125
568,-39.08544921875
569,21.0341796875
570,-0.421875
571,-1.7055664062499998
572,13.0419921875
573,28.327880859375
574,2.82666015625
575,-14.47509765625
576,-8.001953125
577,0.7373046875
578,7.636474609374999
579,3.2998046875000004
580,-12.784912109375
581,-3.23876953125
582,2.449462890625
583,5.207763671875
584,11.26904296875
585,4.10986328125
586,-50.97070312500001
587,77.575439453125
588,-0.291748046875
589,26.014404296875
590,10.404541015625002
591,75.760009765625
592,-1.040771484375
593,-18.945068359375
594,-17.1640625
595,22.168212890625
596,18.78369140625
597,-1.4423828125
598,10.656005859375
599,11.0185546875
600,14.966064453125
601,-7.9794921875
602,55.117919921875
603,53.22900390625
604,30.311279296875
605,26.84130859375
606,-2.22607421875
607,7.603759765625
608,15.0068359375
609,35.037841796875
610,-0.96337890625
611,-8.433349609375
612,-12.136474609375
613,-5.138916015625
614,0.234619140625
615,9.8232421875
616,-22.988525390625
617,-12.238525390625
618,3.39208984375
619,7.795654296875
620,13.1064453125
621,3.65966796875
622,19.842529296875
623,4.82421875
624,-4.27734375
625,-1.4287109375
626,-1.830322265625
627,3.669921875
628,-5.96728515625
629,40.62841796875
630,26.74365234375
631,-7.32763671875
632,-0.307373046875
633,5.516357421875
634,3.0
635,-1.4458007812499998
636,-4.5576171875
637,1.697265625
638,35.000244140625
639,23.374267578125
640,9.429443359375
641,-16.7099609375
642,-1.6708984375
643,-4.043701171875
644,-8.066162109375
645,-15.074218750000002
646,-4.294921875
647,10.44384765625
648,5.45947265625
649,-3.83203125
650,12.62353515625
651,14.467529296875
652,-37.352294921875
653,-21.322998046875
654,7.960693359374999
655,5.636474609374999
656,4.119873046875
657,1.9096679687500002
658,-6.16162109375
659,2.849853515625
660,5.000244140625001
661,-5.4296875
662,-4.976806640625001
663,-0.57421875
664,2.682373046875
665,14.188232421875
666,1.666259765625
667,0.6140136718750001
668,3.22509765625
669,-4.46240234375
670,-4.955078124999999
671,0.052001953125
672,1.640869140625
673,-1.9301757812499998
674,0.524658203125
675,1.819091796875
676,-5.261962890625001
677,-1.5805664062499998
678,5.10498046875
679,0.075927734375
680,-2.887451171875
681,1.612548828125
682,4.45458984375
683,0.446044921875
684,-3.50830078125
685,-1.8212890625
686,1.806884765625
687,8.0302734375
688,-4.155029296875
689,-9.781982421875
690,2.218017578125
691,5.589599609374999
692,-1.57421875
693,-5.72216796875
694,-11.272216796875
695,-1.4951171875
696,2.647216796875
697,-11.230468750000002
698,-8.283935546875
699,1.240478515625
700,-0.036376953125
701,2.42236328125
702,-5.664794921875
703,12.98583984375
704,-1.5576171875
705,2.102783203125
706,2.731689453125
707,20.082763671875
708,-2.89404296875
709,0.10791015625
710,-7.577392578125
711,13.281982421875
712,-7.47998046875
713,-6.41748046875
714,-2.15625
715,-0.6589355468750001
716,-12.15771484375
717,-1.279296875
718,-3.515380859375
719,-4.587646484375
720,-11.297363281250002
721,-12.3310546875
722,-0.51904296875
723,4.5380859375
724,-0.8452148437499998
725,-18.736572265625004
726,-1.297119140625
727,-1.1811523437500002
728,0.012451171875
729,-14.973876953125
730,-14.526123046875
731,1.206298828125
732,1.358642578125
733,4.224609375
734,-13.179199218749998
735,4.79443359375
736,0.196044921875
737,-3.296630859375
738,-16.8984375
739,-8.890869140625
740,3.903076171875
741,4.750732421875
742,-2.94775390625
743,-9.901123046875
744,0.26318359375
745,7.673828124999999
746,-2.825439453125
747,-10.804443359375
748,-7.559326171875
749,1.399658203125
750,-0.206298828125
751,-3.900146484375
752,-8.66748046875
753,1.3491210937500002
754,0.52734375
755,4.548828125
756,-6.4892578125
757,-18.4970703125
758,-2.824951171875
759,3.5776367187500004
760,-4.556640625
761,-18.466064453125
762,0.7819824218750001
763,-1.531982421875
764,-1.191650390625
765,-15.422607421875
766,-27.828369140625
767,-3.23828125
768,-1.374267578125
769,15.445556640625
770,-22.98828125
771,-0.22119140625
772,-5.503173828125
773,-2.94873046875
774,-25.489013671875
775,-5.060791015625
776,1.637451171875
777,2.203125
778,-9.09619140625
779,-6.71484375
780,2.090087890625
781,3.52978515625
782,3.093505859375
783,4.026611328125
784,-13.805175781250002
785,10.192138671875
786,1.047119140625
787,7.521728515625
788,-5.57666015625
789,3.025390625
790,3.676513671875
791,1.5131835937500002
792,-16.032958984375
793,-5.957763671875
794,2.02197265625
795,3.275146484375
796,1.688232421875
797,-3.77099609375
798,3.431640625
799,5.8984375
800,0.9714355468750001
801,-10.421630859375
802,-6.099609375000001
803,0.5317382812500002
804,0.8537597656249999
805,-6.345703124999999
806,-7.46337890625
807,5.510986328125
808,2.364990234375
809,4.11083984375
810,-4.834716796875
811,-19.283447265625004
812,2.095703125
813,2.934814453125
814,0.1640625
815,-21.288330078125
816,3.1220703124999996
817,1.610107421875
818,-0.279541015625
819,-23.958984375
820,-25.074462890625
821,1.965576171875
822,3.4462890624999996
823,8.033203125
824,-22.13037109375
825,1.5703125
826,1.560791015625
827,-2.3701171875000004
828,-25.48876953125
829,-4.489013671875
830,1.282958984375
831,6.086669921875
832,-6.47216796875
833,-15.855468750000002
834,6.32666015625
835,0.7155761718750001
836,6.954833984375
837,-11.22802734375
838,-38.27587890625
839,1.2685546875
840,-1.9794921875
841,7.085205078125
842,-26.75048828125
843,2.770263671875
844,2.395751953125
845,-9.241943359375
846,-35.669921875
847,-12.266845703125
848,3.7265625
849,7.447509765625
850,-11.76318359375
851,-14.550781249999998
852,0.9804687499999997
853,5.939453124999999
854,1.052978515625
855,-12.504638671875
856,-19.372314453125
857,7.506103515625
858,1.475830078125
859,-3.798828125
860,-25.550537109375
861,3.289794921875
862,5.486083984375
863,-1.25
864,-29.22900390625
865,-31.996337890625
866,-5.28955078125
867,-4.928466796875
868,9.901123046875
869,-37.828857421875
870,-1.1645507812499998
871,-3.642578125
872,-10.2236328125
873,-30.32763671875
874,-5.373291015625
875,3.806396484375
876,6.63427734375
877,-12.398925781250002
878,-0.017578125
879,2.803955078125
880,0.97314453125
881,6.44580078125
882,-2.060302734375
883,-18.95361328125
884,5.7998046875
885,-2.240966796875
886,-5.953369140625001
887,-20.88037109375
888,4.676513671875
889,1.493408203125
890,0.016357421874999778
891,-19.532226562500004
892,-12.406982421875
893,-10.402587890625
894,-1.387939453125
895,15.324951171875
896,-9.128662109375
897,-9.2333984375
898,1.2700195312499998
899,-14.275146484374998
900,-11.626953125
901,-0.77587890625
902,-0.7150878906249999
903,3.84619140625
904,-4.997802734375
905,-5.4169921875
906,3.473388671875
907,7.3994140625
908,4.22265625
909,-0.16064453125
910,-2.043212890625
911,9.4658203125
912,2.061279296875
913,-6.28466796875
914,-3.344482421875
915,6.36865234375
916,4.36962890625
917,11.1533203125
918,-0.6696777343750001
919,-25.699462890625
920,4.605712890625
921,3.37353515625
922,8.803466796875
923,-30.98193359375
924,1.486328125
925,1.02783203125
926,-10.876953125
927,-31.016601562500004
928,-4.561767578125
929,2.0390625
930,5.760009765625
931,-13.447021484374998
932,3.014892578125
933,3.214599609375
934,4.333251953125
935,5.5322265625
936,-8.19482421875
937,-26.948486328125
938,0.6416015625
939,3.777099609375
940,11.6240234375
941,-22.510498046875
942,2.12255859375
943,-0.6867675781249999
944,-7.21484375
945,-30.7275390625
946,-9.332031249999998
947,4.43359375
948,4.223876953125
949,-9.539550781250002
950,-9.582031249999998
951,6.00341796875
952,4.54443359375
953,2.147705078125
954,-7.498291015625
955,-21.673095703125
956,7.17578125
957,1.957275390625
958,-6.7255859375
959,-19.53369140625
960,13.811279296875
961,6.33984375
962,0.63623046875
963,-20.682373046875
964,-46.76318359375001
965,1.50390625
966,-2.2998046875
967,11.445800781250002
968,-46.70263671875
969,2.34033203125
970,-2.721435546875
971,-12.30810546875
972,-43.478271484375
973,-6.3564453125
974,5.47021484375
975,6.49365234375
976,-11.9775390625
977,-3.923095703125
978,8.181884765625
979,5.51513671875
980,10.825439453125
981,-4.95556640625
982,-31.68798828125
983,10.18408203125
984,5.031982421875
985,0.25048828125
986,-36.2060546875
987,9.2666015625
988,10.949462890625
989,-9.750488281250002
990,-30.085937500000004
991,-19.591796875
992,7.936279296875
993,12.71728515625
994,-9.20166015625
995,-20.007080078125
996,13.97216796875
997,10.859619140625
998,7.83203125
999,-25.123779296875
1000,22.302001953125
1001,-5.642333984375
1002,-2.193359375
1003,22.485107421875
1004,28.101806640625
1005,-4.256591796875
1006,0.55029296875
1007,-13.740478515625002
1008,25.716796875
1009,5.22119140625
1010,-3.5791015624999996
1011,0.338623046875
1012,4.552490234375
1013,1.322021484375
1014,3.715087890625
1015,-0.023681640625
1016,-14.233642578125
1017,-4.10302734375
1018,-3.106201171875
1019,-11.474853515625002
1020,-12.177001953125
1021,1.8291015625
1022,1.0302734375
1023,-8.267333984375
1024,-14.47314453125
1025,55.62646484375
1026,-2.333251953125
1027,-37.260498046875
1028,12.742431640625
1029,19.787353515625
1030,-22.342529296875
1031,-42.4091796875
1032,10.280761718749998
1033,21.7783203125
1034,0.8410644531249999
1035,-43.5341796875
1036,11.379638671875
1037,-6.7744140625
1038,-0.32641601562499983
1039,-8.095458984375
1040,7.090576171875
1041,-6.498046875000001
1042,-3.0456542968750004
1043,25.037353515625
1044,11.177734375
1045,-10.033447265625
1046,12.528076171875
1047,13.132080078125
1048,-57.46630859375
1049,-11.312255859375
1050,10.975341796875
1051,16.355224609375
1052,1.139404296875
1053,-8.6162109375
1054,2.7685546875000004
1055,6.99658203125
1056,5.665771484375
1057,-1.03564453125
1058,2.386962890625
1059,2.9853515624999996
1060,1.36328125
1061,1.10888671875
1062,-2.796875
1063,-41.978515625
1064,12.37353515625
1065,20.422851562500004
1066,-8.061767578125
1067,-40.389404296875
1068,13.496093750000002
1069,14.952636718749998
1070,1.6535644531250002
1071,-40.9873046875
1072,82.43603515625
1073,7.300537109374999
1074,11.830810546875
1075,24.8525390625
1076,80.305419921875
1077,8.62939453125
1078,7.481201171874999
1079,-9.628173828125
1080,81.282958984375
1081,2.17822265625
1082,16.00146484375
1083,0.066162109375
1084,-10.922363281250002
1085,-3.365966796875
1086,15.919677734375
1087,5.031494140625001
1088,19.882812499999996
1089,1.156005859375
1090,-57.916748046875
1091,-6.85595703125
1092,-3.4521484375000004
1093,15.073974609375
1094,-56.764404296875
1095,-4.50048828125
1096,-6.46484375
1097,-26.416259765625
1098,-58.937255859375
1099,12.2587890625
1100,-9.452880859375
1101,-10.150390625
1102,5.80322265625
1103,12.689697265625
1104,-3.314697265625
1105,-9.38525390625
1106,4.78369140625
1107,9.795654296875
1108,-7.111083984375
1109,-0.8591308593750001
1110,-9.935546875
1111,28.079101562500004
1112,-5.032470703125
1113,-0.9963378906249999
1114,-6.82470703125
1115,12.695556640625
1116,-8.43994140625
1117,24.481201171875
1118,-13.8740234375
1119,-10.047119140625
1120,10.17333984375
1121,18.483398437499996
1122,-11.153564453125
1123,-8.982666015625
1124,104.906005859375
1125,21.296875
1126,16.97021484375
1127,-2.57861328125
1128,-4.072021484375
1129,-7.991455078125
1130,13.543701171875
1131,-8.13037109375
1132,-1.0466308593750002
1133,25.904296875
1134,12.425048828125
1135,-21.824462890625
1136,10.144775390625
1137,14.229736328125
1138,78.14208984375
1139,-20.843017578125
1140,15.13720703125
1141,15.737548828125
1142,-40.62939453125001
1143,-23.1044921875
1144,-11.463134765625
1145,5.5791015625
1146,10.030761718749998
1147,-21.942138671875
1148,-10.025634765625
1149,9.233642578125
1150,9.3876953125
1151,15.991455078125
1152,-5.688232421875
1153,-43.34033203125
1154,22.321533203124996
1155,23.646484375
1156,-34.568359375
1157,-37.7900390625
1158,19.856201171875
1159,25.44482421875
1160,3.2587890624999996
1161,-40.063232421875
1162,4.9482421875
1163,0.9260253906249999
1164,-2.874755859375
1165,-3.2109375
1166,6.03662109375
1167,-3.4765625
1168,-4.720458984375
1169,15.00244140625
1170,3.471923828125
1171,3.46533203125
1172,7.470947265625
1173,10.25439453125
1174,-29.2568359375
1175,6.046630859374999
1176,10.363525390625
1177,10.829345703125
1178,-4.2177734375
1179,3.09912109375
1180,18.010986328125
1181,-7.279052734375
1182,-9.88134765625
1183,41.00756835937501
1184,17.3310546875
1185,-8.03125
1186,-11.480224609375
1187,-65.3017578125
1188,21.915771484375
1189,-47.2841796875
1190,24.554931640625
1191,23.0048828125
1192,-3.843994140625
1193,-45.604248046875
1194,23.453125
1195,21.45166015625
1196,-6.59912109375
1197,-41.911376953125
1198,-1.05078125
1199,-11.058593750000002
1200,-11.214843750000002
1201,8.295654296875
1202,2.7060546875000004
1203,-13.677734375
1204,-11.289794921875
1205,-0.6730957031249999
1206,2.513916015625
1207,-7.55615234375
1208,-5.243408203125
1209,-11.25146484375
1210,-26.259033203124996
1211,-5.895263671875
1212,-11.03271484375
1213,-9.85302734375
1214,30.6943359375
1215,-8.60595703125
1216,24.117919921875
1217,-5.916748046875
1218,-2.716552734375
1219,27.69287109375
1220,18.23779296875
1221,-6.615966796875
1222,-4.269775390625
1223,-16.557861328125
1224,20.099853515625
1225,5.841796875000001
1226,4.3076171875
1227,4.532958984375
1228,-3.890869140625
1229,1.002197265625
1230,-0.336669921875
1231,6.19873046875
1232,-11.914550781250002
1233,0.9233398437500007
1234,-5.90625
1235,-4.698974609374999
1236,-8.268310546875
1237,19.024169921875
1238,-6.325439453125
1239,-7.17138671875
1240,-6.486083984375
1241,7.71435546875
1242,-9.822021484374998
1243,6.25830078125
1244,-12.014892578125
1245,-6.57861328125
1246,4.82666015625
1247,8.106689453125
1248,-10.972412109375
1249,-8.191650390625
1250,55.9775390625
1251,5.709716796875
1252,-27.238037109375
1253,9.912841796875
1254,13.543212890625
1255,-15.344238281250002
1256,-30.186279296875
1257,9.779052734375
1258,10.903564453125
1259,5.1064453125
1260,-35.184814453125
1261,25.209716796875004
1262,-3.69140625
1263,-5.2900390625
1264,-6.509765624999999
1265,28.7939453125
1266,-1.478515625
1267,-3.093017578125
1268,9.13525390625
1269,23.358642578125
1270,-2.1865234375
1271,6.760986328125
1272,10.0478515625
1273,-2.65625
1274,6.168212890625001
1275,8.456298828125
1276,8.8701171875
1277,-4.837890624999999
1278,0.5537109375
1279,22.692626953125
1280,7.173828124999999
1281,8.213134765625
1282,-4.560302734375
1283,26.0751953125
1284,8.231201171875
1285,6.923828124999999
1286,-9.3056640625
1287,17.224853515625
1288,-1.023681640625
1289,7.606201171875
1290,7.684326171875
1291,-3.850341796875
1292,-0.5244140625
1293,11.67626953125
1294,8.103759765625
1295,-1.311279296875
1296,-2.860107421875
1297,19.16064453125
1298,5.01025390625
1299,9.150146484375
1300,-0.7595214843750001
1301,19.64501953125
1302,4.868896484375
1303,11.587158203125
1304,-5.00927734375
1305,18.97314453125
1306,-18.88330078125
1307,8.748779296875
1308,12.46533203125
1309,-3.087646484375
1310,-18.332763671875
1311,9.747802734375
1312,8.434814453125
1313,-10.031494140625
1314,-19.134765625
1315,2.411865234375
1316,1.338134765625
1317,-2.315185546875
1318,6.802001953125
1319,2.190673828125
1320,-3.848876953125
1321,0.88330078125
1322,-0.12158203125
1323,5.15478515625
1324,9.92333984375
1325,-3.126220703125
1326,-3.909912109375
1327,-3.059326171875
1328,14.280517578125
1329,-5.734619140625001
1330,-8.153564453125
1331,22.947509765625
1332,15.84375
1333,22.719970703125
1334,4.927734375000001
1335,7.149169921875
1336,-7.1259765625
1337,21.47412109375
1338,6.478515624999999
1339,15.751708984374998
1340,-10.409423828125
1341,18.052001953125
1342,7.55029296875
1343,0.528564453125
1344,8.14697265625
1345,-9.25927734375
1346,5.736083984375
1347,5.593994140625001
1348,5.07861328125
1349,-5.339111328125
1350,4.917236328125
1351,7.17431640625
1352,2.0322265625
1353,9.444091796875
1354,-21.328369140625
1355,4.73046875
1356,1.6767578125
1357,2.822998046875
1358,13.6396484375
1359,4.955322265625
1360,19.111083984375
1361,-4.840576171875
1362,-9.8251953125
1363,36.00146484375
1364,21.38330078125
1365,-4.234619140625
1366,-10.9775390625
1367,-49.502685546875
1368,14.28759765625
1369,55.35546875
1370,4.27099609375
1371,1.6152343749999996
1372,1.2397460937500002
1373,55.68408203125
1374,0.9001464843750001
1375,4.0703125
1376,11.226806640625
1377,52.047119140625
1378,86.003662109375
1379,9.969970703125
1380,9.375488281250002
1381,18.923828125
1382,85.37353515625
1383,8.060302734375
1384,10.1318359375
1385,0.94091796875
1386,94.4248046875
1387,-20.953125
1388,14.2060546875
1389,19.380859375
1390,-4.896240234375
1391,-23.320312499999996
1392,18.422119140625
1393,13.002685546875
1394,3.346923828125
1395,-29.0087890625
1396,-36.87646484375
1397,11.5634765625
1398,14.0390625
1399,-25.21337890625
1400,-31.39501953125
1401,16.698974609375
1402,16.4794921875
1403,2.01220703125
1404,-38.343017578125
1405,47.772705078125
1406,4.765625
1407,0.471435546875
1408,-4.47119140625
1409,46.153564453125
1410,2.872802734375
1411,0.12670898437499978
1412,9.0791015625
1413,49.119140625
1414,5.675048828125
1415,8.6494140625
1416,8.856201171875
1417,-6.60888671875
1418,-7.83544921875
1419,9.016357421875
1420,9.12109375
1421,-5.493408203125
1422,-3.185546875
1423,0.401611328125
1424,9.898925781250002
1425,7.941162109374999
1426,-2.355712890625
1427,2.860107421875
1428,10.5185546875
1429,11.036376953125
1430,-8.307373046875
1431,5.64404296875
1432,-27.052734375
1433,11.044921875
1434,7.39794921875
1435,-6.564697265625
1436,-22.086181640625
1437,2.25830078125
1438,10.7587890625
1439,-3.951171875
1440,-18.773681640625
1441,-21.899658203124996
1442,2.898681640625
1443,8.593505859375
1444,-1.440185546875
1445,-23.9130859375
1446,5.723876953125
1447,6.199951171875
1448,-6.293212890625001
1449,-20.487060546875
1450,-5.53466796875
1451,9.72021484375
1452,8.74609375
1453,-2.4150390624999996
1454,-5.742431640625001
1455,8.321533203125
1456,5.596435546875
1457,-8.40185546875
1458,-3.91259765625
1459,0.31909179687500006
1460,-0.0322265625
1461,-1.3198242187500002
1462,-7.2236328125
1463,1.283203125
1464,2.65283203125
1465,-0.013916015625
1466,16.101318359375
1467,9.421875
1468,7.43994140625
1469,4.278564453125
1470,3.3662109375000004
1471,-6.96728515625
1472,9.2490234375
1473,1.103515625
1474,3.905029296875
1475,-6.1201171875
1476,8.299072265625
1477,5.42822265625
1478,8.9287109375
1479,4.106201171875
1480,-25.319580078125
1481,3.070556640625
1482,3.117919921875
1483,5.03466796875
1484,2.759765625
1485,4.9248046875
1486,12.59912109375
1487,1.180419921875
1488,-2.822021484375
1489,35.368408203125
1490,6.1337890625
1491,-0.755859375
1492,-0.8151855468750001
1493,-45.55029296875
1494,17.504638671875
1495,48.00195312500001
1496,3.215087890625
1497,6.88232421875
1498,-0.8503417968750001
1499,53.640869140625
1500,2.117919921875
1501,3.634521484375
1502,3.202392578125
1503,44.49365234375
1504,-44.83203125
1505,-14.45166015625
1506,-9.40380859375
1507,9.3505859375
1508,-51.65502929687501
1509,-14.31103515625
1510,-2.110107421875
1511,-14.421875
1512,-48.571533203125
1513,-7.333251953125
1514,5.862060546875
1515,5.353515624999999
1516,-4.025146484375
1517,-2.18994140625
1518,4.345947265625
1519,-1.060791015625
1520,-8.33984375
1521,1.933349609375
1522,4.67138671875
1523,-13.30615234375
1524,-10.103515625
1525,5.99365234375
1526,9.9501953125
1527,-4.940185546875
1528,-5.59521484375
1529,-1.083251953125
1530,7.242919921875
1531,-3.851318359375
1532,-6.674072265625
1533,-5.0224609375
1534,-7.302734375000001
1535,-2.486083984375
1536,-2.28515625
1537,-3.82958984375
1538,18.87060546875
1539,-6.052978515625
1540,-2.11865234375
1541,4.57861328125
1542,5.916015624999999
1543,-11.852050781250002
1544,2.319091796875
1545,8.200439453125
1546,8.493408203125
1547,12.944824218749998
1548,1.937744140625
1549,88.9599609375
1550,7.61865234375
1551,13.808837890625
1552,32.81494140625
1553,93.055908203125
1554,10.30029296875
1555,5.710205078125
1556,-0.7373046875
1557,91.44189453125
1558,-10.940185546875
1559,8.304443359375
1560,11.066406249999998
1561,-22.460205078125
1562,-9.324951171875
1563,6.102294921875
1564,9.717041015625002
1565,7.023193359374999
1566,-11.61376953125
1567,25.845947265625004
1568,3.34375
1569,-7.270263671875
1570,24.48193359375
1571,11.082031249999998
1572,3.798583984375
1573,0.312744140625
1574,-11.315185546875
1575,11.02783203125
1576,-0.080322265625
1577,6.65625
1578,2.9685058593750004
1579,-6.821533203125
1580,2.830078125
1581,2.359130859375
1582,8.569091796875
1583,-8.135498046875
1584,-1.6401367187500002
1585,8.769775390625
1586,-5.4755859375
1587,-9.867431640625
1588,5.19970703125
1589,13.6484375
1590,-10.679931640625
1591,-9.976806640625
1592,7.88623046875
1593,11.206298828125
1594,4.718505859374999
1595,-7.63623046875
1596,-12.132568359375
1597,5.808837890625001
1598,1.480712890625
1599,-9.55810546875
1600,-11.398681640625
1601,2.929931640625
1602,8.99072265625
1603,3.818115234375
1604,-12.8232421875
1605,-9.7998046875
1606,7.8720703125
1607,11.9541015625
1608,-4.9052734375
1609,-13.583251953125
1610,5.635009765625
1611,3.96630859375
1612,-7.31884765625
1613,-5.01611328125
1614,-6.198974609374999
1615,10.2060546875
1616,-4.78857421875
1617,-11.1396484375
1618,-16.037841796875
1619,9.748291015625002
1620,-2.66259765625
1621,-7.7919921875
1622,-9.914794921875
1623,-6.26416015625
1624,13.115234375
1625,-11.047119140625
1626,-3.5400390624999996
1627,-3.286865234375
1628,9.262939453125
1629,-14.110107421875
1630,-8.0361328125
1631,-5.423583984375
1632,-2.54541015625
1633,17.3525390625
1634,-4.35791015625
1635,-1.091064453125
1636,-7.367431640625001
1637,9.806396484374998
1638,-14.605712890625
1639,0.9230957031249999
1640,-16.640380859375
1641,-17.76806640625
1642,-5.22705078125
1643,-10.101806640625
1644,-14.412841796875
1645,-13.484863281250002
1646,54.342041015625
1647,0.49365234375
1648,-2.750244140625
1649,-8.98291015625
1650,-10.738281249999998
1651,32.71533203125
1652,-7.100830078125
1653,-9.742675781250002
1654,-14.141113281250002
1655,-16.616455078125
1656,-4.41357421875
1657,-6.1220703125
1658,-7.211669921875
1659,-11.905517578125
1660,-1.388916015625
1661,-5.6083984375
1662,-11.58935546875
1663,-13.25927734375
1664,-8.77001953125
1665,-4.201171875
1666,-9.465087890625
1667,-4.303955078125
1668,-2.119140625
1669,-9.254638671875
1670,-7.859130859374999
1671,-0.224365234375
1672,-7.241455078125
1673,17.730712890625
1674,-10.164550781250002
1675,-0.0751953125
1676,12.679443359375
1677,10.246093750000002
1678,-13.666748046875
1679,2.472412109375
1680,12.7333984375
1681,3.265380859375
1682,9.18212890625
1683,2.974609375
1684,29.257568359375
1685,13.755126953125
1686,-12.74658203125
1687,41.06591796875
1688,16.4638671875
1689,14.480224609375
1690,-7.757080078125
1691,-16.863525390625
1692,10.597656249999998
1693,-14.064208984374998
1694,1.544921875
1695,-5.76513671875
1696,-6.0166015625
1697,-13.068115234375
1698,-2.989990234375
1699,-0.66015625
1700,17.8681640625
1701,-14.38916015625
1702,6.789306640625001
1703,-11.033203125
1704,-7.34814453125
1705,6.231689453125
1706,7.2783203125
1707,-12.605224609375
1708,-6.60693359375
1709,0.63134765625
1710,0.36694335937499956
1711,-1.5405273437500002
1712,-11.915771484374998
1713,-8.3427734375
1714,7.486328124999999
1715,-1.62109375
1716,-15.765625
1717,-6.112548828125
1718,-0.822265625
1719,2.400390625
1720,-10.428955078125
1721,-5.891357421875
1722,-4.61181640625
1723,-14.312011718749998
1724,-6.953369140625001
1725,-5.07861328125
1726,-3.907470703125
1727,36.996826171875
1728,-2.240234375
1729,-48.28320312500001
1730,-4.481689453125
1731,-4.625
1732,16.89013671875
1733,-47.96118164062499
1734,-5.566162109374999
1735,-9.922607421875
1736,-29.7236328125
1737,-50.50146484375
1738,-2.007568359375
1739,-16.863525390625
1740,-9.430419921875
1741,-0.134765625
1742,-1.926513671875
1743,-12.56494140625
1744,-11.115478515625002
1745,-5.4638671875
1746,-4.721923828125
1747,-6.102783203125
1748,-12.744384765625
1749,-2.643798828125
1750,-6.744384765625
1751,-14.03271484375
1752,-10.468505859375
1753,-3.866455078125
1754,27.874267578125
1755,11.18212890625
1756,-19.6279296875
1757,8.626953125
1758,12.659423828125
1759,-0.25830078125
1760,-13.5419921875
1761,13.105468750000002
1762,7.920654296875
1763,9.307373046875
1764,-22.180908203124996
1765,-20.672119140625
1766,27.237060546875
1767,-3.683837890625
1768,13.038818359375
1769,-57.490234375
1770,24.57177734375
1771,-9.135986328125
1772,-14.0712890625
1773,-40.079833984375
1774,8.337646484375
1775,-8.619384765625
1776,-2.199462890625
1777,-10.031982421875
1778,5.89013671875
1779,-4.586669921875
1780,7.711669921875
1781,20.293457031250004
1782,-9.12109375
1783,-15.8564453125
1784,-22.144287109375
1785,-9.3876953125
1786,18.341796875
1787,-9.00732421875
1788,-26.00830078125
1789,-6.6416015625
1790,-16.820068359375
1791,10.249511718749998
1792,11.593505859375
1793,6.0068359375
1794,1.728271484375
1795,-2.06103515625
1796,2.808837890625
1797,9.0634765625
1798,1.563720703125
1799,2.30615234375
1800,3.618408203125
1801,3.029052734375
1802,4.35205078125
1803,-5.77685546875
1804,5.51416015625
1805,-6.71044921875
1806,1.642822265625
1807,-0.21191406250000044
1808,-20.830810546875
1809,-4.380859375
1810,1.5014648437500002
1811,-13.697021484374998
1812,-12.271484375
1813,4.02587890625
1814,2.053466796875
1815,-14.929443359375
1816,-9.015625
1817,66.880859375
1818,6.45556640625
1819,-64.1083984375
1820,0.7038574218750001
1821,0.25146484375
1822,14.99462890625
1823,-62.12890625
1824,-3.080322265625
1825,-5.967529296875
1826,-20.01708984375
1827,-63.120849609375
1828,-11.379638671875
1829,8.770751953125
1830,9.87353515625
1831,-16.6923828125
1832,-7.547607421875
1833,7.85498046875
1834,5.78466796875
1835,16.224365234375
1836,-2.277587890625
1837,96.04296875
1838,11.235107421875
1839,13.123291015625002
1840,27.41162109375
1841,91.1279296875
1842,11.212158203125
1843,9.462646484374998
1844,-10.947265625
1845,89.33056640625
1846,-12.360595703125
1847,10.4208984375
1848,3.03173828125
1849,-12.628662109375
1850,3.702880859375
1851,11.283203125
1852,0.49658203125000017
1853,15.00439453125
1854,5.76953125
1855,-51.186767578125
1856,20.265869140625
1857,12.025146484374998
1858,10.154296875
1859,-42.22998046875
1860,18.949951171875
1861,15.08349609375
1862,-13.15087890625
1863,-49.040771484375
1864,-12.6142578125
1865,9.303466796875
1866,4.014404296875
1867,-20.340087890625
1868,-11.647216796875
1869,10.883544921875
1870,5.32763671875
1871,17.19091796875
1872,5.742431640625001
1873,71.224365234375
1874,7.853271484375
1875,-3.57177734375
1876,22.742431640625
1877,74.84716796875
1878,5.7724609375
1879,2.5219726562499996
1880,-15.554931640625
1881,74.40673828125
1882,-10.772705078125
1883,7.562744140625001
1884,14.66162109375
1885,-18.931640625
1886,-9.82275390625
1887,7.31982421875
1888,9.429199218749998
1889,11.683349609375
1890,-3.795654296875
1891,-7.857421875000001
1892,-12.4677734375
1893,-19.335937500000004
1894,35.525146484375
1895,6.95947265625
1896,-9.74462890625
1897,-13.745361328125
1898,-14.860595703125
1899,-5.92333984375
1900,-21.06884765625
1901,-8.514892578125
1902,-5.688720703125
1903,13.921630859375
1904,-12.08056640625
1905,-10.1015625
1906,-6.71240234375
1907,8.46044921875
1908,-10.45849609375
1909,7.8427734375
1910,-16.420166015625
1911,-12.888916015625002
1912,7.024169921875
1913,12.014404296875
1914,-12.723876953125
1915,-15.115966796875
1916,61.677001953125
1917,7.56298828125
1918,-45.13232421875
1919,20.43212890625
1920,17.467529296875
1921,-20.6298828125
1922,-41.854248046875
1923,15.5546875
1924,13.330810546875
1925,-1.9194335937500002
1926,-42.566650390625
1927,16.243896484375
1928,-7.37841796875
1929,-7.985595703125
1930,10.6787109375
1931,29.887939453125
1932,-11.682861328125
1933,-9.150634765625
1934,28.637939453125
1935,21.24462890625
1936,15.399169921875
1937,22.128173828125
1938,1.381103515625
1939,-16.52294921875
1940,2.951171875
1941,10.330078125
1942,-1.2543945312499998
1943,-0.5546875
1944,26.78662109375
1945,-13.9873046875
1946,13.258544921875
1947,7.074462890625001
1948,-48.515380859375
1949,-12.601806640625
1950,15.080322265625
1951,8.256591796875
1952,-10.29345703125
1953,-16.534912109375
1954,-23.37744140625
1955,-13.386474609375
1956,1.611083984375
1957,-12.298583984374998
1958,-9.505126953125
1959,-13.360107421875
1960,4.954345703125
1961,19.956298828125
1962,-5.912353515625
1963,-35.520751953125
1964,0.734375
1965,5.4912109375
1966,16.853515625
1967,-30.512207031250004
1968,3.742431640625
1969,3.04296875
1970,-1.318603515625
1971,-35.25244140625
1972,-9.197265625
1973,5.025146484375
1974,8.688232421875
1975,-6.743408203125
1976,-18.278076171875
1977,5.7734375
1978,11.2119140625
1979,10.72802734375
1980,-19.778564453125
1981,4.97998046875
1982,-5.749267578125
1983,-7.950927734375
1984,18.89501953125
1985,23.209228515625
1986,-5.243408203125
1987,-7.482666015625
1988,-10.75244140625
1989,12.2822265625
1990,-13.321044921875
1991,7.3330078125
1992,4.174560546875
1993,-9.175048828125
1994,-3.17333984375
1995,6.412841796875
1996,-0.763671875
1997,11.746826171875
1998,-3.607666015625
1999,-37.826416015625
2000,9.236083984374998
2001,7.385986328125
2002,-14.109130859375
2003,-31.33349609375
2004,13.294921875
2005,8.512939453125
2006,-4.721923828125
2007,-37.787109375
2008,54.111328125
2009,2.59765625
2010,4.2509765625
2011,21.05078125
2012,50.826171875
2013,5.647705078125
2014,3.068115234375
2015,-8.03076171875
2016,50.54443359375001
2017,-24.395263671875
2018,18.508544921875
2019,5.7470703125
2020,-28.34765625
2021,-12.584228515625002
2022,16.510498046875
2023,4.00341796875
2024,9.12255859375
2025,-0.60107421875
2026,48.91357421875
2027,5.997314453124998
2028,2.0212402343749996
2029,8.023681640625
2030,54.96142578125
2031,7.920654296875
2032,3.1215820312499996
2033,-12.7138671875
2034,56.883544921875
2035,-46.415283203125
2036,4.8828125
2037,1.1723632812499998
2038,19.0732421875
2039,-53.28125
2040,1.365234375
2041,-4.83642578125
2042,-7.956787109374999
2043,-54.47216796875
2044,-24.240966796875004
2045,-11.388427734375
2046,-3.671630859375
2047,2.4716796875000004
2048,-8.3359375
2049,-7.5888671875
2050,-3.259033203125
2051,2.65087890625
2052,7.3388671875
2053,-12.0146484375
2054,-12.295166015625002
2055,-6.261962890625001
2056,8.279052734375
2057,-1.897216796875
2058,-13.288330078125
2059,-0.1884765625
2060,-1.691162109375
2061,-11.46875
2062,8.6484375
2063,-18.005126953125
2064,-4.35693359375
2065,-28.38623046875
2066,-12.052734375
2067,-14.11572265625
2068,-3.44189453125
2069,35.10400390625
2070,-0.7978515625
2071,90.381591796875
2072,4.0869140625
2073,3.43701171875
2074,49.169189453125
2075,111.849853515625
2076,10.806884765625
2077,0.558837890625
2078,-3.216552734375
2079,74.279296875
2080,14.009033203125
2081,6.447265624999999
2082,-0.0244140625
2083,-9.339843750000002
2084,-9.242431640625
2085,11.883544921875
2086,-2.881591796875
2087,-15.2919921875
2088,3.9365234375000004
2089,7.903564453125
2090,0.432373046875
2091,-10.226318359375
2092,31.025390625
2093,-0.98095703125
2094,-0.8493652343750001
2095,-8.1201171875
2096,4.822509765625
2097,-10.635009765625
2098,21.825439453125
2099,-3.88037109375
2100,-1.9448242187500002
2101,64.84716796875
2102,21.091796875
2103,-5.17626953125
2104,-3.80322265625
2105,-75.36669921875
2106,1.132080078125
2107,5.959716796875
2108,-8.389404296875
2109,-6.281494140625001
2110,2.451904296875
2111,9.17431640625
2112,-10.76416015625
2113,-9.810791015625002
2114,45.31201171875
2115,-9.661865234375
2116,-16.420654296875
2117,-18.5556640625
2118,-12.302001953125
2119,-31.35400390625
2120,-17.207275390625
2121,-15.2392578125
2122,-17.892333984375
2123,88.99926757812499
2124,25.959716796875004
2125,-3.76611328125
2126,0.022460937499999944
2127,0.66796875
2128,-89.04638671875
2129,-24.202880859375
2130,2.47265625
2131,-1.3852539062499998
2132,25.145751953125
2133,25.424560546875
2134,12.7734375
2135,-3.65673828125
2136,2.09716796875
2137,-12.307861328125
2138,17.548828125
2139,1.1611328125
2140,8.982421875
2141,-5.573486328125
2142,13.76708984375
2143,-3.3688964843750004
2144,-15.26904296875
2145,-3.194580078125
2146,31.3125
2147,24.694091796875004
2148,-17.112060546875
2149,-4.31201171875
2150,-47.33618164062499
2151,21.916259765625
2152,22.097900390625
2153,-5.857421875000001
2154,1.702392578125
2155,7.11376953125
2156,18.006591796875
2157,-3.470703125
2158,3.7294921875000004
2159,6.619140624999999
2160,-3.835205078125
2161,112.20654296875
2162,4.859130859374999
2163,-2.042236328125
2164,58.576416015625
2165,153.90234374999997
2166,5.41943359375
2167,2.323974609375
2168,-9.2294921875
2169,102.5791015625
2170,22.692626953125
2171,-8.875
2172,-2.17529296875
2173,17.97900390625
2174,32.14599609375
2175,-6.85107421875
2176,-1.535888671875
2177,78.1259765625
2178,8.250244140625
2179,-11.03125
2180,5.146728515625
2181,10.617675781250002
2182,-21.42626953125
2183,-3.822021484375
2184,-0.04858398437500011
2185,14.066650390625
2186,13.124755859375
2187,-16.70654296875
2188,20.918701171875
2189,-5.3876953125
2190,-6.725830078125
2191,-4.35302734375
2192,23.39208984375
2193,-4.5009765625
2194,-4.590576171875
2195,29.6962890625
2196,27.052734375
2197,-24.360595703125
2198,25.94384765625
2199,11.77880859375
2200,-74.961669921875
2201,-15.541015625
2202,29.849365234375
2203,14.567626953125
2204,2.875732421875
2205,-8.73046875
2206,-52.3974609375
2207,35.8759765625
2208,19.44921875
2209,0.69677734375
2210,-48.73120117187499
2211,36.101806640625
2212,28.5419921875
2213,-12.117431640625
2214,-61.104248046875
2215,26.53564453125
2216,-9.955810546875
2217,-9.664550781250002
2218,32.88671875
2219,27.671630859375
2220,-5.9755859375
2221,-8.625732421875
2222,-22.362060546875
2223,24.696044921875
2224,-10.831298828125
2225,-10.3486328125
2226,-16.04443359375
2227,-20.76953125
2228,-7.982177734375
2229,-9.19970703125
2230,-9.36865234375
2231,40.8955078125
2232,-11.614501953125
2233,-77.272705078125
2234,12.1845703125
2235,11.6142578125
2236,22.628173828125
2237,-74.76904296875
2238,10.7333984375
2239,16.2275390625
2240,-18.60498046875
2241,-74.55200195312501
2242,-5.740234375000001
2243,-1.6923828125
2244,-2.089111328125
2245,1.7924804687500002
2246,-3.12841796875
2247,-6.99560546875
2248,-3.340087890625
2249,-27.854248046875
2250,-8.94677734375
2251,40.7333984375
2252,-5.85498046875
2253,-6.596435546875
2254,24.43212890625
2255,38.91943359375001
2256,-6.851318359374999
2257,0.513916015625
2258,76.43603515625
2259,33.59130859375
2260,-2.1220703125
2261,3.678955078125
2262,8.625732421875
2263,-12.95166015625
2264,-6.361328124999999
2265,6.9365234375
2266,10.141845703125
2267,26.742919921875
2268,2.444091796875
2269,21.565185546875
2270,-6.74853515625
2271,-2.487060546875
2272,-6.397705078125
2273,19.495849609375
2274,-2.9462890624999996
2275,-4.58349609375
2276,47.450927734375
2277,26.3330078125
2278,34.231689453125
2279,0.8688964843750001
2280,-10.060302734375
2281,36.424072265625
2282,16.27001953125
2283,-2.91943359375
2284,-10.288574218749998
2285,-55.96142578125
2286,28.03271484375
2287,71.77587890625
2288,0.2841796874999991
2289,3.361083984374999
2290,-4.170654296875
2291,70.894287109375
2292,8.400634765625
2293,14.37744140625
2294,12.16552734375
2295,72.488037109375
2296,89.72900390625
2297,8.45068359375
2298,13.455078125
2299,6.3671875
2300,92.885986328125
2301,12.269531249999998
2302,13.399169921875
2303,0.031494140625
2304,95.66430664062499
2305,128.727783203125
2306,-0.2031250000000004
2307,8.22021484375
2308,35.602783203125
2309,118.07934570312499
2310,2.3342285156249996
2311,13.6728515625
2312,-2.677734375
2313,125.38378906250001
2314,0.623046875
2315,-6.5517578125
2316,-9.844482421875
2317,10.63916015625
2318,6.059326171875
2319,-5.474365234375
2320,-10.240966796875
2321,-15.709716796875
2322,-17.765625
2323,33.715576171875
2324,-1.0126953125
2325,-11.2509765625
2326,38.701904296875
2327,31.610595703125
2328,2.76171875
2329,-12.747802734375
2330,-15.025634765625
2331,37.40576171875
2332,9.6533203125
2333,0.61669921875
2334,2.149169921875
2335,-4.329345703125
2336,14.54541015625
2337,2.08740234375
2338,4.130126953125
2339,23.289306640625
2340,7.20849609375
2341,-20.282958984375
2342,11.699462890625
2343,9.66650390625
2344,-2.246337890625
2345,-18.848388671875
2346,9.61181640625
2347,11.694091796875
2348,-3.242431640625
2349,-11.385498046875
2350,5.441162109374999
2351,12.18115234375
2352,8.673828125
2353,-5.14306640625
2354,9.80810546875
2355,15.516357421875
2356,10.468505859375
2357,-4.896484375000001
2358,8.850341796875
2359,14.77685546875
2360,11.0859375
2361,7.427001953125
2362,-7.3017578125
2363,22.691162109375
2364,11.1728515625
2365,7.702880859374999
2366,-4.614990234375
2367,19.4326171875
2368,24.140869140625
2369,14.84716796875
2370,-1.81640625
2371,-17.704345703125
2372,29.34814453125
2373,8.395263671875
2374,6.75537109375
2375,-13.220703125
2376,31.416015625
2377,1.06396484375
2378,12.791259765625
2379,9.848876953125
2380,-25.57275390625
2381,9.450927734375
2382,14.1708984375
2383,9.080810546875
2384,19.362060546875
2385,9.689697265625
2386,39.70556640624999
2387,-12.354736328125
2388,-13.760986328125
2389,18.436279296875
2390,35.40771484375
2391,-1.136962890625
2392,-16.990966796875
2393,117.163330078125
2394,21.43115234375
2395,33.9853515625
2396,11.8046875
2397,6.0673828125
2398,-8.591552734375
2399,27.10888671875
2400,4.168212890625
2401,11.864501953125
2402,-18.889404296875
2403,15.330322265625
2404,-9.458740234375
2405,7.743408203125
2406,20.090332031250004
2407,-51.67626953125
2408,-10.749511718749998
2409,9.923095703125
2410,20.897705078125
2411,5.158203124999999
2412,-6.736328124999999
2413,12.63623046875
2414,-15.585205078125
2415,-3.382568359375
2416,10.671142578125
2417,3.385498046875
2418,-8.422607421875
2419,-1.7426757812499998
2420,0.117919921875
2421,11.236328125
2422,6.99853515625
2423,-13.199951171875
2424,-11.849853515625002
2425,6.600830078125
2426,-3.837158203125
2427,-17.98681640625
2428,-12.433837890625
2429,-4.077880859375
2430,-8.63720703125
2431,-11.13818359375
2432,-5.19287109375
2433,-5.73681640625
2434,23.012207031250004
2435,-9.50146484375
2436,-6.114501953125
2437,-7.404296875000001
2438,25.625244140625
2439,-4.924072265625
2440,-15.8564453125
2441,-3.31982421875
2442,-8.0546875
2443,22.44580078125
2444,-13.301025390625
2445,-8.25927734375
2446,-4.994140624999999
2447,16.71923828125
2448,-8.0654296875
2449,-10.567138671875
2450,-2.765380859375
2451,-6.98193359375
2452,1.793212890625
2453,-4.721923828125
2454,-1.5473632812499998
2455,-4.314697265625
2456,17.807373046875
2457,-1.990478515625
2458,4.002197265625
2459,-8.810546875
2460,-9.015625
2461,-9.20556640625
2462,-7.17529296875
2463,-5.500244140625001
2464,-8.31005859375
2465,-14.21875
2466,-5.87109375
2467,9.62158203125
2468,-17.873291015625
2469,-10.54150390625
2470,-5.51806640625
2471,1.2514648437500002
2472,-12.357666015625002
2473,-11.328613281250002
2474,-1.91015625
2475,-1.298583984375
2476,-7.412353515625
2477,-5.11865234375
2478,-3.346923828125
2479,-4.81396484375
2480,-16.86328125
2481,-2.797119140625
2482,-5.09326171875
2483,-29.450927734374996
2484,-13.2431640625
2485,-14.638671875
2486,-7.609619140625001
2487,-16.028564453125
2488,-4.554443359375
2489,-0.18505859375
2490,-9.83349609375
2491,-17.909423828125
2492,80.42236328124999
2493,2.0888671875
2494,30.344726562500004
2495,-11.87060546875
2496,-16.651611328125
2497,-11.25927734375
2498,41.275390625
2499,-14.472900390625
2500,-9.579345703125
2501,48.04345703125
2502,26.19482421875
2503,30.10205078125
2504,-6.242431640625001
2505,-16.62451171875
2506,10.620361328125
2507,8.72265625
2508,-6.73681640625
2509,-17.061279296875
2510,114.12353515625
2511,34.489013671875
2512,19.62255859375
2513,6.635498046875
2514,40.775634765625
2515,-37.44091796875
2516,7.394287109374999
2517,5.807861328125
2518,41.076171875
2519,-10.825439453125
2520,7.537841796875
2521,-9.750488281250002
2522,-13.1083984375
2523,-2.24267578125
2524,25.020263671875
2525,-19.509765625
2526,-10.80029296875
2527,-3.31494140625
2528,15.174072265625
2529,-6.189208984375
2530,11.049072265625
2531,29.827148437499996
2532,10.643310546875
2533,13.005615234375
2534,12.900634765625
2535,29.886474609375
2536,5.7861328125
2537,-2.127685546875
2538,-14.8505859375
2539,-9.74853515625
2540,-16.263671875
2541,-7.015380859374999
2542,-17.281005859375
2543,-6.461181640625001
2544,-11.546875
2545,-12.368896484374998
2546,83.278564453125
2547,-10.91650390625
2548,-0.39868164062499994
2549,0.720703125
2550,-1.6857910156249998
2551,-8.2548828125
2552,2.505859375
2553,-4.280029296875
2554,-4.0576171875
2555,-8.951904296875
2556,4.544921875
2557,-9.257080078125
2558,58.817626953125
2559,56.603271484375
2560,-62.99462890625
2561,-3.914306640625001
2562,56.973388671875
2563,55.2021484375
2564,-5.439697265625
2565,-13.330322265625
2566,2.28759765625
2567,-4.118896484375
2568,-12.03662109375
2569,-0.96875
2570,-11.263671875
2571,-8.877197265625
2572,-10.95849609375
2573,-19.8623046875
2574,-5.2216796875
2575,5.91162109375
2576,5.823486328125
2577,-7.2109375
2578,4.989990234375
2579,0.12353515625
2580,4.381103515625
2581,-6.344970703125
2582,6.76953125
2583,-4.465087890625
2584,8.19970703125
2585,-6.202392578125
2586,-12.268798828125
2587,4.329833984375
2588,-5.564453124999999
2589,-0.150634765625
2590,-4.101806640625
2591,-0.01025390625
2592,-6.626708984375
2593,-16.642822265625
2594,-14.014892578125
2595,-3.201171875
2596,7.099609375000001
2597,-1.07373046875
2598,-16.51318359375
2599,-0.21215820312500006
2600,1.923095703125
2601,-6.08349609375
2602,-8.617431640625
2603,6.3388671875
2604,-3.684326171875
2605,34.01220703125
2606,-4.27734375
2607,-0.538818359375
2608,-4.918701171875
2609,41.130859375
2610,-2.951171875
2611,-3.767578125
2612,-1.604736328125
2613,1.161376953125
2614,2.53271484375
2615,-5.826904296875
2616,2.0192871093749996
2617,5.76708984375
2618,12.623046875
2619,-9.1787109375
2620,-5.2265625
2621,6.18359375
2622,-0.548583984375
2623,-9.4326171875
2624,-10.412109375
2625,5.8193359375
2626,-6.726318359374999
2627,-10.201171875
2628,-5.405517578125
2629,1.072265625
2630,4.924560546875
2631,4.016357421875
2632,-7.10400390625
2633,-5.748779296875
2634,2.720947265625
2635,3.26953125
2636,23.70849609375
2637,2.887939453125
2638,111.48315429687501
2639,4.669921875000001
2640,-15.1142578125
2641,66.530029296875
2642,144.63232421875
2643,0.9147949218750001
2644,-15.655029296875
2645,-41.21728515625
2646,27.841552734374996
2647,-3.56201171875
2648,35.614501953125
2649,31.949462890625
2650,-73.8857421875
2651,-20.500732421875
2652,33.0986328125
2653,33.130126953125
2654,-8.428955078125
2655,-14.492675781250002
2656,1.4047851562499998
2657,-15.922607421875
2658,-6.19580078125
2659,-21.629150390625
2660,-13.405761718749998
2661,-14.920654296875
2662,-10.355468750000002
2663,58.905517578125
2664,-8.9384765625
2665,-11.884521484374998
2666,3.10986328125
2667,8.950439453125
2668,-5.781005859374999
2669,-0.30029296875000017
2670,5.414306640625001
2671,6.68310546875
2672,8.400390625
2673,1.4936523437499991
2674,13.888916015625002
2675,24.706787109375
2676,42.2392578125
2677,-11.9306640625
2678,-12.856201171875
2679,27.468994140625
2680,42.41381835937501
2681,-24.92333984375
2682,-7.245361328125
2683,-4.49755859375
2684,30.693603515625
2685,50.231689453125
2686,-73.302978515625
2687,-17.6923828125
2688,32.709228515625
2689,44.115234375
2690,-11.4423828125
2691,-11.745849609375
2692,-0.444091796875
2693,0.8095703125
2694,-4.7119140625
2695,6.80078125
2696,-3.079345703125
2697,4.699951171875
2698,-4.786376953125
2699,-26.17236328125
2700,-15.97998046875
2701,-11.655761718749998
2702,-18.876953125
2703,-10.7890625
2704,-24.275634765625
2705,-21.15771484375
2706,-14.742431640625
2707,-8.781982421875
2708,44.1669921875
2709,-13.6279296875
2710,97.342041015625
2711,-2.0668945312500004
2712,1.291748046874999
2713,21.136474609375
2714,99.62646484375
2715,6.314941406249999
2716,10.5849609375
2717,-25.015625
2718,92.421875
2719,-25.668701171875
2720,33.2080078125
2721,40.276123046875
2722,7.642578124999999
2723,-16.248779296875
2724,41.966064453125
2725,41.87255859375
2726,19.366943359375
2727,-11.061279296875
2728,-38.422119140625
2729,49.410888671875
2730,51.02001953125
2731,-22.241455078125
2732,-34.8056640625
2733,51.9560546875
2734,50.57958984375
2735,7.625732421875
2736,-23.199462890625
2737,73.646484375
2738,-12.514404296875
2739,-0.9948730468750004
2740,3.5048828124999996
2741,67.403564453125
2742,-15.396728515625002
2743,-4.06640625
2744,25.351806640625
2745,59.120361328125
2746,40.914794921875
2747,2.73974609375
2748,-9.817626953125
2749,-10.391357421875
2750,41.95312499999999
2751,2.18798828125
2752,-11.935546875
2753,-17.701416015625
2754,39.173828125
2755,38.96826171875
2756,-9.122314453125
2757,-6.81298828125
2758,-11.426513671875
2759,40.31298828125
2760,-11.390869140625
2761,-10.675537109375
2762,-7.56640625
2763,38.53881835937501
2764,17.30712890625
2765,6.39501953125
2766,5.137451171875
2767,-19.45556640625
2768,6.610595703125
2769,3.11474609375
2770,2.83740234375
2771,-5.431884765625
2772,14.253906249999998
2773,0.6572265625
2774,37.38916015625
2775,50.288330078125
2776,-68.308837890625
2777,-7.897705078125
2778,37.696533203125
2779,47.027587890625
2780,-11.5126953125
2781,-7.625732421875
2782,5.9404296875
2783,6.813232421875
2784,-0.205078125
2785,10.796386718749998
2786,-1.287109375
2787,13.053466796875
2788,3.209716796875
2789,-0.2236328125
2790,-18.27001953125
2791,-6.909423828125
2792,-9.061279296875
2793,-5.04248046875
2794,7.011474609374999
2795,-3.80810546875
2796,-3.28466796875
2797,-2.25537109375
2798,-24.092041015625
2799,-5.020263671875
2800,42.807861328125
2801,-6.96337890625
2802,-10.981201171875
2803,8.8427734375
2804,37.32495117187499
2805,-7.684326171875
2806,-10.43115234375
2807,102.80200195312501
2808,35.17919921875
2809,43.08642578125
2810,-12.394775390625
2811,-7.026611328125
2812,-5.50439453125
2813,36.883056640625
2814,-7.78857421875
2815,-6.2939453125
2816,59.26806640624999
2817,25.182861328125
2818,0.33203125
2819,-14.8984375
2820,-1.2880859375
2821,-28.027832031250004
2822,-6.637939453125
2823,-9.812011718749998
2824,-6.938232421875
2825,60.67236328125
2826,-0.07568359375000044
2827,-3.3447265624999996
2828,13.017333984374998
2829,14.4697265625
2830,-29.25048828125
2831,10.6044921875
2832,12.50927734375
2833,10.809814453125
2834,-6.702392578125
2835,4.19677734375
2836,-5.0029296875
2837,-4.678466796875
2838,-14.626953125
2839,-5.425537109374999
2840,-3.892333984375
2841,-7.40185546875
2842,-16.86376953125
2843,100.163330078125
2844,5.34765625
2845,-0.5803222656250008
2846,27.9345703125
2847,27.36376953125
2848,-41.381591796875
2849,0.9802246093749987
2850,26.671142578125
2851,33.38525390625
2852,-10.402099609375
2853,-6.119384765625
2854,-10.82666015625
2855,18.559082031250004
2856,29.814697265625004
2857,6.390625
2858,-20.62255859375
2859,20.9189453125
2860,17.1083984375
2861,11.541259765625
2862,-17.114501953125
2863,-10.614501953125
2864,14.474609375
2865,28.246582031250004
2866,5.022705078124998
2867,-17.52197265625
2868,16.637451171875
2869,21.92919921875
2870,9.769775390625
2871,-25.906982421875
2872,-41.2041015625
2873,63.9765625
2874,71.2109375
2875,-44.455322265625
2876,-41.39013671875
2877,66.456787109375
2878,69.8818359375
2879,10.174072265625
2880,-48.00537109375
2881,49.613525390625
2882,-19.273681640625
2883,-15.06884765625
2884,-10.265380859375
2885,52.385498046875
2886,-19.332275390625
2887,-14.91259765625
2888,-8.854736328125
2889,46.8583984375
2890,-4.095703125
2891,26.7841796875
2892,19.601318359375
2893,-51.31933593749999
2894,-0.7263183593750004
2895,22.168701171875
2896,23.042724609375
2897,-11.537353515625002
2898,3.63818359375
2899,8.578857421875
2900,-22.499755859375
2901,-19.390869140625
2902,-0.269287109375
2903,13.193115234375
2904,-17.824462890625
2905,-18.017333984375
2906,100.5302734375
2907,6.741455078125
2908,10.2607421875
2909,8.296142578125
2910,10.8134765625
2911,-18.11865234375
2912,10.057373046875
2913,10.9306640625
2914,7.504638671875
2915,-14.250244140625
2916,9.16748046875
2917,23.645263671875
2918,-14.519531249999998
2919,-9.552490234375
2920,89.379150390625
2921,20.99169921875
2922,-21.196533203124996
2923,-6.583984375000001
2924,-54.6259765625
2925,29.3125
2926,-7.6357421875
2927,-6.817626953125
2928,-7.2978515625
2929,1.495361328125
2930,-5.73486328125
2931,-9.050048828125
2932,-4.903564453125
2933,47.651611328125
2934,-8.662109375
2935,-19.28173828125
2936,19.892333984375
2937,11.150146484374998
2938,13.255615234375
2939,-22.869384765625
2940,12.53759765625
2941,14.546142578125
2942,6.740966796875
2943,-17.62841796875
2944,-23.438232421875
2945,22.03125
2946,20.825439453125
2947,12.19384765625
2948,-19.647216796875004
2949,22.359130859375
2950,21.235107421875
2951,19.34375
2952,-16.750732421875
2953,-4.53759765625
2954,-6.31884765625
2955,-2.2373046875
2956,3.597900390625
2957,6.53564453125
2958,5.50048828125
2959,-1.906005859375
2960,-5.179443359374999
2961,-5.27294921875
2962,-14.55810546875
2963,18.1943359375
2964,19.51953125
2965,13.4912109375
2966,-16.764892578125
2967,26.1123046875
2968,16.947265625
2969,17.0703125
2970,-18.287841796875
2971,-23.331542968749996
2972,31.63623046875
2973,29.67822265625
2974,13.31005859375
2975,-21.57373046875
2976,27.521484375
2977,24.919921875
2978,10.156005859375
2979,-22.523193359375
2980,-10.57958984375
2981,10.7099609375
2982,13.899169921875
2983,21.879638671875
2984,-9.678955078125
2985,11.978271484374998
2986,14.847412109375
2987,23.563232421875
2988,-11.837890625
2989,-18.42041015625
2990,21.234619140625
2991,17.135009765625
2992,12.695800781250002
2993,-17.251953125
2994,15.6025390625
2995,17.53955078125
2996,23.447021484375
2997,-14.29052734375
2998,-5.838134765625
2999,-4.953857421875
3000,-6.53125
3001,2.463623046875
3002,-1.7543945312499998
3003,-5.886962890625001
3004,-3.781005859375
3005,-21.580810546875
3006,-5.32470703125
3007,-5.110107421875
3008,-11.673828125
3009,-7.409912109374999
3010,-14.043701171875
3011,-7.830322265625
3012,-9.382324218749998
3013,-11.062744140625
3014,67.554931640625
3015,-1.4106445312499998
3016,36.392578125
3017,-6.4599609375
3018,-9.578857421875
3019,-3.65673828125
3020,42.678466796875
3021,-3.609619140625
3022,-13.716552734375
3023,54.80566406250001
3024,30.279052734374996
3025,53.75390625
3026,1.9912109374999996
3027,-0.7590332031249999
3028,6.264404296875
3029,50.400634765625
3030,0.8596191406249999
3031,-2.761474609375
3032,114.09765625
3033,56.71044921875
3034,-6.38525390625
3035,36.991943359375
3036,32.44970703125
3037,-53.775634765625
3038,-3.7021484375000004
3039,39.241943359375
3040,34.060546875
3041,-14.716796875
3042,-3.6010742187500004
3043,-9.128173828125
3044,-0.458740234375
3045,-4.65185546875
3046,-11.218017578125
3047,-11.228759765625
3048,1.8310546875
3049,-1.1743164062499998
3050,28.2626953125
3051,-9.731201171875
3052,10.606201171875
3053,-5.478515624999999
3054,-5.428955078125
3055,-24.041015625
3056,6.91796875
3057,-8.169189453125
3058,-0.325439453125
3059,48.68505859375
3060,9.837890625
3061,1.8349609374999998
3062,5.281494140625001
3063,12.8544921875
3064,33.496337890625
3065,-2.574462890625
3066,1.5327148437500002
3067,7.77587890625
3068,33.8134765625
3069,2.02392578125
3070,-3.9990234375000004
3071,6.6943359375
3072,3.726806640625
3073,3.914794921875
3074,-7.105224609374999
3075,8.798828125
3076,9.76416015625
3077,40.84033203125
3078,-8.366455078125
3079,69.69873046875
3080,-16.646240234375
3081,-23.546875
3082,12.347656249999998
3083,67.463623046875
3084,-17.443359375
3085,-19.558349609375
3086,36.52783203125
3087,68.124267578125
3088,10.012451171875
3089,9.05908203125
3090,-0.7419433593750001
3091,-13.764892578125
3092,4.016845703125
3093,7.279052734375
3094,-0.37548828125
3095,-24.57373046875
3096,12.404541015625002
3097,9.4462890625
3098,-8.544189453125
3099,-3.2314453124999996
3100,-6.22119140625
3101,0.8996582031249999
3102,-10.950927734375
3103,-1.593994140625
3104,-21.629150390625
3105,13.886962890625
3106,-6.540771484375
3107,-2.8154296875000004
3108,-5.694580078125
3109,-7.292724609374999
3110,-2.462646484375
3111,-5.607421875000001
3112,-10.079345703125
3113,9.898925781250002
3114,-4.02197265625
3115,21.229736328125
3116,-15.278076171875
3117,-19.230712890625
3118,-5.642578124999999
3119,26.208740234375
3120,-16.66845703125
3121,-16.03759765625
3122,-7.302490234375
3123,22.640869140625
3124,10.444091796875
3125,-11.84619140625
3126,-9.847656249999998
3127,-1.7670898437500002
3128,13.47509765625
3129,-11.601806640625
3130,-14.1455078125
3131,-9.6826171875
3132,13.332763671875
3133,2.86865234375
3134,-18.966552734374996
3135,-21.574951171875
3136,3.9765625
3137,-5.15576171875
3138,-24.5380859375
3139,-22.486328125
3140,-7.2333984375
3141,-4.197998046875
3142,6.446533203125
3143,-4.298583984375
3144,-6.893310546875
3145,-15.148925781250002
3146,5.05078125
3147,-7.78466796875
3148,-7.217529296875
3149,58.42187500000001
3150,7.8681640625
3151,66.8173828125
3152,6.1513671875
3153,0.19042968749999956
3154,6.985595703125
3155,60.93505859375
3156,8.00341796875
3157,1.3959960937499996
3158,113.1708984375
3159,73.214599609375
3160,8.86767578125
3161,10.115966796875
3162,21.372802734374996
3163,-35.4755859375
3164,5.699951171875
3165,14.300781249999998
3166,24.052001953125
3167,2.12060546875
3168,4.714599609374999
3169,1.204833984375
3170,5.60693359375
3171,8.953125
3172,0.09423828125
3173,5.361083984375
3174,9.080810546875
3175,12.534912109375
3176,-3.02392578125
3177,4.204345703125
3178,-10.641357421875
3179,15.458984375
3180,17.515869140625
3181,-13.476806640625
3182,-9.828613281250002
3183,24.4619140625
3184,26.351318359375
3185,14.56396484375
3186,-10.871337890625
3187,79.485107421875
3188,-20.074707031250004
3189,-34.898681640625
3190,50.890869140625
3191,96.254638671875
3192,-17.560302734375
3193,-33.0703125
3194,-34.5029296875
3195,118.6845703125
3196,72.04443359375
3197,11.36083984375
3198,10.546386718749998
3199,34.2099609375
3200,63.827880859375
3201,8.273681640624998
3202,8.3740234375
3203,51.296630859375
3204,67.931640625
3205,62.50732421875
3206,14.77490234375
3207,7.12841796875
3208,31.624267578125
3209,38.489501953125
3210,19.223388671875
3211,6.513427734374998
3212,-24.57763671875
3213,57.0576171875
3214,-10.118408203125
3215,-6.9248046875
3216,-0.8967285156249999
3217,10.314208984374998
3218,-12.03466796875
3219,-11.118896484374998
3220,-2.004150390625
3221,18.662353515625
3222,-5.380615234375
3223,1.8979492187500002
3224,-6.558349609374999
3225,-5.0869140625
3226,-23.931396484375
3227,4.14208984375
3228,-9.7880859375
3229,-8.386962890625
3230,47.00244140625
3231,-1.899658203125
3232,64.18359375
3233,-5.294189453125
3234,4.431640625
3235,4.778564453125
3236,68.329345703125
3237,-4.468505859375
3238,-7.351806640625001
3239,132.740478515625
3240,56.27587890625
3241,-41.531494140625
3242,6.09765625
3243,25.149658203124996
3244,82.21386718750001
3245,-22.13427734375
3246,5.39892578125
3247,29.03076171875
3248,-52.980224609375
3249,-44.54370117187499
3250,-29.447509765625
3251,31.42724609375
3252,32.0224609375
3253,-12.8232421875
3254,-31.552978515625
3255,33.46875
3256,32.7216796875
3257,7.342529296875
3258,-27.1357421875
3259,-12.073486328125
3260,24.667724609375
3261,22.630126953125
3262,-8.519775390625
3263,-7.150390624999999
3264,25.568115234375
3265,23.3388671875
3266,8.450927734375
3267,-6.85888671875
3268,-66.15625
3269,67.684326171875
3270,59.33129882812501
3271,63.49560546874999
3272,-64.093505859375
3273,66.263427734375
3274,58.919677734375
3275,5.948974609374999
3276,-52.927978515625
3277,22.056640625
3278,-11.237060546875
3279,-15.548828125
3280,-3.325439453125
3281,14.27978515625
3282,-11.040771484374998
3283,-10.819091796875
3284,89.1328125
3285,22.0498046875
3286,42.892333984375
3287,-21.205810546875
3288,-24.069091796875004
3289,-8.385986328125
3290,48.410400390625
3291,-25.134765625
3292,-24.034667968749996
3293,45.062255859375
3294,44.9296875
3295,59.781494140625
3296,7.426757812499997
3297,11.154785156249996
3298,34.115234375
3299,39.826904296875
3300,6.942138671874999
3301,12.417724609374998
3302,-50.244873046875
3303,61.921142578125
3304,13.64990234375
3305,-14.765380859375
3306,-10.091796875
3307,0.8962402343750001
3308,9.78466796875
3309,-16.20947265625
3310,-15.651123046875
3311,59.471923828125
3312,10.215087890625
3313,-7.37255859375
3314,56.20361328125
3315,65.765380859375
3316,-46.30810546874999
3317,-3.607177734375001
3318,47.85302734375
3319,60.712158203125
3320,-15.773925781250002
3321,-2.01806640625
3322,-4.616455078125
3323,-7.968994140625001
3324,-4.462158203125
3325,-8.60107421875
3326,-3.186767578125
3327,-10.48193359375
3328,-4.10546875
3329,69.296142578125
3330,1.799560546875
3331,-6.455322265625
3332,-10.8291015625
3333,-10.302734375
3334,12.168701171875
3335,-5.851318359374999
3336,-3.698486328125
3337,-6.640380859374999
3338,9.66162109375
3339,-2.6005859375000004
3340,3.590576171875
3341,-0.6340332031249999
3342,0.6591796875
3343,-24.3408203125
3344,4.14501953125
3345,-0.2919921875
3346,9.41748046875
3347,-17.482666015625
3348,1.389892578125
3349,-0.11840820312500044
3350,34.294677734375
3351,49.863037109375
3352,-46.08154296875
3353,9.54248046875
3354,35.43994140625
3355,50.635986328125
3356,-2.751220703125
3357,-5.499267578125
3358,-3.01806640625
3359,-0.45166015625
3360,4.46826171875
3361,-9.534423828125
3362,-6.115234375000001
3363,0.108642578125
3364,2.945068359375
3365,41.772705078125
3366,-0.6999511718750001
3367,135.8271484375
3368,-6.822998046874999
3369,-24.476562499999996
3370,10.527587890625
3371,87.20458984375
3372,-9.778320312499996
3373,-21.55517578125
3374,8.005126953125
3375,95.17333984375
3376,20.514892578125
3377,-14.2080078125
3378,-11.054443359375
3379,3.961669921875
3380,21.870849609375
3381,-13.43310546875
3382,-11.8271484375
3383,72.921142578125
3384,15.142578125
3385,70.23974609375
3386,16.602783203125
3387,0.318847656249999
3388,11.91943359375
3389,70.379638671875
3390,18.717529296875
3391,-3.700195312500001
3392,113.60009765625001
3393,82.904296875
3394,3.4033203124999996
3395,-0.52490234375
3396,3.843994140625
3397,-17.69482421875
3398,10.9111328125
3399,0.000732421875
3400,2.684814453125
3401,-19.336669921875
3402,-1.291015625
3403,-17.518798828125
3404,10.0546875
3405,7.351806640625001
3406,132.16064453125
3407,-25.78369140625
3408,14.0947265625
3409,2.527099609375
3410,-36.943603515625
3411,7.25830078125
3412,-4.8984375
3413,0.371337890625
3414,-4.727783203125
3415,107.566650390625
3416,-6.72607421875
3417,2.667724609375
3418,-5.746337890625001
3419,-58.217041015625
3420,-8.712158203125
3421,-1.997314453125
3422,-16.69970703125
3423,-18.641601562500004
3424,9.5087890625
3425,-7.21484375
3426,-19.003173828125
3427,-17.2900390625
3428,-7.17919921875
3429,-2.1181640625
3430,-4.823486328125
3431,-0.7966308593750001
3432,0.4023437500000001
3433,-7.907958984375
3434,3.834716796875
3435,8.680419921875
3436,5.96337890625
3437,29.364013671875
3438,-9.7998046875
3439,-50.260498046875
3440,70.67626953125
3441,74.030029296875
3442,26.958251953125
3443,-60.829345703125
3444,69.487548828125
3445,68.5771484375
3446,-15.961181640625
3447,-54.88623046875
3448,-1.0009765625
3449,16.100341796875
3450,21.6123046875
3451,17.51513671875
3452,2.26318359375
3453,14.405517578125
3454,15.141357421875
3455,23.499023437499996
3456,-3.7412109375000004
3457,2.081298828125
3458,6.198486328125
3459,0.69873046875
3460,23.817626953125
3461,6.66357421875
3462,3.4619140624999996
3463,2.14794921875
3464,41.150146484375
3465,-4.6826171875
3466,6.978515624999999
3467,4.6416015625
3468,-5.8544921875
3469,2.278076171875
3470,4.029541015625
3471,2.663818359375
3472,4.6865234375
3473,-13.344970703125
3474,11.412841796875
3475,-3.5947265624999996
3476,19.559326171875
3477,22.5419921875
3478,1.3315429687500002
3479,-8.0224609375
3480,25.988037109375
3481,22.123046875
3482,10.227294921875
3483,-8.58740234375
3484,-18.750732421875
3485,7.910400390625001
3486,16.18408203125
3487,-5.087646484375
3488,-14.305908203125
3489,6.81640625
3490,21.087158203124996
3491,-2.3662109375000004
3492,-14.919189453125
3493,16.891357421875
3494,-1.5639648437500002
3495,-2.39599609375
3496,-1.7783203125
3497,15.498046875
3498,1.317626953125
3499,-4.8955078125
3500,-10.306640625
3501,14.017333984374998
3502,-30.29541015625
3503,29.730712890625
3504,35.52685546875
3505,-0.22705078125000044
3506,-21.411376953125
3507,33.12890625
3508,33.281005859375
3509,4.900390624999999
3510,-28.578857421875
3511,-15.688232421875
3512,14.896728515625002
3513,18.590576171875
3514,-0.962890625
3515,-19.8935546875
3516,17.772216796875
3517,14.62744140625
3518,0.36083984375
3519,-19.88525390625
3520,4.34814453125
3521,3.389404296875
3522,-1.4736328125
3523,-2.412841796875
3524,-0.02490234374999989
3525,0.927734375
3526,0.458740234375
3527,-0.490966796875
3528,4.016357421875
3529,11.904296875
3530,-3.955322265625
3531,-2.99169921875
3532,-1.536376953125
3533,19.440185546875
3534,-0.42822265625
3535,-3.751953125
3536,-5.638916015625
3537,16.47607421875
3538,-8.07568359375
3539,5.48583984375
3540,3.8583984375000004
3541,-3.4931640624999996
3542,-9.457763671875
3543,8.31103515625
3544,6.36669921875
3545,0.463623046875
3546,-7.4404296875
3547,11.772949218749998
3548,-4.820556640625001
3549,-4.26171875
3550,1.628173828125
3551,20.52587890625
3552,-3.025634765625
3553,-7.59765625
3554,-7.685791015625
3555,14.654541015625002
3556,-21.802734375
3557,38.169921875
3558,35.053955078125
3559,1.017822265625
3560,-24.035888671875
3561,31.089111328125
3562,34.27294921875
3563,10.906982421875
3564,-22.755615234375
3565,16.756591796875
3566,-3.310302734375
3567,-4.766357421875
3568,-0.7421875
3569,1.9379882812499998
3570,4.30908203125
3571,-2.04345703125
3572,-8.235107421875
3573,9.433593750000002
3574,-28.359130859375
3575,33.302978515625
3576,36.70654296875
3577,2.155029296875
3578,-27.37060546875
3579,42.93212890625
3580,34.63720703125
3581,-2.553466796875
3582,-27.34326171875
3583,2.526611328125
3584,14.176513671875
3585,14.865966796875
3586,14.67626953125
3587,-1.951171875
3588,6.694580078125
3589,4.655029296875
3590,29.15234375
3591,-0.775390625
3592,14.181396484374998
3593,2.875
3594,-5.98779296875
3595,-8.063232421875
3596,7.80615234375
3597,1.659423828125
3598,-10.8818359375
3599,0.416748046875
3600,11.92529296875
3601,-0.9382324218750001
3602,24.052978515625
3603,22.650634765625
3604,-9.7080078125
3605,-5.714111328125
3606,24.384033203124996
3607,26.216064453125
3608,7.1484375
3609,-3.41064453125
3610,-53.21337890625
3611,84.380859375
3612,77.83984375
3613,62.74316406250001
3614,-58.093505859375
3615,79.050048828125
3616,78.243896484375
3617,4.166259765624999
3618,-59.470458984375
3619,17.556884765625
3620,-0.476318359375
3621,2.1171875
3622,-11.32373046875
3623,21.98583984375
3624,4.48681640625
3625,0.00537109375
3626,74.165283203125
3627,16.97509765625
3628,66.775634765625
3629,-24.53857421875
3630,-29.70166015625
3631,15.602783203125
3632,71.44921875
3633,-26.99072265625
3634,-28.922851562500004
3635,56.807373046875
3636,66.372314453125
3637,0.772460937499999
3638,48.617919921875
3639,56.85205078125
3640,43.033935546875
3641,-5.960693359374999
3642,55.638916015625
3643,55.283935546875
3644,-26.605224609375
3645,5.049804687499998
3646,40.8974609375
3647,-17.1845703125
3648,-25.874023437499996
3649,-0.09912109375
3650,42.436767578125
3651,-19.3798828125
3652,-19.713623046875
3653,68.53857421875
3654,45.787109375
3655,-3.404541015625001
3656,47.7705078125
3657,45.81933593749999
3658,41.665771484375
3659,-5.14990234375
3660,55.512939453125
3661,49.95947265625
3662,-31.31689453125
3663,-5.99560546875
3664,63.60058593749999
3665,-30.044677734374996
3666,-30.358154296875
3667,15.3408203125
3668,63.59814453125001
3669,-29.23876953125
3670,-31.40673828125
3671,60.833251953125
3672,65.024658203125
3673,15.162841796875
3674,-19.197509765625
3675,-21.039306640625
3676,9.806396484374998
3677,17.852294921875
3678,-19.013671875
3679,-18.734619140625
3680,-6.251220703125
3681,15.51708984375
3682,-3.74462890625
3683,-5.554931640625001
3684,-5.845947265625
3685,12.911376953125
3686,-6.71533203125
3687,-7.43359375
3688,-4.30615234375
3689,4.96044921875
3690,-4.383056640625
3691,1.510009765625
3692,-10.822021484374998
3693,-13.945556640625
3694,-17.9208984375
3695,2.86083984375
3696,-14.859619140625
3697,-13.5478515625
3698,67.694091796875
3699,7.232666015625
3700,5.630615234375
3701,0.21069335937500006
3702,0.6005859375
3703,-3.33984375
3704,5.11376953125
3705,3.96630859375
3706,2.935546875
3707,44.59130859375
3708,3.635986328125
3709,61.108642578125
3710,-26.870361328125
3711,-30.118896484375
3712,12.080078125
3713,61.151611328125
3714,-28.14453125
3715,-29.27392578125
3716,52.003662109375
3717,62.928955078125
3718,-6.822998046875
3719,62.36962890625
3720,46.8037109375
3721,-7.944091796875
3722,-4.710205078125
3723,61.789794921875
3724,45.80517578125
3725,-25.2275390625
3726,5.570556640625001
3727,-12.29443359375
3728,57.08349609375
3729,60.794189453125
3730,-45.7890625
3731,-10.058349609375
3732,52.82470703125
3733,60.94189453125001
3734,-10.41943359375
3735,-8.72216796875
3736,16.179931640625
3737,-8.23583984375
3738,-3.68701171875
3739,-0.262939453125
3740,24.429443359375
3741,-2.818359375
3742,1.02587890625
3743,81.47900390625
3744,22.56787109375
3745,-4.6025390625
3746,-10.51025390625
3747,-12.5185546875
3748,-5.773681640625001
3749,-2.691650390625
3750,-14.571533203125
3751,-11.284912109375
3752,25.60205078125
3753,-4.3857421875
3754,44.479248046875
3755,-63.174072265625
3756,-29.17333984375
3757,88.671875
3758,59.74804687499999
3759,-58.492919921875
3760,-28.260986328125
3761,-53.532958984375
3762,69.219482421875
3763,-20.22802734375
3764,49.07470703125
3765,38.366455078125
3766,-2.57080078125
3767,-15.05224609375
3768,44.65747070312499
3769,38.4677734375
3770,5.218505859374999
3771,-19.862060546875
3772,53.601806640625
3773,-1.038818359375
3774,-0.7282714843750018
3775,14.124755859375
3776,60.675537109375
3777,-3.467529296875
3778,-1.6723632812499998
3779,55.721923828125
3780,81.2548828125
3781,3.868408203125
3782,-1.279052734375
3783,5.878173828125
3784,-12.805419921875
3785,9.9111328125
3786,-4.03759765625
3787,6.7236328125
3788,2.58349609375
3789,3.40625
3790,-18.795898437499996
3791,93.72119140625
3792,107.39013671875001
3793,92.625244140625
3794,-23.469482421875
3795,91.18359374999999
3796,99.069091796875
3797,-9.29931640625
3798,-34.203125
3799,-16.6484375
3800,17.612548828125
3801,13.2021484375
3802,-19.271484375
3803,-9.642333984374998
3804,12.396240234375
3805,9.5859375
3806,0.8005371093750001
3807,-4.858642578125
3808,-5.181884765625
3809,3.45556640625
3810,1.320068359375
3811,-16.59228515625
3812,1.343505859375
3813,0.090576171875
3814,4.0048828125
3815,11.482421875
3816,3.3359375
3817,51.8125
3818,-9.038330078125
3819,-18.1845703125
3820,92.917236328125
3821,55.29833984375
3822,-11.780517578125
3823,-12.522705078125
3824,-41.994140625
3825,25.087158203124996
3826,-14.574218750000002
3827,24.7841796875
3828,27.55322265625
3829,-1.1821289062499998
3830,-18.0439453125
3831,31.176025390625
3832,20.986572265625004
3833,9.220947265625
3834,-12.773925781250002
3835,66.200439453125
3836,7.187499999999997
3837,3.347412109375
3838,7.277587890625001
3839,74.35791015625
3840,4.115234375
3841,5.957763671875
3842,79.992431640625
3843,72.58056640625
3844,-10.946044921875
3845,10.439697265625
3846,24.600341796875004
3847,64.541748046875
3848,-27.50537109375
3849,14.517822265625
3850,10.780517578125
3851,-0.7001953125000014
3852,-22.592041015625
3853,8.804443359375
3854,14.31103515625
3855,12.828369140625
3856,18.544921875
3857,2.66845703125
3858,10.62060546875
3859,15.615234375
3860,27.707275390625
3861,2.76416015625
3862,0.7868652343750001
3863,6.781005859374999
3864,8.012451171875
3865,14.385498046875
3866,3.188232421875
3867,2.546142578125
3868,6.6572265625
3869,45.96484375
3870,-1.2280273437500002
3871,-13.332763671875
3872,36.3544921875
3873,39.107421875
3874,-13.28271484375
3875,-17.934814453125
3876,39.667724609375
3877,35.181884765625
3878,4.088134765625
3879,-16.403564453125
3880,92.080078125
3881,-21.280029296875
3882,-24.717773437499996
3883,65.952880859375
3884,91.703857421875
3885,-31.08984375
3886,-26.399658203124996
3887,-20.82958984375
3888,99.628173828125
3889,58.0048828125
3890,-27.2861328125
3891,-18.02978515625
3892,67.19677734375
3893,50.990478515625
3894,-19.8564453125
3895,-19.030029296875
3896,-70.8876953125
3897,57.745849609375
3898,72.7216796875
3899,3.9472656249999987
3900,14.261718750000002
3901,38.786865234375
3902,75.893798828125
3903,14.7080078125
3904,11.954589843749996
3905,13.312744140625
3906,83.117431640625
3907,1.8583984375
3908,-6.71435546875
3909,-8.02734375
3910,-22.87548828125
3911,5.22021484375
3912,-7.93603515625
3913,-5.85009765625
3914,57.76708984375
3915,3.459716796875
3916,71.319091796875
3917,9.728759765625002
3918,8.052246093749998
3919,38.651123046875
3920,79.14990234374999
3921,9.054443359375
3922,9.682861328125
3923,-11.6943359375
3924,74.1806640625
3925,3.777099609375
3926,17.9619140625
3927,13.742919921875
3928,-32.662353515625
3929,-0.17333984375
3930,17.690185546875
3931,23.273437500000004
3932,4.666748046875
3933,-2.063232421875
3934,42.50634765625
3935,-41.470458984375
3936,-31.36328125
3937,69.24365234375
3938,55.95556640624999
3939,-43.6220703125
3940,-31.431640625
3941,-59.831787109375
3942,57.674560546875
3943,5.259521484375
3944,-3.271484375
3945,-1.3955078125
3946,2.7509765624999996
3947,5.986572265625
3948,3.710693359375
3949,-6.816162109374999
3950,-13.0537109375
3951,8.539794921875
3952,-18.599609375
3953,-22.126953125
3954,-0.9404296875
3955,81.1650390625
3956,14.160156249999998
3957,-22.938720703125
3958,-2.044677734375
3959,-47.223388671875
3960,-2.7392578124999996
3961,16.593505859375
3962,-7.453857421875
3963,-2.610595703125
3964,-6.5947265625
3965,9.343261718749998
3966,-0.5852050781249999
3967,-1.678466796875
3968,77.02319335937501
3969,15.7919921875
3970,-50.7890625
3971,87.225341796875
3972,83.305419921875
3973,18.86865234375
3974,-44.7333984375
3975,87.495361328125
3976,86.83203125
3977,-6.83642578125
3978,-50.884765625
3979,-13.80224609375
3980,25.434082031250004
3981,27.135498046875
3982,1.286376953125
3983,-13.64501953125
3984,25.553955078125
3985,28.9150390625
3986,16.912353515625
3987,-15.829833984374998
3988,-39.211669921875
3989,89.634765625
3990,82.31103515625
3991,-7.808837890625001
3992,-44.550537109375
3993,85.2119140625
3994,80.450439453125
3995,-10.984863281250002
3996,-42.124755859375
3997,-39.21240234375
3998,92.668212890625
3999,77.353759765625
4000,-6.0
4001,-44.76806640624999
4002,90.7158203125
4003,79.009033203125
4004,-8.745849609375
4005,-48.53320312500001
4006,-39.928955078125
4007,69.75146484375
4008,71.762451171875
4009,-42.358642578125
4010,-37.00122070312499
4011,72.125
4012,67.06201171875
4013,1.9809570312499998
4014,-37.382080078125
4015,1.541748046875
4016,-8.954345703125
4017,-11.409912109375
4018,-26.839111328125
4019,-3.37744140625
4020,-11.915283203125
4021,-7.8515625
4022,29.93701171875
4023,2.095458984375
4024,66.71142578125
4025,3.726318359374999
4026,8.282958984375
4027,6.1337890625
4028,59.97265625
4029,1.6306152343749996
4030,6.419921875000001
4031,89.100830078125
4032,67.226806640625
4033,-6.8291015625
4034,-5.998291015625
4035,-4.01953125
4036,18.581787109375
4037,-10.47802734375
4038,-9.528564453125
4039,-5.08984375
4040,10.106201171875
4041,-8.319580078125
4042,2.41357421875
4043,0.5964355468750001
4044,1.9897460937500002
4045,-16.034423828125
4046,4.130615234375
4047,3.145263671875
4048,-2.5634765624999996
4049,-29.346923828125
4050,2.94775390625
4051,28.382568359375
4052,-22.455810546875
4053,-25.210937500000004
4054,-0.139892578125
4055,29.044921875
4056,-25.358642578125
4057,-20.5224609375
4058,5.69287109375
4059,28.883056640625
4060,23.99267578125
4061,-23.592529296875
4062,-21.882080078125
4063,1.480224609375
4064,24.7998046875
4065,-22.7568359375
4066,-23.5263671875
4067,-9.878173828125
4068,25.4482421875
4069,-6.255126953125
4070,-2.4453125
4071,-7.51220703125
4072,19.44287109375
4073,-7.18212890625
4074,-4.90625
4075,-2.110107421875
4076,9.0986328125
4077,-7.952880859374999
4078,41.76611328125
4079,-8.715087890625
4080,-12.205322265625
4081,11.0048828125
4082,37.830810546875
4083,-6.041015624999999
4084,-12.153564453125
4085,66.009033203125
4086,35.371337890625
4087,-5.834228515625002
4088,48.201171875
4089,49.308349609375
4090,23.320556640625
4091,-0.5024414062500004
4092,48.044921875
4093,49.683837890625
4094,-23.9111328125
4095,0.74267578125
4096,-2.10498046875
4097,-16.531982421875
4098,-17.962890625
4099,6.337646484375
4100,-0.7438964843750001
4101,-20.781494140625
4102,-17.248046875
4103,-11.980224609375
4104,0.02978515625
4105,92.29077148437501
4106,-28.496582031250004
4107,-26.003173828125
4108,14.9697265625
4109,77.59619140625
4110,-25.939208984375
4111,-22.362792968749996
4112,22.5537109375
4113,82.616943359375
4114,83.578857421875
4115,-31.186279296875
4116,-26.286865234375
4117,10.463134765625
4118,77.7919921875
4119,-34.23486328125
4120,-25.33740234375
4121,25.79541015625
4122,80.50073242187501
4123,2.859619140625
4124,-12.989501953125
4125,-5.24169921875
4126,-28.572509765625
4127,0.76416015625
4128,-13.34130859375
4129,-7.7666015625
4130,40.51611328125
4131,-0.93408203125
4132,21.556396484375
4133,-4.9150390625
4134,-10.771240234375
4135,-5.61767578125
4136,31.13623046875
4137,-7.18798828125
4138,-12.239013671875
4139,84.0341796875
4140,31.46337890625
4141,16.52978515625
4142,-24.4150390625
4143,-15.40185546875
4144,-0.9255371093750001
4145,7.38525390625
4146,-20.050292968749996
4147,-15.7802734375
4148,-13.4052734375
4149,12.417968750000002
4150,-16.520751953125
4151,19.864990234375
4152,17.893798828125
4153,-35.703125
4154,-15.564453125
4155,14.45849609375
4156,19.85107421875
4157,-0.534423828125
4158,-10.00341796875
4159,63.53369140625
4160,1.308837890625
4161,1.1481933593749996
4162,-0.404296875
4163,52.5126953125
4164,4.560302734374999
4165,3.67333984375
4166,99.627685546875
4167,48.27490234375
4168,22.908447265625004
4169,-14.701171875
4170,-18.339111328125
4171,2.568359375
4172,12.325927734375
4173,-19.224853515625
4174,-14.593505859375
4175,-10.765869140625
4176,11.970703125
4177,-11.844238281250002
4178,14.052001953125
4179,14.816406249999998
4180,-33.06640625
4181,-11.302978515625002
4182,11.900634765625
4183,20.972900390625
4184,-4.240966796875
4185,-2.24072265625
4186,94.216796875
4187,28.3330078125
4188,3.443115234374999
4189,35.3623046875
4190,70.935546875
4191,29.567626953125
4192,3.6215820312499982
4193,7.772216796875
4194,65.075439453125
4195,9.097900390624998
4196,84.56494140624999
4197,67.4755859375
4198,15.206787109375
4199,1.9428710937499987
4200,85.999755859375
4201,69.9208984375
4202,-16.901611328125
4203,-12.328857421875
4204,-4.42236328125
4205,-7.8095703125
4206,-2.374267578125
4207,20.82763671875
4208,-9.73681640625
4209,-7.263427734375
4210,-5.46435546875
4211,6.697265624999999
4212,-11.045166015625002
4213,83.31591796875
4214,-27.170654296875
4215,-22.47314453125
4216,10.332275390625
4217,69.54541015625
4218,-31.695068359375
4219,-21.885986328125
4220,20.119384765625
4221,80.61303710937499
4222,59.625732421875
4223,-24.670166015625
4224,-27.718994140625
4225,2.024658203125
4226,68.898681640625
4227,-27.51171875
4228,-26.705078125
4229,10.593017578125
4230,46.01562499999999
4231,9.560546875
4232,-14.489013671875
4233,-14.196044921875
4234,-13.765869140625
4235,1.147216796875
4236,-16.906494140625
4237,-17.47900390625
4238,54.72265625
4239,7.12060546875
4240,63.643310546875
4241,-3.4982910156250018
4242,7.304687499999998
4243,5.0537109375
4244,56.652587890625
4245,2.49609375
4246,6.304443359374999
4247,88.583984375
4248,72.936279296875
4249,-6.35693359375
4250,-13.3896484375
4251,-1.2314453125
4252,23.561523437499996
4253,-8.05126953125
4254,-10.487548828125
4255,-4.0380859375
4256,14.0830078125
4257,-8.150146484375
4258,0.425537109375
4259,-5.0615234375
4260,-0.400390625
4261,-10.19970703125
4262,-4.18798828125
4263,-7.181640624999999
4264,-1.2749023437500002
4265,-32.305908203125
4266,-4.18603515625
4267,-5.0341796875
4268,-11.567138671875
4269,-12.2236328125
4270,5.065185546875
4271,-7.814208984375
4272,-6.3662109375
4273,-10.4814453125
4274,18.051025390625
4275,-6.992919921875
4276,-2.452392578125
4277,-29.365966796875004
4278,-19.8310546875
4279,2.640625
4280,5.296875
4281,-26.22265625
4282,-16.293701171875
4283,0.039306640625
4284,10.801025390625
4285,18.3515625
4286,-8.05078125
4287,-14.508544921875
4288,0.86328125
4289,6.09033203125
4290,-11.165283203125
4291,-17.21923828125
4292,2.0996093750000004
4293,10.705810546875
4294,19.222167968749996
4295,-18.106201171875
4296,-17.380859375
4297,6.38623046875
4298,12.717041015625002
4299,-15.454833984374998
4300,-19.06787109375
4301,5.6943359375
4302,12.808349609375
4303,15.400390625
4304,-20.69482421875
4305,-18.992187500000004
4306,6.41845703125
4307,12.09228515625
4308,-18.96142578125
4309,-18.267333984375
4310,1.0224609375
4311,15.199462890625
4312,-4.86181640625
4313,-8.0478515625
4314,-9.202880859375
4315,29.809082031250004
4316,-12.1943359375
4317,-6.133544921875
4318,-5.2080078125
4319,13.07958984375
4320,-5.164794921875
4321,56.18872070312499
4322,-23.710937500000004
4323,-26.927490234375
4324,-0.020751953125
4325,50.419677734375
4326,-24.078125
4327,-27.11083984375
4328,51.238525390625
4329,60.54638671875
4330,1.267822265625
4331,36.209716796875
4332,48.63037109375
4333,-45.249267578125
4334,-5.6416015625
4335,41.970458984375
4336,53.77368164062499
4337,-11.34033203125
4338,-3.014404296875001
4339,-2.892333984375
4340,-2.840576171875
4341,1.646484375
4342,-21.96875
4343,0.861328125
4344,-5.182373046875
4345,1.254150390625
4346,51.06396484375
4347,3.546875
4348,-5.22021484375
4349,-14.34814453125
4350,-13.22216796875
4351,-4.61083984375
4352,-3.7294921875000004
4353,-12.503173828125
4354,-12.492919921875
4355,24.86181640625
4356,-4.667236328125
4357,3.65673828125
4358,0.7333984375
4359,-15.492919921875
4360,89.99951171875
4361,-8.60107421875
4362,1.876953125
4363,-13.43408203125
4364,-38.9296875
4365,-6.678466796875
4366,14.839599609375
4367,0.218505859375
4368,-10.305908203125
4369,-1.4838867187500002
4370,18.669921875
4371,1.8720703125
4372,-5.20947265625
4373,-6.875
4374,16.83251953125
4375,70.322021484375
4376,8.541015625000004
4377,-0.026855468750003553
4378,27.06298828125
4379,73.44287109375
4380,5.2573242187499964
4381,5.430419921874998
4382,41.93212890625
4383,71.895751953125
4384,44.381103515625
4385,-4.162353515625
4386,-5.23095703125
4387,2.643798828125
4388,46.11181640624999
4389,-2.0930175781250004
4390,-11.790283203125
4391,86.4873046875
4392,39.212646484375
4393,29.634033203124996
4394,-20.798095703125
4395,-16.377197265625
4396,7.986083984375
4397,29.2744140625
4398,-21.097412109375
4399,-15.142578125
4400,63.90820312500001
4401,27.148681640625
4402,51.275390625
4403,-0.4418945312500018
4404,-3.7368164062500018
4405,-0.75537109375
4406,51.68872070312499
4407,0.2145996093750009
4408,-5.703857421875002
4409,74.18188476562501
4410,42.94775390625
4411,-1.666259765625
4412,-10.435791015625002
4413,-10.154541015625002
4414,-12.062744140625
4415,-2.365234375
4416,-6.4794921875
4417,-9.885986328125
4418,31.66796875
4419,-1.104248046875
4420,66.06982421875
4421,14.539306640625
4422,6.05615234375
4423,3.845947265625
4424,54.51513671875
4425,12.039550781250002
4426,-1.771728515625
4427,82.660400390625
4428,62.4150390625
4429,-1.6420898437500002
4430,-15.826171875
4431,-12.808349609375
4432,-15.763916015625002
4433,-7.598876953125
4434,-13.227050781250002
4435,-15.09619140625
4436,38.73583984375
4437,-8.61181640625
4438,5.01953125
4439,3.39990234375
4440,8.51513671875
4441,-14.759033203125
4442,7.6982421875
4443,1.2534179687500002
4444,-0.9580078125
4445,52.763671875
4446,-1.590087890625
4447,-7.074462890625001
4448,-9.71875
4449,-13.923828125
4450,5.348388671875
4451,-6.040771484375
4452,-15.44677734375
4453,-9.03076171875
4454,22.45361328125
4455,-6.26220703125
4456,-11.321533203125
4457,53.118408203125
4458,58.764404296875
4459,-25.7314453125
4460,-17.414306640625
4461,53.664306640625
4462,58.05419921875
4463,-6.263427734375
4464,-7.78515625
4465,47.143310546875
4466,-7.332763671875
4467,-8.97705078125
4468,2.434326171875
4469,52.109619140625
4470,-3.411376953125001
4471,-5.861572265625
4472,75.916748046875
4473,45.590576171875
4474,63.372314453125
4475,-18.215087890625
4476,-24.5400390625
4477,-0.019775390625
4478,59.522216796875
4479,-22.626953125
4480,-20.85498046875
4481,49.883544921875
4482,69.3935546875
4483,48.042236328125
4484,-27.192138671875
4485,-25.879638671875
4486,70.947998046875
4487,59.5498046875
4488,-23.348876953125
4489,-30.67138671875
4490,-53.610595703125
4491,35.949951171875
4492,-20.182861328125
4493,34.333984375
4494,41.82080078125
4495,-6.671630859374999
4496,-21.142822265625004
4497,30.726318359375
4498,36.81640625
4499,-5.3818359375
4500,-16.174072265625
4501,-11.484130859375
4502,29.511962890625
4503,26.354248046875
4504,-8.571044921875
4505,-15.961425781250002
4506,29.7685546875
4507,28.532958984375
4508,0.060546875
4509,-11.2109375
4510,-23.014892578125
4511,34.441162109375
4512,37.47875976562501
4513,-5.88525390625
4514,-19.389892578125
4515,28.68701171875
4516,30.511962890625
4517,-3.906494140625
4518,-13.072998046875
4519,-6.40087890625
4520,1.227783203125
4521,3.46044921875
4522,-3.66064453125
4523,-5.471923828125
4524,6.052978515625
4525,0.67138671875
4526,-5.406005859374999
4527,-1.171142578125
4528,-17.509033203125
4529,15.0234375
4530,17.939697265625
4531,-6.734375
4532,-23.607421875
4533,18.853515625
4534,18.32666015625
4535,-0.7568359375
4536,-12.04052734375
4537,33.5732421875
4538,-8.085693359375
4539,-10.338623046875
4540,-9.867431640625
4541,29.572265625
4542,-9.762939453125
4543,-13.727783203125
4544,-13.3447265625
4545,36.368896484375
4546,22.273437500000004
4547,-13.397216796875
4548,-8.359619140625
4549,-10.4931640625
4550,23.912109375
4551,-12.60791015625
4552,-14.424560546875
4553,-7.495849609374999
4554,23.554687500000004
4555,28.752197265625004
4556,-10.67041015625
4557,-9.396728515625002
4558,-13.658447265625
4559,27.953857421875
4560,-9.484130859375
4561,-8.286376953125
4562,-14.287109375
4563,30.016845703125
4564,29.725341796875004
4565,-11.7236328125
4566,-8.0029296875
4567,-8.100341796875
4568,28.300292968749996
4569,-6.417236328125
4570,-1.154541015625
4571,-12.3818359375
4572,28.74267578125
4573,2.844970703125
4574,-2.935546875
4575,-0.01708984375
4576,-8.798095703125
4577,6.3984375
4578,-3.06787109375
4579,-2.4599609375000004
4580,-2.398681640625
4581,11.191162109375
4582,19.215087890625
4583,-6.901611328125
4584,-2.51220703125
4585,-12.29931640625
4586,20.2412109375
4587,-5.1923828125
4588,-2.423828125
4589,-6.877197265625
4590,21.494384765625
4591,14.490966796875
4592,22.436767578125
4593,26.31298828125
4594,-16.838134765625
4595,14.836425781250002
4596,24.780273437499996
4597,21.5224609375
4598,12.220458984374998
4599,10.632568359375
4600,47.8330078125
4601,-31.666015625
4602,-25.591552734374996
4603,78.59228515625
4604,41.60595703125
4605,-32.7705078125
4606,-28.192138671875
4607,-14.290771484374998
4608,49.6025390625
4609,0.6931152343750001
4610,-20.301513671875
4611,-17.7900390625
4612,105.73095703125
4613,-12.91748046875
4614,-18.219482421875
4615,-13.877197265625
4616,-32.69873046875
4617,9.813720703125
4618,71.4677734375
4619,-40.29931640624999
4620,-42.725830078125
4621,95.63378906250001
4622,62.59570312500001
4623,-40.46923828125
4624,-45.777099609375
4625,-32.516845703125
4626,63.524658203125
4627,-8.924560546875
4628,6.271240234375
4629,2.39697265625
4630,113.131103515625
4631,-14.7294921875
4632,8.09716796875
4633,3.66796875
4634,-28.54833984375
4635,-4.661376953125
4636,-15.894775390625
4637,7.92578125
4638,13.113525390625
4639,-16.880126953125
4640,-16.744873046875
4641,8.46630859375
4642,11.80322265625
4643,4.167236328125
4644,-12.370849609375
4645,-4.241455078125
4646,-7.591796875000001
4647,-10.8349609375
4648,34.780029296875
4649,-6.005126953125
4650,-11.20556640625
4651,-5.50048828125
4652,21.264892578125
4653,-6.96728515625
4654,64.0244140625
4655,-27.715576171875
4656,-27.265380859375
4657,15.006591796875
4658,68.0654296875
4659,-32.218017578125
4660,-33.053955078125
4661,57.98437500000001
4662,61.65087890625
4663,-8.42724609375
4664,-7.380126953125
4665,-5.690185546875
4666,-22.9443359375
4667,-2.09521484375
4668,-8.817138671875
4669,-3.799072265625
4670,-7.7373046875
4671,-6.26904296875
4672,-34.219970703125
4673,26.634765625
4674,26.72802734375
4675,110.890869140625
4676,-37.24169921875
4677,25.513916015625
4678,25.702880859375
4679,-25.62255859375
4680,-29.745849609375
4681,5.127197265625
4682,2.6923828124999996
4683,3.65478515625
4684,6.765380859374999
4685,2.549560546875
4686,5.25439453125
4687,7.33251953125
4688,41.60791015625
4689,-1.1557617187500002
4690,11.312988281250002
4691,8.0869140625
4692,10.214111328125
4693,15.845458984374998
4694,10.25341796875
4695,14.372802734375
4696,10.277587890625
4697,39.53466796875
4698,9.083984375
4699,2.1845703125
4700,19.990234375
4701,18.993896484375
4702,-15.8330078125
4703,12.003906249999998
4704,25.04638671875
4705,23.527587890625
4706,16.278564453125
4707,3.10009765625
4708,83.50732421875
4709,-31.3037109375
4710,-39.984130859375
4711,20.9287109375
4712,69.049072265625
4713,-29.74853515625
4714,-38.231689453125
4715,53.122314453125
4716,86.994140625
4717,-7.560546875000001
4718,-8.034423828125
4719,-0.3037109375
4720,-18.44775390625
4721,-5.872314453125
4722,-6.53125
4723,-3.1953125
4724,2.019287109375
4725,-9.19091796875
4726,56.29833984375
4727,-45.78515625
4728,-46.286865234375
4729,77.331787109375
4730,59.95849609375
4731,-43.727294921875
4732,-43.43603515625
4733,-35.475830078125
4734,60.357666015625
4735,-15.453125
4736,41.60986328125
4737,41.122802734375
4738,-8.042236328125
4739,-21.629638671875
4740,38.1982421875
4741,43.5
4742,-2.700439453125
4743,-19.630615234375
4744,-27.658203125
4745,18.0517578125
4746,25.25439453125
4747,-10.424560546875
4748,-17.579345703125
4749,14.021728515625002
4750,23.887939453125
4751,-3.16796875
4752,-18.315185546875
4753,-4.108154296875
4754,-10.472656249999998
4755,-0.112548828125
4756,-11.174560546875
4757,4.61328125
4758,-7.27783203125
4759,4.50439453125
4760,-7.370361328125
4761,-2.952880859375
4762,14.19970703125
4763,-6.500244140625001
4764,-2.519775390625
4765,-8.827880859375
4766,18.990234375
4767,-6.406982421875
4768,-5.00244140625
4769,-2.69873046875
4770,10.89697265625
4771,6.871826171875
4772,22.547607421875
4773,17.362548828125
4774,-15.307861328125
4775,-1.2373046874999996
4776,13.037109375
4777,14.578369140625
4778,19.400146484375
4779,11.49658203125
4780,81.36303710937499
4781,-32.309814453125
4782,-42.144775390625
4783,38.0166015625
4784,98.287109375
4785,-30.958984375
4786,-44.062255859375
4787,-11.527343750000002
4788,89.107177734375
4789,0.6921386718750001
4790,3.463134765625
4791,5.5439453125
4792,-11.068115234375
4793,-3.168212890625
4794,7.36865234375
4795,7.4423828125
4796,12.046630859375
4797,-0.32275390625
4798,-27.818115234375
4799,47.8271484375
4800,46.39794921875
4801,-13.330810546875
4802,-31.8154296875
4803,52.562744140625
4804,42.26611328125
4805,-1.4262695312499998
4806,-27.572021484375
4807,-37.414794921875
4808,103.82299804687499
4809,104.86181640625
4810,46.460205078125
4811,-41.298583984375
4812,101.31176757812499
4813,110.566162109375
4814,-11.91552734375
4815,-33.916015625
4816,23.34619140625
4817,4.879150390625001
4818,3.711181640625
4819,-7.218017578125
4820,22.9619140625
4821,7.45556640625
4822,1.498046875
4823,65.447509765625
4824,19.07177734375
4825,-6.60546875
4826,-15.09814453125
4827,-17.47998046875
4828,78.332275390625
4829,4.473388671875
4830,-13.95458984375
4831,-14.118408203125
4832,-1.8193359375000004
4833,-4.5087890625
4834,50.203369140625
4835,0.5190429687499991
4836,-1.3735351562500007
4837,-0.48486328125
4838,53.57177734375
4839,-2.9638671875000004
4840,-0.1020507812499991
4841,78.24072265625
4842,63.037109375
4843,-30.090332031250004
4844,75.42578125
4845,78.913818359375
4846,64.7001953125
4847,-29.802978515625
4848,79.84130859375
4849,88.353515625
4850,-3.98291015625
4851,-30.179687500000004
4852,9.3720703125
4853,3.009033203125
4854,2.5458984375000004
4855,-9.347656249999998
4856,4.995361328125
4857,11.58447265625
4858,-1.07666015625
4859,47.386474609375
4860,1.904541015625
4861,-16.33984375
4862,95.354736328125
4863,89.00878906250001
4864,1.5083007812499998
4865,-22.24267578125
4866,92.24169921875
4867,91.549560546875
4868,-14.856689453125
4869,-20.69384765625
4870,-16.95556640625
4871,53.559326171875
4872,55.9560546875
4873,-18.195556640625
4874,-21.15771484375
4875,57.350830078125
4876,56.91552734375
4877,-3.71435546875
4878,-16.999267578125
4879,-35.022216796875
4880,83.944580078125
4881,108.746826171875
4882,57.338623046875
4883,-31.044189453125
4884,87.400634765625
4885,111.162109375
4886,-9.9072265625
4887,-35.130615234375
4888,65.169189453125
4889,-6.056884765625
4890,4.216064453125
4891,8.1044921875
4892,58.330810546875
4893,-1.8618164062500016
4894,-1.6999511718750022
4895,38.05566406250001
4896,59.86181640624999
4897,8.560302734375
4898,3.519287109375
4899,7.5283203125
4900,-15.2626953125
4901,0.7487792968750001
4902,1.9262695312499998
4903,3.4267578124999996
4904,37.532958984375
4905,3.33740234375
4906,12.260009765625
4907,-44.84912109375
4908,-50.03247070312499
4909,66.542236328125
4910,20.23876953125
4911,-47.994140625
4912,-46.6298828125
4913,1.2509765625
4914,7.28466796875
4915,7.801513671875
4916,12.123291015625002
4917,14.675537109375
4918,6.935302734375
4919,5.602783203125
4920,13.365478515625002
4921,17.736572265625
4922,23.964599609375
4923,4.056640625
4924,-15.7353515625
4925,41.64208984375
4926,42.5009765625
4927,-4.247314453125
4928,-18.92236328125
4929,42.56933593749999
4930,38.672119140625
4931,5.201171875000001
4932,-14.430419921875
4933,5.269775390625001
4934,-10.2705078125
4935,-7.786376953125
4936,-11.57177734375
4937,8.468994140625
4938,0.230224609375
4939,0.110595703125
4940,-0.61181640625
4941,7.44287109375
4942,-15.492675781250002
4943,50.99169921875
4944,26.530517578125
4945,-12.172119140625
4946,-14.121826171875
4947,38.33349609375
4948,27.935302734374996
4949,-4.740966796875
4950,-17.675537109375
4951,-17.09521484375
4952,99.6669921875
4953,99.387939453125
4954,32.7578125
4955,-24.024658203124996
4956,96.634765625
4957,102.577880859375
4958,-17.283447265625
4959,-15.541748046875
4960,21.720947265625004
4961,6.33984375
4962,12.614990234375
4963,-10.474853515625002
4964,18.25
4965,7.982421875000001
4966,13.721435546875
4967,47.30859375
4968,16.40869140625
4969,-18.24853515625
4970,86.70166015625
4971,91.5693359375
4972,-1.1899414062499998
4973,-19.3935546875
4974,88.536376953125
4975,90.593505859375
4976,-11.368896484374998
4977,-19.404296875
4978,-13.785644531250002
4979,89.271484375
4980,97.07421875
4981,20.929443359375
4982,-13.91845703125
4983,90.026123046875
4984,99.17041015625
4985,-18.02001953125
4986,-25.064697265625004
4987,1.2036132812499998
4988,13.937255859375
4989,16.281494140625
4990,7.30859375
4991,8.531005859375
4992,15.133544921875
4993,16.4296875
4994,23.64990234375
4995,8.18701171875
4996,-20.76318359375
4997,31.02880859375
4998,31.722167968749996
4999,-1.085205078125
5000,-16.837158203125
5001,28.47900390625
5002,31.765869140625
5003,5.959716796875
5004,-15.401611328125
5005,-1.12841796875
5006,4.259765625
5007,2.828125
5008,-17.91455078125
5009,-1.2529296875
5010,5.55712890625
5011,0.36938476562499983
5012,2.064453125
5013,4.0556640625
5014,-16.295166015625
5015,97.04882812500001
5016,93.814453125
5017,16.589599609375
5018,-22.823486328125
5019,96.30712890625
5020,93.429443359375
5021,-10.970458984374998
5022,-5.732177734375001
5023,3.390380859375
5024,6.06005859375
5025,3.08642578125
5026,-16.95947265625
5027,6.0107421875
5028,-0.191162109375
5029,-2.795166015625
5030,-6.422607421875
5031,0.64794921875
5032,0.8483886718750001
5033,15.845458984374998
5034,7.781005859374999
5035,-12.155517578125
5036,4.90673828125
5037,12.779296875
5038,15.139892578125
5039,23.255126953125
5040,4.3583984375
5041,78.81494140624999
5042,-32.875244140625
5043,-47.23754882812501
5044,29.87060546875
5045,84.424560546875
5046,-39.627197265625
5047,-45.0126953125
5048,-22.219482421875
5049,48.10131835937501
5050,4.01708984375
5051,-11.949951171875
5052,-0.17260742187499956
5053,-15.4619140625
5054,7.111083984375
5055,-8.78759765625
5056,-2.638427734375
5057,8.365234375
5058,1.9912109375
5059,-12.4560546875
5060,35.25048828125
5061,40.081787109375
5062,-21.32080078125
5063,-7.298095703125
5064,37.087890625
5065,36.550537109375
5066,2.592529296875
5067,-4.9453125
5068,60.1123046875
5069,-61.18115234375
5070,-40.96630859375
5071,58.35302734375
5072,71.0478515625
5073,-57.557861328125
5074,-43.14868164062499
5075,-35.435302734375
5076,83.99121093749999
5077,3.508056640625
5078,-50.147216796875
5079,-30.877197265625004
5080,43.44506835937501
5081,76.935546875
5082,-46.89379882812501
5083,-29.25634765625
5084,-24.781494140625
5085,-3.292236328125
5086,-18.60986328125
5087,105.18359374999999
5088,103.040283203125
5089,103.18188476562501
5090,-15.257568359375
5091,102.11938476562501
5092,102.3154296875
5093,17.856689453125
5094,-44.181396484375
5095,2.88916015625
5096,1.2138671875
5097,-1.824462890625
5098,1.5893554687500002
5099,2.16064453125
5100,-3.692626953125
5101,3.679443359375
5102,-23.752685546875
5103,6.35498046875
5104,-37.900634765625
5105,81.0927734375
5106,99.99951171875
5107,26.732421875
5108,-43.47070312500001
5109,82.026123046875
5110,102.04248046874999
5111,-8.2373046875
5112,-38.13818359375001
5113,5.128173828125
5114,7.5029296875
5115,7.667236328125
5116,15.912109375
5117,1.8598632812499998
5118,5.44970703125
5119,9.405517578125
5120,38.58544921875
5121,5.122802734375
5122,-26.705810546875
5123,26.094726562500004
5124,31.130859375
5125,-6.794677734375
5126,-19.201171875
5127,27.496582031250004
5128,31.881103515625
5129,-6.281005859374999
5130,-20.0087890625
5131,-2.96728515625
5132,-11.225341796875
5133,-1.2504882812499998
5134,-8.41162109375
5135,-1.971923828125
5136,-9.534912109375
5137,-2.213134765625
5138,-2.8486328124999996
5139,-9.18505859375
5140,-0.8115234375
5141,5.828125
5142,0.1640625
5143,-14.2275390625
5144,6.43017578125
5145,3.6826171875000004
5146,-1.479736328125
5147,11.098876953125
5148,0.535888671875
5149,-28.757812499999996
5150,82.709716796875
5151,107.80517578125
5152,35.5
5153,-44.4169921875
5154,80.982666015625
5155,102.58740234374999
5156,-10.567626953125
5157,-22.80712890625
5158,-25.705322265625004
5159,43.67041015625
5160,35.23193359375
5161,8.222900390625
5162,-18.693603515625
5163,44.865478515625
5164,39.236328125
5165,9.335693359375
5166,-21.723876953125
5167,1.992919921875
5168,9.06103515625
5169,4.901611328125
5170,13.893798828125
5171,6.219482421875
5172,3.990234375
5173,3.2509765624999996
5174,40.42504882812501
5175,4.386962890625
5176,-6.180908203125
5177,8.161865234375
5178,4.654052734375
5179,-5.5263671875
5180,4.131103515625
5181,13.856201171875
5182,6.947509765625
5183,34.298828125
5184,0.1513671875
5185,42.4765625
5186,-23.511474609375
5187,-32.56103515625
5188,2.914794921875
5189,45.473876953125
5190,-29.384033203124996
5191,-26.974853515625
5192,59.68627929687501
5193,31.0029296875
5194,40.2197265625
5195,-34.350341796875
5196,-52.698974609375
5197,70.8251953125
5198,58.74877929687501
5199,-34.493408203125
5200,-53.24243164062499
5201,-33.7177734375
5202,101.575439453125
5203,-41.876708984375
5204,62.9658203125
5205,73.075927734375
5206,57.09716796875
5207,-76.3759765625
5208,53.923583984375
5209,67.916748046875
5210,-15.384033203125
5211,-39.29638671875
5212,-1.321044921875
5213,59.97412109375
5214,58.88183593749999
5215,-44.448486328125
5216,-13.5
5217,59.140869140625
5218,61.85400390625
5219,-9.919189453125
5220,-4.747070312500002
5221,-34.78515625
5222,25.328125
5223,29.811523437499996
5224,82.58935546875
5225,-40.017822265625
5226,31.481689453125
5227,27.307373046875
5228,-38.859130859375
5229,-42.41455078125
5230,-19.02587890625
5231,11.81787109375
5232,13.894775390625
5233,-2.841796875
5234,-23.850830078125
5235,15.73583984375
5236,15.730712890625
5237,1.771484375
5238,-25.061767578125
5239,47.05517578125
5240,-0.37158203125
5241,-6.337646484375
5242,5.64501953125
5243,58.24853515625
5244,0.29614257812499983
5245,-6.20703125
5246,78.01708984375
5247,64.322265625
5248,-3.006591796875
5249,-5.721923828125
5250,0.81201171875
5251,74.91015625
5252,-14.244873046875
5253,5.603759765625
5254,6.78271484375
5255,8.807373046875
5256,11.689697265625
5257,-1.691650390625
5258,9.09423828125
5259,8.09130859375
5260,14.7333984375
5261,10.653564453125
5262,6.404541015625
5263,8.312744140625
5264,22.6630859375
5265,-1.2768554687500002
5266,-0.228271484375
5267,12.1298828125
5268,6.8056640625
5269,-4.448486328125
5270,7.10400390625
5271,14.586669921875
5272,9.5341796875
5273,20.465576171875
5274,-3.04443359375
5275,-7.513916015625
5276,2.904052734375
5277,2.662353515625
5278,-0.06762695312500006
5279,-1.7016601562499998
5280,10.781494140625
5281,-0.84619140625
5282,31.946044921875
5283,2.579345703125
5284,55.924072265625
5285,-65.234375
5286,-45.384033203125
5287,48.30078125
5288,53.6484375
5289,-69.0009765625
5290,-41.74365234375
5291,-37.518310546875
5292,73.735595703125
5293,88.54296875
5294,-1.1455078125
5295,9.918457031249996
5296,14.83154296875
5297,77.90966796875
5298,0.9997558593750001
5299,10.91259765625
5300,138.80029296875
5301,27.338623046875
5302,-4.86083984375
5303,3.5
5304,-14.708984375
5305,13.656982421875
5306,-3.31005859375
5307,6.835693359374999
5308,-11.143798828125
5309,4.93896484375
5310,3.49462890625
5311,-7.49267578125
5312,-2.68359375
5313,-5.178955078125
5314,-14.486572265625
5315,-14.4658203125
5316,-4.236083984375
5317,-2.349609375
5318,-13.797607421875
5319,-6.034423828125
5320,-6.325439453125
5321,-0.4345703125
5322,-0.067626953125
5323,-32.80419921875
5324,-12.39404296875
5325,1.517822265625
5326,6.418701171875
5327,-9.913818359375
5328,-8.45703125
5329,27.594482421875
5330,-28.350341796875004
5331,-32.685791015625
5332,50.53466796875
5333,15.211181640625
5334,-28.5966796875
5335,-33.26416015625
5336,-34.88037109375
5337,7.760986328125
5338,46.227783203125
5339,-40.24243164062499
5340,-47.08740234375
5341,52.162353515625
5342,47.63427734375
5343,-43.526123046875
5344,-47.79296875
5345,-5.0126953125
5346,32.673828125
5347,29.947509765625
5348,7.472412109374999
5349,-17.71533203125
5350,21.810791015625
5351,63.01708984375
5352,16.620361328125
5353,-18.010498046875
5354,-15.24560546875
5355,71.11669921875
5356,-3.83203125
5357,-0.9738769531249999
5358,11.175781249999998
5359,2.014892578125
5360,0.79296875
5361,0.69921875
5362,14.035400390625
5363,9.213134765625
5364,-1.005859375
5365,9.204833984375
5366,-2.892333984375
5367,2.807861328125
5368,-11.50341796875
5369,6.412841796875
5370,-7.575927734375
5371,3.487060546875
5372,35.4267578125
5373,9.89697265625
5374,15.501708984374998
5375,44.76562499999999
5376,42.423095703125
5377,-2.743896484375
5378,-7.094970703125
5379,42.608154296875
5380,38.4091796875
5381,-15.926025390625
5382,-13.09033203125
5383,4.525146484375001
5384,45.3974609375
5385,46.12744140625
5386,-20.773681640625
5387,4.2734375
5388,52.30126953125
5389,55.498291015625
5390,-7.861083984375
5391,-8.97412109375
5392,77.48046875
5393,40.649169921875
5394,-38.031005859375
5395,90.38061523437499
5396,24.498291015625
5397,40.65771484375
5398,-38.044677734375
5399,3.4487304687499996
5400,68.045166015625
5401,-13.1171875
5402,23.557861328125
5403,28.114013671875
5404,66.64697265625
5405,-20.281982421875
5406,27.457275390625
5407,25.0810546875
5408,-6.54248046875
5409,14.031738281250002
5410,2.3249511718750004
5411,72.055419921875
5412,38.724609375
5413,21.25439453125
5414,5.962890624999999
5415,68.969970703125
5416,37.040771484375
5417,-8.552978515625
5418,11.947509765625
5419,29.044921875
5420,-15.258300781250002
5421,-27.928955078125
5422,17.854248046875
5423,40.29296875
5424,-15.901123046875
5425,-31.580078125
5426,39.047607421875
5427,26.34326171875
5428,10.98681640625
5429,-8.75830078125
5430,-9.7255859375
5431,3.0947265624999996
5432,24.553955078125
5433,-7.829345703125
5434,-11.947998046875
5435,17.173828125
5436,20.450439453125
5437,5.424072265625
5438,-7.16748046875
5439,-9.026611328125
5440,-1.644775390625
5441,11.35400390625
5442,-7.876220703125
5443,-7.70556640625
5444,0.466064453125
5445,-0.280029296875
5446,29.015869140625
5447,-28.999023437499996
5448,-1.138916015625
5449,9.626220703125
5450,18.228271484375
5451,-28.188232421875
5452,-3.497802734375
5453,-13.083251953125
5454,11.63720703125
5455,1.1806640625
5456,-10.874755859375
5457,-9.438720703125
5458,-5.82666015625
5459,17.2958984375
5460,-8.07958984375
5461,-10.363037109375
5462,13.81884765625
5463,31.16796875
5464,5.39697265625
5465,-8.8193359375
5466,-3.416748046875
5467,11.55029296875
5468,6.671875
5469,-8.72314453125
5470,2.646728515625
5471,4.16796875
5472,-6.263427734375
5473,-10.5498046875
5474,-3.002685546875
5475,5.04443359375
5476,-6.750244140625001
5477,-10.05615234375
5478,-1.364501953125
5479,6.362548828125
5480,11.17529296875
5481,-0.48364257812499983
5482,-2.70849609375
5483,-6.43603515625
5484,-0.41552734375
5485,-14.236572265625
5486,4.87255859375
5487,-5.04296875
5488,-2.8271484375000004
5489,-11.442626953125
5490,-1.642333984375
5491,-13.6708984375
5492,8.1279296875
5493,-7.133544921875
5494,-14.89599609375
5495,-8.4814453125
5496,2.436767578125
5497,-2.299072265625
5498,-7.88818359375
5499,-16.53564453125
5500,-21.01416015625
5501,63.59814453125001
5502,51.870849609375
5503,-66.700927734375
5504,0.409912109375
5505,60.978271484375
5506,44.51171875
5507,-18.96337890625
5508,-14.26220703125
5509,-8.025390625
5510,21.626953125
5511,10.520263671875
5512,16.63330078125
5513,-8.810302734375
5514,20.175537109375
5515,10.906494140625
5516,14.72802734375
5517,-3.917236328125
5518,-3.074951171875
5519,-10.03759765625
5520,-7.413818359374999
5521,-2.6245117187500004
5522,3.819091796875
5523,-6.936767578125
5524,-5.379150390625001
5525,5.513916015625
5526,1.357177734375
5527,-1.4296875
5528,13.5732421875
5529,20.4794921875
5530,-3.470703125000001
5531,-1.8447265625
5532,16.4130859375
5533,18.682861328125
5534,22.039794921875
5535,-13.222656249999998
5536,9.937744140625
5537,-56.441162109375
5538,-45.61499023437499
5539,37.9736328125
5540,38.55908203125
5541,-56.2548828125
5542,-45.5205078125
5543,-10.733154296875
5544,36.203125
5545,-15.463134765625
5546,-10.149169921875
5547,-9.118896484375
5548,5.20849609375
5549,8.554443359375
5550,-7.86767578125
5551,-9.964111328125
5552,3.48095703125
5553,-0.457763671875
5554,-2.58203125
5555,8.679931640625
5556,4.63134765625
5557,27.778076171875
5558,12.867431640625
5559,2.36376953125
5560,7.571533203125
5561,20.419189453125
5562,4.413818359375
5563,23.744873046875
5564,-10.857666015625002
5565,-4.75146484375
5566,2.412841796875
5567,13.510009765625
5568,-9.67724609375
5569,6.828125
5570,104.918701171875
5571,21.054443359375
5572,3.33837890625
5573,-11.375488281250002
5574,-5.63720703125
5575,4.779052734375
5576,9.090087890625
5577,-9.503662109375
5578,-10.350830078125
5579,-6.59716796875
5580,-0.58642578125
5581,-0.480224609375
5582,-1.160888671875
5583,-10.596923828125
5584,1.23828125
5585,-4.38232421875
5586,-6.46533203125
5587,-7.6162109375
5588,-8.480712890625
5589,-9.2724609375
5590,25.359130859375
5591,-6.496337890625001
5592,-5.29833984375
5593,-9.978271484374998
5594,6.27490234375
5595,-7.072265624999999
5596,-2.155029296875
5597,-11.836425781250002
5598,14.971435546875
5599,19.52880859375
5600,-7.610595703125
5601,-17.150146484375
5602,5.529296875000001
5603,20.98876953125
5604,-12.55712890625
5605,-21.605712890625
5606,5.83837890625
5607,4.4521484375
5608,6.866455078125
5609,-33.091552734375
5610,-13.39599609375
5611,6.274169921875
5612,35.70263671875
5613,-29.889892578125
5614,-11.358642578125
5615,5.871337890625001
5616,23.39990234375
5617,21.375976562500004
5618,-17.79345703125
5619,-22.036376953125
5620,3.40283203125
5621,24.824707031250004
5622,-13.923828125
5623,-19.220458984375
5624,5.3408203125
5625,10.101806640625
5626,31.15673828125
5627,1.919677734375
5628,-21.982421875
5629,-9.70458984375
5630,20.08349609375
5631,2.409912109375
5632,-20.569091796875004
5633,-1.6259765625
5634,30.8564453125
5635,-8.6083984375
5636,-3.94140625
5637,-6.296142578125
5638,-1.244873046875
5639,5.24755859375
5640,4.6005859375
5641,-5.3115234375
5642,1.593994140625
5643,-2.624267578125
5644,-3.134521484375
5645,-2.114013671875
5646,3.677490234375
5647,-15.8154296875
5648,-1.8588867187500002
5649,-4.44873046875
5650,6.26416015625
5651,-7.2294921875
5652,3.01220703125
5653,-4.76806640625
5654,47.0986328125
5655,33.970947265625
5656,-13.412353515625002
5657,2.1132812499999996
5658,46.454345703125
5659,28.1748046875
5660,-3.515869140625
5661,10.707763671875
5662,-15.22021484375
5663,27.054931640625
5664,39.384521484375
5665,57.23583984375
5666,-27.87939453125
5667,26.379150390625
5668,34.976318359375
5669,-10.8173828125
5670,13.79150390625
5671,60.47631835937501
5672,-21.931396484375
5673,-26.162841796875004
5674,9.0068359375
5675,16.01611328125
5676,-18.537353515625
5677,-29.58935546875
5678,77.8251953125
5679,79.830078125
5680,8.589111328125
5681,46.727783203125
5682,31.041748046875
5683,33.302001953125
5684,9.726806640625
5685,48.728271484375
5686,27.52197265625
5687,-0.421630859375
5688,-6.529052734375
5689,11.01904296875
5690,-12.734619140625
5691,-4.30859375
5692,5.24658203125
5693,14.247802734375
5694,-2.3994140624999996
5695,-2.446044921875
5696,-14.52001953125
5697,25.87060546875
5698,10.9580078125
5699,-9.214111328125
5700,-8.346435546875
5701,2.76953125
5702,22.918212890625
5703,-10.187744140625
5704,-13.937011718749998
5705,14.938720703125
5706,26.795898437499996
5707,1.001708984375
5708,0.13134765625
5709,-2.00390625
5710,-12.843017578125
5711,1.8422851562499998
5712,-4.16796875
5713,-7.080810546875
5714,39.127685546875
5715,-0.013916015625
5716,0.9895019531249999
5717,12.911865234375
5718,6.1513671875
5719,31.109619140625
5720,5.576904296875
5721,8.94580078125
5722,14.1162109375
5723,-17.601318359375
5724,26.66650390625
5725,12.388916015625002
5726,-7.45263671875
5727,-5.50146484375
5728,4.45751953125
5729,16.20166015625
5730,-4.98583984375
5731,-5.88623046875
5732,-3.211181640625
5733,14.478515625
5734,8.472900390625
5735,2.185302734375
5736,-15.384033203125
5737,-9.9443359375
5738,8.787109375
5739,-0.076171875
5740,-12.073974609375
5741,37.67529296875
5742,2.397705078125
5743,-7.561279296875
5744,52.025634765625
5745,34.3759765625
5746,5.087158203125
5747,3.37060546875
5748,54.530517578125
5749,34.62109375
5750,-4.197021484375
5751,-6.393798828125
5752,-6.19482421875
5753,36.017333984375
5754,29.634521484375
5755,1.475341796875
5756,-11.875488281250002
5757,34.7890625
5758,26.010009765625
5759,-11.234130859375
5760,13.817138671875
5761,-12.2412109375
5762,14.279541015625002
5763,17.482421875
5764,-26.43115234375
5765,-15.65869140625
5766,10.488525390625
5767,19.732666015625
5768,0.25927734375
5769,-9.59033203125
5770,-36.29345703125
5771,-79.325439453125
5772,-2.13720703125
5773,13.1484375
5774,60.324462890625
5775,-75.62109374999999
5776,-6.74267578125
5777,-20.493408203124996
5778,26.786865234375
5779,-4.88427734375
5780,0.80615234375
5781,7.781005859374999
5782,-15.01904296875
5783,4.552001953125
5784,-0.30029296875
5785,12.680175781250002
5786,-2.6162109375000004
5787,5.015380859374999
5788,-13.4521484375
5789,21.027832031250004
5790,17.0126953125
5791,-14.49658203125
5792,-1.8701171874999996
5793,20.641357421875
5794,20.7587890625
5795,-2.11181640625
5796,0.61181640625
5797,-23.923828125
5798,41.2529296875
5799,38.065673828125
5800,34.795654296875
5801,-20.148193359375
5802,43.9140625
5803,32.05615234375
5804,-19.530029296875
5805,4.680908203124999
5806,25.938232421875
5807,-0.3173828125
5808,-14.38818359375
5809,-7.998291015625
5810,0.69287109375
5811,-0.9865722656249999
5812,-13.9853515625
5813,60.4384765625
5814,4.54443359375
5815,-51.166015625
5816,-66.3203125
5817,20.592041015625
5818,10.223876953125
5819,17.727294921875
5820,-68.08056640625
5821,16.545166015625
5822,-26.579101562500004
5823,2.539306640625
5824,0.29687500000000017
5825,6.22607421875
5826,6.56689453125
5827,-13.31689453125
5828,-11.203857421875
5829,7.892822265625
5830,9.357177734375
5831,3.00732421875
5832,-7.419677734375
5833,-6.0234375
5834,40.8125
5835,50.837890625
5836,-21.112548828125
5837,-26.071533203124996
5838,45.65087890625
5839,53.25195312500001
5840,-1.169921875
5841,-2.312500000000001
5842,27.69677734375
5843,-4.128662109375
5844,6.457763671875
5845,19.21435546875
5846,87.7548828125
5847,9.311279296875
5848,7.641357421875
5849,43.611083984375
5850,28.986083984375
5851,-17.357177734375
5852,17.274169921875
5853,24.211181640625
5854,-13.674560546875
5855,-19.060546875
5856,8.908935546875
5857,19.875976562500004
5858,-4.6875
5859,-17.504150390625
5860,4.71337890625
5861,18.657470703125
5862,9.466796875
5863,-3.947265625
5864,-7.423583984375
5865,19.036376953125
5866,7.724365234375
5867,6.933349609374999
5868,9.573974609375
5869,1.3117675781249991
5870,57.27368164062499
5871,69.527587890625
5872,18.969482421875
5873,-15.51806640625
5874,56.822265625
5875,63.96826171875
5876,-14.220703125
5877,-17.01708984375
5878,-20.842529296875
5879,-7.831298828125
5880,13.3037109375
5881,-13.052734375
5882,-12.1943359375
5883,-8.993896484375
5884,8.179931640625
5885,-7.520751953125
5886,-21.800048828125
5887,-14.972656249999998
5888,20.452880859375
5889,20.760986328125
5890,-7.839599609374999
5891,-28.7431640625
5892,21.933349609375
5893,22.593505859375
5894,-3.853759765625
5895,-21.967773437499996
5896,4.811279296875
5897,-22.094726562500004
5898,-0.23291015625
5899,-12.85693359375
5900,-11.466064453125
5901,-13.87255859375
5902,-3.204345703125
5903,-5.5712890625
5904,-13.177490234375
5905,3.4384765624999996
5906,9.299560546875
5907,7.040283203125
5908,-16.3125
5909,-1.203857421875
5910,9.29248046875
5911,9.275146484374998
5912,15.624267578125
5913,-5.918212890625001
5914,24.06884765625
5915,-48.921630859375
5916,-84.0634765625
5917,32.065673828125
5918,30.237060546875
5919,-43.96435546874999
5920,-81.79541015625
5921,-19.455810546875
5922,53.5703125
5923,9.410156249999998
5924,6.5458984375
5925,-4.739990234375
5926,-4.595703125
5927,-6.430419921875
5928,0.77001953125
5929,-7.1884765625
5930,2.365966796875
5931,-23.62060546875
5932,-25.3466796875
5933,21.564208984375
5934,23.882080078125
5935,-10.003906249999998
5936,-2.707763671875
5937,19.288818359375
5938,27.648437500000004
5939,-6.0068359375
5940,-21.283935546875
5941,-10.029541015625002
5942,0.2373046875
5943,7.835693359374999
5944,-3.5908203124999996
5945,-18.8955078125
5946,-1.642578125
5947,0.077392578125
5948,7.210205078125
5949,-17.03369140625
5950,3.472900390625
5951,0.107177734375
5952,8.352783203125
5953,3.7724609375000004
5954,-6.299560546875
5955,-0.9072265625
5956,10.428466796875
5957,23.691650390625
5958,-2.257080078125
5959,15.614501953125
5960,128.8525390625
5961,71.26025390625
5962,87.92626953125
5963,-26.032470703125
5964,124.5458984375
5965,69.598876953125
5966,12.193115234375
5967,12.094238281250002
5968,44.108642578125
5969,-23.898681640625
5970,-5.623291015625
5971,30.4482421875
5972,54.458984375
5973,-23.35888671875
5974,-3.076904296875
5975,-5.95556640625
5976,42.730224609375
5977,4.2001953125
5978,8.04833984375
5979,1.9594726562499998
5980,3.952880859375
5981,0.6657714843750001
5982,13.220703125
5983,2.1904296875
5984,27.812744140625
5985,2.875244140625
5986,24.055908203124996
5987,-2.767822265625
5988,-11.772949218749998
5989,7.981201171875
5990,15.29541015625
5991,-3.810302734375
5992,-12.21875
5993,-3.731201171875
5994,17.2666015625
5995,13.765380859375
5996,10.141845703125
5997,3.665283203125
5998,9.047607421875
5999,10.784423828125
6000,8.2587890625
6001,5.779541015625
6002,18.164794921875
6003,19.2744140625
6004,31.14111328125
6005,-18.640869140625
6006,-21.16796875
6007,-1.853515625
6008,35.99755859375
6009,-24.593017578125
6010,-23.516845703125
6011,-2.4560546875000004
6012,27.9404296875
6013,17.51953125
6014,-15.095458984374998
6015,-21.2138671875
6016,2.358154296875
6017,21.668701171875
6018,-15.545166015625002
6019,-22.864501953125
6020,2.1201171875
6021,26.510009765625
6022,23.333740234375
6023,-17.16943359375
6024,-19.49609375
6025,-3.867431640625
6026,28.00830078125
6027,-16.931884765625
6028,-22.2607421875
6029,-4.989990234375
6030,22.791259765625
6031,19.35400390625
6032,-13.4443359375
6033,-21.48583984375
6034,-1.423095703125
6035,24.755859375
6036,-15.14306640625
6037,-21.80078125
6038,5.539794921875
6039,33.49365234375
6040,7.24951171875
6041,7.26318359375
6042,-3.594482421875
6043,-3.1584472656250004
6044,12.068603515625002
6045,0.24731445312499992
6046,0.05102539062499998
6047,-18.091064453125
6048,8.759033203125
6049,10.4091796875
6050,6.3291015625
6051,2.2060546875
6052,1.945556640625
6053,-0.10571289062499978
6054,7.170166015625
6055,7.534423828125
6056,12.6982421875
6057,5.29150390625
6058,22.6962890625
6059,-22.051513671875
6060,-16.833251953125
6061,-4.122314453125
6062,8.5751953125
6063,-21.883056640625
6064,-19.93896484375
6065,-9.815185546875
6066,18.73291015625
6067,-3.35888671875
6068,-25.378173828125
6069,-15.365234375
6070,8.417724609375
6071,9.562255859375
6072,-23.924560546875
6073,-22.3857421875
6074,2.470458984375
6075,10.873291015625002
6076,6.991455078125
6077,-9.036865234375
6078,5.814208984375
6079,-13.14501953125
6080,-3.659912109375
6081,-7.08447265625
6082,4.54052734375
6083,15.8603515625
6084,-4.751708984375
6085,-2.157958984375
6086,-10.361328125
6087,0.6662597656249999
6088,-6.765625000000001
6089,-3.9228515624999996
6090,-9.60009765625
6091,-0.499755859375
6092,-7.893798828125
6093,-13.058593750000002
6094,-18.375
6095,37.50830078125
6096,39.04736328125
6097,-23.957763671875
6098,14.478515625
6099,43.152587890625
6100,44.80566406250001
6101,-11.285156249999998
6102,-7.32275390625
6103,-10.755126953125
6104,27.4892578125
6105,39.97119140625
6106,36.9482421875
6107,-10.015136718749998
6108,32.023193359375
6109,31.0029296875
6110,-14.502685546875
6111,5.887451171875
6112,5.71875
6113,1.924560546875
6114,-9.405517578125
6115,-5.083740234375
6116,-6.92041015625
6117,4.692138671875
6118,-14.746093750000002
6119,31.118896484375
6120,0.32666015625
6121,-13.069091796875
6122,8.413818359375
6123,-6.490478515625
6124,-17.8740234375
6125,-13.988281249999998
6126,6.957763671875
6127,-2.61962890625
6128,-6.382080078125
6129,-6.166015624999999
6130,-9.516845703125
6131,5.380126953125
6132,8.062744140625
6133,-18.671630859375
6134,15.18310546875
6135,7.71728515625
6136,12.94287109375
6137,-11.583251953125
6138,-6.744384765625
6139,28.325927734374996
6140,-74.122802734375
6141,-24.570312499999996
6142,64.755859375
6143,15.734130859375
6144,-73.975830078125
6145,-26.166015625
6146,-16.545654296875
6147,29.591552734374996
6148,19.34521484375
6149,-61.992919921875
6150,-54.640869140625
6151,21.33544921875
6152,-12.977783203125
6153,-72.956298828125
6154,-54.62695312500001
6155,-49.175537109375
6156,44.43212890625
6157,-10.13623046875
6158,22.069580078125
6159,23.874023437499996
6160,51.68798828125
6161,-17.878173828125
6162,22.500732421875
6163,18.679931640625
6164,-15.205078125000004
6165,-22.349609375
6166,-21.35986328125
6167,82.7578125
6168,80.0439453125
6169,23.489501953125
6170,-22.797851562500004
6171,82.04541015625
6172,79.63232421875
6173,-8.010986328125
6174,-20.107177734374996
6175,55.099365234375
6176,-2.234619140625
6177,-0.72802734375
6178,6.889892578125
6179,14.655761718749998
6180,5.84423828125
6181,6.301513671875
6182,56.42993164062499
6183,39.551513671875
6184,-1.037353515625
6185,-3.64208984375
6186,5.586669921875
6187,5.841796875000001
6188,-4.1044921875
6189,-3.78564453125
6190,4.84375
6191,18.695068359375
6192,-1.4038085937500002
6193,6.855712890624997
6194,110.992431640625
6195,83.41162109375
6196,64.048583984375
6197,-12.037841796875
6198,108.65771484375
6199,85.231689453125
6200,8.61279296875
6201,-5.170166015625
6202,9.521728515625002
6203,-0.017578125
6204,8.89404296875
6205,0.68408203125
6206,3.661865234375
6207,4.644287109374999
6208,15.843261718749998
6209,20.773681640625
6210,2.6928710937499996
6211,-5.70166015625
6212,8.18359375
6213,10.744140625
6214,6.112548828125
6215,-11.183593750000002
6216,4.501708984375
6217,10.1376953125
6218,8.932861328125
6219,-8.99560546875
6220,-12.919921875
6221,26.03759765625
6222,44.968505859375
6223,-11.321044921875
6224,-21.427490234375
6225,27.02197265625
6226,35.88525390625
6227,3.52880859375
6228,-20.855957031250004
6229,-7.9443359375
6230,22.14306640625
6231,3.713623046875
6232,-11.122314453125
6233,-11.961669921875
6234,20.110351562500004
6235,3.71533203125
6236,19.29541015625
6237,-7.56005859375
6238,28.870361328125
6239,-60.07080078125
6240,-69.7294921875
6241,42.4404296875
6242,45.883544921875
6243,-61.6865234375
6244,-68.892333984375
6245,-24.4033203125
6246,17.848876953125
6247,5.670654296875
6248,7.69580078125
6249,0.9094238281249999
6250,17.10009765625
6251,4.1064453125
6252,8.025390625
6253,7.826416015625
6254,37.519287109375
6255,2.108154296875
6256,-6.5302734375
6257,6.170166015625
6258,27.840576171875
6259,9.97998046875
6260,-19.7158203125
6261,5.8388671875
6262,23.738525390625
6263,8.559326171875
6264,-20.44189453125
6265,-18.508544921875
6266,24.181640625
6267,19.657958984375
6268,0.353271484375
6269,-12.271240234375
6270,22.774169921875
6271,17.055908203125
6272,8.95556640625
6273,-14.885498046875
6274,-9.061279296875
6275,-10.92626953125
6276,-19.50244140625
6277,-1.5029296875
6278,-4.5146484375
6279,-12.205322265625
6280,-22.3564453125
6281,-5.10009765625
6282,-8.412109375
6283,-16.703369140625
6284,-9.1787109375
6285,-15.572265625
6286,-9.951171875
6287,-19.252197265625004
6288,-8.509765625
6289,-17.363037109375
6290,1.236083984375
6291,-7.86181640625
6292,1.376953125
6293,2.108154296875
6294,4.01318359375
6295,-5.289306640625001
6296,-0.5107421875
6297,3.3955078124999996
6298,5.46533203125
6299,19.525390625
6300,-10.083984375
6301,-42.68505859375
6302,-63.502685546875
6303,-12.45751953125
6304,26.446533203124996
6305,38.91015625
6306,-65.708984375
6307,-9.355224609375
6308,2.428466796875
6309,-1.06884765625
6310,-13.74560546875
6311,47.888916015625
6312,48.776123046875
6313,-6.017822265625
6314,-13.69970703125
6315,46.614013671875
6316,42.955078125
6317,-7.153076171875
6318,-15.410888671875
6319,-13.349609375
6320,40.929443359375
6321,19.0712890625
6322,10.427978515625002
6323,-8.449462890625
6324,37.1884765625
6325,15.65625
6326,3.2001953124999996
6327,-2.419189453125
6328,-3.82470703125
6329,-4.35009765625
6330,4.77587890625
6331,-8.097900390625
6332,-9.262939453125
6333,-1.6147460937500002
6334,-0.76611328125
6335,26.75634765625
6336,-7.884521484375
6337,12.160156249999998
6338,-55.26245117187499
6339,-64.28564453125
6340,41.02124023437499
6341,11.885986328125
6342,-52.837890625
6343,-65.530517578125
6344,0.490966796875
6345,47.85693359375001
6346,-7.971923828125
6347,-0.94580078125
6348,3.37060546875
6349,-2.321044921875001
6350,-12.72314453125
6351,1.5454101562499998
6352,0.7404785156249999
6353,28.998046875
6354,-4.276611328125
6355,-14.252197265625
6356,82.627197265625
6357,88.3583984375
6358,18.743408203124996
6359,-11.89208984375
6360,84.88867187499999
6361,88.2490234375
6362,2.74658203125
6363,-28.422119140625
6364,-22.4912109375
6365,50.94189453125001
6366,53.874267578125
6367,-19.0400390625
6368,-13.9921875
6369,52.241455078125
6370,52.093017578125
6371,-7.73291015625
6372,-13.26806640625
6373,-25.88818359375
6374,87.86181640625
6375,87.009521484375
6376,17.9580078125
6377,-3.050781250000002
6378,93.604248046875
6379,88.47607421875
6380,-0.6201171875000002
6381,-17.53515625
6382,-4.29443359375
6383,6.789794921875
6384,16.0693359375
6385,-8.724609375
6386,-5.094970703125
6387,14.203369140625
6388,18.840332031250004
6389,14.138427734375
6390,-13.27783203125
6391,-12.743408203125
6392,96.060791015625
6393,90.60595703125
6394,25.742919921875
6395,-8.328857421875
6396,97.04443359375
6397,86.416015625
6398,-4.234130859375
6399,-10.976074218749998
6400,-2.81494140625
6401,4.4990234375
6402,0.461669921875
6403,-12.952880859375
6404,-4.62060546875
6405,6.20166015625
6406,-0.8103027343750001
6407,12.5751953125
6408,-8.03857421875
6409,-3.635986328125
6410,78.481201171875
6411,76.177978515625
6412,2.54833984375
6413,-9.931396484374998
6414,74.7470703125
6415,70.139404296875
6416,-15.828369140625
6417,1.125244140625
6418,-4.045166015625
6419,5.244384765625
6420,12.94384765625
6421,-6.95166015625
6422,-6.1845703125
6423,9.413574218749998
6424,11.420166015625002
6425,12.6162109375
6426,-10.17333984375
6427,-1.6550292968750024
6428,90.41259765625001
6429,90.9296875
6430,12.454833984374998
6431,-4.80029296875
6432,89.283447265625
6433,86.975830078125
6434,-14.286376953125
6435,-0.9577636718750018
6436,-2.303955078125
6437,1.793212890625
6438,5.22509765625
6439,-22.340576171875
6440,-3.203125
6441,-2.659423828125
6442,-4.605224609375
6443,13.326171875
6444,-4.285888671875
6445,-8.77685546875
6446,54.94677734375
6447,52.492919921875
6448,43.50439453125001
6449,-5.4150390625
6450,52.80224609375
6451,53.217041015625
6452,8.545166015625
6453,-7.18408203125
6454,-11.077636718749998
6455,-0.7060546875
6456,-0.032958984375
6457,-9.979248046875
6458,-2.943359375
6459,-0.42163085937499994
6460,-2.73583984375
6461,21.219482421875
6462,-5.519287109374999
6463,-5.548583984375
6464,103.504150390625
6465,92.868408203125
6466,33.942626953125
6467,-3.800537109375
6468,100.580078125
6469,100.83154296875
6470,1.498046875
6471,-11.521240234375
6472,-10.489501953125
6473,-2.02587890625
6474,-5.692626953125
6475,-19.49560546875
6476,-6.43701171875
6477,-2.404052734375
6478,0.21240234375
6479,13.484863281250002
6480,-5.1611328125
6481,-13.40087890625
6482,91.015380859375
6483,93.08349609375
6484,36.731201171875
6485,-8.426269531250002
6486,99.09423828125
6487,95.126953125
6488,1.791015625
6489,-2.1564941406250004
6490,-6.802490234375
6491,-6.3466796875
6492,-4.726806640625001
6493,-12.792236328125
6494,-4.5546875
6495,-7.869873046875
6496,-4.411376953125
6497,9.132568359375
6498,-7.188232421875
6499,-16.296875
6500,38.431884765625
6501,30.024658203124996
6502,1.1748046875
6503,-14.82373046875
6504,38.364013671875
6505,32.61669921875
6506,-11.00537109375
6507,-9.5390625
6508,-12.464111328125
6509,9.97998046875
6510,5.451416015625
6511,3.382080078125
6512,-6.9326171875
6513,2.279296875
6514,-0.8225097656249999
6515,24.708984375
6516,-11.2099609375
6517,-13.18310546875
6518,97.2197265625
6519,94.88427734375
6520,26.679687500000004
6521,-4.557861328125002
6522,92.913818359375
6523,94.49951171875
6524,-2.567138671875
6525,-9.775390625
6526,-2.72998046875
6527,-4.2998046875
6528,-2.29833984375
6529,-18.341796875
6530,-6.4658203125
6531,0.8825683593750001
6532,0.9562988281249999
6533,14.91259765625
6534,-4.0107421875
6535,-14.24560546875
6536,89.9482421875
6537,99.10205078125
6538,37.56933593749999
6539,-6.580078124999999
6540,92.126953125
6541,95.435791015625
6542,1.177978515625
6543,-1.9104003906250027
6544,-6.50244140625
6545,-14.325927734375
6546,-11.475830078125
6547,-10.65185546875
6548,-1.3422851562499998
6549,-17.571044921875
6550,-10.994384765625
6551,6.62890625
6552,-6.694580078125
6553,-9.630126953125
6554,15.702880859375
6555,16.48095703125
6556,-0.8950195312500003
6557,-9.556884765625
6558,12.676513671875
6559,17.477294921875
6560,9.203125
6561,-3.704833984375
6562,-12.21240234375
6563,81.951904296875
6564,84.6552734375
6565,-2.193359375
6566,-13.70751953125
6567,82.48828125
6568,80.565673828125
6569,-10.549560546875
6570,-10.881103515625002
6571,-17.83251953125
6572,44.04541015625
6573,48.63183593749999
6574,-10.475341796875
6575,-10.638916015625002
6576,47.081787109375
6577,50.89941406250001
6578,-6.3134765625
6579,-19.116455078125
6580,-12.152343750000002
6581,67.74609375
6582,68.272216796875
6583,-9.581298828125
6584,-14.1748046875
6585,63.858154296875
6586,65.478271484375
6587,-5.21240234375
6588,-11.89306640625
6589,-5.361572265624998
6590,93.16455078125
6591,91.763427734375
6592,23.851318359375
6593,-2.2255859375000018
6594,91.501708984375
6595,93.815185546875
6596,-12.028564453125
6597,-5.816406249999999
6598,-20.2294921875
6599,31.55322265625
6600,36.44677734375
6601,9.14599609375
6602,-17.821044921875
6603,27.83544921875
6604,27.61669921875
6605,11.220947265625
6606,-20.087646484375
6607,4.2060546875
6608,13.6474609375
6609,8.6474609375
6610,17.291015625
6611,9.3779296875
6612,4.813720703125
6613,2.30810546875
6614,28.8662109375
6615,8.92333984375
6616,-25.437255859375
6617,22.944091796875004
6618,20.27392578125
6619,-6.178955078125
6620,-21.28369140625
6621,20.287353515625
6622,16.17578125
6623,0.9191894531249999
6624,-22.451171875
6625,-10.8798828125
6626,-0.1252441406249999
6627,-2.562744140625
6628,-18.19580078125
6629,-3.81689453125
6630,0.8796386718750001
6631,-7.718505859374999
6632,16.6845703125
6633,-9.6923828125
6634,42.71630859375
6635,-73.528564453125
6636,-70.285888671875
6637,51.71630859375
6638,56.236328125
6639,-76.478515625
6640,-68.56982421875
6641,-36.236328125
6642,42.546142578125
6643,63.31005859375
6644,-0.05590820312500017
6645,-0.9465332031250023
6646,32.9326171875
6647,45.05029296875
6648,-0.6611328125000018
6649,-2.5773925781250018
6650,-2.747802734375
6651,63.14868164062499
6652,2.261474609375
6653,10.87939453125
6654,12.356689453125
6655,0.491943359375
6656,1.856689453125
6657,6.393798828125
6658,12.896484375
6659,15.328369140625
6660,-4.958740234375
6661,1.9819335937500002
6662,9.4912109375
6663,9.6103515625
6664,0.28076171875
6665,3.64892578125
6666,8.222900390625
6667,11.089599609375
6668,11.089599609375
6669,-1.7548828125
6670,14.667724609375
6671,0.837890625
6672,4.11279296875
6673,-0.05712890625
6674,12.509033203125
6675,3.637939453125
6676,-0.23486328125
6677,-26.697265625
6678,9.00390625
6679,19.804443359375
6680,-12.090087890625
6681,-11.244140625
6682,-3.704345703125
6683,18.130615234375
6684,-3.870361328125
6685,-9.055419921875
6686,66.085693359375
6687,23.795166015625
6688,36.53369140625
6689,-24.777832031250004
6690,-24.066650390625
6691,41.93017578125
6692,37.213134765625
6693,-26.965087890625
6694,-21.8212890625
6695,-18.48876953125
6696,51.17138671875
6697,36.283935546875
6698,-24.48193359375
6699,-27.874023437499996
6700,-4.4931640625
6701,36.291748046875
6702,-28.023437500000004
6703,-26.363525390625
6704,-4.16064453125
6705,32.7607421875
6706,-2.28173828125
6707,-3.26904296875
6708,-2.901123046875
6709,-16.33056640625
6710,-1.8247070312499998
6711,-2.429931640625
6712,-3.728759765625
6713,13.552734375
6714,-1.04541015625
6715,-12.925537109375
6716,6.038818359374999
6717,10.028076171875
6718,-21.504150390625
6719,-11.014404296875
6720,5.495361328125
6721,12.0634765625
6722,-5.984375
6723,-15.350830078125
6724,-3.773193359375
6725,-10.997802734375
6726,1.062744140625
6727,47.369140625
6728,2.093017578125
6729,-13.36181640625
6730,0.375
6731,-18.244873046875
6732,-9.38134765625
6733,35.70849609375
6734,-19.712158203124996
6735,-9.207763671875
6736,8.885009765625
6737,30.514648437499996
6738,-16.947509765625
6739,-18.208984375
6740,53.46533203125
6741,29.546142578125
6742,2.4494628906250004
6743,-3.00244140625
6744,-4.10205078125
6745,-17.94873046875
6746,0.8642578125
6747,-1.9233398437500002
6748,-0.8347167968750001
6749,-21.24560546875
6750,-0.317138671875
6751,-9.488281249999998
6752,-2.39306640625
6753,0.8181152343750001
6754,-14.710449218749998
6755,-10.586425781250002
6756,3.0419921875000004
6757,-1.2924804687500002
6758,-10.311279296875
6759,-3.36474609375
6760,-21.553466796875004
6761,12.69677734375
6762,18.12548828125
6763,-10.384277343750004
6764,-11.850830078125
6765,18.89892578125
6766,16.102294921875
6767,-8.562255859375
6768,-19.811767578125
6769,-3.2172851562499996
6770,41.78369140625
6771,43.34228515625
6772,-9.609375
6773,-0.44580078125
6774,49.737060546875
6775,41.910888671875
6776,-13.425048828125
6777,1.3798828125
6778,-16.188232421875
6779,15.709228515625002
6780,18.201904296875
6781,-6.419433593750002
6782,-17.255859375
6783,15.330322265625
6784,16.076171875
6785,-11.8037109375
6786,-10.000244140625
6787,-14.761474609375
6788,-1.446044921875
6789,-0.71826171875
6790,-10.23681640625
6791,-7.701416015625
6792,0.9948730468750001
6793,-1.849609375
6794,-13.962158203125
6795,-9.227783203125
6796,-4.032470703125
6797,3.0009765624999996
6798,5.742919921875
6799,-5.869873046875
6800,2.10888671875
6801,3.411865234375
6802,6.659912109374999
6803,-27.83642578125
6804,-1.7319335937500002
6805,11.146484375
6806,1.3310546875
6807,-7.51171875
6808,-11.906738281250002
6809,5.39990234375
6810,4.056396484375
6811,-8.788818359375
6812,52.2392578125
6813,11.441650390625
6814,-17.087646484375
6815,-73.298828125
6816,-48.577392578125
6817,25.181396484375
6818,8.75
6819,-74.357666015625
6820,-51.98974609375
6821,-15.756591796875
6822,39.37939453125001
6823,-1.471923828125
6824,8.524658203125
6825,4.4794921875
6826,-13.225830078125
6827,-7.9736328125
6828,2.504638671875
6829,8.35302734375
6830,3.139404296875
6831,-3.510498046875
6832,9.45068359375
6833,61.93994140625
6834,60.45947265625
6835,-6.181152343750001
6836,6.2568359375
6837,61.09033203125
6838,57.489013671875
6839,-15.9609375
6840,3.680419921875
6841,-13.327880859375
6842,10.28662109375
6843,10.54150390625
6844,1.065917968749998
6845,-18.644775390625
6846,12.025634765625
6847,9.677734375
6848,-9.523925781250002
6849,-12.810302734375
6850,15.842529296875
6851,-1.1152343750000002
6852,6.71484375
6853,-4.822265624999999
6854,0.51171875
6855,-4.262939453125
6856,3.853759765625
6857,-21.782958984375
6858,2.544921875
6859,3.615234375
6860,-11.567626953125
6861,-0.10546875
6862,-15.397705078125
6863,3.85986328125
6864,-6.266845703125
6865,-6.616943359374999
6866,23.22998046875
6867,3.897216796875
6868,-10.7080078125
6869,19.239990234375
6870,14.34130859375
6871,2.437011718749998
6872,-3.12158203125
6873,25.134033203124996
6874,20.623779296875
6875,-5.199951171875
6876,-11.697021484374998
6877,-15.080810546875
6878,25.492431640625
6879,23.881591796875004
6880,2.9245605468749987
6881,-4.947998046875
6882,28.65771484375
6883,23.669921875
6884,-14.507080078125
6885,-11.417236328125
6886,10.5361328125
6887,-16.98095703125
6888,-9.183349609375
6889,-0.4907226562499999
6890,18.00634765625
6891,-19.341552734374996
6892,-15.874511718749998
6893,-16.19677734375
6894,22.355712890625
6895,11.607421875
6896,0.8154296874999998
6897,3.525634765625
6898,-20.193603515625
6899,3.65283203125
6900,1.7329101562499998
6901,3.04296875
6902,39.05004882812501
6903,17.195556640625
6904,-4.449951171875
6905,40.68359375
6906,40.065673828125
6907,21.466064453125
6908,26.807373046875
6909,32.45849609375
6910,32.82763671875
6911,4.028076171875
6912,-3.780029296875
6913,-12.72314453125
6914,37.756591796875
6915,42.716064453125
6916,12.445800781250002
6917,-11.539550781250002
6918,36.960693359375
6919,44.183837890625
6920,-12.63037109375
6921,5.90625
6922,3.86181640625
6923,-4.192626953125
6924,6.48046875
6925,-3.7587890624999996
6926,4.155029296875
6927,2.949951171875
6928,3.15283203125
6929,-27.7431640625
6930,9.310302734375
6931,32.853515625
6932,-13.855468750000002
6933,-27.123291015625
6934,1.8969726562499998
6935,5.323974609374999
6936,-8.75244140625
6937,-27.503662109375
6938,22.62939453125
6939,22.92431640625
6940,6.90380859375
6941,-0.7431640625
6942,0.8076171875
6943,-10.629638671875
6944,-2.58349609375
6945,-4.499755859375
6946,0.9721679687499998
6947,21.79296875
6948,-3.806884765625
6949,-4.055419921874998
6950,55.816650390625
6951,71.12060546875
6952,29.509033203124996
6953,-12.467529296875
6954,56.62841796875
6955,67.045166015625
6956,-1.2021484375
6957,16.060302734375
6958,16.7470703125
6959,-4.47998046875
6960,-15.17041015625
6961,8.626953125
6962,14.12353515625
6963,-3.359619140625
6964,-5.224853515625
6965,-11.328125
6966,9.12548828125
6967,24.2080078125
6968,-30.144287109375
6969,-20.394042968749996
6970,12.427001953125
6971,18.253662109375
6972,-27.57861328125
6973,-25.85009765625
6974,54.902587890625
6975,21.877197265625004
6976,11.69970703125
6977,-1.660400390625
6978,-1.768310546875
6979,-6.704833984375
6980,6.067138671875
6981,-5.749755859374999
6982,-3.309814453125
6983,-7.730712890625001
6984,-10.822021484374998
6985,0.13867187499999953
6986,25.56396484375
6987,67.048583984375
6988,-27.31982421875
6989,0.3845214843749999
6990,27.322509765625
6991,64.29052734375
6992,-9.65185546875
6993,-19.972412109375
6994,48.66381835937501
6995,-18.642333984375
6996,-41.1669921875
6997,78.1650390625
6998,53.717041015625
6999,-16.940673828125
7000,-41.68627929687501
7001,22.429687500000004
7002,19.02490234375
7003,17.54345703125
7004,13.173828125
7005,2.617431640625
7006,-0.488037109375
7007,0.2592773437500001
7008,11.0517578125
7009,4.42236328125
7010,15.444824218749998
7011,4.372314453125
7012,3.799560546875
7013,12.31396484375
7014,17.16796875
7015,3.3818359375000004
7016,20.44287109375
7017,17.315673828125
7018,15.581787109375
7019,11.740234375
7020,8.298583984375
7021,10.949218750000002
7022,-7.71142578125
7023,-11.814453125
7024,-3.673095703125
7025,22.773193359375
7026,-7.330078124999999
7027,-10.407470703125
7028,-6.47021484375
7029,19.4580078125
7030,11.30810546875
7031,-1.348876953125
7032,-10.75439453125
7033,-1.686767578125
7034,14.01904296875
7035,-0.7998046875000003
7036,-14.505615234375
7037,-22.55126953125
7038,0.8125
7039,19.313476562500004
7040,-3.1767578124999996
7041,-8.00390625
7042,-2.812744140625
7043,26.357666015625
7044,0.5361328125
7045,-7.10986328125
7046,60.326416015625
7047,-5.95556640625
7048,12.61865234375
7049,-4.2919921875
7050,-29.098388671875
7051,24.71337890625
7052,-8.8076171875
7053,-1.645263671875
7054,-28.99755859375
7055,-4.772216796875
7056,1.201171875
7057,-4.14501953125
7058,63.10131835937501
7059,50.355224609375
7060,-7.876708984375
7061,-5.345458984375
7062,63.5830078125
7063,52.42236328125
7064,-1.108642578125
7065,2.7905273437500004
7066,1.802001953125
7067,37.091064453125
7068,45.557373046875
7069,-16.28271484375
7070,-5.720458984375
7071,38.753662109375
7072,44.798095703125
7073,0.4169921875
7074,-4.27734375
7075,18.54638671875
7076,-9.660400390625
7077,-16.88671875
7078,11.2099609375
7079,12.19287109375
7080,-8.208984375
7081,-15.881591796875
7082,-0.29467773437500067
7083,32.387451171875
7084,48.53662109375
7085,65.88525390625
7086,27.70703125
7087,52.81591796875
7088,21.42431640625
7089,62.1103515625
7090,28.5263671875
7091,-0.6105957031249999
7092,-1.679931640625
7093,-5.907470703125
7094,5.697509765625
7095,15.940673828125
7096,-8.85888671875
7097,-1.395263671875
7098,4.692626953125
7099,12.569824218749998
7100,15.46875
7101,15.943115234375
7102,-5.71875
7103,11.3994140625
7104,15.782958984374998
7105,1.0048828125
7106,8.13671875
7107,11.928466796875
7108,20.28662109375
7109,23.814208984375
7110,3.16259765625
7111,-6.19189453125
7112,12.15087890625
7113,7.54296875
7114,0.33447265625000056
7115,-6.5234375
7116,8.25
7117,11.351318359375
7118,-0.80078125
7119,-8.01611328125
7120,-1.688232421875
7121,52.3466796875
7122,40.628173828125
7123,-5.7080078125
7124,11.140136718749998
7125,54.447021484375
7126,40.32470703125
7127,-7.6845703125
7128,7.194580078125
7129,1.0273437499999993
7130,43.2021484375
7131,36.488037109375
7132,-3.9096679687500004
7133,5.40869140625
7134,45.903076171875
7135,39.042724609375
7136,-10.156005859375
7137,-4.42919921875
7138,-14.98291015625
7139,12.582275390625
7140,0.292724609375
7141,-11.08154296875
7142,-20.246826171875
7143,16.3515625
7144,-1.11767578125
7145,-4.8427734375
7146,-6.986083984375
7147,-4.235107421875
7148,34.66064453125
7149,25.507568359375
7150,6.389160156249998
7151,-2.06640625
7152,38.172119140625
7153,26.456298828125
7154,-10.585205078125
7155,-2.592529296875
7156,3.19482421875
7157,1.695556640625
7158,1.1411132812500002
7159,-13.47412109375
7160,10.275634765625
7161,3.908447265625
7162,3.029541015625
7163,-17.44580078125
7164,11.4990234375
7165,8.562744140625
7166,-22.340087890625
7167,-11.874511718749998
7168,-8.4931640625
7169,17.806396484375
7170,-16.414306640625
7171,-8.011474609375
7172,0.56640625
7173,14.2490234375
7174,-2.472900390625
7175,-1.9272460937500002
7176,1.0341796875
7177,-14.664550781250002
7178,13.38623046875
7179,2.4716796875000004
7180,2.860107421875
7181,-18.67626953125
7182,10.3779296875
7183,1.609130859375
7184,-14.091064453125
7185,-8.65869140625
7186,1.796142578125
7187,8.56396484375
7188,-14.630615234375
7189,-15.231201171875
7190,-6.475830078125
7191,9.75439453125
7192,-11.554443359375
7193,11.130615234375
7194,29.664306640625
7195,-5.971435546875
7196,2.140869140625
7197,4.091064453125
7198,26.3076171875
7199,0.4853515625
7200,-4.461669921875
7201,-14.4541015625
7202,-27.964111328125
7203,-14.499511718749998
7204,-11.34814453125
7205,20.241455078125
7206,-28.440917968749996
7207,-13.120361328125
7208,-4.34716796875
7209,36.501953125
7210,-1.1967773437500002
7211,6.600830078125
7212,3.21875
7213,-12.141357421875
7214,1.128173828125
7215,9.260986328125
7216,0.8967285156250002
7217,-17.220947265625
7218,-1.3149414062499998
7219,9.718505859375
7220,3.423583984375
7221,-9.984130859375
7222,-2.847900390625
7223,-2.013427734375
7224,-0.26074218750000006
7225,-6.1953125
7226,-6.236572265625
7227,4.00439453125
7228,12.535156249999998
7229,-7.281982421875
7230,-13.324462890625
7231,1.200927734375
7232,39.04638671875
7233,-10.751953125
7234,-16.599609375
7235,17.4111328125
7236,26.837158203124996
7237,-17.124755859375
7238,-2.279296875
7239,-6.899658203125
7240,-6.3955078125
7241,-12.98193359375
7242,3.203125
7243,-5.79931640625
7244,-11.144531249999998
7245,2.175537109375
7246,-5.434814453125
7247,-16.2392578125
7248,0.254638671875
7249,-4.83935546875
7250,-1.8901367187500002
7251,-14.720458984374998
7252,0.277587890625
7253,-8.96533203125
7254,-5.551025390625001
7255,-12.148925781250002
7256,7.63134765625
7257,-3.3681640624999996
7258,-4.70556640625
7259,2.403076171875
7260,2.406494140625
7261,-2.21875
7262,-3.54150390625
7263,-3.03759765625
7264,-8.75341796875
7265,-10.960693359375
7266,-1.4931640625
7267,4.26025390625
7268,-12.398193359375
7269,-14.207031249999998
7270,-4.813232421875
7271,0.215087890625
7272,-6.54248046875
7273,6.1240234375
7274,1.250732421875
7275,-6.138916015625
7276,-4.912841796875
7277,17.439453125
7278,-4.97021484375
7279,-0.44750976562499983
7280,-4.5625
7281,7.38232421875
7282,10.324951171875
7283,5.007080078125
7284,-0.78564453125
7285,-14.892578125
7286,15.350341796875
7287,6.916748046875
7288,4.13818359375
7289,-16.960693359375
7290,12.029052734375
7291,7.145263671875
7292,-16.765869140625
7293,-18.65478515625
7294,-3.883544921875
7295,18.503662109375
7296,-20.932373046875
7297,-16.558349609375
7298,-9.049072265625
7299,7.3349609375
7300,9.1015625
7301,2.32177734375
7302,4.06005859375
7303,6.82373046875
7304,15.550781249999998
7305,7.31787109375
7306,-10.016357421875
7307,8.50537109375
7308,18.66552734375
7309,6.9130859375
7310,-1.4443359375
7311,-7.79541015625
7312,3.425048828125
7313,11.822998046875
7314,-0.094970703125
7315,-7.1650390625
7316,9.27685546875
7317,22.60400390625
7318,5.75048828125
7319,-17.248779296875
7320,-12.120849609375
7321,-1.589111328125
7322,16.02099609375
7323,-15.185791015625002
7324,-17.748779296875
7325,-8.714111328125
7326,11.783447265625
7327,-8.792236328125
7328,-8.80615234375
7329,2.108154296875
7330,-2.82421875
7331,13.94091796875
7332,-11.74072265625
7333,3.97265625
7334,10.983154296875
7335,21.03662109375
7336,-13.609619140625
7337,-2.362548828125
7338,-8.027587890625
7339,-19.191650390625
7340,0.33325195312500017
7341,-4.6435546875
7342,-6.131591796875
7343,-25.362548828125
7344,0.7570800781249999
7345,2.1318359375
7346,6.5283203125
7347,6.13623046875
7348,-15.574462890625
7349,7.1318359375
7350,6.729736328125
7351,2.683837890625
7352,-19.16455078125
7353,11.253662109375
7354,5.855224609374999
7355,-12.058593750000002
7356,-13.442138671875
7357,6.059814453125
7358,4.067138671875
7359,-8.30908203125
7360,-11.430175781250002
7361,10.060791015625002
7362,12.168701171875
7363,12.752197265625
7364,8.645263671875
7365,-10.61572265625
7366,-4.674560546875
7367,11.64208984375
7368,10.37646484375
7369,-12.004638671875
7370,-5.141845703125
7371,7.050537109374999
7372,9.3486328125
7373,12.406494140625
7374,0.545166015625
7375,-3.1591796875000004
7376,15.4833984375
7377,7.293212890625001
7378,-5.64990234375
7379,-9.44287109375
7380,15.414794921875
7381,14.312744140625
7382,-7.8251953125
7383,-14.364990234375
7384,-5.407958984375
7385,38.518310546875
7386,-11.449218750000002
7387,-16.783935546875
7388,15.021240234375
7389,32.0087890625
7390,-9.189453125
7391,-0.7141113281249999
7392,-0.042236328125
7393,-0.7817382812500007
7394,-5.203125
7395,-0.6733398437500002
7396,-2.709716796875
7397,3.550048828125
7398,-11.398193359375
7399,2.2236328125
7400,50.138427734375
7401,37.230224609375
7402,-12.536376953125
7403,17.346923828125
7404,43.22998046875
7405,37.695556640625
7406,-17.266845703125
7407,-4.241455078125
7408,3.5043945312500004
7409,52.241455078125
7410,58.693603515625
7411,-26.41064453125
7412,-0.3364257812499999
7413,45.40673828125
7414,53.332275390625
7415,-7.51611328125
7416,5.353515624999999
7417,18.140380859375
7418,-25.57177734375
7419,-36.377197265625
7420,26.079101562500004
7421,10.781738281250002
7422,-29.712890625
7423,-34.245849609375
7424,-19.253173828125
7425,9.268310546875
7426,39.75244140625
7427,-7.02490234375
7428,-18.95751953125
7429,5.28662109375
7430,20.148681640625
7431,-4.562744140625
7432,-17.7587890625
7433,-5.158935546875
7434,24.33984375
7435,15.60302734375
7436,-14.114990234375
7437,-12.913818359375
7438,-7.858642578125
7439,7.891845703125
7440,-12.348388671875
7441,-14.325927734375
7442,25.04931640625
7443,21.352294921875
7444,-9.3134765625
7445,2.3955078124999996
7446,-10.54541015625
7447,-13.475341796875
7448,-1.4135742187500002
7449,4.55517578125
7450,-9.564453125
7451,-22.559082031250004
7452,10.517578125
7453,-6.66162109375
7454,-3.534912109375
7455,2.748291015625
7456,1.23828125
7457,-2.526611328125
7458,0.7373046875
7459,10.432861328125
7460,0.6301269531249999
7461,-8.6396484375
7462,-1.539306640625
7463,6.541259765625
7464,-0.330810546875
7465,-6.916015624999999
7466,-1.6884765625
7467,2.513671875
7468,4.354248046875
7469,-12.9853515625
7470,0.479736328125
7471,14.458251953125
7472,-13.14697265625
7473,-24.06884765625
7474,-0.6318359375
7475,11.234130859375
7476,-12.11865234375
7477,-18.244873046875
7478,13.882568359375
7479,15.149169921875
7480,-11.815185546875
7481,-7.905029296875
7482,0.4482421874999999
7483,-5.62109375
7484,-3.13916015625
7485,-13.151611328125
7486,1.747802734375
7487,-5.00146484375
7488,-7.408203124999999
7489,-9.10791015625
7490,-1.071044921875
7491,4.25927734375
7492,-5.831787109375001
7493,-16.859619140625
7494,4.474365234375
7495,-0.205322265625
7496,0.6923828125
7497,-18.14111328125
7498,8.0068359375
7499,43.92822265625
7500,49.086669921875
7501,4.20361328125
7502,2.96435546875
7503,52.83618164062499
7504,49.53857421875
7505,-3.614013671875
7506,-0.18212890625
7507,-14.91162109375
7508,15.187988281250002
7509,3.1416015624999996
7510,-7.342529296875
7511,-4.644775390625001
7512,18.77197265625
7513,2.775390625
7514,-7.436279296875
7515,-3.91357421875
7516,-18.120849609375
7517,5.1259765625
7518,3.8212890624999996
7519,1.8955078125
7520,-7.178955078125
7521,5.4072265625
7522,-0.11181640625
7523,-5.721923828125
7524,-5.709716796875
7525,-8.631103515625
7526,2.30517578125
7527,3.561767578125
7528,-14.94287109375
7529,2.53369140625
7530,-1.9506835937500002
7531,1.807861328125
7532,-17.202392578125
7533,0.531982421875
7534,7.298095703125
7535,-1.02978515625
7536,-4.3876953125
7537,-10.5185546875
7538,25.083740234375
7539,0.498046875
7540,-2.5751953124999996
7541,-10.48095703125
7542,22.56201171875
7543,7.82470703125
7544,-12.98095703125
7545,-8.514404296875
7546,-3.808349609375
7547,18.8974609375
7548,-18.139404296875
7549,-13.034912109375
7550,-9.073974609375
7551,10.716796875
7552,-4.355712890625
7553,-23.619384765625
7554,-8.761474609375
7555,-7.492431640625001
7556,21.163330078125
7557,-25.577392578125
7558,-2.933837890625
7559,0.958984375
7560,41.375244140625
7561,3.802978515625
7562,0.3994140625
7563,1.35546875
7564,9.278564453125
7565,1.131103515625
7566,5.6630859375
7567,-0.26220703125
7568,-4.985107421875
7569,7.325927734375
7570,-0.489013671875
7571,15.234863281250002
7572,0.7783203125
7573,-14.23974609375
7574,-1.19140625
7575,18.016845703125
7576,7.17724609375
7577,33.21630859375
7578,3.16748046875
7579,-17.275390625
7580,73.662109375
7581,75.927490234375
7582,41.7109375
7583,-28.12060546875
7584,78.567626953125
7585,74.54443359375
7586,-6.393310546875
7587,11.663818359375
7588,-7.7060546875
7589,-27.898193359375
7590,-24.1845703125
7591,-5.8740234375
7592,-3.686279296875
7593,-33.917236328125
7594,-24.257080078125
7595,-0.011230468750000444
7596,33.23828125
7597,7.58251953125
7598,5.167724609374999
7599,12.006103515625002
7600,-4.56689453125
7601,14.068603515625002
7602,8.965087890625
7603,4.224365234375
7604,5.605712890625001
7605,15.941650390625
7606,15.061279296875
7607,11.356201171875
7608,-13.906494140625
7609,8.17138671875
7610,10.144531249999998
7611,4.76416015625
7612,-8.10400390625
7613,-11.2666015625
7614,0.2392578125
7615,-1.6665039062499998
7616,-3.953369140625
7617,-1.381103515625
7618,-18.96240234375
7619,6.209228515625
7620,4.84765625
7621,-6.490966796875
7622,16.629150390625
7623,-1.305419921875
7624,-15.160400390625
7625,41.402099609375
7626,38.497802734375
7627,-39.079833984375
7628,-28.37548828125
7629,39.92333984375
7630,34.403564453125
7631,-11.930175781250002
7632,-5.543701171875
7633,33.425537109375
7634,-14.497314453125
7635,-8.236083984375
7636,14.293212890625
7637,28.879638671875
7638,-10.05615234375
7639,-5.645751953125
7640,16.361083984375
7641,8.540283203125
7642,20.154296875
7643,11.962158203125
7644,2.958740234375
7645,1.997314453125
7646,10.703125
7647,10.44873046875
7648,9.869384765625
7649,-3.827880859375
7650,18.420166015625
7651,11.979248046875
7652,16.473388671875
7653,14.65380859375
7654,-2.326171875
7655,16.213623046875
7656,16.06982421875
7657,14.480468750000002
7658,-8.955078125
7659,6.091064453125
7660,12.2041015625
7661,-17.668212890625
7662,-2.332763671875
7663,4.499755859375
7664,13.824218750000002
7665,-18.1083984375
7666,-7.263916015625
7667,-27.338134765625
7668,75.299560546875
7669,-1.8720703125
7670,23.496826171875
7671,18.703369140625
7672,11.187988281250002
7673,-12.695800781250002
7674,17.4599609375
7675,18.171630859375
7676,3.428466796875
7677,-10.4052734375
7678,-2.331787109375
7679,3.001953125
7680,-7.77001953125
7681,-4.035888671875
7682,9.69970703125
7683,-2.884521484375
7684,-5.67919921875
7685,-15.4296875
7686,-1.487060546875
7687,1.715576171875
7688,3.975341796875
7689,2.439697265625
7690,-8.171142578125
7691,3.553466796875
7692,6.495849609374999
7693,3.938720703125
7694,46.122802734375
7695,8.659423828125
7696,67.97998046875
7697,41.983642578125
7698,-13.309326171875
7699,65.452880859375
7700,-4.677490234375
7701,40.69506835937501
7702,-23.330078125
7703,-8.041259765625
7704,41.93066406250001
7705,17.561767578125
7706,1.576904296875
7707,-7.424072265625
7708,-3.756591796875
7709,-7.851806640625001
7710,7.770751953125
7711,-8.315673828125
7712,31.003417968749996
7713,21.019287109375
7714,-13.068115234375
7715,-22.6298828125
7716,-18.80078125
7717,-7.52734375
7718,12.13134765625
7719,-21.779052734374996
7720,-20.05419921875
7721,0.6928710937500002
7722,18.461669921875
7723,7.73681640625
7724,6.24560546875
7725,-15.630126953125
7726,-17.478759765625
7727,8.697265625
7728,3.132568359375
7729,-15.90966796875
7730,-6.120849609374999
7731,-12.8564453125
7732,0.1508789062499969
7733,64.6875
7734,77.642822265625
7735,-67.577880859375
7736,-15.297363281250002
7737,68.0556640625
7738,90.044677734375
7739,-18.530029296875
7740,12.309814453125
7741,-8.228271484375
7742,30.341064453125
7743,18.53564453125
7744,14.249755859375
7745,6.458984375000001
7746,29.6181640625
7747,7.81640625
7748,10.25244140625
7749,-10.576171875
7750,-11.033935546875
7751,8.1083984375
7752,-10.653564453125
7753,-18.578857421875
7754,16.014404296875
7755,11.540283203125
7756,-9.607421875
7757,8.776611328125
7758,-2.65576171875
7759,58.42187500000001
7760,153.885498046875
7761,83.269287109375
7762,72.317626953125
7763,-37.2041015625
7764,155.826904296875
7765,91.74438476562501
7766,5.28955078125
7767,26.14111328125
7768,2.58837890625
7769,25.204833984375
7770,14.16845703125
7771,-17.197509765625
7772,2.4775390624999996
7773,18.00732421875
7774,9.059814453125
7775,5.23046875
7776,33.430419921875
7777,10.779296875
7778,2.65185546875
7779,2.494140625
7780,7.101806640625001
7781,16.770263671875
7782,2.121826171875
7783,-0.5859375
7784,2.142822265625
7785,8.98291015625
7786,16.269775390625
7787,12.050781249999998
7788,2.944580078125
7789,1.5766601562499998
7790,9.732666015625002
7791,-0.5454101562500009
7792,1.7260742187500002
7793,8.859619140625
7794,8.664794921875
7795,6.794921875000001
7796,13.43310546875
7797,-2.70361328125
7798,12.031738281250002
7799,5.22216796875
7800,14.919677734375
7801,-4.7177734375
7802,20.638427734374996
7803,4.8017578125
7804,-14.824951171875
7805,28.917236328125
7806,27.781494140625
7807,-2.43115234375
7808,-12.087158203125
7809,26.469726562500004
7810,28.421142578125
7811,8.717529296875
7812,-18.75048828125
7813,6.75390625
7814,8.490966796875
7815,7.1943359375
7816,-9.981689453125
7817,-2.0185546875
7818,9.937011718749998
7819,5.50146484375
7820,17.3662109375
7821,-5.474365234375
7822,6.570068359374999
7823,-70.1513671875
7824,-20.52001953125
7825,3.228759765625
7826,-24.412109375
7827,-69.648681640625
7828,-22.566650390625
7829,-51.60009765625
7830,108.05810546875
7831,-19.091796875
7832,21.296630859375
7833,27.251708984375
7834,1.663818359375
7835,-14.302001953125
7836,15.50927734375
7837,29.64306640625
7838,-5.0703125
7839,-26.78857421875
7840,69.302734375
7841,-21.148193359375
7842,10.867675781250002
7843,2.9296875
7844,32.1201171875
7845,-25.399169921875
7846,8.756591796875
7847,80.009033203125
7848,15.253173828125
7849,21.259521484375
7850,-49.40283203125
7851,-50.59765625
7852,15.2861328125
7853,112.174560546875
7854,-53.901611328125
7855,-50.348876953125
7856,33.3935546875
7857,18.29931640625
7858,25.831542968749996
7859,-19.342529296875
7860,-4.560546875
7861,-13.54931640625
7862,12.632080078125
7863,-21.87353515625
7864,4.77734375
7865,-23.22314453125
7866,19.012939453125
7867,18.941650390625
7868,-7.74951171875
7869,-17.286376953125
7870,2.840576171875
7871,17.5546875
7872,-7.611572265625
7873,-13.292236328125
7874,-8.2998046875
7875,25.191162109375
7876,1.005615234375
7877,13.78125
7878,-0.6281738281249999
7879,-5.849853515625
7880,1.2700195312499998
7881,13.5419921875
7882,-4.438720703125
7883,20.572998046875
7884,1.8168945312499998
7885,-2.89892578125
7886,8.55322265625
7887,10.006591796875
7888,-7.54248046875
7889,-2.764404296875
7890,1.4116210937500002
7891,3.0849609375000004
7892,1.95703125
7893,0.22607421874999956
7894,0.6374511718750001
7895,36.909423828125
7896,39.5654296875
7897,35.1923828125
7898,1.69140625
7899,33.558349609375
7900,44.704833984375
7901,-11.442138671875
7902,-3.9208984375000004
7903,-0.109130859375
7904,-1.404296875
7905,-8.30224609375
7906,-7.39599609375
7907,2.034912109375
7908,-4.57666015625
7909,-9.833740234375
7910,24.446533203124996
7911,-1.653076171875
7912,2.413330078125
7913,-1.314453125
7914,-3.729248046875
7915,-9.03125
7916,-2.871337890625
7917,0.61181640625
7918,3.8330078124999996
7919,-14.451171875
7920,2.258056640625
7921,-2.213134765625
7922,5.653076171875
7923,1.820556640625
7924,-4.254638671875
7925,-3.93603515625
7926,2.045166015625
7927,0.81103515625
7928,-8.181396484375
7929,0.7399902343750001
7930,23.665283203124996
7931,-14.92626953125
7932,-6.769287109374999
7933,-14.6103515625
7934,13.835205078125
7935,-9.085205078125
7936,-7.39208984375
7937,-10.430419921875
7938,13.237060546875
7939,11.423828125
7940,-11.10400390625
7941,2.2470703125
7942,-15.210205078125
7943,-1.188232421875
7944,-8.33203125
7945,6.248046875000001
7946,-10.028076171875
7947,4.1787109375
7948,-6.927978515625
7949,5.0908203125
7950,11.619873046875
7951,-3.21533203125
7952,-6.345703124999999
7953,0.8994140625
7954,11.922607421875
7955,-6.970703124999999
7956,-1.04150390625
7957,-4.878173828125
7958,-9.36865234375
7959,2.28076171875
7960,-15.18505859375
7961,-8.684814453125
7962,-6.301513671875
7963,7.697509765625
7964,-20.708740234375
7965,-7.196044921875
7966,8.263916015625
7967,-1.1320800781249998
7968,1.558349609375
7969,-6.613037109374999
7970,2.701416015625
7971,-5.0712890625
7972,1.4580078125
7973,-25.626220703125
7974,7.029296875000001
7975,0.681640625
7976,-2.368896484375
7977,-4.631591796875
7978,-18.249755859375
7979,1.4765625
7980,-3.927734375
7981,-5.50390625
7982,21.275146484375
7983,8.764892578125
7984,-9.071044921875
7985,12.367675781250002
7986,21.986328125
7987,6.590820312499999
7988,-4.05224609375
7989,15.04345703125
7990,18.15380859375
7991,-5.39697265625
7992,-7.60595703125
7993,-10.4052734375
7994,-3.248046875
7995,4.44921875
7996,-0.8515624999999998
7997,-3.03955078125
7998,2.3876953124999996
7999,8.43310546875
8000,-5.127197265625
8001,-12.26708984375
8002,-4.70556640625
8003,-6.748291015625
8004,2.26025390625
8005,-17.576416015625
8006,-15.452880859375
8007,-5.6689453125
8008,-3.235595703125
8009,-23.29296875
8010,-4.02734375
8011,20.500244140625
8012,-5.155517578125
8013,-3.154052734375
8014,-7.96044921875
8015,24.720703125
8016,-7.67236328125
8017,-7.39013671875
8018,-13.90869140625
8019,18.32373046875
8020,3.256103515625
8021,-5.0859375
8022,-2.32373046875
8023,3.515869140625
8024,-4.766357421875
8025,-3.259521484375
8026,-0.05615234375
8027,0.114501953125
8028,7.86962890625
8029,-0.6906738281249999
8030,1.541259765625
8031,-0.9951171875
8032,-0.364990234375
8033,-9.9755859375
8034,4.696533203125
8035,-8.251220703125
8036,24.057373046875
8037,-7.504150390625001
8038,3.718994140625
8039,2.4140625
8040,9.809326171875
8041,-17.603759765625
8042,-4.190673828125
8043,10.335449218749998
8044,13.677734375
8045,-7.026123046875
8046,-2.505126953125
8047,4.96337890625
8048,53.153564453125
8049,68.3642578125
8050,3.610595703125
8051,-21.009765625
8052,49.68554687499999
8053,62.810791015625
8054,-19.78662109375
8055,12.856689453125
8056,4.074951171875
8057,2.61279296875
8058,-7.785400390625001
8059,-3.4843749999999996
8060,-3.119384765625
8061,-8.4384765625
8062,-5.931396484375
8063,3.0888671875000004
8064,-3.389892578125
8065,-9.1591796875
8066,14.779052734375
8067,-0.4323730468750001
8068,-11.5029296875
8069,-2.71728515625
8070,15.394775390625
8071,-1.244140625
8072,-14.1572265625
8073,-5.91455078125
8074,-6.494384765625
8075,1.5888671875
8076,-9.582275390625
8077,-5.228271484375
8078,-2.6181640624999996
8079,3.339111328125
8080,-10.288818359375
8081,-27.20947265625
8082,-5.48486328125
8083,4.0791015625
8084,-9.254150390625
8085,-1.842041015625
8086,-7.615234375000001
8087,10.9716796875
8088,-10.8837890625
8089,-13.43896484375
8090,12.58447265625
8091,15.681640625
8092,10.453369140625
8093,-11.4580078125
8094,-17.07666015625
8095,-1.800537109375
8096,18.89306640625
8097,-10.401123046875
8098,-21.142822265625004
8099,-9.73974609375
8100,11.111328125
8101,32.34130859375
8102,-0.13623046875
8103,-25.943603515625
8104,1.124267578125
8105,21.738037109375
8106,1.553466796875
8107,-27.4462890625
8108,7.50439453125
8109,22.33203125
8110,10.597412109375
8111,-4.373046875
8112,-14.63720703125
8113,-4.354736328125
8114,11.334716796875
8115,-2.826416015625
8116,-16.125732421875
8117,-8.16455078125
8118,18.399169921875
8119,16.792724609375
8120,-26.763671875
8121,-21.4755859375
8122,11.3115234375
8123,21.048828125
8124,-25.19775390625
8125,-16.48681640625
8126,5.487060546875
8127,17.95263671875
8128,-2.932373046875
8129,8.728515625
8130,-2.420654296875
8131,15.580078125
8132,20.120849609375
8133,10.182861328125
8134,-0.322265625
8135,10.50439453125
8136,6.202880859374999
8137,5.261474609374999
8138,1.6000976562499998
8139,5.01806640625
8140,-10.611572265625
8141,5.572998046875
8142,-1.806396484375
8143,5.048583984375
8144,31.190673828125
8145,9.311767578125
8146,3.921875
8147,55.87841796875
8148,58.93554687499999
8149,-19.344482421875
8150,-3.28125
8151,57.03857421875
8152,53.447998046875
8153,-12.65869140625
8154,-21.42919921875
8155,21.914794921875
8156,-44.61279296875
8157,37.37890625
8158,4.8017578125
8159,5.1884765625
8160,-49.22900390625
8161,27.35791015625
8162,-71.265380859375
8163,96.8603515625
8164,10.598388671875
8165,-19.903076171875
8166,-14.51220703125
8167,13.64404296875
8168,39.649658203125
8169,-16.9326171875
8170,-15.959716796875
8171,-31.422851562500004
8172,42.173828125
8173,-7.295654296875
8174,10.82373046875
8175,7.94140625
8176,53.627685546875
8177,4.461669921875
8178,13.789306640625
8179,11.394531249999998
8180,24.60693359375
8181,0.4863281249999999
8182,-0.5605468749999998
8183,28.7841796875
8184,36.04638671875
8185,1.8676757812499998
8186,1.1572265624999996
8187,31.226806640625
8188,39.110107421875
8189,-6.348876953125
8190,3.3720703124999996
8191,-7.200439453125
8192,1.396484375
8193,6.34619140625
8194,-5.054931640625001
8195,-2.386962890625
8196,0.05322265625
8197,2.691650390625
8198,-21.467041015625
8199,12.410156249999998
8200,0.1259765625
8201,-8.506591796875
8202,3.377685546875
8203,-16.111572265625
8204,-2.16796875
8205,-7.4892578125
8206,10.14501953125
8207,-10.471435546875
8208,1.7387695312499998
8209,3.034423828125
8210,-9.174560546875
8211,4.59716796875
8212,-12.148925781250002
8213,8.59130859375
8214,-2.405517578125
8215,2.519775390625
8216,-3.177978515625
8217,-1.9296875
8218,28.201416015625
8219,-12.08349609375
8220,0.420166015625
8221,-6.14306640625
8222,9.523681640625
8223,-13.368408203125
8224,1.167724609375
8225,-14.870361328125
8226,7.133544921875
8227,7.476318359374999
8228,-1.745361328125
8229,5.039794921875
8230,-17.3896484375
8231,-8.554443359375
8232,-8.200439453125
8233,10.17529296875
8234,-0.71435546875
8235,-8.414794921875
8236,4.6064453125
8237,-2.668212890625
8238,6.8671875
8239,-5.54638671875
8240,-3.97509765625
8241,-4.710693359374999
8242,4.890380859374999
8243,-16.833251953125
8244,3.8505859375000004
8245,17.9775390625
8246,-16.213623046875
8247,-7.813720703125
8248,-9.702880859375
8249,12.4833984375
8250,-14.603759765625
8251,-12.95458984375
8252,-9.0087890625
8253,17.36572265625
8254,11.172363281250002
8255,-8.375244140625
8256,-3.66162109375
8257,3.6787109375000004
8258,22.57275390625
8259,-5.432861328125
8260,-4.51220703125
8261,0.8356933593750001
8262,11.455322265625
8263,12.63037109375
8264,4.62939453125
8265,18.26123046875
8266,-5.274169921875
8267,3.329833984375
8268,1.175537109375
8269,12.0498046875
8270,-12.096923828125
8271,9.7392578125
8272,-3.230712890625
8273,-6.757568359374999
8274,9.2470703125
8275,-11.556640625
8276,-4.7021484375
8277,-9.811279296875
8278,7.41552734375
8279,-4.199462890625
8280,0.177978515625
8281,6.80615234375
8282,6.481689453125
8283,3.252197265625
8284,-8.294189453125
8285,7.2294921875
8286,4.739990234375
8287,4.259765625
8288,-3.150146484375
8289,-1.585693359375
8290,16.374267578125
8291,-18.958984375
8292,-10.689208984374998
8293,2.5830078124999996
8294,11.307373046875
8295,-12.338623046875
8296,-16.052734375
8297,-9.425781249999998
8298,15.974853515625002
8299,-1.390380859375
8300,-6.3564453125
8301,2.4169921875000004
8302,-10.760498046875
8303,-8.763916015625
8304,-9.331787109375
8305,4.041259765625
8306,-9.376953125
8307,-2.115966796875
8308,10.907470703125
8309,-6.45458984375
8310,2.83984375
8311,-11.561279296875
8312,1.060302734375
8313,-3.05517578125
8314,-7.068115234375
8315,9.48095703125
8316,-5.08203125
8317,-5.140380859374999
8318,0.6477050781249996
8319,1.7456054687500002
8320,1.298583984375
8321,1.03271484375
8322,-1.894775390625
8323,3.3369140624999996
8324,-13.4501953125
8325,-0.476318359375
8326,6.854736328125
8327,-10.170166015625002
8328,-5.04150390625
8329,0.14404296875
8330,2.754150390625
8331,-8.85498046875
8332,-3.516845703125
8333,-9.2099609375
8334,4.96923828125
8335,0.81494140625
8336,-10.789550781250002
8337,-0.48974609375
8338,-10.616943359375
8339,1.642578125
8340,-9.501953125
8341,7.8857421875
8342,-2.416015625
8343,1.076171875
8344,-1.9663085937500002
8345,9.0576171875
8346,16.42578125
8347,-4.271240234375
8348,1.3833007812499998
8349,6.589111328125
8350,12.04345703125
8351,-10.750488281250002
8352,-0.8291015625
8353,7.083984375000001
8354,-11.86083984375
8355,5.4716796875
8356,-8.986328125
8357,-8.41552734375
8358,-10.560791015625002
8359,6.590576171875
8360,-7.81494140625
8361,-4.4013671875
8362,7.406005859374999
8363,-8.665771484375
8364,-2.03955078125
8365,-15.127685546875
8366,4.71044921875
8367,-7.169921875000001
8368,1.702880859375
8369,-0.8273925781249999
8370,-0.6796875
8371,23.1376953125
8372,-18.789794921875
8373,-9.824462890625
8374,-4.474609375
8375,20.178955078125
8376,-18.21826171875
8377,-8.642333984375
8378,-14.593994140625
8379,9.811767578125
8380,14.086181640625
8381,-5.072998046875
8382,20.056640625
8383,-6.52197265625
8384,-1.378173828125
8385,-3.4619140624999996
8386,22.4130859375
8387,-2.32763671875
8388,10.314453125
8389,9.74658203125
8390,-5.7099609375
8391,1.4714355468749996
8392,-2.163330078125
8393,6.481201171875
8394,-4.707763671875
8395,2.65380859375
8396,-12.0078125
8397,7.05078125
8398,-3.606201171875
8399,-8.122314453125
8400,6.563720703125
8401,-9.66748046875
8402,-5.7919921875
8403,-15.153076171875
8404,7.67724609375
8405,-6.676513671875
8406,-4.06005859375
8407,5.431884765625
8408,-8.7802734375
8409,3.552978515625
8410,-12.155761718749998
8411,-7.81591796875
8412,-11.29150390625
8413,1.8256835937500002
8414,-4.532470703125
8415,0.045166015625
8416,2.627685546875
8417,-0.7294921875
8418,-1.1064453124999996
8419,-4.851318359374999
8420,-7.79345703125
8421,6.25830078125
8422,-1.8041992187500002
8423,3.133056640625
8424,2.033203125
8425,5.883544921875
8426,11.855224609375
8427,2.66748046875
8428,-6.20947265625
8429,2.58837890625
8430,9.58447265625
8431,4.617919921875
8432,-10.85498046875
8433,6.151123046875
8434,25.23681640625
8435,-10.75927734375
8436,-3.35546875
8437,-8.0
8438,6.949462890625001
8439,-12.741943359375
8440,-7.648681640625001
8441,-12.057373046875
8442,11.88720703125
8443,18.93896484375
8444,-20.24560546875
8445,-17.6728515625
8446,1.197998046875
8447,16.894287109375
8448,-15.703857421875
8449,-16.371826171875
8450,4.751708984375
8451,5.712158203125
8452,15.805908203125
8453,-17.80908203125
8454,-11.052734375
8455,-8.011962890625
8456,11.44677734375
8457,-21.984375
8458,-9.052978515625
8459,-8.114990234375
8460,28.900634765625
8461,25.6669921875
8462,-14.52490234375
8463,-9.84814453125
8464,-1.326416015625
8465,16.333251953125
8466,-14.204833984374998
8467,-17.763427734375
8468,3.191650390625
8469,18.109619140625
8470,15.169677734375
8471,1.426513671875
8472,-2.01513671875
8473,-5.117919921875
8474,20.625976562500004
8475,2.32177734375
8476,1.14111328125
8477,-11.344970703125
8478,-3.593505859375
8479,4.678955078125
8480,-18.299560546875
8481,-11.273193359375
8482,-3.006103515625
8483,2.378173828125
8484,-15.841796875
8485,-6.883544921875
8486,-2.312255859375
8487,17.573486328125
8488,14.875244140625
8489,-16.144775390625
8490,-16.66015625
8491,3.561767578125
8492,19.268798828125
8493,-21.294189453125
8494,-19.393798828125
8495,0.092529296875
8496,-4.953857421875
8497,5.862548828125
8498,-1.8798828125
8499,-14.711181640625
8500,-3.844970703125
8501,-9.191650390625
8502,-2.798828125
8503,-13.200439453125
8504,-1.218017578125
8505,2.565673828125
8506,55.897705078125
8507,-18.027099609375
8508,-20.18505859375
8509,-8.575927734375
8510,15.679931640625
8511,-16.230712890625
8512,-26.3095703125
8513,-11.350830078125
8514,17.060302734375
8515,-22.840576171875
8516,-16.0390625
8517,-9.223876953125
8518,-8.41796875
8519,-2.207275390625
8520,-15.522705078125
8521,-8.52880859375
8522,-9.4267578125
8523,-3.075439453125
8524,-26.295898437499996
8525,-11.130859375
8526,4.6796875
8527,3.78955078125
8528,-5.041748046875
8529,-12.97119140625
8530,8.2529296875
8531,-9.1376953125
8532,-6.3359375
8533,30.337646484375
8534,-21.501708984375
8535,-2.28173828125
8536,-2.82958984375
8537,15.06396484375
8538,-21.484375
8539,-0.6967773437500002
8540,58.0478515625
8541,7.75830078125
8542,42.44482421875
8543,41.812255859375
8544,-2.808349609375
8545,115.166748046875
8546,-53.624755859375
8547,41.93212890625
8548,-5.078369140625001
8549,4.3720703125
8550,38.46997070312499
8551,-17.822265625
8552,45.5283203125
8553,64.274658203125
8554,-34.203857421875
8555,-37.701171875
8556,47.46875
8557,56.713134765625
8558,-3.189697265625
8559,-2.06640625
8560,4.729980468749999
8561,67.46630859375
8562,72.00244140625
8563,10.441650390625
8564,13.19287109375
8565,67.189453125
8566,60.771728515625
8567,-8.488525390625
8568,-9.89404296875
8569,-2.899658203125
8570,17.982177734375
8571,3.218505859375
8572,0.9299316406249999
8573,-5.315673828125
8574,21.826171875
8575,-1.468017578125
8576,17.763916015625
8577,-4.94189453125
8578,3.795654296875
8579,25.621826171875
8580,30.591552734374996
8581,-10.931396484374998
8582,-11.9462890625
8583,26.828857421875
8584,23.8408203125
8585,-5.189208984375
8586,-13.26123046875
8587,-22.89013671875
8588,-6.541259765625
8589,38.1875
8590,3.91845703125
8591,-2.567138671875
8592,-5.8017578125
8593,39.61572265625
8594,-4.34228515625
8595,-3.823974609375
8596,-1.2504882812499998
8597,28.27001953125
8598,38.26220703125
8599,-10.580810546875
8600,-3.535888671875
8601,27.123291015625
8602,45.54345703125
8603,-8.46484375
8604,-20.563232421875
8605,-8.1474609375
8606,46.360595703125
8607,49.06372070312499
8608,-0.7307128906249999
8609,-8.975830078125
8610,49.43945312500001
8611,45.216064453125
8612,-16.41259765625
8613,-45.50244140625
8614,2.11181640625
8615,0.08105468750000044
8616,-0.4697265625
8617,17.672119140625
8618,-16.874267578125
8619,2.074951171875
8620,5.957763671875
8621,-2.83056640625
8622,-12.44775390625
8623,20.5732421875
8624,-6.36279296875
8625,8.482666015625
8626,-1.819091796875
8627,-14.044677734375
8628,-7.434326171875
8629,12.9931640625
8630,-10.143310546875
8631,-9.09521484375
8632,26.883056640625
8633,-15.205810546875
8634,9.691406249999998
8635,-12.1337890625
8636,24.176025390625
8637,-9.520751953125
8638,5.85595703125
8639,39.890380859375
8640,-9.44775390625
8641,-24.44287109375
8642,40.64868164062499
8643,38.23120117187499
8644,-7.10986328125
8645,4.7158203125
8646,39.99951171875
8647,35.18408203125
8648,19.72412109375
8649,-8.23681640625
8650,-0.32421875
8651,-0.489013671875
8652,-10.998779296875
8653,2.853515625
8654,18.220458984375
8655,-3.083984375
8656,-5.111083984375
8657,7.22119140625
8658,6.14892578125
8659,6.05029296875
8660,14.40185546875
8661,-6.974853515625
8662,-9.767333984374998
8663,-0.24365234375
8664,21.407226562500004
8665,-1.561767578125
8666,-2.60693359375
8667,-1.323486328125
8668,-0.535400390625
8669,0.580078125
8670,2.340087890625
8671,-2.39404296875
8672,-2.010498046875
8673,0.399169921875
8674,0.408447265625
8675,-13.0380859375
8676,0.201171875
8677,11.537109375
8678,-8.779052734375
8679,-1.7954101562499998
8680,-0.518798828125
8681,7.9541015625
8682,-11.3935546875
8683,-10.141113281250002
8684,-3.820068359375
8685,7.24658203125
8686,7.525146484375
8687,-2.858642578125
8688,-0.76513671875
8689,-3.54345703125
8690,-2.27197265625
8691,4.720703124999999
8692,5.40087890625
8693,-1.039794921875
8694,-5.7255859375
8695,2.9052734375000004
8696,7.562255859374999
8697,13.861083984374998
8698,-7.250732421875
8699,21.2216796875
8700,-4.738037109374999
8701,19.314697265625004
8702,-7.635498046875
8703,0.02490234375
8704,-12.00439453125
8705,26.160888671875
8706,29.346435546875
8707,-1.917724609375
8708,-2.1474609375
8709,28.4013671875
8710,40.0419921875
8711,7.733154296875
8712,16.51806640625
8713,24.824951171875
8714,-13.146240234375
8715,5.2978515625
8716,-11.044677734375
8717,7.524658203125
8718,-11.7236328125
8719,0.468505859375
8720,-17.989990234375
8721,13.00634765625
8722,19.920654296875
8723,-15.924072265625
8724,-4.085205078125
8725,2.8876953124999996
8726,19.46044921875
8727,-12.971923828125
8728,-2.63232421875
8729,-1.354248046875
8730,13.260986328125
8731,-3.03271484375
8732,6.8447265625
8733,25.693603515625
8734,-2.41015625
8735,-7.71728515625
8736,5.057373046875
8737,30.32080078125
8738,-12.380126953125
8739,-4.813720703125
8740,6.912109375000001
8741,-8.102783203125
8742,6.248046875000001
8743,-15.249755859375
8744,8.520263671875
8745,-10.0966796875
8746,3.354248046875
8747,3.8701171875000004
8748,-14.811279296875
8749,-18.36767578125
8750,-19.193115234375
8751,1.4296875
8752,5.717529296875
8753,1.964599609375
8754,-17.63134765625
8755,-0.8601074218750001
8756,12.9150390625
8757,19.921630859375
8758,-3.76123046875
8759,-8.53369140625
8760,13.584716796875
8761,-11.063232421875
8762,-15.958984375
8763,-9.80029296875
8764,9.377197265625
8765,-18.680419921875
8766,-0.83154296875
8767,-6.661865234375
8768,-3.5283203124999996
8769,-5.140625
8770,0.7507324218750001
8771,-7.47705078125
8772,0.33447265625
8773,-8.864013671875
8774,-14.258056640625
8775,-3.654296875
8776,11.3828125
8777,-14.0478515625
8778,-5.251953124999999
8779,-21.059082031250004
8780,-3.568115234375
8781,-10.7646484375
8782,1.249267578125
8783,5.278564453125
8784,-2.8615722656250004
8785,5.998291015625
8786,8.50341796875
8787,6.193603515625
8788,-21.986083984375
8789,-19.619384765625
8790,10.687744140625
8791,9.753906249999998
8792,-13.930908203125
8793,-11.530761718749998
8794,20.325439453125004
8795,15.52490234375
8796,90.845947265625
8797,-63.702392578125
8798,-13.4208984375
8799,16.614501953125
8800,94.802734375
8801,-10.317138671875
8802,-23.424072265625004
8803,-18.863037109375
8804,-17.446044921875
8805,4.31103515625
8806,8.176025390625
8807,-1.185302734375
8808,-28.59375
8809,2.23046875
8810,8.872314453125
8811,0.303955078125
8812,-16.104736328125
8813,23.008544921875
8814,16.62646484375
8815,-22.648437500000004
8816,5.469970703125
8817,22.203857421875
8818,17.51904296875
8819,4.8408203125
8820,1.7578125
8821,118.904541015625
8822,-8.600341796875
8823,-34.114501953125
8824,50.4150390625
8825,19.76171875
8826,-7.69189453125
8827,-31.15869140625
8828,-36.653564453125
8829,96.356689453125
8830,113.35791015625
8831,14.216064453125
8832,-33.35546875
8833,24.3017578125
8834,29.184326171875
8835,13.168945312499998
8836,-34.185302734375
8837,23.43994140625
8838,26.585937500000004
8839,-21.614013671875
8840,-4.110595703125
8841,94.73095703125
8842,-20.600341796875004
8843,0.6074218750000003
8844,-3.209716796875
8845,102.944580078125
8846,1.5034179687499987
8847,0.9694824218749978
8848,-34.22900390625
8849,-55.942138671875
8850,17.2119140625
8851,9.59228515625
8852,48.522705078125
8853,-54.9208984375
8854,15.309814453125
8855,-22.36474609375
8856,10.405517578125
8857,-12.871337890625
8858,16.624267578125
8859,11.587158203125
8860,-4.121582031250001
8861,-7.261962890625001
8862,15.9814453125
8863,7.911865234375
8864,-7.714599609374999
8865,2.0615234375
8866,-2.592529296875
8867,4.495361328125
8868,7.636962890625001
8869,-6.375244140625001
8870,1.673095703125
8871,3.320068359375
8872,8.630126953125
8873,-21.66455078125
8874,20.955810546875
8875,9.809814453125
8876,-5.861572265625
8877,-5.670654296875
8878,10.287353515625002
8879,0.361083984375
8880,-2.108154296875
8881,-3.021240234375
8882,43.31103515625
8883,7.705810546875
8884,-6.604248046875
8885,34.5205078125
8886,29.74169921875
8887,6.276123046875
8888,3.502685546874999
8889,32.19873046875
8890,33.167724609375
8891,-0.210205078125
8892,4.236083984375
8893,-17.389404296875
8894,16.591552734375
8895,37.118896484375
8896,-6.39404296875
8897,11.929931640625
8898,13.569580078125
8899,36.258544921875
8900,10.648925781250002
8901,-4.31884765625
8902,46.269287109375
8903,125.62426757812499
8904,91.73681640625
8905,83.39306640625
8906,-10.9091796875
8907,125.8720703125
8908,91.897705078125
8909,-9.415771484374998
8910,13.573486328125
8911,2.685791015624999
8912,75.640625
8913,79.057373046875
8914,-28.697509765625
8915,-16.70849609375
8916,69.58544921875
8917,80.76196289062501
8918,-22.985107421875
8919,-53.036865234375
8920,0.561767578125
8921,-1.5454101562499998
8922,3.7265625
8923,7.640869140625001
8924,-10.2255859375
8925,-7.51220703125
8926,0.433349609375
8927,12.514892578125
8928,-9.708740234375
8929,-1.14306640625
8930,10.1708984375
8931,11.749755859375
8932,0.390625
8933,-1.516845703125
8934,7.635986328125
8935,9.621093750000002
8936,12.469238281250002
8937,-13.16943359375
8938,-15.218994140625
8939,33.591064453125
8940,22.412353515625
8941,-5.686279296875
8942,-3.80029296875
8943,39.246826171875
8944,25.182373046875
8945,3.93212890625
8946,-16.91259765625
8947,-14.925781249999998
8948,12.4208984375
8949,14.109863281250002
8950,45.05859375
8951,-2.64013671875
8952,14.441406249999998
8953,24.907958984375
8954,13.656005859375
8955,-15.299072265625
8956,0.587890625
8957,2.998779296875
8958,1.6928710937500002
8959,-3.8603515624999996
8960,1.425537109375
8961,-0.6457519531249999
8962,5.2578125
8963,20.498779296875
8964,8.383544921875
8965,-26.778076171875
8966,22.203857421875
8967,94.44140625000001
8968,-32.395751953125
8969,-6.096191406250002
8970,21.988525390625
8971,93.29736328124999
8972,-3.9765625
8973,-23.42822265625
8974,38.0966796875
8975,-14.801513671875
8976,-20.943603515625
8977,-2.716064453125
8978,25.381591796875004
8979,-15.164306640625
8980,-20.89111328125
8981,56.603271484375
8982,23.03955078125
8983,81.062744140625
8984,3.142822265625
8985,3.6479492187499964
8986,63.982177734375
8987,-4.045166015625
8988,-4.447265625000001
8989,11.151123046875
8990,35.281494140625
8991,55.121337890625
8992,-10.663330078125
8993,32.6904296875
8994,54.06103515625
8995,38.2705078125
8996,-3.2944335937500004
8997,36.164794921875
8998,52.15234375
8999,-24.445068359375
9000,-14.697998046875
