iteration,energy
1,-2.634033203125
2,-1.8623046875
3,1.6220703125
4,2.14501953125
5,-0.489501953125
6,1.12890625
7,2.75146484375
8,-1.6044921875
9,0.8293457031249999
10,14.659912109375
11,0.49169921875
12,-5.2119140625
13,-4.90966796875
14,3.697021484375
15,0.3056640625
16,-7.3876953125
17,14.650634765625
18,3.489990234375
19,29.03857421875
20,6.532470703125
21,-22.829833984375
22,2.554443359375
23,43.92041015625
24,15.489990234375
25,-22.254638671875
26,16.745361328125
27,-20.865478515625
28,-11.77001953125
29,32.715087890625
30,9.856689453125
31,-30.84130859375
32,-46.56054687499999
33,31.113037109375
34,8.773193359375
35,-14.420166015625002
36,7.941650390625001
37,-12.595947265625
38,6.3798828125
39,1.239013671875
40,11.527099609375
41,20.6513671875
42,6.325439453125
43,1.876953125
44,23.298095703125
45,11.6298828125
46,-77.109375
47,-74.28662109375
48,57.955810546875
49,-5.01123046875
50,10.0205078125
51,-75.84326171875
52,61.16259765625
53,39.610595703125
54,52.53369140625
55,66.649169921875
56,157.217529296875
57,-24.406005859375
58,31.209228515625
59,32.095703125
60,147.405517578125
61,-17.598388671875
62,-25.388671875
63,102.67041015625
64,10.195068359375
65,-8.396728515625
66,-2.481201171875
67,11.58837890625
68,5.761474609374999
69,-6.169921875000001
70,-2.25341796875
71,6.572509765625
72,16.7724609375
73,10.839599609375
74,-14.644287109375
75,-16.923828125
76,17.43408203125
77,19.4970703125
78,-18.115966796875
79,-15.632080078125
80,3.3095703124999996
81,27.167724609375
82,13.691406249999998
83,-8.493896484375
84,-4.380615234375
85,-11.05615234375
86,-0.29052734375
87,-7.649658203125
88,-1.793212890625
89,-9.865966796875
90,6.174072265625
91,38.900634765625
92,-28.159912109375
93,-22.470947265625004
94,-4.945068359374999
95,40.95068359375001
96,-28.336181640625
97,-26.925537109375
98,-16.497314453125
99,42.824462890625
100,15.5
101,2.9833984375000004
102,-2.11376953125
103,-19.541748046875
104,18.762207031250004
105,-1.834716796875
106,0.4482421875
107,49.85546875
108,19.281982421875
109,-2.803955078125
110,-6.46875
111,3.01123046875
112,14.475341796875
113,13.645263671875
114,-7.074951171875
115,0.01953125
116,22.684082031250004
117,7.536376953125
118,-1.5976562500000004
119,47.0400390625
120,59.25756835937501
121,-25.943603515625
122,-2.4306640624999996
123,51.27124023437499
124,56.22607421875
125,-12.385498046875
126,-15.673583984374998
127,20.157470703125
128,139.984619140625
129,140.257080078125
130,-0.320068359375
131,29.297851562500004
132,137.44921875
133,147.513916015625
134,-19.012207031250004
135,24.571044921875
136,31.950927734374996
137,37.590576171875
138,-33.981689453125
139,-9.00830078125
140,-27.179931640625
141,36.683837890625
142,-29.894775390625
143,113.23291015625
144,37.15087890625
145,8.55029296875
146,0.88134765625
147,2.75390625
148,-1.495849609375
149,-4.70947265625
150,0.455078125
151,-6.26513671875
152,7.6923828125
153,3.9375
154,16.4443359375
155,-47.851806640625
156,-58.0107421875
157,5.05029296875
158,21.10205078125
159,-55.610107421875
160,-54.686767578125
161,-13.976806640625
162,12.723876953125
163,1.280029296875
164,1.977294921875
165,-16.7294921875
166,-10.92626953125
167,-4.1328125
168,-1.049560546875
169,-10.89306640625
170,8.85498046875
171,6.500244140625001
172,-21.5068359375
173,39.68505859375
174,20.718994140625
175,-32.666748046875
176,-13.708984375
177,44.716552734375
178,22.37744140625
179,84.387451171875
180,-26.06201171875
181,-11.91650390625
182,-2.530029296875
183,-2.135498046875
184,17.16015625
185,-0.4252929687500009
186,0.2614746093749991
187,-7.603759765625
188,0.5361328125000002
189,-5.452880859374999
190,-7.193603515625
191,-1.2075195312499998
192,0.061279296875
193,5.3193359375
194,1.8935546875
195,-1.2685546875
196,-1.859375
197,11.869384765625
198,4.251220703125
199,15.26025390625
200,-23.922119140625
201,-19.898437500000004
202,12.239501953125
203,-22.250976562500004
204,-26.19775390625
205,-15.815673828125
206,44.86816406250001
207,19.08544921875
208,-10.987548828125
209,0.366455078125
210,16.123779296875
211,-18.446533203125
212,-1.760986328125
213,-7.7548828125
214,18.663330078125
215,-1.884033203125
216,3.244384765625
217,-9.252197265625
218,-9.22021484375
219,-9.488037109375
220,10.92626953125
221,15.618896484374998
222,-11.93505859375
223,-5.798095703125
224,29.612548828125
225,5.831298828125
226,-11.448486328125
227,-17.966064453125
228,103.71337890625
229,69.35693359375
230,-26.604248046875004
231,-19.276123046875
232,110.47680664062499
233,-33.973876953125
234,15.693603515625002
235,-9.483154296875
236,4.716064453125
237,-0.351318359375
238,35.939208984375
239,-1.0546875
240,1.6357421875
241,-0.8259277343750001
242,21.957275390625
243,-3.910888671875
244,2.065185546875
245,-3.74755859375
246,-9.263916015625002
247,-3.833984375
248,5.275390624999999
249,4.9248046875
250,-8.149169921875
251,-9.3388671875
252,-5.134765624999999
253,83.146484375
254,-22.986572265625004
255,-22.232177734374996
256,20.235107421875
257,78.232421875
258,-22.99365234375
259,-20.150390625
260,64.01611328125
261,77.173095703125
262,-19.329833984375
263,-10.859619140625
264,5.153076171875
265,7.09912109375
266,29.26806640625
267,-13.416259765625
268,5.616943359374999
269,-10.927490234375
270,-13.422607421875
271,-18.567626953125
272,-8.6103515625
273,-8.00390625
274,16.66796875
275,-7.1787109375
276,-4.78271484375
277,-9.500488281250002
278,-7.107421875000001
279,-4.74169921875
280,6.21435546875
281,-8.660888671875
282,-1.982177734375
283,7.277099609374999
284,15.051513671875
285,-13.048583984374998
286,0.01611328125
287,-6.21826171875
288,1.181640625
289,-6.993408203125
290,-7.66015625
291,-16.040283203125
292,-15.860107421875
293,-9.79150390625
294,-10.60791015625
295,-17.06591796875
296,-4.691650390625001
297,-10.25146484375
298,0.48071289062499867
299,41.51123046875
300,57.88671875
301,76.4384765625
302,-10.554199218749998
303,41.76953125
304,58.99072265625
305,-34.673828125
306,-27.609130859375
307,-16.8515625
308,20.733642578125
309,21.649169921875
310,-5.522216796875
311,-23.026123046875
312,19.591796875
313,20.832275390625
314,-8.287109375
315,-10.489013671875
316,2.922119140625
317,5.24267578125
318,13.369873046875
319,-7.81298828125
320,10.023681640625
321,1.348876953125
322,10.6611328125
323,6.011474609374999
324,0.9841308593750001
325,22.8349609375
326,-12.233154296875
327,13.671386718749998
328,-7.739013671875
329,-5.904541015625
330,-12.473388671875
331,15.84912109375
332,-1.3652343750000007
333,31.188720703125
334,1.494140625
335,0.8913574218750001
336,3.843994140625
337,11.333251953125
338,4.27978515625
339,-1.029052734375
340,2.173583984375
341,5.734130859374999
342,2.274169921875
343,5.130615234375
344,-24.91796875
345,60.9873046875
346,-17.04150390625
347,-11.491455078125
348,-21.64501953125
349,57.10131835937501
350,4.887939453125
351,-9.30126953125
352,5.043212890625001
353,-4.17333984375
354,0.138671875
355,0.76806640625
356,26.803466796875004
357,3.0249023437499996
358,-0.5859375
359,-13.7978515625
360,-2.6337890624999996
361,16.286865234375
362,11.99755859375
363,5.698486328125
364,-7.80859375
365,16.53564453125
366,7.191650390625001
367,-4.161865234375
368,35.7119140625
369,12.20166015625
370,47.56372070312499
371,12.992675781250002
372,10.599609375
373,-3.538818359375001
374,-9.402099609375
375,14.848388671875
376,5.64208984375
377,28.152832031250004
378,30.22900390625
379,18.85498046875
380,-27.655029296875
381,30.64208984375
382,5.7626953125
383,2.75048828125
384,-28.547119140625
385,29.255615234375
386,-44.0830078125
387,-71.606689453125
388,6.64990234375
389,-1.091552734375
390,-4.161865234375
391,-9.509765625
392,-3.602783203125
393,-2.725341796875
394,-2.8486328124999996
395,6.351318359374999
396,17.380615234375
397,21.727783203124996
398,-3.47021484375
399,0.520263671875
400,-14.048095703125
401,18.41259765625
402,-2.4814453125000004
403,2.953125
404,41.6533203125
405,18.554687500000004
406,3.807617187500001
407,6.3681640625
408,83.92138671875
409,-0.6640625
410,-10.468261718749998
411,4.2421875
412,75.82421875
413,-10.710449218749998
414,-12.730712890625
415,4.632568359374999
416,-2.762939453125
417,-17.15625
418,24.779296875
419,-27.95166015625
420,-4.152587890625
421,-17.70947265625
422,17.2314453125
423,-0.6748046875
424,12.823486328125
425,7.99267578125
426,3.9423828124999996
427,17.283447265625
428,53.80029296875
429,3.806396484375
430,8.03173828125
431,18.53955078125
432,8.05322265625
433,-22.81689453125
434,27.972167968749996
435,28.871582031250004
436,-17.125732421875
437,-26.28515625
438,25.080810546875
439,31.71728515625
440,-40.04443359375001
441,-25.058349609375
442,5.618408203125
443,-3.686767578125
444,21.601562499999996
445,-47.78759765625
446,8.25048828125
447,-4.1533203125
448,11.033203125
449,120.28076171875
450,0.37353515625
451,7.092041015625
452,4.0078125
453,8.163818359375
454,10.53564453125
455,-0.64599609375
456,1.3408203125
457,3.1611328124999996
458,9.605468750000002
459,-4.20361328125
460,81.30200195312501
461,-35.54296875
462,-62.567626953125
463,18.4013671875
464,72.715576171875
465,-37.53662109375
466,-67.491455078125
467,-1.835205078125
468,81.0556640625
469,7.656494140625001
470,15.422607421875
471,63.26318359375001
472,29.835937500000004
473,-31.310791015625
474,14.4326171875
475,71.10302734375
476,-24.930419921875
477,-74.348388671875
478,-1.7109375
479,3.379150390625
480,21.093505859375
481,13.22802734375
482,5.209716796875
483,-0.0068359375
484,16.3076171875
485,14.799560546875
486,0.08984375000000022
487,17.37841796875
488,14.065673828125
489,0.125244140625
490,24.058349609375
491,15.776611328125
492,-2.1591796875
493,4.3583984375
494,-13.54931640625
495,17.954345703125
496,-7.757568359374999
497,42.309326171875
498,33.684814453125
499,-1.788330078125
500,-6.234619140625001
501,50.614501953125
502,38.717041015625
503,-4.849365234375
504,-22.435546875
505,31.975830078125
506,-25.743896484375
507,-21.560546875
508,-5.166748046875
509,34.587890625
510,-26.262207031250004
511,-22.77099609375
512,-2.447509765625
513,32.9072265625
514,-7.070800781250001
515,19.305419921875
516,40.85009765625
517,-10.579345703125
518,-21.99951171875
519,16.41357421875
520,37.1025390625
521,12.578613281250002
522,-13.52490234375
523,10.0419921875
524,-27.640625
525,58.24316406250001
526,-17.264892578125
527,-14.3154296875
528,-34.016845703125
529,65.374267578125
530,-11.60009765625
531,-8.316650390625
532,28.5283203125
533,-30.242187500000004
534,-0.54541015625
535,-23.93505859375
536,45.67919921875
537,-27.558349609375
538,-3.582275390625
539,39.53125
540,34.05810546875
541,-39.692138671875
542,27.491943359375
543,64.881103515625
544,5.680908203125
545,10.323974609375
546,27.8720703125
547,56.50195312500001
548,-38.795166015625
549,28.3017578125
550,-13.811279296875
551,-19.360351562500004
552,116.910400390625
553,-69.01904296875
554,19.101806640625
555,-16.779052734375
556,112.058349609375
557,-37.5029296875
558,-43.212158203125
559,-51.731689453125
560,13.2822265625
561,16.111328125
562,5.457763671875
563,-11.822021484374998
564,9.948486328125
565,19.251708984375
566,-4.361328125
567,-2.90087890625
568,-0.72412109375
569,-11.294677734375
570,-14.915771484374998
571,-7.60986328125
572,-7.150146484375
573,-7.2822265625
574,-13.322265625
575,6.1240234375
576,-1.286376953125
577,1.8212890625
578,3.47216796875
579,26.854736328125
580,24.17431640625
581,8.201904296875
582,2.524658203125
583,21.4775390625
584,117.16430664062499
585,11.841064453125
586,37.99877929687501
587,-25.33447265625
588,-5.66748046875
589,95.8408203125
590,-4.5185546875
591,-20.345458984375
592,-3.7998046875000004
593,16.115478515625
594,33.105224609375
595,24.141601562500004
596,8.240234375
597,1.3359375
598,28.324707031250004
599,-4.255615234375
600,8.00732421875
601,4.30810546875
602,-0.0048828125
603,20.643798828125
604,-2.5263671875000004
605,-1.366455078125
606,29.961669921875
607,-23.944580078125
608,2.961669921875
609,4.761962890625001
610,24.247314453125
611,23.846435546875
612,-13.753662109375
613,10.771484375
614,-6.59130859375
615,-6.97265625
616,2.9541015624999996
617,9.22802734375
618,-0.19873046874999992
619,-4.68798828125
620,-14.293701171875
621,4.590087890625
622,-19.607177734374996
623,8.815185546875
624,21.564453125
625,-39.404052734375
626,-20.062255859375
627,11.76904296875
628,28.74755859375
629,-8.500732421875
630,-14.902099609375
631,-21.6494140625
632,51.77929687499999
633,44.69287109375
634,-7.783203124999999
635,-25.442626953125
636,49.920654296875
637,50.82568359375001
638,-19.003173828125
639,-18.869873046875
640,-13.631591796875
641,-11.92529296875
642,-12.19775390625
643,8.2978515625
644,-12.137939453125
645,-13.4921875
646,-12.013671875
647,-0.8132324218750001
648,-12.0029296875
649,0.2626953125
650,14.193115234375
651,-21.796875
652,49.20556640624999
653,2.97607421875
654,8.966552734375
655,-18.236328125
656,29.451171875
657,57.51513671875
658,7.7392578125
659,2.09033203125
660,6.149169921875
661,-4.77392578125
662,0.554931640625
663,8.702392578125
664,1.6196289062499998
665,6.661865234375
666,-2.213623046875
667,88.14672851562499
668,26.03173828125
669,45.783447265625
670,65.199951171875
671,89.561279296875
672,24.41796875
673,39.79150390624999
674,111.716796875
675,119.26171875
676,-5.22216796875
677,-3.1142578124999996
678,-4.700927734375
679,6.15087890625
680,-5.185302734375
681,1.046875
682,3.27734375
683,8.21533203125
684,1.035888671875
685,50.575439453125
686,35.404541015625
687,-2.1015625000000013
688,-6.93896484375
689,-8.35009765625
690,29.932861328125
691,-4.605224609375
692,12.259521484374998
693,33.670166015625
694,11.434814453125
695,-16.266845703125
696,4.6064453125
697,-7.611083984375
698,1.208984375
699,-15.00439453125
700,-0.531005859375
701,1.6484375
702,18.483398437499996
703,69.508544921875
704,10.0244140625
705,11.241699218749998
706,11.252197265625
707,63.467041015625
708,9.179443359375
709,9.226074218749998
710,36.457763671875
711,66.0263671875
712,22.79931640625
713,-19.677001953125
714,-13.702880859375
715,-3.55517578125
716,14.95458984375
717,-13.155517578125
718,-13.528076171875
719,85.78955078125
720,9.586669921875
721,-2.76513671875
722,7.71435546875
723,0.9860839843750001
724,5.13818359375
725,2.365966796875
726,8.4833984375
727,-0.028076171875
728,-10.92529296875
729,-11.347412109375
730,11.174072265625
731,4.541015625
732,1.269775390625
733,-14.481689453125
734,8.961669921875
735,3.7685546875000004
736,-2.929443359375
737,59.679443359375
738,11.0087890625
739,3.96630859375
740,-9.815185546875
741,10.5615234375
742,1.314453125
743,-0.33349609375
744,-13.700927734375
745,9.9833984375
746,-7.493896484375
747,-5.75830078125
748,-50.205810546875
749,-21.854248046875
750,23.456787109375
751,1.919189453125
752,-57.375732421875
753,-20.520751953125
754,31.613037109375
755,-18.656982421875
756,-56.457275390625
757,-36.49072265625
758,49.0595703125
759,26.38525390625
760,-9.258300781250002
761,-44.235107421875
762,50.1982421875
763,20.128662109375
764,71.858642578125
765,-8.130126953125
766,5.745849609374999
767,-13.638671875
768,-14.49365234375
769,-4.128662109375
770,-5.984619140625001
771,-12.087646484374998
772,-15.111328125
773,-0.9406738281249998
774,2.217529296875
775,3.310302734375
776,20.637207031250004
777,40.453369140625
778,5.43603515625
779,-8.059814453125
780,14.909423828125
781,38.214111328125
782,43.197265625
783,39.59912109375
784,-0.5439453125000007
785,50.78564453125001
786,78.662841796875
787,-20.476806640625
788,-3.2099609375000004
789,47.77368164062499
790,74.573974609375
791,0.9440917968750001
792,0.29736328124999956
793,-2.6298828124999996
794,-2.83544921875
795,-2.598388671875
796,3.53466796875
797,-4.498291015625
798,-0.184326171875
799,-2.091552734375
800,3.8330078124999996
801,-12.126220703125
802,47.944091796875
803,-23.935546875
804,5.415283203125
805,25.6787109375
806,46.809814453125
807,-22.663330078125
808,7.32568359375
809,13.775146484374998
810,51.95556640624999
811,-2.330810546875
812,8.845947265625
813,-8.13037109375
814,-25.470703125
815,-10.099609375
816,12.359375
817,-3.65283203125
818,-2.66552734375
819,0.75048828125
820,32.7080078125
821,-30.218994140625
822,-16.919921875
823,14.588623046875
824,-12.390869140625
825,-27.33837890625
826,-14.282470703125
827,37.58374023437499
828,43.11083984375
829,-0.7019042968750001
830,21.608398437499996
831,88.970458984375
832,-9.16064453125
833,-3.65966796875
834,21.353515625
835,89.951416015625
836,4.617431640625001
837,21.556884765625
838,6.6845703125
839,-7.40087890625
840,11.819091796875
841,13.716064453125
842,-2.271728515625
843,-5.062255859374999
844,7.0712890625
845,11.2197265625
846,-35.599365234375
847,-5.91650390625
848,52.377197265625
849,78.36376953125
850,13.78759765625
851,-6.559814453125
852,57.079345703125
853,74.71875000000001
854,-1.359619140625
855,-18.780517578125
856,17.50341796875
857,-26.010498046875
858,15.677001953125
859,-13.236083984374998
860,-1.3120117187500002
861,-20.19775390625
862,15.108154296875
863,-47.256591796875
864,103.775146484375
865,-42.618408203125
866,109.6474609375
867,152.80859375
868,-12.3603515625
869,-51.119873046875
870,97.78076171875
871,152.493408203125
872,32.117919921875
873,-47.979736328125
874,-12.812988281250002
875,-8.97607421875
876,-1.5434570312499998
877,5.27880859375
878,-12.637451171875
879,-8.198974609375
880,-6.964599609374999
881,4.0322265625
882,-7.968994140625001
883,-20.112548828125
884,3.795654296875
885,20.255615234375
886,13.1943359375
887,-21.085205078125
888,11.41943359375
889,23.54736328125
890,-37.109619140625
891,-6.609130859374999
892,39.015869140625
893,-26.5498046875
894,-19.896484375
895,-7.506591796875
896,36.25732421875
897,-27.591796875
898,-25.00927734375
899,79.07470703125
900,33.942138671875
901,104.69799804687499
902,-53.1162109375
903,-56.10546875
904,48.07080078125
905,99.771240234375
906,-54.412109375
907,-56.928466796875
908,-26.737548828125
909,105.404052734375
910,-8.62353515625
911,11.749267578125
912,9.326171875
913,11.39599609375
914,11.089843750000002
915,10.270751953125
916,7.421630859374999
917,28.581542968749996
918,3.197998046875
919,-5.866455078125
920,0.9118652343750001
921,-25.384521484375
922,-13.0693359375
923,24.592041015625
924,6.184326171875
925,-29.625976562500004
926,2.374267578125
927,-0.8898925781249999
928,-5.6513671875
929,17.343505859375
930,-6.142822265625
931,-6.615234375000001
932,-2.019775390625
933,21.41552734375
934,-3.759033203125
935,6.397216796875
936,-0.130615234375
937,-28.092773437499996
938,81.671875
939,94.781494140625
940,11.312255859375
941,-28.3564453125
942,80.24365234375
943,82.44311523437499
944,-9.149169921875
945,-36.955322265625
946,-5.21728515625
947,109.906494140625
948,90.50561523437499
949,-5.464599609374999
950,18.888671875
951,105.279052734375
952,89.059814453125
953,14.03662109375
954,5.78271484375
955,3.461669921875
956,-15.321044921875
957,0.251220703125
958,15.39599609375
959,2.82470703125
960,-16.69482421875
961,-4.28662109375
962,32.98486328125
963,-8.199951171875
964,-1.218505859375
965,36.12060546875
966,19.23583984375
967,6.03857421875
968,-12.932861328125
969,33.65185546875
970,26.751953125
971,-44.309814453125
972,-5.97900390625
973,-16.80810546875
974,25.644042968749996
975,30.54736328125
976,1.226318359375
977,-27.475830078125
978,25.352294921875
979,32.40673828125
980,-25.8154296875
981,-13.02978515625
982,4.293212890625
983,-5.270751953125
984,2.167236328125
985,-25.222412109375
986,0.106689453125
987,-0.338134765625
988,-0.7587890625
989,64.904541015625
990,-1.7626953125
991,-9.22900390625
992,-2.15966796875
993,2.725341796875
994,5.39404296875
995,27.391601562500004
996,-5.017333984375
997,4.6962890625
998,-1.2998046875
999,-10.1611328125
1000,5.287841796875
1001,-6.456787109374999
1002,1.9013671875
1003,27.09765625
1004,-2.767822265625
1005,-4.61962890625
1006,8.675537109375
1007,-0.9538574218750001
1008,0.6613769531249999
1009,-24.769775390625
1010,-7.13427734375
1011,61.2314453125
1012,5.071044921875
1013,-8.9912109375
1014,-13.241699218749998
1015,66.01708984375
1016,71.80615234375
1017,-13.977783203125
1018,-10.09228515625
1019,60.389404296875
1020,41.78857421875
1021,-3.524658203125
1022,-14.823486328125
1023,60.84252929687501
1024,47.18896484375
1025,2.7880859375000004
1026,-6.27685546875
1027,0.431640625
1028,-1.809326171875
1029,60.49560546874999
1030,-1.05615234375
1031,-5.553466796875
1032,-4.6328125
1033,62.07275390625
1034,-15.9892578125
1035,-12.48193359375
1036,-23.796142578125
1037,44.50341796875
1038,27.266357421875
1039,42.302001953125
1040,2.42724609375
1041,44.450927734375
1042,26.075927734374996
1043,13.6455078125
1044,22.52880859375
1045,9.142333984375
1046,44.994384765625
1047,63.498291015625
1048,-44.401611328125
1049,-38.906982421875
1050,44.47070312500001
1051,63.53955078125
1052,-23.270751953125
1053,2.827880859375
1054,121.92529296875
1055,62.61816406250001
1056,3.106689453125001
1057,46.82275390625
1058,114.7255859375
1059,68.426025390625
1060,-3.9274902343749964
1061,97.34228515625
1062,39.0166015625
1063,63.638916015625
1064,-23.604248046875
1065,-25.35791015625
1066,64.8623046875
1067,38.71923828125
1068,-24.657226562500004
1069,-18.955078125
1070,-73.624755859375
1071,40.32080078125
1072,9.256347656249996
1073,140.995361328125
1074,128.41357421875
1075,-12.95068359375
1076,13.689941406250002
1077,135.847412109375
1078,136.126953125
1079,-6.986328124999999
1080,12.616455078124996
1081,53.0888671875
1082,8.54638671875
1083,8.758056640625
1084,15.07470703125
1085,34.845947265625
1086,2.325927734375
1087,5.660400390625001
1088,45.004638671875
1089,50.702392578125
1090,43.46044921875
1091,15.462158203125
1092,5.65478515625
1093,44.39501953125
1094,61.20947265625
1095,14.385009765625
1096,5.45458984375
1097,-15.914306640625
1098,60.75439453125001
1099,2.929443359375
1100,1.5161132812499998
1101,22.941650390625
1102,1.538818359375
1103,8.621826171875
1104,-0.2873535156249998
1105,9.99658203125
1106,8.287109375
1107,8.494140625
1108,49.616455078125
1109,77.289794921875
1110,-16.37060546875
1111,137.434814453125
1112,118.332763671875
1113,74.23388671875
1114,-16.766845703125
1115,34.06787109375
1116,30.196533203124996
1117,4.890625
1118,-12.125732421875
1119,-0.27685546875
1120,-18.44287109375
1121,-3.0703125
1122,-9.7470703125
1123,-3.2041015624999996
1124,-28.450927734374996
1125,23.033447265625004
1126,-33.53857421875
1127,64.31298828125
1128,95.598388671875
1129,-13.587158203125
1130,-34.129150390625
1131,64.944580078125
1132,93.54150390625
1133,-51.281982421875
1134,-28.742431640625
1135,-2.675537109375
1136,-7.844970703125
1137,0.5966796874999998
1138,26.97314453125
1139,-9.9365234375
1140,-7.277099609374999
1141,-0.6008300781249999
1142,3.442138671875
1143,4.48681640625
1144,-7.95703125
1145,21.30078125
1146,1.50390625
1147,12.163574218749998
1148,8.994384765625
1149,24.274658203124996
1150,-6.99609375
1151,11.45458984375
1152,14.65087890625
1153,3.894775390625
1154,-6.82275390625
1155,6.429931640625001
1156,-2.812744140625
1157,5.488525390625001
1158,-6.599853515625
1159,5.185546875000001
1160,-18.670898437499996
1161,-8.68310546875
1162,-50.73486328125
1163,119.944091796875
1164,123.4931640625
1165,-13.339599609375
1166,-44.66259765625
1167,117.82373046875
1168,126.947021484375
1169,-30.783935546875
1170,5.72314453125
1171,12.60302734375
1172,57.80908203125
1173,62.744384765625
1174,175.67041015625
1175,13.223876953125
1176,59.741455078125
1177,60.5927734375
1178,6.557373046875
1179,-3.4931640624999996
1180,1.6420898437500002
1181,4.68115234375
1182,5.2509765625
1183,0.474609375
1184,8.516845703125
1185,4.95166015625
1186,8.0849609375
1187,12.116943359375
1188,12.759521484374998
1189,-29.589843750000004
1190,18.0439453125
1191,140.839599609375
1192,-9.475341796875
1193,-14.792236328125
1194,18.909912109375
1195,139.3525390625
1196,-1.4633789062499998
1197,-12.095458984374998
1198,9.789794921875
1199,70.171875
1200,41.301513671875
1201,-3.814453125
1202,-2.271728515625
1203,69.681884765625
1204,48.792724609375
1205,24.652832031250004
1206,-29.736328125
1207,19.301025390625
1208,-18.784423828125
1209,-34.425048828125
1210,0.7399902343750001
1211,21.967041015625
1212,-23.093505859375
1213,-33.74755859375
1214,25.982666015625
1215,20.916748046875
1216,-24.41943359375
1217,-6.389404296875
1218,4.775634765625
1219,-0.2890624999999999
1220,-1.3388671874999998
1221,-10.753662109375
1222,-2.274658203125
1223,16.37353515625
1224,11.336669921875
1225,-1.580078125
1226,-7.774169921875
1227,-3.46240234375
1228,51.96728515625
1229,15.189697265625
1230,-7.274169921875
1231,-4.254638671875
1232,17.15869140625
1233,2.108154296875
1234,-5.957763671875
1235,-5.953369140625001
1236,-6.534912109374999
1237,23.1220703125
1238,5.24560546875
1239,-4.388671875
1240,-10.12744140625
1241,4.97802734375
1242,38.97900390625
1243,14.975341796875
1244,-20.3994140625
1245,-18.874267578125
1246,-0.8037109375
1247,2.608642578125
1248,-20.51171875
1249,-21.259765625
1250,-13.4287109375
1251,3.25830078125
1252,-8.900146484375
1253,-17.593994140625
1254,-18.0400390625
1255,71.152587890625
1256,11.772216796875
1257,-11.496337890625
1258,-16.74609375
1259,-3.94384765625
1260,-12.839599609375
1261,-3.11669921875
1262,11.261718750000002
1263,7.44970703125
1264,-2.2543945312500004
1265,-7.16796875
1266,8.419189453125
1267,9.132080078125
1268,36.74560546875
1269,-0.4873046875
1270,6.9384765625
1271,-8.850341796875
1272,35.53466796875
1273,11.689208984374998
1274,13.643310546875
1275,-10.356689453125
1276,37.777099609375
1277,40.40429687499999
1278,12.4140625
1279,-2.22021484375
1280,16.995361328125
1281,31.550048828125
1282,13.67041015625
1283,-16.93994140625
1284,22.80615234375
1285,22.8623046875
1286,-22.706298828125
1287,-17.410888671875
1288,0.76806640625
1289,3.05859375
1290,2.46435546875
1291,-7.91845703125
1292,3.301025390625
1293,3.8935546875000004
1294,2.961181640625
1295,-0.150390625
1296,1.2690429687500002
1297,15.3662109375
1298,-15.75
1299,-18.1630859375
1300,7.26318359375
1301,-43.28125
1302,-15.07275390625
1303,-19.581542968749996
1304,24.021484375
1305,123.21435546875
1306,7.129150390625001
1307,13.316162109375
1308,12.26416015625
1309,-7.835693359374999
1310,-0.16455078125
1311,7.79248046875
1312,11.469238281250002
1313,5.699951171875
1314,-6.107177734375
1315,18.768310546875
1316,-0.41357421875
1317,-2.00439453125
1318,-22.621826171875
1319,22.142333984375
1320,-1.442626953125
1321,-5.4462890625
1322,-6.526123046875
1323,18.665771484375
1324,2.985107421875
1325,2.552978515625
1326,0.30224609375
1327,-2.199462890625
1328,0.172119140625
1329,-2.17333984375
1330,5.2529296875
1331,-1.874267578125
1332,1.665771484375
1333,-10.337890625
1334,17.40869140625
1335,16.372314453125
1336,3.157958984375
1337,-18.00439453125
1338,22.0205078125
1339,16.03955078125
1340,-50.92529296875
1341,-8.84130859375
1342,-2.260009765625001
1343,25.9423828125
1344,14.267578125
1345,-13.572265624999998
1346,-3.813232421875
1347,15.118896484374998
1348,26.639404296875
1349,-2.384521484375
1350,-5.325927734375
1351,-23.965576171875
1352,51.560302734375
1353,26.189697265625004
1354,-6.4091796875
1355,-11.043212890625
1356,54.03466796875
1357,29.9912109375
1358,-7.49951171875
1359,-9.5087890625
1360,-3.48876953125
1361,5.366943359374999
1362,-3.766845703125
1363,-9.9560546875
1364,-16.5654296875
1365,4.73828125
1366,-1.273193359375
1367,-1.045654296875
1368,11.2783203125
1369,6.420654296875
1370,-4.48779296875
1371,4.6630859375
1372,-3.295166015625
1373,2.933837890625
1374,-9.298828125
1375,-1.5153808593750002
1376,-15.713623046875
1377,-4.844970703125
1378,0.225830078125
1379,30.81689453125
1380,49.65283203125
1381,16.546630859375
1382,6.739990234375002
1383,31.48876953125
1384,51.18212890625
1385,48.7900390625
1386,47.35375976562501
1387,4.610107421875
1388,-1.3403320312499998
1389,7.52880859375
1390,9.712158203125
1391,1.182861328125
1392,-2.563232421875
1393,7.7626953125
1394,26.31982421875
1395,-3.3544921875000004
1396,-2.9860839843749996
1397,15.525390625
1398,4.763427734375
1399,-26.19482421875
1400,75.389404296875
1401,15.59228515625
1402,4.318115234375
1403,-16.5615234375
1404,47.94506835937501
1405,2.02099609375
1406,-15.93896484375
1407,48.18872070312499
1408,-25.959228515625
1409,-0.481201171875
1410,-14.789306640625
1411,53.15820312500001
1412,-0.9675292968750002
1413,-65.078857421875
1414,-3.465576171875
1415,-9.5576171875
1416,-6.857177734375
1417,-4.62451171875
1418,-0.2685546875
1419,-9.216796875
1420,-6.5068359375
1421,19.841552734374996
1422,-8.46533203125
1423,36.99169921875
1424,-26.0732421875
1425,-24.934814453125
1426,19.63134765625
1427,22.688720703125
1428,-27.157226562500004
1429,-23.874267578125
1430,17.96484375
1431,31.594726562500004
1432,5.173828124999999
1433,4.987060546875
1434,2.676025390625
1435,8.109375
1436,4.41748046875
1437,6.968994140625001
1438,-0.3232421875
1439,-3.155029296875
1440,7.327880859374999
1441,-10.475341796875
1442,1.044189453125
1443,3.3974609375000004
1444,4.8486328125
1445,-22.70947265625
1446,-2.587158203125
1447,5.480712890625001
1448,-4.060302734375
1449,-10.08251953125
1450,26.20166015625
1451,-24.4111328125
1452,22.820312499999996
1453,34.816162109375
1454,12.816162109375
1455,-28.439453125
1456,22.950927734374996
1457,-36.04833984375
1458,25.987548828125
1459,-5.446044921875
1460,-12.189453125
1461,9.789550781250002
1462,25.047607421875
1463,24.50048828125
1464,-12.495849609375
1465,5.42578125
1466,-9.235107421875
1467,-10.1357421875
1468,-2.877685546875
1469,5.138427734375
1470,1.3344726562499998
1471,-11.36083984375
1472,-4.74365234375
1473,10.1572265625
1474,0.7497558593750001
1475,-10.82666015625
1476,-5.0263671875
1477,-8.629638671875
1478,33.576171875
1479,24.595458984375
1480,33.208740234375
1481,-10.206298828125
1482,32.97705078125
1483,27.923095703125
1484,1.6748046875
1485,-15.928466796875
1486,4.591064453125
1487,1.3959960937500002
1488,-10.375732421875
1489,7.148681640625001
1490,5.70361328125
1491,4.425537109375
1492,-10.499511718749998
1493,8.738525390625
1494,5.772216796875
1495,-17.69921875
1496,48.577392578125
1497,79.184814453125
1498,-44.279052734375
1499,-18.221435546875
1500,49.79931640624999
1501,72.525634765625
1502,1.201171875
1503,-12.6171875
1504,-10.476806640625
1505,5.8759765625
1506,9.558593750000002
1507,-6.100341796875
1508,-11.33447265625
1509,7.181884765625
1510,-0.51708984375
1511,-14.044921875
1512,-2.095947265625
1513,-28.33251953125
1514,-4.349365234375
1515,1.6420898437500002
1516,-48.775390625
1517,79.072509765625
1518,-7.766845703125
1519,0.7639160156249999
1520,-17.500732421875
1521,-19.601806640625
1522,-15.889404296875
1523,-17.198974609375
1524,30.65087890625
1525,-5.654296875000001
1526,7.573974609374999
1527,-16.8251953125
1528,29.253417968749996
1529,6.4521484375
1530,-21.261474609375
1531,-14.422363281250002
1532,-0.436767578125
1533,3.096435546875
1534,-1.1696777343750018
1535,-15.768310546875
1536,6.00048828125
1537,1.08056640625
1538,-0.415283203125
1539,-17.029541015625
1540,105.118896484375
1541,-12.982421875
1542,2.8447265625000004
1543,54.619140625
1544,24.754638671875
1545,-12.739990234375
1546,-2.192138671875
1547,-7.066162109374999
1548,21.537109375
1549,61.482421875
1550,-53.627197265625
1551,-45.607177734375
1552,27.705078125
1553,66.419189453125
1554,-52.984130859375
1555,-49.784912109375
1556,8.32275390625
1557,67.68505859375
1558,-14.042236328125
1559,-9.7138671875
1560,35.29736328125
1561,-21.78515625
1562,-12.031982421875
1563,-18.722412109375
1564,40.710205078125
1565,98.731201171875
1566,99.484375
1567,7.80419921875
1568,37.1376953125
1569,17.626708984375
1570,-17.8779296875
1571,-15.676513671875
1572,41.19433593749999
1573,17.574462890625
1574,18.974853515625
1575,10.970458984374998
1576,11.4189453125
1577,45.40576171875
1578,49.12744140625
1579,-14.952392578125
1580,-5.36767578125
1581,41.52368164062499
1582,48.584716796875
1583,5.1640625
1584,0.17358398437500008
1585,2.459228515625
1586,-1.034912109375
1587,-1.530029296875
1588,-10.102050781250002
1589,5.251220703125
1590,-0.6721191406249999
1591,-2.386962890625
1592,-4.142578125
1593,2.25146484375
1594,-14.5849609375
1595,-19.115966796875004
1596,12.804443359375
1597,-3.901611328125
1598,-23.619384765625
1599,-18.97802734375
1600,21.525146484375
1601,-17.398193359375
1602,-8.48583984375
1603,-17.53662109375
1604,-4.86767578125
1605,48.149169921875
1606,7.10107421875
1607,-14.605468750000002
1608,1.062255859375
1609,51.191162109375
1610,3.29931640625
1611,18.26416015625
1612,-7.877685546875
1613,4.497802734375
1614,18.70068359375
1615,3.28466796875
1616,8.675537109375
1617,11.828125
1618,20.322998046875
1619,10.321044921875
1620,-17.909912109375
1621,50.055419921875
1622,-13.56787109375
1623,-6.996826171875
1624,50.13183593749999
1625,55.917724609375
1626,-7.550048828125
1627,-10.325439453125
1628,-0.297607421875
1629,-10.781005859375
1630,-0.4365234375
1631,0.24658203125
1632,-25.34375
1633,-15.9609375
1634,-14.245361328125
1635,7.46826171875
1636,-27.955322265625004
1637,13.847412109375
1638,15.296875
1639,4.011962890625
1640,5.1572265625
1641,8.517822265625
1642,-7.71337890625
1643,14.556396484374998
1644,7.411865234375
1645,13.302001953125
1646,-0.10986328125
1647,-5.384765624999999
1648,13.508300781250002
1649,-3.5595703124999996
1650,-2.380615234375
1651,-1.868896484375
1652,7.70751953125
1653,2.7041015624999996
1654,1.29296875
1655,22.141357421875
1656,7.795166015625
1657,7.306396484375
1658,19.22265625
1659,-6.713134765625
1660,5.52490234375
1661,11.115478515625002
1662,15.503662109375
1663,-5.231201171875
1664,1.583984375
1665,-4.003662109375
1666,32.835205078125
1667,-6.416259765625
1668,-13.061279296875
1669,79.9609375
1670,39.745849609375
1671,-4.6953125
1672,-9.157470703125
1673,15.345703125
1674,34.640869140625
1675,-8.13720703125
1676,-11.517822265625
1677,5.083251953125
1678,-3.92333984375
1679,-6.4931640625
1680,-11.585449218749998
1681,0.021972656250000056
1682,-3.735595703125
1683,-4.566650390625
1684,-0.9704589843750001
1685,-1.772705078125
1686,14.935546875
1687,-8.353759765625
1688,-12.6962890625
1689,-2.138916015625
1690,9.5078125
1691,-31.57177734375
1692,8.21337890625
1693,42.801025390625
1694,78.676025390625
1695,2.9404296875000004
1696,-5.079345703125
1697,-15.619873046875
1698,77.104736328125
1699,8.55322265625
1700,64.371337890625
1701,48.35595703125
1702,3.32861328125
1703,3.653076171875
1704,7.324951171875
1705,-2.3818359375000004
1706,-4.62451171875
1707,-2.02197265625
1708,-0.8454589843750001
1709,1.161376953125
1710,-5.80224609375
1711,26.925048828125
1712,-32.916015625
1713,-9.676513671875
1714,95.872802734375
1715,69.989990234375
1716,-32.451904296875
1717,-5.535888671875
1718,3.274658203125
1719,4.43017578125
1720,55.1201171875
1721,-9.15185546875
1722,-6.243408203125
1723,103.10986328124999
1724,5.624267578125
1725,-7.606689453125
1726,-5.225830078125
1727,16.90478515625
1728,24.320556640625
1729,-21.158935546875
1730,-8.440673828125
1731,63.3173828125
1732,-15.3994140625
1733,-8.24365234375
1734,-8.681396484375
1735,55.826904296875
1736,-2.501953125
1737,-0.083984375
1738,-7.224609375000001
1739,1.836669921875
1740,5.58984375
1741,-1.873779296875
1742,2.5654296875000004
1743,-0.513427734375
1744,6.345703124999999
1745,-0.6281738281249999
1746,4.06201171875
1747,7.4716796875
1748,-3.261474609375
1749,0.6911621093750001
1750,-4.321044921875
1751,-2.86767578125
1752,2.552490234375
1753,4.807861328125
1754,3.704833984375
1755,6.366455078125
1756,14.82958984375
1757,11.45654296875
1758,1.210205078125
1759,14.505859375
1760,27.641845703125
1761,7.930908203125
1762,-0.4521484375
1763,13.42626953125
1764,-5.6318359375
1765,5.285400390624999
1766,-2.7946777343750004
1767,52.071044921875
1768,-13.76904296875
1769,-1.361328125
1770,-2.625
1771,48.329345703125
1772,-10.106689453125
1773,-6.95751953125
1774,8.05126953125
1775,8.40869140625
1776,-2.741455078125
1777,-16.5712890625
1778,-19.784667968749996
1779,6.51611328125
1780,-3.498779296875
1781,30.180908203124996
1782,20.631103515625
1783,-22.69482421875
1784,26.121337890625
1785,26.703125
1786,-5.320556640625001
1787,-20.500732421875
1788,24.467773437499996
1789,23.400634765625
1790,-2.388916015625
1791,-19.791748046875
1792,-8.262451171875
1793,25.807373046875
1794,32.218017578125
1795,-18.8876953125
1796,61.580078125
1797,21.248779296875
1798,31.323974609375
1799,15.960205078125
1800,-7.918212890625001
1801,28.764404296875
1802,107.58984375
1803,-66.151611328125
1804,39.24853515625
1805,30.272705078125
1806,106.676513671875
1807,-62.1162109375
1808,-4.009765625
1809,-10.921875
1810,40.109130859375
1811,25.532226562500004
1812,-12.028564453125
1813,25.94873046875
1814,10.181640625
1815,16.431396484375
1816,-11.785888671875
1817,14.907470703125
1818,-15.942626953125
1819,-13.847900390625
1820,-22.726806640625
1821,-15.30615234375
1822,-4.843994140625001
1823,-1.05859375
1824,-23.512939453125
1825,-11.84130859375
1826,-2.661376953125
1827,9.785156249999998
1828,2.74853515625
1829,-6.150634765625
1830,-9.983642578125
1831,10.9404296875
1832,12.702636718749998
1833,-5.869873046875
1834,-4.90478515625
1835,-13.659423828125
1836,2.899169921875
1837,-22.689208984375
1838,18.333251953125
1839,14.1171875
1840,-11.056884765625
1841,-7.979248046875
1842,20.918457031250004
1843,10.794921875
1844,4.981689453125
1845,7.033935546875
1846,0.89501953125
1847,8.02392578125
1848,12.038574218749998
1849,-19.771240234375
1850,6.11767578125
1851,9.093994140625
1852,7.004150390625001
1853,-7.13720703125
1854,4.107177734375
1855,-3.56005859375
1856,5.302490234375
1857,7.49853515625
1858,-3.620361328125
1859,-13.1796875
1860,10.2705078125
1861,10.803466796875
1862,-10.502197265625
1863,-10.146484375
1864,-8.854736328125
1865,19.671142578125
1866,20.648193359375
1867,-5.80517578125
1868,-10.4755859375
1869,17.651123046875
1870,20.862792968749996
1871,-12.957763671875
1872,-10.047363281250002
1873,-3.3515625
1874,-2.669921875
1875,0.404052734375
1876,27.204833984375
1877,0.4560546875
1878,-1.4345703125
1879,1.919921875
1880,1.820068359375
1881,-5.069091796875
1882,-8.453369140625
1883,-1.3627929687500002
1884,11.65869140625
1885,2.388671875
1886,11.76025390625
1887,-3.82958984375
1888,15.702392578125
1889,8.8857421875
1890,-1.9741210937500002
1891,-15.312744140625
1892,-29.5498046875
1893,111.4248046875
1894,37.980224609375
1895,38.6875
1896,-30.8876953125
1897,115.082275390625
1898,-5.283935546875
1899,-0.33520507812499967
1900,15.772705078125
1901,-0.136474609375
1902,4.0439453125
1903,37.21435546874999
1904,1.907958984375
1905,0.549560546875
1906,1.774169921875
1907,0.798828125
1908,12.121826171875
1909,-17.833740234375
1910,18.1337890625
1911,33.492431640625
1912,-8.721435546875
1913,-17.07861328125
1914,15.980224609375
1915,27.6494140625
1916,-7.972412109374999
1917,-12.58837890625
1918,-7.3349609375
1919,22.3330078125
1920,19.40771484375
1921,-12.435302734375
1922,8.014892578125
1923,23.142333984375
1924,15.694824218749998
1925,-14.5732421875
1926,-12.91064453125
1927,3.0244140624999996
1928,-4.5166015625
1929,-15.619384765625
1930,16.181640625
1931,47.981689453125
1932,-3.088134765625
1933,-20.495361328125
1934,13.759521484374998
1935,30.4482421875
1936,14.593994140625
1937,60.562255859375
1938,44.54125976562501
1939,4.772705078125
1940,-4.008544921875
1941,69.50732421875
1942,37.94677734375
1943,-12.562744140625
1944,2.110107421874999
1945,-20.731689453125
1946,14.134765625
1947,17.78076171875
1948,-4.04052734375
1949,-9.268798828125
1950,17.104736328125
1951,23.2861328125
1952,-1.474609375
1953,-0.087890625
1954,24.41259765625
1955,-15.06591796875
1956,38.93359375
1957,-34.7841796875
1958,9.074462890625
1959,-11.382080078125
1960,34.000732421875
1961,-29.75537109375
1962,-4.169189453125
1963,0.172607421875
1964,27.047607421875
1965,8.652099609375
1966,22.40234375
1967,6.315673828125
1968,30.9130859375
1969,5.785888671875
1970,10.078857421875
1971,13.12646484375
1972,34.927001953125
1973,-6.816650390625001
1974,-15.565673828125
1975,-38.68798828125
1976,50.616943359375
1977,-15.073486328125
1978,-24.744384765625
1979,27.703369140625
1980,38.38256835937501
1981,0.0478515625
1982,-13.0185546875
1983,-4.013671875
1984,68.1748046875
1985,8.560791015625
1986,-10.596923828125
1987,-8.16064453125
1988,3.21630859375
1989,14.56005859375
1990,5.77587890625
1991,-9.41162109375
1992,2.845458984375
1993,18.97705078125
1994,1.575439453125
1995,-4.942138671875
1996,6.8388671875
1997,-10.86474609375
1998,-7.212646484375
1999,-6.1689453125
2000,20.299560546875
2001,56.212890625
2002,0.9523925781249999
2003,-29.906982421875
2004,20.1044921875
2005,61.416748046875
2006,-65.8525390625
2007,-58.03002929687501
2008,-0.4716796875
2009,7.542236328125
2010,-2.283935546875
2011,28.939453125
2012,-3.682861328125
2013,2.590576171875
2014,-1.859130859375
2015,8.8310546875
2016,-7.43798828125
2017,6.3447265625
2018,17.625732421875
2019,5.20458984375
2020,3.134521484375
2021,0.8737792968750002
2022,8.521728515625
2023,6.899658203125
2024,-16.16064453125
2025,-15.241455078125
2026,-8.162353515625
2027,-7.099853515625
2028,-12.310546875
2029,-10.733642578125
2030,-8.9697265625
2031,-6.516357421875
2032,-11.666259765625
2033,-4.43994140625
2034,-7.28564453125
2035,10.80224609375
2036,25.156494140625
2037,1.466064453125
2038,64.919189453125
2039,-14.460693359375
2040,28.564208984375
2041,0.6779785156249999
2042,0.46337890625
2043,13.126220703125
2044,16.727294921875
2045,-22.163330078125
2046,-22.604248046875
2047,-2.861328125
2048,-6.5751953125
2049,-26.23681640625
2050,-20.0732421875
2051,-7.68408203125
2052,-13.673828125
2053,-25.940185546875
2054,6.029052734375
2055,-3.624755859375
2056,2.36328125
2057,-4.793212890625001
2058,3.50244140625
2059,-5.025634765625
2060,-2.604736328125
2061,-12.576416015625002
2062,2.71728515625
2063,-15.088134765625
2064,23.7548828125
2065,17.326171875
2066,21.313232421875
2067,-14.922607421875
2068,20.659912109375
2069,-12.1787109375
2070,172.185302734375
2071,6.47119140625
2072,9.1533203125
2073,-54.07812499999999
2074,29.059326171875
2075,12.162353515625002
2076,12.314208984374998
2077,-55.04931640624999
2078,1.4116210937500002
2079,5.3994140625
2080,-2.3212890624999996
2081,0.6396484375
2082,-16.506103515625
2083,70.13134765625
2084,90.26953125
2085,3.470947265625
2086,-21.015869140625
2087,19.733642578125
2088,19.072998046875
2089,-9.2021484375
2090,-5.7724609375
2091,-2.287353515625
2092,-0.8835449218750001
2093,-0.25927734375
2094,-1.2690429687500002
2095,3.13818359375
2096,-3.750244140625
2097,6.026611328125
2098,-47.252197265625
2099,-73.078125
2100,-35.070556640625
2101,-14.7998046875
2102,30.47998046875
2103,-71.595947265625
2104,-37.2275390625
2105,8.77001953125
2106,-26.664794921875
2107,4.344970703125
2108,4.6640625
2109,0.450439453125
2110,-10.079833984374998
2111,0.9172363281249999
2112,10.632324218749998
2113,2.8740234375000004
2114,0.9375
2115,6.116455078125
2116,-9.712646484374998
2117,-11.690185546875
2118,38.067626953125
2119,3.646240234375
2120,13.856689453125
2121,-6.40576171875
2122,34.168212890625
2123,2.913330078125
2124,19.463134765625
2125,-26.558349609375
2126,86.747314453125
2127,6.33544921875
2128,-6.676025390625006
2129,83.97705078125
2130,88.385986328125
2131,5.212158203125
2132,3.359130859375
2133,-1.568359375
2134,-11.833251953125
2135,13.58154296875
2136,4.185302734375
2137,28.534912109375
2138,-8.7626953125
2139,13.149658203125
2140,6.584716796875
2141,-9.9833984375
2142,-23.625
2143,-1.108642578125
2144,7.14111328125
2145,18.6650390625
2146,-22.120849609375
2147,-15.685546875
2148,4.5458984375
2149,16.01220703125
2150,-15.32568359375
2151,-14.69970703125
2152,-8.34326171875
2153,-21.64697265625
2154,38.1826171875
2155,-9.289550781250002
2156,-8.254638671875
2157,-26.07421875
2158,29.2060546875
2159,-15.525390625
2160,1.369384765625
2161,-8.6826171875
2162,-11.629150390625
2163,-47.6064453125
2164,6.044189453125
2165,9.11328125
2166,-15.22021484375
2167,-47.975341796875
2168,-3.834716796875
2169,-3.6162109375000004
2170,30.239990234375
2171,-27.291259765625
2172,-27.46728515625
2173,36.44921875
2174,-2.60009765625
2175,-30.785888671875
2176,-29.49609375
2177,-15.671142578125
2178,3.58203125
2179,5.013916015625
2180,23.399169921875
2181,5.936279296875
2182,43.269775390625
2183,16.514892578125
2184,16.155517578125
2185,5.150390624999999
2186,-3.399658203125
2187,5.1884765625
2188,-27.410400390625
2189,15.301513671875
2190,6.61083984375
2191,13.475341796875
2192,7.413085937500001
2193,14.212646484374998
2194,2.714111328125
2195,-5.906494140625001
2196,1.427734375
2197,11.15478515625
2198,72.460205078125
2199,32.123291015625
2200,1.7768554687500002
2201,28.698486328125
2202,79.3515625
2203,30.838134765625
2204,94.67871093749999
2205,-68.792724609375
2206,-1.485107421875
2207,14.062255859375
2208,18.09228515625
2209,-11.17431640625
2210,-2.992919921875
2211,13.507324218749998
2212,23.492919921875
2213,4.01416015625
2214,-14.370361328125
2215,-28.407470703125
2216,53.3564453125
2217,27.493408203124996
2218,-5.823974609374999
2219,-47.789306640625
2220,57.78857421875
2221,34.639892578125
2222,44.53808593749999
2223,-29.956298828125
2224,-11.4326171875
2225,42.723876953125
2226,32.0205078125
2227,-2.0715332031250044
2228,-4.716064453125
2229,50.1669921875
2230,36.77587890625
2231,-4.701904296875
2232,-9.128662109375
2233,40.877685546875
2234,81.948974609375
2235,-17.23974609375
2236,147.09814453125
2237,98.984375
2238,73.69775390625
2239,-16.252685546875
2240,-5.444091796875
2241,-24.773681640625
2242,75.4169921875
2243,-0.2133789062500009
2244,-4.772949218750002
2245,16.6416015625
2246,66.902587890625
2247,-4.013916015625
2248,0.9167480468749996
2249,38.2919921875
2250,71.04248046875
2251,-27.340087890625
2252,-12.0751953125
2253,-2.713623046875
2254,57.0478515625
2255,-17.45751953125
2256,-10.0751953125
2257,-9.03076171875
2258,12.56689453125
2259,9.863037109375
2260,11.41064453125
2261,19.216064453125
2262,-7.0595703125
2263,19.818115234375
2264,-1.8671875
2265,21.22705078125
2266,0.003173828125
2267,-3.558837890625
2268,7.74365234375
2269,-1.948974609375
2270,13.514892578125
2271,15.867431640625
2272,46.87451171875
2273,-14.158935546875
2274,12.648193359375
2275,16.134765625
2276,13.211425781250002
2277,8.746337890625
2278,33.47607421875
2279,-7.883056640625001
2280,59.03955078125
2281,-5.34130859375
2282,-24.802734375
2283,-0.9494628906249999
2284,49.1259765625
2285,17.675537109375
2286,15.49462890625
2287,106.498779296875
2288,-11.112060546875
2289,-14.1474609375
2290,37.306396484375
2291,107.211181640625
2292,-11.303955078125
2293,-12.929931640625
2294,-48.775390625
2295,100.707763671875
2296,12.823486328125
2297,-10.50341796875
2298,-7.06103515625
2299,-7.128662109374999
2300,18.200927734375
2301,-7.854248046875
2302,-16.33935546875
2303,-5.487060546875
2304,17.06884765625
2305,26.891845703125
2306,-9.108642578125
2307,-0.8564453125
2308,8.16748046875
2309,33.971435546875
2310,-8.23388671875
2311,1.582763671875
2312,30.097167968749996
2313,6.604736328125
2314,54.9521484375
2315,8.315185546875
2316,-16.7412109375
2317,61.42919921875
2318,39.21337890625
2319,6.87451171875
2320,-11.787109375
2321,0.574462890625
2322,-14.918212890625
2323,-30.614013671875
2324,-3.258544921875
2325,36.735595703125
2326,75.2783203125
2327,-49.806396484375
2328,0.41748046875
2329,42.135498046875
2330,-44.91381835937501
2331,78.56811523437499
2332,19.33203125
2333,9.12451171875
2334,6.615478515625
2335,-14.68994140625
2336,10.124267578125
2337,4.0244140625
2338,0.8850097656249999
2339,-13.0439453125
2340,7.337890624999999
2341,26.081542968749996
2342,-11.86376953125
2343,-12.817626953125
2344,-0.5654296875
2345,27.888427734374996
2346,-10.143310546875
2347,-15.367919921875
2348,11.465576171875
2349,28.452880859375
2350,12.251953125
2351,-8.9970703125
2352,0.1357421875
2353,11.4462890625
2354,6.0341796875
2355,-6.011962890625001
2356,0.64306640625
2357,6.863525390625001
2358,2.902587890625
2359,35.87158203125
2360,0.186767578125
2361,4.360595703124999
2362,17.862060546875
2363,45.999755859375
2364,-3.2421875
2365,6.285644531249998
2366,9.461425781250002
2367,40.64990234375
2368,-4.697021484375
2369,15.468261718749998
2370,19.7998046875
2371,-2.705810546875
2372,-14.711181640625
2373,16.84716796875
2374,15.812255859375
2375,6.251708984375
2376,-4.565185546875
2377,48.58935546874999
2378,-11.640136718749998
2379,4.8203125
2380,39.770263671875
2381,60.13671875
2382,-4.203369140625
2383,3.671630859375
2384,29.786376953125
2385,52.86279296875
2386,12.831787109375
2387,35.079345703125
2388,-4.477783203125
2389,-27.56787109375
2390,2.955078125
2391,31.565673828125
2392,1.1105957031250002
2393,1.2490234375
2394,12.10595703125
2395,3.20068359375
2396,-1.3598632812500004
2397,-0.442626953125
2398,0.502197265625
2399,-4.126953125
2400,2.0810546875
2401,-4.95263671875
2402,16.593994140625
2403,13.483886718749998
2404,17.089111328125
2405,-5.506591796875
2406,3.823974609375
2407,18.26708984375
2408,14.860595703125
2409,-7.719482421875
2410,1.632080078125
2411,-3.514404296875
2412,0.5983886718750001
2413,1.5502929687500002
2414,-7.242919921875
2415,-0.6611328125
2416,-7.500732421875
2417,-9.373046875
2418,-9.850341796875
2419,4.76708984375
2420,-7.363037109374999
2421,-8.212646484375
2422,-6.036865234375
2423,5.7919921875
2424,3.58056640625
2425,14.594238281250002
2426,14.44189453125
2427,4.37158203125
2428,-0.492431640625
2429,-13.029296875
2430,-11.068115234375
2431,-0.7624511718750001
2432,-5.845703124999999
2433,22.370849609375
2434,-6.79931640625
2435,-9.63525390625
2436,-0.58544921875
2437,20.436523437499996
2438,8.593994140625
2439,-20.4189453125
2440,4.193603515625
2441,176.349609375
2442,156.426025390625
2443,22.505859375
2444,-2.6586914062500018
2445,183.733642578125
2446,156.05615234374997
2447,-19.344970703125
2448,4.408935546875
2449,20.544677734374996
2450,-1.724853515625
2451,-7.617919921875
2452,12.992919921875
2453,17.34814453125
2454,-3.695068359375
2455,-6.980712890625001
2456,78.2626953125
2457,23.463623046875
2458,-25.272216796875004
2459,26.023681640625
2460,25.865478515625
2461,101.986572265625
2462,8.7236328125
2463,23.439453125
2464,24.28173828125
2465,7.652343749999999
2466,-13.022216796875
2467,-23.84912109375
2468,-24.306884765625
2469,17.69873046875
2470,-0.001953125
2471,-3.404296875
2472,-23.54931640625
2473,20.405273437499996
2474,-6.646240234375
2475,-9.909912109375
2476,4.69384765625
2477,2.42919921875
2478,-0.9931640625
2479,-2.081298828125
2480,-1.844482421875
2481,2.77294921875
2482,-2.140380859375
2483,5.364013671875
2484,1.5678710937500002
2485,-15.901123046875
2486,-8.505859375
2487,2.443115234375
2488,-9.082275390625
2489,-4.576416015625
2490,-7.755615234375
2491,-1.05322265625
2492,-32.374267578125
2493,-11.642333984374998
2494,7.4208984375
2495,24.903564453125
2496,27.529541015625
2497,1.522216796875
2498,4.169677734375
2499,26.553466796875004
2500,24.772705078125
2501,-18.22021484375
2502,10.771484375
2503,58.035400390625
2504,9.13720703125
2505,4.968994140625001
2506,26.893310546875
2507,26.979736328125
2508,12.1611328125
2509,5.447265624999999
2510,10.223876953125
2511,4.127197265625
2512,56.4111328125
2513,-1.5083007812500004
2514,4.56689453125
2515,-55.51318359375001
2516,59.05419921875
2517,2.6818847656249996
2518,-0.9997558593750008
2519,48.473876953125
2520,58.076904296875
2521,-53.850830078125
2522,26.540771484375
2523,106.66748046874999
2524,-19.416015625
2525,-34.12939453125
2526,25.587158203124996
2527,102.52392578125
2528,38.933349609375
2529,-12.168701171875
2530,8.609130859375
2531,-10.3125
2532,13.812744140625
2533,-0.05126953125
2534,-5.535888671875
2535,-17.460205078125
2536,15.224609375
2537,-40.52392578125
2538,4.8056640625
2539,7.10107421875
2540,6.615234375000001
2541,40.61474609375
2542,-6.979736328125
2543,-6.972412109374999
2544,-4.13330078125
2545,38.224365234375
2546,33.783447265625
2547,-1.8537597656250004
2548,-17.156494140625
2549,1.080078125
2550,32.495361328125
2551,-6.777099609374999
2552,-12.80615234375
2553,-4.529296875
2554,34.840576171875
2555,-15.30029296875
2556,-11.137451171875
2557,16.7216796875
2558,35.7734375
2559,21.193115234375
2560,9.54150390625
2561,11.953857421875
2562,36.04052734375
2563,24.01025390625
2564,-0.45947265625
2565,18.81640625
2566,5.7021484375
2567,6.154541015625
2568,9.570800781250002
2569,36.519775390625
2570,9.790283203125
2571,6.585205078125
2572,9.71875
2573,2.955078125
2574,-3.461181640625
2575,-8.114013671875
2576,-5.752197265625
2577,1.7792968749999996
2578,24.4111328125
2579,-8.103515625
2580,-2.096923828125
2581,-3.333984375
2582,12.702880859375
2583,17.016845703125
2584,-7.2890625
2585,70.543212890625
2586,59.6689453125
2587,-13.1630859375
2588,-5.78515625
2589,67.5263671875
2590,65.32080078125
2591,-55.505615234375
2592,-5.476806640625001
2593,4.130859375
2594,-1.8559570312499998
2595,7.322265624999999
2596,3.75146484375
2597,-4.195068359375
2598,-3.4384765624999996
2599,-1.1694335937500002
2600,-2.352294921875
2601,19.6982421875
2602,-15.542968750000002
2603,34.8046875
2604,24.092529296875
2605,-28.064697265625004
2606,-61.02368164062499
2607,34.925537109375
2608,21.61474609375
2609,57.5546875
2610,-24.48876953125
2611,14.484130859375
2612,-3.121337890625
2613,-9.4697265625
2614,0.7333984375
2615,10.88134765625
2616,-5.016845703125
2617,-1.056396484375
2618,40.66162109375
2619,8.869140625
2620,20.765380859375
2621,2.778076171875
2622,-0.087890625
2623,9.713623046875
2624,14.163818359375
2625,0.23388671874999994
2626,-0.7883300781249999
2627,3.184814453125
2628,16.546875
2629,10.7568359375
2630,3.86083984375
2631,7.99267578125
2632,8.212158203125
2633,4.65087890625
2634,6.364990234375
2635,7.6982421875
2636,-12.444091796875
2637,-8.06494140625
2638,5.6435546875
2639,1.6809082031249998
2640,8.6171875
2641,16.92626953125
2642,12.955810546875
2643,8.103271484375
2644,12.54541015625
2645,2.039306640625
2646,2.36865234375
2647,-41.19677734375
2648,46.031005859375
2649,29.036865234375
2650,-30.20068359375
2651,-31.316650390625
2652,46.065185546875
2653,37.317626953125
2654,4.74609375
2655,-33.77587890625
2656,-8.06005859375
2657,0.6440429687500002
2658,4.09619140625
2659,10.072998046875
2660,13.596923828125
2661,7.420654296875
2662,10.357666015625002
2663,21.376220703125
2664,-1.387451171875
2665,-1.256591796875
2666,-0.21728515625
2667,7.93701171875
2668,1.227294921875
2669,1.940673828125
2670,9.13134765625
2671,5.36865234375
2672,9.7509765625
2673,5.046142578125
2674,86.4970703125
2675,-12.390869140625
2676,-7.639892578125
2677,63.947265625
2678,-5.929687500000001
2679,-10.219970703125
2680,-1.5771484375000013
2681,-19.761474609375
2682,153.32836914062503
2683,-25.323486328125
2684,-14.567138671875
2685,-6.804443359374999
2686,5.029052734375
2687,-12.922607421875
2688,-9.312988281250002
2689,-6.251708984375
2690,-4.01611328125
2691,-26.242919921875
2692,-21.966796875
2693,68.800048828125
2694,-10.046630859375
2695,54.996826171875
2696,75.162109375
2697,70.549072265625
2698,-8.86181640625
2699,-21.098388671875
2700,1.4177246093749998
2701,32.13720703125
2702,-9.618896484374998
2703,-23.11572265625
2704,43.503173828125
2705,64.47900390625
2706,-4.952392578125
2707,-23.934326171875
2708,14.639404296875
2709,26.6650390625
2710,53.417236328125
2711,102.323974609375
2712,-37.36279296875
2713,27.315185546875
2714,12.1123046875
2715,98.86083984375
2716,-32.1982421875
2717,-4.49951171875
2718,-22.263427734374996
2719,24.566162109375
2720,-20.283447265625004
2721,-30.114013671875
2722,104.985107421875
2723,43.241455078125
2724,-20.646728515625
2725,-31.2080078125
2726,28.253417968749996
2727,51.8447265625
2728,9.388671875
2729,3.306884765625
2730,-4.72119140625
2731,-7.760986328125
2732,21.66943359375
2733,12.466796875
2734,-4.663330078125
2735,-7.6748046875
2736,13.672607421875
2737,4.572021484375
2738,-1.069091796875
2739,8.95947265625
2740,42.93603515625
2741,6.688720703125
2742,2.15966796875
2743,0.9357910156249999
2744,-16.15185546875
2745,11.951171875
2746,-18.60009765625
2747,11.656005859375
2748,7.571533203125
2749,0.7416992187499991
2750,-11.894287109375
2751,11.363281249999998
2752,12.0478515625
2753,1.425048828125
2754,-14.63525390625
2755,34.3623046875
2756,31.07275390625
2757,-13.62939453125
2758,-4.09521484375
2759,-13.157470703125
2760,26.6767578125
2761,-14.761962890625
2762,-3.381591796875
2763,-10.952392578125
2764,-18.412353515625
2765,-10.32177734375
2766,40.21728515625
2767,-24.24169921875
2768,-15.675781249999998
2769,-10.755126953125
2770,45.729248046875
2771,0.096435546875
2772,-1.159423828125
2773,32.03955078125
2774,-5.06201171875
2775,-10.263671875
2776,4.85693359375
2777,5.318603515625
2778,-0.93896484375
2779,-8.53515625
2780,-3.637451171875
2781,21.914794921875
2782,-2.14990234375
2783,-1.838623046875
2784,-7.894775390625001
2785,-0.4921875
2786,-2.172119140625
2787,-2.13671875
2788,-0.69970703125
2789,4.952880859374999
2790,1.7631835937500002
2791,15.836181640625
2792,1.830810546875
2793,4.956298828125
2794,-12.623046875
2795,5.132568359374999
2796,-0.5205078125
2797,4.994384765625
2798,1.8315429687500002
2799,-4.00244140625
2800,15.2587890625
2801,10.574951171875
2802,-16.27099609375
2803,13.56689453125
2804,6.77783203125
2805,7.5234375
2806,-16.90087890625
2807,0.4619140625
2808,6.1689453125
2809,15.642578125
2810,1.9213867187500002
2811,-0.08837890625
2812,6.506591796875
2813,21.6201171875
2814,-3.48291015625
2815,5.994873046875
2816,13.452392578125
2817,31.716552734374996
2818,-25.98486328125
2819,-6.267578124999999
2820,-4.45361328125
2821,-7.590576171875
2822,17.8447265625
2823,-4.25048828125
2824,-4.3212890625
2825,43.947265625
2826,8.6591796875
2827,11.063720703125
2828,26.744384765625
2829,-6.407958984375
2830,-20.200927734374996
2831,-14.859375
2832,30.674560546875
2833,-9.866455078125
2834,-13.42626953125
2835,-10.9697265625
2836,-2.8994140624999996
2837,28.60693359375
2838,26.601806640625
2839,-1.809326171875
2840,3.768798828125
2841,26.261962890625
2842,26.027587890625
2843,-10.1162109375
2844,-0.5837402343750001
2845,1.4951171875
2846,0.330810546875
2847,33.6923828125
2848,-30.85009765625
2849,-10.750732421875
2850,1.2963867187500002
2851,32.58203125
2852,-9.404052734375
2853,-5.734619140625001
2854,-26.208740234375
2855,-9.133544921875
2856,219.5
2857,-7.75439453125
2858,-52.663330078125
2859,-5.474853515625
2860,222.412109375
2861,45.725830078125
2862,-22.52734375
2863,62.15966796875
2864,-13.474365234375
2865,-11.324462890625
2866,27.586181640625
2867,64.319580078125
2868,-17.693115234375
2869,-17.675048828125
2870,-9.962646484374998
2871,61.67138671875
2872,-4.188232421875
2873,0.744140625
2874,-9.242431640625
2875,15.823974609375
2876,1.976318359375
2877,5.52001953125
2878,-15.5625
2879,4.263671874999999
2880,56.725341796875
2881,-2.621826171875
2882,0.68212890625
2883,-0.7702636718750001
2884,-19.591064453125
2885,-2.05078125
2886,3.98876953125
2887,0.15087890625
2888,2.46337890625
2889,1.358642578125
2890,-3.820556640625
2891,-6.270751953125
2892,2.600341796875
2893,-16.85498046875
2894,-10.94677734375
2895,-2.435302734375
2896,3.201904296875
2897,1.7133789062499998
2898,-0.14990234375
2899,-5.82958984375
2900,-0.491455078125
2901,-7.634765624999999
2902,-8.685302734375
2903,-14.199218750000002
2904,-0.5068359375
2905,-6.862548828125
2906,61.567138671875
2907,53.538330078125
2908,-4.25146484375
2909,-14.020751953125
2910,29.8056640625
2911,-1.390869140625
2912,-12.712890625
2913,-8.362548828125
2914,26.894775390625
2915,-2.71923828125
2916,6.482177734375
2917,-24.398193359375
2918,34.004638671875
2919,17.982666015625
2920,-23.8076171875
2921,-33.097900390625
2922,31.32275390625
2923,20.672851562500004
2924,105.120361328125
2925,-19.320556640625
2926,-23.477783203124996
2927,-13.9970703125
2928,9.02392578125
2929,15.046630859375
2930,20.084716796875004
2931,-9.640136718749998
2932,11.1259765625
2933,3.265380859375
2934,9.663330078125
2935,9.652343750000002
2936,7.8349609375
2937,7.47998046875
2938,41.728515625
2939,11.420654296875
2940,14.22216796875
2941,10.856689453125
2942,11.392333984374998
2943,15.371337890625
2944,33.275634765625
2945,9.502685546875
2946,13.915771484374998
2947,-6.33203125
2948,36.155517578125
2949,6.751708984375
2950,10.654541015625002
2951,7.16455078125
2952,43.86743164062499
2953,47.154052734375
2954,28.195312499999996
2955,-20.350341796875004
2956,-20.880615234375
2957,-67.55908203125
2958,26.61328125
2959,-25.055419921875
2960,66.238525390625
2961,64.98876953125
2962,43.94677734375
2963,-14.022216796875
2964,-13.087158203125
2965,40.97070312500001
2966,2.717529296875
2967,-18.556640625
2968,-11.618896484374998
2969,2.66796875
2970,26.474609375
2971,12.19287109375
2972,-12.783935546875
2973,-6.750732421875
2974,34.050048828125
2975,83.5478515625
2976,-13.951416015625002
2977,-9.477294921875
2978,-71.155029296875
2979,-30.579101562500004
2980,0.6279296875
2981,12.180908203125
2982,16.56982421875
2983,-9.845703125
2984,-20.233154296875
2985,14.564697265625
2986,20.551513671875
2987,-6.07470703125
2988,-12.383300781250002
2989,15.559326171875
2990,10.9375
2991,27.166259765625
2992,-30.513671875
2993,-15.422363281250002
2994,9.201416015625
2995,25.117187500000004
2996,-4.32080078125
2997,-16.23046875
2998,1.5019531249999998
2999,8.75830078125
3000,20.652099609375
3001,-1.7260742187500002
3002,-10.568115234375
3003,10.233154296875
3004,22.64990234375
3005,15.249267578125
3006,3.664306640625
3007,43.2783203125
3008,31.902832031250004
3009,-4.645996093750001
3010,19.32421875
3011,23.459228515625
3012,29.034423828125
3013,0.397216796874998
3014,-11.170654296875
3015,-16.20751953125
3016,12.380859375
3017,-57.568603515625
3018,-48.96337890625
3019,-30.445312499999996
3020,31.2216796875
3021,-52.333984375
3022,-44.87377929687501
3023,62.69091796875
3024,54.937255859375
3025,7.863525390625001
3026,14.517333984374998
3027,13.6416015625
3028,-4.34765625
3029,10.359130859375
3030,12.269287109375
3031,13.945556640625
3032,-35.6611328125
3033,11.999755859375
3034,15.3369140625
3035,16.58056640625
3036,2.1220703125
3037,-7.63623046875
3038,-11.52880859375
3039,24.765380859375
3040,-0.7375488281249998
3041,13.0986328125
3042,38.293212890625
3043,17.38134765625
3044,-58.10375976562501
3045,-70.219482421875
3046,-6.0234375
3047,12.821533203125
3048,-56.451904296875
3049,-71.55029296875
3050,17.648681640625
3051,13.4033203125
3052,-21.878417968750004
3053,-9.490234375
3054,132.75439453125
3055,-55.75634765625
3056,-52.32470703125
3057,-13.519775390625
3058,127.104248046875
3059,16.474609375
3060,-5.93505859375
3061,13.724853515625002
3062,19.345947265625004
3063,16.80908203125
3064,27.422851562500004
3065,15.15478515625
3066,18.504150390625
3067,11.117431640625
3068,-10.9375
3069,-1.2055664062499998
3070,-3.13720703125
3071,-2.0498046875
3072,14.2724609375
3073,-4.731201171875
3074,-3.1318359375000004
3075,0.7746582031249999
3076,18.1357421875
3077,-25.7314453125
3078,-23.897705078125
3079,33.056884765625
3080,-24.466796875
3081,-25.06005859375
3082,-5.906005859374999
3083,42.70166015625
3084,-25.05078125
3085,-22.591064453125
3086,-4.505859375
3087,43.95263671875
3088,0.66455078125
3089,-3.244140625
3090,0.7131347656249999
3091,11.9560546875
3092,2.120849609375
3093,-5.8359375
3094,-2.946533203125
3095,4.126953125
3096,6.3818359375
3097,5.320556640625001
3098,-1.3256835937500002
3099,7.304443359374999
3100,31.744140625
3101,8.838623046875
3102,-1.093017578125
3103,5.921142578125
3104,-10.52978515625
3105,1.6416015625
3106,3.0537109375000004
3107,16.84716796875
3108,-1.2548828125
3109,1.200439453125
3110,18.373779296875
3111,15.70947265625
3112,-5.587158203125
3113,5.427001953125
3114,5.56787109375
3115,-3.658935546875
3116,5.4697265625
3117,10.082275390625
3118,15.265625
3119,-1.835205078125
3120,5.49853515625
3121,0.4091796875
3122,-17.10107421875
3123,14.344482421875
3124,-1.420654296875
3125,3.479248046875
3126,2.32861328125
3127,12.500732421875
3128,-7.773681640625001
3129,-3.78466796875
3130,-1.03173828125
3131,-12.4091796875
3132,-0.01171875
3133,4.707763671875
3134,-14.912109375
3135,-11.99560546875
3136,61.10791015625
3137,2.70849609375
3138,-15.115478515625002
3139,-17.286376953125
3140,13.882080078125
3141,-3.6279296875000004
3142,-12.854248046875
3143,37.33935546874999
3144,21.754150390625
3145,-24.061279296875
3146,4.93408203125
3147,37.616943359375
3148,23.42138671875
3149,-30.511474609375
3150,-40.073486328125
3151,9.871337890625
3152,0.278564453125
3153,21.855957031250004
3154,66.015869140625
3155,3.76611328125
3156,-2.3818359375000004
3157,30.449462890625
3158,-25.741455078125
3159,120.875244140625
3160,0.8056640625
3161,0.7966308593750001
3162,5.4951171875
3163,6.370849609374999
3164,-3.97998046875
3165,0.04541015625
3166,2.00390625
3167,-10.511962890625
3168,-3.21044921875
3169,-7.343505859374999
3170,-1.5815429687500002
3171,18.6025390625
3172,-48.5966796875
3173,-50.19482421875
3174,-6.597900390625001
3175,18.9091796875
3176,-20.96728515625
3177,29.5986328125
3178,87.66650390625
3179,-19.562744140625
3180,-37.340576171875
3181,63.2314453125
3182,13.52880859375
3183,-22.959228515625
3184,-36.80322265625
3185,61.8017578125
3186,66.42333984375
3187,8.128173828125
3188,-9.50927734375
3189,22.10205078125
3190,-63.72607421875
3191,-49.23583984375
3192,-7.51318359375
3193,24.554443359375
3194,-0.87353515625
3195,2.40576171875
3196,-0.1428222656250001
3197,-4.34716796875
3198,4.520751953125
3199,-2.79150390625
3200,-2.84326171875
3201,-1.7573242187500002
3202,3.775390625
3203,-8.22265625
3204,-2.8955078124999996
3205,15.318115234375
3206,-7.710205078125
3207,-10.6591796875
3208,-13.240966796875
3209,19.136962890625
3210,-8.773193359375
3211,-6.15673828125
3212,-7.43896484375
3213,20.181396484375
3214,-2.091796875
3215,22.539794921875
3216,22.6044921875
3217,-28.848876953125
3218,0.8315429687499998
3219,23.370849609375
3220,21.581298828125
3221,-4.046142578125
3222,1.9116210937500002
3223,4.146728515625
3224,14.5546875
3225,5.789794921875
3226,-8.3046875
3227,-3.094482421875
3228,9.347412109375
3229,8.136962890625
3230,25.574951171875
3231,1.260009765625
3232,-5.95068359375
3233,-7.501953124999999
3234,-6.41796875
3235,-17.47802734375
3236,-0.08642578125
3237,-5.79541015625
3238,-6.283447265625
3239,29.634033203124996
3240,-5.039794921875
3241,-4.8876953125
3242,0.005371093750000083
3243,-11.626220703125
3244,12.7568359375
3245,-6.73681640625
3246,-0.8615722656249999
3247,-6.784423828125
3248,25.591796875
3249,-6.4990234375
3250,9.60009765625
3251,5.142578124999999
3252,9.312011718749998
3253,34.07080078125
3254,9.28759765625
3255,5.69482421875
3256,7.833984375000001
3257,24.55810546875
3258,6.73974609375
3259,-9.9189453125
3260,12.66552734375
3261,13.4345703125
3262,-4.609619140625
3263,-6.67138671875
3264,16.796875
3265,15.865478515625002
3266,-25.580078125
3267,-6.02099609375
3268,1.0029296875
3269,4.518798828125
3270,1.944091796875
3271,4.470947265625
3272,-6.277099609374999
3273,3.7548828124999996
3274,5.38330078125
3275,8.349609375
3276,12.033203125
3277,0.9343261718750001
3278,0.28076171875
3279,2.37451171875
3280,-5.985595703125
3281,27.146728515625
3282,-1.191650390625
3283,-0.6340332031249999
3284,12.37060546875
3285,4.010498046875
3286,36.294677734375
3287,-1.1340332031250004
3288,-5.4765625
3289,0.77734375
3290,40.58984375
3291,-2.422607421875
3292,-8.28125
3293,26.602783203124996
3294,35.831298828125
3295,11.829833984374998
3296,-26.797851562500004
3297,11.0703125
3298,-6.270263671875
3299,16.27197265625
3300,-26.977294921875
3301,7.9140625
3302,6.03466796875
3303,22.52294921875
3304,23.172607421875
3305,6.399169921875
3306,-8.475830078125
3307,-8.430908203125
3308,15.838623046875
3309,6.859619140625001
3310,-4.84814453125
3311,24.664794921875
3312,2.694580078125
3313,28.079345703125
3314,-1.9609375
3315,-1.3732910156250009
3316,-53.900634765625
3317,33.391357421875
3318,-5.636962890625001
3319,1.925048828125
3320,30.60302734375
3321,16.494384765625
3322,57.409423828125
3323,8.497314453125
3324,13.569580078125
3325,-57.74804687499999
3326,128.16064453125
3327,10.894531249999998
3328,21.096435546875
3329,34.76220703125
3330,57.472900390625
3331,-36.091064453125
3332,37.983642578125
3333,55.74755859375
3334,24.385009765625
3335,-49.1884765625
3336,39.122802734375
3337,60.576904296875
3338,-4.217529296875
3339,-35.734130859375
3340,12.067626953125
3341,1.201904296875
3342,-1.04833984375
3343,2.920654296875
3344,-0.7705078125
3345,-0.9677734375
3346,0.22119140625
3347,13.53369140625
3348,2.044677734375
3349,1.244873046875
3350,7.63330078125
3351,-37.86572265625
3352,15.482177734375
3353,-13.28759765625
3354,11.199218750000002
3355,-42.0390625
3356,4.2919921875
3357,10.078369140625
3358,-17.11962890625
3359,-29.26025390625
3360,3.066650390625
3361,-7.282470703125
3362,6.70654296875
3363,-31.549560546875
3364,4.728515624999999
3365,12.744140625
3366,7.33056640625
3367,-24.673583984375
3368,9.228759765625
3369,57.583984375
3370,41.93798828125
3371,-22.92431640625
3372,9.814453125
3373,48.9365234375
3374,-5.147705078125
3375,-22.068115234375
3376,3.4458007812499996
3377,27.37646484375
3378,23.3974609375
3379,-22.2451171875
3380,-9.0107421875
3381,28.224853515625
3382,28.412841796875004
3383,-12.140625
3384,-15.625
3385,17.939697265625
3386,-9.21435546875
3387,-1.2026367187500002
3388,-9.11572265625
3389,-8.777099609375
3390,-9.405029296875
3391,-5.140625
3392,-15.895751953125
3393,-11.943359375
3394,44.132080078125
3395,-4.029541015625
3396,-12.960693359375
3397,-2.65966796875
3398,-2.92138671875
3399,0.6113281249999982
3400,-14.370849609375
3401,22.76318359375
3402,43.80810546874999
3403,1.9116210937500002
3404,-5.275390624999999
3405,11.7548828125
3406,-4.3837890625
3407,2.777099609375
3408,-2.24365234375
3409,12.905761718749998
3410,-2.41943359375
3411,9.320800781250002
3412,27.87255859375
3413,-1.195556640625
3414,5.374267578125
3415,2.326171875
3416,-3.927490234375
3417,-5.52490234375
3418,-0.36474609375000033
3419,-9.10205078125
3420,-5.337890624999999
3421,-2.09423828125
3422,7.404541015625
3423,14.016845703125
3424,-7.29833984375
3425,-1.5451660156250004
3426,10.518310546875
3427,13.618408203125
3428,-2.569091796875
3429,-3.270507812500001
3430,9.119384765625
3431,0.986328125
3432,13.267578125
3433,-11.860595703125
3434,-2.96630859375
3435,1.853759765625
3436,8.824462890625
3437,-2.072998046875
3438,-9.740966796875
3439,2.843017578125
3440,0.555908203125
3441,38.510986328125
3442,0.7541503906249999
3443,-0.6821289062500003
3444,-1.611083984375
3445,36.595703125
3446,-11.874511718749998
3447,-10.834716796875
3448,29.7705078125
3449,9.666259765625
3450,-0.4697265625
3451,10.772705078125
3452,2.444580078125
3453,2.14892578125
3454,-3.33544921875
3455,11.778076171875
3456,-5.006591796875
3457,6.845214843749997
3458,53.276123046875
3459,60.95068359375001
3460,-4.31982421875
3461,-8.357421875
3462,54.68212890625
3463,61.26611328125
3464,22.06201171875
3465,2.268066406249999
3466,13.9482421875
3467,-6.715087890625001
3468,2.8349609375000004
3469,-9.273925781250002
3470,16.822265625
3471,-7.066162109374999
3472,9.734375
3473,-11.223388671875
3474,0.79248046875
3475,-2.491943359375
3476,-5.8017578125
3477,-1.332275390625
3478,-10.3427734375
3479,-10.5576171875
3480,-4.521728515625
3481,-2.213134765625
3482,-19.984375
3483,-12.131103515625002
3484,27.993408203124996
3485,-7.86376953125
3486,2.792724609375
3487,11.117919921875
3488,10.51318359375
3489,-7.684814453125
3490,4.712890624999999
3491,21.875976562500004
3492,24.27294921875
3493,24.675537109375
3494,-2.08154296875
3495,1.565673828125
3496,11.41552734375
3497,31.6806640625
3498,-2.63623046875
3499,2.649658203125
3500,-1.69140625
3501,32.408447265625
3502,-8.107177734375
3503,-4.502685546875
3504,5.97900390625
3505,-12.7607421875
3506,9.599853515625002
3507,-0.6911621093750001
3508,6.440185546875
3509,15.394287109375
3510,1.503662109375
3511,15.244384765625
3512,17.106689453125
3513,-0.327880859375
3514,0.569091796875
3515,-0.13720703125
3516,21.044677734374996
3517,-3.5927734375000004
3518,4.904296875000001
3519,-17.894287109375
3520,-8.985595703125
3521,-14.9931640625
3522,25.271728515625
3523,15.294677734375
3524,7.501953124999999
3525,-10.562988281250002
3526,24.449951171875
3527,-15.719238281250002
3528,-19.769287109375
3529,-39.462890625
3530,26.177734375
3531,-15.555419921875
3532,2.4951171875000004
3533,-14.87841796875
3534,20.75244140625
3535,-19.06982421875
3536,25.571044921875
3537,-61.95458984375
3538,-2.91748046875
3539,10.979736328125
3540,7.400634765625
3541,-7.1552734375
3542,-22.02392578125
3543,11.723876953125
3544,3.4833984375000004
3545,32.677734375
3546,18.309326171875
3547,-14.552490234375
3548,7.67041015625
3549,1.884765625
3550,-9.03369140625
3551,-13.90283203125
3552,0.94873046875
3553,-0.21997070312499978
3554,9.156005859375
3555,-20.395263671875
3556,-12.6640625
3557,-2.615478515625
3558,-3.17626953125
3559,-7.574951171875
3560,13.483642578125
3561,-1.9013671875
3562,-1.9301757812499998
3563,4.73388671875
3564,9.586425781250002
3565,17.37353515625
3566,2.592529296875
3567,-17.448486328125
3568,-6.843994140625001
3569,-10.31591796875
3570,0.8063964843750001
3571,-16.143798828125
3572,6.442626953125
3573,4.1455078125
3574,-3.791748046875
3575,25.52734375
3576,20.72021484375
3577,32.016357421875
3578,-20.656005859375
3579,24.527832031250004
3580,20.213623046875
3581,12.267578125
3582,7.52783203125
3583,-3.538330078125
3584,-8.8466796875
3585,-8.9638671875
3586,6.684326171875
3587,1.220947265625
3588,-3.159912109375
3589,-10.241455078125
3590,21.542724609375
3591,2.290283203125
3592,-10.5625
3593,-35.10009765625
3594,-17.432861328125
3595,-18.31982421875
3596,57.322021484375
3597,-43.0205078125
3598,-22.193359375
3599,5.38134765625
3600,4.922119140625001
3601,-6.118896484375
3602,25.614013671875
3603,34.46826171875
3604,-12.828369140625
3605,-11.224365234375
3606,24.28857421875
3607,37.8115234375
3608,35.398681640625
3609,10.5732421875
3610,-8.790283203125
3611,-5.78955078125
3612,-8.46533203125
3613,12.626953125
3614,-5.705322265625
3615,-6.349365234375
3616,-8.53125
3617,32.498291015625
3618,0.8173828125
3619,-16.395751953125
3620,-29.328125
3621,8.034912109375
3622,-5.79150390625
3623,-7.193603515625
3624,-27.710693359375
3625,11.408447265625
3626,-30.8408203125
3627,-27.865234375
3628,36.607666015625
3629,48.883544921875
3630,-23.144775390625
3631,13.79443359375
3632,3.463867187499999
3633,47.977783203125
3634,-23.28369140625
3635,34.77294921875
3636,-21.987548828125
3637,0.23486328125
3638,8.353271484375
3639,4.738037109374999
3640,12.672607421875
3641,1.736328125
3642,8.28271484375
3643,3.658203125
3644,10.179443359375
3645,1.9931640625
3646,-7.75390625
3647,-23.322509765625
3648,0.44311523437500044
3649,25.029052734374996
3650,15.92529296875
3651,-17.207763671875
3652,-7.051513671875
3653,1.3833007812499998
3654,26.577148437499996
3655,7.78857421875
3656,-4.2841796875
3657,3.312255859375
3658,-14.750732421875
3659,6.75537109375
3660,3.938232421875
3661,8.19580078125
3662,18.468994140625
3663,0.18652343749999978
3664,76.21240234374999
3665,3.0029296875000004
3666,-5.494384765625
3667,40.8623046875
3668,43.534912109375
3669,5.077880859374999
3670,-6.538330078125
3671,-5.2392578125
3672,-3.46240234375
3673,55.77929687500002
3674,28.1494140625
3675,126.142822265625
3676,-32.07373046875
3677,-61.962646484375
3678,29.98486328125
3679,123.351318359375
3680,-24.4443359375
3681,-2.54345703125
3682,25.568603515625
3683,-17.025146484375
3684,-16.681396484375
3685,19.614013671875
3686,16.22412109375
3687,-22.733398437499996
3688,-18.550292968749996
3689,58.91064453125001
3690,61.353271484375
3691,-4.576416015625
3692,-7.055908203125
3693,-6.754150390625001
3694,-16.411376953125
3695,-2.2102050781249996
3696,-10.041748046875
3697,-14.603271484374998
3698,-11.908447265625
3699,-5.353759765625
3700,79.08740234374999
3701,-11.94775390625
3702,-12.469482421875
3703,-13.421630859375
3704,79.98193359375
3705,-12.9638671875
3706,-13.7939453125
3707,43.489501953125
3708,84.249755859375
3709,-34.545654296875
3710,57.171630859375
3711,1.710205078125
3712,104.737548828125
3713,-72.867431640625
3714,53.48437500000001
3715,3.47900390625
3716,-45.74609375
3717,-8.49169921875
3718,-22.64208984375
3719,56.330078125
3720,47.59521484375
3721,-8.87255859375
3722,-9.934814453125
3723,53.43994140625
3724,48.5390625
3725,-29.869873046875
3726,-11.8857421875
3727,-1.969482421875
3728,56.355224609375
3729,-29.982421875
3730,-14.74853515625
3731,55.468505859375
3732,49.85888671875
3733,-32.83056640625
3734,45.7060546875
3735,-16.14453125
3736,-8.82421875
3737,-1.1240234375
3738,4.304443359375
3739,24.152587890625
3740,-9.073486328125
3741,-4.294677734375
3742,5.451171875000001
3743,11.736572265625
3744,-9.662109375
3745,2.934326171875
3746,27.288330078125
3747,15.099853515625002
3748,13.7744140625
3749,19.921630859375
3750,20.499023437499996
3751,22.824951171875
3752,-15.292724609375
3753,-13.625244140625
3754,17.7451171875
3755,-20.4951171875
3756,-12.576904296875
3757,17.54833984375
3758,8.880859375
3759,-19.42138671875
3760,-9.816162109375
3761,-4.087890625
3762,16.23681640625
3763,-4.50439453125
3764,4.439697265625
3765,-8.46630859375
3766,-29.222167968749996
3767,-23.802490234375
3768,3.11865234375
3769,-14.030029296875
3770,26.34521484375
3771,22.504150390625
3772,-23.797607421875
3773,28.888671875
3774,49.681640625
3775,19.052734375
3776,-14.741943359375
3777,18.882568359375
3778,48.244873046875
3779,8.390625
3780,-16.581787109375
3781,-27.499023437499996
3782,-31.391357421875
3783,96.88916015625
3784,27.05224609375
3785,-24.238525390625
3786,-32.81494140625
3787,102.362060546875
3788,-10.279541015625002
3789,-16.85791015625
3790,-16.7080078125
3791,44.669921875
3792,19.026123046875
3793,30.96435546875
3794,-26.1875
3795,48.126708984375
3796,15.940185546875
3797,-16.6005859375
3798,-67.350341796875
3799,17.476806640625
3800,17.85498046875
3801,-7.951904296875
3802,29.453125
3803,1.2143554687500002
3804,15.071533203125
3805,-7.93994140625
3806,8.418212890625
3807,10.4296875
3808,-13.918701171875
3809,-12.075439453125
3810,1.9013671875
3811,-12.346923828125
3812,-10.5849609375
3813,-12.512451171875
3814,1.7768554687500002
3815,-2.830322265625
3816,-0.4658203125
3817,-16.086669921875
3818,42.2783203125
3819,25.4892578125
3820,-3.599853515625
3821,-3.850830078125
3822,41.052734375
3823,26.382080078125
3824,-5.00537109375
3825,4.17626953125
3826,9.244384765625
3827,-7.87548828125
3828,0.22998046875
3829,18.749755859375
3830,8.75537109375
3831,-5.85107421875
3832,0.6330566406249999
3833,4.819091796875
3834,-3.4167480468750004
3835,-12.844970703125
3836,-4.49169921875
3837,-5.710205078125
3838,27.707763671875
3839,27.846435546875
3840,-6.458984375000001
3841,-7.225341796875
3842,8.632080078125
3843,40.715087890625
3844,17.2783203125
3845,5.044921875000001
3846,3.05810546875
3847,-9.483886718749998
3848,11.253662109375
3849,7.091552734375
3850,6.617431640625001
3851,-27.370849609375
3852,-0.7841796875
3853,-5.7294921875
3854,8.673095703125
3855,9.308349609375
3856,-27.18603515625
3857,0.9694824218750001
3858,10.772705078125
3859,11.646728515625002
3860,-0.269287109375
3861,-8.705078125
3862,8.90234375
3863,-6.43701171875
3864,-19.328125
3865,14.75927734375
3866,-1.281494140625
3867,-13.452392578125
3868,-16.369140625
3869,3.382080078125
3870,12.38525390625
3871,113.8740234375
3872,150.458740234375
3873,-24.35986328125
3874,92.152099609375
3875,-18.751708984375
3876,144.568115234375
3877,-23.7705078125
3878,48.865966796875
3879,30.390625
3880,-4.824462890625002
3881,84.70654296875
3882,85.77783203125
3883,-9.892822265625
3884,-1.5693359374999993
3885,76.22607421875
3886,81.48486328124999
3887,-20.631591796875004
3888,-2.611816406250001
3889,-3.3857421875000004
3890,2.686767578125
3891,-10.063720703125
3892,3.47900390625
3893,1.984375
3894,-1.447998046875
3895,-3.826416015625
3896,5.14306640625
3897,-10.6455078125
3898,14.2001953125
3899,-9.883056640625
3900,-9.04150390625
3901,43.791015625
3902,-16.364990234375
3903,-11.143310546875
3904,-4.828857421875
3905,-11.289550781250002
3906,-1.283203125
3907,37.9501953125
3908,-22.887939453125
3909,-2.02978515625
3910,4.936279296875
3911,12.648925781250002
3912,-24.18896484375
3913,-1.87890625
3914,-17.485107421875
3915,41.69384765625
3916,7.5234375
3917,12.569824218749998
3918,11.669677734375
3919,-0.6359863281249999
3920,6.835205078125
3921,9.270751953125
3922,10.52783203125
3923,-5.72705078125
3924,8.7646484375
3925,-23.068603515625
3926,44.27001953125
3927,36.442626953125
3928,-17.5068359375
3929,0.2919921875
3930,50.28369140625
3931,40.40478515625
3932,-23.703857421875
3933,5.367431640625001
3934,-10.843017578125
3935,36.022216796875
3936,36.316650390625
3937,-0.080322265625
3938,-12.54443359375
3939,27.63623046875
3940,36.856689453125
3941,-9.586669921875
3942,5.991943359374999
3943,7.123779296875
3944,6.55029296875
3945,-3.73046875
3946,9.871826171875
3947,10.68994140625
3948,1.423828125
3949,2.486083984375
3950,21.638671875
3951,8.24658203125
3952,56.25390625
3953,21.218505859375
3954,-29.68798828125
3955,61.1142578125
3956,73.981201171875
3957,25.950927734374996
3958,-27.796875
3959,10.404541015625002
3960,122.67724609375
3961,-2.99951171875
3962,-11.28271484375
3963,60.07812499999999
3964,-3.638671875
3965,-30.224853515625
3966,-9.155517578125
3967,61.4716796875
3968,-0.16625976562499992
3969,71.278564453125
3970,4.6376953125
3971,14.9462890625
3972,13.185791015625002
3973,-13.872802734375
3974,1.030517578125
3975,12.387451171875
3976,20.22265625
3977,-1.5600585937500002
3978,0.0712890625
3979,45.55322265625
3980,-3.316162109375
3981,3.150390625
3982,1.9594726562499998
3983,9.974853515625002
3984,-13.904541015625002
3985,1.0144042968749996
3986,0.1630859375
3987,-4.423095703125
3988,32.90771484375
3989,-18.19580078125
3990,-8.41455078125
3991,89.70922851562499
3992,31.14990234375
3993,-10.478759765625
3994,-7.63623046875
3995,6.94873046875
3996,18.117431640625
3997,2.22802734375
3998,10.605224609375
3999,10.028564453125
4000,-16.613525390625
4001,-1.345947265625
4002,12.172607421875
4003,6.577392578125
4004,-4.08935546875
4005,-2.890380859375
4006,-21.22021484375
4007,51.894775390625
4008,50.30712890625
4009,-16.904541015625
4010,-16.31982421875
4011,55.24243164062499
4012,47.7294921875
4013,17.737060546875
4014,-18.29345703125
4015,-22.309814453125
4016,31.407958984375
4017,20.52978515625
4018,1.1044921875000009
4019,16.82275390625
4020,28.799072265625004
4021,22.32373046875
4022,-0.0859375
4023,-4.772705078125
4024,13.915283203124998
4025,31.588623046875
4026,32.312255859375
4027,27.3642578125
4028,34.888671875
4029,32.64306640625
4030,33.703857421875
4031,-5.28173828125
4032,8.502197265625
4033,-1.994384765625
4034,-1.04638671875
4035,4.338134765625
4036,-1.7451171875
4037,-3.119140625
4038,4.33251953125
4039,10.771728515625002
4040,-1.047607421875
4041,-4.489013671875
4042,31.979736328125
4043,11.6630859375
4044,-33.695556640625
4045,35.43310546875
4046,-3.89453125
4047,6.668701171875
4048,-32.02490234375
4049,-12.408447265625
4050,23.2314453125
4051,6.09130859375
4052,20.943115234375
4053,1.795654296875
4054,-8.421142578125
4055,-14.3037109375
4056,20.366943359375
4057,2.030029296875
4058,19.380126953125
4059,-35.639892578125
4060,57.15087890625
4061,75.022216796875
4062,-16.6787109375
4063,55.759521484375
4064,31.85498046875
4065,65.2275390625
4066,-16.30224609375
4067,-11.024658203125
4068,-13.779052734375
4069,90.50830078125
4070,-26.93603515625
4071,-20.188232421875
4072,-22.23486328125
4073,85.622314453125
4074,-27.8330078125
4075,-10.177734375
4076,50.287109375
4077,95.079833984375
4078,-11.642333984374998
4079,17.88134765625
4080,-9.3349609375
4081,2.603515625
4082,-14.564453125
4083,13.69775390625
4084,-5.88330078125
4085,-23.16796875
4086,33.715576171875
4087,-12.6435546875
4088,26.073486328125
4089,26.133056640625
4090,2.318603515625
4091,1.1328125
4092,26.86083984375
4093,23.96728515625
4094,-24.7841796875
4095,-15.470947265625
4096,9.157470703125
4097,-10.24658203125
4098,10.62646484375
4099,5.89111328125
4100,-7.272216796875
4101,-8.20361328125
4102,10.59619140625
4103,8.554931640625
4104,-6.4326171875
4105,32.68798828125
4106,-21.049560546875
4107,-22.489501953125
4108,-7.12255859375
4109,-8.945556640625
4110,-23.4501953125
4111,-22.178466796875004
4112,-13.034423828125
4113,-12.033203125
4114,30.3466796875
4115,-10.295654296875
4116,-2.3125
4117,20.19189453125
4118,-41.18872070312499
4119,-4.9638671875
4120,1.1870117187499998
4121,16.28759765625
4122,124.75
4123,59.8857421875
4124,1.320556640625
4125,-29.87353515625
4126,21.40478515625
4127,72.40966796875
4128,-0.043212890625
4129,-30.217041015625
4130,28.217529296875
4131,-22.16943359375
4132,-7.242431640625001
4133,-2.715576171875
4134,-0.7741699218749998
4135,13.402099609375
4136,3.930419921875
4137,-0.90576171875
4138,2.220947265625
4139,11.156738281250002
4140,12.698486328125
4141,10.0517578125
4142,22.6162109375
4143,-10.295654296875
4144,51.966552734375
4145,16.10888671875
4146,22.463623046875
4147,-12.950439453125
4148,-9.90478515625
4149,-2.47705078125
4150,-5.429443359374999
4151,-5.32080078125
4152,0.49829101562499983
4153,-14.20556640625
4154,-7.952392578125
4155,-3.32470703125
4156,4.288330078125
4157,-13.713134765625
4158,-3.246337890625
4159,-2.510498046875
4160,70.969970703125
4161,94.74072265625
4162,8.86572265625
4163,4.736572265624999
4164,67.712890625
4165,91.3271484375
4166,91.099609375
4167,-12.67724609375
4168,1.701416015625
4169,-0.80908203125
4170,-2.490966796875
4171,1.366455078125
4172,3.1142578124999996
4173,-3.04833984375
4174,2.0595703125
4175,3.088134765625
4176,-2.55419921875
4177,52.2236328125
4178,-11.68212890625
4179,-5.425048828125
4180,-8.289794921875
4181,47.30517578125
4182,-13.2431640625
4183,-5.66748046875
4184,44.559814453125
4185,57.58203125
4186,27.963623046875
4187,25.523437500000004
4188,2.003173828125
4189,-7.878173828125
4190,32.095458984375
4191,17.786865234375
4192,6.684326171875
4193,-11.048828125
4194,9.189453125
4195,2.3564453124999996
4196,1.109619140625
4197,2.81884765625
4198,-16.974365234375
4199,2.380126953125
4200,2.554931640625
4201,-6.022216796875
4202,3.860107421875
4203,-1.5051269531249998
4204,5.50927734375
4205,-7.081298828125
4206,9.444091796875
4207,-4.03466796875
4208,-6.446533203125
4209,-8.48291015625
4210,12.8603515625
4211,8.150634765625
4212,-1.050048828125
4213,-9.726806640625
4214,-7.5625
4215,7.691162109374999
4216,3.064208984375
4217,4.106201171875
4218,-16.241455078125
4219,10.757324218749998
4220,-9.795166015625002
4221,-27.69384765625
4222,4.20849609375
4223,-11.920654296875
4224,-30.81005859375
4225,51.32666015625
4226,7.060058593749998
4227,-12.43115234375
4228,-32.29150390625
4229,-30.097167968749996
4230,37.4384765625
4231,-3.15966796875
4232,6.268310546875
4233,4.55078125
4234,-1.7373046875
4235,17.775390625
4236,7.4423828125
4237,9.6962890625
4238,-9.18603515625
4239,8.593994140625
4240,1.95703125
4241,11.522705078125
4242,5.665771484375
4243,-2.099609375
4244,-0.6394042968750001
4245,15.55810546875
4246,5.319580078125
4247,12.7373046875
4248,5.17822265625
4249,9.547363281250002
4250,-28.168212890625
4251,-20.131591796875004
4252,-51.475341796875
4253,20.44921875
4254,-31.898193359375
4255,-15.796630859375
4256,74.325927734375
4257,17.854736328125
4258,-8.791259765625
4259,11.178955078125
4260,9.798095703125
4261,3.876953125
4262,-5.263671875000001
4263,9.9501953125
4264,13.244140625
4265,-39.58251953125
4266,-12.303466796875
4267,64.202392578125
4268,8.284179687500002
4269,5.059570312499997
4270,47.2470703125
4271,61.07861328125
4272,14.578369140625
4273,11.232177734375
4274,-35.1416015625
4275,53.960693359375
4276,37.060791015625
4277,8.48486328125
4278,13.323974609375
4279,58.06103515625
4280,23.560791015625
4281,1.7153320312499998
4282,14.160400390625
4283,-19.304931640625
4284,-5.041015624999999
4285,31.795166015625
4286,-7.6328125
4287,-10.37158203125
4288,14.3466796875
4289,-0.07031249999999978
4290,-11.910400390625
4291,-16.74072265625
4292,-20.876953125
4293,-4.5087890625
4294,-10.346923828125
4295,20.9580078125
4296,15.469482421875
4297,-44.198974609375
4298,-22.701171875
4299,17.52392578125
4300,7.44140625
4301,-4.645751953125
4302,-16.032470703125
4303,11.156982421875
4304,12.88525390625
4305,-24.9267578125
4306,8.755126953125
4307,11.2578125
4308,10.2080078125
4309,-28.03955078125
4310,-13.925048828125
4311,-4.46630859375
4312,34.025634765625
4313,49.17578125
4314,-0.5000000000000002
4315,-28.032226562500004
4316,82.29638671875
4317,46.59033203125
4318,0.02587890625
4319,-3.620849609375
4320,-16.7060546875
4321,19.07080078125
4322,-9.98779296875
4323,-18.812744140625
4324,-12.921142578125
4325,13.433593750000002
4326,-13.483154296875
4327,-16.65087890625
4328,2.5595703124999996
4329,7.85009765625
4330,19.07421875
4331,8.216064453125
4332,-10.353271484374998
4333,55.6298828125
4334,-1.920654296875
4335,10.134521484374998
4336,-10.31396484375
4337,4.072998046875
4338,-11.433837890625
4339,46.798583984375
4340,-15.80029296875
4341,-18.119140625
4342,26.967529296875
4343,56.785888671875
4344,-11.634765625
4345,-21.11669921875
4346,4.205322265625
4347,49.121337890625
4348,18.492919921875
4349,0.6618652343750001
4350,-17.35205078125
4351,48.4296875
4352,22.568603515625
4353,0.271240234375
4354,-9.82177734375
4355,1.499267578125
4356,19.811523437499996
4357,78.23828125
4358,4.5048828125
4359,1.975341796875
4360,18.030517578125
4361,69.3681640625
4362,10.245361328125
4363,1.1552734375
4364,-3.481689453125
4365,87.26708984375
4366,-3.83837890625
4367,-15.3701171875
4368,-13.36474609375
4369,-5.4755859375
4370,-1.789306640625
4371,-16.81640625
4372,-14.77001953125
4373,3.63525390625
4374,4.491455078125
4375,-8.565185546875
4376,87.267333984375
4377,-28.008056640625
4378,23.487792968749996
4379,6.986083984375
4380,87.810302734375
4381,-24.110351562500004
4382,3.3759765624999996
4383,10.105712890625
4384,-1.923095703125
4385,-15.318603515625002
4386,3.161376953125
4387,0.34033203125
4388,6.65087890625
4389,-16.118896484375
4390,4.833740234375
4391,13.091552734375
4392,26.531494140625
4393,48.23437500000001
4394,-35.302490234375
4395,-6.191650390625001
4396,69.08447265625
4397,71.755859375
4398,-31.39599609375
4399,-7.407470703125
4400,-72.449462890625
4401,-73.837890625
4402,2.55322265625
4403,10.097900390625
4404,7.844970703125
4405,11.92333984375
4406,-28.6494140625
4407,4.372802734375
4408,11.4072265625
4409,2.282958984375
4410,-6.93603515625
4411,10.182861328125
4412,24.517822265625004
4413,31.849853515625
4414,-7.30810546875
4415,8.259521484375
4416,26.96728515625
4417,30.655273437499996
4418,4.92724609375
4419,9.226074218749998
4420,6.6513671875
4421,-14.843994140625
4422,-39.28320312500001
4423,11.183349609375
4424,10.552001953125
4425,-18.208251953125
4426,-48.502197265625
4427,15.095458984374998
4428,4.50439453125
4429,11.168701171875
4430,28.253662109375
4431,60.3154296875
4432,28.52490234375
4433,-19.8818359375
4434,33.264404296875
4435,56.66748046875
4436,-28.983154296875
4437,26.583984375
4438,82.8330078125
4439,-38.235107421875
4440,-27.143310546875
4441,1.3334960937500004
4442,86.568603515625
4443,-36.314453125
4444,-35.12353515625
4445,28.27978515625
4446,93.84375000000001
4447,11.356689453125
4448,2.759765625
4449,-2.101318359375
4450,1.2954101562499998
4451,11.217529296875
4452,1.905517578125
4453,-5.62548828125
4454,4.13916015625
4455,14.3798828125
4456,3.365966796875
4457,-11.726318359375
4458,83.636474609375
4459,-12.677734375
4460,-0.7526855468750001
4461,-17.43115234375
4462,80.112548828125
4463,-19.217041015625
4464,-3.1374511718750027
4465,2.834228515625
4466,-14.483642578125
4467,-7.770751953125
4468,58.490966796875
4469,31.746337890625
4470,-14.044189453125
4471,-3.321044921875
4472,5.712646484375
4473,18.653564453125
4474,-7.38525390625
4475,-0.9479980468750001
4476,-1.892333984375
4477,-17.757568359375
4478,-12.358642578125
4479,-3.115234375
4480,2.623046875
4481,21.72265625
4482,-11.67041015625
4483,-5.78271484375
4484,-25.900146484375
4485,41.67138671875
4486,-46.677734375
4487,-3.00244140625
4488,-26.993408203124996
4489,40.696044921875
4490,-7.042236328125
4491,-17.084228515625
4492,-3.361328125
4493,-4.907470703125
4494,0.23193359375
4495,6.05859375
4496,7.881103515625
4497,-3.54638671875
4498,-2.64697265625
4499,8.49560546875
4500,-3.85498046875
4501,33.799560546875
4502,-8.97802734375
4503,-8.80615234375
4504,21.4716796875
4505,14.087646484374998
4506,-11.679931640625
4507,-6.529296875000001
4508,-1.07470703125
4509,17.143798828125
4510,44.8212890625
4511,4.53466796875
4512,9.607666015625002
4513,-7.599853515625
4514,-5.543701171875
4515,6.81591796875
4516,3.948486328125
4517,38.841552734375
4518,32.840576171875
4519,19.3330078125
4520,-4.666748046875
4521,5.349609375000001
4522,47.78173828125
4523,19.294921875
4524,3.0678710937499996
4525,0.6633300781249999
4526,-23.86181640625
4527,11.763427734375
4528,7.130615234375
4529,1.2192382812499998
4530,14.053466796875
4531,10.2314453125
4532,-6.0615234375
4533,1.152099609375
4534,13.684326171875
4535,0.452392578125
4536,-10.32470703125
4537,-17.466796875
4538,-0.076171875
4539,25.82861328125
4540,-9.54345703125
4541,-34.6015625
4542,4.4716796875
4543,24.60400390625
4544,0.501708984375
4545,-24.92724609375
4546,-5.326416015625
4547,-15.328125
4548,14.140869140625
4549,25.895751953125
4550,3.332275390625
4551,-11.1474609375
4552,13.53759765625
4553,5.343017578125
4554,13.768310546875
4555,-2.385498046875
4556,2.69970703125
4557,-4.03759765625
4558,16.4658203125
4559,7.49462890625
4560,7.487548828125
4561,-1.320556640625
4562,0.569580078125
4563,4.08056640625
4564,0.8654785156249996
4565,13.263916015625002
4566,14.626220703125
4567,6.685302734375
4568,1.886962890625
4569,11.644287109375
4570,8.8134765625
4571,-37.18017578125
4572,1.485595703125
4573,16.862060546875
4574,-25.626953125
4575,-23.79638671875
4576,7.07666015625
4577,8.17333984375
4578,-27.398681640625
4579,-21.864990234375
4580,25.42236328125
4581,-0.46484375
4582,2.357421875
4583,4.447021484375
4584,4.027587890625
4585,-17.488525390625
4586,-1.5180664062499998
4587,4.795654296875
4588,8.158203125
4589,28.779296875
4590,0.45947265625
4591,3.129150390624999
4592,62.28564453125001
4593,73.16845703125
4594,-16.91015625
4595,1.1931152343749973
4596,62.020751953125
4597,66.679443359375
4598,20.71435546875
4599,10.347412109374996
4600,-4.952392578125
4601,19.467041015625
4602,18.958740234375
4603,-11.078125
4604,-12.001220703125
4605,17.770751953125
4606,13.051513671875
4607,5.62646484375
4608,-1.7680664062499998
4609,-21.671875
4610,11.799072265625
4611,8.982177734375
4612,11.6650390625
4613,1.593994140625
4614,9.3095703125
4615,2.975341796875
4616,-31.313232421875
4617,-17.275634765625
4618,16.614990234375
4619,-5.86181640625
4620,-7.228759765625
4621,29.81298828125
4622,10.753662109375
4623,-5.796630859374999
4624,-3.375732421875
4625,-5.192138671875
4626,9.969238281250002
4627,-22.837646484375
4628,5.69970703125
4629,10.258056640625
4630,11.011474609374998
4631,18.204345703125
4632,-0.017578124999999778
4633,12.197021484374998
4634,24.49365234375
4635,-4.48046875
4636,22.5400390625
4637,-26.122802734374996
4638,-12.18994140625
4639,68.33056640625
4640,24.667236328125
4641,-25.080810546875
4642,-12.042968750000002
4643,9.975341796875
4644,17.62158203125
4645,3.7578125
4646,4.245849609375
4647,5.3759765625
4648,15.060546875
4649,8.1533203125
4650,3.9580078124999996
4651,1.7900390625
4652,7.623046875000001
4653,13.111572265625
4654,2.186767578125
4655,6.0703125
4656,-3.7294921875000004
4657,12.5537109375
4658,2.807373046875
4659,-0.4404296875
4660,-6.966064453125
4661,6.379638671875
4662,6.047607421875
4663,4.706298828125
4664,6.314208984375
4665,17.1611328125
4666,11.948486328125
4667,0.69384765625
4668,3.59765625
4669,21.155273437499996
4670,-9.732421875
4671,-10.154541015625002
4672,10.9990234375
4673,-1.837646484375
4674,8.930419921875
4675,16.336181640625
4676,17.5751953125
4677,-2.700927734375
4678,10.134765625
4679,32.38525390625
4680,-14.684326171875
4681,4.380859375
4682,-5.798095703125
4683,10.93115234375
4684,-0.7236328125
4685,5.646484375000001
4686,-1.611083984375
4687,9.61279296875
4688,5.862060546875
4689,3.337646484375
4690,6.224365234375
4691,-11.9326171875
4692,2.6889648437499996
4693,-11.858154296875
4694,0.289306640625
4695,-5.159912109374999
4696,-2.04150390625
4697,-7.03173828125
4698,-22.70166015625
4699,36.4541015625
4700,19.263671875
4701,13.324951171875
4702,3.740966796875
4703,95.48950195312501
4704,21.54638671875
4705,16.376953125
4706,27.498291015625
4707,25.783203125
4708,46.90820312500001
4709,31.882568359375
4710,-2.795654296875
4711,89.88818359375
4712,75.75048828125
4713,23.18017578125
4714,-3.6755371093750004
4715,16.61669921875
4716,10.6572265625
4717,-21.154296875
4718,8.83984375
4719,20.265625
4720,0.7312011718750001
4721,0.71240234375
4722,6.36767578125
4723,24.7412109375
4724,-9.503173828125
4725,4.81005859375
4726,3.574951171875
4727,8.48876953125
4728,-4.21826171875
4729,-0.31689453125
4730,-10.847656249999998
4731,7.15966796875
4732,1.1640625
4733,7.7978515625
4734,3.2880859375000004
4735,-5.02734375
4736,2.667236328125
4737,0.439453125
4738,3.20263671875
4739,20.163818359375
4740,9.8076171875
4741,-4.879638671875
4742,30.0576171875
4743,42.509033203125
4744,13.710449218749998
4745,15.900146484374998
4746,-16.0830078125
4747,37.1376953125
4748,24.304687500000004
4749,14.638427734375
4750,-11.63037109375
4751,4.66162109375
4752,9.148193359375
4753,56.378173828125
4754,8.035888671875
4755,8.542236328125
4756,39.69775390625
4757,40.52783203125
4758,5.415283203125
4759,11.167724609375
4760,-6.20849609375
4761,60.674560546875
4762,50.973388671875
4763,2.304199218749999
4764,-0.058349609375
4765,38.400146484375
4766,47.721435546875
4767,-5.7021484375
4768,-0.5854492187500003
4769,-8.736572265625
4770,45.656005859375
4771,4.690185546875
4772,20.090576171875
4773,22.203125
4774,-13.696044921875
4775,0.8610839843750001
4776,22.55126953125
4777,25.28369140625
4778,9.6435546875
4779,8.93798828125
4780,-5.75048828125
4781,22.273681640625
4782,16.117431640625
4783,-14.071044921875
4784,-3.236572265625
4785,24.192626953125
4786,20.689697265625004
4787,0.8698730468750001
4788,-4.3818359375
4789,-5.99658203125
4790,15.82470703125
4791,-3.70263671875
4792,8.95654296875
4793,6.240478515625
4794,4.471435546875
4795,0.6979980468750001
4796,-12.093505859375
4797,-1.330078125
4798,-0.869140625
4799,17.6005859375
4800,-16.204833984375
4801,72.908935546875
4802,12.268310546875
4803,17.49169921875
4804,-20.97265625
4805,7.033935546875
4806,11.317138671875
4807,10.152343750000002
4808,36.57666015625
4809,-35.5283203125
4810,-31.661376953125
4811,133.60595703125
4812,35.46875
4813,-38.966552734375
4814,9.402099609375
4815,0.414794921875
4816,30.234130859375
4817,-30.195068359375
4818,43.64941406250001
4819,-13.714843750000002
4820,11.1171875
4821,-33.4287109375
4822,41.710693359375
4823,16.373291015625
4824,17.5615234375
4825,41.138916015625
4826,-7.308349609374999
4827,-16.471923828125
4828,-27.552490234375
4829,50.6123046875
4830,-7.81640625
4831,-16.950927734375
4832,69.311279296875
4833,30.228271484375
4834,0.219970703125
4835,-13.891845703125
4836,24.739013671875
4837,-4.32177734375
4838,-3.407958984375
4839,-18.155517578125
4840,27.35302734375
4841,-1.509765625000001
4842,-0.6884765625
4843,-24.3056640625
4844,14.162109375
4845,16.987548828125
4846,23.251953125
4847,24.9814453125
4848,21.414062499999996
4849,14.9921875
4850,33.11767578125
4851,23.73388671875
4852,-11.2568359375
4853,19.840087890625
4854,21.589111328125
4855,11.68115234375
4856,-9.3828125
4857,20.4443359375
4858,20.461181640625
4859,-13.3193359375
4860,-3.56884765625
4861,-1.90625
4862,-11.654296875
4863,40.474609375
4864,-3.388916015625
4865,-14.959716796875
4866,-10.789306640625
4867,37.656982421875
4868,4.291259765625
4869,-7.431152343750001
4870,22.38671875
4871,51.059814453125
4872,13.926025390625
4873,25.57666015625
4874,10.526123046875
4875,46.66943359375001
4876,20.168457031250004
4877,19.1923828125
4878,-24.941162109375
4879,135.972900390625
4880,-38.193359375
4881,-29.408935546875
4882,-6.310058593750001
4883,132.4521484375
4884,-39.77197265625
4885,-32.484130859375
4886,58.363525390625
4887,134.389404296875
4888,-29.681640625
4889,13.029541015625002
4890,103.53564453125
4891,27.92822265625
4892,-2.48046875
4893,13.273925781250002
4894,101.06689453125
4895,8.192626953125
4896,7.92724609375
4897,-16.70361328125
4898,8.413818359375
4899,19.609375
4900,8.693115234375
4901,-15.265380859375
4902,8.904541015625
4903,14.292724609375
4904,4.12451171875
4905,-12.7373046875
4906,-8.88330078125
4907,68.854248046875
4908,39.958984375
4909,-21.186279296875
4910,45.466064453125
4911,65.8662109375
4912,42.553955078125
4913,49.00732421875
4914,-5.767333984375
4915,-0.46923828125
4916,14.751220703125
4917,10.272705078125
4918,41.63037109375
4919,-13.153076171875
4920,13.629150390625
4921,4.481689453125
4922,14.398925781250002
4923,12.307373046875
4924,13.947509765625
4925,-9.866699218749998
4926,6.93896484375
4927,-8.440185546875
4928,-2.79345703125
4929,-1.698486328125
4930,5.328125
4931,-13.076416015625002
4932,-5.877197265625
4933,60.97070312500001
4934,-23.7880859375
4935,-16.978271484375
4936,-18.93896484375
4937,-8.907470703125
4938,-17.9599609375
4939,-23.218994140625
4940,27.33251953125
4941,99.286865234375
4942,-9.807373046875
4943,-2.1142578125
4944,-7.43115234375
4945,29.75732421875
4946,-11.32470703125
4947,-7.6884765625
4948,-12.920654296875
4949,-5.9609375
4950,-9.9150390625
4951,10.907470703125
4952,-9.4619140625
4953,2.867919921875
4954,0.1650390625
4955,15.249267578125
4956,-5.17822265625
4957,6.2890625
4958,74.30371093749999
4959,27.591552734374996
4960,0.9201660156249999
4961,-12.8349609375
4962,-13.7158203125
4963,31.580322265625004
4964,-10.57373046875
4965,-15.3916015625
4966,-11.80322265625
4967,2.0830078125
4968,-2.27294921875
4969,-0.442138671875
4970,-5.488525390625001
4971,7.134033203125
4972,-1.39453125
4973,-6.857666015625
4974,-5.006591796875
4975,10.780029296875
4976,9.23095703125
4977,77.61450195312501
4978,35.935302734375
4979,-50.41796875
4980,-22.341552734374996
4981,183.769775390625
4982,107.35302734375
4983,-50.08837890625
4984,-29.681884765625
4985,31.858642578125
4986,-3.320556640625
4987,17.3974609375
4988,-0.2626953125
4989,1.230224609375
4990,24.787841796875004
4991,5.01123046875
4992,2.010498046875
4993,-3.529052734375
4994,-7.2138671875
4995,-11.814697265625
4996,-5.37841796875
4997,6.09814453125
4998,10.82666015625
4999,-1.3862304687500004
5000,-7.815185546875
5001,12.925048828125
5002,8.12060546875
5003,17.630615234375
5004,-12.638427734375
5005,12.446044921875
5006,-21.009765625
5007,-12.168701171875
5008,58.938232421875
5009,8.62158203125
5010,-21.040283203124996
5011,-13.1728515625
5012,4.605712890625
5013,7.71826171875
5014,1.945068359375
5015,6.286376953125
5016,6.29150390625
5017,18.75
5018,0.9523925781249999
5019,4.53955078125
5020,4.332763671875
5021,7.2392578125
5022,15.47314453125
5023,46.5703125
5024,-25.458251953125
5025,-18.685791015625
5026,38.68896484375
5027,49.58374023437499
5028,-26.50732421875
5029,-20.269775390625
5030,66.037353515625
5031,36.2392578125
5032,-5.90966796875
5033,-22.073486328125
5034,4.341064453125
5035,-53.59179687499999
5036,136.780029296875
5037,-21.1787109375
5038,-0.77685546875
5039,63.59570312500001
5040,3.1970214843749987
5041,3.61376953125
5042,26.463623046875
5043,30.993896484375
5044,-44.10888671875
5045,-12.997802734375
5046,28.840332031250004
5047,34.8193359375
5048,-7.327392578125
5049,1.3359374999999987
5050,-8.75244140625
5051,16.88330078125
5052,-2.53271484375
5053,32.829833984375
5054,26.03076171875
5055,17.08203125
5056,-0.7932128906249999
5057,-34.1806640625
5058,-7.298095703125
5059,-31.468505859375
5060,-11.239013671875
5061,36.804931640625
5062,-10.125244140625
5063,-23.594482421875
5064,-12.514892578125
5065,41.121826171875
5066,-14.6220703125
5067,-17.994384765625
5068,28.949707031250004
5069,54.41943359375001
5070,-17.8095703125
5071,79.58740234374999
5072,164.24951171875
5073,58.01562499999999
5074,-20.401123046875
5075,27.252685546875
5076,38.691650390625
5077,34.291748046875
5078,2.0947265625
5079,-25.750732421875
5080,-0.67138671875
5081,21.51025390625
5082,7.013671875000001
5083,-26.496582031250004
5084,-13.422363281250002
5085,43.17626953125
5086,1.0625
5087,-5.43505859375
5088,-3.25341796875
5089,-4.7666015625
5090,0.9714355468750001
5091,-1.9721679687500002
5092,-2.361572265625
5093,2.641357421875
5094,8.447509765625
5095,1.6987304687500002
5096,8.567138671875
5097,9.300781249999998
5098,-23.706298828125
5099,-16.28466796875
5100,7.731689453125
5101,5.10986328125
5102,3.0693359375000004
5103,-17.569580078125
5104,17.482666015625
5105,9.351318359375
5106,7.7998046875
5107,21.32373046875
5108,11.2333984375
5109,9.684326171875
5110,12.492431640625
5111,-0.19531249999999994
5112,5.678466796875
5113,16.087158203125
5114,1.773681640625
5115,5.989990234375
5116,-20.452148437499996
5117,14.43212890625
5118,7.3701171875
5119,9.06396484375
5120,-3.527587890625
5121,17.704345703125
5122,-3.70263671875
5123,37.56298828125
5124,37.05249023437499
5125,-3.824951171875001
5126,-5.691162109374999
5127,30.53857421875
5128,30.5361328125
5129,-5.311767578125
5130,-6.903076171875
5131,33.781005859375
5132,6.97998046875
5133,8.02978515625
5134,50.85400390625
5135,14.25927734375
5136,10.559814453125
5137,3.5576171875000004
5138,-40.132080078125
5139,32.09033203125
5140,-10.00537109375
5141,7.67138671875
5142,28.838134765625
5143,4.931884765625
5144,5.936279296875
5145,7.43212890625
5146,31.0205078125
5147,38.016357421875
5148,20.78125
5149,-4.906982421875
5150,11.460449218749998
5151,-10.09716796875
5152,6.64111328125
5153,6.996826171875
5154,14.79443359375
5155,-7.593994140625001
5156,17.88134765625
5157,11.7314453125
5158,24.06201171875
5159,51.51806640624999
5160,21.559082031250004
5161,29.573486328125
5162,0.5261230468749996
5163,46.810791015625
5164,21.39892578125
5165,34.4921875
5166,10.36572265625
5167,-15.906982421875
5168,5.44775390625
5169,-3.873779296875
5170,7.3623046875
5171,-2.874267578125
5172,5.871337890625001
5173,-4.89599609375
5174,24.570068359375
5175,4.8115234375
5176,87.13378906250001
5177,9.232666015624998
5178,5.43115234375
5179,5.86083984375
5180,87.77490234374999
5181,16.370361328125
5182,9.585205078124998
5183,4.3486328125
5184,94.29833984375
5185,-19.912353515625
5186,129.906982421875
5187,120.2880859375
5188,17.93505859375
5189,-22.54248046875
5190,130.281982421875
5191,123.963623046875
5192,-19.90234375
5193,-18.660400390625
5194,-9.72119140625
5195,14.292724609375
5196,6.51123046875
5197,-4.41455078125
5198,-10.895751953125
5199,11.383056640625
5200,2.1044921875
5201,0.7312011718750001
5202,1.3125
5203,-10.951904296875
5204,-13.986083984374998
5205,0.79443359375
5206,9.268798828125
5207,-2.964111328125
5208,-12.96240234375
5209,-5.545166015625
5210,-1.806640625
5211,-1.5034179687499998
5212,36.064697265625
5213,-9.7890625
5214,10.37939453125
5215,158.208251953125
5216,-0.9206542968750001
5217,-0.6643066406249999
5218,13.222656249999998
5219,14.986572265625
5220,35.920166015625
5221,87.06689453125
5222,7.286132812499999
5223,8.326171875
5224,-7.17578125
5225,87.232666015625
5226,10.140625
5227,10.013427734375
5228,20.56298828125
5229,124.962646484375
5230,4.787109375000001
5231,-6.653076171875
5232,-0.19921875
5233,-0.7705078125
5234,-4.919189453125
5235,-12.141113281250002
5236,-1.208251953125
5237,-4.257080078125
5238,37.08544921875
5239,-0.05810546874999955
5240,31.81884765625
5241,-6.581787109374999
5242,-14.438232421875
5243,-30.966064453125
5244,33.8974609375
5245,-10.84716796875
5246,46.67138671875
5247,15.550781249999998
5248,9.56494140625
5249,44.251708984375
5250,42.022705078125
5251,0.8391113281249999
5252,20.185546875
5253,46.392578125
5254,40.38500976562501
5255,9.711669921875
5256,7.22998046875
5257,12.97021484375
5258,30.0966796875
5259,42.13916015625
5260,13.61474609375
5261,1.441650390625
5262,28.708740234375
5263,36.55029296875
5264,10.804199218749998
5265,-29.74462890625
5266,-15.626708984374998
5267,130.012451171875
5268,137.2451171875
5269,-26.979248046875
5270,-21.509521484375
5271,132.270263671875
5272,132.159423828125
5273,8.637451171875
5274,-16.68798828125
5275,8.83935546875
5276,5.0
5277,12.1943359375
5278,-5.266845703125
5279,20.119873046875
5280,5.113525390625001
5281,11.117431640625
5282,-21.87255859375
5283,-15.332275390625
5284,23.45556640625
5285,9.707763671875
5286,12.54248046875
5287,3.0263671875000004
5288,2.4833984375000004
5289,7.093505859374999
5290,4.00634765625
5291,16.285400390625
5292,42.38500976562501
5293,-7.715087890625001
5294,7.17138671875
5295,1.673828125
5296,9.435546875
5297,12.76416015625
5298,9.072265625
5299,-0.326416015625
5300,0.46044921875
5301,12.828125
5302,-20.140380859375
5303,84.00732421875
5304,180.294677734375
5305,-37.27734375
5306,3.820800781250001
5307,80.791015625
5308,182.057373046875
5309,-24.369384765625
5310,-12.69677734375
5311,22.8955078125
5312,23.0419921875
5313,-6.38720703125
5314,-13.078369140625
5315,-7.775634765625
5316,27.539062499999996
5317,-1.3232421875
5318,22.8193359375
5319,28.17578125
5320,-2.439453125
5321,-16.05126953125
5322,9.842529296875
5323,34.096923828125
5324,-10.090576171875
5325,-15.888671875
5326,8.718017578125
5327,54.171142578125
5328,-0.025634765625
5329,11.726074218749998
5330,4.48193359375
5331,6.94970703125
5332,-7.3525390625
5333,14.591796875
5334,5.109619140625001
5335,3.455810546875
5336,-4.584228515625
5337,9.08544921875
5338,-42.465087890625
5339,120.3466796875
5340,76.1220703125
5341,-17.424072265625
5342,-45.01123046875
5343,119.923583984375
5344,74.873779296875
5345,2.7099609375000004
5346,-41.7333984375
5347,30.903076171875
5348,-13.08740234375
5349,-6.44189453125
5350,31.237792968749996
5351,14.43408203125
5352,-13.173095703125
5353,-6.90283203125
5354,12.71337890625
5355,33.97802734375
5356,44.97631835937501
5357,1.892333984375
5358,13.47119140625
5359,8.875
5360,39.026123046875
5361,-5.69580078125
5362,18.28759765625
5363,-12.9873046875
5364,30.51318359375
5365,6.74462890625
5366,11.61474609375
5367,4.3701171875
5368,-17.5517578125
5369,-12.165771484374998
5370,8.612548828125
5371,2.9638671875000004
5372,-9.929199218749998
5373,-18.992187500000004
5374,32.11181640625
5375,-3.46337890625
5376,5.997070312499999
5377,14.406005859375
5378,4.341796875
5379,-5.98486328125
5380,4.6455078125
5381,-18.7763671875
5382,7.5869140625
5383,42.184814453125
5384,-2.913818359375
5385,-5.631591796875
5386,-57.8662109375
5387,36.04833984375
5388,-8.955810546875
5389,-8.156982421875
5390,63.58251953125
5391,52.370849609375
5392,6.034912109374999
5393,-31.985351562499996
5394,80.20922851562499
5395,-13.5166015625
5396,-16.5185546875
5397,-29.390625
5398,74.13061523437499
5399,-24.474609375
5400,-23.770751953125
5401,-5.264404296875
5402,-0.413330078125
5403,7.6240234375
5404,-0.238037109375
5405,24.81689453125
5406,3.741943359375
5407,7.863037109374999
5408,26.09423828125
5409,10.735595703125
5410,110.484130859375
5411,82.6826171875
5412,-20.20703125
5413,-21.2998046875
5414,87.580810546875
5415,84.24755859375001
5416,-15.845458984374998
5417,37.2197265625
5418,31.423583984375
5419,-13.527587890625
5420,2.893310546875
5421,7.845703124999999
5422,-8.5927734375
5423,-5.013427734375
5424,3.932373046875
5425,9.953857421875
5426,3.702880859375
5427,-8.427978515625
5428,27.772216796875004
5429,-24.3369140625
5430,-21.063720703125
5431,-5.5673828125
5432,19.985595703125
5433,-23.82373046875
5434,-26.403076171875
5435,-2.600341796875
5436,18.07373046875
5437,-17.377197265625
5438,45.89892578125
5439,44.156005859375
5440,156.438720703125
5441,-2.302490234375
5442,47.490478515625
5443,41.129150390625
5444,-3.2690429687500018
5445,-22.085205078125
5446,-7.6904296875
5447,-10.754638671875
5448,-3.171875
5449,13.093994140625
5450,-4.641357421875
5451,-3.4482421875000004
5452,-2.805908203125
5453,-9.68896484375
5454,-1.063232421875
5455,-5.16455078125
5456,-6.11962890625
5457,-14.6484375
5458,49.263427734375
5459,-9.975341796875
5460,-8.455810546875
5461,-12.390136718749998
5462,-8.944580078125
5463,-9.39306640625
5464,-2.089599609375
5465,-10.994140625
5466,1.619140625
5467,8.843505859375
5468,31.4755859375
5469,-7.106689453125
5470,0.9611816406249999
5471,-8.73583984375
5472,13.156738281250002
5473,10.826416015625002
5474,12.078369140625
5475,11.83251953125
5476,-14.53271484375
5477,-0.7287597656249999
5478,13.39697265625
5479,18.722167968749996
5480,4.058349609375
5481,2.644287109375
5482,-5.13134765625
5483,32.486083984375
5484,33.700439453125
5485,-9.73095703125
5486,1.414794921875
5487,35.107177734375
5488,33.9892578125
5489,13.95849609375
5490,1.669677734375
5491,137.25634765625
5492,3.14794921875
5493,-61.96337890625
5494,65.9560546875
5495,6.508056640625001
5496,8.2705078125
5497,-64.99365234375
5498,-8.41748046875
5499,86.80688476562501
5500,-10.566162109375
5501,32.15234375
5502,18.076416015625
5503,2.268798828125
5504,-27.74853515625
5505,30.03564453125
5506,16.9951171875
5507,42.434326171875
5508,-20.516601562500004
5509,8.69580078125
5510,149.908203125
5511,-20.7060546875
5512,57.73974609375
5513,74.94384765625
5514,149.598388671875
5515,-14.910156249999998
5516,-33.04931640625
5517,-9.845703125
5518,15.701904296875
5519,-5.933837890625001
5520,-0.087646484375
5521,32.58203125
5522,35.83447265625
5523,-1.063232421875
5524,6.1748046875
5525,-7.879150390625001
5526,-15.8134765625
5527,-0.9282226562500003
5528,-18.455078125
5529,81.937744140625
5530,-1.456298828125
5531,6.064208984375
5532,-21.483398437499996
5533,72.906982421875
5534,-4.77734375
5535,-34.318115234375
5536,48.96728515625
5537,-46.443115234375
5538,-44.30322265625
5539,76.89501953125001
5540,-28.80419921875
5541,-47.8662109375
5542,-43.67578125
5543,-31.996582031250004
5544,97.225830078125
5545,26.627685546875
5546,-8.10107421875
5547,-6.2255859375
5548,5.22314453125
5549,27.560791015625
5550,-10.277587890625
5551,-11.419189453125
5552,-7.41943359375
5553,14.789550781250002
5554,47.000244140625
5555,-20.276123046875
5556,15.701171875
5557,-14.255126953125
5558,27.804931640625
5559,-20.197509765625
5560,19.7900390625
5561,25.522216796875004
5562,50.85888671875
5563,-38.817626953125
5564,124.426025390625
5565,125.604736328125
5566,53.314697265625
5567,-25.629150390625
5568,117.63061523437499
5569,124.996337890625
5570,-18.852783203124996
5571,-27.886962890625
5572,-7.777099609374999
5573,-5.408935546875
5574,18.644775390625
5575,1.056884765625
5576,-10.814453125
5577,-7.246337890625001
5578,18.83935546875
5579,-1.03271484375
5580,-14.80712890625
5581,8.1025390625
5582,0.7893066406249999
5583,3.9775390624999996
5584,9.550048828125
5585,13.778564453125
5586,-0.451416015625
5587,3.42138671875
5588,-0.8896484375
5589,10.30615234375
5590,36.876953125
5591,-43.48999023437499
5592,-53.41625976562501
5593,-20.336669921875
5594,53.24877929687501
5595,-41.630859375
5596,-49.43212890625
5597,60.91870117187499
5598,44.086669921875
5599,4.280029296874998
5600,60.33129882812501
5601,58.22705078125
5602,-32.83203125
5603,-22.332275390625
5604,61.02368164062499
5605,53.11474609375
5606,-17.54150390625
5607,-1.241943359375
5608,-18.592041015625
5609,8.4306640625
5610,-16.42724609375
5611,94.959716796875
5612,-64.19287109375
5613,-1.7609863281250009
5614,-15.034912109375
5615,8.0166015625
5616,14.046630859375
5617,18.73681640625
5618,-5.9091796875
5619,10.787353515625002
5620,-9.074951171875
5621,20.031494140625
5622,-9.806884765625
5623,10.52490234375
5624,-18.93310546875
5625,25.590087890625
5626,-1.961669921875
5627,-1.5737304687500002
5628,3.595947265625
5629,13.3544921875
5630,4.960693359374999
5631,0.6416015625
5632,6.42041015625
5633,7.77880859375
5634,14.553466796875
5635,8.33984375
5636,-10.725830078125
5637,7.862060546875
5638,-13.62841796875
5639,-8.4130859375
5640,-8.761962890625
5641,9.600341796875
5642,-28.485595703125
5643,-7.59375
5644,16.179931640625
5645,16.134521484375
5646,9.70166015625
5647,-6.62451171875
5648,24.717041015625
5649,2.33642578125
5650,14.287353515625002
5651,-4.546875
5652,21.516845703125
5653,6.44384765625
5654,-20.990478515625
5655,12.227050781250002
5656,3.725341796875
5657,6.916259765625
5658,-16.346923828125
5659,12.75439453125
5660,0.4345703125
5661,3.94921875
5662,39.84179687499999
5663,8.890380859375
5664,-57.72875976562501
5665,34.22900390625
5666,67.191162109375
5667,10.961669921875
5668,-57.6083984375
5669,67.688232421875
5670,-24.099853515625
5671,-9.536865234375
5672,-20.371826171875
5673,-9.494873046875
5674,-12.294189453125
5675,-3.1044921875000004
5676,-22.176025390625
5677,-10.00341796875
5678,7.87890625
5679,-2.237060546875
5680,3.934814453125
5681,87.975830078125
5682,82.007080078125
5683,-9.177734375
5684,3.676513671875
5685,80.93359374999999
5686,81.5439453125
5687,8.088134765625
5688,-6.2666015625
5689,45.36254882812501
5690,-8.426025390625
5691,-7.20263671875
5692,20.05224609375
5693,18.550292968749996
5694,-13.703125
5695,-4.16845703125
5696,-1.3305664062499998
5697,36.129638671875
5698,30.028564453125
5699,19.32861328125
5700,6.39794921875
5701,-15.058349609375
5702,-21.29638671875
5703,19.187744140625
5704,7.592041015625
5705,31.988037109375
5706,11.80322265625
5707,11.179199218749998
5708,2.8105468749999996
5709,67.889892578125
5710,44.82666015625
5711,25.038818359375
5712,-7.206298828125
5713,71.097900390625
5714,11.197265625
5715,8.64306640625
5716,6.152587890625001
5717,-36.33251953125
5718,-31.79736328125
5719,43.526123046875
5720,-8.58837890625
5721,-34.69775390625
5722,-25.886474609375
5723,-65.28369140625
5724,140.01611328125
5725,35.433349609375
5726,-11.315673828125
5727,-7.3388671875
5728,-5.54638671875
5729,50.343017578125
5730,-13.203125
5731,-10.549072265625
5732,25.8564453125
5733,27.95458984375
5734,-5.27587890625
5735,-0.7854003906249999
5736,-6.840576171875
5737,-11.4365234375
5738,-3.71435546875
5739,-5.32568359375
5740,-3.06689453125
5741,-0.90185546875
5742,-4.8974609375
5743,-20.219726562500004
5744,-23.9775390625
5745,-27.605957031250004
5746,13.02490234375
5747,-5.9423828125
5748,-21.21630859375
5749,-31.482421875
5750,-17.162109375
5751,86.147216796875
5752,-10.939453125
5753,0.8701171875
5754,-3.89404296875
5755,9.13818359375
5756,0.224365234375
5757,-1.156982421875
5758,-10.27587890625
5759,-28.628662109375
5760,0.49609375
5761,-29.126708984375
5762,-4.514892578125002
5763,88.27636718750001
5764,-1.0727539062500004
5765,-12.622802734375
5766,-8.964111328125
5767,89.295166015625
5768,62.04370117187499
5769,4.778076171875
5770,13.427978515625002
5771,2.118408203125
5772,7.251953124999999
5773,-11.80126953125
5774,4.945068359374999
5775,1.529296875
5776,6.853759765625
5777,-12.546630859375
5778,7.399658203125
5779,13.5615234375
5780,4.806396484375
5781,9.909912109375
5782,6.9814453125
5783,11.50244140625
5784,5.574951171875
5785,9.258056640625
5786,-19.924560546875
5787,12.37841796875
5788,12.48974609375
5789,7.222412109374999
5790,11.990966796875
5791,-5.56591796875
5792,7.209716796875
5793,4.065673828125
5794,14.341064453125
5795,-2.087646484375
5796,0.927734375
5797,2.790771484375
5798,-0.59423828125
5799,5.120361328125
5800,-10.0556640625
5801,3.349365234375
5802,-0.44384765625
5803,5.75
5804,-7.324462890625001
5805,12.265625
5806,59.88500976562501
5807,96.990478515625
5808,28.688476562500004
5809,16.3505859375
5810,6.404541015625
5811,92.653564453125
5812,26.517333984375
5813,-9.697021484374998
5814,-23.217529296875
5815,-1.3696289062499998
5816,-1.5659179687500002
5817,21.9267578125
5818,-15.059814453125
5819,-16.436767578125
5820,4.952880859374999
5821,23.874755859375
5822,-0.353271484375
5823,-10.38525390625
5824,21.766845703125
5825,16.859375
5826,-1.5063476562499998
5827,20.81298828125
5828,18.5595703125
5829,14.127685546875
5830,1.4619140625
5831,17.46630859375
5832,3.493896484375
5833,12.5712890625
5834,-3.245361328125
5835,5.92431640625
5836,-13.865478515625002
5837,-4.86279296875
5838,-2.66552734375
5839,7.188232421875
5840,16.24267578125
5841,15.430175781250002
5842,10.4833984375
5843,-41.01171875
5844,-34.021240234375
5845,58.08374023437499
5846,35.305419921875
5847,-43.67187500000001
5848,-35.18994140625
5849,11.030029296875
5850,29.157470703125
5851,12.766845703125
5852,49.3974609375
5853,0.8767089843750001
5854,30.826416015625
5855,19.583251953125
5856,47.14111328125
5857,-0.144287109375
5858,72.6982421875
5859,14.9658203125
5860,-18.60546875
5861,-66.820068359375
5862,-7.235107421875
5863,-60.9013671875
5864,233.7490234375
5865,-66.938720703125
5866,-6.9765625
5867,33.974853515625
5868,-16.85546875
5869,15.088134765625
5870,-6.1865234375
5871,9.799072265625
5872,-26.582763671875
5873,-18.997802734374996
5874,-5.98193359375
5875,1.2890625
5876,-10.937255859375
5877,-12.62158203125
5878,-2.207763671875
5879,-15.394287109375
5880,-23.720703125
5881,56.9716796875
5882,119.75634765625
5883,-19.9267578125
5884,-31.459228515625
5885,45.642822265625
5886,-14.69677734375
5887,21.332763671875
5888,-15.68212890625
5889,-8.703857421875
5890,49.41748046875
5891,15.849853515625002
5892,-13.202880859375
5893,-11.780029296875
5894,4.2021484375
5895,21.37109375
5896,-8.72412109375
5897,12.91162109375
5898,14.884521484374998
5899,-19.169677734374996
5900,-15.830322265625
5901,11.708984375
5902,10.327392578125
5903,9.8740234375
5904,0.10791015625
5905,-27.452148437499996
5906,20.3701171875
5907,42.721923828125
5908,1.414306640625
5909,-11.044189453125
5910,24.68505859375
5911,46.60888671875
5912,51.06396484375
5913,21.02294921875
5914,-0.8681640625000009
5915,67.500732421875
5916,78.4658203125
5917,-9.724365234375
5918,-17.55615234375
5919,67.367919921875
5920,76.49462890625
5921,-11.959228515625002
5922,21.661376953125
5923,123.794189453125
5924,-13.538818359375
5925,-33.422607421875
5926,22.9443359375
5927,36.511962890625
5928,-7.639892578125
5929,-34.94091796875
5930,73.85180664062499
5931,218.10717773437503
5932,34.4306640625
5933,-5.3359375
5934,-6.900146484375
5935,-13.703369140625
5936,30.305908203124996
5937,-8.322021484375
5938,-7.947509765625
5939,-21.017822265625004
5940,28.559814453125
5941,17.4013671875
5942,40.062744140625
5943,-54.3017578125
5944,19.53955078125
5945,2.958251953125
5946,47.17041015625
5947,-48.99462890625
5948,4.852783203125
5949,9.4072265625
5950,32.93701171875
5951,-7.29248046875
5952,7.158203124999999
5953,86.461181640625
5954,38.12304687499999
5955,-4.708984375000001
5956,5.841064453125
5957,4.790283203125
5958,7.654296875000001
5959,-2.189697265625
5960,38.73193359375001
5961,32.07275390625
5962,6.16845703125
5963,19.52392578125
5964,37.490234375
5965,26.5205078125
5966,-13.05126953125
5967,-1.135009765625
5968,12.002197265625
5969,8.9521484375
5970,10.785156249999998
5971,-12.0146484375
5972,59.642333984375
5973,12.059326171875
5974,14.564453125
5975,4.613037109374999
5976,-1.681396484375
5977,1.9775390625
5978,0.78125
5979,-2.90087890625
5980,-25.144775390625
5981,4.564453125
5982,7.412841796875
5983,-2.052001953125
5984,58.710205078125
5985,4.0283203125
5986,0.426025390625
5987,41.853271484375
5988,34.02734375
5989,4.936767578125
5990,29.038330078125
5991,41.44995117187499
5992,26.049072265625004
5993,-9.63525390625
5994,-17.5322265625
5995,-10.612060546875
5996,21.520263671875
5997,-0.6794433593750001
5998,9.97216796875
5999,-1.916259765625
6000,27.341552734374996
6001,3.551025390625
6002,-23.494140625
6003,5.180908203125
6004,-8.43408203125
6005,-14.102050781250002
6006,-11.90185546875
6007,-34.385986328125
6008,24.509521484375
6009,-10.8486328125
6010,-7.4501953125
6011,-6.656494140625001
6012,-6.185302734375
6013,-1.320068359375
6014,22.43359375
6015,-4.6689453125
6016,61.14794921875
6017,31.725341796875004
6018,15.262939453125
6019,-1.764892578125
6020,17.210693359375
6021,-3.236083984375
6022,5.492919921875
6023,23.3779296875
6024,32.230712890625
6025,-7.11181640625
6026,-23.10986328125
6027,18.1513671875
6028,31.20947265625
6029,-14.759521484374998
6030,-13.27490234375
6031,-5.64990234375
6032,22.593994140625
6033,24.836181640625
6034,15.0458984375
6035,15.501220703125
6036,13.087158203125
6037,23.2314453125
6038,-7.73583984375
6039,-6.52587890625
6040,3.564208984375
6041,15.172119140625
6042,9.559326171875
6043,-18.92578125
6044,0.496826171875
6045,9.907958984374998
6046,12.960449218749998
6047,14.122314453125
6048,3.685302734375
6049,-2.9619140624999996
6050,-2.984130859375
6051,4.19677734375
6052,7.34765625
6053,-7.9677734375
6054,3.7568359375000004
6055,3.0791015624999996
6056,14.894287109375
6057,6.298583984375
6058,-2.573486328125
6059,48.16625976562501
6060,48.839111328125
6061,-60.236083984375
6062,1.347412109375
6063,41.525634765625
6064,52.26025390625
6065,-15.242431640625
6066,-14.826416015625002
6067,-11.248291015625002
6068,17.315673828125
6069,21.328857421875
6070,6.078369140625001
6071,-3.56982421875
6072,12.2119140625
6073,12.989990234375
6074,9.826904296875
6075,-10.793212890625
6076,7.84326171875
6077,2.969970703125
6078,13.952880859375
6079,-8.938720703125
6080,-9.272949218749998
6081,-4.316162109375
6082,11.45166015625
6083,-25.280029296875
6084,19.586669921875
6085,36.813720703125
6086,20.791015625
6087,-10.457031249999998
6088,1.4072265625
6089,-0.7463378906249999
6090,18.184814453125
6091,-11.21875
6092,24.41162109375
6093,34.19970703125
6094,67.462890625
6095,5.270263671875
6096,8.4462890625
6097,105.29345703125
6098,59.66308593749999
6099,5.099853515625
6100,2.249267578124999
6101,9.10302734375
6102,58.0341796875
6103,3.060546875
6104,3.0693359375000004
6105,-3.814453125
6106,7.6669921875
6107,13.12841796875
6108,2.3291015624999996
6109,-2.92333984375
6110,19.479248046875
6111,14.83056640625
6112,56.503173828125
6113,-26.6123046875
6114,-33.1953125
6115,87.913818359375
6116,110.06176757812499
6117,-24.1357421875
6118,-28.0673828125
6119,14.95654296875
6120,4.548095703125
6121,-13.75
6122,21.55126953125
6123,4.346923828125
6124,0.34130859375
6125,5.09423828125
6126,27.423583984375
6127,4.042724609375
6128,-25.35498046875
6129,-8.974365234375
6130,19.7470703125
6131,41.203857421875
6132,-23.719970703125
6133,-10.850341796875
6134,-3.35009765625
6135,40.624267578125
6136,-19.23388671875
6137,7.3642578125
6138,-0.333740234375
6139,43.53808593749999
6140,-6.665771484375
6141,-12.558837890625
6142,21.975830078125
6143,37.36572265625
6144,-8.156005859375
6145,-15.302001953125
6146,120.55126953125
6147,34.299072265625
6148,-1.5659179687500002
6149,17.563720703125
6150,-7.590576171875
6151,35.242431640625
6152,47.697021484375
6153,15.4208984375
6154,-3.64306640625
6155,-0.4814453125000009
6156,38.415283203125
6157,5.48486328125
6158,-13.7412109375
6159,-19.78759765625
6160,-19.150390625
6161,26.429931640625
6162,-8.086669921875
6163,-25.141601562500004
6164,31.384521484375
6165,42.3349609375
6166,4.412109375
6167,-0.7546386718750001
6168,2.017333984375
6169,2.14794921875
6170,-14.134033203125
6171,-1.8012695312499998
6172,-5.36669921875
6173,3.3271484375000004
6174,-3.791259765625
6175,15.306396484374998
6176,-5.724609375000001
6177,-2.805908203125
6178,-16.24951171875
6179,-5.183837890625001
6180,-2.639892578125
6181,-7.44287109375
6182,-5.7177734375
6183,-1.0927734375
6184,-1.095703125
6185,-5.36865234375
6186,-5.5947265625
6187,19.3466796875
6188,0.057861328125
6189,-4.868408203125
6190,-2.781005859375
6191,5.0078125
6192,2.11767578125
6193,-6.830322265625
6194,32.217041015625
6195,31.060546875
6196,2.4560546875000004
6197,-0.9384765625
6198,37.09716796875
6199,28.6513671875
6200,-62.94287109375
6201,-1.488525390625
6202,-28.244384765625
6203,91.11376953125
6204,54.0234375
6205,112.031005859375
6206,111.29150390625
6207,90.699951171875
6208,55.213134765625
6209,-28.423095703125
6210,-29.421875
6211,33.530029296875
6212,-21.333984375
6213,-20.346435546875
6214,0.6130371093750001
6215,16.929931640625
6216,-22.54736328125
6217,-17.32080078125
6218,46.355224609375
6219,17.895263671875
6220,-14.641113281250002
6221,-18.894042968749996
6222,64.29150390625
6223,-10.7919921875
6224,-8.106201171875
6225,-17.34765625
6226,65.0947265625
6227,-14.312988281250002
6228,-9.763916015625002
6229,1.6166992187500002
6230,-4.4697265625
6231,7.424072265625
6232,-10.1357421875
6233,8.548828125
6234,-0.7609863281249999
6235,13.830078125
6236,-5.74853515625
6237,4.03564453125
6238,10.847656249999998
6239,-5.149169921875
6240,-11.095947265625
6241,14.708984375
6242,9.257568359375
6243,-10.6513671875
6244,-9.206787109375
6245,26.432373046875
6246,1.084228515625
6247,-33.3876953125
6248,3.030517578125
6249,43.535888671875
6250,-7.44873046875
6251,-23.234375
6252,2.139892578125
6253,40.58349609375
6254,-27.55615234375
6255,-43.255126953125
6256,-29.638671875
6257,27.282958984375
6258,9.4033203125
6259,1.2116699218749996
6260,3.335693359375
6261,26.977294921875
6262,17.346435546875
6263,6.18115234375
6264,-15.4736328125
6265,9.418212890625
6266,-0.6611328125
6267,-6.075439453125
6268,8.958251953125
6269,-2.771240234375
6270,-0.472900390625
6271,2.57666015625
6272,2.4794921875000004
6273,3.78076171875
6274,-5.791259765625
6275,-9.243408203125
6276,-11.210693359375
6277,-19.666748046875
6278,-9.533203125
6279,-10.906982421875
6280,-10.51416015625
6281,2.543212890625
6282,-10.192626953125
6283,-28.6787109375
6284,3.01025390625
6285,68.465087890625
6286,4.115234375
6287,-9.380615234375
6288,9.3076171875
6289,70.765869140625
6290,2.724121093749999
6291,-4.27880859375
6292,7.107177734375
6293,10.615966796875
6294,11.030517578125
6295,2.45751953125
6296,2.402587890625
6297,15.132080078125
6298,9.567138671875
6299,5.63134765625
6300,-3.860595703125
6301,-3.548095703125
6302,-7.479736328125
6303,-3.28955078125
6304,34.24951171875
6305,34.129150390625
6306,-11.130126953125
6307,-2.146240234375
6308,31.108398437499996
6309,29.357666015625
6310,9.855224609375
6311,-7.20556640625
6312,5.463134765625
6313,59.762939453125
6314,-14.262451171875
6315,-11.9833984375
6316,5.49853515625
6317,10.5615234375
6318,12.239990234375
6319,-12.625
6320,7.64013671875
6321,6.840576171875
6322,-7.783203124999999
6323,-6.4619140625
6324,4.16748046875
6325,5.12255859375
6326,-7.115234375000001
6327,-18.2900390625
6328,-19.58935546875
6329,-1.2492675781250004
6330,70.08251953125
6331,6.930419921875
6332,-7.401123046875
6333,-7.411376953125
6334,68.968505859375
6335,44.892333984375
6336,-41.143310546875
6337,-0.32861328125
6338,-11.236572265625
6339,-23.390869140625
6340,-21.09423828125
6341,-4.423828125
6342,-12.853515625
6343,-18.035400390625
6344,33.377685546875
6345,-7.309326171875
6346,-4.357421875
6347,3.6455078124999996
6348,3.762939453125
6349,-34.196533203125
6350,-7.565185546875
6351,7.703857421875
6352,8.764892578125
6353,-0.45068359375
6354,-1.161865234375
6355,-25.34912109375
6356,35.592529296875
6357,57.799072265625
6358,0.9768066406249992
6359,48.4833984375
6360,35.9599609375
6361,53.49853515625
6362,50.38256835937501
6363,23.430908203124996
6364,-24.90478515625
6365,18.15283203125
6366,16.614990234375
6367,111.512939453125
6368,-9.365478515625002
6369,22.265380859375
6370,13.140136718749998
6371,-18.155517578125
6372,-24.31494140625
6373,43.3037109375
6374,-23.991943359375
6375,-31.964599609375
6376,39.72070312500001
6377,39.268310546875
6378,-27.937255859375
6379,-28.829101562500004
6380,148.727783203125
6381,41.0
6382,-24.814208984375
6383,22.307861328125
6384,5.522705078125
6385,-13.603271484374998
6386,-7.166748046875
6387,20.284912109375
6388,1.656005859375
6389,6.59033203125
6390,12.5283203125
6391,-41.640869140625
6392,-20.6826171875
6393,162.29663085937497
6394,-35.351318359375
6395,15.593505859375
6396,-23.575439453125
6397,156.229736328125
6398,-27.51953125
6399,-6.94140625
6400,-18.055419921875
6401,43.56494140625
6402,43.7900390625
6403,-66.107421875
6404,-22.247802734374996
6405,48.25122070312499
6406,41.330322265625
6407,-17.190185546875
6408,-18.805419921875
6409,86.53515625
6410,6.34130859375
6411,3.5771484374999987
6412,-4.674560546875
6413,85.320556640625
6414,5.441650390625001
6415,10.758056640625
6416,25.392578125
6417,85.447021484375
6418,22.405517578125
6419,35.84326171875
6420,45.16796875
6421,-1.197265625
6422,-17.98046875
6423,41.87695312500001
6424,43.2646484375
6425,-46.656494140625
6426,-26.0068359375
6427,49.150390625
6428,17.864501953125
6429,2.206298828125
6430,158.108642578125
6431,51.05029296875
6432,14.836181640625
6433,-0.9792480468750004
6434,32.443359375
6435,-47.131103515625
6436,-8.94482421875
6437,4.888427734375
6438,12.932861328125
6439,12.772949218749998
6440,4.319091796875
6441,9.732177734375
6442,14.905517578125
6443,23.120849609375
6444,7.333740234375
6445,-22.2587890625
6446,77.174072265625
6447,65.41650390625
6448,-1.091552734375
6449,-13.46533203125
6450,75.43505859375001
6451,67.5458984375
6452,-30.260986328125
6453,-13.2236328125
6454,-2.892822265625
6455,6.177001953125
6456,7.7861328125
6457,13.80615234375
6458,-7.50830078125
6459,2.68896484375
6460,5.044921875000001
6461,-5.0146484375
6462,3.467041015625
6463,13.8447265625
6464,32.320556640625
6465,22.722167968749996
6466,-22.959716796875004
6467,13.413574218749998
6468,29.947509765625
6469,21.58740234375
6470,-0.79541015625
6471,11.08349609375
6472,0.484130859375
6473,-2.852783203125
6474,6.10205078125
6475,-9.228515625
6476,0.59326171875
6477,0.8293457031249999
6478,3.129638671875
6479,-10.797607421875
6480,0.317626953125
6481,-19.804931640625
6482,2.704345703125
6483,-1.594482421875
6484,-6.824951171875
6485,18.112548828125
6486,-1.3999023437500002
6487,0.40576171875
6488,26.431396484375
6489,-0.6418457031250004
6490,5.94677734375
6491,-16.5048828125
6492,-20.927001953125
6493,4.08740234375
6494,0.3681640625
6495,-17.781982421875
6496,-19.494384765625
6497,-7.405517578125
6498,0.6550292968750001
6499,-34.87841796875
6500,-21.899169921875
6501,8.613525390625
6502,-16.01220703125
6503,43.013671875
6504,-18.4462890625
6505,4.95166015625
6506,75.554443359375
6507,-15.669921875
6508,-10.044921875
6509,82.978515625
6510,3.152587890625
6511,43.8935546875
6512,5.8916015625
6513,82.306640625
6514,1.1713867187500002
6515,-9.67529296875
6516,1.7883300781249998
6517,-66.30517578125
6518,41.15234375
6519,46.66357421875
6520,4.775634765625
6521,-62.41357421875
6522,44.26904296875
6523,43.01953125
6524,72.9189453125
6525,-65.04541015625
6526,-25.504638671875
6527,89.6748046875
6528,104.064697265625
6529,-4.654052734375
6530,-26.21630859375
6531,103.3818359375
6532,107.6123046875
6533,56.648193359375
6534,-24.137451171875
6535,-21.728515625
6536,14.614990234375
6537,34.262939453125
6538,1.7282714843749998
6539,-7.473388671875
6540,8.355224609375
6541,43.70361328125
6542,-10.52880859375
6543,-12.8408203125
6544,22.79052734375
6545,-61.76245117187499
6546,-72.459228515625
6547,-16.85302734375
6548,15.445800781250002
6549,-59.457763671875
6550,-71.08935546875
6551,27.179443359375
6552,28.436523437499996
6553,-11.880615234375
6554,87.479736328125
6555,98.992919921875
6556,-36.4248046875
6557,-11.00537109375
6558,88.77172851562499
6559,103.657958984375
6560,-5.0283203125
6561,-19.02197265625
6562,-26.963623046875
6563,35.09521484375
6564,19.42822265625
6565,-12.160888671875
6566,-13.857666015625002
6567,36.774658203125
6568,20.301513671875
6569,22.04833984375
6570,17.034423828125
6571,4.83056640625
6572,55.983154296875
6573,19.00537109375
6574,-8.980224609375
6575,-6.649658203125
6576,45.4013671875
6577,20.04931640625
6578,-42.30004882812501
6579,-1.7827148437500004
6580,13.117431640625
6581,73.435302734375
6582,13.758056640625
6583,0.28784179687499956
6584,1.176025390624999
6585,73.505615234375
6586,17.589599609375
6587,5.485107421875
6588,11.0244140625
6589,62.2734375
6590,-7.208984375000001
6591,-13.123291015625002
6592,49.027099609375
6593,53.25537109375
6594,-13.7587890625
6595,-10.047363281250002
6596,-4.237548828125
6597,69.12939453125
6598,15.105224609375
6599,-14.9892578125
6600,-25.822998046875
6601,0.049072265625
6602,10.141845703125
6603,-17.8076171875
6604,-25.203857421875
6605,-1.5083007812499998
6606,5.90869140625
6607,-6.165771484375
6608,-2.157958984375
6609,61.841064453125
6610,3.2207031249999996
6611,-20.888427734374996
6612,-0.09521484375
6613,61.966064453124986
6614,-11.230712890625
6615,-2.809326171875
6616,70.602783203125
6617,-6.39990234375
6618,-34.250244140625
6619,136.28076171875
6620,4.116943359375
6621,-7.370361328125
6622,-28.773193359375
6623,73.983642578125
6624,104.62451171875
6625,-11.308837890625
6626,10.909423828125
6627,12.120849609375
6628,7.224853515625
6629,-9.09033203125
6630,7.0283203125
6631,12.59521484375
6632,-20.004638671875
6633,-14.15478515625
6634,78.035400390625
6635,56.74169921875
6636,-22.80615234375
6637,-16.2431640625
6638,-25.50927734375
6639,56.58154296875
6640,-19.630859375
6641,16.46337890625
6642,15.372802734375
6643,-8.631591796875
6644,-1.891357421875
6645,27.85107421875
6646,-6.945068359374999
6647,-10.903076171875
6648,-1.015869140625
6649,26.010986328125
6650,-34.609130859375
6651,8.179931640625
6652,101.580078125
6653,5.504882812499997
6654,0.8806152343750001
6655,-21.903076171875
6656,100.495361328125
6657,4.576904296874998
6658,-1.328857421875
6659,20.876708984375
6660,122.560791015625
6661,-1.9731445312499998
6662,5.550537109374999
6663,-0.098876953125
6664,11.28662109375
6665,1.190185546875
6666,11.39404296875
6667,-5.26806640625
6668,6.75634765625
6669,5.2255859375
6670,-3.7890625
6671,20.628662109375
6672,-1.2690429687500002
6673,0.28857421875
6674,0.100830078125
6675,18.186279296875
6676,-4.76416015625
6677,4.43701171875
6678,26.673828125
6679,89.742919921875
6680,9.151611328125
6681,9.757324218749998
6682,22.814208984375
6683,86.57373046875
6684,7.057617187499998
6685,4.1975097656249964
6686,-7.960693359374999
6687,83.690673828125
6688,9.3037109375
6689,-19.602294921875
6690,22.206787109375
6691,-3.844482421875
6692,-5.383056640625001
6693,-26.1337890625
6694,24.713623046875
6695,22.999023437499996
6696,46.767578125
6697,-1.080078125
6698,-4.530029296875
6699,-4.6533203125
6700,14.227050781250002
6701,15.88720703125
6702,-6.720703124999999
6703,-4.7373046875
6704,44.41381835937501
6705,13.673583984374998
6706,-7.435302734375
6707,-16.3359375
6708,-2.27880859375
6709,-7.241943359374999
6710,-2.87548828125
6711,-22.674560546875
6712,1.064697265625
6713,-5.291015624999999
6714,-0.7111816406249999
6715,-17.2783203125
6716,20.373291015625
6717,-3.44091796875
6718,-14.1669921875
6719,11.694580078125
6720,16.26904296875
6721,-0.46240234375
6722,1.32421875
6723,4.640625
6724,66.21875
6725,-37.468994140625
6726,-31.060791015625
6727,45.900634765625
6728,97.60693359375
6729,-43.609130859375
6730,-31.28076171875
6731,23.906005859375
6732,38.23291015625
6733,-18.697509765625
6734,1.9672851562499998
6735,36.98095703125
6736,7.705078124999999
6737,-12.987548828125
6738,1.512451171875
6739,40.244384765625
6740,-1.5849609375
6741,-0.88671875
6742,49.174072265625
6743,0.37011718749999994
6744,-5.377197265625
6745,13.519775390625
6746,27.331298828125
6747,4.15087890625
6748,-8.88916015625
6749,-9.15869140625
6750,18.898193359375
6751,11.41845703125
6752,26.21044921875
6753,35.7802734375
6754,-2.786865234375
6755,-13.538818359375
6756,26.93701171875
6757,38.09521484375
6758,-13.32177734375
6759,-20.4404296875
6760,5.27734375
6761,0.046875
6762,-2.64013671875
6763,1.849853515625
6764,-1.066162109375
6765,-2.58984375
6766,-4.857177734375
6767,0.392578125
6768,6.762451171875
6769,41.027587890625
6770,44.513427734375
6771,-34.1650390625
6772,2.80810546875
6773,-46.07470703125
6774,42.214599609375
6775,-32.5869140625
6776,-3.78173828125
6777,107.837646484375
6778,-31.684326171875
6779,42.45947265625
6780,44.577392578125
6781,3.951904296875
6782,-28.913330078125
6783,48.69775390625
6784,49.80419921875
6785,-35.459228515625
6786,-44.670654296875
6787,26.418212890625
6788,10.9150390625
6789,-4.43603515625
6790,32.72998046875
6791,32.508544921875
6792,9.572265625
6793,-7.590087890625001
6794,8.28955078125
6795,13.0322265625
6796,-0.493896484375
6797,14.826171875
6798,25.65673828125
6799,27.54052734375
6800,-13.863281249999998
6801,11.726318359375
6802,26.170898437499996
6803,0.59716796875
6804,10.161376953125
6805,2.69580078125
6806,2.75
6807,0.93994140625
6808,11.867675781250002
6809,-3.05712890625
6810,4.297119140625
6811,0.6018066406249999
6812,-9.4609375
6813,0.486572265625
6814,-4.319580078125
6815,6.124755859374999
6816,10.315185546875
6817,13.78125
6818,-1.8959960937500002
6819,13.997314453125
6820,9.9365234375
6821,1.06396484375
6822,-0.311767578125
6823,-3.86669921875
6824,7.533447265625
6825,4.602783203125
6826,10.16845703125
6827,-11.994384765625
6828,4.81103515625
6829,3.459228515625
6830,1.4853515625
6831,-8.375732421875
6832,0.525390625
6833,16.776123046875
6834,16.385009765625
6835,-17.648681640625
6836,4.5712890625
6837,18.741455078125
6838,17.162353515625
6839,7.36279296875
6840,9.1181640625
6841,0.39208984375
6842,-14.671630859375
6843,-23.286376953125
6844,10.8349609375
6845,5.61083984375
6846,-10.58935546875
6847,-20.867431640625
6848,2.10498046875
6849,7.654052734375
6850,-3.952880859375
6851,-18.585937500000004
6852,-21.1669921875
6853,28.71240234375
6854,-7.284912109374999
6855,-22.41650390625
6856,-20.629638671875
6857,22.7314453125
6858,-7.6904296875
6859,40.22412109375
6860,32.23486328125
6861,33.707275390625
6862,-46.89892578125
6863,72.216796875
6864,28.92333984375
6865,32.9921875
6866,16.260986328125
6867,-8.127197265625
6868,74.471435546875
6869,-42.2548828125
6870,-46.22070312500001
6871,-22.01611328125
6872,35.4130859375
6873,-38.9599609375
6874,-43.066650390625
6875,34.121337890625
6876,48.40478515625
6877,8.550537109375
6878,7.258056640625001
6879,7.32177734375
6880,-8.79150390625
6881,2.8754882812499996
6882,5.08935546875
6883,6.781005859374999
6884,25.03759765625
6885,5.328369140625001
6886,-1.824462890625
6887,-3.719482421875
6888,-2.43212890625
6889,-22.7138671875
6890,-6.16748046875
6891,-0.51025390625
6892,-3.910888671875
6893,-4.098388671875
6894,0.3261718750000001
6895,2.71728515625
6896,13.995849609375
6897,0.05712890624999989
6898,9.10693359375
6899,-18.404052734375
6900,9.390136718749998
6901,0.28564453125
6902,-13.9853515625
6903,25.992919921875
6904,-9.416259765625
6905,-8.729248046875
6906,-3.919921875
6907,-9.516113281250002
6908,-4.7939453125
6909,-6.136962890625001
6910,0.7509765625
6911,-23.315185546875
6912,-18.59619140625
6913,-23.392333984375
6914,17.45556640625
6915,63.707763671875
6916,-19.85205078125
6917,30.643310546875
6918,19.640625
6919,67.21826171875
6920,76.173095703125
6921,-17.49560546875
6922,-8.8779296875
6923,-11.385498046875
6924,-3.6572265624999996
6925,8.9326171875
6926,-9.181396484375
6927,-12.756103515625002
6928,-2.92626953125
6929,-7.56982421875
6930,-13.1708984375
6931,-5.431884765625
6932,3.33935546875
6933,-7.8271484375
6934,34.33984375
6935,12.366699218749998
6936,5.8740234375
6937,-5.281005859374999
6938,25.099853515625
6939,-20.775146484375
6940,-9.248291015625002
6941,13.71630859375
6942,15.173583984374998
6943,-10.763916015625002
6944,1.6875
6945,21.108642578125
6946,18.039306640625
6947,5.109619140625001
6948,-1.926025390625
6949,32.25439453125
6950,-8.038330078125
6951,-0.9702148437500003
6952,88.183349609375
6953,15.454345703125
6954,-9.58837890625
6955,-3.378173828125
6956,3.866455078125
6957,21.519287109375
6958,16.702880859375
6959,18.158935546875
6960,9.791259765625
6961,38.78002929687501
6962,69.165771484375
6963,25.70458984375
6964,11.97802734375
6965,3.692626953125
6966,-9.711181640625
6967,-3.440185546875
6968,66.14306640625
6969,63.42822265625
6970,-14.826171875
6971,-13.73095703125
6972,69.7294921875
6973,66.3818359375
6974,-30.077880859375
6975,-7.830810546875
6976,-10.20458984375
6977,-9.613525390625
6978,10.1083984375
6979,49.46679687499999
6980,-3.014892578125
6981,-9.044921875
6982,7.66943359375
6983,-11.88720703125
6984,8.83349609375
6985,4.97216796875
6986,-3.96875
6987,-4.565185546875
6988,13.066162109375
6989,23.10498046875
6990,1.343505859375
6991,-0.6201171875
6992,6.26025390625
6993,9.4853515625
6994,0.98095703125
6995,-0.2749023437499999
6996,-4.439697265625
6997,-17.206787109375
6998,-0.233642578125
6999,2.2373046875
7000,-6.531494140625001
7001,-24.490234375
7002,-2.963134765625
7003,51.19580078125
7004,-9.037841796875
7005,-12.16259765625
7006,35.221435546875
7007,45.066162109375
7008,-11.150146484374998
7009,-8.888671875
7010,3.869140625
7011,50.69995117187499
7012,-5.982421875000001
7013,14.908447265625
7014,15.2109375
7015,14.331298828125
7016,-18.660400390625
7017,20.175048828125
7018,16.27490234375
7019,30.22509765625
7020,15.663330078125
7021,43.6142578125
7022,-14.774169921875
7023,-13.98095703125
7024,-1.6791992187500002
7025,37.3134765625
7026,-11.802978515625002
7027,-13.371826171875
7028,-2.85400390625
7029,45.83374023437499
7030,-9.303955078125
7031,12.990478515625002
7032,1.7377929687500002
7033,28.41552734375
7034,-1.837890625
7035,8.093017578125
7036,1.85546875
7037,-5.130615234375
7038,-5.116943359374999
7039,-0.41845703125
7040,11.281494140625
7041,12.22119140625
7042,4.2568359375
7043,-13.163330078125
7044,11.44287109375
7045,12.01806640625
7046,3.796142578125
7047,-10.5419921875
7048,18.868408203124996
7049,5.193603515625
7050,31.79443359375
7051,3.2568359375000004
7052,22.14453125
7053,13.148681640625
7054,28.742187500000004
7055,-10.879638671875
7056,-12.9091796875
7057,-25.232421875
7058,121.6640625
7059,22.115966796875004
7060,-32.70703125
7061,-38.536376953125
7062,124.580322265625
7063,23.872314453125
7064,86.50439453125
7065,86.388916015625
7066,3.82861328125
7067,22.375
7068,33.6728515625
7069,3.519287109375
7070,3.013427734375
7071,21.813476562500004
7072,26.415771484375
7073,-5.56103515625
7074,-5.514404296875
7075,24.173095703125
7076,10.5009765625
7077,3.533935546875
7078,27.465087890625
7079,24.768310546875
7080,7.681640624999999
7081,4.428466796875
7082,-0.8564453125
7083,29.544921875
7084,28.307861328125
7085,-42.708251953125
7086,-44.697265625
7087,24.195556640625
7088,18.686523437499996
7089,-38.326171875
7090,-42.738525390625
7091,-6.213623046875
7092,22.710937500000004
7093,1.08349609375
7094,5.888427734375
7095,7.6669921875
7096,40.872802734375
7097,-2.1953124999999996
7098,5.30908203125
7099,3.08349609375
7100,-2.31689453125
7101,15.01708984375
7102,14.0703125
7103,-11.218017578125
7104,-13.076904296875
7105,38.085205078125
7106,30.85302734375
7107,-15.7890625
7108,-10.733154296875
7109,-3.578125
7110,10.659912109375
7111,-18.09423828125
7112,40.387939453125
7113,69.123046875
7114,-10.599609375
7115,-3.765869140625
7116,45.558349609375
7117,69.169677734375
7118,-2.2021484375
7119,-11.34228515625
7120,-4.148681640625
7121,14.718017578125
7122,1.4370117187500002
7123,11.2421875
7124,5.335693359374999
7125,15.70068359375
7126,1.789794921875
7127,-13.740234375
7128,-8.627197265625
7129,33.932861328125
7130,-2.552978515625
7131,2.14794921875
7132,18.826416015625
7133,18.19384765625
7134,0.271728515625
7135,0.8718261718750001
7136,28.526123046875
7137,22.87255859375
7138,-52.7724609375
7139,32.342529296875
7140,71.059814453125
7141,30.679931640625
7142,-59.52001953125
7143,30.21875
7144,64.676513671875
7145,-30.029296875
7146,62.619140625
7147,-9.3701171875
7148,0.9658203125
7149,-4.772216796875
7150,-14.527099609375
7151,-9.672363281250002
7152,1.894775390625
7153,-1.239501953125
7154,-13.809814453125
7155,-7.393798828125
7156,19.45556640625
7157,54.345947265625
7158,42.627197265625
7159,13.409423828125
7160,-34.494384765625
7161,59.047119140625
7162,46.517333984375
7163,-15.325927734375
7164,53.21923828125
7165,58.639404296875
7166,-19.057861328125
7167,-17.396240234375
7168,9.94873046875
7169,25.304931640625
7170,-19.701171875
7171,-12.12353515625
7172,3.20068359375
7173,8.73681640625
7174,1.090087890625
7175,16.2021484375
7176,7.73095703125
7177,3.88525390625
7178,1.455078125
7179,11.070556640625
7180,9.779052734375
7181,-4.291015625
7182,4.272705078125
7183,48.6796875
7184,61.13745117187499
7185,45.3544921875
7186,38.20068359375001
7187,-6.087646484375
7188,67.02978515625
7189,47.424560546875
7190,-1.3579101562499998
7191,16.4189453125
7192,10.2373046875
7193,16.71142578125
7194,71.77978515625
7195,4.412841796875
7196,-1.8720703125
7197,8.00341796875
7198,74.539794921875
7199,-18.1533203125
7200,-14.538574218749998
7201,30.51416015625
7202,18.104736328125004
7203,-15.017578125
7204,2.140380859375
7205,-4.9921875
7206,27.928466796875004
7207,-20.362060546875
7208,36.265380859375
7209,37.010498046875
7210,3.596923828125
7211,12.0498046875
7212,50.032958984375
7213,21.31494140625
7214,44.9775390625
7215,16.91748046875
7216,52.962890625
7217,-31.147216796875004
7218,-36.28955078125
7219,1.767822265625
7220,-10.97314453125
7221,-6.15576171875
7222,-25.335937500000004
7223,-11.97314453125
7224,-9.229736328125
7225,-6.8623046875
7226,-11.8740234375
7227,-4.113525390625
7228,-46.03271484375
7229,54.174560546875
7230,48.392333984375
7231,-14.487060546875
7232,-25.058349609375
7233,60.21142578125
7234,46.0048828125
7235,69.363037109375
7236,-31.299072265625004
7237,35.42333984375
7238,6.800537109374999
7239,-12.2705078125
7240,3.926513671875
7241,14.230224609375
7242,10.585205078125
7243,-6.01953125
7244,60.051513671875
7245,57.4033203125
7246,1.1123046875
7247,-2.405517578125
7248,10.791259765625
7249,11.622314453125
7250,-3.046875
7251,0.8010253906249999
7252,9.922607421875
7253,1.322021484375
7254,-1.572509765625
7255,-12.244873046875
7256,11.111328125
7257,14.961669921875
7258,-3.5998535156250004
7259,-11.478271484374998
7260,11.812011718749998
7261,17.519775390625
7262,2.4970703124999996
7263,-15.957031249999998
7264,-22.624023437499996
7265,10.886962890625
7266,9.2568359375
7267,-1.2729492187500002
7268,-25.7861328125
7269,10.229736328125
7270,9.590576171875
7271,-0.45947265625
7272,-2.725830078125
7273,3.833496093749999
7274,-32.812744140625
7275,54.567626953125
7276,-46.85888671875001
7277,44.066650390625
7278,-26.539794921875
7279,52.99365234375
7280,25.132568359375
7281,-21.77490234375
7282,-5.715576171875
7283,-3.651123046875
7284,4.868896484375
7285,7.92822265625
7286,-14.410888671875
7287,5.490966796875
7288,0.6647949218750001
7289,0.245849609375
7290,-9.41259765625
7291,-7.177978515625
7292,6.091064453125
7293,8.563232421875
7294,-39.07421875
7295,-6.314697265625
7296,6.04296875
7297,12.048095703125
7298,9.159912109375
7299,-5.895263671875
7300,-2.898681640625
7301,-0.16210937499999994
7302,-22.656982421875
7303,-2.3154296875000004
7304,-22.16748046875
7305,-1.320556640625
7306,-23.480712890625
7307,-5.0595703125
7308,5.2919921875
7309,2.240234375
7310,-8.037109375
7311,-0.7314453125
7312,87.10180664062499
7313,22.596923828125
7314,-7.091552734375
7315,-1.9370117187500002
7316,5.379150390625001
7317,20.387451171875
7318,-6.725830078125
7319,34.537109375
7320,2.47900390625
7321,-14.875244140625
7322,-4.69384765625
7323,37.54248046875
7324,-2.768798828125
7325,-2.659912109375
7326,-11.9755859375
7327,-6.193603515625
7328,-3.82666015625
7329,5.887451171875
7330,12.709716796875
7331,-5.661376953125
7332,4.037109375
7333,-0.5832519531249999
7334,25.877197265625004
7335,-12.752197265625
7336,10.210693359375
7337,-5.5859375
7338,-3.977294921875
7339,-5.44091796875
7340,16.78173828125
7341,-4.515625
7342,-4.93505859375
7343,49.412109375
7344,12.680419921875
7345,-12.467041015625002
7346,12.321533203125
7347,34.640625
7348,9.859619140625
7349,24.28076171875
7350,9.14892578125
7351,35.445556640625
7352,7.4765625
7353,4.192138671875
7354,4.93994140625
7355,14.915283203125
7356,-13.104248046875
7357,28.364013671875
7358,28.8076171875
7359,14.17529296875
7360,-12.535888671875
7361,24.75634765625
7362,4.406982421875
7363,13.573486328125
7364,34.494384765625
7365,39.989501953125
7366,-1.14111328125
7367,-8.59423828125
7368,31.767578125
7369,34.18603515625
7370,-2.036865234375
7371,-21.991943359375
7372,-12.6318359375
7373,13.74755859375
7374,30.012939453125
7375,-5.03759765625
7376,-23.375732421875
7377,16.712890625
7378,33.049560546875
7379,0.16064453125
7380,-15.674072265625
7381,-11.754150390625
7382,7.89404296875
7383,30.739013671875
7384,-8.1943359375
7385,-3.227294921875
7386,10.955810546875
7387,27.330810546875
7388,9.16650390625
7389,-13.346923828125
7390,-19.552734375
7391,6.26611328125
7392,13.416748046875
7393,11.77197265625
7394,-12.281005859375
7395,7.354736328125
7396,13.773925781250002
7397,-13.440673828125
7398,-12.411865234375
7399,-39.99365234375
7400,56.960205078125
7401,50.833251953125
7402,10.583251953125
7403,-30.1689453125
7404,57.16162109375
7405,45.254638671875
7406,-37.850341796875
7407,-42.46484375
7408,9.47119140625
7409,13.599853515625002
7410,-13.21337890625
7411,-5.908935546875
7412,8.423095703125
7413,17.014892578125
7414,-11.26904296875
7415,11.562255859375
7416,18.55224609375
7417,-1.352294921875
7418,8.08349609375
7419,5.416015624999999
7420,27.7060546875
7421,0.45458984375
7422,9.883056640625
7423,9.80712890625
7424,-3.269287109375
7425,15.635498046875
7426,85.04052734375
7427,25.761474609375
7428,-12.621093750000002
7429,66.72607421875
7430,96.171630859375
7431,23.29296875
7432,-9.262451171875
7433,75.57958984375
7434,35.544921875
7435,12.7373046875
7436,-4.18994140625
7437,-0.53125
7438,8.880615234375
7439,1.038330078125
7440,-0.434814453125
7441,1.03271484375
7442,-2.980712890625
7443,-4.23828125
7444,6.205322265625
7445,-9.76708984375
7446,-13.077880859375
7447,9.368896484374998
7448,-1.1611328125
7449,-6.1494140625
7450,-6.697509765625
7451,9.869873046875
7452,-3.84228515625
7453,4.4931640625
7454,0.6826171875
7455,-11.273193359375
7456,11.296142578125
7457,3.76953125
7458,-0.16577148437499994
7459,-7.593994140625001
7460,19.15869140625
7461,0.384765625
7462,-20.20556640625
7463,0.0947265625
7464,25.7900390625
7465,-9.240234375
7466,15.3603515625
7467,-0.270751953125
7468,24.419189453125
7469,5.034912109374999
7470,-20.27978515625
7471,8.996337890625
7472,-8.9287109375
7473,-18.33837890625
7474,-1.6020507812499998
7475,12.69775390625
7476,-10.207031249999998
7477,-23.408935546875
7478,11.59814453125
7479,35.634033203125
7480,-4.758544921875
7481,25.044677734374996
7482,27.738037109375
7483,-6.233154296875
7484,-0.9177246093750001
7485,22.620361328125
7486,25.73681640625
7487,-27.381591796875004
7488,-1.3486328125000004
7489,11.5
7490,18.531982421875
7491,-4.503173828125
7492,7.5322265625
7493,14.453857421875
7494,18.875976562500004
7495,1.380126953125
7496,3.1396484375000004
7497,8.46728515625
7498,-26.00146484375
7499,32.947265625
7500,36.162109375
7501,16.01171875
7502,-23.017333984375
7503,37.72216796875
7504,27.513427734374996
7505,0.728515625
7506,-11.404296875
7507,18.611572265625004
7508,40.264404296875
7509,44.19995117187499
7510,28.839599609375
7511,2.4645996093750004
7512,39.612060546875
7513,45.79638671875
7514,-9.859619140625
7515,-1.16796875
7516,5.07080078125
7517,1.061767578125
7518,-21.702148437499996
7519,-21.212890625
7520,-6.952880859374999
7521,-3.158935546875
7522,-24.798828125
7523,-14.380126953125
7524,11.994873046875
7525,5.150634765625
7526,2.802490234375
7527,-0.576171875
7528,7.931396484375
7529,6.52978515625
7530,1.5317382812499998
7531,4.955322265625
7532,13.373046875
7533,4.3974609375
7534,31.270751953125
7535,-4.380615234375
7536,-0.7253417968750004
7537,43.908935546875
7538,40.20654296875
7539,-7.009521484375
7540,4.416748046875
7541,6.59619140625
7542,44.736083984375
7543,-11.99072265625
7544,9.63720703125
7545,11.557373046875
7546,2.356689453125
7547,-5.56884765625
7548,9.602050781250002
7549,12.719482421875
7550,0.26513671875
7551,-10.443603515625002
7552,-19.61865234375
7553,20.52685546875
7554,15.656982421875
7555,-25.489990234375
7556,-12.489501953125
7557,18.15576171875
7558,15.607421875
7559,-8.118408203125
7560,-10.074462890625
7561,46.47631835937501
7562,-6.19091796875
7563,5.4765625
7564,10.266357421875
7565,5.25146484375
7566,-4.400146484375
7567,6.398193359374998
7568,9.8525390625
7569,0.38525390625
7570,-0.6462402343750001
7571,25.976806640625
7572,-4.956298828125
7573,10.654541015625002
7574,1.7509765625
7575,29.460693359375
7576,-5.852783203125
7577,7.18896484375
7578,1.8618164062499998
7579,110.373046875
7580,42.879150390625
7581,107.63159179687497
7582,34.457275390625
7583,77.425048828125
7584,32.35205078125
7585,102.36572265625
7586,93.8779296875
7587,113.82275390625
7588,-2.791015625
7589,2.853515625
7590,-1.2470703125
7591,-0.28125
7592,-4.774658203125
7593,-3.636962890625
7594,-0.8186035156250004
7595,-17.749267578125
7596,0.5146484375
7597,118.695556640625
7598,-6.150878906250002
7599,-8.12939453125
7600,-37.358154296875
7601,106.586181640625
7602,-12.007568359375002
7603,-10.0986328125
7604,41.73876953125
7605,121.248291015625
7606,-8.38916015625
7607,-9.958740234375
7608,5.603271484375
7609,4.82177734375
7610,-5.091552734375
7611,-10.3759765625
7612,15.138916015625002
7613,13.194580078125
7614,9.953613281250002
7615,-10.340576171875
7616,-17.805908203125
7617,10.180419921875
7618,-9.822998046875
7619,-7.342529296875003
7620,-18.367919921875
7621,17.37451171875
7622,-11.0634765625
7623,-10.78662109375
7624,34.786376953125
7625,-17.337890625
7626,-12.539550781250002
7627,23.905517578125
7628,37.540283203125
7629,-18.8994140625
7630,-17.96875
7631,6.095947265625
7632,34.1767578125
7633,-30.806396484375
7634,-12.696533203125
7635,60.8232421875
7636,-15.21533203125
7637,2.8124999999999996
7638,-20.232421875
7639,57.587890625
7640,4.16796875
7641,-7.191650390625001
7642,-24.251953125
7643,11.564208984374998
7644,24.5537109375
7645,19.9873046875
7646,-18.77001953125
7647,11.947998046875
7648,25.429443359375
7649,9.90478515625
7650,-30.899169921875
7651,2.35205078125
7652,2.00927734375
7653,-0.0625
7654,-6.453125
7655,24.347167968749996
7656,4.78466796875
7657,5.798828124999999
7658,-20.710937500000004
7659,-25.874023437499996
7660,2.385986328125
7661,0.9909667968750001
7662,-4.268798828125
7663,-14.396484375
7664,0.09375
7665,2.265869140625
7666,1.3056640625
7667,-1.100341796875
7668,-9.53759765625
7669,-28.484375
7670,-2.746826171875
7671,5.890869140625001
7672,-0.6884765625
7673,3.59033203125
7674,-0.9362792968750001
7675,8.788330078125
7676,2.91259765625
7677,5.156005859374999
7678,0.126220703125
7679,0.6330566406249999
7680,-4.215576171875
7681,-1.445556640625
7682,6.606689453125
7683,0.818359375
7684,-8.202880859375
7685,4.8671875
7686,-6.20849609375
7687,54.802978515625
7688,22.401123046875
7689,-60.537109375
7690,-5.85205078125
7691,49.40747070312499
7692,24.313476562500004
7693,-54.999755859375
7694,96.43798828125
7695,59.72631835937501
7696,0.210693359375
7697,-13.74658203125
7698,-16.12451171875
7699,5.291015624999999
7700,3.015625
7701,-14.991699218749998
7702,-15.282470703125
7703,-9.365966796875
7704,33.70361328125
7705,1.019287109375
7706,6.99658203125
7707,1.9213867187499996
7708,14.48193359375
7709,-22.3525390625
7710,1.2136230468749998
7711,2.254638671875
7712,-21.728759765625
7713,32.505615234375
7714,-5.540283203125
7715,15.53759765625
7716,-6.775634765625
7717,8.73779296875
7718,11.0791015625
7719,15.17529296875
7720,-1.382568359375
7721,10.910156249999998
7722,20.98193359375
7723,8.7314453125
7724,67.110107421875
7725,73.102294921875
7726,-21.860107421875
7727,-7.865478515625
7728,66.951416015625
7729,73.030029296875
7730,2.076904296875
7731,7.338378906249998
7732,21.822021484375
7733,-3.32861328125
7734,-10.744140625
7735,3.77685546875
7736,-3.834716796875
7737,1.272216796875
7738,-5.048583984375
7739,-7.13134765625
7740,0.384033203125
7741,63.246826171875
7742,33.583984375
7743,-4.53564453125
7744,124.17333984375
7745,113.55517578125
7746,31.474609375
7747,-5.222412109374999
7748,-0.171875
7749,7.95263671875
7750,8.845947265625
7751,14.79345703125
7752,11.9658203125
7753,42.864013671875
7754,40.62890625
7755,10.883056640625
7756,7.166748046875
7757,-24.15087890625
7758,-0.421875
7759,20.845947265625004
7760,6.763916015625
7761,-14.694824218749998
7762,42.4345703125
7763,29.876708984375
7764,6.00390625
7765,-18.426025390625
7766,-4.98583984375
7767,4.1865234375
7768,-11.76806640625
7769,-1.241455078125
7770,6.576171875000001
7771,9.139892578125
7772,-3.4609375
7773,-3.999267578125
7774,8.142333984375
7775,0.32861328125
7776,4.960205078125
7777,34.857666015625
7778,-21.914062499999996
7779,1.5976562499999996
7780,-26.64501953125
7781,36.011962890625
7782,-21.122314453125
7783,2.942626953125
7784,2.20703125
7785,19.980712890625
7786,49.835693359375
7787,-30.931396484375
7788,-24.955322265625004
7789,-64.572509765625
7790,60.15429687499999
7791,-31.136474609375
7792,-19.672851562500004
7793,86.7919921875
7794,59.825927734375
7795,-9.57666015625
7796,7.397705078125
7797,22.947265625
7798,36.77197265625
7799,-12.20947265625
7800,5.858642578125
7801,22.797607421875
7802,-14.38720703125
7803,-19.83447265625
7804,-1.1367187499999998
7805,3.217529296875
7806,37.428466796875
7807,13.637451171875
7808,23.19775390625
7809,3.193603515625
7810,33.111572265625
7811,19.375244140625
7812,3.525146484375
7813,9.59130859375
7814,-10.866455078125
7815,-6.578857421875
7816,22.3173828125
7817,-18.82080078125
7818,-13.823486328125
7819,-3.429443359375
7820,-14.38037109375
7821,-3.869384765625
7822,6.680419921875
7823,2.97900390625
7824,-1.9604492187500002
7825,25.48291015625
7826,15.599365234375
7827,-0.297119140625
7828,-2.9990234375000004
7829,7.12744140625
7830,18.01904296875
7831,66.220947265625
7832,-24.225341796875004
7833,-24.720703125
7834,14.73876953125
7835,72.273193359375
7836,-17.4931640625
7837,-25.921142578125
7838,54.803466796875
7839,67.62939453125
7840,94.17724609375
7841,6.562255859374999
7842,-1.6821289062499991
7843,101.997802734375
7844,54.72070312500001
7845,6.249267578125
7846,-2.476318359375001
7847,-2.938232421875
7848,92.319091796875
7849,5.40966796875
7850,-11.443115234375
7851,49.765869140625
7852,1.6293945312499998
7853,9.386718750000007
7854,-20.06396484375
7855,50.369140625
7856,-6.89453125
7857,-2.237060546875
7858,1.2712402343750002
7859,-20.218017578125
7860,15.7841796875
7861,5.53564453125
7862,-23.090576171875
7863,-20.677734375
7864,17.6630859375
7865,-9.647949218749998
7866,-18.175048828125
7867,-17.410888671875
7868,120.88696289062501
7869,111.671142578125
7870,-19.983398437499996
7871,-9.005126953125
7872,124.832763671875
7873,117.7265625
7874,19.050048828125
7875,-0.13525390625
7876,13.203369140625
7877,2.5341796875000004
7878,-6.0966796875
7879,-3.911376953125
7880,2.925048828125
7881,7.355712890625001
7882,-1.313720703125
7883,16.55322265625
7884,2.178466796875
7885,-8.1533203125
7886,99.044677734375
7887,104.36303710937499
7888,-35.765380859375
7889,-13.11181640625
7890,99.49438476562501
7891,103.54443359375
7892,-14.117675781250002
7893,-6.825683593750002
7894,-19.2255859375
7895,118.7705078125
7896,93.03564453125
7897,-13.310791015625002
7898,27.562744140625
7899,117.774658203125
7900,97.90380859375
7901,-6.05517578125
7902,164.1259765625
7903,22.805419921874993
7904,16.967041015625
7905,103.852294921875
7906,-29.33642578125
7907,24.4443359375
7908,21.603759765625
7909,104.909912109375
7910,4.38671875
7911,-11.515625
7912,-21.378662109375
7913,-42.153564453125
7914,-3.220947265625
7915,54.565673828125
7916,60.12304687499999
7917,-38.4013671875
7918,-0.2158203125
7919,-29.657958984375
7920,-26.50537109375
7921,-18.20166015625
7922,3.555419921875
7923,4.09716796875
7924,40.30224609375
7925,-8.807861328125
7926,10.0166015625
7927,4.84765625
7928,-11.742675781250002
7929,-11.218261718749998
7930,-10.1982421875
7931,31.4189453125
7932,39.590576171875
7933,-10.546630859375
7934,-17.43212890625
7935,31.720703125
7936,40.895263671875
7937,5.655029296875
7938,-4.3837890625
7939,-26.696044921875
7940,-32.313720703125
7941,7.129638671875
7942,7.843994140625001
7943,2.7626953124999996
7944,-34.771484375
7945,8.10107421875
7946,2.985107421875
7947,9.38623046875
7948,5.51513671875
7949,28.910888671875
7950,35.211669921875
7951,-3.607421875
7952,5.343994140625001
7953,34.304443359375
7954,42.54687500000001
7955,2.36962890625
7956,31.36181640625
7957,-21.98583984375
7958,34.822021484375
7959,38.48095703125
7960,-19.206542968749996
7961,-28.203857421875
7962,33.28662109375
7963,35.07763671875
7964,1.353759765625
7965,-28.02392578125
7966,19.121582031250004
7967,-14.6123046875
7968,-6.5458984375
7969,5.812255859374999
7970,9.409423828125
7971,-10.396240234375
7972,-6.184326171875
7973,22.990234375
7974,27.53662109375
7975,52.58935546874999
7976,52.857421875
7977,-4.3896484375
7978,116.096435546875
7979,41.492919921875
7980,52.866455078125
7981,6.199462890624997
7982,68.3759765625
7983,50.96875
7984,-7.23388671875
7985,-6.509033203125
7986,-7.71630859375
7987,31.69189453125
7988,-4.731689453125
7989,-7.4248046875
7990,0.6965332031249999
7991,23.237548828125
7992,-9.394775390625
7993,1.07177734375
7994,-18.30517578125
7995,9.619140625
7996,6.552734375000001
7997,0.430908203125
7998,-14.922607421875
7999,5.887451171875
8000,33.0087890625
8001,-9.399658203125
8002,-16.897705078125
8003,11.3134765625
8004,50.13427734375
8005,-7.837646484375
8006,-3.60888671875
8007,15.710693359375
8008,48.605224609375
8009,-14.434326171875
8010,-11.308593750000002
8011,-2.123779296875
8012,-20.69873046875
8013,-14.09521484375
8014,6.222412109374999
8015,23.9130859375
8016,-17.427734375
8017,-9.4814453125
8018,1.1982421875
8019,1.570068359375
8020,25.505615234375
8021,-24.41357421875
8022,-54.2724609375
8023,7.859374999999998
8024,25.956542968749996
8025,-25.266357421875
8026,-53.10107421875
8027,57.181884765625
8028,42.21826171875
8029,2.193359375
8030,17.0908203125
8031,6.68603515625
8032,-10.1162109375
8033,10.48681640625
8034,19.700927734374996
8035,10.818115234375
8036,4.318359375
8037,19.472167968749996
8038,7.51904296875
8039,0.7443847656249999
8040,-7.76025390625
8041,-6.935302734375
8042,-18.52294921875
8043,3.88916015625
8044,-9.38037109375
8045,18.646728515625
8046,4.56494140625
8047,16.446044921875
8048,13.73876953125
8049,-13.90185546875
8050,5.254638671875
8051,0.246337890625
8052,16.86669921875
8053,-9.182373046875
8054,8.3671875
8055,12.594238281250002
8056,-24.078369140625
8057,-30.835205078125
8058,-22.874755859375
8059,-0.83984375
8060,-3.947998046875
8061,-24.516357421875
8062,-20.924072265625004
8063,-39.52392578125
8064,72.612548828125
8065,11.80224609375
8066,1.773193359375
8067,-3.477294921875
8068,11.140869140625
8069,44.68017578125
8070,2.337646484375
8071,-1.859375
8072,10.751708984374998
8073,3.481689453125
8074,-1.2895507812499998
8075,16.46044921875
8076,17.910888671875
8077,-25.178955078125
8078,-1.3447265625
8079,17.943603515625
8080,13.3642578125
8081,6.66455078125
8082,-4.88818359375
8083,64.422119140625
8084,-9.896484375
8085,-3.3662109375000004
8086,100.53173828125
8087,43.360107421875
8088,-8.49951171875
8089,-5.152099609374999
8090,8.86181640625
8091,61.61816406250001
8092,5.193359375000001
8093,-9.659912109375
8094,-12.315185546875
8095,19.720458984375
8096,5.437744140625001
8097,-0.258056640625
8098,-8.706787109375
8099,-26.125976562500004
8100,-10.501953125
8101,-6.845214843750001
8102,71.86474609375
8103,71.065673828125
8104,-19.780029296875
8105,-6.226074218750001
8106,71.5283203125
8107,69.84619140625
8108,-12.002197265625
8109,0.143310546875
8110,5.609130859374999
8111,-19.44140625
8112,-20.73681640625
8113,-1.3266601562499998
8114,7.203125
8115,-14.647216796875
8116,-19.208740234375
8117,11.661376953125
8118,3.09130859375
8119,3.35009765625
8120,-25.31884765625
8121,0.08837890625
8122,23.675292968749996
8123,29.960937500000004
8124,-23.25439453125
8125,2.55615234375
8126,-20.545654296875
8127,19.831298828125
8128,37.347412109375
8129,-3.7041015624999996
8130,-2.3291015624999996
8131,5.115966796875
8132,34.481201171875
8133,-9.864990234375
8134,-2.060791015625
8135,85.20556640625
8136,42.2734375
8137,18.924072265625004
8138,22.264648437499996
8139,-16.474609375
8140,49.402099609375
8141,49.37841796875
8142,16.735595703125
8143,-17.54833984375
8144,8.58154296875
8145,18.04736328125
8146,45.87451171875
8147,-39.3408203125
8148,-43.2890625
8149,35.3134765625
8150,49.932861328125
8151,-34.507568359375
8152,-42.86181640624999
8153,26.783935546875
8154,62.26416015625
8155,0.190673828125
8156,7.193115234375
8157,-2.852783203125
8158,-24.585693359375
8159,-10.00439453125
8160,2.5361328124999996
8161,-3.906982421875
8162,-11.377685546875
8163,-10.108642578125
8164,-7.593994140625001
8165,34.382568359375
8166,54.1982421875
8167,8.180908203125
8168,11.192626953125
8169,29.940673828125
8170,55.321044921875
8171,4.31005859375
8172,7.28466796875
8173,-18.197509765625
8174,23.71826171875
8175,13.465087890625
8176,5.1904296875
8177,-16.2724609375
8178,25.48876953125
8179,8.779296875
8180,-20.487548828125
8181,-22.53857421875
8182,4.987548828125
8183,-9.082275390625
8184,-4.182373046875
8185,4.57470703125
8186,4.733642578125
8187,-10.27978515625
8188,-3.71435546875
8189,8.449951171875
8190,-5.973388671875
8191,49.16015625
8192,-9.746826171875
8193,9.146728515625
8194,25.454833984375
8195,57.7724609375
8196,-8.627197265625002
8197,1.715576171874999
8198,-14.95068359375
8199,27.947998046875
8200,-11.3271484375
8201,9.035400390625
8202,9.87353515625
8203,-14.326904296875
8204,9.914306640625
8205,11.234375
8206,4.692138671875
8207,-5.731689453125
8208,-12.440673828125
8209,20.39013671875
8210,-7.322021484375
8211,-0.7548828125
8212,30.309082031250004
8213,24.941650390625
8214,-12.03466796875
8215,-4.84912109375
8216,15.691650390625
8217,20.0361328125
8218,-5.39306640625
8219,-11.577392578125
8220,-7.59228515625
8221,0.030029296875
8222,-7.2705078125
8223,-13.507568359375
8224,-13.395263671875
8225,-2.952880859375
8226,-5.329833984375
8227,-7.211669921875
8228,-28.403076171875
8229,-26.001953125
8230,1.8168945312499998
8231,-6.686279296875
8232,-32.6640625
8233,-25.041748046875
8234,28.325927734374996
8235,13.958251953125
8236,-10.675781249999998
8237,-1.140380859375
8238,0.6794433593750001
8239,24.321533203124996
8240,-9.562988281250002
8241,1.7607421875
8242,-2.778564453125
8243,9.26904296875
8244,-7.802001953125
8245,-2.82763671875
8246,13.58349609375
8247,2.8359375
8248,-13.060546875
8249,34.59130859375
8250,16.780517578125
8251,1.26171875
8252,-8.075439453125
8253,-19.254150390625
8254,-5.1484375
8255,-17.752197265625
8256,22.95703125
8257,-9.5498046875
8258,0.59912109375
8259,-18.108154296875
8260,24.396728515625
8261,-10.142822265625
8262,-14.925781249999998
8263,35.375244140625
8264,-15.522705078125
8265,-6.4462890625
8266,-11.27978515625
8267,-7.515380859374999
8268,-10.199462890625
8269,-9.448486328125
8270,-19.518798828125
8271,-6.212646484375
8272,20.01953125
8273,-20.272216796875004
8274,-13.4765625
8275,1.760009765625
8276,17.895263671875
8277,-14.697998046875
8278,-10.415283203125
8279,100.532958984375
8280,29.275390625
8281,9.447509765625
8282,17.874267578125
8283,-34.431396484375
8284,19.853759765625
8285,82.83984375
8286,18.91162109375
8287,-29.82666015625
8288,8.774169921875
8289,13.6787109375
8290,-10.00244140625
8291,-10.372802734375
8292,-5.3427734375
8293,-1.876220703125
8294,-4.7685546875
8295,-5.197998046875
8296,-7.79736328125
8297,0.9211425781249999
8298,-3.070556640625
8299,9.01708984375
8300,29.5068359375
8301,1.234375
8302,1.318115234375
8303,-10.939697265625
8304,29.856689453125
8305,-7.302490234375
8306,43.60888671875
8307,28.381591796875004
8308,2.6806640624999996
8309,2.857177734375
8310,-0.21728515625
8311,7.913818359374999
8312,0.25146484375
8313,2.648681640625
8314,2.10986328125
8315,3.632568359375
8316,14.705322265625
8317,5.035888671875
8318,0.22607421875
8319,2.21630859375
8320,-15.79248046875
8321,3.217041015625
8322,-0.22167968749999978
8323,0.63916015625
8324,5.677734375000001
8325,-14.313232421875
8326,23.027832031250004
8327,89.43896484375
8328,71.181396484375
8329,-17.867431640625
8330,12.52490234375
8331,88.502685546875
8332,70.868896484375
8333,47.839599609375
8334,-9.451171875
8335,-3.743408203125
8336,2.791015625
8337,-2.2626953125
8338,6.13232421875
8339,-3.62744140625
8340,-2.225341796875
8341,-1.795654296875
8342,5.235595703125
8343,-4.43212890625
8344,7.983154296875
8345,8.31494140625
8346,-0.7951660156249998
8347,15.345703125
8348,-0.16748046874999994
8349,9.91259765625
8350,1.545166015625
8351,-17.116943359375
8352,15.551025390625
8353,-17.048095703125
8354,134.233154296875
8355,79.732666015625
8356,36.484375
8357,47.30029296875
8358,135.9375
8359,89.952392578125
8360,1.552734375
8361,4.604003906249999
8362,6.57373046875
8363,-15.377197265625
8364,-4.697998046875
8365,5.445556640625001
8366,2.56201171875
8367,-13.113525390625
8368,-1.325927734375
8369,-7.778076171875
8370,5.121337890625001
8371,16.4482421875
8372,-14.9931640625
8373,31.622314453125
8374,-19.90185546875
8375,26.434326171875
8376,-16.054931640625
8377,30.01513671875
8378,-3.22216796875
8379,-16.00830078125
8380,-17.1650390625
8381,-21.96240234375
8382,-2.970458984375
8383,23.752685546875
8384,-19.672851562500004
8385,-21.080810546875
8386,-2.97509765625
8387,5.0302734375
8388,-12.728759765625
8389,60.888427734375
8390,16.453369140625
8391,5.300292968749997
8392,1.7587890625
8393,93.274658203125
8394,17.5703125
8395,11.745361328124998
8396,101.764404296875
8397,113.9365234375
8398,13.950439453125
8399,-6.039306640625001
8400,1.5732421875000002
8401,4.147216796875
8402,2.107421875
8403,-7.00048828125
8404,1.052734375
8405,-23.320556640625
8406,8.539306640625
8407,-24.941650390625
8408,56.025146484375
8409,65.0361328125
8410,-2.7060546875000004
8411,7.080078124999999
8412,59.21191406250001
8413,66.32470703125
8414,-40.8798828125
8415,7.225585937499998
8416,21.50732421875
8417,26.617431640625
8418,-49.9150390625
8419,15.277099609375
8420,15.55322265625
8421,28.436767578125
8422,-51.09130859375
8423,-2.4462890624999996
8424,-1.589599609375
8425,4.624755859374999
8426,-16.255126953125
8427,-13.9970703125
8428,19.283203125
8429,13.872802734375
8430,-13.260009765625
8431,-15.608642578125
8432,2.606689453125
8433,24.731201171875
8434,-3.90869140625
8435,-73.056640625
8436,-3.114990234375
8437,-48.26000976562501
8438,35.31396484375
8439,-72.923095703125
8440,-6.580810546875
8441,33.79931640625
8442,63.6650390625
8443,13.822998046875
8444,-39.71997070312499
8445,-37.2587890625
8446,12.111083984374998
8447,2.134765625
8448,-36.45556640625
8449,-36.842041015625
8450,14.916748046875
8451,28.942138671875
8452,40.455810546875
8453,-14.469238281250002
8454,-19.480224609375
8455,-24.8193359375
8456,40.55566406250001
8457,-14.410156249999998
8458,-23.000976562500004
8459,40.38720703125
8460,36.578369140625
8461,12.221435546875
8462,3.495849609375
8463,16.07177734375
8464,-12.613525390625
8465,-1.456298828125
8466,-3.124267578125
8467,14.499755859375
8468,20.304931640625
8469,-6.918212890625001
8470,36.758544921875
8471,-2.506103515625
8472,6.007080078125
8473,7.20263671875
8474,-20.092041015625
8475,-6.406005859374999
8476,9.878173828125
8477,91.4453125
8478,48.113525390625
8479,-36.05224609375
8480,106.64501953125001
8481,59.17504882812501
8482,-35.38818359375
8483,-17.896728515625
8484,97.492431640625
8485,75.50732421875
8486,-0.030517578125
8487,3.025146484375
8488,-2.643310546875
8489,7.023681640625001
8490,-0.6552734375
8491,4.16748046875
8492,2.77587890625
8493,2.429931640625
8494,-3.315185546875
8495,6.16162109375
8496,4.79833984375
8497,4.5283203125
8498,-0.5886230468750001
8499,7.45458984375
8500,13.148681640625
8501,1.947265625
8502,-0.9035644531249999
8503,6.686279296875
8504,32.316650390625
8505,2.9755859375000004
8506,-51.965087890625
8507,1.280517578125
8508,25.0185546875
8509,-28.4375
8510,4.116455078125
8511,4.49853515625
8512,29.58203125
8513,15.438720703125
8514,-46.303466796875
8515,37.291015625
8516,2.996826171875
8517,8.564208984375
8518,70.83251953125
8519,27.499755859375
8520,1.435546875
8521,4.751220703125
8522,-17.146240234375
8523,4.60302734375
8524,11.0400390625
8525,6.763916015625
8526,7.85302734375
8527,-11.50244140625
8528,8.58740234375
8529,9.10546875
8530,4.5986328125
8531,31.002685546875
8532,8.70703125
8533,-49.196533203125
8534,73.68505859375
8535,68.97412109375
8536,17.388427734375
8537,3.574462890625
8538,74.9599609375
8539,62.950439453125
8540,-1.3745117187500002
8541,-30.795166015625
8542,12.582275390625
8543,-20.002685546875
8544,19.806396484375
8545,-0.520263671875
8546,-1.279052734375
8547,-21.248046875
8548,26.053466796875004
8549,-19.121826171875
8550,1.127197265625
8551,-6.771484375000001
8552,24.162353515625
8553,23.4189453125
8554,23.640380859375
8555,1.8388671874999996
8556,22.5654296875
8557,23.3623046875
8558,-5.8193359375
8559,-5.417968750000003
8560,-25.637207031250004
8561,7.14599609375
8562,-1.834716796875
8563,-15.352294921875
8564,-33.035400390625
8565,9.126708984375
8566,-3.6669921875000004
8567,13.98291015625
8568,-17.933349609375
8569,7.9970703125
8570,14.502685546875
8571,2.7646484375000004
8572,-20.463134765625
8573,4.840087890625001
8574,3.859374999999999
8575,0.4072265625
8576,21.107666015625
8577,2.369873046875
8578,9.242919921875
8579,-6.883056640625001
8580,4.42578125
8581,2.10986328125
8582,13.374267578125
8583,-6.42529296875
8584,0.350830078125
8585,4.0048828125
8586,3.139404296875
8587,-32.698974609375
8588,10.841064453125
8589,29.286865234375
8590,-8.319580078125
8591,-3.234374999999999
8592,7.867431640625001
8593,32.808837890625
8594,24.838623046875
8595,16.862548828125
8596,-7.454345703125
8597,50.829833984375
8598,39.79931640624999
8599,-25.879638671875
8600,-41.243408203125
8601,45.689697265625
8602,36.287353515625
8603,-0.147705078125
8604,-25.631591796875004
8605,-0.8125
8606,23.57373046875
8607,-4.010986328125
8608,7.63818359375
8609,60.921630859375
8610,17.04736328125
8611,-6.214599609374999
8612,-13.765625
8613,-12.696044921875
8614,-16.546875
8615,-5.37646484375
8616,-16.386962890625
8617,72.967529296875
8618,-23.202880859375
8619,-11.02978515625
8620,-14.895263671875
8621,-33.39599609375
8622,-23.155517578125
8623,-50.00756835937501
8624,23.824951171875
8625,5.73681640625
8626,126.72998046874999
8627,-29.012207031250004
8628,23.438720703125
8629,8.6796875
8630,-34.534912109375
8631,-45.40185546874999
8632,46.237060546875
8633,-44.722412109375
8634,-41.705322265625
8635,18.99853515625
8636,-1.043701171875
8637,-45.720947265625
8638,-44.77783203125
8639,-23.924072265625004
8640,63.97900390625
8641,88.34057617187499
8642,-34.281982421875
8643,-3.0251464843749996
8644,-35.38427734375
8645,50.529541015625
8646,-41.54931640624999
8647,-2.6972656250000004
8648,29.398193359375
8649,44.31640625
8650,0.473876953125
8651,-3.748046875
8652,-2.41162109375
8653,14.708251953125
8654,4.917724609374999
8655,-13.857177734375
8656,-6.550537109374999
8657,-2.099853515625
8658,-1.0673828125
8659,22.4580078125
8660,19.313232421875
8661,-7.230224609374999
8662,-1.8937988281250004
8663,-6.490966796875
8664,16.055419921875
8665,-14.917968750000002
8666,35.675048828125
8667,53.475830078125
8668,111.814697265625
8669,25.043701171875
8670,10.380126953125
8671,31.06005859375
8672,92.285888671875
8673,26.010986328125
8674,12.45068359375
8675,-18.592041015625
8676,86.44799804687499
8677,-6.413818359374999
8678,-6.61083984375
8679,15.439208984374998
8680,-23.2255859375
8681,-17.603759765625
8682,-2.71826171875
8683,16.5712890625
8684,10.6494140625
8685,9.13818359375
8686,-23.62548828125
8687,78.5234375
8688,9.633056640625
8689,12.139404296875
8690,-4.128173828125
8691,73.013671875
8692,6.30029296875
8693,21.955322265624993
8694,89.628662109375
8695,-17.614501953125
8696,85.268798828125
8697,5.21337890625
8698,-45.323974609375
8699,-46.700927734375
8700,85.62109374999999
8701,0.6796875
8702,75.423095703125
8703,65.561279296875
8704,-3.79638671875
8705,19.225830078125
8706,-1.2729492187500002
8707,18.929443359375
8708,32.245849609375
8709,19.789794921875
8710,-4.96240234375
8711,-3.44921875
8712,8.791259765625
8713,0.583984375
8714,6.1748046875
8715,39.7822265625
8716,-25.737792968749996
8717,14.261474609374998
8718,6.220703124999999
8719,30.40771484375
8720,8.1455078125
8721,29.030273437499996
8722,-8.99755859375
8723,-45.112060546875
8724,-11.932861328125
8725,12.978759765625
8726,6.829345703125
8727,-45.660400390625
8728,-14.144775390625
8729,5.143310546875
8730,24.73681640625
8731,11.64404296875
8732,-5.85595703125
8733,-0.6101074218750001
8734,4.267578124999999
8735,6.26171875
8736,-4.091552734375
8737,3.810546875
8738,-2.90283203125
8739,14.7119140625
8740,-31.178955078125
8741,50.08544921875
8742,4.3232421875
8743,124.541748046875
8744,149.563232421875
8745,45.83642578125
8746,8.058349609375
8747,-41.422119140625
8748,-26.938720703125
8749,-37.195556640625
8750,45.4423828125
8751,98.66162109375
8752,-12.759033203125
8753,-12.806640625
8754,42.727294921875
8755,96.237548828125
8756,-31.2294921875
8757,69.82275390625001
8758,16.273681640625
8759,110.2568359375
8760,115.320556640625
8761,-9.083740234375
8762,19.840576171875
8763,117.804443359375
8764,121.90942382812501
8765,22.573974609375
8766,10.266845703125
8767,60.66357421875
8768,110.055908203125
8769,-35.465576171875
8770,65.453125
8771,95.96118164062499
8772,105.745361328125
8773,-35.6650390625
8774,30.954101562500004
8775,5.91650390625
8776,37.50195312500001
8777,-2.21484375
8778,3.597900390625
8779,16.744384765625
8780,22.337890625
8781,2.824951171875
8782,0.253173828125
8783,42.87548828125
8784,44.57763671875
8785,-12.124755859375
8786,17.538330078125
8787,66.897216796875
8788,-29.736572265625004
8789,-30.227783203124996
8790,11.310791015625002
8791,62.90087890625
8792,9.98681640625
8793,-38.55908203125
8794,40.02197265625
8795,1.694091796875
8796,13.07958984375
8797,3.10302734375
8798,22.195556640625
8799,-1.861328125
8800,15.076416015625002
8801,-9.1943359375
8802,18.552734375
8803,6.78369140625
8804,6.33447265625
8805,6.308837890625001
8806,8.393798828125
8807,24.236083984375
8808,2.730224609375
8809,2.843505859375
8810,-21.441162109375
8811,-12.7578125
8812,29.952880859375
8813,-32.846435546875
8814,-14.75341796875
8815,12.869873046875
8816,36.89599609375
8817,-32.474853515625
8818,-23.010009765625
8819,2.838623046875
8820,-14.45654296875
8821,21.85107421875
8822,-12.4462890625
8823,-14.049072265625
8824,-5.724853515625
8825,13.62841796875
8826,-15.459228515625002
8827,-9.749755859375
8828,22.358642578125
8829,20.786865234375
8830,18.822265625
8831,19.76806640625
8832,-6.599609375000001
8833,10.669921875
8834,42.452392578125
8835,13.82275390625
8836,-5.670654296875
8837,38.68798828125
8838,11.031738281250002
8839,14.2236328125
8840,-6.656982421875
8841,-12.828857421875
8842,27.275146484375
8843,10.13818359375
8844,-8.27197265625
8845,-14.201171875
8846,10.34228515625
8847,12.308837890625
8848,-1.623291015625
8849,-8.51904296875
8850,-13.049072265625
8851,14.711669921875
8852,-7.840087890625001
8853,-11.364501953125
8854,-10.5283203125
8855,-5.58203125
8856,-5.445068359374999
8857,-44.793212890625
8858,-26.28955078125
8859,63.078369140625
8860,-19.451904296875
8861,-21.91552734375
8862,-23.344482421875
8863,67.512451171875
8864,51.884521484375
8865,45.325927734375
8866,86.18603515625
8867,98.3251953125
8868,-1.5434570312500027
8869,7.777587890625001
8870,70.8193359375
8871,106.486083984375
8872,9.163085937499996
8873,146.310791015625
8874,128.94970703125
8875,-7.61767578125
8876,27.3818359375
8877,-10.698486328125
8878,4.15966796875
8879,41.156494140625
8880,28.991455078125
8881,-11.385498046875
8882,2.57080078125
8883,7.73046875
8884,-11.09716796875
8885,-12.427978515625002
8886,1.864501953125
8887,10.931884765625
8888,8.872802734375
8889,-9.921142578125
8890,-1.2143554687500002
8891,-5.88525390625
8892,-15.1416015625
8893,-3.3017578124999996
8894,9.79833984375
8895,7.122802734375
8896,-21.79833984375
8897,-17.218505859375
8898,10.882080078125
8899,7.715087890625001
8900,-1.76953125
8901,4.0185546875
8902,-13.370361328125
8903,-2.41015625
8904,16.4169921875
8905,9.154052734375
8906,8.988525390625
8907,0.029296875
8908,15.676025390625
8909,22.220703125
8910,2.530029296875
8911,-3.444091796875
8912,11.9873046875
8913,-15.36279296875
8914,13.5029296875
8915,20.063720703125
8916,10.702636718749998
8917,-15.907470703125
8918,10.188232421875
8919,22.124267578125
8920,4.49951171875
8921,0.47216796875
8922,-3.314697265625
8923,-0.7145996093750001
8924,1.352783203125
8925,2.17578125
8926,1.912841796875
8927,17.39306640625
8928,4.224365234375
8929,-20.54736328125
8930,85.61181640625
8931,59.3154296875
8932,75.018798828125
8933,12.2412109375
8934,83.032958984375
8935,63.24755859375
8936,-22.118896484375
8937,-45.05419921875
8938,4.40576171875
8939,-2.060302734375
8940,8.2333984375
8941,6.303466796875
8942,-2.03271484375
8943,-0.0283203125
8944,7.65771484375
8945,-5.671875
8946,-9.86572265625
8947,49.048828125
8948,-26.052001953125
8949,-0.369873046875
8950,106.37744140624999
8951,103.968505859375
8952,-23.642578125
8953,1.435546875
8954,6.55078125
8955,2.739501953125
8956,-19.5029296875
8957,58.4248046875
8958,47.8857421875
8959,-5.463134765625
8960,-4.649169921875002
8961,56.598876953125
8962,48.95263671875
8963,-7.345458984375
8964,-19.0712890625
8965,9.505859375
8966,10.387939453125
8967,5.61572265625
8968,1.6416015625
8969,10.9072265625
8970,16.69677734375
8971,8.912353515625
8972,17.536865234375
8973,15.495849609375
8974,-28.288330078125
8975,-8.857177734375
8976,60.788330078125
8977,-3.582763671875
8978,-4.041748046875
8979,-16.90283203125
8980,55.50830078125
8981,-13.89599609375
8982,-2.05322265625
8983,-6.671630859374999
8984,68.453857421875
8985,76.038818359375
8986,-26.5361328125
8987,-0.1433105468749999
8988,69.310302734375
8989,78.017333984375
8990,-12.192626953125
8991,-25.997802734374996
8992,4.375732421875
8993,-5.4609375
8994,31.599365234375
8995,-3.107666015625
8996,-5.23828125
8997,-8.372314453125
8998,29.50244140625
8999,7.444091796875
9000,11.199218750000002
