iteration,energy
1,-1.023681640625
2,-3.9462890624999996
3,0.056396484375
4,1.367431640625
5,-4.6552734375
6,4.1240234375
7,-1.405517578125
8,2.22119140625
9,0.6220703125
10,-18.80810546875
11,11.27099609375
12,19.702880859375
13,-5.604248046875
14,-6.47802734375
15,8.869873046875
16,19.91064453125
17,13.88037109375
18,2.206787109375
19,37.45874023437499
20,-3.865966796875
21,19.539306640625
22,6.666992187499999
23,18.63623046875
24,1.532470703125
25,22.535400390625
26,-3.01123046875
27,-0.272705078125
28,55.387939453125
29,-54.057373046875
30,16.6982421875
31,104.043212890625
32,11.459716796875
33,-58.053466796875
34,14.03564453125
35,25.939697265625004
36,35.288818359375
37,24.300048828125
38,2.140869140625
39,6.505859375000001
40,-6.06298828125
41,26.414306640625
42,3.423583984375
43,7.018798828125
44,48.2548828125
45,22.20068359375
46,26.083251953125
47,-23.00634765625
48,-21.354736328125
49,-0.10498046875
50,23.927734375
51,-23.47265625
52,-21.1923828125
53,-1.243896484375
54,23.028076171875
55,8.605712890625
56,23.117919921875
57,22.361328125
58,-13.274658203125
59,4.949462890625001
60,21.33544921875
61,23.197265625
62,7.90966796875
63,6.4248046875
64,-1.509521484375
65,5.2431640625
66,10.651123046875
67,-4.055908203125
68,-26.656494140625
69,6.385986328125
70,10.876953125
71,7.698486328125
72,-19.074951171875
73,-4.679931640625001
74,-8.692138671875
75,-4.906005859374999
76,-18.988037109375
77,-10.030029296875
78,-7.460693359374999
79,-5.47265625
80,73.099853515625
81,21.537353515625
82,9.660888671875
83,6.759521484375
84,9.551513671875
85,2.386474609375
86,2.166748046875
87,8.94384765625
88,12.54931640625
89,38.02197265625
90,12.749511718749998
91,-4.641357421875
92,-11.19189453125
93,1.9624023437500002
94,-3.4736328124999996
95,-7.4375
96,-9.885498046875
97,0.225341796875
98,-2.81591796875
99,-3.46142578125
100,13.413574218749998
101,-3.187744140625
102,11.866699218749998
103,-10.6064453125
104,3.98974609375
105,3.63818359375
106,6.006591796875
107,-9.189453125
108,4.958251953125
109,146.78271484375
110,20.665771484375
111,4.3408203125
112,56.46997070312499
113,141.46142578125
114,17.42578125
115,8.720703125
116,-5.914306640625001
117,136.3916015625
118,-26.49560546875
119,33.3828125
120,71.982177734375
121,-31.47802734375
122,-8.813232421875
123,31.851562499999996
124,75.756591796875
125,-27.748779296875
126,11.23583984375
127,-14.026611328125
128,40.705322265625
129,18.719726562500004
130,9.8125
131,-21.31396484375
132,43.278564453125
133,17.430908203125
134,-50.628173828125
135,-12.662841796875
136,7.67529296875
137,-9.789550781250002
138,-9.457275390625
139,47.60937500000001
140,-18.964599609375
141,-11.255859375
142,-15.99658203125
143,-10.094482421875
144,5.877197265625
145,11.5595703125
146,-5.76953125
147,-2.456298828125
148,41.143310546875
149,-2.980712890625
150,-8.757080078125
151,-7.75634765625
152,17.404052734375
153,13.54248046875
154,-2.927490234375
155,-20.374755859375
156,-11.659912109375
157,90.526123046875
158,99.41357421875
159,-14.266113281250002
160,-13.2900390625
161,9.319824218749998
162,0.5732421875
163,-29.254638671875
164,1.2856445312499998
165,30.67578125
166,31.1025390625
167,-25.737548828125
168,0.7468261718750001
169,30.3486328125
170,-31.691650390625
171,-21.8310546875
172,38.24853515625
173,79.664794921875
174,-15.761474609375
175,7.188720703125
176,1.5400390625
177,74.604248046875
178,-13.37744140625
179,41.501708984375
180,21.27587890625
181,44.98388671875
182,-17.59814453125
183,-15.90966796875
184,39.537353515625
185,44.462646484375
186,-17.31494140625
187,-19.471923828125
188,34.20166015625
189,48.754150390625
190,-8.572021484375
191,-1.09765625
192,-4.286376953125
193,2.19921875
194,10.680908203125
195,-2.883056640625
196,-8.757568359375
197,28.55126953125
198,12.823486328125
199,23.12060546875
200,115.012939453125
201,128.156494140625
202,-17.802734375
203,21.358154296874996
204,117.798583984375
205,123.808349609375
206,-16.439453125
207,19.099609375
208,-18.53759765625
209,-8.943115234375
210,7.6064453125
211,3.58447265625
212,-2.57666015625
213,-13.652099609375
214,5.771240234375
215,8.384765625
216,-19.344970703125
217,-15.534423828125
218,11.1220703125
219,18.838134765625
220,-2.89013671875
221,-19.39208984375
222,8.27783203125
223,19.54736328125
224,22.6181640625
225,-17.7685546875
226,-12.22119140625
227,-10.902587890625
228,-7.44970703125
229,-1.4670410156249991
230,-22.19921875
231,-14.741455078125
232,-6.006103515625
233,39.461669921875
234,-12.36083984375
235,-20.382568359375
236,-19.897216796875004
237,-7.8935546875
238,12.013671875
239,-8.433837890625
240,-19.349365234375
241,-5.98681640625
242,72.06396484375
243,0.7846679687499997
244,-4.447265625
245,14.7802734375
246,-0.14111328125
247,14.822265625
248,-23.984130859375
249,14.214843750000002
250,5.1630859375
251,45.43408203125
252,21.503662109375
253,-37.483154296875
254,-24.62890625
255,61.968505859375
256,-38.357421875
257,10.256103515625002
258,-24.946044921875
259,54.58251953125
260,5.188232421875
261,-8.998046875
262,25.4912109375
263,-15.348388671875
264,3.7265625
265,42.020751953125
266,19.655517578125
267,-21.440673828125
268,1.9682617187499987
269,1.3894042968750002
270,-30.336669921875
271,0.6142578125
272,-6.876708984375
273,-11.163330078125
274,17.220947265625
275,-7.209228515625
276,-5.43017578125
277,-5.436767578125
278,2.380615234375
279,-5.21337890625
280,-19.08544921875
281,84.475830078125
282,76.37426757812499
283,-1.802490234375
284,-1.2934570312499998
285,84.921875
286,78.490966796875
287,21.781494140625
288,-9.12109375
289,1.131103515625
290,-9.65380859375
291,-10.259765625
292,-29.400634765625
293,-2.924072265625
294,-13.649658203125
295,-13.250732421875
296,38.63525390625
297,-3.780517578125001
298,0.453125
299,2.126953125
300,4.02099609375
301,16.969970703125
302,17.897216796875
303,2.91064453125
304,1.8779296875
305,25.532226562500004
306,24.67626953125
307,-8.728759765625
308,45.83056640624999
309,67.734375
310,-34.7919921875
311,-13.406982421875
312,38.944580078125
313,60.2998046875
314,-2.720947265625
315,-20.428466796875004
316,29.769287109375
317,-12.966064453125
318,-11.292724609375
319,-5.02490234375
320,40.54541015625
321,-6.246826171875
322,-10.75244140625
323,48.269287109375
324,4.398681640625
325,-2.223632812500002
326,23.43701171875
327,65.399169921875
328,-6.1123046875
329,-8.712890625
330,19.488525390625
331,61.72070312500001
332,-14.870361328125
333,-26.05126953125
334,-4.813720703125
335,6.42578125
336,20.25390625
337,70.937744140625
338,8.26318359375
339,6.049560546875
340,14.47314453125
341,7.67333984375
342,114.109130859375
343,-34.736572265625
344,4.7314453125
345,-13.378662109375
346,-9.347412109375
347,-8.112060546875
348,7.28564453125
349,-12.219238281250002
350,31.5849609375
351,-9.785156249999998
352,-14.209716796875
353,53.15478515625
354,52.55126953125
355,-16.0068359375
356,-20.259765625
357,47.308837890625
358,62.673583984375
359,-5.152587890625001
360,-10.46533203125
361,49.16455078125
362,-41.61572265625
363,-77.86572265625
364,-10.0751953125
365,71.690673828125
366,-43.38037109375
367,-79.243896484375
368,39.474853515625
369,44.24804687499999
370,-18.526123046875
371,-2.153564453125
372,-7.320068359374999
373,-43.427978515625
374,-8.69580078125
375,-1.1162109375
376,-3.611083984375
377,-13.403564453125
378,20.92822265625
379,74.545166015625
380,114.592529296875
381,20.25634765625
382,-14.348388671875
383,14.671630859375
384,118.138427734375
385,25.693359375
386,45.999755859375
387,10.147949218749998
388,89.8203125
389,-5.774169921875
390,-7.9453125
391,2.871337890625
392,96.938720703125
393,-8.153076171875
394,-7.170654296875
395,53.3603515625
396,89.64184570312499
397,44.04125976562501
398,-47.69140625
399,18.591552734374996
400,46.98120117187499
401,40.199462890625
402,-43.23583984375
403,10.720458984374998
404,-19.673583984375
405,-34.3857421875
406,-53.841552734375
407,-5.1279296875
408,96.772216796875
409,-4.578857421875
410,3.452392578125
411,-5.949951171875
412,94.381591796875
413,-12.625732421875
414,33.595947265625
415,25.844970703125
416,51.85205078125
417,46.1015625
418,-12.191650390625
419,8.055419921875
420,46.77587890625
421,44.9287109375
422,-2.74951171875
423,16.063232421875
424,-14.28125
425,-4.34326171875
426,14.572265625
427,-6.78076171875
428,9.021484375
429,-4.919921875000001
430,17.333984375
431,30.818603515625
432,39.21118164062499
433,13.739501953125
434,-13.744384765625
435,16.15869140625
436,82.604248046875
437,11.6064453125
438,-13.986572265625
439,15.95849609375
440,-12.922119140625
441,1.2236328125
442,12.102294921875
443,-6.85791015625
444,-14.086669921875
445,51.74755859375
446,2.943115234375
447,-6.420166015625
448,-10.856689453125
449,2.92041015625
450,-3.162353515625
451,-6.0029296875
452,-4.724609375000001
453,-0.468505859375
454,25.590332031250004
455,-1.782470703125
456,-0.26318359375
457,3.596435546875
458,1.0966796875
459,1.623779296875
460,50.102783203125
461,-27.580810546875
462,-16.5068359375
463,14.5166015625
464,61.6640625
465,-30.9814453125
466,-12.120849609375
467,29.788330078125
468,30.443115234375
469,-1.250244140625
470,2.113525390625
471,8.385009765625
472,11.140380859375
473,9.9658203125
474,-2.841064453125
475,10.362060546875
476,-9.70556640625
477,-12.173828125
478,-8.727783203125
479,95.345458984375
480,109.3017578125
481,11.655517578125
482,-19.33642578125
483,92.28613281249999
484,102.71484375
485,-8.060546875000002
486,6.557617187499999
487,-6.77880859375
488,10.017578125
489,15.717041015625002
490,-10.689697265625
491,-9.944091796875
492,8.335693359375
493,24.5732421875
494,0.19775390625
495,-6.23876953125
496,-5.531494140625001
497,-0.3583984375
498,2.351318359375
499,-15.7490234375
500,-21.324707031250004
501,1.1850585937500002
502,0.13720703124999956
503,0.556396484375
504,19.22509765625
505,-24.693603515625
506,-34.174560546875
507,17.289306640625
508,-22.12744140625
509,107.032470703125
510,-30.061279296875
511,10.326416015625002
512,31.5673828125
513,-36.18896484375
514,-11.2783203125
515,-19.766357421875
516,80.30615234375
517,-16.552490234375
518,-31.212890625
519,-14.286376953125
520,77.07421875
521,-5.703125
522,-9.331787109375
523,-10.19775390625
524,15.02783203125
525,-3.89990234375
526,1.1704101562499998
527,11.55908203125
528,19.236572265625004
529,-6.663330078125
530,31.767578125
531,22.527099609375
532,-27.21435546875
533,42.20361328125
534,30.362548828125
535,16.2744140625
536,8.138671875
537,37.45458984375
538,30.328125
539,22.268310546875
540,4.284912109374998
541,-12.75146484375
542,52.092041015625
543,39.91552734375
544,49.21875
545,-28.833740234375
546,47.020263671875
547,41.082275390625
548,-30.03759765625
549,-12.465087890625
550,1.11181640625
551,-10.453125
552,55.62255859375
553,46.27929687499999
554,-45.048583984375
555,-13.2001953125
556,50.8671875
557,-15.127685546875
558,6.5927734375
559,4.47802734375
560,0.437744140625
561,5.539306640625001
562,24.816162109375
563,33.051513671875
564,0.7922363281249999
565,-2.69482421875
566,-5.9228515625
567,-17.887451171875
568,14.40771484375
569,-27.842529296875
570,-28.845947265625004
571,0.5146484375
572,20.51025390625
573,-27.65869140625
574,-23.476806640625
575,9.3359375
576,11.625488281250002
577,-5.173828124999999
578,7.13818359375
579,10.122802734375
580,-4.194091796875
581,4.3388671875
582,8.42431640625
583,4.153564453125
584,-8.890380859375
585,-7.684814453125
586,50.92187500000001
587,-42.8291015625
588,-57.75122070312499
589,68.2265625
590,66.480712890625
591,-40.52978515625
592,-57.638916015625
593,-4.743896484375
594,-6.2177734375
595,16.27734375
596,-19.344726562500004
597,-13.70458984375
598,0.469482421875
599,21.80078125
600,-21.97607421875
601,-11.52099609375
602,1.928955078125
603,24.793457031250004
604,3.62158203125
605,5.528076171875
606,-14.812011718749998
607,6.274169921875
608,18.029296875
609,8.2138671875
610,-17.017333984375
611,25.09423828125
612,26.756103515625
613,3.60595703125
614,2.942138671875
615,5.025634765625
616,10.929199218749998
617,5.029052734375
618,-0.38891601562499994
619,2.8984375
620,20.76708984375
621,11.65869140625
622,24.94775390625
623,27.616455078125
624,-3.357666015625
625,59.22021484375
626,67.83447265625
627,31.764648437499996
628,-4.915283203125
629,7.4443359375
630,-0.221435546875
631,7.067626953125
632,-1.162109375
633,-2.03857421875
634,9.93310546875
635,19.404052734374996
636,7.582763671875
637,2.694580078125
638,-13.312255859375
639,-9.205078125
640,-10.478515625
641,23.952148437499996
642,-15.94287109375
643,-4.47607421875
644,-8.168701171875
645,20.4814453125
646,-15.982421875
647,-38.73999023437499
648,26.39892578125
649,-25.365234375
650,4.648681640625001
651,108.223388671875
652,-19.22509765625
653,20.850830078124993
654,-1.407470703125
655,109.1630859375
656,-3.4780273437500004
657,26.858642578125
658,-6.579833984375
659,16.741943359375
660,9.701171875
661,-18.031494140625
662,5.14697265625
663,15.967529296875
664,11.84130859375
665,16.143798828125
666,0.368896484375
667,15.160400390625
668,19.734619140625
669,28.6806640625
670,-27.357177734374996
671,0.59326171875
672,18.1318359375
673,27.87451171875
674,40.43627929687501
675,-18.00146484375
676,65.345947265625
677,-11.4658203125
678,-25.05517578125
679,82.364990234375
680,45.73437500000001
681,-12.83740234375
682,-19.25
683,38.919189453125
684,74.7333984375
685,19.063720703125
686,58.338623046875014
687,-13.13525390625
688,128.4365234375
689,109.350341796875
690,61.15283203124999
691,-12.294189453125
692,-8.367919921875002
693,31.918212890625
694,-12.740478515625002
695,12.800537109375
696,18.15625
697,19.46923828125
698,-10.023193359375
699,8.761474609375
700,18.929931640625
701,0.9079589843749987
702,-8.574462890625
703,-3.082275390625
704,13.67333984375
705,7.727294921875
706,4.64404296875
707,-8.24609375
708,8.616943359375
709,7.502685546875
710,7.792724609374999
711,-0.90478515625
712,-4.853759765625
713,-2.877685546875
714,-9.834228515625002
715,2.217041015625
716,13.152343750000002
717,-1.0849609375
718,-7.58984375
719,2.14453125
720,-11.6455078125
721,-53.513916015625
722,32.011962890625
723,34.6953125
724,-16.000244140625
725,-49.27978515625
726,37.63183593749999
727,39.506591796875
728,-5.5556640625
729,-56.875244140625
730,-19.205322265625004
731,37.72412109375
732,36.502197265625
733,-8.203857421875
734,-6.2412109375
735,46.22119140625
736,32.951171875
737,-0.217529296875
738,-11.598876953125
739,12.260498046875
740,-3.309326171875
741,9.97216796875
742,7.04638671875
743,10.680175781250002
744,-2.107421875
745,3.127197265625
746,15.172607421875
747,19.00830078125
748,8.116455078125
749,-2.52783203125
750,-5.263916015625
751,19.65673828125
752,7.495849609374999
753,-2.763916015625
754,-9.734863281250002
755,-7.043701171875
756,9.932861328125
757,31.571533203124996
758,33.400634765625
759,-23.791748046875
760,4.0185546875
761,-4.38134765625
762,34.6357421875
763,-20.950927734374996
764,0.092041015625
765,4.8623046875
766,-15.2919921875
767,50.9560546875
768,50.37695312500001
769,0.06542968749999978
770,-13.290283203125
771,52.487060546875
772,41.6708984375
773,0.65673828125
774,-9.2568359375
775,56.59179687499999
776,2.4218750000000004
777,-4.154541015625001
778,29.438232421875
779,69.3251953125
780,5.740478515625
781,-8.7421875
782,4.823486328125
783,49.401123046875
784,12.512451171875
785,-21.94287109375
786,-22.688720703125
787,14.3154296875
788,17.193603515625
789,-30.098876953125
790,-24.00146484375
791,47.26220703125
792,28.87939453125
793,-1.2592773437500082
794,45.128173828125
795,104.656494140625
796,-55.75634765625
797,-82.482666015625
798,40.008056640625
799,101.008544921875
800,-4.881103515625
801,-5.0234375
802,-30.928466796875004
803,38.17919921875
804,18.02001953125
805,12.838623046875
806,12.91943359375
807,33.474609375
808,10.770263671875
809,-3.35546875
810,-19.82421875
811,61.677978515625
812,82.03662109375
813,-15.650390625
814,8.10986328125
815,-2.4443359375000004
816,88.363525390625
817,-18.660888671875
818,83.41162109375
819,55.89599609375
820,34.908203125
821,-3.715087890625
822,55.95629882812501
823,0.08544921875000011
824,2.640380859375
825,-1.8720703125
826,48.834716796875
827,0.5847167968749998
828,25.132812499999996
829,25.10009765625
830,-4.03857421875
831,5.258056640625001
832,12.294677734375
833,33.751953125
834,-10.1416015625
835,3.93896484375
836,-8.0224609375
837,13.603759765625
838,23.117187500000004
839,2.98388671875
840,-2.19873046875
841,8.129638671875
842,15.326416015625002
843,-0.450439453125
844,0.8166503906249999
845,-15.08447265625
846,0.7158203125
847,-7.993408203125
848,19.44482421875
849,9.365966796875
850,116.96728515625
851,-10.060302734375
852,14.7626953125
853,5.71337890625
854,-27.748779296875
855,-11.7255859375
856,-0.7258300781249999
857,4.08935546875
858,-3.78173828125
859,22.181640625
860,23.8779296875
861,3.257080078125
862,-4.274169921875
863,0.9833984375
864,13.830078125
865,-10.845703125
866,-3.180908203125
867,-0.18798828125000044
868,13.48681640625
869,-4.84228515625
870,-11.48583984375
871,-1.1962890625
872,2.323974609375
873,-18.25390625
874,0.51416015625
875,1.4101562500000002
876,-7.853515624999999
877,-8.570068359375
878,-14.367919921875
879,0.082275390625
880,-6.165771484375
881,-11.694091796875
882,-12.1796875
883,-52.366943359375
884,39.04736328125
885,37.658935546875
886,-32.996337890625
887,-52.119873046875
888,37.677978515625
889,44.769775390625
890,2.18896484375
891,-59.732666015625
892,15.929931640625
893,-13.652343750000002
894,-18.521484375
895,-6.0390625
896,48.1123046875
897,-17.750244140625
898,-11.1123046875
899,10.7587890625
900,37.85375976562501
901,3.093505859375
902,-32.4931640625
903,-29.215087890625
904,-8.673583984375
905,16.613525390625
906,-31.19873046875
907,-29.146484375
908,-9.699218750000002
909,19.662109375
910,-4.30126953125
911,-9.09912109375
912,2.678466796875
913,-11.758056640625
914,6.80029296875
915,-7.514404296875
916,10.062255859375
917,3.109130859375
918,24.86083984375
919,20.936279296875
920,-9.826904296875
921,24.817626953125
922,-1.4624023437500002
923,16.718017578125
924,-6.717529296875
925,29.1982421875
926,29.63671875
927,-5.777099609374999
928,3.344482421875
929,3.55078125
930,1.505126953125
931,30.07177734375
932,14.614501953125
933,0.3681640625
934,-2.80224609375
935,-17.139404296875
936,3.42822265625
937,-1.984375
938,16.164794921875
939,6.181396484375
940,-7.539794921875
941,11.967529296875
942,22.497314453125
943,6.331787109374999
944,15.384033203125
945,11.0966796875
946,-22.411376953125
947,16.905517578125
948,35.407470703125
949,-49.91943359375001
950,-5.91162109375
951,22.735107421875
952,34.876953125
953,89.982177734375
954,-2.86962890625
955,-10.546875
956,53.269287109375
957,56.78515625
958,1.5
959,-12.71435546875
960,55.163330078125
961,50.761474609375
962,-0.3073730468749999
963,-15.166259765625
964,15.384765625
965,23.14794921875
966,18.408447265625
967,-13.830078125
968,-10.068603515625002
969,28.758544921875
970,18.846435546875
971,-0.519287109375
972,27.50146484375
973,17.971435546875
974,-8.593017578125
975,41.31591796875
976,-5.58984375
977,-8.58203125
978,-14.628173828125
979,36.39990234375
980,-10.257324218749998
981,-4.10595703125
982,9.739013671875
983,-9.83447265625
984,1.859619140625
985,-11.87646484375
986,5.188720703125
987,-7.277587890625001
988,4.164306640625
989,7.041015624999999
990,22.697509765625
991,20.557861328125
992,78.3369140625
993,49.843505859375
994,38.891845703125
995,12.953369140625
996,78.580810546875
997,52.25537109375
998,-17.76171875
999,-11.641357421875
1000,-4.462890625
1001,-8.298828125
1002,-10.695800781250002
1003,-0.63134765625
1004,-1.6899414062499998
1005,-5.994384765625
1006,-10.088134765625
1007,-8.414306640625
1008,-7.3193359375
1009,-3.64306640625
1010,4.138427734375
1011,-1.8076171875
1012,31.640380859375
1013,18.32373046875
1014,4.863525390625001
1015,3.980224609375
1016,23.242919921875
1017,-0.40771484375
1018,13.417236328125
1019,-4.298095703125
1020,20.291748046875
1021,-1.49609375
1022,24.301025390625
1023,1.947509765625
1024,15.351074218749998
1025,17.669677734375
1026,7.62109375
1027,-7.690673828125
1028,-5.6494140625
1029,-10.0546875
1030,6.954345703125
1031,-10.152343750000002
1032,-4.05908203125
1033,-6.45166015625
1034,-12.130615234375
1035,19.18212890625
1036,41.3046875
1037,48.671630859375
1038,-18.8623046875
1039,15.511962890625
1040,32.30029296875
1041,51.069091796875
1042,-12.609130859375
1043,-35.333984375
1044,3.1259765624999996
1045,-9.760009765625
1046,-9.0166015625
1047,-4.620849609374999
1048,-14.80224609375
1049,0.06958007812500022
1050,-7.00244140625
1051,-9.178955078125
1052,75.66943359375
1053,-3.502197265625
1054,55.159912109375
1055,9.21435546875
1056,-14.964111328125
1057,-13.730712890625
1058,4.186279296875
1059,8.569580078125
1060,-15.637451171875
1061,149.32519531250003
1062,-33.27685546875
1063,-4.760009765625
1064,-7.10595703125
1065,-2.0126953125
1066,-4.847900390625001
1067,-0.144287109375
1068,-1.760498046875
1069,-3.3984375
1070,15.9541015625
1071,2.553955078125
1072,0.7097167968750001
1073,-4.6708984375
1074,-2.89111328125
1075,-0.8356933593750001
1076,5.371826171875
1077,-6.693359375000001
1078,1.188232421875
1079,-3.549072265625
1080,6.8984375
1081,-10.585205078125
1082,15.497314453125
1083,-7.31494140625
1084,-9.720458984374998
1085,-11.008300781250002
1086,19.18212890625
1087,-6.489990234375
1088,1.585693359375
1089,-7.91455078125
1090,-2.00341796875
1091,6.31884765625
1092,7.453857421875
1093,5.9775390625
1094,4.91650390625
1095,-0.65087890625
1096,4.957275390625001
1097,0.055419921875
1098,-1.5673828125
1099,13.173583984374998
1100,21.908203125
1101,9.832031249999998
1102,-1.3071289062499998
1103,16.54833984375
1104,19.78515625
1105,15.021484375
1106,-0.7351074218750001
1107,5.571044921875
1108,21.5673828125
1109,11.464843750000002
1110,-9.87158203125
1111,28.20703125
1112,40.75927734375
1113,7.132568359374999
1114,-11.4970703125
1115,16.3642578125
1116,45.333984375
1117,-1.201171875
1118,-1.743896484375
1119,5.66064453125
1120,-3.1689453124999996
1121,3.77783203125
1122,-6.3046875
1123,12.843994140625
1124,26.6435546875
1125,1.6752929687500002
1126,8.335205078125
1127,13.03564453125
1128,-15.7646484375
1129,-21.32373046875
1130,-10.9140625
1131,15.390869140625
1132,-8.592529296875
1133,19.12451171875
1134,20.86767578125
1135,-29.760498046875
1136,40.178466796875
1137,34.536865234375
1138,36.296875
1139,-42.02929687499999
1140,35.78955078125
1141,30.062255859375
1142,1.9934082031249991
1143,-28.70703125
1144,11.460205078125
1145,-1.11181640625
1146,3.83349609375
1147,-0.5788574218750001
1148,-4.803466796875
1149,-6.216552734375
1150,1.671875
1151,-12.55029296875
1152,-4.662841796875
1153,-0.95458984375
1154,4.928466796875
1155,3.5615234375000004
1156,-5.71337890625
1157,2.105712890625
1158,2.5732421875000004
1159,0.336181640625
1160,-6.95751953125
1161,11.298095703125
1162,-39.3955078125
1163,-23.936279296875
1164,-7.958984375000001
1165,-29.057861328125
1166,23.121337890625
1167,-24.362060546875
1168,-0.6975097656249999
1169,0.8479003906249999
1170,-17.744140625
1171,-20.669677734374996
1172,10.57958984375
1173,30.987060546875
1174,-25.10693359375
1175,-12.63720703125
1176,12.339843750000002
1177,25.5419921875
1178,8.646728515625
1179,-14.12060546875
1180,7.198486328125
1181,-16.519775390625
1182,-3.06591796875
1183,58.20849609375
1184,21.018798828125
1185,-12.101318359375
1186,-8.437744140625
1187,-2.280517578125
1188,18.563720703125
1189,-0.19189453125
1190,-10.150634765625
1191,14.5224609375
1192,13.144531249999998
1193,16.017578125
1194,-12.29931640625
1195,17.089111328125
1196,-13.1826171875
1197,-19.198974609375
1198,1.4982910156250002
1199,0.6574707031249999
1200,0.24609375
1201,8.046142578125
1202,4.904296875000001
1203,1.6328125
1204,2.655517578125
1205,-1.2956542968750002
1206,3.345214843749999
1207,-41.825439453125
1208,25.962158203124996
1209,1.5864257812499998
1210,27.30517578125
1211,34.21826171875
1212,22.55615234375
1213,0.9990234375
1214,-9.08935546875
1215,-8.064697265625
1216,3.568603515625
1217,104.06811523437499
1218,73.439453125
1219,3.873046875
1220,-6.62060546875
1221,102.865234375
1222,77.416259765625
1223,36.98974609375
1224,-6.427490234375
1225,85.243408203125
1226,-7.69580078125
1227,-6.01708984375
1228,12.610107421875
1229,81.57666015625
1230,-8.468017578125
1231,-6.92626953125
1232,37.6572265625
1233,81.655029296875
1234,-4.994873046875
1235,1.6591796875
1236,6.63037109375
1237,8.83154296875
1238,-7.25634765625
1239,0.73486328125
1240,4.856689453125
1241,22.743896484375
1242,-2.525390625
1243,-12.301025390625
1244,6.375
1245,9.63427734375
1246,-2.0341796875
1247,-18.027587890625
1248,9.67626953125
1249,12.001953125
1250,4.64794921875
1251,5.113037109374999
1252,-15.609619140625
1253,-14.705078125
1254,21.41064453125
1255,31.343505859375
1256,-4.00634765625
1257,-10.458740234375
1258,14.910888671875
1259,10.738525390625
1260,-9.906494140625
1261,8.91455078125
1262,-5.21435546875
1263,-17.918212890625
1264,49.994384765625
1265,52.218017578125
1266,-5.7529296875
1267,-15.648925781250002
1268,-5.601318359374999
1269,-14.777587890625
1270,-54.505126953125
1271,18.396240234375
1272,10.352294921875
1273,10.725341796875
1274,-38.325439453125
1275,18.99951171875
1276,12.7294921875
1277,-8.420166015625
1278,-53.0302734375
1279,9.50927734375
1280,-16.0556640625
1281,-37.689208984375
1282,18.404296875
1283,56.943359375
1284,-10.580078125
1285,-38.818115234375
1286,24.505859375
1287,3.145263671875
1288,1.7617187499999998
1289,10.0419921875
1290,15.64990234375
1291,-6.40576171875
1292,-3.215087890625
1293,6.98193359375
1294,13.318115234375
1295,10.418212890625
1296,10.300048828125
1297,21.649169921875
1298,-35.524169921875
1299,-0.9252929687500003
1300,-24.172851562500004
1301,16.245361328125
1302,-41.524169921875
1303,1.7456054687500002
1304,80.0244140625
1305,-41.87255859375
1306,-24.701416015625
1307,29.976562499999996
1308,2.29833984375
1309,19.820312499999996
1310,31.57373046875
1311,27.306640625
1312,1.900390625
1313,-6.094970703125
1314,27.06982421875
1315,71.962646484375
1316,2.611083984375
1317,-23.596923828125
1318,54.989013671875
1319,12.421386718749998
1320,3.453369140625
1321,-26.471923828125
1322,38.38037109375
1323,10.670654296875
1324,1.091064453125
1325,16.182373046875
1326,125.7373046875
1327,-35.597412109375
1328,14.61083984375
1329,14.5078125
1330,122.690673828125
1331,-12.319091796875
1332,-10.770751953125
1333,-1.388916015625
1334,-8.86474609375
1335,6.9541015625
1336,7.54248046875
1337,-2.7919921875000004
1338,-5.2626953125
1339,5.423095703125
1340,15.473876953125
1341,0.6149902343750001
1342,11.9716796875
1343,-49.431396484375
1344,-46.38671875
1345,-36.15283203125
1346,36.738525390625
1347,-45.667236328125
1348,-48.60302734375
1349,15.955810546875
1350,-14.50439453125
1351,65.31298828125
1352,35.710205078125
1353,-6.196289062500001
1354,25.757568359375
1355,10.700927734375
1356,27.92431640625
1357,-7.41259765625
1358,-0.7937011718750001
1359,-9.697265625
1360,38.78320312500001
1361,-21.500732421875
1362,-23.110351562500004
1363,4.788330078124998
1364,40.66625976562501
1365,-19.94873046875
1366,-18.228759765625
1367,78.946533203125
1368,42.70458984375
1369,-8.683349609375
1370,71.197021484375
1371,62.44189453125001
1372,-31.76025390625
1373,-16.91162109375
1374,68.045654296875
1375,60.155517578125
1376,-9.300048828125
1377,-6.880126953125
1378,-21.450439453125
1379,100.746337890625
1380,58.51953125
1381,-16.0361328125
1382,-64.1181640625
1383,100.552978515625
1384,53.136474609375
1385,52.96679687499999
1386,-9.18505859375
1387,22.418457031250004
1388,14.825927734375
1389,-3.6904296875000004
1390,-0.7783203125
1391,17.68115234375
1392,6.966796875000001
1393,-9.312255859375
1394,6.2685546875
1395,2.9228515624999996
1396,23.145263671875
1397,-19.952392578125
1398,-17.263427734375
1399,-7.9833984375
1400,15.670166015625002
1401,-18.50927734375
1402,-15.95751953125
1403,-1.876953125
1404,30.095458984375
1405,17.691650390625
1406,-10.5126953125
1407,-4.00830078125
1408,7.462158203125
1409,20.328857421875
1410,-7.134521484375
1411,-5.662109375000001
1412,45.552978515625
1413,12.722656249999998
1414,-16.022216796875
1415,20.88671875
1416,14.2294921875
1417,-30.4248046875
1418,-6.729736328125
1419,22.79052734375
1420,10.292236328125
1421,16.616455078125
1422,-0.9873046875
1423,19.960205078125
1424,6.38134765625
1425,-3.284423828125
1426,-3.451171875
1427,35.929443359375
1428,14.560791015625002
1429,-2.713134765625
1430,3.568603515625
1431,25.09130859375
1432,14.658935546875
1433,5.42724609375
1434,2.696044921875
1435,17.284912109375
1436,16.410888671875
1437,5.36328125
1438,1.212646484375
1439,2.5263671875000004
1440,4.98876953125
1441,3.09423828125
1442,-12.33740234375
1443,-11.572265625
1444,9.797607421875
1445,11.654296875
1446,-15.98974609375
1447,-14.246826171875
1448,3.495361328125
1449,14.813232421875
1450,-3.370361328125
1451,85.947265625
1452,74.192138671875
1453,29.485107421875
1454,0.022705078125
1455,84.935791015625
1456,81.33251953125001
1457,2.71826171875
1458,-0.6748046875000002
1459,5.013671875000001
1460,36.038330078125
1461,0.7397460937499998
1462,15.78564453125
1463,1.06396484375
1464,37.09326171875
1465,-2.752685546875
1466,13.687744140625
1467,-1.06298828125
1468,-12.820800781250002
1469,52.61376953125
1470,56.122802734375
1471,-16.911865234375
1472,-12.255615234375
1473,48.021484375
1474,49.873291015625
1475,4.025390625
1476,-14.952392578125
1477,-13.858886718749998
1478,31.758056640625
1479,59.149169921875
1480,-1.03369140625
1481,28.761474609375
1482,29.321044921875
1483,59.62060546874999
1484,-2.85546875
1485,-17.4111328125
1486,1.797607421875
1487,-0.5947265625
1488,-2.14599609375
1489,18.162353515625
1490,3.6962890624999996
1491,-0.3251953125
1492,-3.787841796875
1493,-20.583251953125
1494,2.1787109375
1495,11.621826171875
1496,-8.58447265625
1497,-2.95849609375
1498,22.330810546875
1499,15.984375
1500,-9.889892578125
1501,-2.71875
1502,8.0302734375
1503,21.614990234375
1504,-0.016357421875
1505,-5.455810546875
1506,14.111572265625
1507,-2.33984375
1508,-7.838134765625
1509,-9.016357421875
1510,15.4970703125
1511,1.011962890625
1512,7.9599609375
1513,11.2724609375
1514,-0.4541015625
1515,-0.240234375
1516,-2.353271484375
1517,2.1494140625
1518,-2.093994140625
1519,4.3134765625
1520,8.616455078125
1521,6.714599609374999
1522,56.361083984375
1523,2.9008789062499973
1524,-1.9699707031250009
1525,35.31298828125
1526,62.708251953125
1527,1.450927734374999
1528,-1.4943847656250027
1529,18.522705078125
1530,64.491943359375
1531,-34.665283203125
1532,104.38232421875
1533,52.78076171875
1534,110.3740234375
1535,105.053955078125
1536,94.770751953125
1537,52.60375976562501
1538,-16.271484375
1539,-14.19091796875
1540,-14.322998046875
1541,14.413574218749998
1542,1.956298828125
1543,7.25390625
1544,3.603515625
1545,12.021240234375
1546,8.307861328125
1547,0.385009765625
1548,0.20263671875
1549,64.911376953125
1550,-12.109619140625
1551,-23.343017578125
1552,-4.549560546875
1553,57.65502929687501
1554,-13.405517578125
1555,-21.181396484375
1556,69.481201171875
1557,56.3896484375
1558,-12.795166015625002
1559,-2.404052734375
1560,3.284912109375
1561,13.379150390625
1562,-11.248291015625002
1563,-6.289306640625001
1564,2.306884765625
1565,-0.36059570312499983
1566,-11.757080078125
1567,-27.939697265625004
1568,5.33447265625
1569,4.25537109375
1570,-11.455322265625
1571,-24.656982421875
1572,7.739501953125
1573,4.37353515625
1574,-0.3901367187499999
1575,-25.066162109375
1576,-12.341796875
1577,5.4130859375
1578,8.17822265625
1579,-6.581298828125
1580,-12.3681640625
1581,8.67431640625
1582,4.3134765625
1583,1.279052734375
1584,-17.10546875
1585,8.969970703125
1586,-1.1762695312499998
1587,-8.242431640625
1588,-30.14111328125
1589,11.394775390625
1590,-3.283203125
1591,-9.09912109375
1592,30.01708984375
1593,6.79150390625
1594,38.267822265625
1595,-0.93017578125
1596,5.396484375000001
1597,12.188232421875
1598,30.554443359375
1599,5.855712890625001
1600,6.973876953125
1601,1.931396484375
1602,23.780029296875
1603,25.36376953125
1604,16.14453125
1605,10.046875
1606,15.92333984375
1607,20.9638671875
1608,18.571044921875
1609,10.927490234375
1610,-6.701171875000001
1611,8.771728515625
1612,-1.6860351562499998
1613,-1.7817382812499998
1614,-6.59716796875
1615,-2.11181640625
1616,0.97900390625
1617,2.3881835937499996
1618,-9.199462890625
1619,27.438232421875
1620,25.763427734374996
1621,-5.236328124999999
1622,60.13232421875
1623,9.64208984375
1624,8.727783203125
1625,15.197998046875
1626,61.677978515625
1627,5.478271484375
1628,27.868408203124996
1629,-9.167236328125
1630,-0.096435546875
1631,-18.513671875
1632,-14.02001953125
1633,6.92236328125
1634,4.833984375000001
1635,-13.6533203125
1636,-11.864990234375
1637,-2.7255859375000004
1638,-1.6694335937500002
1639,-33.798828125
1640,26.031494140625
1641,7.440185546875
1642,55.955322265625
1643,-15.31884765625
1644,27.165771484375
1645,8.870361328125
1646,-29.826904296875
1647,-13.4267578125
1648,-11.890380859375
1649,-17.115234375
1650,-8.5439453125
1651,2.41796875
1652,0.440185546875
1653,-14.830810546875
1654,-6.1845703125
1655,-4.239501953125
1656,-5.703857421875
1657,-7.9599609375
1658,-15.183593750000002
1659,1.322509765625
1660,2.559326171875
1661,16.03466796875
1662,-16.531982421875
1663,-2.098876953125
1664,17.072509765625
1665,8.9697265625
1666,8.451416015625
1667,6.6689453125
1668,4.865478515625
1669,5.297607421875
1670,13.939208984374998
1671,7.136474609374999
1672,5.86865234375
1673,-14.284912109375
1674,17.01611328125
1675,9.55615234375
1676,-1.462646484375
1677,-10.749755859375
1678,37.888427734375
1679,14.762451171875
1680,-7.9501953125
1681,-5.8935546875
1682,0.13964843750000006
1683,16.283203125
1684,6.474609375000001
1685,-8.862060546875
1686,-6.16845703125
1687,-12.143310546875
1688,-1.9243164062500004
1689,-16.44091796875
1690,-4.9970703125
1691,-5.1572265625
1692,-3.46484375
1693,19.929687500000004
1694,-3.62255859375
1695,-9.75439453125
1696,26.499755859375
1697,24.550537109375
1698,-8.07080078125
1699,-7.858642578125
1700,-7.797119140625001
1701,15.4853515625
1702,11.120361328125
1703,-3.416259765625
1704,1.853515625
1705,-0.9169921875
1706,-5.504150390625001
1707,4.57421875
1708,2.854248046875
1709,2.55859375
1710,7.86865234375
1711,17.9189453125
1712,-33.489990234375
1713,-32.4462890625
1714,14.046386718749998
1715,27.090576171875
1716,-26.98876953125
1717,-30.155517578125
1718,-3.94580078125
1719,37.545166015625
1720,6.691650390625001
1721,-16.021240234375
1722,25.5673828125
1723,0.425537109375
1724,-13.2734375
1725,-13.005615234375
1726,27.294677734374996
1727,-5.293212890625001
1728,-16.462158203125
1729,9.509765625
1730,39.484619140625
1731,85.992431640625
1732,-19.591796875
1733,-15.607666015625002
1734,34.6044921875
1735,81.96875000000001
1736,-4.82470703125
1737,-1.262451171875
1738,29.094726562500004
1739,-17.7421875
1740,-17.3837890625
1741,13.499511718749998
1742,3.621337890625
1743,-21.270751953125
1744,-23.145751953125
1745,4.27392578125
1746,3.2861328124999996
1747,-8.219482421875
1748,29.943359375
1749,22.65185546875
1750,34.414794921875
1751,30.53662109375
1752,29.244384765625
1753,22.34912109375
1754,-3.93896484375
1755,0.34716796875
1756,-9.456298828125
1757,116.321044921875
1758,42.62646484375
1759,-12.279541015625002
1760,9.883544921875
1761,118.046142578125
1762,37.43994140625
1763,69.250244140625
1764,-22.61669921875
1765,-7.461181640625001
1766,-10.069091796875
1767,5.01025390625
1768,-6.4482421875
1769,-3.864990234375
1770,-10.05126953125
1771,8.41455078125
1772,4.133056640625
1773,-11.4140625
1774,-15.540771484374998
1775,-4.3447265625
1776,-1.4140625
1777,15.46728515625
1778,16.83837890625
1779,-3.63330078125
1780,2.053955078125
1781,-11.032958984374998
1782,-11.18896484375
1783,-7.793701171875
1784,18.1748046875
1785,20.34521484375
1786,107.75073242187501
1787,77.38330078125
1788,12.325927734375
1789,17.644775390625
1790,-18.628417968749996
1791,-15.599365234375
1792,17.7216796875
1793,-40.339599609375
1794,-28.35302734375
1795,11.494140625
1796,8.93896484375
1797,-33.407958984375
1798,-33.109619140625
1799,22.06982421875
1800,18.494384765625
1801,19.974609375
1802,4.705322265625
1803,-10.57568359375
1804,-2.9462890624999996
1805,19.173095703125
1806,5.968994140625001
1807,-6.74755859375
1808,18.17041015625
1809,33.879150390625
1810,-25.450927734374996
1811,12.346435546875
1812,47.991943359375
1813,-11.400146484374998
1814,-18.705810546875
1815,1.291259765625
1816,46.039794921875
1817,5.60009765625
1818,-36.0244140625
1819,0.7619628906249999
1820,10.537353515625002
1821,7.813232421875
1822,7.4013671875
1823,0.6374511718750002
1824,6.387451171875
1825,6.01513671875
1826,-3.8369140624999996
1827,-1.3037109375
1828,25.204833984375
1829,45.844482421875
1830,9.52880859375
1831,-1.919921875
1832,-29.91748046875
1833,47.87646484375
1834,0.8017578125
1835,5.395751953125
1836,8.231689453125
1837,11.25341796875
1838,26.9404296875
1839,6.35302734375
1840,11.24462890625
1841,10.22900390625
1842,25.854248046875
1843,5.5205078125
1844,77.857177734375
1845,35.788818359375
1846,1.5087890625
1847,-0.31787109375
1848,4.64404296875
1849,0.211181640625
1850,5.294677734375
1851,0.019531250000000056
1852,-1.992919921875
1853,-1.4995117187500002
1854,7.167724609374999
1855,9.536865234375
1856,6.861328124999999
1857,-1.8764648437500002
1858,-20.96923828125
1859,1.13134765625
1860,3.125732421875
1861,-0.4345703125
1862,33.386962890625
1863,-12.374267578125
1864,5.02783203125
1865,-11.9609375
1866,-4.3388671875
1867,3.3107910156249996
1868,-21.161376953125
1869,-18.70751953125
1870,-6.24560546875
1871,11.607177734375
1872,-4.098388671875
1873,7.6064453125
1874,11.289794921875
1875,15.9609375
1876,-0.4179687499999999
1877,1.320556640625
1878,15.633300781250002
1879,20.45166015625
1880,8.588134765625
1881,10.772949218749998
1882,14.737060546875
1883,-22.158203125
1884,-11.532958984374998
1885,-7.06005859375
1886,11.05029296875
1887,-25.502685546875
1888,-10.9462890625
1889,-11.700927734375
1890,8.185791015625
1891,44.18115234375
1892,-14.3310546875
1893,-16.188232421875
1894,13.1142578125
1895,-3.36376953125
1896,-14.198974609375
1897,-14.76318359375
1898,75.404296875
1899,25.444091796875004
1900,41.7802734375
1901,-2.0202636718750004
1902,-7.71435546875
1903,11.450927734375
1904,42.24462890625
1905,-6.73974609375
1906,-4.84716796875
1907,82.682373046875
1908,37.7978515625
1909,2.652099609375
1910,0.02880859375
1911,-2.208740234375
1912,5.641845703125
1913,7.3466796875
1914,3.24365234375
1915,2.97900390625
1916,30.717041015625
1917,3.442138671875
1918,-8.94140625
1919,-8.19482421875
1920,14.250488281250002
1921,23.679687500000004
1922,-0.6584472656250002
1923,-2.18603515625
1924,11.282470703125
1925,-12.336425781250002
1926,29.638916015625
1927,32.88330078125
1928,-25.542236328125
1929,-24.580322265625004
1930,124.471435546875
1931,28.063720703125
1932,-28.88134765625
1933,-25.03271484375
1934,34.633544921875
1935,39.67626953125
1936,0.468505859375
1937,33.254638671875
1938,-7.624755859374999
1939,6.670654296875
1940,10.813720703125
1941,36.80078125
1942,-11.7666015625
1943,7.2099609375
1944,12.007568359375
1945,35.98046874999999
1946,-11.133300781250002
1947,36.83544921875
1948,-7.74365234375
1949,10.962646484374998
1950,-6.35107421875
1951,37.898193359375
1952,43.6015625
1953,-30.987304687500007
1954,4.13916015625
1955,-11.222412109375
1956,37.077392578125
1957,-4.479248046875
1958,-11.2294921875
1959,-10.504638671875
1960,28.863525390625
1961,-33.99560546875
1962,-43.46875
1963,38.45556640624999
1964,-1.943603515625
1965,-6.01806640625
1966,-1.7163085937500002
1967,12.731201171875
1968,-4.5380859375
1969,-11.811767578125
1970,94.05908203125
1971,15.044677734375
1972,-25.913330078125
1973,20.418212890625
1974,-10.0751953125
1975,66.977294921875
1976,31.762939453125
1977,22.952880859375
1978,-7.4736328125
1979,-14.9091796875
1980,-6.5234375
1981,10.651123046875
1982,-5.8994140625
1983,-8.042724609375
1984,-9.762451171875
1985,6.513427734375
1986,-9.492675781250002
1987,-7.640869140625001
1988,-19.53662109375
1989,7.8154296875
1990,-11.9794921875
1991,4.324462890625
1992,-2.6455078124999996
1993,-5.94140625
1994,-19.722900390625
1995,0.87255859375
1996,-1.6591796875
1997,12.75537109375
1998,-14.267333984374998
1999,-15.701416015625002
2000,4.983154296875
2001,-1.065185546875
2002,19.521484375
2003,-19.817138671875
2004,4.495849609375
2005,0.216796875
2006,41.08447265625
2007,9.4375
2008,-4.32275390625
2009,18.891357421875
2010,29.4375
2011,-8.850341796875
2012,-19.82373046875
2013,17.60302734375
2014,31.926025390625
2015,-22.670654296875
2016,-7.109619140625001
2017,46.69750976562501
2018,-12.015625
2019,102.2509765625
2020,-13.50341796875
2021,-6.374755859374999
2022,-15.242675781250002
2023,105.05908203125
2024,36.90478515625
2025,53.97900390625
2026,-14.429443359375
2027,21.967041015625
2028,16.530029296875
2029,-9.208984375
2030,-0.080078125
2031,21.107421875
2032,10.76123046875
2033,31.273437500000004
2034,38.750732421875
2035,19.244873046875
2036,-4.228759765625
2037,-5.381103515625
2038,-10.8740234375
2039,19.190673828125
2040,-3.02978515625
2041,-6.054931640625001
2042,-13.41650390625
2043,19.35546875
2044,15.39697265625
2045,3.054443359375
2046,6.997314453125
2047,-12.697509765625
2048,4.4853515625
2049,3.742431640625
2050,6.825927734375
2051,-2.769775390625
2052,38.90747070312499
2053,9.800781249999998
2054,24.601318359375
2055,28.826904296875
2056,52.827392578125
2057,-10.288330078125
2058,23.41015625
2059,32.23486328125
2060,-16.234130859375
2061,120.3984375
2062,51.343994140625
2063,26.802978515625
2064,29.68359375
2065,-51.6298828125
2066,61.55224609375
2067,24.6591796875
2068,22.0283203125
2069,42.0185546875
2070,11.463623046875
2071,0.7858886718750001
2072,5.880859375000001
2073,-6.99609375
2074,11.087158203125
2075,5.69775390625
2076,5.02783203125
2077,-5.6025390625
2078,6.27294921875
2079,4.931396484375
2080,-34.134521484375
2081,25.844970703125
2082,81.800048828125
2083,-2.212158203125
2084,1.6164550781249991
2085,30.87646484375
2086,84.37548828125
2087,-28.929931640625
2088,-37.49072265625
2089,-4.684814453125
2090,18.8642578125
2091,12.572998046875
2092,20.536376953125
2093,-8.10546875
2094,14.855224609375
2095,9.2470703125
2096,22.251953125
2097,-17.828125
2098,9.385498046875
2099,10.945556640625
2100,2.0166015625
2101,1.533203125
2102,-0.41796875
2103,2.509033203125
2104,0.7233886718750001
2105,0.401123046875
2106,-27.4326171875
2107,-18.850341796875004
2108,2.064208984375
2109,2.92236328125
2110,4.242431640625
2111,-23.6357421875
2112,4.373779296875
2113,0.9560546875
2114,-4.60888671875
2115,-23.724609375
2116,-8.322021484375
2117,5.599365234375
2118,-1.4145507812499998
2119,21.762451171875
2120,1.340576171875
2121,9.60400390625
2122,-9.37841796875
2123,-4.012939453125
2124,12.953125
2125,1.84765625
2126,-6.803955078125
2127,-10.86572265625
2128,12.41943359375
2129,-3.7666015624999996
2130,-7.220458984375
2131,-9.766357421875
2132,5.6650390625
2133,-6.677978515625
2134,19.300292968749996
2135,8.44091796875
2136,4.73779296875
2137,75.458251953125
2138,18.32666015625
2139,5.6494140625
2140,0.8908691406250002
2141,-1.405029296875
2142,25.160400390625
2143,18.3466796875
2144,-19.5224609375
2145,-10.96435546875
2146,8.1796875
2147,19.147216796875004
2148,-16.5693359375
2149,-12.454833984374998
2150,-0.6784667968749998
2151,12.21875
2152,25.987548828125
2153,12.307373046875
2154,-6.65087890625
2155,29.175048828125
2156,8.22314453125
2157,13.310302734375
2158,-6.4111328125
2159,22.400634765625
2160,9.810546875
2161,28.148193359375
2162,-9.62939453125
2163,-15.50537109375
2164,9.049072265625
2165,13.78759765625
2166,-6.16845703125
2167,-9.057861328125
2168,14.9140625
2169,15.05126953125
2170,1.3457031250000007
2171,64.476806640625
2172,72.443359375
2173,-18.822509765625
2174,7.02001953125
2175,60.785888671875
2176,68.6640625
2177,-13.489990234375
2178,3.23291015625
2179,-14.2421875
2180,46.9248046875
2181,52.11767578125
2182,-23.146728515625
2183,-22.229736328125
2184,48.323486328125
2185,47.32666015625
2186,56.79541015625
2187,60.254638671875
2188,7.010986328125
2189,21.505126953125
2190,7.72412109375
2191,-3.9931640624999996
2192,2.165771484375
2193,26.5673828125
2194,4.306640625
2195,-11.35009765625
2196,-4.057861328125
2197,7.78759765625
2198,2.32177734375
2199,1.3530273437500002
2200,-5.336669921875
2201,12.3115234375
2202,1.158203125
2203,0.20336914062500022
2204,-9.916259765625
2205,4.610595703125
2206,100.86181640625
2207,41.092041015625
2208,-16.36279296875
2209,50.2109375
2210,14.852050781250002
2211,38.496826171875
2212,-15.445068359375
2213,52.986572265625
2214,72.968505859375
2215,65.388427734375
2216,-25.5341796875
2217,27.067138671875
2218,22.3525390625
2219,45.91357421875
2220,-20.78759765625
2221,22.5087890625
2222,36.591552734375
2223,-10.101806640625
2224,-9.8564453125
2225,89.31811523437499
2226,44.23291015625
2227,-9.028076171875
2228,-6.44091796875
2229,93.198974609375
2230,43.306884765625
2231,89.71875000000001
2232,24.802734375
2233,-1.837646484375
2234,-0.044189453125
2235,6.736328124999999
2236,-5.06640625
2237,1.14794921875
2238,-3.502685546875
2239,1.437255859375
2240,3.756103515625
2241,-0.330810546875
2242,3.87548828125
2243,0.4267578125
2244,16.679931640625
2245,-21.29150390625
2246,5.71630859375
2247,-1.076904296875
2248,14.492919921875
2249,-0.73583984375
2250,1.2353515625
2251,5.0205078125
2252,44.0859375
2253,76.508544921875
2254,-2.0390625
2255,15.968505859375
2256,52.27880859375
2257,69.476806640625
2258,-1.9887695312499998
2259,-8.728271484375
2260,20.455810546875
2261,6.240478515625
2262,1.461669921875
2263,-3.844482421875
2264,16.186767578125
2265,10.511962890625
2266,-1.734619140625
2267,23.233398437499996
2268,13.090576171875
2269,-2.456787109375
2270,21.6142578125
2271,9.259765625
2272,-14.606201171875
2273,-2.79931640625
2274,20.026123046875
2275,6.901611328125
2276,-14.136962890625
2277,-5.363525390625001
2278,69.96484375
2279,-13.102050781250002
2280,-7.401611328125001
2281,-9.300781249999998
2282,35.805908203125
2283,-15.047363281250002
2284,-7.113525390625001
2285,-26.180908203124996
2286,38.02441406250001
2287,-1.1635742187500002
2288,-9.958984375
2289,11.8251953125
2290,-0.8122558593750001
2291,14.14599609375
2292,-3.62890625
2293,14.681884765625
2294,1.4213867187500002
2295,11.06787109375
2296,20.50439453125
2297,-49.06396484375
2298,-17.831787109375
2299,-14.637939453125
2300,15.464599609375
2301,-50.99877929687501
2302,-17.708984375
2303,14.200927734375
2304,9.6474609375
2305,14.744873046875
2306,74.30688476562501
2307,69.1162109375
2308,-13.5908203125
2309,-13.324462890625
2310,73.255615234375
2311,57.821044921875
2312,11.1484375
2313,14.389892578125
2314,7.258056640625001
2315,47.4814453125
2316,-9.850341796875
2317,14.810302734375
2318,16.8671875
2319,47.30566406250001
2320,-10.4013671875
2321,-5.843017578125
2322,-0.60888671875
2323,-26.39111328125
2324,41.694580078125
2325,40.801025390625
2326,-0.0947265625
2327,-33.5947265625
2328,34.827880859375
2329,51.85400390625
2330,5.963378906249998
2331,-32.303466796875
2332,-18.593994140625
2333,80.38061523437499
2334,53.4169921875
2335,-46.381103515625
2336,-44.92333984375
2337,78.649658203125
2338,51.96630859375
2339,-11.030029296875
2340,-13.121337890625
2341,-37.2978515625
2342,4.5126953125
2343,2.27099609375
2344,16.513916015625
2345,-12.680908203125
2346,11.4833984375
2347,3.9052734375000004
2348,5.278564453125
2349,-19.712890625
2350,-20.078857421875
2351,24.384033203124996
2352,43.04638671875
2353,-9.584716796875
2354,-17.171142578125
2355,31.42236328125
2356,45.21752929687501
2357,-57.0400390625
2358,-20.74462890625
2359,15.220703125
2360,-7.553955078125
2361,2.714111328125
2362,-0.461669921875
2363,0.38037109375
2364,-7.277587890625001
2365,4.326171875
2366,8.469482421875
2367,2.697265625
2368,-18.14501953125
2369,2.0712890625
2370,29.102783203124996
2371,-15.171630859375
2372,7.31640625
2373,2.649658203125
2374,33.62060546875
2375,14.170654296875
2376,13.596923828125
2377,6.438232421875
2378,1.627685546875
2379,4.120361328125
2380,6.752197265625
2381,11.2861328125
2382,-0.6076660156249999
2383,-1.275634765625
2384,9.366455078125
2385,5.345947265625
2386,-6.401123046875
2387,-14.1552734375
2388,27.550048828125
2389,3.16943359375
2390,-19.990478515625
2391,-12.2333984375
2392,23.76513671875
2393,-14.652343750000002
2394,-2.46435546875
2395,8.5322265625
2396,27.640869140625
2397,21.16748046875
2398,10.20458984375
2399,-8.969970703125
2400,26.113037109375
2401,15.009765625
2402,5.19921875
2403,-14.0634765625
2404,-29.983398437499996
2405,21.501220703125
2406,106.89086914062501
2407,-30.24609375
2408,-5.263427734375001
2409,23.3505859375
2410,106.25
2411,-6.847412109375001
2412,10.4892578125
2413,-0.39428710937500044
2414,97.26513671875001
2415,100.128662109375
2416,-43.278076171875
2417,-7.877685546875
2418,95.998291015625
2419,104.943359375
2420,-12.85400390625
2421,0.6999511718750008
2422,11.05224609375
2423,12.621093750000002
2424,22.742187500000004
2425,2.115234375
2426,6.599853515625
2427,14.946044921875
2428,18.0390625
2429,-11.32373046875
2430,11.7177734375
2431,8.59130859375
2432,-28.215332031250004
2433,-31.771240234375
2434,18.462646484375
2435,-10.081787109375
2436,-25.286376953125
2437,-32.0986328125
2438,-10.5322265625
2439,-8.4306640625
2440,-24.607177734374996
2441,55.104248046875
2442,64.671630859375
2443,-3.5771484375000004
2444,-25.515380859375
2445,60.60620117187499
2446,63.75244140625
2447,-48.289306640625
2448,-25.158447265625004
2449,-11.777099609375
2450,9.714111328125
2451,27.73828125
2452,-8.53173828125
2453,-30.54296875
2454,9.723388671875
2455,26.56884765625
2456,-12.7197265625
2457,-8.759033203125
2458,76.612548828125
2459,-17.16015625
2460,-7.8935546875
2461,10.258056640625
2462,79.873291015625
2463,-5.6342773437500036
2464,-8.54296875
2465,25.32861328125
2466,70.395751953125
2467,-16.482421875
2468,-9.683593750000002
2469,-8.112548828125
2470,16.989013671875
2471,-20.213623046875
2472,-9.3837890625
2473,-6.435791015625
2474,5.810546874999999
2475,-19.684326171875
2476,-10.033203125
2477,106.432373046875
2478,7.520263671875
2479,110.075439453125
2480,73.72509765625
2481,103.23315429687501
2482,8.919921875
2483,-32.144287109375
2484,-50.74243164062499
2485,20.42236328125
2486,-9.157470703125
2487,0.81103515625
2488,-1.809326171875
2489,12.48779296875
2490,-8.09814453125
2491,-2.031982421875
2492,48.419921875
2493,12.567626953125
2494,3.339599609375
2495,2.45361328125
2496,-2.28857421875
2497,12.240966796875
2498,7.1298828125
2499,-3.594970703125
2500,-7.2353515625
2501,27.80078125
2502,1.389892578125
2503,32.693603515625
2504,0.6413574218750001
2505,-64.672607421875
2506,12.63427734375
2507,27.76708984375
2508,2.549072265625
2509,-64.262939453125
2510,21.572021484375
2511,32.284423828125
2512,20.500732421875
2513,0.241943359375
2514,-8.2470703125
2515,21.273437500000004
2516,17.397216796875
2517,12.979736328125
2518,-11.271728515625002
2519,-1.011474609375
2520,14.620361328125
2521,11.133544921875
2522,-1.3481445312499998
2523,5.275390624999999
2524,56.170654296875
2525,10.617431640625
2526,-4.188720703125
2527,5.208984375000001
2528,-11.937988281250002
2529,14.40478515625
2530,1.8579101562499998
2531,5.990234375000001
2532,0.486328125
2533,4.804931640625001
2534,5.289794921875
2535,5.557373046875
2536,-4.6318359375
2537,14.736328125
2538,0.83447265625
2539,-17.33935546875
2540,-6.7021484375
2541,-1.9150390625
2542,2.602783203125
2543,14.505859375
2544,-2.50341796875
2545,-1.912109375
2546,3.406494140625
2547,-3.830322265625
2548,-27.261474609375
2549,114.49169921875
2550,116.59814453125
2551,10.56787109375
2552,-28.145263671875
2553,110.860595703125
2554,114.9091796875
2555,-21.158447265625004
2556,-22.529296875
2557,-15.61474609375
2558,61.77685546874999
2559,52.916748046875
2560,-6.329345703125
2561,-15.116455078125
2562,58.962890625
2563,53.275390625
2564,40.125732421875
2565,46.780517578125
2566,46.784423828125
2567,-30.11767578125
2568,-38.632080078125
2569,20.748291015625
2570,80.169189453125
2571,-31.556640625
2572,-45.610107421875
2573,137.970703125
2574,-34.967041015625
2575,-19.196533203124996
2576,26.673583984375
2577,30.096435546875
2578,132.047607421875
2579,-31.88134765625
2580,29.430908203124996
2581,24.853759765625
2582,-15.140380859375
2583,-13.11279296875
2584,-4.999267578125
2585,-0.263671875
2586,0.3188476562500001
2587,-2.171875
2588,19.715576171875
2589,-0.530029296875
2590,3.592041015625
2591,-17.678955078125
2592,-16.405517578125
2593,-13.312011718749998
2594,45.39794921875
2595,18.411865234375
2596,17.316162109375
2597,3.871826171875
2598,39.329345703125
2599,15.587646484374998
2600,17.19580078125
2601,89.61474609375
2602,3.804443359375
2603,-9.16796875
2604,-5.729736328125
2605,23.685546875
2606,-1.551025390625
2607,-6.330322265625
2608,-9.399169921875
2609,-25.821044921875
2610,5.639892578125
2611,8.30078125
2612,4.377685546875
2613,-31.14501953125
2614,0.9431152343750001
2615,5.719482421875
2616,8.52294921875
2617,-26.860595703125
2618,0.93994140625
2619,-5.135986328125
2620,12.403564453125
2621,20.999023437499996
2622,-13.478271484374998
2623,-57.713623046875
2624,72.356201171875
2625,26.300537109375
2626,-17.845458984375
2627,-9.43212890625
2628,-17.470458984375
2629,15.127685546875
2630,12.976074218749998
2631,1.67578125
2632,49.7626953125
2633,3.633544921875
2634,9.387451171875
2635,9.763427734375
2636,-16.696044921875
2637,18.53369140625
2638,-8.198486328125
2639,32.65771484375
2640,-8.34326171875
2641,1.740234375
2642,5.962890624999999
2643,29.05224609375
2644,-9.61572265625
2645,13.016357421875
2646,8.728759765625
2647,3.28515625
2648,-10.77587890625
2649,-2.454833984375
2650,7.06201171875
2651,-8.2392578125
2652,-16.97705078125
2653,-9.323974609375
2654,16.05908203125
2655,4.24560546875
2656,14.76904296875
2657,-9.694091796875
2658,-11.608642578125
2659,3.80322265625
2660,19.665283203124996
2661,-5.26806640625
2662,-11.460205078125
2663,76.770751953125
2664,22.85693359375
2665,-12.19873046875
2666,-18.669677734374996
2667,20.254638671875
2668,15.33349609375
2669,14.649169921875
2670,-24.145751953125
2671,30.091552734374996
2672,6.48876953125
2673,9.3564453125
2674,-19.733398437499996
2675,14.117919921875
2676,8.614501953125
2677,7.167236328125
2678,-15.6943359375
2679,11.188232421875
2680,5.30615234375
2681,-18.678466796875004
2682,-19.262451171875
2683,1.795166015625
2684,7.380859375000001
2685,0.7858886718750001
2686,-18.22412109375
2687,-11.786865234375
2688,6.1005859375
2689,6.80859375
2690,22.5986328125
2691,20.2880859375
2692,23.227294921875
2693,-21.512207031250004
2694,-21.498779296875
2695,0.634765625
2696,25.3564453125
2697,-22.149169921875
2698,-22.08203125
2699,1.364501953125
2700,19.10107421875
2701,12.9765625
2702,-9.421142578125
2703,-15.108642578125
2704,-18.406005859375
2705,-24.69189453125
2706,-12.7861328125
2707,-7.087890624999999
2708,-2.030517578125
2709,22.82080078125
2710,-70.92138671875
2711,-50.077392578125
2712,40.19970703125
2713,54.037109375
2714,52.06445312500001
2715,-50.214111328125
2716,40.0
2717,-25.339599609375
2718,-6.95263671875
2719,8.261962890625
2720,-32.9619140625
2721,8.214111328125
2722,37.259521484375
2723,29.177490234375
2724,-36.895751953125
2725,5.564453124999999
2726,1.5786132812499998
2727,-5.8408203125
2728,50.2666015625
2729,-0.34716796875
2730,21.843017578125
2731,20.059326171875
2732,19.912109375
2733,-1.162841796875
2734,22.6298828125
2735,88.7001953125
2736,-0.44970703125
2737,-16.667724609375
2738,24.649169921875
2739,22.052490234375
2740,0.8884277343750001
2741,-5.8359375
2742,21.544189453125
2743,23.155273437499996
2744,-2.725341796875
2745,-18.771240234375
2746,1.0458984375
2747,8.094970703125
2748,2.64892578125
2749,31.56201171875
2750,-2.846923828125
2751,15.50146484375
2752,3.173095703125
2753,3.50439453125
2754,26.642822265625004
2755,-0.5773925781249999
2756,3.726318359375
2757,-6.295654296875
2758,40.708984375
2759,-9.5341796875
2760,4.864013671875
2761,5.090576171875
2762,-11.628662109375
2763,13.722412109375
2764,14.3896484375
2765,7.992919921875
2766,-13.18212890625
2767,59.296630859375
2768,53.124755859375
2769,3.98486328125
2770,-15.089599609375
2771,-9.50439453125
2772,20.25537109375
2773,-1.2465820312499998
2774,-4.806884765625
2775,-28.637451171875
2776,6.277587890625001
2777,1.869873046875
2778,3.470947265625
2779,-22.664306640625
2780,0.400634765625
2781,59.6953125
2782,14.319580078125
2783,-9.765869140625
2784,-8.203857421875
2785,-56.440185546875
2786,35.574462890625
2787,-11.909423828125
2788,-8.946044921875
2789,52.37744140625
2790,35.0166015625
2791,16.055419921875
2792,-12.208740234375
2793,-15.321044921875
2794,5.798828124999999
2795,47.955078125
2796,-9.057373046875
2797,-14.71240234375
2798,7.600341796875
2799,52.565185546875
2800,-0.8454589843750001
2801,1.2631835937500002
2802,-6.8095703125
2803,9.73583984375
2804,18.04931640625
2805,-0.44189453125
2806,-6.85888671875
2807,3.6376953124999996
2808,2.759765625
2809,-27.449707031250004
2810,35.06591796875
2811,14.5830078125
2812,42.351806640625
2813,-6.6591796875
2814,30.989013671875
2815,18.400634765625
2816,17.43798828125
2817,-21.69189453125
2818,93.53930664062499
2819,97.280029296875
2820,-17.657958984375
2821,18.125244140625
2822,18.569091796875004
2823,94.77685546875
2824,-16.44384765625
2825,-18.277099609375
2826,-11.84130859375
2827,-66.372314453125
2828,43.3779296875
2829,22.918212890625
2830,50.25634765625
2831,-66.443603515625
2832,41.253662109375
2833,20.548583984375
2834,-6.087890624999999
2835,-79.195556640625
2836,23.40673828125
2837,-47.293212890625
2838,-24.280273437499996
2839,-23.802001953125
2840,47.5185546875
2841,-47.272705078125
2842,-24.37939453125
2843,40.008544921875
2844,27.188232421875
2845,-7.695556640625001
2846,-13.159912109375
2847,-6.076416015625
2848,-1.2001953125
2849,9.3525390625
2850,-10.768310546875
2851,-5.16748046875
2852,5.336669921875
2853,-2.595703125
2854,59.20458984375
2855,-18.26708984375
2856,-30.918457031250004
2857,-13.8828125
2858,143.617431640625
2859,-16.72509765625
2860,-27.0283203125
2861,99.5078125
2862,83.4716796875
2863,-1.820556640625
2864,23.204833984375
2865,16.9619140625
2866,-0.9013671875
2867,-16.125244140625
2868,27.424072265625004
2869,10.789306640625
2870,17.72021484375
2871,-9.53466796875
2872,75.962646484375
2873,12.690673828125
2874,9.968505859375
2875,41.383056640625
2876,41.022705078125
2877,9.450927734375
2878,10.619140625
2879,87.91748046874999
2880,-34.553955078125
2881,-9.59521484375
2882,0.549072265625
2883,-16.797607421875
2884,1.14453125
2885,8.76513671875
2886,6.434326171875
2887,-16.49560546875
2888,5.40771484375
2889,6.08154296875
2890,38.92187500000001
2891,-31.596923828125
2892,-3.154052734375
2893,9.90087890625
2894,63.26220703125
2895,-28.41455078125
2896,-4.610107421875
2897,3.748046875
2898,32.643798828125
2899,117.767333984375
2900,5.444335937499999
2901,4.006591796874998
2902,11.8720703125
2903,122.01684570312499
2904,6.524658203124998
2905,1.6586914062500009
2906,14.556884765625
2907,124.626708984375
2908,17.632080078125
2909,-1.635498046875
2910,-26.818115234375
2911,-13.183349609375
2912,-8.638671875
2913,-2.79638671875
2914,-20.60205078125
2915,-4.789306640625001
2916,-16.78955078125
2917,54.023193359375
2918,-8.437744140625
2919,-13.527587890625
2920,-7.134033203125
2921,12.1435546875
2922,-12.969970703125
2923,-18.021728515625
2924,20.686767578125
2925,14.32666015625
2926,20.990478515625
2927,-14.810791015625002
2928,-10.800537109375
2929,99.18188476562501
2930,20.406494140625
2931,-8.023193359375
2932,-9.452392578125
2933,1.258056640625
2934,31.58642578125
2935,-25.28955078125
2936,-4.28466796875
2937,26.213134765625
2938,-19.062744140625
2939,-23.203125
2940,-1.73828125
2941,26.8486328125
2942,-6.304931640625001
2943,6.34326171875
2944,-21.40771484375
2945,-3.641845703125
2946,20.133056640625
2947,-5.49658203125
2948,-9.77880859375
2949,-8.1953125
2950,19.710937500000004
2951,-6.75341796875
2952,-15.0771484375
2953,-1.0791015624999996
2954,-9.122314453125
2955,5.9248046875
2956,-4.55029296875
2957,1.7026367187500002
2958,-7.60302734375
2959,3.519287109375
2960,10.952636718749998
2961,17.549072265625
2962,3.150390625
2963,2.717529296875
2964,8.06396484375
2965,-7.719970703125
2966,18.8974609375
2967,8.426025390625
2968,6.042724609374999
2969,5.175048828125
2970,25.12451171875
2971,0.3388671875
2972,5.362548828125
2973,-4.835693359374999
2974,15.44091796875
2975,5.6953125
2976,-9.732177734375
2977,-2.56201171875
2978,-20.321044921875
2979,1.5786132812499998
2980,29.203369140625
2981,47.29736328125
2982,-31.554443359375
2983,62.55566406250001
2984,33.9853515625
2985,50.65502929687501
2986,-31.083984375
2987,2.669921875
2988,3.30615234375
2989,56.672607421875
2990,42.250732421875
2991,-23.647216796875004
2992,28.08935546875
2993,185.025390625
2994,36.906494140625
2995,-25.84326171875
2996,66.722412109375
2997,34.281494140625
2998,-7.813720703125
2999,15.154296875
3000,14.3681640625
3001,5.332763671875
3002,-4.84619140625
3003,19.499755859375
3004,15.368896484374998
3005,-8.979248046875
3006,-10.283935546875
3007,-2.416259765625
3008,-6.869873046875
3009,2.22900390625
3010,-0.487548828125
3011,-21.65625
3012,-7.241943359374999
3013,3.143310546875
3014,3.286376953125
3015,12.87353515625
3016,-8.18798828125
3017,18.7548828125
3018,-15.643310546875
3019,62.4111328125
3020,125.033203125
3021,28.738525390625
3022,-17.06591796875
3023,19.431884765625
3024,10.616943359375
3025,-0.2678222656249999
3026,17.249267578125
3027,21.283935546875
3028,-1.9519042968750002
3029,-4.28173828125
3030,17.2578125
3031,20.57958984375
3032,5.629638671875
3033,-7.5361328125
3034,-4.200927734375
3035,-1.765380859375
3036,7.533935546875
3037,-5.576171875000001
3038,-4.743896484375
3039,-1.7529296875
3040,7.075927734375
3041,6.356201171875
3042,-4.96728515625
3043,-5.870849609374999
3044,28.275390625
3045,61.52929687499999
3046,23.6435546875
3047,10.769531249999998
3048,30.85986328125
3049,59.9765625
3050,-16.377197265625
3051,-16.54345703125
3052,13.79833984375
3053,7.401123046875
3054,30.270263671875
3055,-22.140625
3056,-17.408447265625
3057,4.022216796875
3058,27.451416015625
3059,17.77294921875
3060,-13.427490234375
3061,129.992431640625
3062,28.084228515625
3063,7.144775390625001
3064,19.927490234375
3065,24.404296875
3066,23.314208984375
3067,6.280517578125
3068,17.96826171875
3069,4.05517578125
3070,-14.434814453125
3071,-8.993408203125
3072,66.075439453125
3073,-13.850830078125
3074,6.90380859375
3075,-10.934814453125
3076,61.48876953125
3077,18.511962890625
3078,-19.4873046875
3079,3.891845703125
3080,0.7922363281249999
3081,-0.405517578125
3082,0.9147949218750001
3083,-0.127197265625
3084,-0.010498046875
3085,-0.6423339843750001
3086,0.5788574218750001
3087,-0.209716796875
3088,5.466552734375
3089,-2.879150390625
3090,-6.61181640625
3091,-6.46875
3092,12.781005859375
3093,-7.80322265625
3094,-4.636474609374999
3095,7.466796875000001
3096,10.384765625
3097,-22.720947265625004
3098,-13.34228515625
3099,-3.390625
3100,109.78662109375
3101,-15.9873046875
3102,-14.030761718749998
3103,-4.655029296875
3104,-51.56591796875
3105,-12.945068359375
3106,17.35791015625
3107,-0.38916015625
3108,0.9597167968749996
3109,-0.11474609375
3110,18.914794921875
3111,-1.755126953125
3112,-6.85302734375
3113,0.365966796875
3114,12.058349609375
3115,33.27490234375
3116,-25.661376953125
3117,-13.753906249999998
3118,-6.274169921875
3119,38.017333984375
3120,-23.176025390625
3121,-14.191162109375
3122,44.794677734375
3123,50.984619140625
3124,24.012207031250004
3125,39.11499023437499
3126,-21.053955078125
3127,82.75537109375
3128,83.621337890625
3129,39.274658203125
3130,-20.163330078125
3131,18.05908203125
3132,27.713134765625
3133,-10.79052734375
3134,-11.147216796875
3135,-10.294189453125
3136,1.3779296875
3137,-6.2138671875
3138,-8.98681640625
3139,-10.076416015625002
3140,9.562744140625
3141,-12.085693359375
3142,2.521240234375
3143,-4.2646484375
3144,-3.807861328125
3145,1.488037109375
3146,4.706298828125
3147,-1.3188476562499998
3148,-5.923583984375
3149,5.269287109374999
3150,-1.539306640625
3151,-5.62548828125
3152,-7.62939453125
3153,-7.992919921875
3154,8.925048828125
3155,-1.6494140625
3156,0.6791992187500001
3157,-2.225341796875
3158,41.087646484375
3159,-4.774658203125
3160,11.802978515625002
3161,4.172607421875
3162,1.3564453125
3163,-6.122802734375
3164,8.045654296875
3165,-0.8330078125000003
3166,3.926025390625
3167,-0.7490234375
3168,21.9560546875
3169,15.744873046875
3170,11.358642578125
3171,-11.54931640625
3172,8.28564453125
3173,31.37646484375
3174,10.055419921875
3175,-11.411865234375
3176,-6.201416015625
3177,31.008056640625
3178,-1.332275390625
3179,-10.29345703125
3180,-10.679931640625
3181,1.4111328125
3182,9.04931640625
3183,-8.9482421875
3184,-4.77783203125
3185,7.9228515625
3186,16.58056640625
3187,-45.24951171875
3188,9.3359375
3189,55.72607421875
3190,-29.757812499999996
3191,-35.38330078125
3192,6.765380859374999
3193,57.3203125
3194,102.44873046875
3195,-37.284423828125
3196,-22.74072265625
3197,70.087890625
3198,4.119140625
3199,-67.435546875
3200,-57.38330078125
3201,74.734130859375
3202,4.192626953125
3203,77.330078125
3204,56.971435546875
3205,6.583740234375
3206,-7.490478515625
3207,-9.389404296875
3208,-32.457763671875
3209,-13.030761718749998
3210,-11.173583984374998
3211,-6.70849609375
3212,-5.000244140625001
3213,29.56298828125
3214,12.167236328125
3215,4.437255859375
3216,-11.436279296875
3217,34.08935546875
3218,14.023193359375
3219,10.41552734375
3220,-4.271728515625
3221,15.22314453125
3222,13.835449218749998
3223,-2.1962890625
3224,-11.023925781250002
3225,18.676513671875
3226,-1.058349609375
3227,-8.512451171875
3228,-8.322021484375
3229,11.65478515625
3230,0.7341308593750001
3231,-12.554199218749998
3232,12.420654296875
3233,8.44140625
3234,17.0009765625
3235,6.07421875
3236,-6.419189453125
3237,11.58056640625
3238,19.549072265625004
3239,0.103515625
3240,-9.238281249999998
3241,9.9501953125
3242,-0.178466796875
3243,-8.193359375
3244,59.14941406250001
3245,66.6513671875
3246,-1.4145507812499998
3247,-8.658935546875
3248,-9.369873046875
3249,5.0966796875
3250,9.233886718749998
3251,10.249755859375
3252,11.764404296875
3253,-4.054443359375
3254,-4.512939453125
3255,7.52880859375
3256,9.1328125
3257,-0.22900390625
3258,8.77490234375
3259,25.04248046875
3260,17.83154296875
3261,-19.00732421875
3262,-3.589599609375
3263,-7.3740234375
3264,17.14794921875
3265,-16.73974609375
3266,7.8779296875
3267,-1.547119140625
3268,20.1279296875
3269,-17.416748046875
3270,-19.421142578125
3271,16.6923828125
3272,12.220458984374998
3273,-13.139404296875
3274,-15.600341796875
3275,-3.288330078125
3276,29.51416015625
3277,23.505126953125
3278,20.87744140625
3279,2.3283691406250004
3280,-10.0673828125
3281,-5.78662109375
3282,22.035888671875
3283,3.13037109375
3284,-3.05615234375
3285,-5.727783203125
3286,-1.917724609375
3287,-1.7685546875
3288,-2.453369140625
3289,26.119384765625
3290,12.131103515625002
3291,4.069580078125
3292,0.2919921875
3293,8.27880859375
3294,13.928466796875
3295,-13.26025390625
3296,-7.312744140625001
3297,16.59814453125
3298,-2.95166015625
3299,5.670166015625
3300,-7.5859375
3301,25.726562499999996
3302,-0.5986328125
3303,10.015869140625
3304,63.41870117187499
3305,-12.320068359375
3306,4.05224609375
3307,37.43945312500001
3308,33.865234375
3309,-15.72314453125
3310,-0.400146484375
3311,6.820068359374999
3312,5.39453125
3313,30.056640625
3314,7.10107421875
3315,-13.6298828125
3316,2.67626953125
3317,4.45458984375
3318,4.827392578125
3319,-11.766113281250002
3320,-19.8251953125
3321,5.152099609374999
3322,178.510986328125
3323,42.615234375
3324,-13.279052734375
3325,37.119140625
3326,107.7392578125
3327,41.1044921875
3328,-15.13134765625
3329,-21.75244140625
3330,91.5439453125
3331,-11.73681640625
3332,-24.19482421875
3333,48.49243164062499
3334,-12.351318359375
3335,-12.550537109375
3336,-24.812744140625
3337,56.05810546874999
3338,43.9638671875
3339,41.55224609375
3340,12.7392578125
3341,11.023681640625
3342,5.145751953125
3343,-15.7001953125
3344,8.37646484375
3345,9.738037109375
3346,5.993408203125
3347,25.456298828125
3348,8.998291015625
3349,11.139892578125
3350,-12.172119140625
3351,-11.94287109375
3352,26.267822265625004
3353,1.395751953125
3354,-14.003906249999998
3355,-9.990966796875
3356,-0.6027832031249999
3357,93.32568359375
3358,-21.275390625
3359,84.1630859375
3360,17.79248046875
3361,-30.061523437499996
3362,30.9248046875
3363,87.23583984375
3364,19.78662109375
3365,-30.568115234375
3366,-27.04736328125
3367,-11.152099609375
3368,5.376220703125
3369,4.642578124999999
3370,-12.50927734375
3371,-8.283203125
3372,2.3676757812499996
3373,7.297607421875
3374,17.5947265625
3375,-5.703857421875
3376,6.8310546875
3377,14.798583984374998
3378,11.847656249999998
3379,15.878662109375
3380,13.606201171875
3381,14.998779296875
3382,19.032470703125
3383,8.085693359375
3384,14.450927734375
3385,16.697021484375
3386,-9.328125
3387,18.05615234375
3388,-15.145263671875
3389,-1.05615234375
3390,-12.301025390625
3391,17.370361328125
3392,-33.33740234375
3393,42.386962890625
3394,1.5048828125
3395,-4.61767578125
3396,-0.8698730468750001
3397,13.790771484374998
3398,18.806396484375
3399,-7.603515624999999
3400,-2.58740234375
3401,2.650146484375
3402,6.08984375
3403,2.8747558593749982
3404,-20.730957031250004
3405,71.400634765625
3406,-37.9296875
3407,-8.711181640625
3408,-20.79296875
3409,74.086181640625
3410,-32.070068359375
3411,-82.51171875
3412,-2.712646484375
3413,8.249755859375
3414,4.392822265625
3415,-11.341552734375
3416,0.393798828125
3417,0.082763671875
3418,-2.33154296875
3419,2.368896484375
3420,26.96923828125
3421,28.692626953125
3422,-6.744384765625
3423,-27.358154296875
3424,116.7900390625
3425,-42.23437500000001
3426,-10.2333984375
3427,-27.810546875
3428,-17.11865234375
3429,-1.820068359375
3430,-20.23828125
3431,25.294921875
3432,29.989990234375
3433,-12.622802734375
3434,-11.926025390625
3435,35.352783203125
3436,29.680908203124996
3437,-58.7998046875
3438,-4.847900390625001
3439,63.576904296875
3440,-0.08837890625000178
3441,3.4145507812500004
3442,115.937255859375
3443,56.881591796875
3444,1.0649414062499996
3445,-2.551513671875
3446,12.49853515625
3447,66.779052734375
3448,31.56103515625
3449,26.427490234375
3450,-15.5966796875
3451,-3.30908203125
3452,10.1484375
3453,26.412353515625
3454,-18.70166015625
3455,63.928466796875
3456,34.518310546875
3457,-7.28173828125
3458,0.449951171875
3459,-5.728759765625
3460,35.304931640625
3461,1.6362304687500004
3462,-4.987060546875
3463,-5.144287109374999
3464,2.92626953125
3465,-6.27294921875
3466,2.158935546875
3467,-0.6350097656249999
3468,-12.219970703125
3469,4.4599609375
3470,-0.487548828125
3471,5.98095703125
3472,-8.646484375
3473,23.575439453125
3474,1.593994140625
3475,-6.692626953125
3476,-6.918701171875
3477,-6.555908203125
3478,5.39453125
3479,-6.070556640625001
3480,-11.244873046875
3481,-8.26318359375
3482,-8.154296875
3483,-12.1298828125
3484,-45.7158203125
3485,-9.357177734375
3486,-6.888671875000001
3487,12.81494140625
3488,-27.05419921875
3489,-9.57177734375
3490,-4.910400390625001
3491,26.23193359375
3492,-43.664794921875
3493,4.470947265625
3494,4.44384765625
3495,-6.164306640625001
3496,12.046142578125
3497,-1.169921875
3498,5.80859375
3499,0.1748046875
3500,-2.2890625
3501,11.661865234375
3502,-7.089599609374999
3503,9.4580078125
3504,6.93994140625
3505,-5.07177734375
3506,-17.735595703125
3507,9.153076171875
3508,8.91943359375
3509,-7.518798828125
3510,-6.328857421875
3511,11.25244140625
3512,-11.488037109375
3513,56.74755859375
3514,8.190673828125
3515,12.74560546875
3516,-11.4140625
3517,58.286376953125
3518,-11.736083984374998
3519,-9.531005859375
3520,25.323486328125
3521,37.587158203125
3522,-8.505126953125
3523,58.88623046875
3524,81.5029296875
3525,41.12377929687501
3526,-8.290283203125
3527,-4.671142578125
3528,2.893310546875
3529,-0.7805175781249999
3530,7.88037109375
3531,-13.3271484375
3532,11.35400390625
3533,19.078369140625
3534,5.169921875000001
3535,-12.9560546875
3536,20.402832031250004
3537,21.420166015625
3538,26.958251953125
3539,6.549560546875
3540,2.4814453124999996
3541,-8.585205078125
3542,17.3115234375
3543,8.454833984375
3544,-2.96240234375
3545,14.84033203125
3546,16.50732421875
3547,-20.9326171875
3548,-20.692138671875
3549,25.593994140625
3550,-0.7478027343750001
3551,-2.80078125
3552,-18.080078125
3553,33.076416015625
3554,-7.8427734375
3555,0.39111328125
3556,1.507568359375
3557,18.6650390625
3558,6.640869140625001
3559,33.1552734375
3560,0.183349609375
3561,12.06396484375
3562,15.31494140625
3563,-10.8564453125
3564,3.57763671875
3565,-34.3603515625
3566,-10.417724609375
3567,93.19921875
3568,-32.749755859375
3569,-36.403076171875
3570,-8.648193359375
3571,88.68603515625
3572,-2.122802734375
3573,-5.810791015625
3574,-25.09375
3575,2.83740234375
3576,5.630615234375
3577,-3.959228515625
3578,-16.47705078125
3579,7.36474609375
3580,6.212646484375
3581,-2.215087890625
3582,-22.727294921875
3583,15.355468750000002
3584,-69.523193359375
3585,-66.39697265625
3586,-7.759521484375
3587,17.044921875
3588,-69.81396484375
3589,-72.424072265625
3590,16.735107421875
3591,22.102294921875
3592,22.126953125
3593,14.669677734375
3594,46.085693359375
3595,21.529541015625
3596,-12.2021484375
3597,13.837158203125
3598,40.21728515625
3599,-5.941162109374999
3600,59.9736328125
3601,8.2998046875
3602,-10.106201171875
3603,-3.04443359375
3604,4.910400390625001
3605,18.531005859375
3606,-2.259277343750001
3607,-2.1748046875
3608,21.253662109375
3609,11.5380859375
3610,99.906982421875
3611,47.05004882812501
3612,77.948974609375
3613,58.137939453125
3614,67.13671875
3615,46.48974609375
3616,79.2958984375
3617,81.181396484375
3618,166.029296875
3619,6.369140624999999
3620,9.0634765625
3621,4.636962890625001
3622,0.110107421875
3623,-3.97216796875
3624,5.5791015625
3625,4.97900390625
3626,-5.96240234375
3627,-6.1494140625
3628,129.78076171875
3629,-9.430419921875
3630,-17.770263671875
3631,-2.253417968750001
3632,141.621826171875
3633,-9.554199218749998
3634,-17.542236328125
3635,65.258056640625
3636,135.781982421875
3637,-3.689453125
3638,-12.663330078125
3639,-7.744873046875
3640,94.597900390625
3641,4.154541015625
3642,-10.1435546875
3643,-10.852050781250002
3644,-7.853515624999999
3645,0.00146484375
3646,-56.6572265625
3647,-46.605224609375
3648,35.33837890625
3649,-48.708251953125
3650,118.333251953125
3651,-46.046630859375
3652,33.30859375
3653,4.769775390625001
3654,-44.83056640624999
3655,3.96875
3656,33.179931640625
3657,1.656982421875
3658,-21.507080078125
3659,1.659912109375
3660,24.22998046875
3661,-5.0068359375
3662,-25.76025390625
3663,46.129150390625
3664,23.01953125
3665,-55.012939453125
3666,-19.692138671875
3667,2.0546875
3668,40.08251953125
3669,-55.324462890625
3670,-22.641601562500004
3671,19.33740234375
3672,5.546875
3673,-18.657958984375
3674,69.465087890625
3675,44.14892578125
3676,-3.91748046875
3677,-6.804931640625001
3678,70.73681640625
3679,49.136962890625
3680,-16.75439453125
3681,-2.154052734375
3682,18.146484375
3683,-39.408447265625
3684,-18.56201171875
3685,9.35400390625
3686,-0.459716796875
3687,-44.02368164062499
3688,-16.731201171875
3689,-17.732666015625
3690,43.562255859375
3691,-3.515625
3692,-7.173828124999999
3693,13.092041015625002
3694,-7.742431640625001
3695,-1.5458984375
3696,-7.374755859374999
3697,13.834716796875
3698,-12.645751953125
3699,-5.397216796875
3700,-14.683837890625
3701,17.676025390625
3702,18.484375
3703,4.40380859375
3704,-14.996337890625
3705,11.409912109375
3706,20.413818359375
3707,-1.175048828125
3708,-19.926513671875
3709,-13.02880859375
3710,32.3037109375
3711,32.60400390625
3712,12.72216796875
3713,8.209228515625
3714,29.813232421875
3715,31.661376953125
3716,-8.904296875
3717,-1.3989257812500004
3718,29.863037109375
3719,10.34619140625
3720,-5.739501953125
3721,-18.925537109375
3722,11.7373046875
3723,11.791015625
3724,-6.577392578125
3725,-14.37255859375
3726,45.896728515625
3727,-28.794677734374996
3728,6.516357421875
3729,-2.449462890625
3730,4.0537109375
3731,-42.204345703125
3732,7.5859375
3733,2.410888671875
3734,9.282470703125
3735,-10.427978515625002
3736,15.108886718749998
3737,99.36279296875
3738,98.865234375
3739,-12.112060546875
3740,3.1665039062499982
3741,102.39819335937501
3742,97.791015625
3743,16.729248046875
3744,1.6874999999999987
3745,0.2998046875
3746,-6.8095703125
3747,-5.339599609374999
3748,9.946044921875
3749,4.260498046875
3750,-8.152099609375
3751,-5.45263671875
3752,21.966796875
3753,18.999267578125
3754,6.0986328125
3755,-13.447021484374998
3756,-9.312011718749998
3757,63.776123046875
3758,6.330078124999999
3759,-7.980712890625001
3760,-9.5615234375
3761,-0.204833984375
3762,1.828369140625
3763,-1.391845703125
3764,-13.86083984375
3765,-2.2060546875
3766,-8.3369140625
3767,14.703857421875
3768,-14.312011718749998
3769,-2.31689453125
3770,-12.758056640625
3771,3.6103515624999996
3772,-8.898681640625
3773,-16.333251953125
3774,-25.065185546875
3775,18.09033203125
3776,-12.330810546875
3777,-17.864501953125
3778,-24.3623046875
3779,39.703857421875
3780,8.08740234375
3781,4.765869140625001
3782,32.7109375
3783,3.0693359375000004
3784,8.57861328125
3785,15.04248046875
3786,32.580810546875
3787,3.785400390625
3788,31.438232421875
3789,-30.583251953125
3790,18.542724609375
3791,-26.650634765625
3792,31.44287109375
3793,92.69140625000001
3794,-4.09326171875
3795,-22.0986328125
3796,32.484130859375
3797,20.2744140625
3798,18.738525390625
3799,-9.813720703125
3800,43.831787109375
3801,66.926513671875
3802,-2.33056640625
3803,-2.390625
3804,40.034423828125
3805,65.998046875
3806,-9.100341796875
3807,-4.734375
3808,3.63232421875
3809,-24.231201171875
3810,-21.8017578125
3811,2.76806640625
3812,27.13671875
3813,-26.455810546875
3814,-22.383056640625
3815,9.631591796875
3816,23.061523437499996
3817,26.79443359375
3818,-1.990966796875
3819,-8.91455078125
3820,9.898681640625
3821,24.101806640625
3822,-7.072998046875
3823,-7.25146484375
3824,66.89892578125
3825,17.5986328125
3826,15.595947265625
3827,-1.8608398437500002
3828,9.474853515625002
3829,25.47265625
3830,33.71142578125
3831,-4.226318359375
3832,11.792968750000002
3833,10.96533203125
3834,4.98486328125
3835,-13.3837890625
3836,38.328857421875
3837,97.1083984375
3838,-11.4990234375
3839,-9.42724609375
3840,41.890869140625
3841,97.057373046875
3842,24.129638671875
3843,-17.764404296875
3844,54.626708984375
3845,-17.297607421875
3846,8.12158203125
3847,11.482666015625002
3848,8.044677734375
3849,-16.472900390625
3850,11.460205078125
3851,23.22900390625
3852,139.8544921875
3853,-3.961669921875
3854,-36.89306640625
3855,-24.35009765625
3856,-44.08691406250001
3857,83.702880859375
3858,-35.054443359375
3859,-19.615478515625
3860,14.167236328125
3861,10.537109375
3862,4.30859375
3863,-0.611328125
3864,-3.36767578125
3865,-10.3359375
3866,1.9487304687500002
3867,-6.1552734375
3868,-6.85107421875
3869,78.869873046875
3870,83.123291015625
3871,-62.86254882812501
3872,62.293212890625
3873,77.887451171875
3874,-25.901611328125
3875,-61.166015625
3876,54.972900390625
3877,75.474365234375
3878,37.785400390625
3879,-61.511962890625
3880,26.85888671875
3881,-31.501953125
3882,-22.255126953125
3883,21.900146484375
3884,32.33935546875
3885,-29.636474609375
3886,-24.345947265625004
3887,-33.207763671875
3888,6.260498046875
3889,53.877197265625
3890,-8.232421875
3891,-8.711181640625
3892,11.634765625
3893,78.001953125
3894,-10.360107421875
3895,-6.5166015625
3896,136.458251953125
3897,33.8505859375
3898,4.85205078125
3899,12.253662109375
3900,-0.444580078125
3901,18.101318359375
3902,5.482666015625
3903,18.217041015625
3904,-1.966796875
3905,-7.628173828125
3906,-0.01416015625
3907,-3.185791015625
3908,39.90966796875
3909,44.26806640624999
3910,-5.90673828125
3911,-12.415771484374998
3912,40.2373046875
3913,45.08837890625
3914,22.89697265625
3915,-34.53271484375
3916,-5.068115234375
3917,-8.985595703125
3918,-5.392578124999999
3919,-30.90576171875
3920,-2.9697265624999996
3921,-6.0234375
3922,-6.002197265625
3923,-7.25146484375
3924,-9.69287109375
3925,3.439208984375
3926,21.094970703125
3927,14.444580078125
3928,-5.291259765625
3929,-3.690185546875
3930,22.95947265625
3931,12.78271484375
3932,4.944091796875
3933,-2.223876953125
3934,-15.63818359375
3935,-15.764892578125
3936,10.0234375
3937,-0.436279296875
3938,-4.252197265625
3939,-13.9638671875
3940,5.259765624999999
3941,-7.490966796875
3942,-22.750976562500004
3943,18.961181640625
3944,-2.04541015625
3945,7.671630859374999
3946,-2.586181640625
3947,-4.189697265625
3948,-1.9553222656249998
3949,10.9931640625
3950,-4.814697265625
3951,12.090576171875
3952,10.021728515625002
3953,91.298095703125
3954,75.789794921875
3955,-22.692138671875
3956,-13.439453125
3957,93.131591796875
3958,75.564453125
3959,-12.893310546875
3960,-19.1591796875
3961,36.599853515625
3962,-23.472900390625
3963,-33.18115234375
3964,-16.065185546875
3965,49.143310546875
3966,-25.5751953125
3967,-30.511962890625
3968,18.04296875
3969,31.42236328125
3970,8.6083984375
3971,-23.687744140625
3972,-13.698974609375
3973,-6.50146484375
3974,-8.37890625
3975,-25.614501953125
3976,-15.884765625
3977,-5.94482421875
3978,-4.10791015625
3979,35.663818359375
3980,-16.802734375
3981,-10.2138671875
3982,2.761474609375
3983,38.707275390625
3984,-19.105712890625
3985,-16.3408203125
3986,68.671875
3987,43.30419921875
3988,18.884765625
3989,-27.71826171875
3990,81.6572265625
3991,-41.719482421875
3992,-32.599853515625
3993,-30.318603515625
3994,81.1318359375
3995,-3.74267578125
3996,-51.18994140625
3997,5.085693359374999
3998,-32.558349609375
3999,18.496337890625
4000,0.60400390625
4001,1.3330078125
4002,-31.07177734375
4003,18.53662109375
4004,-1.8828125
4005,0.8190917968750001
4006,-19.809814453125
4007,-4.158203125
4008,37.85107421875
4009,14.923828124999998
4010,-15.19970703125
4011,-0.759765625
4012,42.242919921875
4013,17.10986328125
4014,-9.639404296875
4015,-12.27978515625
4016,-20.152587890625
4017,-22.998046875
4018,1.290283203125
4019,-5.203369140625001
4020,-15.75537109375
4021,-19.461669921875
4022,-18.099365234375
4023,28.340576171875
4024,2.638916015625
4025,-28.54833984375
4026,-40.42504882812501
4027,6.7099609375
4028,16.1728515625
4029,-33.30712890625
4030,-38.423095703125
4031,31.4248046875
4032,11.5009765625
4033,-0.019775390625
4034,-0.147216796875
4035,6.119384765625
4036,21.269042968749996
4037,1.132080078125
4038,4.105224609375
4039,5.95751953125
4040,16.68310546875
4041,13.412109375
4042,31.32373046875
4043,-2.013427734375
4044,-12.951171875
4045,21.3505859375
4046,99.41552734375
4047,-4.387451171875
4048,-14.080322265625
4049,18.2705078125
4050,57.35302734375
4051,26.275390625
4052,22.840087890625
4053,-21.891845703125
4054,46.93408203125
4055,48.203369140625
4056,25.441162109375
4057,-24.459228515625
4058,2.624755859375
4059,5.157470703125
4060,-7.7666015625
4061,-13.962890625
4062,-12.076416015625002
4063,1.3054199218749998
4064,-6.0048828125
4065,-7.2294921875
4066,-13.605224609375
4067,13.914550781250002
4068,-1.833984375
4069,24.429443359375
4070,13.837646484374998
4071,15.919189453125
4072,-26.277099609375
4073,-44.92749023437499
4074,14.795654296875
4075,11.315185546875
4076,-25.52978515625
4077,3.159423828125
4078,-2.121826171875
4079,-1.1638183593749998
4080,5.707275390625001
4081,-3.875
4082,-9.744140625
4083,3.7138671875000004
4084,7.559814453125
4085,-15.340087890625
4086,-23.5029296875
4087,10.643798828125
4088,7.186279296875
4089,-1.990478515625
4090,39.59570312500001
4091,25.291259765625
4092,9.550537109375
4093,-5.236328124999999
4094,13.42529296875
4095,5.807861328125
4096,-16.10546875
4097,-15.77490234375
4098,-8.89306640625
4099,27.720947265625004
4100,66.70947265625
4101,-9.447021484374998
4102,-12.730224609375
4103,36.840576171875
4104,63.21533203125
4105,-21.327392578125
4106,-20.95556640625
4107,-0.53955078125
4108,12.7451171875
4109,5.6611328125
4110,-20.91650390625
4111,-0.63134765625
4112,5.1328125
4113,7.059814453125
4114,-29.54541015625
4115,51.77368164062499
4116,82.31298828125
4117,-65.341552734375
4118,-22.447265625
4119,49.24755859375
4120,80.48583984375
4121,-4.335693359375
4122,-29.00537109375
4123,13.98779296875
4124,46.870361328125
4125,43.556396484375
4126,24.181884765625
4127,-10.63720703125
4128,43.076171875
4129,44.8447265625
4130,-7.25
4131,33.529296875
4132,-39.76123046875
4133,47.439697265625
4134,46.566162109375
4135,53.847412109375
4136,-14.604248046875
4137,57.4375
4138,46.568359375
4139,-9.59033203125
4140,-29.646728515625
4141,11.25927734375
4142,-24.016357421875
4143,-7.271240234375
4144,-2.84619140625
4145,12.98583984375
4146,-21.59765625
4147,-8.134033203125
4148,5.908935546875
4149,5.240234375000001
4150,71.48828125
4151,-5.613525390625001
4152,-30.386962890625
4153,53.30322265625
4154,163.597412109375
4155,-7.8251953125
4156,-24.618408203124996
4157,7.22607421875
4158,14.752197265625
4159,-5.981689453125
4160,-2.00048828125
4161,-8.307373046875
4162,27.938232421875
4163,-13.673583984374998
4164,-1.8168945312499998
4165,-0.6999511718750001
4166,28.08203125
4167,-6.100830078125
4168,-15.775146484374998
4169,44.72509765625
4170,47.65576171875
4171,0.9255371093750001
4172,-5.67431640625
4173,44.827392578125
4174,47.599609375
4175,-9.246337890625
4176,3.853271484375
4177,79.46557617187499
4178,16.63623046875
4179,-9.135986328125
4180,72.11181640625
4181,28.135498046875
4182,11.162841796875
4183,-12.978515625
4184,4.28173828125
4185,55.19873046875
4186,56.51708984375
4187,-14.909423828125
4188,-10.825927734375
4189,59.51416015625
4190,31.955078125
4191,-11.3837890625
4192,-10.110595703125
4193,-1.783203125
4194,62.90966796875
4195,-28.493408203124996
4196,-10.694824218749998
4197,19.029052734374996
4198,-11.791748046875
4199,-8.883544921875
4200,-11.66064453125
4201,19.418457031250004
4202,8.84130859375
4203,-30.786865234375
4204,-66.6904296875
4205,23.016357421875
4206,31.695068359375
4207,-10.2880859375
4208,-64.5458984375
4209,28.132568359375
4210,32.13671875
4211,30.211669921875
4212,-60.974365234375
4213,-2.62646484375
4214,-8.315185546875
4215,0.7424316406249999
4216,0.084716796875
4217,2.342041015625
4218,-13.1630859375
4219,3.93798828125
4220,1.37109375
4221,-3.483154296875
4222,1.7192382812499998
4223,-46.10131835937501
4224,-45.75634765625
4225,-17.67431640625
4226,3.057861328125
4227,-50.8017578125
4228,-43.256591796875
4229,19.86181640625
4230,8.71435546875
4231,14.536376953125
4232,-8.89892578125
4233,38.093505859375
4234,-9.344238281250002
4235,-6.173095703125
4236,-14.934326171875
4237,37.16259765625
4238,-12.292236328125
4239,-26.979736328125
4240,2.879150390625
4241,-0.44091796874999994
4242,12.517333984374998
4243,-17.69580078125
4244,44.696044921875
4245,-3.391357421875
4246,4.04443359375
4247,-6.70166015625
4248,-5.867919921875
4249,44.250244140625
4250,-16.571533203125
4251,-1.843017578125
4252,0.9055175781249999
4253,-3.989013671875
4254,-13.0458984375
4255,-6.543212890625001
4256,-7.73779296875
4257,2.879638671875
4258,36.2421875
4259,-5.815185546875002
4260,-7.90087890625
4261,50.610107421875
4262,48.285888671875
4263,-7.86328125
4264,-2.8347167968750004
4265,-53.7626953125
4266,47.06396484375
4267,7.849853515625
4268,-18.922851562500004
4269,-38.640380859375
4270,13.29443359375
4271,9.480468750000002
4272,-22.876220703125
4273,-33.985107421875
4274,15.04345703125
4275,2.490966796875
4276,10.65625
4277,-2.217529296875
4278,-4.290771484375
4279,13.397216796875
4280,10.588623046875
4281,0.325927734375
4282,1.03955078125
4283,2.4091796875000004
4284,7.29345703125
4285,1.899169921875
4286,11.281738281250002
4287,11.109863281250002
4288,3.33056640625
4289,-2.157470703125
4290,12.707763671875
4291,11.930175781250002
4292,8.360595703125
4293,18.48583984375
4294,-10.523681640625
4295,-5.293212890625001
4296,9.344482421875
4297,-31.91943359375
4298,-13.765136718749998
4299,-4.640869140625001
4300,11.01318359375
4301,-0.102294921875
4302,4.367431640625
4303,-4.43359375
4304,-39.81005859375
4305,16.6123046875
4306,0.0703125
4307,6.891357421875
4308,-36.8525390625
4309,13.91064453125
4310,6.744384765625
4311,0.298095703125
4312,-6.710449218750001
4313,-28.861328125
4314,46.49877929687501
4315,-10.0634765625
4316,-45.21240234375
4317,-26.1923828125
4318,46.443115234375
4319,-14.826171875
4320,-16.783935546875
4321,-2.2421875
4322,24.780029296875
4323,14.268310546875
4324,12.905761718749998
4325,0.04370117187499978
4326,30.910400390625
4327,12.4091796875
4328,-69.293701171875
4329,-13.583740234375
4330,7.66162109375
4331,12.120849609375
4332,7.93701171875
4333,2.514892578125
4334,-10.66162109375
4335,14.295654296875
4336,7.085205078125
4337,-2.90673828125
4338,-12.187255859375
4339,-3.953369140625
4340,5.50390625
4341,-12.531982421875
4342,-12.481201171875
4343,24.347900390625
4344,2.184326171875
4345,-7.299560546875
4346,7.71337890625
4347,14.077392578125
4348,-1.626953125
4349,5.189208984375
4350,2.909423828125
4351,2.614990234375
4352,1.753173828125
4353,9.973388671875
4354,-4.99658203125
4355,21.655517578125
4356,-3.956298828125
4357,-12.48583984375
4358,-16.623046875
4359,-14.01806640625
4360,66.736083984375
4361,-8.819091796875
4362,-18.457275390625
4363,-9.727294921875
4364,-25.934814453125
4365,-5.834228515625
4366,2.6914062499999973
4367,-20.036865234375
4368,51.060791015625
4369,4.412841796875
4370,-4.583740234375
4371,-20.99951171875
4372,43.89501953125
4373,-58.912841796875
4374,50.47265625
4375,147.06884765625
4376,9.552978515625002
4377,10.433593750000002
4378,44.685302734375
4379,139.2197265625
4380,3.0546875
4381,10.2216796875
4382,1.1074218749999996
4383,143.595947265625
4384,-3.611572265625
4385,11.32568359375
4386,13.655517578125
4387,-18.2626953125
4388,5.038818359374999
4389,14.2607421875
4390,20.24853515625
4391,9.252685546875
4392,3.61279296875
4393,-5.52880859375
4394,-1.259033203125
4395,0.007080078125
4396,-4.802490234375
4397,-0.464111328125
4398,-4.1630859375
4399,3.902099609375
4400,-7.5927734375
4401,-5.0048828125
4402,5.6787109375
4403,1.3833007812499998
4404,-7.396240234375
4405,-8.574951171875
4406,2.889404296875
4407,-3.103759765625
4408,-1.5297851562499998
4409,-10.336181640625
4410,-4.44580078125
4411,-1.2983398437500002
4412,-5.0068359375
4413,-17.541748046875
4414,11.468505859375
4415,-1.1376953125
4416,-6.77392578125
4417,-13.753173828125
4418,-11.225341796875
4419,-4.484130859375
4420,9.050048828125
4421,22.628173828125
4422,34.5615234375
4423,-0.9372558593750001
4424,-3.426025390625
4425,22.77197265625
4426,26.436523437499996
4427,17.666259765625
4428,-16.974365234375
4429,-4.20556640625
4430,57.951171875
4431,-2.453857421875
4432,-33.61083984375
4433,-33.4013671875
4434,50.045166015625
4435,-1.452880859375
4436,23.233154296875
4437,14.246093750000002
4438,-26.4326171875
4439,5.280029296875
4440,1.135498046875
4441,-1.753662109375
4442,25.648437500000004
4443,2.961669921875
4444,-1.582763671875
4445,35.957275390625
4446,-0.9265136718750001
4447,-12.028076171875
4448,39.163330078125
4449,54.15771484375
4450,-9.59033203125
4451,-18.943115234375
4452,43.33251953125
4453,51.5166015625
4454,2.8466796875000004
4455,-23.40625
4456,1.383544921875
4457,16.80419921875
4458,17.4453125
4459,-52.837646484375
4460,-48.34423828125
4461,20.8857421875
4462,16.60546875
4463,1.0947265625
4464,0.16601562500000006
4465,24.621337890625
4466,-2.702392578125
4467,-12.369140625
4468,7.5576171875
4469,26.576171875
4470,-1.936279296875
4471,-17.6767578125
4472,29.6123046875
4473,18.135009765625
4474,-0.569580078125
4475,8.0634765625
4476,2.853515625
4477,-15.533935546875
4478,-3.16015625
4479,3.544921875
4480,9.445068359375
4481,-2.33740234375
4482,-8.640625
4483,-11.246093750000002
4484,20.841552734374996
4485,17.60205078125
4486,-6.662109375000001
4487,1.127197265625
4488,18.43212890625
4489,26.33544921875
4490,-11.732666015625002
4491,12.818359375
4492,-16.917724609375
4493,-4.279541015625
4494,-4.557373046875
4495,3.507568359375
4496,-8.878662109375
4497,-4.91455078125
4498,-2.482177734375
4499,9.654541015625002
4500,-18.61669921875
4501,34.14892578125
4502,-12.491699218749998
4503,-11.449951171875
4504,-10.807861328125
4505,36.313232421875
4506,-14.720947265625
4507,-7.07080078125
4508,36.7373046875
4509,38.4736328125
4510,-3.259033203125
4511,16.71240234375
4512,-17.0029296875
4513,-3.788818359375
4514,-4.585693359375
4515,17.29443359375
4516,-8.193603515625
4517,19.954833984375
4518,-10.364013671875
4519,15.424072265625
4520,-2.2451171875
4521,11.851318359375
4522,-19.62646484375
4523,14.312255859375
4524,2.1240234375
4525,14.998046875
4526,9.384521484374998
4527,17.333740234375
4528,47.240966796875
4529,30.650390625
4530,-4.375244140625
4531,-12.09912109375
4532,6.875
4533,26.76708984375
4534,-4.7744140625
4535,110.75073242187501
4536,79.7919921875
4537,20.723876953125
4538,-20.335937500000004
4539,13.14501953125
4540,-42.5029296875
4541,180.037109375
4542,-26.236083984375
4543,11.497314453125
4544,20.726318359375
4545,-31.2451171875
4546,24.107666015625
4547,-9.69677734375
4548,-6.436767578125
4549,68.24365234375
4550,10.915283203125
4551,-14.039306640625
4552,-11.069824218749998
4553,-8.027587890625
4554,9.872314453125
4555,29.13037109375
4556,-16.39794921875
4557,-15.478271484374998
4558,19.720947265625004
4559,21.50732421875
4560,-18.98828125
4561,-19.090576171875
4562,18.172607421875
4563,19.183349609375
4564,-4.852783203125
4565,0.8251953125
4566,-2.261962890625
4567,-3.323486328125
4568,35.704833984375
4569,-0.98095703125
4570,0.5791015625
4571,22.529052734374996
4572,6.572509765625
4573,48.35693359375001
4574,-25.160888671875
4575,-28.934082031250004
4576,11.2412109375
4577,49.84912109375
4578,-25.379638671875
4579,-32.411376953125
4580,49.38330078125
4581,50.587158203125
4582,2.26123046875
4583,-2.216552734375
4584,0.5361328125
4585,16.054443359375
4586,11.736328125
4587,-9.5478515625
4588,-4.540771484375
4589,1.7133789062499998
4590,8.51953125
4591,-20.754638671875
4592,8.319580078125
4593,8.977783203125
4594,13.832275390625
4595,-23.310546875
4596,6.515625
4597,1.7844238281250002
4598,32.0634765625
4599,-21.101562499999996
4600,-2.685546875
4601,-11.250244140625
4602,-10.169921875
4603,92.44946289062501
4604,-1.06640625
4605,-13.968994140625
4606,-13.42041015625
4607,-6.152587890625001
4608,0.202880859375
4609,-15.371093750000002
4610,14.859130859375
4611,8.218017578125
4612,-14.966552734375
4613,-18.706542968749996
4614,12.953125
4615,3.786376953125
4616,4.484375
4617,-2.758056640625
4618,6.661376953125
4619,27.367919921875
4620,-15.193359375
4621,-1.099609375
4622,-3.913818359375
4623,28.60546875
4624,-18.441650390625
4625,-17.739501953125
4626,-8.176025390625
4627,0.43408203125
4628,5.30029296875
4629,14.833984375
4630,-39.365966796875
4631,-7.210205078125
4632,6.3447265625
4633,11.870849609375
4634,3.796142578125
4635,8.482177734375
4636,-42.48388671875
4637,34.532470703125
4638,81.196044921875
4639,6.301025390625001
4640,-47.53076171875
4641,37.684326171875
4642,86.313720703125
4643,-23.582763671875
4644,-47.480224609375
4645,-8.394775390625
4646,-11.470458984374998
4647,-2.12841796875
4648,-6.9033203125
4649,-5.9365234375
4650,-7.517578124999999
4651,-4.299072265625
4652,3.14208984375
4653,-10.4765625
4654,-9.630126953125
4655,-21.280273437499996
4656,-7.38232421875
4657,-1.4345703125
4658,-2.27978515625
4659,-15.783935546875
4660,-8.675537109375
4661,5.427734375000001
4662,0.03857421875
4663,63.252197265625
4664,33.890380859375
4665,-11.212890625
4666,48.101806640625
4667,34.678955078125
4668,31.025634765625
4669,-12.665771484374998
4670,0.95166015625
4671,3.491943359375
4672,7.62109375
4673,-16.24853515625
4674,-25.162109375
4675,-3.50439453125
4676,1.42578125
4677,-18.478759765625
4678,-24.533935546875
4679,9.172607421875
4680,6.318359375000001
4681,-52.056396484375
4682,31.197021484375
4683,63.409912109375
4684,42.65576171875
4685,-68.572998046875
4686,30.294677734374996
4687,68.78564453125
4688,-33.353271484375
4689,-65.580322265625
4690,-13.744384765625
4691,-0.74658203125
4692,-22.90380859375
4693,-29.030029296875
4694,15.6455078125
4695,-4.818359375000001
4696,-17.4462890625
4697,-10.3232421875
4698,-0.2744140625
4699,-16.796630859375
4700,23.89697265625
4701,24.54736328125
4702,-15.555908203125
4703,-19.28125
4704,27.01708984375
4705,23.622314453125
4706,-30.2255859375
4707,-12.398925781250002
4708,17.20068359375
4709,-7.279052734375
4710,-12.424560546875
4711,55.320556640625
4712,77.82958984375
4713,-7.3076171875
4714,-18.33935546875
4715,33.772216796875
4716,14.960205078125
4717,-11.773681640625
4718,25.26953125
4719,24.87646484375
4720,-9.914794921875
4721,-9.58740234375
4722,21.448486328125
4723,17.059326171875
4724,-1.5212402343750009
4725,-11.93505859375
4726,-0.256103515625
4727,18.8251953125
4728,-2.477294921875
4729,-11.957763671875
4730,-18.772216796875004
4731,19.771484375
4732,-1.087158203125
4733,-7.131591796875
4734,-2.81396484375
4735,3.064453125
4736,6.045654296875
4737,-3.287841796875
4738,1.013671875
4739,-5.246337890625001
4740,7.964599609374999
4741,2.182861328125
4742,-14.855712890625
4743,4.50732421875
4744,-37.721923828125
4745,18.5283203125
4746,73.81640625000001
4747,-3.78271484375
4748,-2.906494140625
4749,23.215087890625
4750,75.92236328124999
4751,25.016601562500004
4752,19.64794921875
4753,-6.7841796875
4754,12.447021484374998
4755,-0.9992675781249999
4756,21.73046875
4757,-15.44970703125
4758,10.817626953125
4759,-4.17822265625
4760,-1.335205078125
4761,44.19482421875
4762,17.562744140625
4763,-26.13671875
4764,-28.098388671875
4765,37.46728515625
4766,24.624267578125
4767,-29.24609375
4768,-29.746582031250004
4769,16.07080078125
4770,9.2392578125
4771,-2.1884765625
4772,5.022705078125
4773,6.200439453125
4774,12.448486328125
4775,-6.95849609375
4776,10.874267578125
4777,8.84765625
4778,7.775634765625
4779,-18.847167968749996
4780,9.845947265625
4781,-26.109130859375
4782,-17.313720703125
4783,-36.258056640625
4784,-9.747314453125
4785,-24.64794921875
4786,-15.375732421875
4787,82.98583984375
4788,69.2392578125
4789,-2.493896484375
4790,-9.088134765625
4791,-4.7216796875
4792,2.28125
4793,1.219482421875
4794,-9.2236328125
4795,-6.49267578125
4796,1.238525390625
4797,-1.1904296875
4798,-49.97705078125
4799,64.073974609375
4800,53.268310546875
4801,-33.825927734375
4802,-42.05224609375
4803,57.152587890625
4804,50.65380859375
4805,1.658203125
4806,-35.322265625
4807,9.254638671875
4808,25.501953125
4809,-16.876953125
4810,34.69775390625
4811,4.559326171875
4812,26.211669921875
4813,-18.08447265625
4814,9.598876953125
4815,24.018798828125
4816,-1.2009277343750002
4817,107.22314453125
4818,102.577392578125
4819,-9.774658203125
4820,-5.838867187500001
4821,108.33251953125001
4822,108.89501953125001
4823,-17.338134765625
4824,0.48901367187499956
4825,-9.46435546875
4826,13.096923828125
4827,11.111572265625
4828,2.684326171875
4829,27.184814453125
4830,18.97802734375
4831,12.546875
4832,-4.15478515625
4833,7.4658203125
4834,5.659423828125
4835,0.5520019531249996
4836,6.01953125
4837,26.7392578125
4838,8.623046875
4839,-5.25244140625
4840,6.5693359375
4841,-7.50146484375
4842,-1.262451171875
4843,-17.19873046875
4844,6.241943359374999
4845,-1.03564453125
4846,10.724609375
4847,11.11376953125
4848,13.227294921875
4849,-2.82421875
4850,11.70068359375
4851,15.983154296875
4852,95.785400390625
4853,0.11743164062499878
4854,0.04516601562499978
4855,23.896240234375
4856,95.339599609375
4857,-11.055908203125
4858,0.24462890625
4859,-5.779296875000001
4860,96.156005859375
4861,-2.882080078125
4862,29.716552734374996
4863,28.125
4864,-3.039794921875
4865,-7.3310546875
4866,35.447021484375
4867,29.655273437499996
4868,21.917724609375
4869,-6.87890625
4870,16.07666015625
4871,11.670654296875
4872,3.458740234375
4873,-4.5498046875
4874,-10.076904296875
4875,18.857177734374996
4876,0.4089355468750001
4877,-3.02685546875
4878,-3.552001953125
4879,46.922119140625
4880,-5.02734375
4881,41.99951171875
4882,-10.1572265625
4883,45.629150390625
4884,-9.2197265625
4885,43.314208984375
4886,17.429443359375
4887,4.038330078125
4888,7.285400390625001
4889,-19.17822265625
4890,-12.9169921875
4891,-0.139892578125
4892,12.37646484375
4893,-15.04248046875
4894,-14.17529296875
4895,-13.144775390625
4896,11.83154296875
4897,-13.7841796875
4898,-7.521728515625
4899,-3.843994140625
4900,16.397216796875
4901,2.650634765625
4902,-8.45556640625
4903,2.017578125
4904,15.3388671875
4905,-0.114501953125
4906,1.2407226562499998
4907,11.651611328125
4908,16.363037109375
4909,4.525390625
4910,6.485107421875
4911,13.366943359375
4912,10.166259765625
4913,-16.123779296875
4914,1.142822265625
4915,11.1748046875
4916,-7.3916015625
4917,-0.9128417968750001
4918,8.119140625
4919,15.593017578125
4920,-4.455078125
4921,-7.76513671875
4922,31.303955078125
4923,11.447265625
4924,-1.5371093750000002
4925,90.219482421875
4926,92.337890625
4927,-9.324951171875
4928,0.7971191406249996
4929,88.168212890625
4930,91.255126953125
4931,-18.827880859375
4932,0.6411132812499994
4933,64.258056640625
4934,-2.997802734375
4935,-8.134521484375
4936,31.900146484375
4937,47.10131835937501
4938,0.6853027343749996
4939,-9.56787109375
4940,19.94189453125
4941,103.169677734375
4942,22.48828125
4943,-4.04052734375
4944,0.6315917968750001
4945,4.118896484375
4946,6.994384765625
4947,-6.397216796875
4948,-1.1674804687500004
4949,87.55126953125
4950,23.06298828125
4951,125.78173828125
4952,31.241210937499996
4953,21.01806640625
4954,-8.62353515625
4955,122.880126953125
4956,30.86572265625
4957,31.415771484375
4958,12.2138671875
4959,126.435302734375
4960,20.422851562500004
4961,-21.050537109375
4962,-6.989013671875
4963,-8.54638671875
4964,44.65185546874999
4965,-18.477783203124996
4966,-6.28515625
4967,1.9619140625
4968,31.045166015625
4969,2.961669921875
4970,3.94091796875
4971,6.493896484375
4972,-23.18212890625
4973,7.238037109374999
4974,2.93603515625
4975,9.58935546875
4976,2.589111328125
4977,-5.728271484375
4978,2.7260742187500004
4979,3.0166015624999996
4980,28.253417968749996
4981,-4.532470703125
4982,-6.685791015625
4983,-0.17138671875
4984,21.44775390625
4985,2.200439453125
4986,12.508056640625
4987,-8.837646484375
4988,17.560546875
4989,-4.170654296875
4990,52.08837890625
4991,38.63720703125
4992,20.041748046875
4993,0.140380859375
4994,-11.72509765625
4995,-6.8779296875
4996,13.6455078125
4997,3.73486328125
4998,7.823486328125
4999,16.670166015625
5000,-14.796386718749998
5001,-3.105712890625
5002,4.961181640625001
5003,-6.487060546875
5004,34.444580078125
5005,25.013671875
5006,1.8046875
5007,8.72021484375
5008,32.4130859375
5009,2.09912109375
5010,4.44775390625
5011,9.792724609375
5012,-0.4208984375
5013,-1.027587890625
5014,-19.167724609375
5015,2.182373046875
5016,1.7421875
5017,17.15625
5018,-14.964111328125
5019,-0.100830078125
5020,4.893310546875
5021,19.406982421875
5022,-10.8515625
5023,-3.14501953125
5024,2.968505859375
5025,9.870849609375
5026,41.32861328125
5027,23.401611328125
5028,7.962890624999999
5029,14.852783203125
5030,12.964111328125
5031,-0.29931640625
5032,-6.10009765625
5033,36.499267578125
5034,1.1884765625
5035,-19.151123046875
5036,-2.248779296875
5037,31.362060546875
5038,2.998291015625
5039,97.1357421875
5040,32.72802734375
5041,-50.259521484375
5042,2.509765625
5043,-10.626220703125
5044,-11.96337890625
5045,-44.173828125
5046,-1.23828125
5047,-10.171386718749998
5048,32.27978515625
5049,-54.999267578125
5050,-3.17578125
5051,11.352050781250002
5052,8.7568359375
5053,-10.013671875
5054,-6.417724609374999
5055,7.32470703125
5056,6.80810546875
5057,-4.31591796875
5058,-4.80078125
5059,-12.1474609375
5060,33.838134765625
5061,36.0322265625
5062,-4.220703125
5063,-11.944091796875
5064,38.169189453125
5065,28.320068359375
5066,-11.0830078125
5067,-13.00146484375
5068,10.7607421875
5069,-17.3681640625
5070,-9.3427734375
5071,39.77734375
5072,0.6730957031250003
5073,-19.862792968749996
5074,-9.0400390625
5075,-70.010009765625
5076,9.708984375
5077,62.987060546875
5078,-15.42822265625
5079,-45.78808593749999
5080,7.486572265625
5081,47.560791015625
5082,-12.501953125
5083,-44.844482421875
5084,43.142578125
5085,-5.478759765625
5086,-1.6264648437500002
5087,7.759033203125
5088,-1.737060546875
5089,9.466796875
5090,3.08203125
5091,-2.865966796875
5092,2.644775390625
5093,13.627197265625
5094,-0.6740722656249999
5095,-20.733398437499996
5096,-37.230712890625
5097,39.56591796875
5098,-6.0498046875
5099,6.586181640625001
5100,-41.078369140625
5101,36.33544921875
5102,-30.6689453125
5103,-22.0751953125
5104,-8.230224609375
5105,32.752197265625
5106,41.520751953125
5107,4.051513671874995
5108,-15.733642578125
5109,37.169921875
5110,43.599365234375
5111,-3.910888671875
5112,-24.530029296875
5113,-4.599609375
5114,15.66162109375
5115,35.869384765625
5116,5.259765624999999
5117,-16.55126953125
5118,17.026123046875
5119,33.1337890625
5120,-26.582275390625
5121,-21.14892578125
5122,68.84326171875
5123,-16.689697265625
5124,-17.296630859375
5125,54.09521484375
5126,62.131103515625
5127,-9.165283203125
5128,-11.903076171875
5129,1.508056640625
5130,64.080810546875
5131,-10.634521484374998
5132,3.900634765625
5133,-2.6142578124999996
5134,-2.340576171875
5135,-8.479736328125
5136,6.74462890625
5137,-8.07421875
5138,6.55078125
5139,-6.25
5140,-4.1298828125
5141,12.839111328125
5142,27.36474609375
5143,12.516113281250002
5144,-1.3950195312499998
5145,19.1025390625
5146,26.280273437499996
5147,-15.64306640625
5148,-11.331787109375
5149,14.736328125
5150,5.89306640625
5151,7.354736328125
5152,7.2236328125
5153,8.859130859375
5154,6.812255859374999
5155,3.3212890624999996
5156,7.436279296875
5157,5.009765624999999
5158,3.311767578125
5159,-10.3349609375
5160,0.140380859375
5161,-14.384033203125
5162,-6.51953125
5163,-12.312255859375
5164,0.7453613281249999
5165,-25.68603515625
5166,-22.394775390625
5167,61.298828125
5168,12.700927734375
5169,-31.77099609375
5170,-1.68359375
5171,-9.625732421875
5172,13.08251953125
5173,-30.7841796875
5174,24.398193359375
5175,14.171875
5176,5.13232421875
5177,-9.269775390625
5178,11.97412109375
5179,-4.63232421875
5180,-0.544189453125
5181,-9.76904296875
5182,4.947021484375
5183,5.48388671875
5184,2.255126953125
5185,7.765625
5186,-10.297119140625
5187,-8.649169921875
5188,56.94287109375
5189,2.71875
5190,-13.15625
5191,-10.2587890625
5192,-3.505859375
5193,2.548828125
5194,6.869140624999999
5195,-8.399658203125
5196,15.035888671875
5197,17.43310546875
5198,-15.00341796875
5199,-10.02880859375
5200,14.9130859375
5201,-12.366455078125
5202,20.2373046875
5203,117.447265625
5204,-7.396484375000001
5205,-5.47509765625
5206,-1.5024414062499998
5207,118.03564453125
5208,-5.934814453125001
5209,-2.1325683593750013
5210,5.351318359374999
5211,112.907958984375
5212,-12.555908203125
5213,54.327392578125
5214,53.326171875
5215,-45.0849609375
5216,-31.8623046875
5217,60.299560546875
5218,54.42578125
5219,-1.000732421875
5220,7.70556640625
5221,15.439697265625
5222,45.53808593749999
5223,15.023681640625
5224,12.7216796875
5225,1.6962890625
5226,43.84423828125
5227,15.652099609375
5228,-29.72900390625
5229,-36.677978515625
5230,-7.222900390625001
5231,14.750488281250002
5232,32.98193359375
5233,-10.481689453125
5234,12.42724609375
5235,13.36279296875
5236,31.750732421875
5237,-2.493896484375
5238,4.99853515625
5239,83.979736328125
5240,-6.917724609374999
5241,-13.190185546875
5242,71.914794921875
5243,10.052734375
5244,-4.7470703125
5245,-22.388916015625
5246,-8.356201171875
5247,2.468017578125
5248,-3.431396484375
5249,-6.818115234375
5250,-0.7116699218750001
5251,-1.077880859375
5252,-5.400634765625
5253,-1.976806640625
5254,-0.514892578125
5255,-32.07763671875
5256,-3.2763671875000004
5257,-8.47802734375
5258,-25.3310546875
5259,15.559814453125
5260,5.923095703125
5261,5.855712890625001
5262,-25.9775390625
5263,14.319824218749998
5264,49.09912109375
5265,-2.751708984375
5266,8.257568359375
5267,4.98046875
5268,3.185302734375
5269,1.75390625
5270,11.664550781250002
5271,2.12744140625
5272,5.16845703125
5273,34.126220703125
5274,12.226806640625
5275,51.641845703125
5276,-11.09619140625
5277,14.6953125
5278,-4.6796875
5279,-4.413818359375
5280,-5.431396484375
5281,8.349365234375
5282,37.07250976562501
5283,82.240966796875
5284,35.134521484375
5285,-8.27880859375
5286,-5.908203124999999
5287,4.22119140625
5288,34.935546875
5289,-7.161865234375
5290,-3.525634765625
5291,4.962158203124999
5292,41.400634765625
5293,-8.984375
5294,39.602294921875
5295,-5.9482421875
5296,-4.07958984375
5297,-10.367431640625
5298,36.918212890625
5299,-2.951416015625
5300,2.66796875
5301,46.4404296875
5302,19.603271484375
5303,6.732666015625
5304,5.400146484375
5305,40.952392578125
5306,24.27587890625
5307,5.9873046875
5308,0.2316894531249991
5309,-1.9064941406250004
5310,20.15869140625
5311,22.81396484375
5312,14.0693359375
5313,-5.039794921875
5314,15.46240234375
5315,13.9541015625
5316,6.141357421875
5317,0.77734375
5318,-1.922119140625
5319,-2.474365234375
5320,2.242431640625
5321,-8.85693359375
5322,-5.55078125
5323,2.55322265625
5324,3.7890625
5325,-10.320800781250002
5326,-8.630126953125
5327,2.17041015625
5328,-0.5959472656249999
5329,-5.007568359374999
5330,5.8779296875
5331,24.534912109375
5332,7.58984375
5333,-5.0849609375
5334,16.46875
5335,24.508056640625
5336,-16.53564453125
5337,4.113525390624999
5338,14.340576171875
5339,11.108886718749998
5340,13.216796875
5341,-3.190673828125
5342,-2.350341796875
5343,5.7158203125
5344,14.380859375
5345,19.9462890625
5346,6.16015625
5347,-22.925048828125
5348,36.923583984375
5349,12.101318359375
5350,-8.579833984375
5351,-1.422119140625
5352,37.42919921875
5353,14.149169921875
5354,2.32568359375
5355,-3.0231933593750004
5356,1.1953125
5357,-5.891357421875002
5358,68.796875
5359,-12.743896484374998
5360,-11.625
5361,-7.883056640625001
5362,69.376708984375
5363,-8.4345703125
5364,11.904052734375
5365,19.402099609375
5366,19.69140625
5367,5.412353515625
5368,-9.59228515625
5369,25.465332031250004
5370,20.612792968749996
5371,0.6042480468750001
5372,29.959228515625
5373,63.18359375
5374,-2.13916015625
5375,5.566162109374999
5376,-7.3505859375
5377,0.27685546875
5378,21.421142578125
5379,6.25732421875
5380,-2.329833984375
5381,18.581787109375
5382,8.05712890625
5383,33.640869140625
5384,3.248046875
5385,-11.39501953125
5386,26.9560546875
5387,37.13183593749999
5388,-1.838623046875
5389,-4.439453125
5390,6.89404296875
5391,25.25244140625
5392,65.69677734375
5393,1.2612304687499991
5394,-11.441162109375
5395,5.2734375
5396,100.103515625
5397,-9.878173828125
5398,-12.700927734375
5399,-25.114501953125
5400,87.30419921875
5401,40.2470703125
5402,43.77978515625
5403,-24.21826171875
5404,52.536865234375
5405,19.754150390625
5406,47.048583984375
5407,-21.66748046875
5408,33.28271484375
5409,60.417236328125
5410,45.6533203125
5411,-22.190185546875
5412,-8.392578125
5413,40.836669921875
5414,27.937255859375
5415,-22.3095703125
5416,-7.918701171875002
5417,0.8181152343750001
5418,45.798095703125
5419,8.38916015625
5420,9.766113281250002
5421,5.54931640625
5422,-17.25390625
5423,-5.60693359375
5424,17.126953125
5425,4.564453125
5426,7.360107421875
5427,-6.086669921875
5428,-27.163818359375
5429,66.843505859375
5430,26.497314453125
5431,30.96875
5432,18.081298828125
5433,64.739990234375
5434,25.3623046875
5435,-24.184814453125
5436,-48.79638671875
5437,-43.49877929687501
5438,27.489990234375
5439,10.687988281250002
5440,-1.403564453125
5441,-41.575439453125
5442,27.06982421875
5443,11.2724609375
5444,-9.395751953125
5445,-43.159912109375
5446,25.561279296875
5447,-18.873779296875
5448,-2.875244140625
5449,-5.855224609374999
5450,5.507568359374999
5451,-21.53369140625
5452,0.7646484375
5453,9.6904296875
5454,8.7236328125
5455,-16.532470703125
5456,3.482421875
5457,45.559814453125
5458,-22.03173828125
5459,-19.74267578125
5460,4.11474609375
5461,44.712646484375
5462,-10.00341796875
5463,-16.654296875
5464,4.910400390624998
5465,21.884521484375
5466,20.62548828125
5467,-35.326416015625
5468,0.008789062500000444
5469,13.730468750000002
5470,20.563232421875
5471,-0.516357421875
5472,-12.024658203125
5473,-35.50390625
5474,47.175537109375
5475,25.080322265625004
5476,-25.505126953125
5477,-29.59130859375
5478,40.93945312500001
5479,27.38525390625
5480,6.806884765625
5481,-23.78759765625
5482,12.7763671875
5483,-0.6542968749999999
5484,19.34765625
5485,3.74658203125
5486,9.815673828125
5487,2.003662109375
5488,23.70361328125
5489,-21.405273437499996
5490,3.430419921875
5491,3.58056640625
5492,-15.608886718749998
5493,-4.939453124999999
5494,8.929443359375
5495,7.461181640625001
5496,-15.015625
5497,-8.068603515625
5498,-1.677734375
5499,19.529541015625
5500,16.13427734375
5501,-2.9052734375000004
5502,-0.94091796875
5503,27.990234375
5504,12.229736328125
5505,2.98779296875
5506,-0.4111328125
5507,-8.96826171875
5508,19.550292968749996
5509,6.965087890625001
5510,77.44482421875
5511,94.47363281249999
5512,6.41455078125
5513,8.05126953125
5514,86.297607421875
5515,93.042236328125
5516,28.701416015625
5517,7.281494140625001
5518,67.9951171875
5519,-13.912353515625002
5520,-38.4970703125
5521,-19.666259765625
5522,124.46386718750001
5523,-13.272705078125
5524,-41.8486328125
5525,84.822021484375
5526,48.121337890625
5527,13.053466796875
5528,-21.149658203124996
5529,-17.561279296875
5530,9.738281249999998
5531,9.543701171875
5532,-21.192138671875
5533,-14.6455078125
5534,1.574951171875
5535,16.855224609375
5536,13.202392578125
5537,-9.401123046875
5538,7.33642578125
5539,-5.3984375
5540,-3.525634765625
5541,-10.962646484374998
5542,9.5498046875
5543,-2.80615234375
5544,-11.074951171875
5545,18.604736328125
5546,3.2607421875000004
5547,11.309326171875
5548,-4.706787109374999
5549,21.77880859375
5550,1.273681640625
5551,2.802734375
5552,39.499755859375
5553,20.51123046875
5554,-9.673828125
5555,-0.7099609375
5556,-0.7180175781249999
5557,15.017578125
5558,-12.66259765625
5559,4.854736328125
5560,-6.844970703125
5561,-7.884521484375
5562,-9.51025390625
5563,-7.73779296875
5564,3.19677734375
5565,-4.601318359375
5566,-1.144775390625
5567,21.735107421875
5568,-5.10595703125
5569,0.4794921875
5570,26.13525390625
5571,21.791259765625
5572,17.133056640625
5573,7.27685546875
5574,6.024658203125
5575,-12.5263671875
5576,22.53076171875
5577,8.107666015625
5578,7.249755859374999
5579,-7.97607421875
5580,21.55615234375
5581,122.6044921875
5582,-8.890625
5583,-47.5224609375
5584,40.21875
5585,35.18798828125
5586,-10.960693359375
5587,-45.38427734375
5588,-11.1865234375
5589,122.677490234375
5590,-30.328125
5591,72.599609375
5592,70.238037109375
5593,57.744384765625
5594,-42.3857421875
5595,67.781005859375
5596,68.968505859375
5597,0.3764648437499991
5598,-24.911376953125
5599,36.903564453125
5600,-18.20703125
5601,-7.228271484375
5602,16.435791015625
5603,18.02685546875
5604,-19.501708984375
5605,-7.311279296875
5606,29.32568359375
5607,21.12255859375
5608,9.10693359375
5609,8.93798828125
5610,6.704833984375
5611,20.603271484375
5612,0.7697753906249999
5613,4.986572265625
5614,3.682861328125
5615,29.591064453125
5616,7.634033203125
5617,16.36328125
5618,-15.5859375
5619,-19.016601562500004
5620,101.10327148437501
5621,20.088134765625
5622,-16.29541015625
5623,-23.03662109375
5624,-45.829833984375
5625,13.71337890625
5626,1.9213867187500002
5627,-0.8908691406249999
5628,-2.884033203125
5629,1.586669921875
5630,1.212646484375
5631,-1.561767578125
5632,-3.454345703125
5633,-2.576904296875
5634,-2.265625
5635,28.329101562500004
5636,-21.51416015625
5637,-10.056640625
5638,3.07470703125
5639,1.914306640625
5640,-16.918212890625
5641,-16.017333984375
5642,15.405029296875
5643,-4.54638671875
5644,26.001220703125
5645,-1.096923828125
5646,-2.03466796875
5647,-69.66064453125
5648,23.21923828125
5649,-5.33642578125
5650,-11.515869140625
5651,59.477294921875
5652,13.692138671875
5653,36.079833984375
5654,11.38818359375
5655,12.960205078125
5656,-5.1064453125
5657,52.34326171875
5658,14.83349609375
5659,20.960205078125
5660,-5.422607421875
5661,-9.911376953125
5662,2.7021484375000004
5663,30.072998046875
5664,21.00634765625
5665,15.2392578125
5666,-7.23193359375
5667,29.101806640625
5668,17.3564453125
5669,-9.9384765625
5670,-8.403564453125
5671,155.42138671875003
5672,18.21533203125
5673,14.162597656249996
5674,-23.614501953125
5675,128.261474609375
5676,21.117431640625
5677,16.035888671875
5678,23.088134765625
5679,145.075927734375
5680,1.779296875
5681,-6.7685546875
5682,41.459716796875
5683,21.47607421875
5684,10.029296875
5685,-10.1884765625
5686,40.990234375
5687,14.679931640625
5688,-11.54052734375
5689,0.289306640625
5690,-7.02392578125
5691,-3.639892578125
5692,-3.629150390625
5693,-0.15917968749999978
5694,-7.692626953125
5695,-4.707275390625001
5696,-0.45556640625
5697,8.306396484375
5698,-19.00390625
5699,-0.20068359375000067
5700,22.9619140625
5701,-3.030029296875
5702,-5.50439453125
5703,-2.163330078125
5704,25.868408203124996
5705,-7.740478515625
5706,-10.690185546875
5707,4.929443359374999
5708,24.486083984375
5709,19.827880859375
5710,-27.51513671875
5711,-24.929687500000004
5712,21.474609375
5713,19.110595703125
5714,82.802978515625
5715,24.322021484375
5716,35.109619140625
5717,89.904052734375
5718,-40.423583984375
5719,20.239013671875
5720,19.586181640625
5721,87.5517578125
5722,-44.57275390625
5723,16.581787109375
5724,21.72412109375
5725,6.82958984375
5726,21.332275390625
5727,0.9118652343750001
5728,-2.217041015625
5729,8.744873046875
5730,29.424560546875
5731,-4.39599609375
5732,-4.1923828125
5733,8.49560546875
5734,2.698974609375
5735,-5.010498046875
5736,-2.43603515625
5737,4.743896484375
5738,-20.696533203124996
5739,-7.05712890625
5740,-1.6459960937500002
5741,23.35693359375
5742,-10.86572265625
5743,-5.732177734375
5744,-9.399658203125
5745,-4.517578125
5746,3.08642578125
5747,-4.791259765625
5748,-6.625732421875
5749,-4.288330078125
5750,20.710937500000004
5751,-6.8388671875
5752,-21.382812499999996
5753,58.8125
5754,62.3779296875
5755,-9.861328125
5756,-20.807373046875
5757,56.571044921875
5758,57.198974609375
5759,-9.669189453125
5760,-22.439453125
5761,58.36865234375
5762,15.8505859375
5763,-14.8037109375
5764,76.10009765625001
5765,55.421142578125
5766,11.422607421875
5767,-21.162841796875004
5768,-9.720703125
5769,84.677734375
5770,11.38916015625
5771,-45.74951171875
5772,-43.816162109375
5773,16.884033203125
5774,8.417724609375
5775,-44.09521484375
5776,-40.80517578125
5777,-11.703125
5778,7.419189453125
5779,7.469970703125
5780,-40.200439453125
5781,-31.7919921875
5782,15.561767578125
5783,16.285400390625
5784,-38.201416015625
5785,-32.670166015625
5786,22.81201171875
5787,24.88525390625
5788,-16.202392578125
5789,-6.8564453125
5790,15.066406249999998
5791,-50.53515625
5792,-8.90478515625
5793,-6.66064453125
5794,15.91259765625
5795,97.325439453125
5796,0.3037109375
5797,-7.31494140625
5798,7.082275390625001
5799,-3.97802734375
5800,39.972412109375
5801,1.628662109375
5802,8.192138671875
5803,-3.437255859375
5804,-2.58642578125
5805,1.420166015625
5806,47.936767578125
5807,38.26000976562501
5808,-14.9658203125
5809,40.74365234375
5810,159.478271484375
5811,42.322998046875
5812,-9.788574218750002
5813,21.825927734374996
5814,26.2216796875
5815,3.5869140624999996
5816,-15.237548828125
5817,19.53125
5818,-24.491455078125
5819,-15.230712890625
5820,-11.7412109375
5821,22.07421875
5822,8.900146484375
5823,5.12255859375
5824,21.59228515625
5825,-19.131103515625
5826,0.3173828125
5827,48.316162109375
5828,-15.7958984375
5829,-14.412841796875
5830,-6.211669921875
5831,-12.883300781250002
5832,-7.290283203125
5833,-13.515869140625
5834,7.934814453125
5835,-5.2607421875
5836,9.22998046875
5837,6.898193359374999
5838,2.728271484375
5839,-3.763671875
5840,7.16455078125
5841,0.5507812500000002
5842,9.39599609375
5843,-5.421875
5844,-13.485107421875
5845,3.381591796875
5846,21.412109375
5847,-5.115966796875
5848,-14.750488281250002
5849,-3.9111328124999996
5850,17.93017578125
5851,37.358154296875
5852,-14.675048828125
5853,-17.708251953125
5854,66.7138671875
5855,46.225341796875
5856,-19.3857421875
5857,-22.458251953125
5858,7.436279296875
5859,41.6416015625
5860,26.041748046875
5861,-38.39404296875
5862,-24.12451171875
5863,12.25341796875
5864,26.650146484375
5865,-42.497802734375
5866,-27.544677734374996
5867,-2.8896484375000004
5868,-3.41845703125
5869,41.185791015625
5870,-16.265869140625
5871,22.0380859375
5872,19.54248046875
5873,41.85986328125
5874,-6.2177734375
5875,19.53271484375
5876,131.275146484375
5877,-40.41796875
5878,-4.046875
5879,10.597656249999998
5880,5.13525390625
5881,-21.76025390625
5882,-13.26025390625
5883,8.047607421875
5884,2.077392578125
5885,5.2119140625
5886,-25.27587890625
5887,11.251953125
5888,-1.7836914062499998
5889,-3.37060546875
5890,14.667236328125
5891,21.947265625
5892,-5.541748046875
5893,-5.750244140625001
5894,-5.548095703125
5895,10.66259765625
5896,15.254638671875
5897,-57.937744140625
5898,-65.591796875
5899,-0.375732421875
5900,9.144775390625
5901,-58.659423828125
5902,-62.83935546874999
5903,16.114013671875
5904,2.33740234375
5905,15.656982421875
5906,11.375488281250002
5907,-7.597900390625001
5908,-10.25
5909,-16.1015625
5910,13.42626953125
5911,-2.4638671875000004
5912,1.527099609375
5913,-7.462890624999999
5914,5.936279296875
5915,-0.83447265625
5916,-17.663818359375
5917,10.815185546875
5918,11.615234375
5919,-6.5693359375
5920,-14.85498046875
5921,10.744140625
5922,17.344482421875
5923,10.068603515625002
5924,-18.306884765625
5925,-16.8251953125
5926,-17.958984375
5927,20.837646484375
5928,-14.198974609375
5929,-21.51318359375
5930,-3.870361328125
5931,0.53369140625
5932,-1.510986328125
5933,168.18750000000003
5934,147.515380859375
5935,10.279541015625002
5936,-5.55712890625
5937,151.02880859375
5938,156.96728515625
5939,-28.606201171875
5940,-9.576904296875
5941,-26.190673828125
5942,58.87646484375
5943,57.88671875
5944,64.9775390625
5945,-21.8779296875
5946,60.76245117187499
5947,53.971923828125
5948,-19.070312499999996
5949,-19.35107421875
5950,-2.622802734375
5951,-14.812011718749998
5952,-3.76025390625
5953,13.077880859375
5954,133.45947265625
5955,-9.920166015625002
5956,-0.28076171875
5957,20.1982421875
5958,23.262451171875
5959,-11.861572265625
5960,4.1845703125
5961,-10.513427734375
5962,-14.675537109375
5963,-14.4306640625
5964,3.69384765625
5965,-12.89697265625
5966,-12.360107421875
5967,1.648681640625
5968,4.931396484375
5969,2.554443359375
5970,0.90478515625
5971,18.18408203125
5972,-1.2055664062499998
5973,-1.686767578125
5974,-1.290771484375
5975,7.65283203125
5976,1.6137695312499998
5977,-8.048583984375
5978,37.76025390625
5979,57.035400390625
5980,29.784423828125
5981,-17.294677734375
5982,38.23999023437499
5983,59.10375976562501
5984,-18.381103515625
5985,-8.22705078125
5986,-3.1005859375000004
5987,19.03564453125
5988,-0.8039550781249999
5989,-20.271240234375
5990,-19.8173828125
5991,18.521240234375
5992,-3.560791015625
5993,-15.28271484375
5994,-20.920654296875
5995,-5.895751953125
5996,14.218017578125
5997,-5.324462890625001
5998,9.49853515625
5999,-4.189208984375
6000,7.8759765625
6001,-14.3427734375
6002,-7.32958984375
6003,-0.154296875
6004,23.55126953125
6005,-15.59814453125
6006,-23.013916015625
6007,-1.025634765625
6008,-1.0927734375
6009,-15.845458984374998
6010,-30.482666015625
6011,-1.7211914062499998
6012,21.10205078125
6013,16.328857421875
6014,45.099609375
6015,11.5625
6016,129.00146484375
6017,-64.155517578125
6018,46.84228515625
6019,9.09326171875
6020,-11.990966796875
6021,-3.03662109375
6022,25.40869140625
6023,6.405517578125
6024,8.253662109375
6025,-3.5234375
6026,-0.7600097656249999
6027,11.7626953125
6028,8.56689453125
6029,-4.510009765625
6030,15.033935546875
6031,-17.335693359375
6032,0.42138671875
6033,2.89111328125
6034,42.5
6035,-18.95556640625
6036,6.0302734375
6037,5.232421875000001
6038,-8.926513671875
6039,-24.298583984375
6040,-8.46728515625
6041,24.172119140625
6042,27.05615234375
6043,12.93603515625
6044,2.8935546875000004
6045,18.606201171875
6046,26.498291015625
6047,-11.9013671875
6048,-2.919921875
6049,-17.96240234375
6050,-3.496337890625
6051,37.197265625
6052,8.549560546875
6053,-8.582763671875
6054,-4.626708984375
6055,36.372314453125
6056,7.446044921875
6057,-7.090576171875
6058,-8.074951171875
6059,1.2490234375
6060,3.550048828125
6061,-25.20703125
6062,-22.408203125
6063,-0.400634765625
6064,-0.896484375
6065,-4.4921875
6066,7.29638671875
6067,-3.911376953125
6068,-7.46533203125
6069,-3.72021484375
6070,-6.996582031250001
6071,-3.19189453125
6072,-4.230224609375
6073,-4.027587890625
6074,-12.027099609375
6075,2.77197265625
6076,-12.208984375
6077,9.958984375
6078,30.095458984375
6079,2.09716796875
6080,0.43994140625
6081,10.64501953125
6082,28.384521484375
6083,-2.574951171875
6084,-12.28564453125
6085,-3.244140625
6086,-9.495361328125
6087,15.438232421875
6088,21.591552734374996
6089,26.03662109375
6090,-11.4931640625
6091,16.29345703125
6092,-1.5263671875
6093,15.473876953125
6094,6.727783203125
6095,10.148681640625
6096,14.09130859375
6097,13.915283203125
6098,0.31103515625000017
6099,3.5419921875000004
6100,17.549560546875
6101,-12.753906249999998
6102,-14.3271484375
6103,-2.007568359375
6104,38.083251953125
6105,19.830078125
6106,58.608154296875
6107,0.03076171875
6108,38.44580078125
6109,23.87646484375
6110,-32.3818359375
6111,-28.518798828125
6112,-34.70458984375
6113,-10.757568359375
6114,69.335693359375
6115,-17.136474609375
6116,-13.807617187500004
6117,-15.265136718749998
6118,67.489013671875
6119,-3.669677734375
6120,20.907226562500004
6121,10.140380859375
6122,14.613525390625
6123,10.59130859375
6124,14.9287109375
6125,4.41552734375
6126,11.218261718749998
6127,9.25
6128,-16.341552734375
6129,14.064453125
6130,57.24804687499999
6131,-71.2275390625
6132,-70.96142578125
6133,39.28247070312499
6134,59.17822265625
6135,-70.572509765625
6136,-69.843505859375
6137,-18.42919921875
6138,72.0703125
6139,-6.4619140625
6140,13.87060546875
6141,-6.707763671875
6142,45.37695312500001
6143,-19.68603515625
6144,19.54833984375
6145,-6.877197265625
6146,-14.39208984375
6147,11.831787109375
6148,3.99755859375
6149,9.010498046875
6150,5.20947265625
6151,-24.3310546875
6152,-26.791015625
6153,1.158203125
6154,0.6359863281249999
6155,19.266357421875
6156,5.958740234375
6157,-3.721923828125
6158,-3.820556640625
6159,-1.6040039062499998
6160,21.533935546875
6161,6.990234375000001
6162,-5.046142578125
6163,-4.3671875
6164,-25.65576171875
6165,2.608642578125
6166,4.5458984375
6167,0.5234375
6168,9.0029296875
6169,-3.009033203125
6170,1.880615234375
6171,-2.694580078125
6172,8.544677734375
6173,-27.658447265625004
6174,5.746337890625001
6175,-0.45458984375
6176,-0.413330078125
6177,4.298828125
6178,-22.35302734375
6179,-19.99072265625
6180,2.142333984375
6181,6.903564453125
6182,-11.800537109375
6183,-7.38134765625
6184,150.08203125
6185,-16.2001953125
6186,-68.2626953125
6187,43.5
6188,55.340087890625
6189,-19.071044921875
6190,-67.19873046875
6191,67.876953125
6192,41.439208984375
6193,-7.435546875000001
6194,17.084716796875
6195,14.710693359375
6196,-2.555419921875
6197,5.4658203125
6198,16.755859375
6199,17.786376953125
6200,-20.319580078125
6201,-3.757568359375
6202,35.005615234375
6203,65.192138671875
6204,-31.77197265625
6205,-29.882812499999996
6206,-38.000732421875
6207,66.256103515625
6208,-26.32275390625
6209,94.45556640625
6210,62.40771484375
6211,34.81884765625
6212,-13.0615234375
6213,-8.878662109375
6214,79.98291015625
6215,30.07763671875
6216,-14.97998046875
6217,-15.95654296875
6218,8.9833984375
6219,30.62939453125
6220,11.848876953125
6221,7.059814453125
6222,-2.9189453124999996
6223,5.85498046875
6224,6.394775390625001
6225,11.314453125
6226,-0.356689453125
6227,-19.27001953125
6228,-9.402099609375
6229,-3.673095703125
6230,1.6059570312499998
6231,3.553466796875
6232,0.169677734375
6233,1.5302734375
6234,2.900390625
6235,0.70947265625
6236,-0.9670410156249999
6237,0.17236328125
6238,2.280517578125
6239,1.7587890625
6240,1.2983398437500002
6241,-12.0478515625
6242,4.630859375000001
6243,1.603759765625
6244,3.098876953125
6245,2.140869140625
6246,-5.71923828125
6247,35.447998046875
6248,-20.066162109375
6249,-19.890869140625
6250,-21.933837890625
6251,32.951904296875
6252,-18.749755859375
6253,-22.871337890625
6254,46.424560546875
6255,37.71875
6256,4.6865234375
6257,1.839111328125
6258,20.68505859375
6259,-4.262451171875
6260,-2.623046875
6261,-4.12158203125
6262,15.2001953125
6263,1.3247070312499998
6264,3.32080078125
6265,-1.501220703125
6266,24.968017578125
6267,-0.248779296875
6268,27.972900390625
6269,17.8642578125
6270,30.643310546875
6271,5.443603515625
6272,8.8603515625
6273,1.3974609375
6274,9.370849609375
6275,8.850830078125
6276,0.35791015625
6277,0.2529296875
6278,4.544677734375
6279,9.822265625
6280,-1.14501953125
6281,20.817626953125
6282,0.01513671875
6283,23.203369140625
6284,-16.06103515625
6285,-12.52783203125
6286,28.911865234375
6287,40.487060546875
6288,-9.603271484374998
6289,-9.97412109375
6290,119.44384765625
6291,101.0673828125
6292,-8.595458984375
6293,20.760986328125
6294,16.8349609375
6295,5.007080078125
6296,-10.95654296875
6297,21.1298828125
6298,19.983642578125
6299,0.6071777343750001
6300,-5.851806640625001
6301,2.957275390625
6302,-0.030517578124999972
6303,-1.2216796875
6304,18.57666015625
6305,0.5759277343749999
6306,6.587890624999999
6307,-5.000732421875
6308,38.66064453125001
6309,-6.214111328125
6310,30.006103515625
6311,-8.970703125
6312,-5.949951171875
6313,19.6123046875
6314,17.03466796875
6315,-16.626220703125
6316,-16.370849609375
6317,9.961669921875
6318,9.988281249999998
6319,11.752197265625
6320,1.6459960937500002
6321,4.751953124999999
6322,0.0830078125
6323,-0.181884765625
6324,5.538330078125
6325,11.000244140625
6326,-5.17578125
6327,11.38525390625
6328,62.8798828125
6329,28.387207031250004
6330,-7.794677734375
6331,-24.07373046875
6332,86.838623046875
6333,25.488037109375
6334,-7.370361328125001
6335,-1.730224609375
6336,4.404052734375
6337,-2.611572265625
6338,9.965576171875
6339,10.791748046875
6340,-11.187744140625
6341,-10.84228515625
6342,9.578613281250002
6343,9.612548828125
6344,-10.930175781250002
6345,-0.95458984375
6346,0.381591796875
6347,0.18359374999999956
6348,3.821533203125
6349,2.37646484375
6350,10.0107421875
6351,-1.2563476562499996
6352,-1.881591796875
6353,2.479736328125
6354,14.810302734375
6355,19.674072265625004
6356,26.60302734375
6357,-4.184326171875
6358,-8.3232421875
6359,-3.017822265625
6360,24.512207031250004
6361,1.015625
6362,23.672119140625
6363,20.1044921875
6364,-8.793212890625
6365,40.430908203125
6366,34.892822265625
6367,-22.440673828125
6368,-6.80126953125
6369,36.603515625
6370,36.1279296875
6371,2.1845703125
6372,-7.8447265625
6373,22.614013671875
6374,-10.314453125
6375,-8.396240234375
6376,36.528076171875
6377,42.234130859375
6378,-9.0439453125
6379,-2.489013671875
6380,3.3603515624999996
6381,18.61083984375
6382,5.339355468749998
6383,58.313232421875
6384,68.37158203125
6385,-12.641845703125
6386,-1.097412109375001
6387,67.234619140625
6388,52.222412109375
6389,11.112548828125
6390,-6.269042968750001
6391,3.887451171875
6392,5.897705078125
6393,4.16845703125
6394,-4.156494140625
6395,-2.896240234375
6396,5.175537109374999
6397,4.360595703125
6398,27.005126953125
6399,3.85107421875
6400,-15.0888671875
6401,10.147705078125
6402,13.451904296875
6403,2.080810546875
6404,-28.259033203124996
6405,9.514404296875
6406,15.617919921875
6407,26.759033203124996
6408,-19.593505859375
6409,-33.586181640625
6410,9.501953125
6411,13.639892578125
6412,-8.0966796875
6413,-23.322265625
6414,12.75927734375
6415,16.74072265625
6416,-57.697998046875
6417,-22.9462890625
6418,16.671630859375
6419,-8.010986328125
6420,0.99658203125
6421,77.768798828125
6422,6.797119140625001
6423,-3.042236328125
6424,-4.915283203125
6425,-3.659423828125
6426,14.96240234375
6427,17.086181640625
6428,35.30224609375
6429,-44.94750976562501
6430,-36.662109375
6431,47.63818359375001
6432,39.613037109375
6433,-47.54931640624999
6434,101.194091796875
6435,26.019775390625
6436,63.212646484375
6437,27.50634765625
6438,-4.617187500000002
6439,60.33374023437499
6440,58.267822265625
6441,21.098876953125
6442,-6.29638671875
6443,39.4521484375
6444,35.989013671875
6445,9.672363281250002
6446,2.689697265625
6447,14.864990234375
6448,-36.959228515625
6449,5.50146484375
6450,2.6455078124999996
6451,20.062255859375
6452,2.713134765625
6453,7.3427734375
6454,7.664794921875
6455,21.08349609375
6456,12.8271484375
6457,-3.792724609375
6458,15.99560546875
6459,20.73876953125
6460,12.367431640625
6461,60.06201171875
6462,-20.033447265625004
6463,2.533447265625
6464,-13.866455078125
6465,-13.687988281250002
6466,5.361083984375
6467,-4.025634765625
6468,-9.642822265625
6469,-9.154541015625
6470,-2.6923828124999996
6471,-1.108642578125
6472,10.231689453125
6473,7.772705078125
6474,-14.027343750000002
6475,2.4443359375000004
6476,19.2060546875
6477,4.7548828125
6478,-18.4912109375
6479,5.136474609374999
6480,7.84765625
6481,2.6765136718750004
6482,32.145751953125
6483,79.7314453125
6484,15.691650390625
6485,-12.185546875
6486,37.078857421875
6487,79.2568359375
6488,-4.390380859375
6489,60.856689453125
6490,-24.58349609375
6491,-12.011962890625
6492,13.49853515625
6493,13.425781249999998
6494,-15.67041015625
6495,-4.62060546875
6496,12.48193359375
6497,-4.84521484375
6498,16.8359375
6499,-13.684814453125
6500,19.877685546875
6501,38.540771484375
6502,-73.66162109375
6503,-22.704345703125
6504,18.498046875
6505,38.068603515625
6506,-8.559814453125
6507,-22.24560546875
6508,1.021484375
6509,-16.693115234375
6510,-16.6845703125
6511,15.5908203125
6512,-5.990234375000001
6513,-13.8828125
6514,-14.091552734375
6515,23.745361328125
6516,-13.092529296875
6517,0.6359863281249999
6518,21.013916015625
6519,-19.841064453125
6520,25.212890625
6521,3.921875
6522,23.559326171875
6523,-14.751953125
6524,-2.7685546875000004
6525,11.147216796875
6526,-16.228515625
6527,-46.28662109375
6528,11.92724609375
6529,-36.1044921875
6530,-34.814453125
6531,-45.419677734375
6532,7.506103515625
6533,71.94189453125
6534,74.03564453125
6535,44.507080078125
6536,-17.08984375
6537,-29.499755859375
6538,17.70361328125
6539,55.53881835937501
6540,-23.808349609375
6541,-34.712646484375
6542,9.8115234375
6543,52.763427734375
6544,-2.986083984375
6545,-16.874267578125
6546,-5.78564453125
6547,12.488037109375
6548,3.987060546875
6549,-22.4111328125
6550,-8.6064453125
6551,5.8154296875
6552,42.77929687499999
6553,16.02294921875
6554,-0.4870605468750022
6555,-45.1669921875
6556,76.9404296875
6557,55.128173828125
6558,-4.60009765625
6559,-37.178955078125
6560,-16.482177734375
6561,8.262939453125
6562,25.374267578125
6563,-21.636474609375
6564,-11.719482421875
6565,18.9755859375
6566,14.5576171875
6567,-22.30322265625
6568,-3.8779296875000004
6569,9.060546875
6570,27.32568359375
6571,-1.9108886718750002
6572,7.359130859374999
6573,39.72509765625
6574,30.49560546875
6575,-10.9189453125
6576,8.902099609375
6577,45.27880859375
6578,-9.648681640625002
6579,113.14599609375
6580,4.468017578125
6581,-12.830322265625
6582,12.712890625
6583,12.68994140625
6584,-2.671142578125
6585,-6.843017578125
6586,12.5498046875
6587,-8.175537109375
6588,-10.320556640625
6589,-4.322509765625
6590,7.934326171875
6591,-1.454833984375
6592,-2.567626953125
6593,-4.338623046875
6594,6.765625
6595,4.04638671875
6596,-37.18945312500001
6597,-27.394287109375
6598,64.736328125
6599,-33.8642578125
6600,4.5693359375
6601,98.995849609375
6602,-73.69482421875
6603,-36.05029296875
6604,-0.32373046874999956
6605,23.501953125
6606,52.6748046875
6607,-3.806884765625
6608,10.4619140625
6609,5.29150390625
6610,9.43505859375
6611,2.4970703124999996
6612,12.416259765625
6613,2.115234375
6614,18.875244140625
6615,1.743408203125
6616,4.842529296875
6617,-8.055419921875
6618,4.286865234375
6619,-10.0263671875
6620,37.81396484375
6621,-6.0791015625
6622,14.0859375
6623,-8.856689453125
6624,30.64599609375
6625,55.53125
6626,0.449462890625
6627,-20.106201171875
6628,7.687255859374999
6629,42.73291015625
6630,-2.186279296875
6631,-17.679443359375
6632,31.14013671875
6633,41.0908203125
6634,-0.083740234375
6635,1.7329101562499998
6636,1.472412109375
6637,49.436767578125
6638,11.978515625
6639,2.018798828125
6640,3.447509765625
6641,-21.458740234375
6642,-2.977783203125
6643,35.545166015625
6644,32.25244140625
6645,31.96630859375
6646,-21.57373046875
6647,2.35546875
6648,31.917724609375
6649,39.16357421875
6650,38.33251953125
6651,-16.95556640625
6652,43.103271484375
6653,59.08251953125
6654,-3.489501953125
6655,26.60986328125
6656,-8.54248046875
6657,68.38330078125
6658,-7.956787109374999
6659,38.1474609375
6660,66.529296875
6661,-9.687255859375
6662,-0.359130859375
6663,6.65234375
6664,-11.47509765625
6665,-7.89892578125
6666,-1.8330078125
6667,6.623779296875
6668,7.516357421875
6669,11.67626953125
6670,-6.109130859374999
6671,-5.04052734375
6672,-19.249755859375
6673,-3.852294921875
6674,25.339111328125
6675,-9.21044921875
6676,-16.653076171875
6677,1.2348632812499998
6678,-25.603515625
6679,18.63525390625
6680,16.4873046875
6681,-5.076904296875
6682,-8.10205078125
6683,12.927734375
6684,16.815673828125
6685,-0.103271484375
6686,64.59228515625
6687,26.76611328125
6688,48.971435546875
6689,109.746337890625
6690,-19.989501953125
6691,-47.485107421875
6692,-45.47900390625
6693,111.80322265625
6694,-18.95068359375
6695,54.685791015625
6696,66.331298828125
6697,-6.6376953125
6698,22.293701171875
6699,26.34375
6700,13.907226562499998
6701,-11.405761718749998
6702,26.07373046875
6703,24.42919921875
6704,4.462158203125
6705,-12.210449218749998
6706,-12.71875
6707,47.96728515625
6708,47.10620117187499
6709,0.491455078125
6710,-14.02783203125
6711,48.39404296875
6712,45.17749023437499
6713,-40.502685546875
6714,-5.674804687500001
6715,12.3701171875
6716,-4.28564453125
6717,10.805908203125
6718,27.270263671875
6719,13.670166015625002
6720,-0.8217773437500002
6721,17.089111328125
6722,-8.04931640625
6723,-15.1376953125
6724,35.783935546875
6725,14.902587890625
6726,-21.212158203124996
6727,58.46679687499999
6728,54.00927734375
6729,11.752197265625
6730,-15.068115234375
6731,2.945556640625
6732,27.513427734374996
6733,2.879150390625
6734,8.432373046875
6735,-3.300537109375
6736,-0.5732421875
6737,3.36865234375
6738,10.023925781250002
6739,-6.0869140625
6740,8.023193359375
6741,3.985107421875
6742,-29.566162109375
6743,57.28002929687501
6744,38.34521484375
6745,39.641357421875
6746,-22.011474609375
6747,65.263671875
6748,41.50195312500001
6749,3.177001953125
6750,22.852294921875
6751,51.654541015625
6752,-18.4248046875
6753,-20.48486328125
6754,64.419677734375
6755,49.534423828125
6756,-17.227294921875
6757,-21.882812499999996
6758,39.76879882812501
6759,47.853515625
6760,-17.45263671875
6761,29.27587890625
6762,98.88623046875
6763,47.09130859375
6764,-4.765869140625001
6765,31.1123046875
6766,104.47119140625
6767,-24.797119140625
6768,-11.007324218749998
6769,15.294189453125
6770,11.513916015625002
6771,2.053955078125
6772,-4.193359375
6773,7.731689453125
6774,9.906005859375
6775,2.65576171875
6776,-8.82275390625
6777,-12.731201171875
6778,99.866455078125
6779,-6.9140625
6780,-2.96142578125
6781,18.968994140625
6782,38.9013671875
6783,-1.072265625
6784,-7.427978515625
6785,36.32177734375
6786,34.648681640625
6787,-42.680419921875
6788,150.564697265625
6789,120.167236328125
6790,-35.2353515625
6791,7.091552734375
6792,150.800048828125
6793,119.203125
6794,-30.534667968749996
6795,12.602294921875
6796,5.70263671875
6797,-9.734863281250002
6798,-15.670166015625002
6799,75.934814453125
6800,20.82080078125
6801,-8.813232421875
6802,-14.4189453125
6803,0.034423828125
6804,10.93603515625
6805,-16.740478515625
6806,14.4150390625
6807,24.750732421875
6808,4.14501953125
6809,2.038818359375
6810,18.135498046875
6811,30.387451171875
6812,-8.89404296875
6813,-13.533447265625
6814,71.35009765625
6815,-23.845458984375
6816,4.318603515625
6817,-27.24169921875
6818,82.096435546875
6819,-28.0654296875
6820,-2.44140625
6821,5.4375
6822,51.68212890625
6823,12.328857421875
6824,-12.239990234375
6825,1.9184570312499998
6826,-7.71728515625
6827,-8.37353515625
6828,-10.484375
6829,8.294189453125
6830,-17.869384765625
6831,-19.67041015625
6832,7.470458984375
6833,61.795166015625
6834,-7.93701171875
6835,20.7880859375
6836,27.569580078125
6837,58.04638671875
6838,-9.116455078125
6839,-6.2841796875
6840,23.7548828125
6841,6.619873046875
6842,2.0021972656249982
6843,52.27783203125
6844,39.287353515625
6845,34.27001953125
6846,-4.2275390625
6847,50.214599609375
6848,-47.114013671875
6849,5.33544921875
6850,17.6220703125
6851,-25.080810546875
6852,-10.33251953125
6853,86.39208984375
6854,25.001953125
6855,-21.10986328125
6856,-16.473876953125
6857,19.81201171875
6858,9.036865234375
6859,-0.5895996093750001
6860,-8.991943359375
6861,-3.24658203125
6862,32.20654296875
6863,8.6484375
6864,-5.38525390625
6865,2.572998046875
6866,2.166259765625
6867,8.235107421875
6868,-12.48095703125
6869,0.16845703125
6870,4.82080078125
6871,27.860595703125
6872,10.950439453125
6873,-2.865966796875
6874,5.238037109374999
6875,17.51953125
6876,6.705810546875
6877,-14.0966796875
6878,30.773193359375
6879,27.071533203124996
6880,1.51953125
6881,-13.991455078125
6882,27.6650390625
6883,30.133544921875
6884,3.072998046875
6885,-8.489501953125
6886,21.6943359375
6887,37.122802734375
6888,0.2431640625
6889,4.216064453125
6890,13.562011718749998
6891,31.192626953125
6892,3.140380859375
6893,30.67431640625
6894,20.575927734374996
6895,-1.04736328125
6896,-21.561523437499996
6897,6.244384765625
6898,-10.044189453125
6899,-8.227294921875
6900,-27.31494140625
6901,4.486328125
6902,20.8818359375
6903,28.23046875
6904,-4.00732421875
6905,7.662841796875
6906,6.0595703125
6907,4.5986328125
6908,20.556396484375
6909,4.761962890625001
6910,4.2041015625
6911,3.1923828124999996
6912,-12.7392578125
6913,0.24975585937499956
6914,37.285400390625
6915,43.103515625
6916,-67.47119140625
6917,-2.111572265625001
6918,43.181640625
6919,43.19091796875
6920,-4.568115234375
6921,-8.543212890625
6922,-25.1904296875
6923,70.155517578125
6924,69.3359375
6925,-3.290771484375
6926,-14.383544921875
6927,68.549560546875
6928,68.03759765625
6929,-18.89013671875
6930,-26.314697265625004
6931,25.3837890625
6932,47.446533203125
6933,16.316650390625
6934,34.570556640625
6935,8.2939453125
6936,48.919921875
6937,16.329833984375
6938,-25.380126953125
6939,6.459716796875
6940,9.787109375
6941,9.352050781250002
6942,1.3295898437500002
6943,15.343994140625
6944,-1.482666015625
6945,6.461669921875
6946,-2.267822265625
6947,10.70947265625
6948,27.740966796875004
6949,-4.699462890625001
6950,67.792236328125
6951,33.1943359375
6952,-14.517578125
6953,-11.84130859375
6954,67.887939453125
6955,35.055908203125
6956,-58.78076171875
6957,-57.26904296875
6958,-39.6396484375
6959,14.830810546875
6960,18.8642578125
6961,-14.333740234375
6962,-18.408203125
6963,13.94384765625
6964,18.7939453125
6965,14.23681640625
6966,19.173583984375
6967,5.708984375000001
6968,8.7958984375
6969,16.13427734375
6970,0.6643066406249999
6971,3.32373046875
6972,8.8310546875
6973,19.5986328125
6974,-0.5205078125
6975,2.671875
6976,10.484619140625
6977,11.103759765624998
6978,-19.040771484375
6979,21.1162109375
6980,15.371337890625
6981,0.8395996093750001
6982,-21.180419921875
6983,-6.0751953125
6984,35.3720703125
6985,18.004150390625
6986,-4.6015625
6987,11.710693359375
6988,-2.54638671875
6989,-2.8608398437500004
6990,-9.474609375
6991,4.454345703125
6992,-7.06494140625
6993,-2.684326171875
6994,-4.80517578125
6995,1.131103515625
6996,5.55859375
6997,3.240234375
6998,6.856201171875
6999,-2.859375
7000,1.864013671875
7001,-10.290771484374998
7002,15.859619140625
7003,2.53662109375
7004,-16.26806640625
7005,-14.407470703125
7006,6.11279296875
7007,10.261718750000002
7008,-18.177490234375
7009,-12.600341796875
7010,-8.58447265625
7011,-12.38818359375
7012,139.47216796875
7013,71.55078125
7014,-13.306884765625
7015,-24.87109375
7016,120.35302734375
7017,73.67431640625
7018,-17.465087890625
7019,37.760498046875
7020,40.461669921875
7021,-40.0009765625
7022,4.8896484375
7023,49.3916015625
7024,-20.637451171875
7025,-24.43701171875
7026,3.82666015625
7027,46.28173828125
7028,-7.93212890625
7029,-30.133544921875
7030,18.04150390625
7031,-5.226806640625001
7032,4.182861328125
7033,19.755615234375
7034,13.396728515625002
7035,-5.06591796875
7036,-1.391357421875
7037,104.53857421875
7038,37.77587890625
7039,-2.638427734375
7040,1.6704101562499998
7041,20.07666015625
7042,-5.670166015625
7043,2.609130859375
7044,1.998779296875
7045,19.44189453125
7046,-18.44873046875
7047,2.82080078125
7048,-1.1826171875
7049,43.815673828125
7050,1.6040039062499998
7051,-44.6171875
7052,-2.345458984375
7053,45.0400390625
7054,10.9794921875
7055,-1.376220703125
7056,-9.551025390625
7057,-5.89013671875
7058,9.66162109375
7059,-6.174072265625
7060,11.5908203125
7061,24.48193359375
7062,2.0625
7063,-0.5615234375
7064,4.05908203125
7065,2.223876953125
7066,-20.03955078125
7067,6.439697265625
7068,16.217529296875
7069,2.682861328125
7070,-1.442138671875
7071,6.65966796875
7072,17.49609375
7073,7.150146484375
7074,14.704101562499996
7075,-28.7001953125
7076,59.74804687499999
7077,61.52734375
7078,3.18359375
7079,-30.050048828125
7080,62.041748046875
7081,65.30419921875
7082,-28.432861328125
7083,-30.41552734375
7084,11.572021484374998
7085,43.258544921875
7086,37.62158203125
7087,2.396728515625
7088,-2.118896484375
7089,42.251708984375
7090,38.205078125
7091,4.8134765625
7092,4.848388671875
7093,10.880859375
7094,-6.272216796875
7095,-30.46923828125
7096,-19.3779296875
7097,-7.74853515625
7098,-13.906982421875
7099,-31.305419921875
7100,56.54541015625
7101,70.297607421875
7102,-9.552734375
7103,104.49853515625
7104,111.404296875
7105,-17.3564453125
7106,-11.689208984374998
7107,105.56787109375
7108,110.82421875
7109,47.47509765625
7110,48.74609375
7111,1.36328125
7112,-7.029052734375
7113,0.9931640625
7114,0.2578125
7115,5.289794921875
7116,-9.052490234375
7117,-4.731201171875
7118,20.873046875
7119,10.56494140625
7120,-15.4658203125
7121,28.83740234375
7122,28.79150390625
7123,8.953857421875
7124,-5.20361328125
7125,32.617431640625
7126,26.134033203124996
7127,30.886962890625
7128,-19.941650390625
7129,3.195068359375
7130,6.170654296875
7131,2.263916015625
7132,-3.895751953125
7133,-14.11962890625
7134,-0.7258300781249999
7135,0.8400878906249999
7136,-9.988037109375
7137,-2.285888671875
7138,-67.3330078125
7139,-44.815673828125
7140,13.740478515625002
7141,25.648437500000004
7142,39.454833984375
7143,-44.877685546875
7144,17.2275390625
7145,-16.28173828125
7146,12.384033203125
7147,-4.403076171875
7148,-0.9104003906249999
7149,-6.07421875
7150,-9.646728515625002
7151,-7.2265625
7152,0.43212890625
7153,0.5261230468749996
7154,-10.487548828125
7155,-6.576171875000001
7156,8.777099609375
7157,-3.291259765625
7158,-2.373291015625
7159,6.9775390625
7160,-1.922607421875
7161,1.996826171875
7162,-2.507080078125
7163,11.545654296875
7164,0.7624511718750001
7165,-1.765869140625
7166,40.33374023437499
7167,34.953857421875
7168,-3.10986328125
7169,-2.596435546875
7170,48.809326171875
7171,33.302978515625
7172,-7.615966796875
7173,-5.854248046875
7174,11.150634765625
7175,20.8701171875
7176,35.40625
7177,5.566162109374999
7178,10.41064453125
7179,21.743896484375
7180,33.5087890625
7181,-6.792724609374999
7182,-2.50146484375
7183,-33.813232421875
7184,-7.11181640625
7185,37.395263671875
7186,31.292724609375
7187,-17.15087890625
7188,-2.779541015625
7189,38.514404296875
7190,-4.30224609375
7191,-8.45556640625
7192,19.35888671875
7193,-16.049560546875
7194,39.18896484375
7195,-27.109375
7196,-30.56982421875
7197,-16.87744140625
7198,42.82421875
7199,-7.372314453125
7200,-17.792236328125
7201,-24.4501953125
7202,31.856201171875
7203,88.04443359375
7204,-22.697509765625
7205,-15.194091796875
7206,26.86181640625
7207,84.50439453125
7208,5.884033203125
7209,-29.69921875
7210,-2.317138671875
7211,-11.187744140625
7212,6.277587890625001
7213,10.582031249999998
7214,-5.479736328125
7215,-11.94287109375
7216,0.77587890625
7217,-15.133056640625
7218,16.072509765625
7219,-31.205322265625004
7220,46.959716796875
7221,58.585693359375
7222,-8.845458984375
7223,-13.052734375
7224,44.086669921875
7225,57.138671875
7226,-19.36474609375
7227,-13.8681640625
7228,11.0869140625
7229,83.697509765625
7230,16.968505859375
7231,-4.36328125
7232,2.67236328125
7233,92.739990234375
7234,21.75634765625
7235,41.11181640624999
7236,83.154052734375
7237,21.85693359375
7238,-43.4765625
7239,-37.996337890625
7240,-33.47412109375
7241,7.02880859375
7242,-43.3408203125
7243,-36.80712890625
7244,13.37060546875
7245,38.72631835937501
7246,-19.03515625
7247,37.944580078125
7248,45.401123046875
7249,92.453125
7250,-17.9697265625
7251,38.750244140625
7252,43.34814453125001
7253,-39.73974609375
7254,-20.007080078125
7255,2.75
7256,5.13427734375
7257,12.7900390625
7258,-25.328369140625
7259,0.18212890624999978
7260,-2.822998046875
7261,13.587158203125
7262,4.888427734375
7263,-3.3388671875000004
7264,-2.452880859375
7265,24.869873046875
7266,-18.8837890625
7267,-23.332275390625
7268,26.902832031250004
7269,24.983398437499996
7270,-15.736328125
7271,20.316162109375
7272,-15.125732421875
7273,1.7993164062499998
7274,0.7966308593750001
7275,4.423583984375
7276,-4.5234375
7277,-8.806396484375
7278,1.0830078125
7279,-0.237060546875
7280,-3.607177734375
7281,-4.047607421875
7282,-18.11279296875
7283,12.8984375
7284,4.224853515625
7285,-8.28271484375
7286,-10.551025390625
7287,10.0615234375
7288,7.01806640625
7289,9.4462890625
7290,9.020751953125
7291,-3.56201171875
7292,50.26171875
7293,46.05615234375
7294,-17.568115234375
7295,-3.350830078125
7296,55.5361328125
7297,42.884033203125
7298,82.0849609375
7299,-2.202880859375001
7300,6.988525390625001
7301,6.20751953125
7302,31.266357421875
7303,-6.998291015625
7304,-4.728515624999999
7305,-1.171630859375
7306,30.01123046875
7307,-5.971435546875
7308,6.659423828125
7309,2.898193359375
7310,8.18017578125
7311,14.945556640625
7312,-32.735595703125
7313,4.288330078125
7314,5.5791015625
7315,12.98095703125
7316,20.656982421875
7317,-0.7041015625
7318,-7.4345703125
7319,-5.297607421875
7320,-3.677734375
7321,9.2451171875
7322,17.52880859375
7323,-5.68017578125
7324,-8.99609375
7325,36.4482421875
7326,19.289062499999996
7327,6.848388671875
7328,-44.833984375
7329,-41.9794921875
7330,9.44775390625
7331,8.28759765625
7332,-45.601806640625
7333,-44.74853515625
7334,-11.068603515625002
7335,11.174072265625
7336,118.8203125
7337,6.824707031249998
7338,8.872070312499998
7339,35.67333984375
7340,125.09863281249999
7341,1.1784667968749991
7342,12.504882812499998
7343,14.467041015625002
7344,121.44311523437499
7345,44.280517578125
7346,106.748046875
7347,27.124023437499996
7348,51.613037109375
7349,7.346435546875
7350,106.605224609375
7351,28.3232421875
7352,11.59375
7353,8.53515625
7354,-10.740478515625002
7355,-7.24267578125
7356,-8.68603515625
7357,-3.61669921875
7358,-2.6201171875000004
7359,-9.015625
7360,-11.56396484375
7361,15.283935546875
7362,-8.34375
7363,4.3291015625
7364,5.435791015625
7365,-3.916015625
7366,-9.0390625
7367,31.594482421875
7368,4.017578125
7369,-6.47265625
7370,-2.38525390625
7371,11.700927734375
7372,53.886962890625
7373,-15.66748046875
7374,-21.533935546875
7375,65.392333984375
7376,140.86962890625
7377,-12.353515625
7378,-21.03955078125
7379,83.6572265625
7380,-1.811767578125
7381,4.333251953124999
7382,-0.12817382812499983
7383,26.076171875
7384,-14.246093750000002
7385,34.318115234375
7386,-1.33984375
7387,22.394287109375
7388,37.882080078125
7389,-6.540771484375
7390,29.430908203124996
7391,-8.255615234375
7392,1.732666015625
7393,39.845458984375
7394,18.001220703125
7395,-5.144287109374999
7396,-0.37866210937500044
7397,-8.43603515625
7398,30.387207031250004
7399,17.04150390625
7400,-7.958740234375
7401,-4.78173828125
7402,6.408203124999999
7403,8.7939453125
7404,-7.373291015625
7405,-1.073974609375
7406,-1.567138671875
7407,8.0322265625
7408,6.918212890625001
7409,2.424072265625
7410,3.859619140625
7411,3.339599609375
7412,7.240966796875
7413,1.2866210937500002
7414,11.31591796875
7415,-5.451904296875
7416,7.779296875000001
7417,16.89599609375
7418,15.455078125
7419,-11.24755859375
7420,5.682373046875
7421,0.8898925781249999
7422,12.474365234375
7423,-9.322509765625
7424,-2.340576171875
7425,2.305908203125
7426,22.70263671875
7427,3.221923828125
7428,-6.08984375
7429,20.708251953125
7430,8.5888671875
7431,9.113525390625
7432,-13.05224609375
7433,3.976318359375
7434,25.226318359375
7435,14.890625
7436,134.72509765625
7437,92.20703125
7438,57.076904296875
7439,41.099609375
7440,128.65625
7441,95.77294921875
7442,-3.848388671875
7443,-13.4697265625
7444,-5.517578124999999
7445,1.558349609375
7446,-5.52783203125
7447,16.560791015625
7448,-0.8693847656249999
7449,2.93896484375
7450,-7.12841796875
7451,15.788818359375
7452,-6.337158203125
7453,1.8881835937500002
7454,1.4467773437500002
7455,-0.45849609375
7456,1.290283203125
7457,9.769775390625
7458,4.7890625
7459,0.467529296875
7460,-3.83349609375
7461,-3.50830078125
7462,14.900390625
7463,-2.54345703125
7464,-5.235595703125
7465,18.38818359375
7466,10.883300781250002
7467,6.072265624999999
7468,1.258056640625
7469,-1.640625
7470,11.924560546875
7471,-7.4052734375
7472,-3.784423828125
7473,-5.443359375000001
7474,8.825439453125
7475,-0.60791015625
7476,4.606689453125
7477,-4.3642578125
7478,24.349853515625
7479,-1.296630859375
7480,1.991943359375
7481,9.3115234375
7482,-6.326904296875
7483,5.593994140625001
7484,7.787353515625
7485,14.750244140625
7486,-7.4521484375
7487,-3.354248046875
7488,3.949462890625
7489,20.950439453125
7490,18.22900390625
7491,28.69677734375
7492,-20.743896484375
7493,-18.327392578125
7494,13.26220703125
7495,28.62255859375
7496,15.6044921875
7497,-14.0859375
7498,-6.725341796875
7499,43.880126953125
7500,76.078857421875
7501,-2.219970703125
7502,-5.5673828125
7503,47.880126953125
7504,64.8642578125
7505,-3.720947265625
7506,26.244873046875
7507,29.277587890625
7508,-11.842041015625002
7509,-10.153564453125
7510,10.302001953125
7511,35.029541015625
7512,-9.6513671875
7513,-6.9521484375
7514,36.2109375
7515,10.222412109375
7516,6.436279296875
7517,2.296142578125
7518,-1.361572265625
7519,11.00634765625
7520,-2.1923828125
7521,-6.135498046875
7522,-0.9797363281249999
7523,2.794921875
7524,4.707275390625001
7525,0.27758789062499956
7526,-1.402099609375
7527,-8.016357421875
7528,-1.330078125
7529,9.315185546875
7530,-3.98779296875
7531,-4.704833984375
7532,36.6171875
7533,-0.378173828125
7534,2.629150390625
7535,-9.64208984375
7536,-8.387451171875
7537,-4.750244140625001
7538,0.2470703125
7539,-9.88525390625
7540,-4.1201171875
7541,14.670166015625002
7542,-4.961669921875
7543,38.49243164062499
7544,-22.232177734374996
7545,-10.68505859375
7546,-3.30224609375
7547,18.571044921875
7548,-18.24951171875
7549,-6.268798828125
7550,-6.707275390625001
7551,20.023437500000004
7552,-11.095947265625
7553,9.893798828125
7554,27.98193359375
7555,2.486083984375
7556,-13.764404296875
7557,-0.483154296875
7558,29.230957031250004
7559,-12.829833984374998
7560,-0.461181640625
7561,1.9379882812499998
7562,-2.08642578125
7563,-1.611572265625
7564,21.398437500000004
7565,-4.99755859375
7566,-0.65185546875
7567,-2.842529296875
7568,10.600830078125
7569,-0.646484375
7570,39.14111328125
7571,77.208740234375
7572,51.010498046875
7573,-1.743408203125
7574,14.822265625
7575,77.380126953125
7576,60.8017578125
7577,34.80419921875
7578,-9.98876953125
7579,-2.091552734375
7580,22.176513671875
7581,21.84912109375
7582,0.2724609375
7583,-23.79736328125
7584,25.043701171875
7585,18.51806640625
7586,-19.53515625
7587,0.05712890625
7588,-39.18554687499999
7589,39.32568359375001
7590,24.95849609375
7591,5.349365234375
7592,-37.419677734375
7593,41.780517578125
7594,28.545166015625
7595,-23.384521484375
7596,-32.890625
7597,-2.44091796875
7598,2.489501953125
7599,-3.167724609375
7600,-8.058349609375
7601,-5.907470703125
7602,-0.10546875
7603,-0.28076171875
7604,-7.882080078125
7605,3.76123046875
7606,89.947021484375
7607,73.42578125
7608,24.458984375
7609,5.552978515625
7610,6.425048828125
7611,72.612548828125
7612,19.543212890625
7613,4.62158203125
7614,37.502197265625
7615,7.1806640625
7616,0.6237792968750001
7617,-18.614501953125
7618,2.46533203125
7619,11.202636718749998
7620,2.693115234375
7621,-20.03759765625
7622,1.455322265625
7623,-13.907958984374998
7624,8.613525390625
7625,-11.969238281250002
7626,11.0185546875
7627,-1.2075195312499998
7628,-0.77734375
7629,-10.21728515625
7630,2.9609375
7631,0.389892578125
7632,4.6826171875
7633,2.71728515625
7634,52.81005859375
7635,37.35400390625
7636,-45.8134765625
7637,-3.2841796875000004
7638,54.20068359375001
7639,36.250732421875
7640,-18.4091796875
7641,-22.61767578125
7642,3.002197265625
7643,-8.88671875
7644,42.81372070312499
7645,-15.345703125
7646,-11.153076171875
7647,-9.262939453125
7648,34.431640625
7649,-16.946044921875
7650,-1.331298828125
7651,124.031005859375
7652,-7.378662109374999
7653,-13.546875
7654,-19.46142578125
7655,57.16455078125
7656,-13.1513671875
7657,-22.44580078125
7658,73.970947265625
7659,57.56933593749999
7660,128.909912109375
7661,-51.527099609375
7662,-23.787109375
7663,54.427001953125
7664,55.073486328125
7665,-52.37353515625
7666,-30.15185546875
7667,-7.436767578125
7668,25.111572265625004
7669,0.9860839843749998
7670,6.74658203125
7671,-4.223388671875
7672,26.418701171875
7673,4.03076171875
7674,8.982666015625
7675,-9.4169921875
7676,19.715087890625
7677,16.907958984375
7678,5.4091796875
7679,10.4921875
7680,-10.17724609375
7681,3.00244140625
7682,17.527587890625
7683,8.084716796875
7684,-10.98583984375
7685,-1.300537109375
7686,14.724853515625002
7687,-6.31591796875
7688,-8.419677734375
7689,-9.117431640625
7690,1.220947265625
7691,-3.682373046875
7692,-5.197265624999999
7693,-1.0458984375
7694,-7.250244140625001
7695,-6.355224609374999
7696,-3.95068359375
7697,9.901611328125
7698,-7.705810546875
7699,-26.916259765625
7700,-24.872802734374996
7701,1.517333984375
7702,-4.89306640625
7703,2.05224609375
7704,1.8403320312499998
7705,2.111572265625
7706,-1.66015625
7707,7.091796875000001
7708,-4.031494140625
7709,-2.486572265625
7710,-3.333740234375
7711,4.051513671875
7712,3.830810546875
7713,3.487548828125
7714,-14.4814453125
7715,16.6591796875
7716,11.634521484374998
7717,15.781982421875
7718,-1.0114746093749998
7719,18.42431640625
7720,17.12060546875
7721,-7.024902343750001
7722,11.72802734375
7723,16.8515625
7724,-8.52392578125
7725,-10.729736328125
7726,23.73583984375
7727,13.4619140625
7728,-9.33447265625
7729,-17.4072265625
7730,6.65380859375
7731,52.44677734375
7732,-50.84130859375
7733,-49.894775390625
7734,180.329345703125
7735,-28.5107421875
7736,-8.990966796875
7737,-49.0234375
7738,176.51171875
7739,0.80224609375
7740,-28.945312499999996
7741,30.10546875
7742,-20.172851562500004
7743,-19.607421875
7744,14.101074218749998
7745,28.639404296875
7746,-26.146240234375
7747,-19.393310546875
7748,123.88549804687499
7749,28.297119140625
7750,9.27490234375
7751,11.0517578125
7752,-26.859375
7753,11.458984375
7754,8.73974609375
7755,13.02001953125
7756,-25.33935546875
7757,11.115478515625002
7758,12.464599609375
7759,39.070556640625
7760,-36.642822265625
7761,-50.001708984375
7762,29.99755859375
7763,45.285400390625
7764,-38.238037109375
7765,-46.646484375
7766,21.867431640625
7767,54.07275390625
7768,-6.02783203125
7769,-3.537353515625
7770,-4.37060546875
7771,21.46630859375
7772,-5.224365234375
7773,0.7199707031249999
7774,-0.2275390625
7775,-9.3271484375
7776,-4.669921875000001
7777,16.46484375
7778,-11.031738281250002
7779,-13.960449218749998
7780,25.028564453125
7781,-12.468505859375
7782,-13.329345703125
7783,-13.851074218749998
7784,1.443603515625
7785,-0.662109375
7786,5.209228515625
7787,-0.2568359375
7788,-6.05712890625
7789,15.80615234375
7790,8.872314453125
7791,2.33935546875
7792,-6.0673828125
7793,17.7021484375
7794,13.904296875
7795,70.69140625
7796,68.314208984375
7797,0.055908203125
7798,108.9130859375
7799,141.43359375
7800,56.7490234375
7801,-7.4345703125
7802,27.130615234375
7803,5.63818359375
7804,60.883544921875
7805,-2.161376953125001
7806,23.757812499999996
7807,17.746826171875
7808,49.58129882812501
7809,-8.145263671875
7810,22.343505859375
7811,26.280029296875
7812,33.98779296875
7813,-12.069824218749998
7814,94.1201171875
7815,96.71240234374999
7816,-19.822021484375
7817,-10.0947265625
7818,94.68188476562501
7819,92.9140625
7820,-7.052978515625
7821,-7.599365234375
7822,23.861083984375
7823,-10.828857421875
7824,-3.2177734375000004
7825,-7.787841796875
7826,25.529052734374996
7827,-13.75341796875
7828,-5.46875
7829,16.3115234375
7830,30.009765625
7831,-33.89501953125
7832,-1.513427734375
7833,30.162353515625
7834,0.06201171875
7835,-13.972412109375
7836,-2.2236328125
7837,30.367187500000004
7838,-23.858642578125
7839,-35.40185546875
7840,6.357421875000001
7841,22.471435546875
7842,16.66455078125
7843,-13.063720703125
7844,12.324218750000002
7845,20.13134765625
7846,21.590576171875
7847,-45.680908203125
7848,5.314697265625
7849,44.250244140625
7850,29.306640625
7851,-9.337646484374998
7852,-0.0771484375
7853,13.887451171875
7854,30.697509765625
7855,-6.69921875
7856,10.422363281250002
7857,46.6689453125
7858,8.5966796875
7859,-3.58642578125
7860,4.04296875
7861,22.611572265625004
7862,-2.39501953125
7863,-4.03369140625
7864,1.014404296875
7865,-4.384765625
7866,-0.495849609375
7867,-9.834716796875
7868,-19.5126953125
7869,29.905029296875
7870,16.13720703125
7871,85.576416015625
7872,-26.528076171875
7873,33.340576171875
7874,-8.1767578125
7875,-12.503173828125
7876,19.109619140625
7877,24.743408203124996
7878,31.1064453125
7879,-25.38818359375
7880,-7.176513671875
7881,26.24365234375
7882,31.1298828125
7883,69.524169921875
7884,-16.759033203125
7885,8.070556640625
7886,4.165771484375
7887,3.6350097656250004
7888,9.8798828125
7889,-5.731201171875
7890,2.160400390625
7891,2.71533203125
7892,-3.88671875
7893,2.626220703125
7894,1.802001953125
7895,3.067138671875
7896,1.5498046875
7897,-0.45751953125
7898,5.874267578125
7899,10.793212890625
7900,3.014404296875
7901,-5.983886718750001
7902,2.661376953125
7903,8.80419921875
7904,-9.221923828125
7905,37.446533203125
7906,-7.14599609375
7907,-1.336181640625
7908,-11.07666015625
7909,36.299072265625
7910,-22.512207031250004
7911,-2.232177734375
7912,16.720947265625
7913,5.466796875000001
7914,12.465576171875
7915,1.107177734375
7916,-6.67724609375
7917,6.164306640625001
7918,17.8779296875
7919,-5.516357421875
7920,-7.72998046875
7921,66.064697265625
7922,-22.656005859375
7923,-13.1962890625
7924,-1.484619140625
7925,-6.0078125
7926,-22.185791015625
7927,-8.53564453125
7928,68.804931640625
7929,36.587890625
7930,-15.77978515625
7931,-2.03857421875
7932,-3.017822265625
7933,-19.12255859375
7934,-15.617431640625
7935,-1.918212890625
7936,1.650634765625
7937,24.703857421875
7938,-13.601806640625
7939,-9.093994140625
7940,14.81884765625
7941,24.530517578125
7942,-1.4072265625
7943,-4.281494140625
7944,15.867431640625
7945,28.041748046875
7946,-16.20263671875
7947,-15.12158203125
7948,22.07763671875
7949,-28.204101562500004
7950,-17.851806640625
7951,5.772216796875
7952,15.41162109375
7953,-21.896240234375
7954,-15.390625
7955,2.1665039062499996
7956,8.400634765625
7957,-37.00683593749999
7958,-24.032226562500004
7959,35.21435546875
7960,3.721435546875
7961,0.5874023437499997
7962,-20.19873046875
7963,37.355712890625
7964,6.68310546875
7965,7.59375
7966,-16.32373046875
7967,17.416259765625
7968,81.969482421875
7969,-6.481201171875
7970,-19.766845703125
7971,21.085937500000004
7972,83.86450195312501
7973,-2.552001953125
7974,-14.478759765625
7975,16.027099609375
7976,-23.112548828125
7977,-18.45751953125
7978,7.169189453125
7979,16.152587890625
7980,-14.953613281250002
7981,-14.397705078125
7982,2.302490234375
7983,17.70849609375
7984,-7.0537109375
7985,47.451416015625
7986,49.16308593749999
7987,75.76367187499999
7988,-0.5561523437499996
7989,46.247802734375
7990,46.6787109375
7991,-14.154296875
7992,11.22119140625
7993,-8.87060546875
7994,16.89306640625
7995,11.836669921875
7996,-10.8466796875
7997,0.5869140625
7998,18.908447265625004
7999,8.69873046875
8000,-12.124755859375
8001,6.8662109375
8002,-7.338134765625
8003,-11.344238281250002
8004,-9.35009765625
8005,19.42041015625
8006,-10.6962890625
8007,-10.25439453125
8008,-13.664550781250002
8009,16.1064453125
8010,-7.624755859374999
8011,42.474853515625
8012,50.04296875
8013,0.002441406249999944
8014,21.441650390625
8015,88.44946289062501
8016,51.47265625
8017,0.796875
8018,39.694580078125
8019,-1.571044921875
8020,8.27978515625
8021,5.624267578125
8022,-6.851806640625001
8023,22.208740234375
8024,39.77978515625
8025,0.238525390625
8026,-7.841796875000001
8027,14.081787109375
8028,26.313720703125
8029,-36.63330078125
8030,-4.320068359375
8031,49.423583984375
8032,-6.59423828125
8033,-11.374755859375
8034,-3.914550781250001
8035,55.26318359375001
8036,-17.79052734375
8037,9.472167968749998
8038,21.148437500000004
8039,-14.960205078125
8040,52.9599609375
8041,-2.678710937500001
8042,0.6833496093750001
8043,-21.448974609375
8044,51.78369140625
8045,2.76171875
8046,-5.091064453125
8047,6.727783203125
8048,3.318115234375
8049,9.44091796875
8050,2.78173828125
8051,-2.805419921875
8052,1.587890625
8053,11.710449218749998
8054,9.21435546875
8055,14.135498046875
8056,100.877685546875
8057,6.253662109374999
8058,-51.60937500000001
8059,27.5625
8060,70.0205078125
8061,4.113037109375
8062,-51.54736328125
8063,51.994873046875
8064,88.43359374999999
8065,-14.18994140625
8066,-29.702392578125
8067,14.256591796875
8068,6.5390625
8069,5.468505859374999
8070,-26.699707031250004
8071,15.199951171875
8072,-21.265380859375
8073,2.057373046875
8074,-7.41796875
8075,40.122802734375
8076,16.706787109375
8077,-18.91650390625
8078,-72.263427734375
8079,42.4541015625
8080,14.962158203125
8081,25.677001953125
8082,98.7578125
8083,75.73046875
8084,-9.99658203125
8085,39.88427734375
8086,114.16748046874999
8087,97.653564453125
8088,-15.31396484375
8089,33.46435546875
8090,-7.3251953125
8091,96.38378906250001
8092,-1.7915039062499998
8093,-3.201904296875
8094,20.856689453125
8095,-10.632568359375
8096,-9.927490234375
8097,-0.516357421875
8098,25.1298828125
8099,-48.88232421875
8100,-46.9873046875
8101,-4.42138671875
8102,-1.538330078125
8103,-9.00439453125
8104,-6.02490234375
8105,13.903076171875
8106,5.731689453125
8107,-3.279296875
8108,-0.9191894531249999
8109,14.57666015625
8110,-4.26904296875
8111,-0.115966796875
8112,-2.4453125
8113,-3.349853515625
8114,-12.03369140625
8115,0.185302734375
8116,0.04296874999999998
8117,-5.716064453125
8118,-9.400634765625
8119,-28.447998046875
8120,71.007080078125
8121,70.252685546875
8122,1.8684082031249973
8123,-47.206787109375
8124,66.90869140625
8125,73.045654296875
8126,52.119140625
8127,-25.717773437499996
8128,161.03515625
8129,88.928466796875
8130,15.502929687499996
8131,-1.602783203125
8132,37.46142578125
8133,88.55712890625
8134,15.865234374999996
8135,46.76123046875
8136,73.699951171875
8137,7.6123046875
8138,125.6123046875
8139,130.54052734375
8140,-20.50390625
8141,9.12939453125
8142,123.854736328125
8143,134.614990234375
8144,-15.564208984374998
8145,-5.44580078125
8146,3.179443359375
8147,-1.4506835937500002
8148,-6.278564453125
8149,-2.797119140625
8150,-2.42333984375
8151,-4.37158203125
8152,-3.903564453125
8153,4.061279296875
8154,11.8037109375
8155,5.33740234375
8156,0.359619140625
8157,-7.87060546875
8158,-4.008056640625
8159,11.080322265625
8160,3.02685546875
8161,-5.1123046875
8162,35.914306640625
8163,3.1982421875000004
8164,21.989990234375
8165,-10.196533203125
8166,-14.05615234375
8167,50.7001953125
8168,9.302490234375
8169,-14.2431640625
8170,-10.4814453125
8171,-7.703857421875
8172,16.068603515625
8173,15.041748046875
8174,15.1513671875
8175,0.0966796875
8176,-9.77587890625
8177,6.084228515625
8178,5.874267578125
8179,-0.555908203125
8180,-21.23828125
8181,2.951904296875
8182,21.659912109375
8183,-14.44091796875
8184,-10.447265625
8185,50.60400390625
8186,26.6904296875
8187,-11.339111328125
8188,-10.082763671875
8189,13.926025390625
8190,22.5283203125
8191,19.174072265625004
8192,-3.82373046875
8193,-10.68115234375
8194,62.736083984375
8195,20.892822265625004
8196,-1.877685546875
8197,-12.885009765625
8198,-5.894775390625001
8199,17.3291015625
8200,-3.999755859375
8201,12.993408203125
8202,2.6005859375000004
8203,-11.147949218749998
8204,-9.859375
8205,15.757080078125
8206,8.72265625
8207,-11.798583984374998
8208,-3.858642578125
8209,-0.120361328125
8210,-11.68212890625
8211,-12.8974609375
8212,89.879150390625
8213,-4.36376953125
8214,-14.558349609375
8215,-18.965087890625
8216,2.228515625
8217,-3.993408203125
8218,24.521484375
8219,-8.416259765625
8220,-15.21630859375
8221,28.794921875
8222,77.524658203125
8223,-3.449462890625
8224,-17.416015625
8225,66.642578125
8226,16.92529296875
8227,64.83203125
8228,3.3415527343749996
8229,2.592041015625
8230,25.810791015625
8231,67.333251953125
8232,6.609130859374999
8233,7.734619140625001
8234,39.190185546875
8235,73.44775390625
8236,-8.2880859375
8237,-12.4013671875
8238,-5.64453125
8239,47.74243164062499
8240,16.089111328125
8241,-12.30615234375
8242,-5.874755859374999
8243,-31.804931640625
8244,-14.810546875
8245,5.50927734375
8246,91.953369140625
8247,83.421875
8248,-9.007568359375
8249,-2.544677734375
8250,86.742431640625
8251,90.556640625
8252,-17.57470703125
8253,-1.6042480468750009
8254,-6.245849609374999
8255,-4.015380859375
8256,-0.514404296875
8257,29.91064453125
8258,-11.513916015625002
8259,1.5151367187500002
8260,-2.043212890625
8261,-6.16552734375
8262,-9.583251953125
8263,-12.136718750000002
8264,116.322021484375
8265,105.5556640625
8266,-5.855224609374999
8267,-13.9013671875
8268,113.228515625
8269,100.507080078125
8270,-14.36474609375
8271,-2.7773437500000004
8272,-4.56787109375
8273,14.468017578125
8274,-20.39111328125
8275,-6.50390625
8276,-6.703125
8277,21.367431640625
8278,-17.74072265625
8279,0.08178710937500001
8280,-1.447021484375
8281,3.82373046875
8282,-33.690673828125
8283,-7.03466796875
8284,-2.669189453125
8285,13.211669921875
8286,-29.25390625
8287,-3.515380859375
8288,10.15478515625
8289,18.49365234375
8290,10.557373046875
8291,5.146728515625
8292,1.8134765625
8293,-1.406982421875
8294,36.028076171875
8295,4.5126953125
8296,2.30908203125
8297,-0.8635253906249999
8298,-10.052001953125
8299,20.88818359375
8300,15.769531249999998
8301,-13.10009765625
8302,2.069580078125
8303,1.1860351562499998
8304,16.06201171875
8305,-15.89599609375
8306,17.850341796875
8307,44.3173828125
8308,52.75244140625
8309,-67.49609375
8310,-58.732421875
8311,-29.23974609375
8312,37.8388671875
8313,-63.09497070312499
8314,-58.33251953125
8315,6.265625
8316,122.38720703125
8317,-0.12646484375
8318,-0.3056640625
8319,-5.594482421875
8320,2.849609375
8321,8.962646484375
8322,0.2509765625
8323,-4.420654296875
8324,2.819091796875
8325,7.71240234375
8326,2.3593749999999996
8327,-6.459228515625
8328,-4.5341796875
8329,8.818603515625
8330,-4.323486328125
8331,-2.860595703125
8332,-4.1748046875
8333,-4.848388671875
8334,-5.91357421875
8335,4.255859375
8336,-24.301513671875
8337,21.360107421875
8338,-69.278076171875
8339,-34.97412109375
8340,-30.90576171875
8341,22.563476562500004
8342,29.761962890625
8343,25.87060546875
8344,2.013671875
8345,2.168701171875
8346,-3.592529296875
8347,19.47021484375
8348,1.42578125
8349,-7.709228515625
8350,-7.572021484375
8351,-18.11962890625
8352,4.5966796875
8353,-45.937744140625
8354,41.457763671875
8355,64.30859375
8356,-12.7451171875
8357,-44.0146484375
8358,39.650390625
8359,65.0341796875
8360,1.9150390625
8361,-44.622314453125
8362,-23.742431640625
8363,84.7392578125
8364,62.596435546875
8365,-28.990234375
8366,-4.141357421875
8367,80.94921875
8368,63.534912109375
8369,-6.8291015625
8370,-43.34497070312499
8371,-15.384033203125
8372,-10.7998046875
8373,-0.109619140625
8374,5.381103515625
8375,-9.378173828125
8376,-7.12451171875
8377,-6.080810546875
8378,-4.587646484375
8379,-13.84912109375
8380,24.14599609375
8381,25.3955078125
8382,-13.151611328125
8383,15.054931640625
8384,9.320800781250002
8385,14.415771484374998
8386,-9.250488281250002
8387,102.1328125
8388,103.1591796875
8389,8.872314453125
8390,9.225341796875
8391,5.514404296875
8392,-17.623779296875
8393,13.500732421875
8394,0.7299804687500001
8395,4.305419921875
8396,45.95751953125
8397,11.9736328125
8398,13.506591796875
8399,7.502197265625
8400,11.299072265625
8401,-10.446044921875
8402,19.569091796875004
8403,12.63720703125
8404,6.263427734375
8405,-3.184814453125
8406,15.971435546875
8407,-0.287109375
8408,-0.214111328125
8409,4.065185546875
8410,13.055419921875
8411,-2.925048828125
8412,0.21923828125
8413,1.908935546875
8414,-11.741943359375
8415,1.578369140625
8416,-15.50244140625
8417,12.781982421875
8418,20.314453125
8419,3.694091796874996
8420,-13.593261718749998
8421,18.83984375
8422,23.953857421875
8423,0.7863769531249999
8424,-18.9033203125
8425,-9.137451171875
8426,6.48974609375
8427,-4.110107421875
8428,3.797607421875
8429,37.470458984375
8430,9.13916015625
8431,-0.2265625
8432,-2.786376953125
8433,4.94287109375
8434,17.176025390625
8435,20.947509765625
8436,8.939697265625
8437,1.09326171875
8438,-6.275634765625
8439,21.034423828125
8440,-0.15600585937500008
8441,5.048828124999999
8442,9.1337890625
8443,41.25146484375
8444,-17.107421875
8445,-12.217529296875
8446,13.378662109375
8447,48.213134765625
8448,-8.458740234375
8449,-7.073486328125
8450,0.51953125
8451,40.759033203125
8452,-2.411376953125
8453,-1.0087890625
8454,5.02099609375
8455,4.93505859375
8456,11.984130859375
8457,2.267578125
8458,-2.184326171875
8459,2.026611328125
8460,0.7900390624999991
8461,1.261474609375
8462,4.6796875
8463,6.937744140625001
8464,-0.8166503906249999
8465,4.108154296875
8466,6.249267578125
8467,8.846435546875
8468,-24.682861328125
8469,-6.017822265625
8470,29.806640625
8471,-27.892333984375
8472,-28.911865234375
8473,0.7424316406249999
8474,50.3486328125
8475,-25.376708984375
8476,-23.30078125
8477,23.908203125
8478,41.70849609375
8479,3.0334472656249996
8480,33.3994140625
8481,11.953857421875
8482,12.743896484374998
8483,-16.383544921875
8484,32.311767578125
8485,12.466796875
8486,14.254638671875
8487,16.4365234375
8488,34.680419921875
8489,-32.04931640625
8490,-35.228515625
8491,26.235107421875
8492,39.804443359375
8493,-33.564208984375
8494,-38.727294921875
8495,8.762451171875
8496,40.93505859375
8497,46.643310546875
8498,16.2236328125
8499,-37.3291015625
8500,-1.4990234375
8501,9.687744140625
8502,8.0869140625
8503,-34.691650390625
8504,43.153076171875
8505,36.168701171875
8506,-15.61865234375
8507,62.0703125
8508,36.832275390625
8509,121.120361328125
8510,-39.015869140625
8511,61.98974609375
8512,40.3046875
8513,-5.72216796875
8514,36.788818359375
8515,-5.630859375000001
8516,6.466064453125
8517,6.064453124999999
8518,-10.68310546875
8519,3.576904296875
8520,9.063720703125
8521,0.3564453125
8522,-11.042968750000002
8523,1.32421875
8524,-7.62109375
8525,-16.723388671875
8526,134.863037109375
8527,31.65771484375
8528,-23.412353515625
8529,-19.67724609375
8530,133.041015625
8531,109.518310546875
8532,-6.220458984375
8533,-8.374755859375002
8534,2.547607421875
8535,38.39306640624999
8536,7.285400390625001
8537,-24.357666015625
8538,-1.6123046875
8539,40.24169921875
8540,2.8688964843749987
8541,-5.067382812500001
8542,-9.012451171875
8543,-4.722412109374999
8544,-5.433349609374999
8545,0.78662109375
8546,-7.5009765625
8547,-1.839111328125
8548,-6.4072265625
8549,23.005615234375
8550,-3.225341796875
8551,15.05810546875
8552,10.351074218749998
8553,0.9689941406249999
8554,-13.278564453125
8555,9.657470703125
8556,4.393310546875
8557,10.368408203125
8558,-17.585205078125
8559,10.69384765625
8560,9.550537109375
8561,57.183837890625
8562,57.583251953125
8563,-8.3310546875
8564,8.4609375
8565,57.70263671875
8566,52.741455078125
8567,-12.4794921875
8568,6.713623046875
8569,20.468505859375
8570,-67.36181640625
8571,-18.34423828125
8572,122.7646484375
8573,108.456298828125
8574,-69.3798828125
8575,-13.0947265625
8576,-22.345947265625004
8577,-18.952148437499996
8578,-7.692626953125003
8579,-16.01220703125
8580,85.383544921875
8581,4.398681640625
8582,-19.569091796875004
8583,-13.422607421875
8584,81.34033203125
8585,-8.038818359375
8586,-33.436279296875
8587,11.293701171875
8588,-18.867431640625
8589,2.923828125
8590,-15.672607421875
8591,-13.8330078125
8592,-15.1611328125
8593,6.476318359374999
8594,22.297851562500004
8595,19.857421875
8596,153.68432617187497
8597,-29.51025390625
8598,-53.995849609375
8599,67.09912109375
8600,74.093017578125
8601,-31.7783203125
8602,-53.72851562499997
8603,102.13037109375
8604,135.883544921875
8605,-2.248779296875
8606,-8.271728515625
8607,20.198486328125
8608,-14.863525390625
8609,-1.943359375
8610,-12.341796875
8611,11.26806640625
8612,-6.53662109375
8613,-10.843994140625
8614,0.3642578125
8615,16.375
8616,7.197021484375
8617,0.9260253906249999
8618,4.12548828125
8619,17.608154296875
8620,8.30908203125
8621,-29.567626953125
8622,-0.183349609375
8623,-0.98291015625
8624,2.71875
8625,3.2900390624999996
8626,11.742675781250002
8627,9.83154296875
8628,-0.105712890625
8629,9.1181640625
8630,14.149658203125
8631,-1.211669921875
8632,-12.13720703125
8633,38.9580078125
8634,80.26416015625
8635,1.332275390625
8636,-19.968017578125
8637,32.308349609375
8638,90.189453125
8639,10.84130859375
8640,-71.104248046875
8641,3.9580078124999996
8642,-0.4052734375
8643,0.0625
8644,3.483154296875
8645,11.977294921875
8646,1.670654296875
8647,-2.09765625
8648,-3.45947265625
8649,15.48095703125
8650,-10.90625
8651,34.83203125
8652,5.27587890625
8653,2.9609375
8654,-9.232666015625002
8655,42.3125
8656,4.416015625
8657,-24.876220703125
8658,49.557861328125
8659,-11.52978515625
8660,4.2255859375
8661,-3.164794921875
8662,14.84033203125
8663,-0.244140625
8664,3.865478515625
8665,-4.5595703125
8666,42.2451171875
8667,19.99609375
8668,39.348388671875
8669,15.912841796875
8670,12.320556640625
8671,-17.354736328125
8672,27.817138671875
8673,10.223388671875
8674,12.14599609375
8675,30.8701171875
8676,31.34326171875
8677,-16.13671875
8678,12.8974609375
8679,8.515380859375
8680,5.872802734375
8681,-15.466064453125
8682,12.8759765625
8683,12.8486328125
8684,-3.386962890625
8685,-14.611328125
8686,17.105224609375
8687,10.40185546875
8688,-6.323974609374999
8689,-35.421875
8690,-19.894287109375
8691,19.553955078125
8692,-6.815185546875
8693,21.412841796875004
8694,30.342529296875
8695,0.5849609375
8696,6.177978515625
8697,-3.82177734375
8698,-3.5537109375000004
8699,-3.601318359375
8700,2.27734375
8701,-5.630126953125
8702,6.793212890625001
8703,5.794189453125
8704,-0.071533203125
8705,2.083740234375
8706,-6.377197265625
8707,-0.8847656250000003
8708,9.763916015625002
8709,7.61767578125
8710,-2.4794921875000004
8711,15.2783203125
8712,4.681640624999999
8713,-3.29345703125
8714,-16.1904296875
8715,30.7919921875
8716,90.800048828125
8717,-4.193603515625
8718,-20.77099609375
8719,30.034912109375
8720,1.8139648437500002
8721,-11.115478515625002
8722,-16.31884765625
8723,7.15771484375
8724,-9.265136718749998
8725,17.998291015625
8726,14.129150390625
8727,3.80126953125
8728,-8.699462890625
8729,35.178466796875
8730,35.7861328125
8731,-2.306884765625
8732,3.845703125
8733,-8.4814453125
8734,-26.98974609375
8735,27.6748046875
8736,-0.270263671875
8737,-7.79638671875
8738,11.025634765625
8739,29.761474609375
8740,-2.034912109375
8741,44.09619140625
8742,46.799560546875
8743,-8.7412109375
8744,-1.4155273437500002
8745,46.267333984375
8746,51.76220703125
8747,1.5988769531250004
8748,15.06591796875
8749,-17.2939453125
8750,-0.6357421875
8751,6.670654296875
8752,-13.663330078125
8753,-13.933349609375
8754,0.8742675781250004
8755,8.592041015625
8756,4.060546875
8757,-3.385009765625
8758,23.1591796875
8759,-29.375
8760,-11.375
8761,-2.272216796875
8762,10.270263671875
8763,-26.132568359375
8764,-12.879150390625
8765,-10.142822265625
8766,15.4375
8767,-8.410888671875
8768,-3.536376953125
8769,39.3173828125
8770,-41.323974609375
8771,-15.460449218749998
8772,7.3974609375
8773,34.8505859375
8774,-12.111572265625
8775,-9.06005859375
8776,70.32080078125
8777,80.4453125
8778,-3.77490234375
8779,16.10498046875
8780,20.884765625
8781,73.314697265625
8782,1.2297363281249998
8783,-16.484130859375
8784,-15.276123046875
8785,-28.224853515625
8786,3.38623046875
8787,94.339111328125
8788,-6.790771484375
8789,-0.7109375
8790,1.707763671875
8791,92.46435546875
8792,-5.710205078124995
8793,27.25830078125
8794,17.34375
8795,-5.54345703125
8796,0.6555175781249999
8797,-7.72265625
8798,15.3935546875
8799,-4.0595703125
8800,2.485107421875
8801,56.426025390625
8802,11.879638671875
8803,6.56689453125
8804,67.548095703125
8805,16.920654296875
8806,-9.873779296875
8807,-27.45849609375
8808,64.671875
8809,21.464111328125
8810,-57.518310546875
8811,-3.5205078125000004
8812,21.706787109375
8813,-1.372802734375
8814,-4.0908203125
8815,-0.09130859375000011
8816,21.801513671875
8817,-0.79931640625
8818,-1.136474609375
8819,19.18017578125
8820,44.85546875
8821,20.618408203124996
8822,19.91064453125
8823,-28.972412109375
8824,15.90625
8825,15.531494140625
8826,16.912841796875
8827,-29.977294921875
8828,-3.63330078125
8829,-0.6435546875
8830,-23.230224609375
8831,-0.14306640625
8832,-5.374267578125
8833,4.203125
8834,-21.78515625
8835,-2.4306640624999996
8836,0.181884765625
8837,9.057861328125
8838,-21.6064453125
8839,24.668701171875
8840,-23.222900390625
8841,-14.382568359375
8842,1.081787109375
8843,17.43994140625
8844,-15.3544921875
8845,-9.788574218749998
8846,72.6875
8847,9.173828125
8848,35.5771484375
8849,2.23876953125
8850,16.615234375
8851,-2.731689453125
8852,38.87744140625
8853,1.496826171875
8854,16.5185546875
8855,-15.221435546875
8856,122.909912109375
8857,-26.789062499999996
8858,23.101318359375
8859,25.1044921875
8860,0.4372558593749991
8861,-20.300292968749996
8862,15.939697265625
8863,26.066650390625
8864,1.07421875
8865,-12.9736328125
8866,33.993896484375
8867,-5.399658203125
8868,4.906494140625001
8869,3.85546875
8870,-2.605224609375
8871,2.528076171875
8872,4.685302734375
8873,34.619140625
8874,-0.376220703125
8875,-21.43701171875
8876,28.247314453125
8877,13.098876953125
8878,7.559326171875
8879,-20.5400390625
8880,28.96875
8881,18.8505859375
8882,8.956787109375
8883,-9.02685546875
8884,100.91748046874999
8885,-15.35009765625
8886,-4.43798828125
8887,17.4248046875
8888,89.2890625
8889,-21.8017578125
8890,-1.333251953125
8891,54.838623046875
8892,-5.573730468750002
8893,-2.2451171875
8894,-8.02001953125
8895,-11.259765625
8896,-4.796142578125
8897,1.9921875
8898,-6.486328124999999
8899,-5.4296875
8900,51.7958984375
8901,-1.388427734375
8902,9.5048828125
8903,6.376708984375
8904,-1.773193359375
8905,27.143310546875
8906,-3.613037109375
8907,5.76416015625
8908,3.7041015624999996
8909,-4.365234375
8910,11.2666015625
8911,17.69140625
8912,-11.441406249999998
8913,-7.541748046875
8914,3.802734375
8915,8.667236328125
8916,-8.107666015625
8917,-8.768310546875
8918,-6.0732421875
8919,17.465087890625
8920,-31.1826171875
8921,-16.208984375
8922,23.901611328125
8923,-36.328857421875
8924,-38.441650390625
8925,-19.91064453125
8926,27.26953125
8927,17.73486328125
8928,-34.89599609375
8929,-44.78125
8930,69.681884765625
8931,66.08056640625
8932,18.001220703125
8933,-45.335205078125
8934,71.197265625
8935,68.603515625
8936,-5.540283203125
8937,-41.0458984375
8938,-14.720458984374998
8939,21.67138671875
8940,22.073486328125
8941,13.526123046875
8942,-10.61083984375
8943,17.02685546875
8944,28.76416015625
8945,1.751708984375
8946,-6.928955078125
8947,-13.862548828125
8948,72.01318359375
8949,31.728271484375
8950,54.598876953125
8951,-37.812255859375
8952,77.433349609375
8953,31.536865234375
8954,-7.061279296875
8955,22.87548828125
8956,42.68505859375
8957,-39.68310546874999
8958,-20.585205078125
8959,-56.8603515625
8960,-1.149169921875
8961,-45.506103515625
8962,-20.466796875
8963,78.389404296875
8964,46.37695312500001
8965,-26.195068359375
8966,31.5361328125
8967,19.628662109375
8968,9.1533203125
8969,-19.507812499999996
8970,33.108154296875
8971,20.508544921875
8972,-2.1689453125
8973,-20.154296875
8974,10.383056640625
8975,-3.159912109375
8976,-2.974609375
8977,-10.958740234375
8978,0.281005859375
8979,4.997802734375
8980,-1.0029296875
8981,0.36572265625
8982,20.87890625
8983,-18.02783203125
8984,11.214111328125
8985,9.742431640625
8986,3.107666015625
8987,-18.991455078125
8988,13.1865234375
8989,9.901123046875
8990,-2.16357421875
8991,-16.791259765625
8992,9.644287109375
8993,56.546142578125
8994,52.1123046875
8995,27.294677734374996
8996,7.249511718749998
8997,60.332275390625
8998,46.709716796875
8999,-26.655029296875
9000,-10.688720703125
