iteration,energy
1,0.294189453125
2,-1.5737304687500002
3,-1.091064453125
4,-0.330322265625
5,2.357421875
6,59.4453125
7,-3.2893066406250004
8,-14.48095703125
9,0.8239746093749992
10,21.263427734374996
11,-15.429443359375
12,31.71435546875
13,-6.139648437500001
14,33.71630859375
15,50.497802734375
16,-8.389404296875
17,5.042236328125
18,5.386962890625001
19,10.4658203125
20,-0.7268066406249999
21,-39.064208984375
22,79.31005859375001
23,2.882568359375
24,78.763427734375
25,-40.468994140625
26,-16.51904296875
27,17.365966796875
28,1.5004882812499998
29,11.473388671875
30,-22.2236328125
31,-3.210937500000001
32,38.568115234375
33,-36.86572265625
34,38.80224609375
35,-5.9951171875
36,61.2001953125
37,6.544921875000001
38,-3.98095703125
39,4.710693359374999
40,17.057373046875
41,13.751708984374998
42,-19.081542968749996
43,97.70556640625
44,-18.498779296875
45,-7.50390625
46,-36.64697265625
47,52.14208984375
48,-0.018554687499999944
49,49.09423828125
50,-27.635009765625
51,2.22900390625
52,-2.96337890625
53,5.592041015625
54,-3.901611328125
55,3.50244140625
56,4.6328125
57,37.02978515625
58,-21.14501953125
59,38.8955078125
60,-6.1630859375
61,2.859130859375
62,8.261962890625
63,-9.403564453125
64,3.21484375
65,5.527587890625001
66,-18.850830078125
67,14.783935546875
68,-34.75927734375
69,12.94384765625
70,80.63037109375
71,10.767578125
72,0.9394531249999998
73,1.039794921875
74,-1.4663085937500002
75,7.25244140625
76,-74.697265625
77,53.6826171875
78,39.104736328125
79,54.14111328125
80,-19.2744140625
81,-0.453857421875
82,-3.61572265625
83,1.841796875
84,-5.21826171875
85,-6.5908203125
86,-33.9990234375
87,16.23779296875
88,4.41162109375
89,14.535156249999998
90,-40.764892578125
91,-1.6381835937500002
92,-4.403564453125
93,29.5068359375
94,-3.71728515625
95,10.639892578125
96,-20.87255859375
97,109.447021484375
98,-4.6513671875
99,117.469482421875
100,49.06445312500001
101,9.752685546875
102,104.881591796875
103,-18.1484375
104,98.045166015625
105,-14.568115234375
106,18.768310546875
107,-0.434814453125
108,-5.2021484375
109,0.507080078125
110,-6.525390624999999
111,1.736083984375
112,0.1650390625
113,-0.251220703125
114,-6.05029296875
115,-0.6872558593750001
116,-13.930419921875
117,41.78369140625
118,12.348876953125
119,48.416748046875
120,7.93212890625
121,3.54931640625
122,1.12158203125
123,-0.6389160156249999
124,5.962890625000001
125,2.1752929687500004
126,1.5297851562499998
127,15.000244140625
128,0.468017578125
129,25.17578125
130,-7.03662109375
131,-14.2841796875
132,1.240966796875
133,-5.884521484375
134,-1.014892578125
135,0.03759765625
136,-16.816162109375
137,30.901123046875
138,85.52636718750001
139,25.292724609375
140,-32.59521484375
141,-8.12158203125
142,10.206787109375
143,-5.698974609374999
144,0.6535644531249999
145,6.6220703125
146,-28.576904296875
147,33.68896484375
148,107.79882812500001
149,39.376708984375
150,-37.09179687499999
151,0.6669921875
152,2.579833984375
153,-2.286865234375
154,-0.470703125
155,-0.07763671875
156,3.398681640625
157,-1.1105957031250004
158,5.47216796875
159,-3.1357421875000004
160,-16.03369140625
161,-13.332275390625
162,-16.90087890625
163,3.642333984375
164,-14.084228515625002
165,14.576171875
166,2.42236328125
167,5.85888671875
168,-16.705322265625
169,6.124267578125
170,34.505126953125
171,8.9404296875
172,-1.7592773437500002
173,0.5009765625
174,-1.953369140625
175,45.92993164062499
176,-13.486328125
177,96.678955078125
178,-24.437744140625
179,99.60498046874999
180,-14.503906249999998
181,40.268310546875
182,-44.134765625
183,15.09375
184,-46.994873046875
185,19.960205078125
186,8.1533203125
187,-1.1708984375
188,4.00927734375
189,6.016845703125
190,36.595703125
191,-3.783203125
192,-6.26123046875
193,2.097412109375
194,-10.146240234375
195,-26.585693359375
196,-1.9692382812499998
197,12.15771484375
198,2.9765625
199,18.289794921875
200,-21.163818359375
201,3.74951171875
202,4.7275390625
203,11.651123046875
204,0.81103515625
205,-8.63134765625
206,-26.66796875
207,26.35498046875
208,108.1220703125
209,30.039062499999996
210,-27.08740234375
211,4.01123046875
212,43.570556640625
213,-7.5224609375
214,42.03857421875
215,-0.136962890625
216,5.576904296875
217,4.805908203125
218,7.42041015625
219,7.645263671875
220,1.8388671875
221,-11.799072265625
222,21.583251953125
223,9.05029296875
224,24.999023437499996
225,-47.128173828125
226,-3.630615234375
227,-4.470947265625
228,-8.58837890625
229,-6.24755859375
230,21.900146484375
231,-27.904541015625
232,61.8583984375
233,-8.019531250000002
234,61.800537109375
235,0.35009765625
236,-4.7744140625
237,62.971923828125
238,-65.3876953125
239,71.051025390625
240,-21.108398437499996
241,-9.949462890625
242,22.853515625
243,-44.2802734375
244,27.03662109375
245,-2.775634765625
246,-52.94506835937501
247,-1.864013671875
248,-26.036376953125
249,-0.31494140625
250,23.929687500000004
251,-1.075439453125
252,0.7446289062500002
253,-4.522216796875
254,7.697509765625
255,10.290283203125
256,-47.679443359375
257,51.546630859375
258,101.759765625
259,49.39501953125
260,-39.635986328125
261,-6.90576171875
262,-12.839843750000002
263,-20.667724609375
264,-8.063232421875
265,68.252685546875
266,-13.901611328125
267,34.894287109375
268,7.977294921875
269,32.87060546875
270,-2.1057128906250018
271,39.666015625
272,-47.93872070312499
273,27.142822265625004
274,-49.404052734375
275,24.64501953125
276,25.05419921875
277,69.22119140625
278,5.354736328125
279,65.846435546875
280,-2.2529296875
281,-5.841064453125
282,2.6337890624999996
283,0.716796875
284,1.324462890625
285,-2.596923828125
286,22.4130859375
287,2.47216796875
288,37.794677734375
289,2.206787109375
290,-2.34765625
291,29.89453125
292,-21.037841796875004
293,-2.663818359375
294,-23.56689453125
295,22.805419921875
296,0.11083984375
297,18.15380859375
298,4.176025390625
299,14.708740234375
300,13.986083984374998
301,-45.464599609375
302,54.537109375
303,-15.280029296875
304,59.26318359375001
305,35.881103515625
306,-5.117431640625001
307,47.80712890625
308,-35.7724609375
309,45.230712890625
310,4.1142578125
311,6.461669921875
312,-5.84765625
313,1.3510742187500002
314,-0.070068359375
315,18.38720703125
316,-17.134765625
317,7.3154296875
318,-4.2158203125
319,4.364501953125
320,-8.46826171875
321,1.087158203125
322,0.7121582031249999
323,-4.446044921875
324,-3.127197265625
325,1.3706054687500002
326,2.511474609375
327,-5.08544921875
328,3.912841796875
329,-2.510009765625
330,-2.401611328125
331,176.96142578125
332,27.575439453125
333,48.21875
334,27.501953125
335,-15.98193359375
336,161.141357421875
337,9.877197265625
338,36.628662109375
339,18.523437500000004
340,-32.2607421875
341,-17.3193359375
342,63.900146484375
343,-20.310546875
344,64.161865234375
345,-5.6865234375
346,6.20361328125
347,-0.4423828125
348,3.431640625
349,3.793701171875
350,-4.61181640625
351,-12.82275390625
352,15.564453125
353,-21.328857421875
354,20.17724609375
355,3.679931640625
356,9.937744140625
357,11.5634765625
358,18.24267578125
359,7.131103515624999
360,-17.11865234375
361,-5.692138671875
362,5.5732421875
363,3.20947265625
364,9.74755859375
365,-3.125
366,-35.06787109375
367,46.1416015625
368,-4.469482421875
369,47.877197265625
370,-26.090332031250004
371,0.91796875
372,-6.134521484375
373,2.1708984375
374,-7.181884765625
375,-0.21826171875
376,-16.354736328125
377,16.466552734375
378,74.880126953125
379,16.966796875
380,-30.112060546875
381,-24.908935546875
382,59.79296875
383,-15.73193359375
384,56.65185546874999
385,-2.609130859375
386,-8.230224609375
387,48.3564453125
388,-18.605712890625
389,45.084228515625
390,154.681396484375
391,-7.529296875000001
392,51.61865234375
393,41.266845703125
394,51.082763671875
395,-18.952148437499996
396,30.042724609375
397,-16.63525390625
398,28.553466796875004
399,-18.7392578125
400,144.02685546875
401,-29.389892578125
402,36.12451171875
403,-40.056884765625
404,36.862548828125
405,120.73828125
406,31.44482421875
407,-13.113525390625
408,41.93017578125
409,-13.445800781250002
410,-9.05078125
411,-44.85107421875
412,46.3642578125
413,-44.34252929687501
414,42.86376953125
415,106.2607421875
416,31.729248046875
417,-51.472412109375
418,23.489501953125
419,-48.162109375
420,19.624755859375
421,-14.315673828125
422,53.6513671875
423,-6.623291015625
424,52.5673828125
425,-10.088134765625
426,-2.552734375
427,36.62939453125
428,-7.899169921875
429,35.51708984375
430,1.987548828125
431,-0.1630859375
432,7.53173828125
433,-0.5910644531249999
434,8.779296875
435,-2.0410156249999996
436,-7.883544921875
437,-8.027587890625
438,7.321044921875
439,-14.0263671875
440,-14.228759765625
441,35.28564453125
442,4.11865234375
443,-3.656005859375
444,-0.7763671874999998
445,2.966064453125
446,114.60180664062499
447,5.894775390624998
448,33.033203125
449,-2.6198730468750013
450,-36.40966796875
451,-3.69775390625
452,0.126953125
453,-5.625732421875
454,-0.389404296875
455,-4.274658203125
456,21.344482421875
457,81.9033203125
458,-7.193115234375
459,79.9306640625
460,12.875488281250002
461,-26.74609375
462,13.825439453125
463,-2.0576171875000004
464,13.90478515625
465,15.058593750000002
466,7.570068359374999
467,2.523193359375
468,2.213134765625
469,2.935791015625
470,-16.990478515625
471,42.295654296875
472,-10.111328125
473,-17.344970703125
474,-9.97216796875
475,-8.199951171875
476,-23.23828125
477,33.885498046875
478,11.38818359375
479,29.649658203124996
480,13.57275390625
481,81.280517578125
482,-48.55517578125
483,-17.86474609375
484,-43.52929687499999
485,29.97705078125
486,11.120361328125
487,-10.756103515625002
488,5.73291015625
489,-13.654541015625002
490,13.7744140625
491,-0.10791015625
492,1.216552734375
493,-1.087890625
494,-3.35693359375
495,-2.07763671875
496,20.81298828125
497,-6.654052734375
498,1.622314453125
499,-7.0458984375
500,24.681640625
501,-8.62548828125
502,4.6025390625
503,-23.4150390625
504,3.89697265625
505,13.686279296875
506,-14.809326171875
507,4.044921875
508,-3.898681640625
509,5.510009765625
510,2.358154296875
511,12.77099609375
512,-15.791015625
513,-14.3916015625
514,-19.84814453125
515,69.41455078125
516,-8.93896484375
517,166.92480468749997
518,-26.738525390625
519,157.431884765625
520,31.235351562500004
521,1.2290039062499998
522,3.341064453125
523,-0.032958984375
524,8.23779296875
525,0.052734375
526,-19.36083984375
527,18.607421875
528,11.745849609375
529,15.4248046875
530,8.626953125
531,-9.8408203125
532,10.53466796875
533,-4.54150390625
534,14.952636718749998
535,-2.470947265625
536,76.2353515625
537,-7.979248046875
538,-17.90771484375
539,-3.6494140624999996
540,28.579345703125
541,2.3818359375000004
542,-0.31884765625
543,8.42919921875
544,4.310302734375
545,-2.78759765625
546,41.05126953125
547,-6.22705078125
548,0.302490234375
549,-4.267822265625
550,62.351806640625
551,0.6025390624999991
552,7.544189453125
553,14.8671875
554,7.445068359374999
555,-13.488281249999998
556,8.419189453125
557,-1.8798828125
558,89.34326171875
559,-4.621826171875
560,-1.444580078125
561,0.336181640625
562,7.553955078125
563,-2.45458984375
564,8.8359375
565,2.525390625
566,1.515625
567,10.513916015625002
568,-0.078369140625
569,15.9443359375
570,-2.39208984375
571,35.89990234375
572,-14.7890625
573,-11.02978515625
574,-9.208740234375
575,-13.622314453125
576,0.8811035156249999
577,-3.93798828125
578,4.66748046875
579,-3.28076171875
580,18.638671875
581,20.410400390625
582,-44.22412109375
583,54.61328125
584,-41.65185546874999
585,-15.909667968750004
586,12.77587890625
587,6.7236328125
588,49.954833984375
589,7.150390624999999
590,-3.3134765624999996
591,54.63745117187499
592,-8.95654296875
593,-75.7490234375
594,-8.420654296875
595,60.941650390625
596,4.75
597,-9.0927734375
598,46.43945312500001
599,-13.5439453125
600,1.2338867187500002
601,12.12353515625
602,64.57470703125
603,-5.10546875
604,67.95068359375
605,-8.51220703125
606,-16.31787109375
607,-4.464599609375
608,12.00634765625
609,-3.25341796875
610,85.813720703125
611,-12.458984375
612,18.284912109375
613,-24.49853515625
614,15.47216796875
615,102.53857421875
616,13.822265625
617,7.022216796875
618,5.635986328125
619,7.767578124999999
620,-6.539306640625001
621,-1.0380859375
622,-28.033447265625004
623,2.92626953125
624,-28.937255859375
625,45.68945312500001
626,3.54541015625
627,1.7958984375
628,11.47314453125
629,-1.190673828125
630,2.2890625
631,-16.143310546875
632,-9.858886718749998
633,-16.611083984375
634,-9.94677734375
635,47.241455078125
636,0.486328125
637,4.65185546875
638,-0.599609375
639,4.349853515625
640,-2.087158203125
641,-1.2490234375
642,-0.37744140625
643,4.905517578125
644,-1.0939941406250002
645,-1.278564453125
646,-4.58935546875
647,15.3837890625
648,-0.9619140625
649,15.078613281250002
650,-47.19506835937501
651,115.169189453125
652,-10.4755859375
653,-31.499023437499996
654,-9.437011718749998
655,46.599853515625
656,-14.68408203125
657,4.932861328125
658,-8.1923828125
659,7.633544921875
660,-26.27001953125
661,5.080810546875
662,3.377197265625
663,-8.346923828125
664,8.940185546875
665,42.982421875
666,-0.014160156250000028
667,7.595703124999999
668,-8.192626953125
669,6.362548828125
670,8.60107421875
671,-25.1005859375
672,21.970458984375
673,-16.4130859375
674,22.949951171875
675,4.846435546875
676,1.8762207031249987
677,66.63623046875
678,-21.893310546875
679,69.738525390625
680,-19.015380859375
681,6.238037109374999
682,48.75732421875
683,-8.396240234375
684,52.19921875
685,-10.7177734375
686,-2.111083984375
687,-6.6357421875
688,17.56884765625
689,-2.1796875
690,33.514404296875
691,41.646728515625
692,-20.484619140625
693,-46.677734375
694,-20.263916015625
695,75.85888671875
696,6.675048828125
697,1.498291015625
698,7.01904296875
699,-4.638916015625
700,-2.072509765625
701,1.159423828125
702,-0.62158203125
703,-23.48876953125
704,4.570068359375
705,58.464599609375
706,2.1162109375
707,-5.68994140625
708,-4.492431640625
709,-4.142822265625
710,-9.785888671875
711,-4.44189453125
712,7.634765624999999
713,-31.283447265625004
714,-0.333984375
715,-4.48388671875
716,3.54248046875
717,5.193115234375
718,-22.155029296875
719,6.3662109375
720,28.222900390625
721,-24.687255859375
722,21.43798828125
723,-18.80078125
724,14.69775390625
725,4.16064453125
726,-17.57666015625
727,-4.7958984375
728,7.832763671874999
729,-1.775146484375
730,33.97314453125
731,23.99755859375
732,-10.7041015625
733,20.139892578125
734,-9.604736328125
735,0.057861328125
736,4.106689453125
737,-0.19921875
738,-2.348876953125
739,7.608154296875
740,-3.216064453125
741,4.188232421875
742,-8.04833984375
743,12.977050781250002
744,-8.962646484375
745,7.571044921875
746,2.0637207031249996
747,69.754150390625
748,-19.159912109375
749,70.614501953125
750,-20.81298828125
751,4.455322265624999
752,47.35498046875
753,-6.583984375000001
754,45.53759765625
755,-66.69140625
756,13.970458984374998
757,4.793212890625001
758,36.7939453125
759,5.369140624999999
760,8.0869140625
761,12.6640625
762,-22.308349609375
763,35.3955078125
764,-22.5126953125
765,59.9697265625
766,-17.25830078125
767,-3.8515625
768,7.851806640625001
769,3.118408203125
770,17.448974609375
771,2.105712890625
772,3.477294921875
773,0.556396484375
774,3.945556640625
775,1.1279296875
776,-28.155517578125
777,94.05908203125
778,-11.875488281250002
779,97.17529296875
780,4.304443359375
781,56.35620117187499
782,5.544677734375
783,50.512939453125
784,5.64794921875
785,-56.264404296875
786,-16.066650390625
787,11.191162109375
788,-2.0500488281250018
789,13.411376953125
790,7.1953125
791,13.936279296875
792,7.24365234375
793,13.067626953125
794,8.402587890625
795,2.388427734375
796,-6.1513671875
797,8.240966796875
798,0.3837890625
799,7.365234375000001
800,-4.924560546875
801,-9.90087890625
802,11.22802734375
803,24.05126953125
804,15.411865234375
805,24.258056640625
806,92.85791015625
807,-43.401611328125
808,65.031005859375
809,-44.28955078125
810,-34.103271484375
811,111.37939453125
812,-5.328857421875
813,9.853271484374998
814,-8.462890625
815,24.41064453125
816,4.11376953125
817,8.388916015625
818,-6.40234375
819,7.979736328125
820,-4.035888671875
821,-18.356201171875
822,40.256591796875
823,1.06689453125
824,43.986572265625
825,-16.788330078125
826,9.127685546875
827,-11.251953125
828,-2.789306640625
829,-7.8095703125
830,70.737548828125
831,33.090087890625
832,-37.737060546875
833,31.12109375
834,-34.458251953125
835,9.21435546875
836,103.125
837,-19.16796875
838,39.4736328125
839,-15.920166015625002
840,-44.35205078125
841,1.3398437499999973
842,123.308349609375
843,-6.08935546875
844,116.63916015625
845,36.213134765625
846,-26.306396484375
847,3.5009765624999996
848,6.546630859374999
849,-0.14892578125
850,3.40673828125
851,9.000732421875
852,-1.278076171875
853,-1.6196289062499998
854,-2.817138671875
855,7.2470703125
856,-51.946044921875
857,26.0439453125
858,21.2001953125
859,21.1513671875
860,-27.909423828125
861,-9.675537109375
862,9.6396484375
863,13.64599609375
864,5.911865234375
865,2.006103515625
866,-24.548828125
867,39.49072265625
868,5.431640624999999
869,36.068603515625
870,1.8293457031249987
871,-5.095458984375
872,5.51611328125
873,-21.15771484375
874,4.328125
875,-0.9118652343750001
876,-0.552734375
877,2.51611328125
878,5.930419921875
879,-1.330322265625
880,0.544189453125
881,3.203125
882,23.25634765625
883,-5.150390624999999
884,18.148193359375
885,7.873046875000001
886,-16.015380859375
887,32.729736328125
888,-0.23388671875000003
889,32.500732421875
890,78.06323242187501
891,-1.125244140625
892,1.013671875
893,-0.22021484375
894,1.260009765625
895,4.10546875
896,0.197509765625
897,-15.3427734375
898,1.634765625
899,-13.094238281250002
900,3.935791015625
901,14.5712890625
902,3.38330078125
903,-6.063232421875
904,5.51611328125
905,-21.64892578125
906,-9.7138671875
907,13.754638671875
908,44.64892578125
909,12.83154296875
910,-24.351318359375
911,1.634765625
912,0.4404296875
913,-3.327880859375
914,0.50439453125
915,1.322998046875
916,-23.474853515625
917,-4.5693359375
918,6.117919921875
919,-3.69189453125
920,-5.317138671875
921,-38.957763671875
922,42.58251953125
923,-25.1533203125
924,42.86474609375
925,0.31396484375
926,-22.751953125
927,1.29296875
928,-4.83935546875
929,-0.6564941406249999
930,-11.007324218749998
931,-3.1728515624999996
932,3.389404296875
933,-0.65576171875
934,-2.335693359375
935,10.444824218749998
936,-30.12451171875
937,51.807373046875
938,90.8544921875
939,47.87744140625
940,-36.092529296875
941,-2.748291015625
942,-31.6591796875
943,9.73583984375
944,-31.327148437499996
945,13.694580078125
946,-1.864501953125
947,28.024658203124996
948,-14.2431640625
949,19.221435546875
950,-0.013427734375
951,-22.795166015625
952,38.697021484375
953,28.195556640625
954,35.687744140625
955,-10.172119140625
956,-16.197509765625
957,19.863037109375
958,6.31396484375
959,25.20556640625
960,-2.1577148437500018
961,-8.952880859375
962,16.470947265625
963,-38.25732421875
964,20.666015625
965,-8.04345703125
966,5.070068359374999
967,17.037109375
968,15.825439453125
969,17.636474609375
970,-14.665771484374998
971,-6.921142578125
972,10.537353515625002
973,48.215576171875
974,10.50927734375
975,-21.842773437499996
976,-49.722900390625
977,25.010498046875
978,-48.933349609375
979,22.771484375
980,10.621337890625
981,9.04052734375
982,4.237548828125
983,-25.04052734375
984,11.08154296875
985,-3.827880859375
986,22.164062499999996
987,-38.35131835937501
988,20.512451171875
989,-37.885986328125
990,10.453369140625
991,-21.960693359375
992,27.859619140625
993,-40.71679687499999
994,27.2568359375
995,94.97192382812501
996,6.9892578125
997,6.66748046875
998,-20.118408203124996
999,8.24462890625
1000,-0.484375
1001,-10.891357421875
1002,3.762451171875
1003,-10.111572265625
1004,7.1748046875
1005,6.00341796875
1006,-0.88232421875
1007,3.286865234375
1008,-4.8017578125
1009,1.088623046875
1010,-1.134765625
1011,4.5576171875
1012,2.79833984375
1013,-23.09326171875
1014,0.468994140625
1015,40.93896484375
1016,7.8662109375
1017,-2.09716796875
1018,16.4814453125
1019,-3.160888671875
1020,-16.63330078125
1021,43.99755859375
1022,-10.060791015625002
1023,-65.070556640625
1024,-8.472412109375
1025,84.92919921875
1026,20.019287109375
1027,8.121826171875
1028,-1.950927734375
1029,3.27490234375
1030,-0.23291015625
1031,17.01171875
1032,-28.63427734375
1033,7.860595703125
1034,-32.556884765625
1035,0.73388671875
1036,-12.701171875
1037,57.7373046875
1038,-13.58740234375
1039,53.386474609375
1040,-53.162109375
1041,-28.408203125
1042,-7.329345703125
1043,5.982421875000001
1044,-6.03759765625
1045,-1.739013671875
1046,96.482421875
1047,-6.64697265625
1048,21.913330078125
1049,-1.8686523437500002
1050,-38.925537109375
1051,-13.580078125
1052,2.24365234375
1053,25.575927734374996
1054,3.476318359375
1055,7.106201171874999
1056,0.83740234375
1057,0.27392578125
1058,-2.1708984375
1059,-3.7705078124999996
1060,0.09326171875
1061,18.5966796875
1062,-53.972412109375
1063,-5.8486328125
1064,-51.29687500000001
1065,17.22314453125
1066,-23.029541015625
1067,66.224609375
1068,1.271240234375
1069,65.47607421875
1070,-37.65478515625
1071,-7.334960937500001
1072,61.28564453125001
1073,-11.227294921875
1074,60.996826171875
1075,53.30493164062499
1076,61.56933593749999
1077,-27.51025390625
1078,24.07421875
1079,-25.6806640625
1080,5.091796875000001
1081,19.954101562500004
1082,-8.567626953125
1083,24.154052734374996
1084,-4.77978515625
1085,-6.463134765625
1086,-11.204345703125
1087,11.409423828125
1088,9.2724609375
1089,8.377197265625
1090,-0.8928222656249999
1091,-3.38916015625
1092,-3.9775390624999996
1093,-14.57470703125
1094,-5.885498046875
1095,-20.6025390625
1096,10.07373046875
1097,1.935791015625
1098,27.88232421875
1099,-4.654296875000001
1100,-2.6875
1101,7.28564453125
1102,1.191650390625
1103,28.401123046875
1104,2.167724609375
1105,-40.54443359375001
1106,-7.14013671875
1107,-14.94775390625
1108,-0.149169921875
1109,-9.898193359375
1110,7.476318359374999
1111,0.17333984375
1112,8.45947265625
1113,-4.15185546875
1114,10.06591796875
1115,1.056640625
1116,-31.900390625
1117,22.334228515625
1118,-36.5595703125
1119,23.14697265625
1120,120.87426757812499
1121,-0.05810546875
1122,3.08251953125
1123,-1.6284179687500002
1124,-0.8952636718750001
1125,1.832275390625
1126,15.098876953125
1127,-23.332275390625
1128,37.059814453125
1129,-13.863281249999998
1130,30.00830078125
1131,-5.754638671875
1132,-22.507080078125
1133,5.8759765625
1134,-23.534667968749996
1135,-10.663818359375
1136,-16.9970703125
1137,3.524658203125
1138,39.892333984375
1139,2.942626953125
1140,4.227050781249999
1141,122.376708984375
1142,-19.9267578125
1143,-26.956787109375
1144,-18.25048828125
1145,29.78759765625
1146,-3.1015625
1147,13.246337890625
1148,-5.67529296875
1149,14.036376953125
1150,-46.637939453125
1151,-3.197998046875
1152,6.969970703125
1153,-0.70751953125
1154,8.48095703125
1155,3.318359375
1156,-12.36083984375
1157,2.472412109375
1158,34.70166015625
1159,-4.30322265625
1160,32.612548828125
1161,-0.046630859375
1162,-18.0732421875
1163,2.113525390625
1164,-21.4130859375
1165,3.729736328125
1166,25.162353515625
1167,-11.306640625
1168,-41.0400390625
1169,-12.1875
1170,36.21240234375
1171,31.468505859375
1172,-15.8359375
1173,58.97802734375
1174,-18.522705078125
1175,8.693603515625
1176,16.195068359375
1177,163.93212890625
1178,0.7126464843750001
1179,163.173583984375
1180,-23.436279296875
1181,-14.0869140625
1182,28.50244140625
1183,73.147216796875
1184,32.07568359375
1185,-31.797851562500004
1186,4.1123046875
1187,0.466552734375
1188,1.322265625
1189,-0.07275390625
1190,-1.943603515625
1191,-2.413818359375
1192,12.730712890625
1193,-5.9853515625
1194,10.029541015625002
1195,-6.410888671875
1196,135.427978515625
1197,-13.676513671875
1198,50.412353515625
1199,-18.22998046875
1200,-42.13256835937501
1201,-8.9130859375
1202,3.7890625
1203,-2.740234375
1204,3.15771484375
1205,-3.0205078124999996
1206,7.975830078125
1207,-41.97509765625
1208,34.031982421875
1209,-40.877685546875
1210,-3.547851562500003
1211,-4.945068359374999
1212,10.53369140625
1213,-3.01123046875
1214,12.750488281250002
1215,-2.412353515625
1216,16.83154296875
1217,81.334716796875
1218,-11.535400390625
1219,74.131591796875
1220,2.68701171875
1221,4.8916015625
1222,2.55078125
1223,0.74267578125
1224,7.9296875
1225,-11.298583984374998
1226,23.00830078125
1227,-31.814453125
1228,6.05126953125
1229,-26.598388671875
1230,41.41650390625
1231,6.41357421875
1232,10.1015625
1233,-36.359375
1234,7.553955078125
1235,-8.324462890625
1236,-2.51220703125
1237,1.635009765625
1238,-7.2451171875
1239,2.9375
1240,4.926025390625001
1241,31.63330078125
1242,-7.66943359375
1243,37.95068359375001
1244,-6.777099609374999
1245,-45.91455078125
1246,7.060302734375
1247,-17.896484375
1248,127.10693359375
1249,-16.304931640625
1250,-5.090576171875002
1251,4.6298828125
1252,-2.558349609375
1253,-0.150634765625
1254,-3.918701171875
1255,-1.01416015625
1256,-11.486328125
1257,16.6513671875
1258,2.279541015625
1259,22.15234375
1260,-7.916259765625
1261,-1.6040039062499998
1262,1.12060546875
1263,0.7897949218750001
1264,2.017822265625
1265,-0.7795410156249999
1266,11.691162109375
1267,9.980468750000002
1268,4.77099609375
1269,12.698486328125
1270,45.36743164062499
1271,-10.917724609375
1272,23.687255859375
1273,1.8596191406249991
1274,20.965332031250004
1275,58.838623046875
1276,-8.130126953125
1277,0.36669921875
1278,-6.616943359374999
1279,-9.4306640625
1280,8.333251953125
1281,4.576171875
1282,4.5498046875
1283,-3.238525390625
1284,6.505126953125
1285,51.35986328125
1286,-49.3330078125
1287,24.591552734374996
1288,-34.570068359375
1289,30.013427734374996
1290,-0.8947753906249999
1291,-23.576171875
1292,84.619140625
1293,-9.586181640625
1294,84.3310546875
1295,-30.757568359375
1296,0.169921875
1297,7.072265624999999
1298,27.840087890625
1299,4.843994140625001
1300,-19.063476562500004
1301,-15.16552734375
1302,15.70556640625
1303,-9.251708984374998
1304,13.8798828125
1305,-1.90234375
1306,32.176025390625
1307,-4.998779296875
1308,4.309326171875
1309,-5.69970703125
1310,33.03662109375
1311,-26.265869140625
1312,44.193115234375
1313,-40.89941406250001
1314,45.51879882812501
1315,-14.7880859375
1316,40.915283203125
1317,-4.28515625
1318,13.59130859375
1319,-3.951171875
1320,65.160400390625
1321,2.232666015625
1322,2.205810546875
1323,0.028808593750000028
1324,3.297119140625
1325,6.68896484375
1326,6.42431640625
1327,-14.6962890625
1328,1.100341796875
1329,-18.14990234375
1330,2.42333984375
1331,50.570556640625
1332,-15.9375
1333,63.98974609375
1334,-13.7138671875
1335,-73.342529296875
1336,45.310302734375
1337,4.4443359375
1338,29.5185546875
1339,2.733886718749999
1340,-9.14013671875
1341,9.054931640625
1342,-12.615234375
1343,-12.828613281250002
1344,-11.858886718749998
1345,62.83129882812501
1346,1.625
1347,12.9453125
1348,-34.32470703125
1349,15.924072265625
1350,-8.6748046875
1351,11.7216796875
1352,7.184814453125
1353,25.205078125
1354,7.280517578125
1355,12.669189453125
1356,-0.6149902343750001
1357,7.29345703125
1358,28.947509765625
1359,4.8154296875
1360,11.62060546875
1361,0.259765625
1362,-3.005615234375
1363,-5.809814453125
1364,-1.666748046875
1365,-1.414794921875
1366,-2.218994140625
1367,3.763427734375
1368,0.6188964843750001
1369,2.68408203125
1370,-3.274658203125
1371,-0.5861816406249999
1372,8.512451171875
1373,-5.1337890625
1374,6.719482421875
1375,5.762939453125
1376,-24.511962890625
1377,69.08056640625
1378,-38.593505859375
1379,61.54931640624999
1380,-5.9853515625
1381,-4.839111328125
1382,28.920654296875
1383,-44.41650390625
1384,22.537841796875004
1385,-8.728759765625
1386,58.42333984375
1387,-14.835693359375
1388,28.009765625
1389,-10.036865234375
1390,74.636474609375
1391,10.922363281250002
1392,-15.272216796875
1393,5.048828124999999
1394,-11.228515625
1395,4.509765625
1396,-12.15283203125
1397,20.340087890625
1398,-68.3125
1399,21.546630859375
1400,0.35595703125
1401,1.9262695312499998
1402,-20.864013671875
1403,31.35400390625
1404,-22.351562499999996
1405,26.30322265625
1406,-37.70947265625
1407,55.03515625
1408,82.271484375
1409,61.3037109375
1410,-18.2509765625
1411,-10.916748046875
1412,3.787353515625
1413,5.9560546875
1414,-2.62255859375
1415,-1.2250976562499998
1416,-2.434814453125
1417,4.210205078125
1418,12.344970703125
1419,-1.293701171875
1420,8.1533203125
1421,9.20654296875
1422,7.982666015625
1423,21.082275390625
1424,14.888427734375
1425,-11.861328125
1426,-5.10888671875
1427,-6.33837890625
1428,-22.124755859375
1429,-10.5234375
1430,-17.962890625
1431,-3.43310546875
1432,-13.82177734375
1433,66.638916015625
1434,-12.803466796875
1435,1.689208984375
1436,23.153564453125
1437,-9.759521484374998
1438,19.451171875
1439,-8.028076171875
1440,-4.542236328125
1441,75.993896484375
1442,5.313232421874998
1443,-8.536376953125
1444,2.796142578125
1445,19.359375
1446,93.201416015625
1447,22.73681640625
1448,-33.67236328125
1449,22.282958984375
1450,21.52734375
1451,51.076171875
1452,2.006591796875
1453,-44.53466796875
1454,5.560546874999999
1455,61.02587890625
1456,24.019287109375
1457,-5.02001953125
1458,-13.6796875
1459,-13.1923828125
1460,63.300537109375
1461,11.841552734375
1462,3.966796875
1463,-2.8828125
1464,7.432861328125
1465,41.23291015625
1466,3.127685546875
1467,1.2260742187500002
1468,-4.012939453125
1469,-1.511962890625
1470,-2.552978515625
1471,45.97875976562501
1472,-23.544921875
1473,1.8671875
1474,-21.9638671875
1475,-6.7099609375
1476,-7.65380859375
1477,32.3720703125
1478,17.742919921875
1479,30.216064453125
1480,-10.519531249999998
1481,44.904541015625
1482,-2.6513671875000004
1483,12.22216796875
1484,-3.90087890625
1485,101.17236328124999
1486,-20.051025390625
1487,24.22607421875
1488,-33.66064453125
1489,21.567626953125
1490,75.782958984375
1491,5.649658203125
1492,-35.453369140625
1493,-6.5205078125
1494,-35.25146484375
1495,1.2993164062499998
1496,0.55322265625
1497,0.298828125
1498,0.24853515625
1499,-2.5312500000000004
1500,3.106201171875
1501,41.433837890625
1502,-1.9848632812499998
1503,63.182861328125
1504,-1.097412109375
1505,-71.369873046875
1506,4.6728515625
1507,-11.50927734375
1508,-15.1220703125
1509,-5.40283203125
1510,7.919677734375
1511,8.15283203125
1512,5.79296875
1513,-2.06640625
1514,1.814453125
1515,-5.854248046875
1516,10.267578125
1517,-12.6689453125
1518,14.182373046875
1519,-8.28564453125
1520,7.61181640625
1521,-7.785400390625001
1522,2.220458984375
1523,-24.453857421875
1524,1.171875
1525,-6.259033203125
1526,0.164794921875
1527,-1.0087890625
1528,-1.8276367187500002
1529,-2.005126953125
1530,2.7294921875000004
1531,-14.87353515625
1532,27.29833984375
1533,-17.148681640625
1534,19.404541015625
1535,0.03955078125
1536,11.43896484375
1537,-7.49755859375
1538,65.28173828125
1539,-12.268310546875
1540,7.52880859375
1541,95.61474609375
1542,24.67138671875
1543,39.75
1544,27.09814453125
1545,-18.85107421875
1546,114.91455078125
1547,-6.387451171875
1548,15.384033203125
1549,0.5805664062500018
1550,49.82958984375
1551,1.7885742187500002
1552,-5.093994140625001
1553,-4.00537109375
1554,0.681640625
1555,12.278076171875
1556,-0.0078125
1557,9.076171875
1558,4.642822265625
1559,4.51513671875
1560,-28.701904296875
1561,16.841552734375
1562,-0.38769531250000017
1563,49.837158203125
1564,-2.395751953125
1565,3.483154296875
1566,-11.035400390625
1567,-6.461181640625001
1568,-0.60888671875
1569,-1.058837890625
1570,33.8642578125
1571,-0.29956054687499983
1572,31.8095703125
1573,-3.1823730468750004
1574,36.612548828125
1575,-66.76708984375
1576,15.4384765625
1577,-53.5712890625
1578,-16.530517578125
1579,-51.811767578125
1580,20.9169921875
1581,20.841796875
1582,0.006103515625
1583,-1.4423828125
1584,2.80517578125
1585,-1.07080078125
1586,7.247314453125
1587,0.42724609375
1588,-2.850830078125
1589,2.948486328125
1590,24.844726562500004
1591,-37.98999023437499
1592,32.434326171875
1593,-42.433837890625
1594,39.040771484375
1595,99.13867187499999
1596,-6.8994140625
1597,48.81982421875
1598,-14.925781249999998
1599,44.11865234375
1600,-20.190185546875
1601,20.025390625
1602,6.48876953125
1603,-6.302734375000001
1604,1.343505859375
1605,20.5087890625
1606,33.7119140625
1607,-13.8388671875
1608,7.307373046875
1609,-15.898193359375
1610,30.71875
1611,94.225341796875
1612,-1.4138183593750002
1613,-2.41943359375
1614,-3.624755859375
1615,9.25341796875
1616,-15.051513671875
1617,10.395751953125
1618,1.523681640625
1619,13.4697265625
1620,-17.646484375
1621,-12.131103515625002
1622,45.49609375
1623,-46.844482421875
1624,47.8798828125
1625,-19.47119140625
1626,6.10986328125
1627,-7.123291015625
1628,-5.332275390625001
1629,-5.288818359374999
1630,-2.23681640625
1631,-34.491943359375
1632,43.454345703125
1633,-35.16455078125
1634,48.52197265625
1635,119.8203125
1636,-2.406005859375
1637,3.6240234375000004
1638,-1.607421875
1639,6.93603515625
1640,4.316162109375
1641,-13.7978515625
1642,16.789794921875
1643,-44.95751953125
1644,14.366943359375
1645,3.303955078125
1646,8.154052734375
1647,-0.9538574218750001
1648,22.708251953125
1649,-1.6650390625
1650,-3.09814453125
1651,-5.44091796875
1652,11.310546875
1653,36.821533203125
1654,7.754150390625001
1655,-5.215576171875
1656,20.034423828125
1657,-20.2373046875
1658,-17.737060546875
1659,-19.2880859375
1660,-7.6474609375
1661,43.043212890625
1662,-27.695312499999996
1663,7.611572265625
1664,-27.849365234375
1665,47.975830078125
1666,19.09326171875
1667,-7.111328124999999
1668,8.772216796875
1669,-4.786376953125
1670,63.703857421875
1671,17.14892578125
1672,0.396484375
1673,13.69091796875
1674,3.309326171875
1675,-1.1025390625
1676,1.186767578125
1677,0.2939453125
1678,-3.336669921875
1679,-5.43359375
1680,-0.8371582031249999
1681,5.710205078125
1682,-3.719482421875
1683,17.264404296875
1684,2.110595703125
1685,0.559326171875
1686,-0.238525390625
1687,0.7058105468750001
1688,0.8681640625
1689,-0.285888671875
1690,-0.042724609375
1691,-5.924072265625
1692,2.100341796875
1693,1.3266601562499998
1694,-1.792236328125
1695,-2.931396484375
1696,6.61376953125
1697,-10.822509765625
1698,6.27587890625
1699,-9.511718750000002
1700,-1.649169921875
1701,-3.904052734375
1702,3.917724609375
1703,-16.677001953125
1704,-0.415283203125
1705,-14.03271484375
1706,-5.216796875000001
1707,12.951171875
1708,-36.74365234375
1709,13.402099609375
1710,-0.6064453125
1711,4.066650390625
1712,-4.268310546875
1713,1.04296875
1714,1.0703125
1715,-2.05908203125
1716,-4.39794921875
1717,5.44091796875
1718,15.34814453125
1719,3.112548828125
1720,-4.088134765625
1721,-2.026611328125
1722,-3.1962890624999996
1723,0.93212890625
1724,-1.03955078125
1725,0.72900390625
1726,11.123046875
1727,17.912841796875
1728,40.493896484375
1729,11.36083984375
1730,-17.189208984375
1731,-0.522705078125
1732,-3.91259765625
1733,0.9736328125
1734,5.096923828125
1735,-3.011962890625
1736,22.9658203125
1737,-11.592041015625002
1738,42.492919921875
1739,-10.4384765625
1740,-11.562011718749998
1741,-10.516357421875
1742,115.18212890625
1743,-15.927490234375
1744,115.1083984375
1745,-18.61865234375
1746,-12.674560546875
1747,-12.001708984374998
1748,-11.703613281250002
1749,-8.576416015625
1750,13.99072265625
1751,27.210937500000004
1752,-15.947265625
1753,108.82128906250001
1754,-10.829345703125
1755,0.49267578125
1756,2.312255859375
1757,-1.7739257812499998
1758,4.263916015625
1759,2.497314453125
1760,-0.0234375
1761,-3.212158203125
1762,-18.36181640625
1763,50.207275390625
1764,-24.3232421875
1765,-11.342529296875
1766,-7.89892578125
1767,0.20239257812499983
1768,9.396728515625002
1769,3.484375
1770,3.931640625
1771,13.041748046875
1772,2.204833984375
1773,32.150634765625
1774,-0.13525390625
1775,-10.280761718749998
1776,48.3896484375
1777,-10.696044921875
1778,57.24169921875
1779,-14.95849609375
1780,15.895263671875
1781,-7.214599609374999
1782,2.965576171875
1783,13.022705078125
1784,5.612060546875
1785,4.099609375
1786,32.322509765625
1787,-9.288818359375
1788,-5.3349609375
1789,-11.3916015625
1790,43.586669921875
1791,-2.1101074218750004
1792,-5.123291015625
1793,-0.37207031249999983
1794,-7.3798828125
1795,39.979248046875
1796,78.93188476562501
1797,-44.30712890625
1798,-9.146240234375
1799,-41.511474609375
1800,78.25390625000001
1801,1.495361328125
1802,7.065185546875
1803,0.518310546875
1804,7.807373046875
1805,-4.964599609374999
1806,-22.553466796875004
1807,12.627685546875
1808,-10.159912109375
1809,6.299072265625
1810,-13.70166015625
1811,2.689208984375
1812,-28.446044921875
1813,6.57177734375
1814,-36.279052734375
1815,-6.97607421875
1816,22.49853515625
1817,118.445068359375
1818,26.349365234375
1819,118.386474609375
1820,-7.9541015625
1821,-36.153564453125
1822,-1.747314453125
1823,15.911376953125
1824,-6.228759765625
1825,-13.8974609375
1826,-0.9738769531249999
1827,35.685791015625
1828,4.950927734375
1829,37.687744140625
1830,-6.96630859375
1831,4.317626953125
1832,2.51953125
1833,-5.59375
1834,-2.51611328125
1835,0.64794921875
1836,1.335693359375
1837,0.54150390625
1838,-11.779296875
1839,1.543212890625
1840,7.290771484375
1841,48.611083984375
1842,1.158203125
1843,-17.610107421875
1844,-1.646240234375
1845,32.579833984375
1846,-10.586425781250002
1847,3.89697265625
1848,0.230224609375
1849,0.187744140625
1850,-8.514404296875
1851,-5.183837890625001
1852,0.377197265625
1853,-0.84814453125
1854,0.93896484375
1855,4.494140625
1856,-2.032958984375
1857,-2.12451171875
1858,0.84228515625
1859,2.634765625
1860,-1.7177734375
1861,-5.1884765625
1862,-6.285400390625001
1863,-8.531494140625
1864,-3.246826171875
1865,-8.7099609375
1866,-25.43212890625
1867,4.5947265625
1868,3.502685546875
1869,2.914794921875
1870,0.9011230468750001
1871,-3.8642578124999996
1872,-3.02099609375
1873,5.5185546875
1874,-1.901123046875
1875,9.11376953125
1876,69.426025390625
1877,5.98486328125
1878,0.31982421875
1879,3.636962890625
1880,25.954345703125
1881,3.379150390625
1882,10.27978515625
1883,-1.343505859375
1884,9.2314453125
1885,1.9506835937500002
1886,-16.49658203125
1887,-1.7314453125
1888,-1.809814453125
1889,-1.156005859375
1890,-12.981201171875
1891,55.757080078125
1892,-46.135986328125
1893,41.78125
1894,-42.1201171875
1895,21.096435546875
1896,-34.554931640625
1897,62.009033203125
1898,-5.361572265625
1899,62.718017578125
1900,-6.48583984375
1901,7.951904296875
1902,-17.4306640625
1903,-12.747314453125
1904,-16.308837890625
1905,2.033447265625
1906,-4.13427734375
1907,1.5004882812499998
1908,0.39453125
1909,9.30224609375
1910,1.123779296875
1911,-3.09765625
1912,-0.519775390625
1913,0.178466796875
1914,2.420166015625
1915,-2.712158203125
1916,122.57934570312499
1917,21.603271484375
1918,27.677490234375
1919,22.322509765625
1920,-22.154296875
1921,17.06494140625
1922,-26.954345703125
1923,-13.0703125
1924,-28.72705078125
1925,-1.389404296875
1926,-8.303955078125
1927,-4.594970703125
1928,42.39062499999999
1929,-0.6120605468750001
1930,32.14111328125
1931,9.067626953125
1932,9.268798828125
1933,19.62890625
1934,7.3388671875
1935,-14.55322265625
1936,0.767578125
1937,0.128662109375
1938,0.72412109375
1939,8.361572265625
1940,-5.2978515625
1941,-3.101806640625
1942,18.728515625
1943,2.423583984375
1944,18.0361328125
1945,-4.7666015625
1946,-6.0224609375
1947,7.921142578125
1948,6.654296875000001
1949,9.414794921875
1950,0.567626953125
1951,-5.25048828125
1952,-16.52197265625
1953,93.27978515625
1954,-17.150146484375
1955,-0.274169921875
1956,-24.030517578125
1957,-4.657470703125
1958,-11.630859375
1959,-1.3154296875
1960,1.362548828125
1961,92.839599609375
1962,-21.860595703125
1963,15.335449218749998
1964,-20.982177734374996
1965,14.7822265625
1966,8.29541015625
1967,-54.43066406250001
1968,19.339111328125
1969,-55.06372070312499
1970,-7.279052734375
1971,-15.41064453125
1972,-20.349365234375
1973,-3.72802734375
1974,-17.2666015625
1975,7.265869140625001
1976,2.48583984375
1977,-4.151611328125
1978,23.291259765625
1979,-2.077880859375
1980,36.527587890625
1981,28.619873046875
1982,-0.3671875
1983,47.44921875
1984,-4.350830078125
1985,-68.516357421875
1986,3.40478515625
1987,16.612060546875
1988,-0.9494628906249999
1989,19.679687500000004
1990,-4.086181640625
1991,2.5400390624999996
1992,4.06689453125
1993,10.240234375
1994,4.111083984375
1995,-10.9677734375
1996,-16.720703125
1997,7.267333984375
1998,-13.158447265625
1999,1.522705078125
2000,0.6145019531249999
2001,3.862548828125
2002,57.31298828125
2003,-10.098876953125
2004,66.0
2005,-14.264892578125
2006,-9.56787109375
2007,-0.5935058593749996
2008,-5.980224609375001
2009,-2.078369140625
2010,19.18115234375
2011,-6.551513671875
2012,4.580078125
2013,-13.36865234375
2014,6.143310546875
2015,1.173095703125
2016,5.34228515625
2017,0.1279296875
2018,-0.193115234375
2019,-1.138671875
2020,-5.156005859374999
2021,19.408935546875
2022,-17.6875
2023,7.77001953125
2024,-23.621582031250004
2025,24.8935546875
2026,-14.336181640625
2027,5.224853515625
2028,-9.388916015625002
2029,12.662109375
2030,0.8127441406249982
2031,4.145263671875
2032,-14.021728515625002
2033,63.51611328125
2034,-6.129638671875
2035,20.328369140624993
2036,0.6730957031249999
2037,-7.8369140625
2038,-2.674072265625
2039,0.002685546875
2040,-3.723388671875
2041,-19.684082031250004
2042,34.063720703125
2043,8.13232421875
2044,35.7138671875
2045,12.463623046875
2046,55.5595703125
2047,-16.247802734375
2048,33.707275390625
2049,-11.768310546875
2050,145.797119140625
2051,26.46728515625
2052,-17.629638671875
2053,142.7119140625
2054,-21.55419921875
2055,20.415771484375
2056,-0.343994140625
2057,8.79736328125
2058,6.3701171875
2059,6.250244140625001
2060,-4.447021484375
2061,36.9794921875
2062,-15.646728515625002
2063,4.91357421875
2064,-16.375244140625
2065,4.239013671875
2066,-11.234863281250002
2067,5.288330078125
2068,0.141845703125
2069,0.64697265625
2070,-6.1923828125
2071,-4.845947265625
2072,-0.103759765625
2073,-16.244873046875
2074,4.082275390625
2075,7.742919921875
2076,5.0625
2077,20.22802734375
2078,-5.7060546875
2079,27.030029296875
2080,-15.454345703125
2081,-21.517333984375
2082,13.523681640625
2083,7.243408203124999
2084,16.1875
2085,54.546630859375
2086,0.421142578125
2087,10.190185546875
2088,-8.953857421875
2089,7.184326171875
2090,20.53173828125
2091,33.55810546875
2092,-1.6157226562499998
2093,22.93896484375
2094,3.142578125
2095,6.13671875
2096,-7.256103515625
2097,27.7724609375
2098,-9.62353515625
2099,24.644042968749996
2100,-7.374755859374999
2101,19.652587890625
2102,0.5769042968750001
2103,-21.825927734374996
2104,-0.275146484375
2105,-9.0439453125
2106,-9.10400390625
2107,-3.483642578125
2108,2.912841796875
2109,-1.260498046875
2110,-1.509033203125
2111,-38.3115234375
2112,63.2138671875
2113,81.080322265625
2114,69.020263671875
2115,-24.39697265625
2116,9.050048828125
2117,1.155029296875
2118,-0.7438964843750001
2119,2.678955078125
2120,2.050537109375
2121,7.0078125
2122,5.420166015625
2123,-5.752197265625
2124,2.703369140625
2125,-11.09912109375
2126,-15.175781249999998
2127,42.11865234375
2128,-75.72607421875
2129,37.550537109375
2130,-14.731201171875
2131,2.387939453125
2132,37.028076171875
2133,-4.27490234375
2134,41.29638671875
2135,6.280517578125
2136,0.8386230468750001
2137,-6.477783203125
2138,57.60498046875
2139,-14.990234375
2140,-8.417236328125
2141,-0.549560546875
2142,2.279052734375
2143,-0.448974609375
2144,-2.130859375
2145,5.093505859374999
2146,94.55810546875
2147,-31.59521484375
2148,14.56396484375
2149,-30.978515625
2150,-11.788330078125
2151,7.2626953125
2152,-6.849609375000001
2153,93.538818359375
2154,-7.607666015625
2155,-46.78857421875
2156,2.16552734375
2157,-6.918212890625001
2158,-0.2041015625
2159,3.261474609375
2160,-2.071533203125
2161,52.77124023437499
2162,-8.968994140625
2163,34.224853515625
2164,-9.36279296875
2165,96.333251953125
2166,7.983154296875
2167,0.34033203125
2168,-2.1279296875
2169,2.536865234375
2170,17.87158203125
2171,48.152587890625
2172,-28.648437500000004
2173,50.6748046875
2174,-30.658203125
2175,3.46337890625
2176,9.018310546875
2177,74.595703125
2178,-12.060791015625002
2179,74.4755859375
2180,-14.07373046875
2181,4.329833984375
2182,-15.19873046875
2183,7.397216796875
2184,-11.162841796875
2185,5.44580078125
2186,-3.277587890625
2187,1.980712890625
2188,-7.213623046875
2189,-0.7014160156249999
2190,-5.21484375
2191,14.194091796875
2192,-10.48876953125
2193,119.2255859375
2194,-11.4033203125
2195,6.5634765625
2196,-9.736572265625
2197,48.517333984375
2198,-14.138916015625002
2199,45.564208984375
2200,9.173583984375
2201,20.903076171875
2202,-3.622802734375001
2203,7.140625
2204,-7.005859375000001
2205,108.076904296875
2206,-1.590576171875
2207,10.392333984374998
2208,1.6518554687500002
2209,14.993896484374998
2210,-19.236328125
2211,42.9140625
2212,-11.82275390625
2213,-3.56591796875
2214,-14.830322265625
2215,56.94677734375
2216,0.18359375
2217,-12.2587890625
2218,-5.307861328125
2219,-6.2060546875
2220,0.02563476562499989
2221,16.1982421875
2222,-21.123291015625
2223,18.2568359375
2224,-25.9423828125
2225,10.700927734375
2226,-68.367919921875
2227,73.371337890625
2228,39.6279296875
2229,72.998291015625
2230,-16.049072265625
2231,4.0771484375
2232,-1.8588867187500002
2233,7.310302734375
2234,-1.6083984375
2235,-13.000732421875
2236,6.600830078125
2237,2.1748046875
2238,9.820556640625
2239,3.52880859375
2240,-13.3642578125
2241,106.00048828125
2242,3.3400878906249996
2243,6.739501953125
2244,10.62353515625
2245,48.472900390625
2246,-11.880126953125
2247,6.441162109374999
2248,7.301513671875
2249,7.067626953125
2250,3.83642578125
2251,-8.520751953125
2252,-10.26708984375
2253,-14.382568359375
2254,-7.814208984375
2255,9.429199218749998
2256,-16.682373046875
2257,37.4541015625
2258,4.98681640625
2259,39.27001953125
2260,3.8825683593749982
2261,3.3046875
2262,2.54638671875
2263,-5.55859375
2264,4.39794921875
2265,-19.126953125
2266,1.5981445312499998
2267,-31.241943359375
2268,-11.997802734375
2269,-23.68212890625
2270,-2.451171875
2271,4.794189453125
2272,45.243896484375
2273,-7.974853515625
2274,38.659423828125
2275,0.71435546875
2276,-34.9951171875
2277,110.565185546875
2278,-26.521484375
2279,111.115966796875
2280,15.421142578125
2281,-21.10205078125
2282,14.478515625
2283,30.15869140625
2284,11.759521484374998
2285,20.50146484375
2286,0.6013183593750001
2287,-1.769287109375
2288,-4.381103515625
2289,-8.064453125
2290,22.239013671875
2291,-0.38427734375
2292,0.85986328125
2293,5.472900390625001
2294,-4.421630859375
2295,-6.327392578125
2296,-11.489990234375
2297,44.550537109375
2298,3.915771484375
2299,45.083984375
2300,14.573974609375
2301,7.847900390625001
2302,4.049072265625
2303,14.43505859375
2304,6.892333984375
2305,-12.899169921875
2306,-56.82861328125
2307,34.8759765625
2308,-8.3447265625
2309,35.0224609375
2310,-0.3759765625
2311,-11.19775390625
2312,5.57568359375
2313,1.9658203125
2314,1.832763671875
2315,-1.5883789062499998
2316,-0.9453125
2317,-1.1538085937500002
2318,-0.56640625
2319,-1.130615234375
2320,-6.205078124999999
2321,10.11181640625
2322,-6.3310546875
2323,-3.57568359375
2324,-4.0908203125
2325,-2.696044921875
2326,14.3369140625
2327,5.075439453125
2328,41.409912109375
2329,2.61474609375
2330,-22.815673828125
2331,0.9833984375
2332,23.47900390625
2333,-1.00341796875
2334,31.386962890625
2335,-5.97021484375
2336,25.084228515625
2337,-23.777099609375
2338,42.201904296875
2339,-21.057373046875
2340,18.990478515625
2341,-26.129150390625
2342,26.896484375
2343,5.910400390625001
2344,27.123291015625
2345,-5.72216796875
2346,-1.057373046875
2347,-6.87060546875
2348,-0.97509765625
2349,-4.7763671875
2350,21.70556640625
2351,14.718505859375
2352,2.076416015625
2353,-10.317626953125
2354,1.655029296875
2355,58.4599609375
2356,-22.612060546875
2357,13.134521484374998
2358,74.64184570312499
2359,14.391845703125
2360,5.2734375
2361,-3.6494140624999996
2362,0.8876953125
2363,2.21484375
2364,0.24926757812499978
2365,-0.313720703125
2366,-5.4775390625
2367,11.30126953125
2368,-6.75244140625
2369,18.701416015625
2370,-0.84716796875
2371,28.864501953125
2372,12.375732421875
2373,4.143310546875
2374,12.658447265625
2375,24.460937500000004
2376,20.533203125
2377,-48.58056640624999
2378,21.17578125
2379,-39.6240234375
2380,17.03173828125
2381,-6.484374999999999
2382,60.464111328125
2383,-9.783447265625
2384,61.10937500000001
2385,-29.155517578125
2386,-22.524658203124996
2387,19.147216796875004
2388,-16.529052734375
2389,14.394287109375
2390,3.846923828125
2391,31.14599609375
2392,-20.4501953125
2393,-11.51025390625
2394,-24.543701171875
2395,6.28955078125
2396,-1.553466796875
2397,-0.36376953125
2398,4.107421875
2399,2.274169921875
2400,-6.156005859374999
2401,-27.72705078125
2402,32.21630859375
2403,3.664794921875
2404,27.884033203124996
2405,-0.003662109374999986
2406,18.96044921875
2407,-16.10888671875
2408,5.270263671875
2409,-16.88134765625
2410,-4.25048828125
2411,2.032470703125
2412,-0.9636230468750001
2413,-0.9599609375
2414,0.420166015625
2415,-0.44384765625
2416,9.822265625
2417,-13.63037109375
2418,19.730957031250004
2419,-12.330322265625
2420,-1.762451171875
2421,19.492187500000004
2422,-16.126220703125
2423,133.72802734375
2424,-18.27587890625
2425,17.008544921875
2426,-11.77978515625
2427,7.3076171875
2428,-3.68212890625
2429,11.20947265625
2430,7.8408203125
2431,22.7451171875
2432,-1.505615234375
2433,-6.6748046875
2434,2.386474609375
2435,1.1357421875
2436,2.410400390625
2437,1.159423828125
2438,8.209228515625
2439,3.195556640625
2440,-0.97802734375
2441,5.62548828125
2442,9.863281249999998
2443,3.169677734375
2444,8.425048828125
2445,-17.08447265625
2446,18.960693359375
2447,-0.112060546875
2448,-5.974853515625
2449,-1.7182617187500002
2450,68.047119140625
2451,15.881591796875
2452,-12.5810546875
2453,39.949462890625
2454,-9.96337890625
2455,-5.32958984375
2456,-3.46826171875
2457,14.339111328125
2458,5.388427734375
2459,15.090087890625
2460,-43.21630859375
2461,24.44677734375
2462,-4.2978515625
2463,11.062255859375
2464,-7.9189453125
2465,59.426513671875
2466,-10.053466796875
2467,-6.585693359374999
2468,1.104248046875
2469,0.253173828125
2470,-12.0341796875
2471,-7.389404296875
2472,42.4150390625
2473,-5.59033203125
2474,42.56884765625
2475,-5.189697265625
2476,13.829345703125
2477,-11.450439453125
2478,7.33642578125
2479,-17.27490234375
2480,13.161376953125
2481,27.61328125
2482,-2.804443359375
2483,16.836669921875
2484,0.25708007812500006
2485,-7.91455078125
2486,26.026611328125
2487,-8.9443359375
2488,5.57080078125
2489,-9.03759765625
2490,99.185546875
2491,-1.468017578125
2492,2.92236328125
2493,-20.293457031250004
2494,-1.278076171875
2495,-9.67041015625
2496,23.085205078125
2497,-26.54296875
2498,-4.384765625
2499,-31.05517578125
2500,-9.296386718749998
2501,-4.171875
2502,3.95068359375
2503,1.5122070312499998
2504,4.405517578125
2505,2.459228515625
2506,-5.3232421875
2507,3.785888671875
2508,5.361328124999999
2509,5.751953124999999
2510,4.6318359375
2511,41.6279296875
2512,-6.1240234375
2513,-7.694091796875
2514,-1.627685546875
2515,25.08447265625
2516,-8.59619140625
2517,52.05615234375
2518,5.613525390625001
2519,54.051513671875
2520,8.761962890624998
2521,92.36303710937499
2522,15.770263671875
2523,14.40283203125
2524,14.007324218749998
2525,-21.906005859375
2526,-6.35107421875
2527,1.1557617187500002
2528,-3.98291015625
2529,1.7026367187500002
2530,-7.63037109375
2531,-2.699951171875
2532,0.8310546875
2533,1.0124511718749998
2534,2.735595703125
2535,0.38916015625
2536,1.6674804687500002
2537,-3.194091796875
2538,42.392822265625
2539,0.9440917968750001
2540,-11.225341796875
2541,-3.74609375
2542,11.825927734375
2543,4.816162109374999
2544,14.166015625
2545,-32.80712890625
2546,9.760009765625
2547,-14.16064453125
2548,4.628173828125
2549,-10.965576171875
2550,-21.494384765625
2551,25.974853515625
2552,-18.719726562500004
2553,7.97998046875
2554,-22.0439453125
2555,75.827392578125
2556,-5.9775390625
2557,-48.401123046875
2558,7.29345703125
2559,-49.01879882812501
2560,-8.0146484375
2561,39.826171875
2562,-12.305175781250002
2563,66.3056640625
2564,-14.975341796875
2565,-8.48095703125
2566,4.458984375
2567,1.8881835937500002
2568,1.3276367187500002
2569,5.5341796875
2570,-24.629638671875
2571,-0.74072265625
2572,-0.1728515625
2573,-6.36572265625
2574,-4.048095703125
2575,41.74804687499999
2576,61.39868164062499
2577,4.63134765625
2578,31.468505859375
2579,0.5449218750000002
2580,-3.24560546875
2581,-9.22021484375
2582,-2.205322265625
2583,-18.396484375
2584,-5.0439453125
2585,7.048095703125
2586,-0.375
2587,-7.35498046875
2588,-8.893310546875
2589,-4.077880859375
2590,65.9697265625
2591,-16.700439453125
2592,8.4716796875
2593,1.041748046875
2594,8.44775390625
2595,10.642333984374998
2596,1.987060546875
2597,-18.56982421875
2598,7.38232421875
2599,-18.3720703125
2600,8.053955078125
2601,-13.926025390625
2602,-8.6064453125
2603,23.612548828125
2604,-5.109375
2605,36.868408203125
2606,-4.497314453125
2607,98.817626953125
2608,0.433837890625
2609,100.989013671875
2610,35.185302734375
2611,-2.77880859375
2612,-1.575927734375
2613,-5.248046875000001
2614,1.0146484375
2615,9.435791015625002
2616,-5.712646484375
2617,-22.648193359375
2618,15.012939453125
2619,-20.28515625
2620,0.17846679687499867
2621,2.041259765625
2622,31.68359375
2623,5.42529296875
2624,29.788330078125
2625,-22.293212890625
2626,26.965087890625
2627,-8.68701171875
2628,27.909667968749996
2629,-2.787109375
2630,-3.6826171875000004
2631,-0.2253417968750018
2632,123.32934570312499
2633,2.806396484375
2634,127.65283203125
2635,-11.819580078125
2636,25.5595703125
2637,3.15185546875
2638,7.8095703125
2639,4.489990234375
2640,-6.34765625
2641,23.766357421875
2642,5.4248046875
2643,-10.86376953125
2644,4.75341796875
2645,41.38525390625
2646,-17.218505859375
2647,-14.4560546875
2648,40.709228515625
2649,-15.758056640625
2650,7.91162109375
2651,-8.09814453125
2652,-14.483154296875
2653,-18.430419921875
2654,-12.827880859375
2655,89.532470703125
2656,1.5957031249999996
2657,19.240966796875004
2658,33.44287109375
2659,20.156494140625
2660,-8.270263671875
2661,-0.00048828125
2662,6.238037109374999
2663,3.17529296875
2664,2.2607421875
2665,0.466552734375
2666,23.040283203124996
2667,-5.48046875
2668,14.664550781250002
2669,-2.97607421875
2670,64.079833984375
2671,31.96435546875
2672,-16.5517578125
2673,-9.484130859375
2674,-16.0771484375
2675,-13.562988281250002
2676,27.469970703125
2677,-30.726806640625
2678,17.1416015625
2679,-27.33837890625
2680,47.433837890625
2681,-5.4091796875
2682,-6.884765624999999
2683,44.1787109375
2684,2.479248046875
2685,14.2021484375
2686,-4.62255859375
2687,0.8376464843750001
2688,-1.864501953125
2689,2.35986328125
2690,0.4384765625
2691,-2.621337890625
2692,-4.364501953125
2693,-4.721435546875
2694,-5.43994140625
2695,2.150146484375
2696,-2.4482421875000004
2697,3.03173828125
2698,2.67431640625
2699,-4.97998046875
2700,-1.358642578125
2701,-0.046630859375
2702,4.412841796875
2703,-0.35546875
2704,6.736572265625
2705,-1.828125
2706,10.970458984374998
2707,-12.304199218749998
2708,17.858642578125
2709,-8.342529296875
2710,-1.592529296875
2711,2.04736328125
2712,-2.207763671875
2713,6.041748046875
2714,-9.728759765625
2715,37.98828125
2716,38.149169921875
2717,-6.017333984375
2718,-8.021484375
2719,-2.67041015625
2720,43.27368164062499
2721,6.159423828125
2722,0.037841796875
2723,-2.134033203125
2724,-2.828369140625
2725,-1.533447265625
2726,-21.181640625
2727,38.490234375
2728,2.8779296874999996
2729,41.021484375
2730,11.363525390625
2731,-12.2138671875
2732,2.901123046875
2733,2.19677734375
2734,8.942626953125
2735,-2.6357421875000004
2736,2.848876953125
2737,-0.245361328125
2738,-9.405517578125
2739,0.359375
2740,-26.016601562500004
2741,-3.404296875
2742,3.625244140625
2743,-0.7490234375
2744,6.7958984375
2745,-1.475830078125
2746,0.69384765625
2747,-0.6511230468750001
2748,3.711669921875
2749,-2.80322265625
2750,-1.10888671875
2751,-4.198242187500001
2752,79.7431640625
2753,-7.976318359374999
2754,80.588134765625
2755,-15.376708984374998
2756,2.88427734375
2757,14.786865234375
2758,2.23583984375
2759,14.601074218749998
2760,-33.401611328125
2761,62.243896484375
2762,-26.587890625
2763,-70.727783203125
2764,-24.06494140625
2765,80.998046875
2766,35.78173828125
2767,-6.588623046875
2768,87.149169921875
2769,-6.044921875000001
2770,-66.720703125
2771,23.425048828125
2772,-20.763671875
2773,6.2509765625
2774,-22.929443359375
2775,74.4453125
2776,-6.447021484375
2777,2.787109375
2778,6.530517578125
2779,0.6115722656249999
2780,-0.142822265625
2781,0.009277343749997558
2782,65.264404296875
2783,-9.61474609375
2784,64.940185546875
2785,-29.586669921875
2786,10.777343750000002
2787,4.786376953125
2788,17.736328125
2789,-0.7744140625
2790,11.309814453125
2791,76.66650390625
2792,5.754638671875
2793,-12.20458984375
2794,7.074462890624999
2795,8.3115234375
2796,1.5405273437500002
2797,0.008056640625
2798,-0.6745605468750001
2799,7.08984375
2800,15.144287109375
2801,-9.04736328125
2802,7.900634765625
2803,42.02392578125
2804,9.934326171875
2805,5.064697265625
2806,-9.59375
2807,-13.912841796875
2808,-6.31640625
2809,-16.74755859375
2810,98.53124999999999
2811,17.9814453125
2812,-1.120849609375
2813,17.1396484375
2814,3.146240234375
2815,6.261962890625001
2816,11.470458984374998
2817,-36.923095703125
2818,13.819091796875
2819,-41.67724609375
2820,10.406494140625
2821,-21.76953125
2822,-0.58544921875
2823,-5.688232421875
2824,-3.3642578124999996
2825,8.413330078125
2826,-1.855224609375
2827,1.0654296875
2828,0.106201171875
2829,-0.931640625
2830,-3.003662109375
2831,-20.905517578125
2832,66.068359375
2833,-14.909912109375
2834,52.4765625
2835,-3.521240234375
2836,6.972900390625001
2837,26.277099609375
2838,-5.3779296875
2839,21.23974609375
2840,-13.080810546875
2841,12.703125
2842,72.40576171875
2843,4.771484375000001
2844,76.919921875
2845,-7.56640625
2846,5.310302734375
2847,8.248046875
2848,16.2568359375
2849,1.666259765625
2850,-11.378662109375
2851,0.6318359375
2852,-2.320068359375
2853,-0.25146484375
2854,-4.6953125
2855,0.093505859375
2856,0.6105957031250002
2857,0.337646484375
2858,3.515625
2859,-2.13818359375
2860,-2.38330078125
2861,-25.117431640625
2862,26.3466796875
2863,-25.0537109375
2864,20.822998046875
2865,-21.431640625
2866,-19.187255859375
2867,19.887451171875
2868,56.545166015625
2869,21.264648437499996
2870,5.09326171875
2871,7.250244140625001
2872,5.27197265625
2873,-8.029052734375
2874,4.188720703125
2875,0.7353515625
2876,-12.389404296875
2877,-10.716552734375
2878,2.6469726562499996
2879,-6.604248046875
2880,-24.36962890625
2881,-8.650146484375
2882,-6.13037109375
2883,17.42724609375
2884,-7.258544921875
2885,-6.350830078125
2886,3.604248046875
2887,-2.448974609375
2888,44.5654296875
2889,-5.629150390625001
2890,-4.920654296875
2891,-9.250244140625
2892,20.1357421875
2893,-6.3525390625
2894,17.477294921875
2895,20.699951171875
2896,3.494140625
2897,15.824462890625
2898,-4.441162109375
2899,10.413818359375
2900,-45.42138671875
2901,23.704101562500004
2902,-7.73681640625
2903,53.06445312500001
2904,-9.715576171875
2905,-75.9345703125
2906,13.58837890625
2907,-6.2998046875
2908,49.629638671875
2909,-8.73828125
2910,9.797607421875
2911,-0.9704589843750001
2912,-5.2119140625
2913,-17.692138671875
2914,-3.95068359375
2915,5.8466796875
2916,-0.76611328125
2917,-0.8400878906249999
2918,-9.296630859375
2919,-1.9799804687500002
2920,24.1318359375
2921,64.986572265625
2922,-31.4306640625
2923,90.239990234375
2924,-29.529296875
2925,-62.414794921875
2926,7.484619140625001
2927,44.260986328125
2928,-4.8525390625
2929,46.545166015625
2930,-10.799072265625
2931,-10.266845703125
2932,39.37109375
2933,-0.34619140625
2934,40.21630859375
2935,-10.316406249999998
2936,-14.554199218749998
2937,14.318359375
2938,-2.971435546875
2939,19.437744140625
2940,-2.750732421875
2941,-12.577636718749998
2942,18.667724609375
2943,2.88623046875
2944,16.77001953125
2945,2.493896484375
2946,1.0556640625
2947,1.8833007812499998
2948,2.504150390625
2949,0.7678222656249999
2950,3.088623046875
2951,-5.322021484375
2952,33.544189453125
2953,-12.125
2954,31.235595703125
2955,-10.268798828125
2956,13.72802734375
2957,-1.2939453125
2958,11.451416015625002
2959,-2.9404296875000004
2960,-17.874755859375
2961,93.600341796875
2962,-5.413818359375001
2963,33.318115234375
2964,-1.5395507812500009
2965,-11.72998046875
2966,-45.81982421875
2967,49.5224609375
2968,-39.75732421875
2969,50.3232421875
2970,1.029296875
2971,-4.9345703125
2972,50.954345703125
2973,-9.296386718749998
2974,51.39892578125
2975,-9.655761718749998
2976,-3.28125
2977,28.169189453125
2978,-2.236083984375
2979,25.771484375
2980,-7.392578124999999
2981,15.83251953125
2982,-3.95703125
2983,-5.635986328125
2984,0.9038085937499998
2985,-5.929931640625001
2986,-9.313720703125
2987,118.2294921875
2988,-4.874755859375001
2989,115.9189453125
2990,19.931396484375
2991,8.69677734375
2992,64.68408203125
2993,-6.68505859375
2994,67.765625
2995,12.24072265625
2996,2.383544921875
2997,-11.717529296875
2998,71.34619140625
2999,-15.816650390625
3000,-6.465087890625001
3001,5.894287109374999
3002,-3.658935546875
3003,4.104248046875
3004,-0.285400390625
3005,0.070068359375
3006,6.923828124999999
3007,13.564208984374998
3008,-18.60107421875
3009,14.057373046875
3010,-9.52001953125
3011,10.598388671875
3012,-13.55126953125
3013,76.04248046874999
3014,-17.584716796875
3015,4.73876953125
3016,-6.215576171875
3017,-7.4658203125
3018,-6.101806640625001
3019,-1.531982421875
3020,7.77490234375
3021,70.27099609375
3022,4.507324218749999
3023,17.102294921875
3024,11.070068359375
3025,-18.5400390625
3026,1.821044921875
3027,-1.040283203125
3028,1.817138671875
3029,4.578369140625
3030,-4.564697265625
3031,8.177978515625
3032,11.238525390625
3033,0.5935058593750001
3034,16.9375
3035,-13.475830078125
3036,1.559814453125
3037,7.0810546875
3038,-27.21240234375
3039,6.927978515625
3040,-9.333251953125
3041,-5.2255859375
3042,2.5517578124999996
3043,-17.414306640625
3044,2.0458984375
3045,3.435546875
3046,0.6123046875
3047,-2.86669921875
3048,-1.336669921875
3049,1.337646484375
3050,6.44921875
3051,-2.125732421875
3052,0.512451171875
3053,-0.055908203125
3054,-3.00537109375
3055,-1.574951171875
3056,5.904296875000001
3057,31.73876953125
3058,-24.074951171875
3059,28.691650390625
3060,1.441650390625
3061,-16.451171875
3062,3.68603515625
3063,2.816162109375
3064,3.416015625
3065,12.339599609375
3066,-8.007080078125
3067,37.267333984375
3068,-10.279296875
3069,39.644775390625
3070,2.998779296875
3071,-29.170654296875
3072,19.8505859375
3073,18.758056640625
3074,13.886718750000002
3075,-5.29150390625
3076,107.6826171875
3077,-29.972167968749996
3078,41.173095703125
3079,-24.328369140625
3080,-45.51416015625
3081,14.548828125
3082,-10.788574218749998
3083,-15.459228515625002
3084,-11.689208984374998
3085,47.37109375
3086,74.037353515625
3087,1.135986328125
3088,81.74438476562501
3089,-1.3698730468750002
3090,26.132812499999996
3091,3.365234375
3092,-8.92138671875
3093,4.505126953125
3094,-8.22607421875
3095,-1.298095703125
3096,-2.81640625
3097,5.694580078125
3098,5.687255859374999
3099,12.8671875
3100,-0.10107421875
3101,-8.115234375
3102,-2.990478515625
3103,-12.8271484375
3104,-4.225830078125
3105,13.58349609375
3106,-7.248046875000001
3107,32.014404296875
3108,11.382080078125
3109,33.772216796875
3110,-5.234130859374999
3111,33.085693359375
3112,-36.305419921875
3113,3.251953125
3114,-33.75732421875
3115,16.530029296875
3116,-0.9343261718750001
3117,-0.170166015625
3118,5.630859375000001
3119,-2.109619140625
3120,5.259033203125
3121,7.7998046875
3122,5.61181640625
3123,1.3935546875
3124,14.4150390625
3125,3.26416015625
3126,-14.562011718749998
3127,-9.499267578125
3128,15.5078125
3129,-10.198974609375
3130,38.14794921875
3131,9.470947265625
3132,6.814697265625
3133,25.982421875
3134,0.056884765625
3135,-31.521728515625
3136,-25.013916015625
3137,48.170654296875
3138,-5.137939453125003
3139,52.22802734375
3140,-4.305419921875
3141,12.601074218749998
3142,-12.211181640625
3143,5.893798828125
3144,-13.107666015625002
3145,12.541015625
3146,0.467041015625
3147,2.6562499999999996
3148,-5.35302734375
3149,1.3759765625
3150,-3.2255859375000004
3151,32.144287109375
3152,-25.26123046875
3153,22.57373046875
3154,-17.170166015625
3155,31.658203125
3156,61.839111328125
3157,-8.918212890625
3158,10.1923828125
3159,-7.82177734375
3160,56.396728515625
3161,24.715576171875
3162,6.434326171875
3163,47.7490234375
3164,-1.334228515625
3165,-6.690185546875
3166,-26.716796875
3167,20.979736328125
3168,-50.803466796875
3169,15.826416015625002
3170,103.249755859375
3171,-2.339111328125
3172,-4.023193359375
3173,-0.3720703125
3174,4.1025390625
3175,2.937255859375
3176,-11.739013671875
3177,10.664306640625
3178,-6.853271484375
3179,15.0771484375
3180,-8.2646484375
3181,-2.302734375
3182,2.325439453125
3183,-0.37646484375
3184,5.04541015625
3185,-2.8974609375000004
3186,0.4482421875
3187,1.021484375
3188,-0.77978515625
3189,-1.8139648437500002
3190,0.156005859375
3191,-7.18505859375
3192,24.146728515625
3193,-12.703125
3194,26.13330078125
3195,-43.79370117187499
3196,5.765625
3197,4.687744140625001
3198,-5.8349609375
3199,6.63525390625
3200,-0.6953125
3201,29.765380859375
3202,-1.267822265625
3203,-12.09521484375
3204,-4.4697265625
3205,58.7392578125
3206,-32.92431640625
3207,20.36474609375
3208,4.490234375
3209,21.675048828125
3210,-14.6962890625
3211,1.338623046875
3212,0.22241210937500006
3213,0.5263671875
3214,2.8005371093749996
3215,-1.9711914062499998
3216,-7.413330078125
3217,-8.7109375
3218,-12.0673828125
3219,-5.5439453125
3220,22.500976562500004
3221,-45.71533203125
3222,46.847412109375
3223,-5.7548828125
3224,44.38330078125
3225,61.416015625
3226,-14.259521484374998
3227,1.282958984375
3228,15.3134765625
3229,-0.1376953124999999
3230,16.1943359375
3231,-15.94384765625
3232,18.15625
3233,18.918212890624996
3234,13.17822265625
3235,1.817138671875
3236,106.66259765625001
3237,-23.60205078125
3238,-40.670166015625
3239,-32.24609375
3240,46.4189453125
3241,10.505615234375
3242,-0.72998046875
3243,8.100830078125
3244,-3.431640625
3245,0.72900390625
3246,7.1728515625
3247,0.302978515625
3248,-24.033935546875
3249,4.216796875
3250,-0.6037597656249999
3251,37.130615234375
3252,-11.690673828125
3253,10.861083984374998
3254,-22.0498046875
3255,76.642333984375
3256,-33.747314453125
3257,-4.80712890625
3258,85.44311523437499
3259,-3.526123046875
3260,-41.7216796875
3261,-3.9716796875000004
3262,11.236572265625
3263,-5.395751953125
3264,8.52587890625
3265,-1.3583984375
3266,6.655029296875
3267,46.191650390625
3268,-13.062988281250002
3269,45.29125976562501
3270,10.678955078125
3271,18.72265625
3272,-7.107177734375
3273,30.43994140625
3274,-9.572998046875
3275,15.9814453125
3276,-8.19921875
3277,6.137451171875
3278,-6.68115234375
3279,8.2236328125
3280,-11.74658203125
3281,10.052734375
3282,12.51416015625
3283,-8.826171875
3284,10.45068359375
3285,20.100341796875004
3286,-3.42626953125
3287,-1.7329101562499998
3288,0.68212890625
3289,1.2778320312499998
3290,-2.983642578125
3291,-17.533203125
3292,27.255126953125
3293,-5.186279296875
3294,30.891601562500004
3295,1.5610351562499998
3296,5.331787109374999
3297,-20.527099609375
3298,63.75683593749999
3299,-16.582763671875
3300,-10.760009765625
3301,-7.111572265625
3302,29.488525390625
3303,19.969726562500004
3304,28.793701171875
3305,-8.01025390625
3306,0.272216796875
3307,3.37939453125
3308,-5.28857421875
3309,-4.140869140625
3310,1.783935546875
3311,33.7880859375
3312,-6.4697265625
3313,-4.248291015625
3314,-9.643798828125
3315,23.370849609375
3316,-3.167236328125
3317,2.971435546875
3318,-2.778076171875
3319,-0.185302734375
3320,4.2265625
3321,1.5727539062499998
3322,-6.15087890625
3323,1.06005859375
3324,-7.862060546875
3325,0.434326171875
3326,-14.9873046875
3327,-8.535400390625
3328,28.462158203124996
3329,-7.3857421875
3330,14.3955078125
3331,31.1142578125
3332,-33.84326171875
3333,88.74267578125
3334,-29.88330078125
3335,-52.07006835937501
3336,5.078369140625001
3337,-1.302490234375
3338,62.23437500000001
3339,-3.82275390625
3340,-1.11279296875
3341,-9.652099609375
3342,2.315185546875
3343,-4.106689453125
3344,2.9658203124999996
3345,-1.3784179687500002
3346,16.376953125
3347,34.474853515625
3348,-3.981689453125
3349,32.44921875
3350,4.31494140625
3351,-0.391845703125
3352,10.24658203125
3353,-17.567138671875
3354,10.993408203125
3355,14.1552734375
3356,24.0869140625
3357,-26.45703125
3358,36.92236328125
3359,-35.501220703125
3360,4.098388671875
3361,-19.40576171875
3362,48.19995117187499
3363,-0.8234863281250004
3364,51.306396484375
3365,-1.823486328125
3366,26.65234375
3367,-73.57861328125
3368,26.494140625
3369,-70.732177734375
3370,-6.255615234375
3371,38.178955078125
3372,-25.102294921875
3373,66.927490234375
3374,-25.245361328125
3375,1.947998046875
3376,6.75830078125
3377,-17.666259765625
3378,73.998779296875
3379,-23.379150390625
3380,-10.114501953125
3381,17.575927734375
3382,-18.856201171875
3383,-3.6506347656250004
3384,-20.452392578125
3385,70.154541015625
3386,1.6684570312499996
3387,55.09497070312499
3388,-10.45849609375
3389,55.857666015625
3390,-58.31787109375
3391,6.630859375000001
3392,4.3046875
3393,1.939453125
3394,-0.530029296875
3395,-23.275146484375
3396,-5.18701171875
3397,-5.132080078125
3398,-1.1640625000000002
3399,-0.9609375
3400,-14.944824218749998
3401,-9.87939453125
3402,14.650146484374998
3403,-5.16064453125
3404,14.035400390625
3405,-7.31494140625
3406,17.176513671875
3407,-19.222412109375
3408,11.393310546875
3409,-23.438476562500004
3410,14.58447265625
3411,1.270751953125
3412,-0.796875
3413,-2.910888671875
3414,-6.247802734375
3415,11.3955078125
3416,31.937255859375
3417,-24.619140625
3418,-6.480712890625001
3419,-23.2158203125
3420,32.963134765625
3421,-15.663818359375
3422,0.7265625
3423,120.07373046875
3424,1.689208984375
3425,-1.5532226562500007
3426,2.99365234375
3427,3.69091796875
3428,4.16552734375
3429,2.321044921875
3430,24.974853515625
3431,-1.2148437500000007
3432,50.779052734375
3433,107.10498046874999
3434,49.613037109375
3435,-6.447021484375
3436,-47.279541015625
3437,11.6826171875
3438,-28.44140625
3439,13.3984375
3440,4.715576171875
3441,76.05126953125
3442,-0.6354980468749992
3443,20.498779296875
3444,-2.318603515625
3445,83.259765625
3446,-3.8095703124999996
3447,-14.591064453125
3448,-3.9453125
3449,-8.64990234375
3450,56.43212890625
3451,2.318359375
3452,-8.3037109375
3453,70.151123046875
3454,-1.927490234375
3455,-3.37109375
3456,8.8662109375
3457,139.342529296875
3458,-3.510742187500001
3459,136.978759765625
3460,9.9072265625
3461,45.22998046875
3462,-35.057373046875
3463,-10.469970703125
3464,-40.42236328125
3465,13.793701171875
3466,-0.27392578125
3467,4.886962890625001
3468,-0.8010253906249998
3469,0.7434082031249999
3470,3.078857421875
3471,-10.853759765625
3472,-6.7080078125
3473,-10.653076171875
3474,-7.084228515625
3475,-8.9189453125
3476,-10.672607421875
3477,26.66748046875
3478,-64.85009765625
3479,27.908203125
3480,-3.91943359375
3481,14.185791015625002
3482,10.093017578125
3483,-20.05126953125
3484,16.042724609375
3485,7.8681640625
3486,13.515869140625
3487,-2.308349609375
3488,23.83935546875
3489,-7.876220703125
3490,0.295654296875
3491,8.298583984375
3492,-10.677001953125
3493,4.873291015625
3494,-14.036376953125
3495,10.26123046875
3496,16.923828125
3497,-2.6005859375000004
3498,-56.630859375
3499,-3.872802734375
3500,31.5537109375
3501,-24.314697265625004
3502,15.869384765625
3503,12.601318359375
3504,24.150634765625
3505,-1.1928710937500002
3506,11.226806640625
3507,-16.929931640625
3508,15.627197265625
3509,-14.812744140625
3510,10.96435546875
3511,5.400146484375
3512,2.85693359375
3513,-13.410156249999998
3514,7.58544921875
3515,9.067626953125
3516,-4.709228515625
3517,-4.0517578125
3518,-9.201171875
3519,1.8935546875
3520,-24.635009765625
3521,-0.3630371093749999
3522,50.261962890625
3523,-3.668212890625
3524,46.10058593749999
3525,-14.484375
3526,1.5571289062500009
3527,56.989013671875
3528,11.714843750000002
3529,62.08203125
3530,-8.15234375
3531,3.860595703125
3532,-9.266845703125
3533,6.734130859374999
3534,-9.111083984375
3535,10.9814453125
3536,1.505126953125
3537,-1.4248046875
3538,-2.137939453125
3539,0.198486328125
3540,-6.759033203125
3541,-10.126953125
3542,-10.2685546875
3543,22.5693359375
3544,-10.081298828125
3545,4.743896484375
3546,38.903076171875
3547,-5.145263671875
3548,28.9111328125
3549,-10.426025390625
3550,1.455810546875
3551,31.5244140625
3552,8.781005859375
3553,35.24755859375
3554,9.801513671875
3555,-8.60986328125
3556,4.513916015624999
3557,117.066650390625
3558,-22.80126953125
3559,112.349853515625
3560,-28.349609375
3561,3.367431640625
3562,-12.44384765625
3563,4.001220703125
3564,-12.667236328125
3565,-5.273193359374999
3566,1.6142578125
3567,5.90576171875
3568,-2.806396484375
3569,2.94482421875
3570,5.294921875000001
3571,-2.117919921875
3572,56.978271484375
3573,-5.1826171875
3574,59.6220703125
3575,-11.884033203125
3576,6.50634765625
3577,7.89111328125
3578,-8.7900390625
3579,8.517578125
3580,-31.255126953125
3581,-34.757080078125
3582,17.300537109375
3583,2.4677734375000004
3584,13.488281249999998
3585,-25.664062499999996
3586,-1.943359375
3587,-0.494873046875
3588,4.401123046875
3589,-2.02099609375
3590,-0.72802734375
3591,-24.596923828125
3592,33.18701171875
3593,-11.09228515625
3594,32.55224609375
3595,6.973388671875
3596,1.828857421875
3597,7.1083984375
3598,-17.036376953125
3599,4.581298828125
3600,-3.357177734375
3601,42.40966796875
3602,-2.934082031250001
3603,-15.705078125
3604,-9.861083984374998
3605,55.5478515625
3606,-3.401123046875
3607,-2.5615234375000004
3608,-11.3916015625
3609,-7.595947265625
3610,-21.857666015625
3611,1.811279296875
3612,0.46337890625
3613,4.907958984375
3614,-4.3583984375
3615,-3.889892578125
3616,4.692138671875
3617,-6.384033203125
3618,16.96533203125
3619,-5.348388671875
3620,13.209228515625002
3621,-16.92138671875
3622,23.241455078125
3623,-6.075927734375
3624,31.362060546875
3625,-18.727294921875
3626,-11.080810546875
3627,8.496826171875
3628,-25.650634765625
3629,11.568603515625002
3630,-3.127197265625
3631,21.198486328125
3632,-15.665771484374998
3633,2.637451171875
3634,-20.9189453125
3635,80.748046875
3636,-0.7041015625
3637,-2.953369140625
3638,-20.0029296875
3639,-4.083984375
3640,1.162841796875
3641,1.382080078125
3642,-3.332763671875
3643,1.717529296875
3644,-4.16259765625
3645,2.110595703125
3646,49.622802734375
3647,-16.054443359375
3648,-50.76318359375001
3649,-12.146240234375
3650,72.22412109375
3651,-3.1271972656250004
3652,23.626708984375
3653,-27.079101562500004
3654,27.07666015625
3655,-0.426025390625
3656,67.97314453125
3657,-6.92431640625
3658,39.088134765625
3659,-4.989501953125
3660,-4.072509765625
3661,0.2216796875
3662,17.85302734375
3663,-52.1474609375
3664,13.25244140625
3665,-6.30712890625
3666,12.744140625
3667,143.56298828125
3668,-16.185791015625
3669,146.059814453125
3670,26.367431640625
3671,171.7158203125
3672,12.68994140625
3673,-12.672363281250002
3674,15.29345703125
3675,54.5478515625
3676,96.84326171875
3677,3.130126953124999
3678,-5.48876953125
3679,4.785644531249999
3680,16.556884765625
3681,-7.64892578125
3682,6.162353515625
3683,-4.37255859375
3684,3.5651855468750004
3685,-1.823974609375
3686,-0.280029296875
3687,25.4951171875
3688,-24.035400390625
3689,36.431640625
3690,-5.068359375000001
3691,-5.40673828125
3692,4.868408203125
3693,6.038818359374999
3694,2.5859375
3695,-4.7490234375
3696,2.77001953125
3697,5.572998046875
3698,-2.672119140625
3699,-6.102783203125
3700,1.11279296875
3701,-1.224365234375
3702,-9.3759765625
3703,7.831298828125
3704,-9.413818359375
3705,-1.4716796875
3706,33.73046875
3707,-14.569091796875
3708,-34.28662109375
3709,-15.283203125
3710,85.90624999999999
3711,-3.219970703125
3712,-9.541015625
3713,13.691650390625
3714,-6.201904296875
3715,-2.44287109375
3716,2.958251953125
3717,1.439697265625
3718,9.799072265625
3719,-6.585205078125
3720,-7.4296875
3721,5.953369140625001
3722,6.09326171875
3723,-29.88916015625
3724,7.875732421875
3725,17.4775390625
3726,-0.05126953125
3727,-5.82275390625
3728,8.875732421875
3729,-2.704833984375
3730,1.207763671875
3731,1.294677734375
3732,3.0263671875000004
3733,-7.314208984375
3734,10.62939453125
3735,7.80615234375
3736,2.279541015625
3737,45.596435546875
3738,12.777099609375
3739,51.500244140625
3740,-1.4375
3741,-1.0803222656249998
3742,18.319091796875
3743,1.932861328125
3744,21.151611328125
3745,8.30029296875
3746,-6.717041015625
3747,0.44921875
3748,-2.497802734375
3749,-2.1328125
3750,-0.50732421875
3751,33.973876953125
3752,1.2817382812499998
3753,49.91870117187499
3754,1.6953125
3755,-8.3505859375
3756,1.094970703125
3757,8.680908203125
3758,4.104248046875
3759,5.388671875000001
3760,-35.500732421875
3761,10.395263671875
3762,-3.680419921875
3763,3.7919921875000004
3764,-2.88525390625
3765,10.55322265625
3766,2.59423828125
3767,-8.962890625
3768,12.692138671875
3769,-7.254150390625001
3770,2.638916015625
3771,1.6909179687500002
3772,0.25170898437500006
3773,32.3857421875
3774,5.114501953125
3775,0.8337402343750001
3776,-13.5693359375
3777,33.9833984375
3778,-8.63671875
3779,35.22314453125
3780,-2.02783203125
3781,-19.398681640625
3782,6.95751953125
3783,-0.6884765625
3784,6.20751953125
3785,13.1025390625
3786,-3.520263671875
3787,18.107666015625
3788,2.2763671875
3789,22.074951171875
3790,-2.3828125
3791,-2.732421875
3792,6.0234375
3793,-3.3203125
3794,2.918212890625
3795,-11.2783203125
3796,27.45849609375
3797,-2.817626953125
3798,-11.276123046875
3799,-6.685302734375
3800,-10.735595703125
3801,14.320800781250002
3802,6.9091796875
3803,-19.71484375
3804,5.3154296875
3805,-6.870849609374999
3806,44.986083984375
3807,-1.697265625
3808,31.3408203125
3809,-1.884521484375
3810,-7.4619140625
3811,-30.748046875
3812,59.63916015625
3813,-4.482666015625
3814,59.506591796875
3815,-31.196044921875
3816,-0.8303222656249999
3817,21.167724609375
3818,16.02001953125
3819,20.2998046875
3820,5.029296875000001
3821,-2.929931640625
3822,58.744873046875
3823,-10.97314453125
3824,56.10205078125
3825,-15.46337890625
3826,-7.8076171875
3827,-8.819091796875
3828,0.086669921875
3829,-12.912353515625002
3830,27.11572265625
3831,68.1474609375
3832,1.2819824218749996
3833,77.259033203125
3834,-0.7268066406250008
3835,7.09521484375
3836,15.92626953125
3837,-26.170654296875
3838,-8.7158203125
3839,-28.837646484375
3840,-3.3525390624999996
3841,-0.249267578125
3842,4.5771484375
3843,-0.96630859375
3844,0.93017578125
3845,1.1708984375
3846,0.21533203125000006
3847,31.729248046875
3848,13.636474609375
3849,33.433349609375
3850,-6.92724609375
3851,-1.558837890625
3852,-3.63671875
3853,-4.35498046875
3854,-2.453857421875
3855,-1.2138671875
3856,-23.253662109375
3857,23.908203125
3858,0.7946777343750001
3859,21.5244140625
3860,76.168701171875
3861,-16.283935546875
3862,-12.876708984374998
3863,-3.758544921875
3864,-7.198974609374999
3865,19.407226562500004
3866,-17.503173828125
3867,3.068115234375
3868,9.29052734375
3869,5.02880859375
3870,2.097412109375
3871,-7.5615234375
3872,73.698486328125
3873,21.017333984375
3874,74.75048828125
3875,-4.146240234375
3876,7.241210937499998
3877,99.410888671875
3878,-14.968994140625
3879,97.63330078125
3880,12.183349609375
3881,-0.9099121093750001
3882,20.6611328125
3883,5.285400390625001
3884,26.205078125
3885,-5.93115234375
3886,9.52978515625
3887,4.556884765625
3888,-15.147216796875
3889,5.7939453125
3890,-10.7314453125
3891,16.210693359375
3892,-30.381591796875004
3893,11.674560546875
3894,-33.302490234375
3895,24.031494140625
3896,44.10693359375001
3897,-6.65283203125
3898,-8.0576171875
3899,-3.0498046875000004
3900,31.936523437499996
3901,4.106689453125
3902,-3.426513671875
3903,-1.1083984375
3904,-5.46337890625
3905,2.2177734375
3906,6.121826171875
3907,-4.501220703125
3908,8.727294921875
3909,-7.740966796875
3910,7.22216796875
3911,36.188720703125
3912,-0.462890625
3913,-66.269287109375
3914,-4.5419921875
3915,50.9833984375
3916,10.44775390625
3917,-41.38916015625
3918,46.89501953125
3919,-40.151611328125
3920,-5.50048828125
3921,-26.018310546875
3922,18.065673828125
3923,99.563720703125
3924,21.76611328125
3925,5.810302734374999
3926,6.588378906249999
3927,58.636962890625
3928,-18.847412109375
3929,60.389892578125
3930,-50.339111328125
3931,21.249023437499996
3932,-8.1376953125
3933,-0.7536621093750001
3934,-5.1640625
3935,35.3818359375
3936,-1.731201171875
3937,1.8696289062499998
3938,-0.78857421875
3939,3.34716796875
3940,-5.310302734375
3941,22.506591796875004
3942,-16.163818359375
3943,-10.09814453125
3944,-16.892822265625
3945,-4.79638671875
3946,-14.099853515625002
3947,26.715576171875
3948,11.25537109375
3949,34.120849609375
3950,-18.580322265625004
3951,-5.762939453125
3952,-7.3505859375
3953,-7.6669921875
3954,-1.342529296875
3955,-8.501220703125
3956,12.10009765625
3957,3.3583984375000004
3958,21.64111328125
3959,7.24267578125
3960,6.442626953125
3961,-16.3232421875
3962,1.4916992187500002
3963,2.201171875
3964,1.05029296875
3965,30.087646484375
3966,2.431640625
3967,-3.9248046875000004
3968,0.45654296875
3969,-6.736328124999999
3970,2.66162109375
3971,-4.583740234375
3972,2.091552734375
3973,8.190673828125
3974,10.287353515625002
3975,-6.212646484375
3976,3.01416015625
3977,-4.50048828125
3978,-0.17700195312500003
3979,-2.64697265625
3980,10.714111328125
3981,-5.397705078125
3982,16.005126953125
3983,10.1337890625
3984,17.5654296875
3985,-1.620849609375
3986,67.259033203125
3987,-2.188720703125
3988,107.56884765625
3989,-2.501708984375
3990,29.42919921875
3991,-24.922607421875
3992,36.13525390625
3993,2.0029296875
3994,36.2431640625
3995,-5.986328124999999
3996,92.544677734375
3997,7.815429687499998
3998,23.224609375
3999,4.520751953124998
4000,-13.335449218749998
4001,9.19970703125
4002,13.523681640625
4003,-2.6904296875000004
4004,18.720947265625004
4005,3.7265624999999996
4006,15.28125
4007,-5.833984375000001
4008,-26.709716796875004
4009,-10.263671875
4010,33.283447265625
4011,4.308349609375
4012,4.14794921875
4013,-1.03955078125
4014,9.550781249999998
4015,9.90380859375
4016,-11.439208984374998
4017,-11.092041015625002
4018,23.08251953125
4019,-2.231201171875
4020,3.76708984375
4021,4.646728515625
4022,0.7487792968750001
4023,-10.10009765625
4024,3.16552734375
4025,-7.227783203125
4026,-31.23828125
4027,25.777587890625
4028,5.4169921875
4029,25.641357421875
4030,-19.76806640625
4031,2.82958984375
4032,-0.6984863281249999
4033,-1.111328125
4034,-4.721923828125
4035,8.27001953125
4036,-6.66064453125
4037,10.358154296875
4038,8.21142578125
4039,7.37158203125
4040,21.648437500000004
4041,-2.0888671875
4042,8.37939453125
4043,-3.04248046875
4044,6.21923828125
4045,-3.79541015625
4046,74.19628906250001
4047,-33.91162109375
4048,58.946533203125
4049,-32.300048828125
4050,20.708251953125
4051,115.32080078125
4052,-8.13671875
4053,-45.33056640624999
4054,-7.486572265625004
4055,37.89379882812501
4056,-12.625244140625
4057,12.232666015625002
4058,11.132324218749998
4059,18.101318359375
4060,-11.109619140625
4061,15.589599609375
4062,3.06982421875
4063,23.93798828125
4064,7.332275390625001
4065,-7.42431640625
4066,62.005615234375
4067,-54.28173828125
4068,39.8232421875
4069,-52.058349609375
4070,-29.454101562500004
4071,-0.262939453125
4072,-1.219482421875
4073,-8.55419921875
4074,-3.48974609375
4075,3.98388671875
4076,-4.374267578125
4077,35.028076171875
4078,-12.74560546875
4079,35.47412109375
4080,0.958984375
4081,39.00756835937501
4082,-32.732421875
4083,39.266357421875
4084,-37.63500976562501
4085,10.95947265625
4086,-18.576904296875
4087,8.52978515625
4088,-36.74951171875
4089,-0.44580078125
4090,-7.916259765625
4091,5.73046875
4092,8.431884765625
4093,-8.41796875
4094,11.978515625
4095,-0.18408203125
4096,5.71923828125
4097,3.23388671875
4098,8.267578125
4099,2.0908203125
4100,-12.7080078125
4101,159.15844726562503
4102,20.351806640625
4103,-39.04736328125
4104,27.4169921875
4105,34.402587890625
4106,21.35205078125
4107,-10.671630859375
4108,-11.064208984374998
4109,-10.7421875
4110,-18.33447265625
4111,-4.665283203125
4112,-7.530517578125
4113,48.36962890625
4114,-11.824951171875
4115,-6.570068359374999
4116,13.27880859375
4117,-20.463134765625
4118,-5.9931640625
4119,-14.2783203125
4120,0.568359375
4121,-1.260986328125
4122,-3.36572265625
4123,3.917236328125
4124,0.295166015625
4125,-2.9033203124999996
4126,6.74462890625
4127,75.26025390625
4128,-18.52197265625
4129,81.69873046875
4130,3.648193359375
4131,1.080078125
4132,3.89794921875
4133,4.824951171875
4134,-0.8828125
4135,7.90087890625
4136,-1.14404296875
4137,-8.298828125
4138,-1.1159667968749998
4139,-13.97509765625
4140,-27.1201171875
4141,13.276123046875
4142,-5.156005859374999
4143,1.4887695312499998
4144,-7.509521484375
4145,21.160888671875
4146,29.399658203124996
4147,-0.6064453125
4148,-0.44384765625
4149,-2.844482421875
4150,24.4326171875
4151,2.85009765625
4152,7.8359375
4153,4.0703125
4154,7.450439453125
4155,-9.277099609375
4156,-2.47509765625
4157,12.097900390625
4158,5.886474609374999
4159,19.283447265625004
4160,-2.858154296875
4161,11.180419921875
4162,-22.384521484375
4163,-5.920654296875
4164,-19.86376953125
4165,77.134765625
4166,31.552490234375
4167,-20.280029296875
4168,139.848388671875
4169,-19.83740234375
4170,19.9013671875
4171,-1.5029296875
4172,-2.373779296875
4173,19.531494140625
4174,-4.738525390625001
4175,6.27978515625
4176,88.79565429687501
4177,-26.08203125
4178,-14.26025390625
4179,-25.875
4180,23.999023437499996
4181,21.18359375
4182,-21.71435546875
4183,7.9658203124999964
4184,-19.577148437499996
4185,56.9580078125
4186,15.9541015625
4187,-16.695556640625
4188,41.02685546874999
4189,-13.496826171875
4190,-8.8798828125
4191,-8.022216796875
4192,80.57763671875001
4193,-0.2634277343750001
4194,85.81982421875
4195,-12.003662109375
4196,11.888427734375
4197,-6.23681640625
4198,-3.50830078125
4199,-0.16699218750000044
4200,-8.246337890625
4201,3.084228515625
4202,4.59765625
4203,3.20703125
4204,-1.8901367187500002
4205,1.7866210937500002
4206,1.7729492187500002
4207,0.6389160156249999
4208,-11.671386718749998
4209,1.6098632812499998
4210,-6.6220703125
4211,-1.8286132812499998
4212,-1.301025390625
4213,-5.179443359374999
4214,-11.072021484374998
4215,5.460693359374999
4216,4.275878906249999
4217,75.876708984375
4218,-25.08984375
4219,79.716796875
4220,-18.56005859375
4221,3.49072265625
4222,0.6145019531249999
4223,-12.369384765625
4224,4.48583984375
4225,9.198974609375
4226,9.4794921875
4227,2.347900390625
4228,23.96728515625
4229,-0.023681640625
4230,-5.577392578125
4231,84.115234375
4232,11.26806640625
4233,29.618896484375
4234,7.677978515625002
4235,34.691650390625
4236,-25.362792968749996
4237,92.61767578125
4238,-14.949951171875
4239,91.97363281249999
4240,-8.377197265625
4241,-0.6005859375
4242,2.413818359375
4243,-0.9287109375000009
4244,1.6474609375
4245,34.439453125
4246,11.752685546875
4247,3.739501953125
4248,-3.126220703125
4249,-3.7998046875000004
4250,7.81640625
4251,-2.02587890625
4252,0.6428222656250001
4253,1.53515625
4254,-0.369384765625
4255,-9.6123046875
4256,-6.156494140625001
4257,120.32373046875
4258,-12.620849609375
4259,111.30859374999999
4260,41.684326171875
4261,1.6328125
4262,0.281982421875
4263,2.718017578125
4264,4.862548828125
4265,0.074462890625
4266,-7.822021484375
4267,-9.985107421875
4268,22.68603515625
4269,-9.6591796875
4270,43.17578125
4271,98.16259765625001
4272,-1.3923339843750024
4273,-29.530029296875
4274,3.8498535156249982
4275,10.1787109375
4276,3.94873046875
4277,0.416015625
4278,5.219970703125
4279,-3.35009765625
4280,-2.70361328125
4281,-20.410400390625
4282,41.71435546874999
4283,3.582763671875
4284,48.0732421875
4285,10.949218750000002
4286,44.531494140625
4287,-6.64892578125
4288,40.284423828125
4289,-9.640136718749998
4290,-2.971435546875
4291,15.902587890625
4292,-5.41650390625
4293,-5.063232421875
4294,-7.532470703125
4295,-22.1181640625
4296,9.897216796875
4297,51.9228515625
4298,12.437744140625
4299,53.59619140625
4300,0.45947265625
4301,18.150634765625
4302,-8.474853515625
4303,4.2939453125
4304,-2.64599609375
4305,14.069580078125
4306,41.45654296875
4307,-22.967773437499996
4308,40.95751953125
4309,-25.959716796875004
4310,51.927734375
4311,85.96142578125
4312,1.0861816406249991
4313,17.0146484375
4314,2.8051757812499996
4315,-29.121826171875
4316,7.4541015625
4317,19.335693359375
4318,-11.1396484375
4319,16.57373046875
4320,16.42578125
4321,19.293701171875
4322,3.19091796875
4323,-5.276123046875
4324,2.4580078124999996
4325,3.60986328125
4326,112.7646484375
4327,8.8427734375
4328,-18.281005859375
4329,18.2568359375
4330,62.57495117187499
4331,28.780029296875
4332,-0.806640625
4333,-33.455810546875
4334,0.54541015625
4335,29.423583984375
4336,8.818359375
4337,-22.918457031250004
4338,-15.189697265625
4339,-18.73974609375
4340,-3.595703125
4341,5.1865234375
4342,3.81298828125
4343,-17.20947265625
4344,2.218017578125
4345,-10.097900390625
4346,-61.033935546875
4347,17.324951171875
4348,-6.162109375000001
4349,16.31005859375
4350,33.805419921875
4351,11.0556640625
4352,4.047607421875
4353,23.74169921875
4354,-2.591552734375
4355,7.22705078125
4356,14.262939453125
4357,-2.989990234375
4358,59.7109375
4359,-12.978759765625
4360,5.8701171875
4361,-11.244140625
4362,7.160888671875
4363,-0.51806640625
4364,-1.049072265625
4365,10.055175781250002
4366,-2.666259765625
4367,-16.0498046875
4368,0.04736328125
4369,-18.09326171875
4370,101.950927734375
4371,-7.054443359374999
4372,-21.17041015625
4373,-4.978759765625001
4374,-25.89697265625
4375,39.646728515625
4376,-9.852294921875
4377,4.80126953125
4378,4.4443359375
4379,8.130615234375
4380,4.803466796875
4381,11.32470703125
4382,-4.946533203125
4383,-24.450927734374996
4384,-8.49365234375
4385,46.418212890625
4386,36.10009765625
4387,-25.200927734374996
4388,7.056640624999999
4389,-22.507812499999996
4390,3.43603515625
4391,10.468505859375
4392,-1.02001953125
4393,10.3505859375
4394,2.020263671875
4395,-10.820068359375
4396,2.06689453125
4397,42.58154296875
4398,-7.586669921875
4399,46.72558593749999
4400,-10.426513671875
4401,4.921142578125
4402,-15.54150390625
4403,21.96630859375
4404,-12.821044921875
4405,-33.505126953125
4406,1.726806640625
4407,-5.656005859374999
4408,1.406005859375
4409,-1.396728515625
4410,6.228515624999999
4411,-7.34619140625
4412,0.473388671875
4413,-19.988037109375
4414,-4.19580078125
4415,32.2197265625
4416,-16.960693359375
4417,-0.6574707031249999
4418,28.006103515625
4419,0.34228515625
4420,-7.93017578125
4421,-4.920654296875
4422,-16.122802734375
4423,24.667724609375
4424,-11.282958984374998
4425,-4.8447265625
4426,6.879638671875
4427,-4.12060546875
4428,10.093017578125
4429,-10.3349609375
4430,42.891845703125
4431,9.985595703125
4432,-7.367431640625001
4433,28.710693359375
4434,-3.02880859375
4435,5.20703125
4436,56.523193359375
4437,-1.228759765625
4438,-10.912109375
4439,-3.70556640625
4440,25.313476562500004
4441,-20.966796875
4442,21.9814453125
4443,-6.535888671875
4444,18.345458984375
4445,-58.424560546875
4446,-0.6528320312500003
4447,14.7666015625
4448,-1.2265625
4449,17.542724609375
4450,12.287841796875
4451,-7.67236328125
4452,3.12255859375
4453,24.3974609375
4454,3.15478515625
4455,10.611328125
4456,-8.124755859375
4457,-15.760986328125
4458,1.679931640625
4459,-12.5166015625
4460,-2.5400390624999996
4461,3.69873046875
4462,-14.16845703125
4463,0.74462890625
4464,-14.988525390625
4465,75.02197265625
4466,-43.41015625
4467,21.068115234375
4468,-39.60546875
4469,20.968017578125
4470,-0.40869140625
4471,-67.96484375
4472,1.333251953125
4473,32.197998046875
4474,1.7749023437500002
4475,-9.845947265625
4476,82.96826171875
4477,12.064453125
4478,44.40747070312499
4479,15.623779296875
4480,-22.724853515625
4481,0.53173828125
4482,-4.382080078125
4483,6.521484375000001
4484,-5.588623046875
4485,-8.799560546875
4486,-3.240478515625
4487,19.47802734375
4488,-0.031005859375
4489,14.50537109375
4490,4.10107421875
4491,0.4228515625
4492,-4.635498046875
4493,40.721435546875
4494,-6.0703125
4495,3.85302734375
4496,-13.805175781250002
4497,14.56494140625
4498,6.0302734375
4499,13.193603515625002
4500,6.11474609375
4501,-4.064697265625
4502,29.836669921875
4503,-2.7375488281250018
4504,31.48388671875
4505,-5.261962890625001
4506,1.785888671875
4507,-4.8427734375
4508,-1.4521484375
4509,-1.8916015625
4510,1.972900390625
4511,4.67333984375
4512,-15.3251953125
4513,-8.481689453125
4514,-16.4853515625
4515,-2.3212890624999996
4516,27.472412109375
4517,-4.02392578125
4518,54.479248046875
4519,-3.203125
4520,-1.021240234375
4521,51.85375976562501
4522,5.375244140625001
4523,-1.6430664062499998
4524,4.81298828125
4525,2.830810546875
4526,34.425048828125
4527,-3.302001953125
4528,-8.337646484375
4529,-2.12109375
4530,35.684326171875
4531,1.103271484375
4532,-4.030517578125
4533,9.218994140625
4534,-9.154296875
4535,-9.5634765625
4536,-4.34033203125
4537,27.7412109375
4538,-9.18017578125
4539,23.781005859375
4540,-6.04638671875
4541,-30.106201171875
4542,16.551025390625
4543,-20.879638671875
4544,21.496337890625
4545,154.80322265625
4546,10.378173828125
4547,-9.0009765625
4548,-2.181884765625
4549,-6.614501953125
4550,37.603515625
4551,33.969970703125
4552,-24.800048828125
4553,25.240478515625
4554,-20.66357421875
4555,17.094970703125
4556,3.79248046875
4557,-0.8281249999999998
4558,-9.924072265625
4559,-7.59326171875
4560,-9.749511718749998
4561,9.797607421875
4562,13.825439453125
4563,12.723388671875
4564,11.732421875
4565,1.4951171875
4566,-53.81640625
4567,72.910888671875
4568,28.38427734375
4569,80.08422851562499
4570,-21.583740234375
4571,2.04833984375
4572,-5.468017578125
4573,0.518310546875
4574,-6.9951171875
4575,4.859375
4576,30.60791015625
4577,1.103271484375
4578,42.033935546875
4579,2.228271484375
4580,4.624755859374999
4581,0.453125
4582,-5.924072265625
4583,4.277587890625
4584,-2.0537109375
4585,0.99853515625
4586,-5.066162109374999
4587,16.013427734375
4588,-0.9934082031249999
4589,16.804931640625
4590,-4.1328125
4591,1.9487304687500002
4592,4.38525390625
4593,21.485107421875
4594,7.087646484375
4595,-8.768798828125
4596,-4.337646484375
4597,0.56787109375
4598,-7.01123046875
4599,-1.618896484375
4600,22.944580078125
4601,2.491455078125
4602,5.667236328125
4603,-2.184326171875
4604,3.548583984375
4605,1.966552734375
4606,-14.987060546875
4607,107.89404296875
4608,-6.84521484375
4609,104.30126953125
4610,38.2666015625
4611,42.55859375
4612,-10.050537109375
4613,-11.738281249999998
4614,-17.95166015625
4615,52.92333984375
4616,-60.78955078125
4617,36.5673828125
4618,17.672607421875
4619,35.437255859375
4620,-15.36962890625
4621,44.746337890625
4622,-9.420166015625002
4623,-18.85546875
4624,-19.213623046875
4625,49.26000976562501
4626,6.939208984375
4627,45.0126953125
4628,6.47119140625
4629,37.27294921875
4630,-0.7707519531249999
4631,-4.518066406250001
4632,46.77978515625
4633,62.638916015625
4634,48.972900390625
4635,-15.865478515625002
4636,13.684326171875
4637,-15.62744140625
4638,1.05419921875
4639,-15.799560546875
4640,-2.627685546875
4641,-6.070556640625001
4642,23.445068359375
4643,-27.657958984375
4644,23.5107421875
4645,-0.1240234375
4646,-11.813232421875
4647,22.498046875
4648,-1.444091796875
4649,22.08349609375
4650,-8.3623046875
4651,2.953125
4652,2.68212890625
4653,-20.828125
4654,10.62255859375
4655,23.5595703125
4656,4.1767578125
4657,-0.001708984375
4658,3.341796875
4659,4.21923828125
4660,4.228271484375
4661,5.697998046874997
4662,51.049072265625
4663,-11.72509765625
4664,49.723388671875
4665,125.842529296875
4666,-43.63183593749999
4667,40.47265625
4668,-18.15283203125
4669,36.989013671875
4670,130.977294921875
4671,11.22998046875
4672,-9.51904296875
4673,1.244384765625
4674,-10.543701171875
4675,9.294189453125
4676,10.843261718749998
4677,18.22412109375
4678,-47.457763671875
4679,19.554443359375
4680,0.7185058593750001
4681,66.44482421875
4682,-16.361572265625
4683,3.262451171875
4684,-19.55078125
4685,31.230712890625
4686,3.46142578125
4687,15.218261718749998
4688,-1.389892578125
4689,13.951904296875
4690,-37.355224609375
4691,-17.722900390625
4692,1.0576171875
4693,23.5830078125
4694,2.781982421875
4695,17.63232421875
4696,-6.7412109375
4697,-12.8916015625
4698,8.85986328125
4699,-8.08544921875
4700,18.23095703125
4701,6.87841796875
4702,6.494873046875
4703,6.421142578125
4704,5.107421875000001
4705,11.560546875
4706,-6.8017578125
4707,-22.609375
4708,-14.569091796875
4709,-23.628417968749996
4710,6.847412109374999
4711,0.6811523437499997
4712,91.20751953125001
4713,-18.334716796875
4714,92.25830078125
4715,-10.503906249999998
4716,-2.42822265625
4717,25.504150390625
4718,-0.535888671875
4719,35.50048828125
4720,4.604248046875
4721,26.02490234375
4722,-4.87744140625
4723,-4.785400390625001
4724,-7.82421875
4725,14.255615234375
4726,9.8564453125
4727,-9.195068359375
4728,8.02392578125
4729,-9.310791015625002
4730,0.70263671875
4731,2.16259765625
4732,-3.093505859375
4733,-2.305419921875
4734,4.025634765625
4735,-1.666015625
4736,14.055908203125
4737,-11.04931640625
4738,0.052001953125
4739,-10.74072265625
4740,6.3515625
4741,-10.880615234375
4742,29.7099609375
4743,-7.6806640625
4744,31.059814453125
4745,4.168212890625
4746,-12.67431640625
4747,-13.561767578125
4748,79.0673828125
4749,-14.966064453125
4750,-25.860107421875
4751,-0.17333984375
4752,5.38525390625
4753,6.17578125
4754,1.328125
4755,-17.080078125
4756,-6.84521484375
4757,52.634033203125
4758,-25.9404296875
4759,46.246826171875
4760,-18.56884765625
4761,25.923095703125
4762,-32.790283203125
4763,62.377197265625
4764,-34.87451171875
4765,-13.870361328125
4766,-14.891357421875
4767,26.42041015625
4768,5.0888671875
4769,31.554931640625
4770,-12.95654296875
4771,-16.03759765625
4772,17.298095703125
4773,6.377685546875
4774,18.513671875
4775,8.588134765625
4776,11.773925781250002
4777,-18.44580078125
4778,14.155517578125
4779,-26.212646484375
4780,3.964599609375
4781,10.087890625
4782,70.366455078125
4783,-21.45947265625
4784,65.57080078125
4785,45.218994140625
4786,-15.041015625
4787,2.534423828125
4788,-25.2431640625
4789,0.112060546875
4790,34.8642578125
4791,-9.013427734375
4792,-26.2548828125
4793,7.797607421875
4794,-28.6533203125
4795,-3.346923828125
4796,3.14697265625
4797,3.243896484375
4798,-12.7607421875
4799,9.06787109375
4800,0.45410156250000017
4801,-3.138916015625
4802,52.185791015625
4803,-9.619140625
4804,49.22314453125001
4805,-4.846191406250002
4806,-5.2822265625
4807,1.7568359375
4808,-1.1772460937500002
4809,0.13134765625
4810,2.39697265625
4811,-18.70068359375
4812,5.242919921875
4813,-1.7739257812500009
4814,10.593994140625
4815,19.33349609375
4816,5.158935546875
4817,23.413818359375
4818,-10.4541015625
4819,26.14794921875
4820,-43.288330078125
4821,37.58251953125
4822,-29.087646484375
4823,51.400634765625
4824,-27.943359375
4825,-5.235107421875002
4826,3.560791015625
4827,-1.6323242187500002
4828,-2.267578125
4829,2.572265625
4830,-0.6970214843750001
4831,-8.05419921875
4832,7.43017578125
4833,89.7607421875
4834,13.05126953125
4835,-18.87548828125
4836,-2.41845703125
4837,-4.89208984375
4838,5.092041015625
4839,-5.765380859374999
4840,7.4033203125
4841,-13.51904296875
4842,0.6047363281249999
4843,2.8984375
4844,0.37744140625
4845,-2.7607421875000004
4846,6.73681640625
4847,2.28369140625
4848,5.068359375000001
4849,5.021240234375
4850,-6.740234375000001
4851,63.1845703125
4852,-2.78466796875
4853,7.305908203125
4854,-0.6875
4855,57.966064453125
4856,12.318603515625002
4857,9.187255859375
4858,25.585693359375
4859,10.7529296875
4860,-11.222656249999998
4861,104.930908203125
4862,13.0234375
4863,-3.857177734375
4864,10.99462890625
4865,29.922851562500004
4866,-4.385986328125
4867,-11.681884765625
4868,21.8857421875
4869,-13.255126953125
4870,15.714111328125
4871,-0.64453125
4872,-3.517822265625
4873,-3.3193359375000004
4874,1.694580078125
4875,-0.6418457031249999
4876,-35.623779296875
4877,-15.3818359375
4878,20.825439453125
4879,-13.187744140625
4880,-18.65087890625
4881,0.6008300781249999
4882,-4.2001953125
4883,-1.538818359375
4884,-1.625
4885,-2.208740234375
4886,88.23974609375
4887,-0.06835937500000022
4888,-7.18896484375
4889,2.2399902343749982
4890,3.738037109375
4891,102.55908203125
4892,-33.19580078125
4893,57.29150390625
4894,-39.48754882812501
4895,-33.11083984375
4896,-9.585449218749998
4897,39.74243164062499
4898,4.727294921875
4899,43.82495117187499
4900,28.766357421875
4901,3.10107421875
4902,5.2822265625
4903,-5.956787109374999
4904,4.431884765625
4905,-0.46484375000000044
4906,16.98193359375
4907,-8.37353515625
4908,42.564697265625
4909,-9.90087890625
4910,1.550537109375
4911,1.619384765625
4912,4.1748046875
4913,25.58544921875
4914,1.5834960937500002
4915,-17.09228515625
4916,14.668212890625
4917,-22.6435546875
4918,40.052734375
4919,-27.616455078125
4920,39.4189453125
4921,2.926513671875
4922,66.15576171875
4923,-8.517333984375
4924,66.239990234375
4925,-7.509277343750001
4926,-4.298583984375
4927,3.190185546875
4928,-0.640625
4929,1.956298828125
4930,-0.320556640625
4931,-9.553955078125
4932,37.008544921875
4933,6.269775390625001
4934,37.377685546875
4935,-6.69873046875
4936,-14.989990234375
4937,39.745849609375
4938,61.46484375
4939,37.068603515625
4940,-3.090087890625
4941,-8.7421875
4942,5.395263671875
4943,0.549560546875
4944,2.127685546875
4945,0.6262207031249999
4946,-6.42041015625
4947,-0.6911621093750001
4948,-1.02099609375
4949,-0.5935058593750002
4950,-1.381103515625
4951,-7.01123046875
4952,9.93896484375
4953,0.406494140625
4954,5.502197265625
4955,6.13916015625
4956,3.558349609375
4957,8.100830078125
4958,17.066650390625
4959,14.2294921875
4960,-29.33544921875
4961,-3.127685546875
4962,37.670654296875
4963,14.3359375
4964,30.80419921875
4965,-3.270263671875
4966,-7.173583984375
4967,21.51025390625
4968,5.6259765625
4969,29.382812499999996
4970,-5.780517578125
4971,11.136718750000002
4972,-14.30908203125
4973,13.330322265625
4974,-20.162841796875004
4975,5.684814453125
4976,0.091796875
4977,5.96728515625
4978,-33.498046875
4979,9.035400390625
4980,1.5383300781250004
4981,-21.197509765625
4982,74.965087890625
4983,-24.897216796875004
4984,72.7001953125
4985,-5.2939453125
4986,16.267333984375
4987,-0.6936035156249999
4988,0.102294921875
4989,2.190673828125
4990,-2.3046875
4991,31.248779296875
4992,-8.221435546875
4993,30.51318359375
4994,-8.2451171875
4995,2.522216796875
4996,10.044677734375
4997,-13.980468750000002
4998,5.6279296875
4999,-22.52490234375
5000,7.917724609374999
