bitstring,energy,prob
01010001010000010110,17.868280653406046,9.765625e-05
10001110101011010110,29.787036483686446,9.765625e-05
10011000010000111000,22.61581308352009,9.765625e-05
10100000100001011010,35.27459376578311,9.765625e-05
10001010000010100010,34.945774579725565,9.765625e-05
11100001101000000000,12.363774402289181,9.765625e-05
10100010101000111110,41.55652372536625,9.765625e-05
01111011010011010100,21.82305950733071,9.765625e-05
10010010001100011011,29.596063078642864,9.765625e-05
10001001001110000101,27.229796213682622,9.765625e-05
00110010011100000011,23.555807180728664,9.765625e-05
00111010000100110010,33.12485148829016,9.765625e-05
01101101101110100010,19.614229244847504,9.765625e-05
01000000101000000101,33.114143767338795,9.765625e-05
10101111010010000010,38.88183852690077,9.765625e-05
00010111100011010100,19.468069406661908,9.765625e-05
01101100100111010000,13.374668390322082,9.765625e-05
11101111111101011011,24.34303364857133,9.765625e-05
01100111110001001011,17.412466597578774,9.765625e-05
00101001001011011110,26.601564671289346,9.765625e-05
01000001110000000000,19.18188720114459,9.765625e-05
01101101110000000111,14.661963134343274,9.765625e-05
11000000010100100000,18.85103530011932,9.765625e-05
01011110111010010101,12.73154994625445,9.765625e-05
00100000111010001010,43.46061964039346,9.765625e-05
01010110010100000000,9.343709070385504,9.765625e-05
00000100001001000101,28.55372311882321,9.765625e-05
10000010001000100000,29.904983071747097,9.765625e-05
10001010000010001100,38.81816786286781,9.765625e-05
01000000000010010100,24.364021240555395,9.765625e-05
01010001000111011000,26.813637782783108,9.765625e-05
11010010100000001001,13.202254435326887,9.765625e-05
01011011111011000100,13.655824765653758,9.765625e-05
10101100000110000010,25.82845189187733,9.765625e-05
01010001000111000001,23.155358781755265,9.765625e-05
00010101010100110001,18.833163336597643,9.765625e-05
01001111100011010111,14.517638974667399,9.765625e-05
11110001110111001100,11.401686954263383,9.765625e-05
10000000111111001100,58.684076836213904,9.765625e-05
00100010000010001110,34.674530709947526,9.765625e-05
01011011111111101000,18.06915624192192,9.765625e-05
10011110100101000000,21.293833432076536,9.765625e-05
00111101101101111101,15.288073671620698,9.765625e-05
10110010010000001001,29.239221382673843,9.765625e-05
11011000001010001000,15.340892536212168,9.765625e-05
01010100110011111001,32.717378680132555,9.765625e-05
11110000010000000100,9.50110538242722,9.765625e-05
01010010000000111000,17.767341237714543,9.765625e-05
11000010110000011010,21.06893501732296,9.765625e-05
10011111110111001011,15.282934366933654,9.765625e-05
10100110101001111111,33.088318674979284,9.765625e-05
00010101010101110000,17.93912306446269,9.765625e-05
00111011000001001100,28.692313964098595,9.765625e-05
11110110111001011010,14.470879699241898,9.765625e-05
00100110011100001000,24.891467866205293,9.765625e-05
11010010001100001100,15.565077850771768,9.765625e-05
11101111111011111100,18.556889643273166,9.765625e-05
01101011000010100101,27.02072346605226,9.765625e-05
10101010001001111010,53.966488996194926,9.765625e-05
01111100110010010100,10.072400636061976,9.765625e-05
10111111101111110111,21.744903894403947,9.765625e-05
01100111111110111000,20.898185198033882,9.765625e-05
11010100110110110010,17.210672095459092,9.765625e-05
10100000100110000100,35.426686588152705,9.765625e-05
01110100111001111001,19.273681180899843,9.765625e-05
00001011010000100100,23.69641368668612,9.765625e-05
10000100010001100100,24.635878415423768,9.765625e-05
11100000101000010100,16.31826374999472,9.765625e-05
00010111110011111000,22.68943121103375,9.765625e-05
01010100100000010001,21.164348995162147,9.765625e-05
10100000001000001010,28.91057876682106,9.765625e-05
11000111110000110001,13.823160809104522,9.765625e-05
11111011100101001110,30.312579247173474,9.765625e-05
10010111000011100101,18.88136257893605,9.765625e-05
00011010001010000000,17.805268123521692,9.765625e-05
10110010010001011110,40.89259823124391,9.765625e-05
00010001001000100101,27.741533541827465,9.765625e-05
10011101001000110010,21.612144252220734,9.765625e-05
00110101000011111110,27.537588758501183,9.765625e-05
00000000010011101000,49.81207403976567,9.765625e-05
00001101111101001010,23.157379649990343,9.765625e-05
11010100011001011011,15.82998368166713,9.765625e-05
01101000111111100010,29.62578646577515,9.765625e-05
01111101001001110100,19.835746250112535,9.765625e-05
10111010110010001010,32.49029323655736,9.765625e-05
10001100010001000011,24.519862124741515,9.765625e-05
10100100110001100011,24.506339943185303,9.765625e-05
10101000000001100110,42.8431746085666,9.765625e-05
01110110110011010001,11.058421242160911,9.765625e-05
01010100010001010010,16.471294341600853,9.765625e-05
00111101111001100110,12.563400644092752,9.765625e-05
10000010000011001001,35.287730657358495,9.765625e-05
11100000110101000111,31.954652798269553,9.765625e-05
11001101111110010001,14.136096103053731,9.765625e-05
11001100000010101000,12.459371202766288,9.765625e-05
01111001111000010100,10.424583154173337,9.765625e-05
10011011010010100000,20.897460610865533,9.765625e-05
01111011011000000110,18.73442227886126,9.765625e-05
11100010010000000011,33.82347414968967,9.765625e-05
00101100011100110010,21.975228665100726,9.765625e-05
00001110001010011011,21.532054281905772,9.765625e-05
11000001000000011100,11.65038093620241,9.765625e-05
10111011101101100110,28.223429007925695,9.765625e-05
11111110110100101010,22.363481549593473,9.765625e-05
01000100001110001100,30.011838722444036,9.765625e-05
10111101111110110001,13.40982609553281,9.765625e-05
01010111111001100101,24.843423209942213,9.765625e-05
11001000011110100001,25.311996801131425,9.765625e-05
10101011111111000001,44.40024529517645,9.765625e-05
10111101101101110011,11.804903555602017,9.765625e-05
10011111110111101000,13.423265612968072,9.765625e-05
10110101010111000101,14.196038186107453,9.765625e-05
01000111011110111000,21.02343956907756,9.765625e-05
01010100000000010101,16.53468247542909,9.765625e-05
10010001010000010010,18.181228430541957,9.765625e-05
01010001011010001100,27.851922271335326,9.765625e-05
11001101111100000100,11.524298102398744,9.765625e-05
01001010100101101001,33.36149963264627,9.765625e-05
01000100000011110000,22.7528902493775,9.765625e-05
11100101111100110101,13.348073332818771,9.765625e-05
10011000111010000001,22.008363417668065,9.765625e-05
00000000100001000000,35.27340218226594,9.765625e-05
01111101001001001110,24.63536610123849,9.765625e-05
00100101000101000000,11.80526812352169,9.765625e-05
10101000101000100000,27.904983071747093,9.765625e-05
11011111111000111100,20.50178215422865,9.765625e-05
01001111000011011101,13.26873810196236,9.765625e-05
11110001011110010010,14.958478093322139,9.765625e-05
11110100011001110000,9.586709635715415,9.765625e-05
00110111110101001010,12.278842567273681,9.765625e-05
10101111001101000011,36.049274005287245,9.765625e-05
01010101100101011110,33.52081935317917,9.765625e-05
11110011110111101110,14.74058099860418,9.765625e-05
01011110110100010111,13.157096483331582,9.765625e-05
01011101010000011101,18.201659680352556,9.765625e-05
11000010111010001100,22.092712806231866,9.765625e-05
10111100011111011111,23.444139948430628,9.765625e-05
11111100100111110111,11.561533627921582,9.765625e-05
10011100011111000010,14.800183061298789,9.765625e-05
01011111110010110000,21.382306486400736,9.765625e-05
00100010101001000010,32.809802801693564,9.765625e-05
11010011101110111101,20.331679640204015,9.765625e-05
10000010110000000010,34.57570906206833,9.765625e-05
11011001110100000101,11.741481274964805,9.765625e-05
10001011111100101010,29.39102053079946,9.765625e-05
10001010101011000001,40.97669651554962,9.765625e-05
10101010110010001010,47.459285105041545,9.765625e-05
10101110001100010001,46.10765840186611,9.765625e-05
00100001111101000000,26.828021223921045,9.765625e-05
10111000110001000001,28.45947687929535,9.765625e-05
10010010110100001000,19.656592831893118,9.765625e-05
11011001100011000001,19.064804473515164,9.765625e-05
00010001000010000101,22.811724147456076,9.765625e-05
00111111111110100111,14.239078028513308,9.765625e-05
10010100011010100100,23.767328754527846,9.765625e-05
01110010001010000010,16.1982997381426,9.765625e-05
11111000101100110100,14.510502440220721,9.765625e-05
10110101100101011100,12.900544384067329,9.765625e-05
00100110100101000010,22.055071895073038,9.765625e-05
11111111111010001100,29.257491424470132,9.765625e-05
11101010000111010000,52.021122915201985,9.765625e-05
11000010111000001100,20.318263749994724,9.765625e-05
00000111101111000011,24.71503645041774,9.765625e-05
11111010111000101100,23.30041469011777,9.765625e-05
11001101011100111001,12.945397957933187,9.765625e-05
01011011011110000001,13.423265612968073,9.765625e-05
01101111100110011110,19.30772062245454,9.765625e-05
00110000110000000001,16.033101879458226,9.765625e-05
10110000101000110001,20.315742142085593,9.765625e-05
00101001100111000010,22.601564671289342,9.765625e-05
10000110000010111000,20.39128058667344,9.765625e-05
10111110101010011010,25.204951253405483,9.765625e-05
11110001011100010110,11.151418124136661,9.765625e-05
11001001000110001000,17.343709070385508,9.765625e-05
01101010111000000001,29.135470939981282,9.765625e-05
00111010110000001001,29.041630391196488,9.765625e-05
11101101110101101011,16.202844287855303,9.765625e-05
11010100010000000011,11.691773440748573,9.765625e-05
10111011101010100000,26.48921095951674,9.765625e-05
00011111110011101000,16.22100222602529,9.765625e-05
10011011111111111100,24.806632109218757,9.765625e-05
10101100100100011010,23.860728753019167,9.765625e-05
11001101101001010111,13.594234904586532,9.765625e-05
11110000110001000001,9.569265346656588,9.765625e-05
11001000001001001110,23.19564029333672,9.765625e-05
10011100001100110000,11.3548880043784,9.765625e-05
00001000000000001001,31.049216867706342,9.765625e-05
11001100001101111000,11.27966114810613,9.765625e-05
10011000000100101001,20.631760267675467,9.765625e-05
11011101000010011101,24.450394392471047,9.765625e-05
01000111101000000110,26.287239690848605,9.765625e-05
01101111011101010010,18.543463343445666,9.765625e-05
01110110001101001110,17.867866011047095,9.765625e-05
10110101110011010001,13.70849059004774,9.765625e-05
00010000000011000001,26.45947687929535,9.765625e-05
10100100110000000000,17.473809707916637,9.765625e-05
11111011111000011111,24.467163797793063,9.765625e-05
11011010111101110110,26.684445474983185,9.765625e-05
11010101000101000101,15.300986628574591,9.765625e-05
00000100000101100000,24.164625920227557,9.765625e-05
00101001001101010011,28.55494957273061,9.765625e-05
11111110010111001010,28.851964204867173,9.765625e-05
11000111111011011001,14.676900834038154,9.765625e-05
11111110111110010000,19.370958730466594,9.765625e-05
10100101110001101000,15.803353753773594,9.765625e-05
11000010101010010100,22.155783110151173,9.765625e-05
00111101011110011111,14.317167433388416,9.765625e-05
01011111011000000111,21.223941284282944,9.765625e-05
01011111000000000111,30.171667285730393,9.765625e-05
11010011110101011100,9.919591269054804,9.765625e-05
10101000011010000100,42.77893312189236,9.765625e-05
00111001001001100110,14.68815595638694,9.765625e-05
10111010110111101010,37.39644497733708,9.765625e-05
00000000101001100101,55.49064033171721,9.765625e-05
01000101100010010000,29.744987711420134,9.765625e-05
00111000100001110100,27.166725909763315,9.765625e-05
11001100010100011100,14.009391550621222,9.765625e-05
00101000100000001001,33.432407517333516,9.765625e-05
10001011100110101111,29.845930865822506,9.765625e-05
11111011111010011001,24.04634192304401,9.765625e-05
11110100101101001001,10.165820300894467,9.765625e-05
11000000011010101000,24.847907177630404,9.765625e-05
00011010001110100001,21.406967714954835,9.765625e-05
01010101000001110001,28.68646027587932,9.765625e-05
10111111011100101101,29.64847561603723,9.765625e-05
11101000001001010100,29.767341237714547,9.765625e-05
00001011010110100000,23.498900870005947,9.765625e-05
11010110111100011101,10.962663701142336,9.765625e-05
11001000010111100000,25.397897438686147,9.765625e-05
00110110110110010010,14.969905617850822,9.765625e-05
01011011110100100101,15.95378529709448,9.765625e-05
01010100100010001011,38.78192279266667,9.765625e-05
01001111101001000101,16.6306078205404,9.765625e-05
00100011110100100010,27.11718152611109,9.765625e-05
10110111111101100010,16.78195495303435,9.765625e-05
00100010101010001010,32.00837499176964,9.765625e-05
10010000110010000101,26.393663742867957,9.765625e-05
11000011000101000111,21.622654691702564,9.765625e-05
01101010010001101011,39.75627872200765,9.765625e-05
00100111010001001000,17.108471660577038,9.765625e-05
00101000000000111000,35.32017811974282,9.765625e-05
10101111001011010101,35.71152999232623,9.765625e-05
00110111100111011000,14.137419063894423,9.765625e-05
10001000000000000010,28.322994653916155,9.765625e-05
10110101011100000001,12.316699370523239,9.765625e-05
11101101111101110010,10.683607326186234,9.765625e-05
01100011101100000100,15.092465967965651,9.765625e-05
01100001001010011010,24.64634182262759,9.765625e-05
10101110010000001011,47.64325448002697,9.765625e-05
10001000101000100000,26.041664967319456,9.765625e-05
00010010111101001110,40.36845557470643,9.765625e-05
01010001010110000000,18.09246596796565,9.765625e-05
10110000000101000010,21.821157533642122,9.765625e-05
10100100111000010010,22.07455560248294,9.765625e-05
01001111101101010001,14.914717636630515,9.765625e-05
10010010011000001001,22.183980949087,9.765625e-05
10101011111011100110,34.583361453110925,9.765625e-05
10000111011110100000,19.89965117125798,9.765625e-05
01010000011000001000,20.383190649627178,9.765625e-05
01000111111101010111,20.60070706329128,9.765625e-05
11101010000111101010,42.37314313639288,9.765625e-05
01110011001011010001,18.3516384736207,9.765625e-05
00111101111001000111,9.951787539644176,9.765625e-05
00000001101101110010,47.39699621582203,9.765625e-05
01010100110100000101,16.57570906206833,9.765625e-05
11000011011010010110,17.67348402687838,9.765625e-05
01101111101110010111,16.940274875143707,9.765625e-05
10100001011011100000,26.311566220302346,9.765625e-05
10111111110011111110,25.304024387346878,9.765625e-05
01001111000110101100,16.140201843902716,9.765625e-05
10010111111111111100,19.264832129230115,9.765625e-05
10010111110011001001,13.308643187642023,9.765625e-05
10101011010010101010,38.551570960391814,9.765625e-05
11010001010000000000,10.039536643254078,9.765625e-05
00000010000000110101,40.01253933945131,9.765625e-05
01010100010100100110,20.566025306045262,9.765625e-05
00001110010010001001,21.825333455425366,9.765625e-05
01111001010001000101,14.720041362241982,9.765625e-05
00010101110101010001,18.23788988943975,9.765625e-05
10011001100100101010,17.963624374023592,9.765625e-05
01110010100000100001,17.39477284776804,9.765625e-05
10010110011011010111,27.0690818058356,9.765625e-05
10000010100000000000,26.18188720114459,9.765625e-05
10001101101011100001,16.236419318128497,9.765625e-05
00111110101110000011,12.703823701754608,9.765625e-05
00110110011100101001,15.885181534428268,9.765625e-05
11100010100011111010,27.469196240129712,9.765625e-05
01000011000011000100,11.64369038252445,9.765625e-05
00010100100110011011,33.526927373278234,9.765625e-05
11011001110100111110,13.720269650392213,9.765625e-05
01101011000110000010,25.462808497815498,9.765625e-05
10100100111100001001,24.415146236416483,9.765625e-05
11111011100110110101,29.336471849731204,9.765625e-05
00011011100110000010,16.88702844410446,9.765625e-05
11011001100100111110,17.230814660598824,9.765625e-05
11111110001110111100,25.524654334268714,9.765625e-05
01100111100000100101,22.172508144549884,9.765625e-05
01110011011101010000,12.887028444104462,9.765625e-05
00011010011010011000,23.62492592977467,9.765625e-05
11101010101001100011,37.010938631587294,9.765625e-05
10000011000111110100,28.618944944719875,9.765625e-05
11011011010110001111,19.514777884066884,9.765625e-05
11100111101111101101,18.671212788806276,9.765625e-05
01110111101110111011,29.45630826038905,9.765625e-05
01000111000110011100,14.092092143323008,9.765625e-05
10011000110000100100,20.831181212510387,9.765625e-05
10100000000101100000,36.65473623617997,9.765625e-05
11001110010101001010,24.60306875220721,9.765625e-05
01110010101101000000,15.82115753364212,9.765625e-05
10100100000001000101,24.80053721960026,9.765625e-05
10101011101010011001,36.64654876310243,9.765625e-05
10010110000011101001,16.57689720114189,9.765625e-05
00010101110001000101,20.642315067284237,9.765625e-05
11111110111010110001,18.899358318562268,9.765625e-05
10001100000110101010,19.0974952425949,9.765625e-05
11011100110110011000,8.132627763452358,9.765625e-05
01010111101101100001,28.70806437358722,9.765625e-05
11101111101010010010,27.728664286866845,9.765625e-05
11101111100011111110,22.83751872370241,9.765625e-05
01110000010000000100,8.148922864315857,9.765625e-05
10100100011110100001,28.693610577260607,9.765625e-05
11111111101110101101,28.0655753477441,9.765625e-05
10010101100011011101,22.98166186167777,9.765625e-05
10100010100001001000,35.80616478077465,9.765625e-05
00001010000011001010,33.2745903213395,9.765625e-05
10010011100010100000,17.349009115614017,9.765625e-05
00000100110001101110,45.962946867801094,9.765625e-05
01101111000111110100,20.651343682652158,9.765625e-05
00111100110001111010,16.618944944719875,9.765625e-05
01101010101110100011,29.244159559165404,9.765625e-05
00000010000010010101,37.758485944451465,9.765625e-05
11100010010100001010,32.28754856914164,9.765625e-05
10100100101100100100,22.096888728015113,9.765625e-05
01100001000101110011,24.713312064825857,9.765625e-05
01011111011010010000,19.06936495085818,9.765625e-05
11100101001111000000,17.445261242250147,9.765625e-05
11110101100110100111,23.9318803257963,9.765625e-05
00101000001100000100,34.16182186924092,9.765625e-05
00101110101000110001,25.91377362580063,9.765625e-05
01100111110101000000,13.155189089597904,9.765625e-05
10110111001100011000,23.203885638416224,9.765625e-05
00010101111001010100,27.88768721470709,9.765625e-05
01101101001000001110,19.66608128209157,9.765625e-05
00100011110010000011,24.890509081388657,9.765625e-05
10110101001101010111,14.85751306396337,9.765625e-05
11101111101011111101,21.584486485641307,9.765625e-05
10001100111001000000,20.411693100864166,9.765625e-05
11110101010010010110,20.645601307828947,9.765625e-05
00111101110001000100,12.720209166334723,9.765625e-05
10111011101010011011,29.016768768867976,9.765625e-05
11001001000011001000,16.000950986844302,9.765625e-05
10101110100110001000,34.16146573533798,9.765625e-05
11111101010000100110,25.510310665966912,9.765625e-05
00001110000001111011,25.474762681202225,9.765625e-05
01011001111100100110,19.768883458802193,9.765625e-05
00010000101110100101,46.86538688599666,9.765625e-05
10011010110100011010,33.934161249905344,9.765625e-05
01110001010101000001,10.846117220031239,9.765625e-05
00111000111000001110,22.080773739766997,9.765625e-05
00100001110100000010,24.051310615648752,9.765625e-05
11010111110111010001,11.373678659329968,9.765625e-05
11011010000010000100,24.112653823953636,9.765625e-05
10111110101100011000,26.632531876325462,9.765625e-05
01011011011100100010,15.948890219027788,9.765625e-05
00010001000000010000,19.08625407227494,9.765625e-05
01010011111110001000,20.91267251476347,9.765625e-05
00000101010000100110,26.566025306045262,9.765625e-05
10000110000000111111,28.56663806221839,9.765625e-05
00110111011101100111,15.243693384364851,9.765625e-05
10111111001111100010,27.15428555429756,9.765625e-05
10110100011000100010,14.916906210581661,9.765625e-05
01110101101000111101,33.76142155826551,9.765625e-05
00011110001101111000,16.640002081184168,9.765625e-05
00110011011000000000,12.5521754014031,9.765625e-05
10010101110011001101,20.32114068068869,9.765625e-05
11011011010001001100,21.43672451331706,9.765625e-05
01010101100101011101,27.597633063253653,9.765625e-05
00011110011000001010,16.6039646750391,9.765625e-05
10111010010001001010,47.75724637090333,9.765625e-05
10011110000101011011,25.00063867494748,9.765625e-05
10100111101111101100,20.11210968149596,9.765625e-05
11111010100101000100,38.06272041160972,9.765625e-05
00011111011011010010,13.915578983339437,9.765625e-05
11001101010101111011,12.782041061598918,9.765625e-05
11110101100101101001,18.551570960391814,9.765625e-05
00010001010000100000,18.89146786620529,9.765625e-05
01010100001110011001,26.977688320110232,9.765625e-05
11001101011010110011,14.869570105093231,9.765625e-05
11000111010011101101,12.57689720114189,9.765625e-05
11111100010000010000,18.413366873939395,9.765625e-05
00111001011010010000,15.151418124136661,9.765625e-05
10000110011100001000,24.340243451646494,9.765625e-05
10101010011110111010,58.301985616289684,9.765625e-05
00001100010010000011,20.315742142085593,9.765625e-05
00110101010101000100,9.431992874974563,9.765625e-05
11101010110111101000,40.958890025658555,9.765625e-05
11101111110010111110,22.625830902189477,9.765625e-05
00010101010101110001,17.39624613994165,9.765625e-05
00110111011000110110,20.86702088623573,9.765625e-05
10110001100001000000,11.92151261481731,9.765625e-05
10101000101000110011,35.72594176799379,9.765625e-05
00010100011000100010,27.921011875143265,9.765625e-05
01001001010000000110,12.547822811448082,9.765625e-05
00001000101000101010,37.739124673998674,9.765625e-05
10000011110011000101,27.233925935532493,9.765625e-05
01110110111100010110,11.701032781248527,9.765625e-05
01110101000001000101,20.659445792426027,9.765625e-05
00001110001010001110,22.06796465840475,9.765625e-05
10111010111000101100,34.55029216333437,9.765625e-05
11001001000001011000,16.42207747389451,9.765625e-05
01110110001111011001,13.952461514295866,9.765625e-05
01110110110100011001,9.170201225379103,9.765625e-05
00100011000001101100,24.24575037385241,9.765625e-05
11000011100010101001,17.15141812413666,9.765625e-05
10101010110111100000,60.13827154652432,9.765625e-05
00000001001111101000,41.754708737396875,9.765625e-05
00101101001000001001,18.71656967657368,9.765625e-05
01100101100101011000,16.674138335188896,9.765625e-05
11001000110001000000,19.966081231883358,9.765625e-05
11011110100111110001,14.12449108839535,9.765625e-05
00101110111000101011,27.787036483686443,9.765625e-05
10011010000110000110,33.23266781186837,9.765625e-05
10000111001100001001,17.6315712034442,9.765625e-05
00000000010100001100,46.090619058289455,9.765625e-05
01101001010101011110,24.015931256525075,9.765625e-05
00010001100010000010,32.08361067470257,9.765625e-05
01001010010010101100,22.512696532183966,9.765625e-05
11000010100111000000,22.9597956345274,9.765625e-05
10000110000011111000,21.72026965039221,9.765625e-05
01100000000100000110,20.91057876682106,9.765625e-05
11010000101010000000,20.228287534677595,9.765625e-05
01101111110001000101,21.728736943651924,9.765625e-05
11001101100111111101,12.681076755821397,9.765625e-05
10111011101011100000,25.98799628145279,9.765625e-05
01000101011001010100,16.910636540856004,9.765625e-05
11100110100011101010,20.624748439644975,9.765625e-05
01010101101101010000,32.00508089419805,9.765625e-05
10001001001001101110,22.890776211653726,9.765625e-05
01011010010010101000,13.805268123521689,9.765625e-05
11001111011001010100,17.903434619905916,9.765625e-05
11111011101101001100,27.265870769768497,9.765625e-05
01010001011101000101,19.313904096488436,9.765625e-05
11111111001011101101,34.47791482315141,9.765625e-05
01010011111111000110,22.211924064657076,9.765625e-05
10010010100001100011,26.92109370646648,9.765625e-05
10100011100010111100,26.65432159382101,9.765625e-05
00101000001000101110,32.82563806772653,9.765625e-05
01010110110011010011,17.852379913742478,9.765625e-05
11101110111010110010,21.27867141711402,9.765625e-05
10110000011100100000,19.438034344086844,9.765625e-05
00010101001101010101,19.770363068856536,9.765625e-05
10101010111010111101,57.824356854913816,9.765625e-05
00110100101000001110,23.8289818968023,9.765625e-05
00101011000000111100,35.202318450955175,9.765625e-05
01110110111101011101,12.538545899811632,9.765625e-05
10101010101000000000,44.59679908248156,9.765625e-05
10001001110011110011,32.468030488259686,9.765625e-05
11001111010101100100,19.00153710066185,9.765625e-05
10111110011111110011,29.821181994414157,9.765625e-05
10100011111011100010,28.660747738096266,9.765625e-05
10000111000100011110,19.7240468574468,9.765625e-05
01001011001011011101,18.643673720473082,9.765625e-05
00001010000110000010,32.62337123634015,9.765625e-05
01000111110010010100,14.325088401858565,9.765625e-05
01101111111010011110,15.785921224320214,9.765625e-05
00110011101001000010,15.074722584617756,9.765625e-05
10001110111110000010,27.93912306446269,9.765625e-05
01010110101100010001,16.70774551498996,9.765625e-05
11001001101000001000,16.226748768873374,9.765625e-05
01011111000011110001,21.977788027677022,9.765625e-05
11010110110100011101,8.118209659064249,9.765625e-05
00110110001000001100,19.468484783441934,9.765625e-05
11110001110101001000,8.814534440036065,9.765625e-05
11011110100111111101,14.202844287855301,9.765625e-05
11111000111100111010,12.741288679162727,9.765625e-05
10100100010001100011,26.618944944719875,9.765625e-05
10111111001010100100,36.46454348936929,9.765625e-05
11010010111010100000,15.403544666201713,9.765625e-05
00111000001011110111,28.475452692247607,9.765625e-05
00001111101111010001,15.18653046221176,9.765625e-05
01111100011011000000,9.394772847768042,9.765625e-05
00111101011101000011,6.703823701754608,9.765625e-05
10011110101010001011,20.15421873067969,9.765625e-05
10100111110011111110,23.772399042763997,9.765625e-05
00011111011011000101,12.064392541178751,9.765625e-05
01101111011011101100,17.953875955078356,9.765625e-05
00111000101110000110,20.03212527894667,9.765625e-05
10100100010100100001,25.545959974141585,9.765625e-05
00011010001100001001,23.22698592110263,9.765625e-05
00001010110111110110,58.935021785905825,9.765625e-05
01100010111010011011,30.39251309667031,9.765625e-05
01100011100000101110,19.27177378716616,9.765625e-05
00000010101010110000,41.4640452742139,9.765625e-05
11111111101110101110,28.917837825352066,9.765625e-05
01000000111000001001,38.04921686770634,9.765625e-05
10101000010111010100,65.25873099801827,9.765625e-05
10000011100001000111,25.76178375909774,9.765625e-05
10001001111000000000,20.590120924863093,9.765625e-05
10010111111001000110,20.84779443755007,9.765625e-05
11110100010110000011,10.470879699241898,9.765625e-05
11111010011000111001,30.956759949323608,9.765625e-05
10011100100000110010,14.787084277417177,9.765625e-05
10001001011100101010,26.513306491207363,9.765625e-05
10101100110010110010,23.790158364582012,9.765625e-05
10111000000101100010,28.166442743104557,9.765625e-05
00110110001100000000,12.980885654940627,9.765625e-05
00011110110010110001,15.47003801887414,9.765625e-05
01001111011100000011,16.899368004599218,9.765625e-05
10111001000011000000,25.265870769768497,9.765625e-05
10111101111001000011,13.304034073383832,9.765625e-05
10101110111001101000,34.583899343135435,9.765625e-05
11011110000100100001,21.9605105140226,9.765625e-05
01010110010000010101,10.603964675039103,9.765625e-05
01101000111001001100,26.906470305109718,9.765625e-05
10101110101010111010,28.097375526500155,9.765625e-05
00110111010111100001,13.28293436693365,9.765625e-05
01100111110000110001,18.234237709351948,9.765625e-05
00010110010000000011,15.151418124136661,9.765625e-05
11111100111100010011,5.763881136987631,9.765625e-05
11101100111011100000,13.340538377910699,9.765625e-05
01010111010111010101,10.192382768716108,9.765625e-05
10000110001111001000,22.916848436546715,9.765625e-05
11111111011011001011,30.601973257149183,9.765625e-05
11011101111111100001,14.404443397023172,9.765625e-05
10001100000000111000,17.38216774041886,9.765625e-05
11001100000100111100,11.382167740418861,9.765625e-05
11011001000101010011,19.6047986558112,9.765625e-05
01010110111111001100,22.00418749588482,9.765625e-05
11001101010100010101,12.6365427040385,9.765625e-05
10100011100010010101,30.84779443755007,9.765625e-05
00100011100000110101,27.885181534428266,9.765625e-05
10100110101111010011,31.755183052695216,9.765625e-05
00010011101000101001,26.759436931295767,9.765625e-05
11100100010111001000,17.83466723201164,9.765625e-05
10100100100000010111,23.05513935514494,9.765625e-05
10111110101000000100,33.332172250220104,9.765625e-05
01010001010010110100,22.66697096333011,9.765625e-05
00001110010010000100,23.08625407227494,9.765625e-05
10010100101010011100,29.480981542067532,9.765625e-05
10101110001000111111,41.263142406888406,9.765625e-05
11101000011000111011,27.833822107200277,9.765625e-05
01000101000101110101,18.833163336597643,9.765625e-05
11111110111110101000,17.296634038619572,9.765625e-05
00100110011110000000,24.207158475849287,9.765625e-05
10111101101101000101,14.043778468730238,9.765625e-05
00001010101000100000,30.46408962350102,9.765625e-05
00000100110100100100,36.44279533480747,9.765625e-05
11101000111000000110,20.51269653218397,9.765625e-05
10111101100101001110,17.730593539365074,9.765625e-05
11010111100101001100,17.15744793161052,9.765625e-05
11100001110010000000,12.608573789297294,9.765625e-05
00001000001010010000,30.164625920227557,9.765625e-05
01111100110000010011,7.02539306436794,9.765625e-05
00110100110111011011,22.889191453056192,9.765625e-05
00010000010110001000,28.952227795670392,9.765625e-05
10111011011000101010,29.851693434267908,9.765625e-05
11110101100100000010,23.017922859509227,9.765625e-05
01010101010001001001,24.391605686864043,9.765625e-05
01111101100100010100,18.82917467810826,9.765625e-05
01000100000000010000,13.621751498588997,9.765625e-05
00001000011100010101,51.225769371212074,9.765625e-05
00100011011100000010,25.0504050067799,9.765625e-05
01001010001110110010,24.886449540473045,9.765625e-05
00101001100111000110,24.538494367370035,9.765625e-05
11011001101101010001,17.644280235052868,9.765625e-05
01101011101100101000,23.58389934313543,9.765625e-05
01011110110110110011,11.745643255559035,9.765625e-05
11111001001000000100,22.955252004739634,9.765625e-05
00010101111001100100,32.93535356784358,9.765625e-05
00000100100100010001,27.000314309177938,9.765625e-05
10110101010101110110,15.490042132299262,9.765625e-05
10111010011010101100,37.21726936825783,9.765625e-05
11011110111100011110,15.586709635715415,9.765625e-05
01001101111011010101,16.628673991591196,9.765625e-05
11001111111110011111,16.40976832149787,9.765625e-05
00110000101100110010,27.311958693437653,9.765625e-05
01101100101001000000,11.767341237714545,9.765625e-05
01001110001110101010,16.97043580827967,9.765625e-05
00111000101110010010,20.007386817156508,9.765625e-05
01010101000001000110,31.108873906876504,9.765625e-05
01110011010110100111,16.330548453207477,9.765625e-05
10101011101001110001,40.276208306821076,9.765625e-05
11011001101100110100,15.1279190395944,9.765625e-05
10011000001001010100,28.568689963756164,9.765625e-05
00001111101001100100,16.28315340920073,9.765625e-05
00000001100110001000,35.932162463766716,9.765625e-05
11110011111010011001,15.41246659757877,9.765625e-05
11111110011101010000,30.84236310212524,9.765625e-05
10011010110000110001,31.86227302599567,9.765625e-05
11100000000011000001,24.798275667565107,9.765625e-05
01011101001111101111,27.009340323286708,9.765625e-05
00001011011010100100,21.372811794608932,9.765625e-05
11100100110001110000,10.75007995679751,9.765625e-05
01111110010110000101,19.349966344051662,9.765625e-05
11111110001111111100,25.623737154247067,9.765625e-05
01001110001010010000,12.04382897248351,9.765625e-05
11011011111110000110,16.51387842966418,9.765625e-05
10100100000000111001,22.645976824645615,9.765625e-05
11110111000001010101,29.669887939491318,9.765625e-05
11011100101011111111,18.84316586409077,9.765625e-05
00010011101111001100,24.371263157263883,9.765625e-05
00111111111111010011,11.519636117299843,9.765625e-05
01110111111000010000,19.55786624378473,9.765625e-05
10111110000010111010,32.6469209226027,9.765625e-05
10111111110111001010,23.460473244115104,9.765625e-05
00111011100000000001,24.639078558243718,9.765625e-05
11011000010010101100,11.930364376509583,9.765625e-05
11101000010000001100,30.17817474413936,9.765625e-05
01001111110001001001,16.31669937052324,9.765625e-05
01011100100010110111,21.24303617014121,9.765625e-05
00000000000000001000,30.090619058289455,9.765625e-05
11100101000001101110,18.30325786664669,9.765625e-05
11111011111010111101,21.136000308452214,9.765625e-05
01110111111101010100,11.045390936199716,9.765625e-05
10101011101001111000,34.84415494778903,9.765625e-05
10001001101010111100,26.989657473374297,9.765625e-05
00100011111000000000,19.138223458526326,9.765625e-05
01011010110010000110,15.83369687309343,9.765625e-05
10010111111000111111,24.155166185953185,9.765625e-05
00001000000000000000,23.692679049617418,9.765625e-05
00111101010111101111,14.530891228808814,9.765625e-05
01110110110001010011,11.829569039308174,9.765625e-05
01001011001010100010,17.013187700435736,9.765625e-05
01000111111001011011,23.22942612775085,9.765625e-05
11101000110000000100,24.22674876887337,9.765625e-05
00101000001110000011,33.91587183603516,9.765625e-05
11100111101111011110,16.27502903182655,9.765625e-05
01000010011000100010,26.025078678902617,9.765625e-05
00111010110101010101,46.59497093006141,9.765625e-05
10010111111100010000,16.055203370773235,9.765625e-05
01010001010000000001,15.91152975366536,9.765625e-05
01110101000011110001,26.59326807723913,9.765625e-05
01101101110010010111,13.986084621727233,9.765625e-05
01011011110000110100,15.724046857446801,9.765625e-05
11000101010101100001,12.143243047118617,9.765625e-05
00110111000001101010,22.77544542105689,9.765625e-05
01101000111010000101,24.338566234127658,9.765625e-05
00010000001001111111,48.695328721259145,9.765625e-05
01010100000001011011,23.72307649852859,9.765625e-05
00011101010101010001,8.930568939057167,9.765625e-05
00010000010101100010,33.47774683396443,9.765625e-05
00000000000100001000,34.57917812525095,9.765625e-05
01110101000101000011,19.23450503550761,9.765625e-05
00000011000110000010,21.14191998790125,9.765625e-05
00100011100100000101,24.798275667565107,9.765625e-05
01100010100001000011,26.1139662772091,9.765625e-05
10101010101011100101,52.54328304532642,9.765625e-05
10111010000010001111,43.70294173095155,9.765625e-05
01011101000001110011,22.99219364887844,9.765625e-05
11010001101111011101,26.600905900686712,9.765625e-05
01001000010000010001,22.07681715451809,9.765625e-05
00100011110000000110,22.0798103568632,9.765625e-05
01110011100000000000,18.079073286508155,9.765625e-05
00110110000101111001,18.22290337816563,9.765625e-05
10101000101010000010,29.06796465840475,9.765625e-05
00100000010000000100,33.0758696992446,9.765625e-05
10000011100101001000,19.448354701488896,9.765625e-05
11110101000110011100,22.475685039249655,9.765625e-05
11111111101001111010,31.718181507589108,9.765625e-05
11001001010000100000,11.803638699733588,9.765625e-05
10110101100100110101,14.055193684736281,9.765625e-05
01101111010101111110,21.936678689789616,9.765625e-05
00011010100110110110,30.45305646017226,9.765625e-05
11101000101100101001,25.17090183154656,9.765625e-05
10010100000000000000,13.136129710583916,9.765625e-05
10111011001010111011,32.03976618301488,9.765625e-05
01101000011011000000,21.84911124433427,9.765625e-05
11011011110100111010,17.871761476194123,9.765625e-05
00101100001010001001,20.075210928641965,9.765625e-05
00111000100101000000,20.183980949087,9.765625e-05
11100101000111110101,16.250516148164074,9.765625e-05
10000011000001110100,24.388158705777872,9.765625e-05
11111000000000000000,22.825745387761785,9.765625e-05
01111001110001001100,14.729542942920997,9.765625e-05
01011010000010011100,18.000950986844302,9.765625e-05
00001010100000101000,31.164632161820904,9.765625e-05
01100010001011100000,25.295609350110016,9.765625e-05
00100111000110001010,18.906906305574225,9.765625e-05
01010001011100011101,24.06796465840475,9.765625e-05
00000100000111000100,28.322619049972282,9.765625e-05
11000110000010011011,16.875374323599583,9.765625e-05
00100110001100010000,21.860728753019167,9.765625e-05
11101010100000101000,33.59679908248156,9.765625e-05
11100110001000001100,23.03953664325408,9.765625e-05
01000000101010001100,40.85347623034879,9.765625e-05
00111000011000010000,19.21103873694726,9.765625e-05
00001010111000001000,35.60551936847363,9.765625e-05
00101100010011100110,26.054168996226732,9.765625e-05
11001111111011011000,13.025393064367936,9.765625e-05
11011000011000000000,9.94978686544093,9.765625e-05
10110101011100101000,15.69177344074857,9.765625e-05
11000010110000000000,16.18188720114459,9.765625e-05
11101010101111100000,35.498891183969,9.765625e-05
11010010110000110110,16.962663701142336,9.765625e-05
01101000111010000000,18.065164051861718,9.765625e-05
01001111010000010111,15.984366477728695,9.765625e-05
10001100100001100100,19.043216216310377,9.765625e-05
11111110010111101100,28.8413419451865,9.765625e-05
01100110010000101000,19.511742835317126,9.765625e-05
00111101010110010001,12.493870871795451,9.765625e-05
11000010010000101010,20.42207747389451,9.765625e-05
00010001001100100001,26.204399715710895,9.765625e-05
00110110100000001100,18.563770730024526,9.765625e-05
01000000010010000100,24.364021240555395,9.765625e-05
11111011110100111010,25.623737154247074,9.765625e-05
10000010001010000100,33.66632812035779,9.765625e-05
11011100010100000100,9.47662624208997,9.765625e-05
10000100100110001000,23.04130184656228,9.765625e-05
01111001110010000010,13.575937262681702,9.765625e-05
10100110000101100000,32.60306875220721,9.765625e-05
00000100000001110001,26.18343492940452,9.765625e-05
00000001001101100000,31.26837562849905,9.765625e-05
01110111000111000101,18.839308593764727,9.765625e-05
01111011101100111011,23.230441130223447,9.765625e-05
00001110111110011000,26.698589053869323,9.765625e-05
01010101100111010110,34.24573371180105,9.765625e-05
01010101000101011001,23.778928953867513,9.765625e-05
11011100001110111101,11.59424459062349,9.765625e-05
11010111110000010100,16.77868628362615,9.765625e-05
11010101010111101111,21.07882407031469,9.765625e-05
00100110111100100010,28.27021556216083,9.765625e-05
00111101111110000000,11.151418124136661,9.765625e-05
00111011001001000001,24.23911414976579,9.765625e-05
00010100011101000000,18.553723118823214,9.765625e-05
00000100110100000011,33.877052471839725,9.765625e-05
11010110011100001001,10.603964675039105,9.765625e-05
01010110111110001101,20.66931779113209,9.765625e-05
00100100000100010000,17.424855616946633,9.765625e-05
00000100000101001100,28.139835925995797,9.765625e-05
11110110111111110110,16.96812646251379,9.765625e-05
01100010001000110101,28.428347143620165,9.765625e-05
10111000111110000010,21.34136684067069,9.765625e-05
01001000001010110100,22.192226207039305,9.765625e-05
01000000000111000101,34.82802122392105,9.765625e-05
00010111110001100110,22.558675981764665,9.765625e-05
11101000100111100001,30.618944944719875,9.765625e-05
11001100101000110100,10.608261183133207,9.765625e-05
01010101010011011000,27.880485293757005,9.765625e-05
01111100101100010001,7.264048015757247,9.765625e-05
11000011001000001000,14.318016911728506,9.765625e-05
10111011101110001000,25.730593539365074,9.765625e-05
11111110111100100011,19.367852053620087,9.765625e-05
01110110011111011011,13.229184621992859,9.765625e-05
00001110011010100010,20.96767704814128,9.765625e-05
10110010101110100110,28.68966212166967,9.765625e-05
11100001010111010001,24.86598371453949,9.765625e-05
00101000101000100110,30.115697737192075,9.765625e-05
10000110000100000101,26.14239938030957,9.765625e-05
01101001011100111111,24.755373026011608,9.765625e-05
10111001110000000000,18.869241326287305,9.765625e-05
11110011111110100010,16.47771777585357,9.765625e-05
01001001101110000010,24.467510892952916,0.0001953125
00001011100011000001,22.11210968149595,9.765625e-05
01011010010000001000,15.51932036021109,9.765625e-05
11110101100100000101,17.31395382799262,9.765625e-05
01101111010100011000,26.17253376905697,9.765625e-05
11000011000011110100,13.997786535962842,9.765625e-05
01100000010001101100,28.906470305109718,9.765625e-05
01010100101110110111,41.524587728630735,9.765625e-05
10101000001100110000,40.86861713180764,9.765625e-05
00101101111110110001,20.23139547438415,9.765625e-05
11111100111011010011,8.848731472365543,9.765625e-05
10000010001001000000,33.43522405150686,9.765625e-05
01100110001000001111,21.210624094588304,9.765625e-05
10100001110100000000,21.432407517333516,9.765625e-05
10100011111011001010,26.82743877746935,9.765625e-05
11111111011111100010,27.15428555429756,9.765625e-05
01011001011011100011,19.93457154957539,9.765625e-05
11110101111001001001,16.331994760090403,9.765625e-05
11110001110000101010,13.104700695115795,9.765625e-05
10000011001110101001,26.61894494471988,9.765625e-05
01111111101100111011,24.997508887316187,9.765625e-05
10111101000101100010,19.630324653881647,9.765625e-05
00100100000101001000,20.772001884414333,9.765625e-05
00000100100100001101,33.69894871934307,9.765625e-05
01000100010001000010,18.654736236179968,9.765625e-05
00110101100101111011,21.017718934164005,9.765625e-05
00100111101001000000,13.996832839096001,9.765625e-05
10100111101101101001,19.356475876029123,9.765625e-05
00000100000111010000,26.375009331015786,9.765625e-05
11111010100011101000,28.19908727442289,9.765625e-05
11010111110100010101,11.631561517407249,9.765625e-05
00111111010110100000,20.28791375262749,9.765625e-05
00001011001110001100,21.803353753773596,9.765625e-05
00111011001010001010,19.921493242743402,9.765625e-05
10100011000011110000,31.775448131079433,9.765625e-05
10011101011101101101,12.278498095009171,9.765625e-05
11010000010000001101,10.915245655114198,9.765625e-05
00100010101000011000,32.5850428386546,9.765625e-05
10010010110000000000,18.212895332660406,9.765625e-05
00101010001000000010,35.20165968035255,9.765625e-05
11110100011100110010,8.640002081184164,9.765625e-05
00001011100110001011,26.84587309178756,9.765625e-05
11111111000011011111,37.600181411485394,9.765625e-05
10110100000100000010,12.980885654940627,9.765625e-05
10110000110010010010,22.23529156473575,9.765625e-05
00001110000011110011,22.69988576499836,9.765625e-05
11111001011000000000,18.75766101326228,9.765625e-05
01110011100011100000,20.335390121607766,9.765625e-05
01110011110000001100,11.361160160794697,9.765625e-05
11010110010110111111,13.802983667841822,9.765625e-05
01110111010101011111,13.820125967085186,9.765625e-05
11010011110110011110,13.76178375909774,9.765625e-05
11001000001100100001,21.45617460235696,9.765625e-05
11110101111101000111,10.947120651351044,9.765625e-05
10100010000100101100,45.72754880457836,9.765625e-05
10111101010001110001,20.763161147906445,9.765625e-05
00010011001010101111,28.981273774547198,9.765625e-05
10100000110000100000,29.60551936847363,9.765625e-05
11100101001001110101,14.614306478083556,9.765625e-05
00011010011011100100,27.76147115293365,9.765625e-05
10111110100011101000,27.28503944441921,9.765625e-05
00001101001100010000,13.189048331410023,9.765625e-05
11011101010001100010,18.60082938023554,9.765625e-05
00111000011110100010,18.67724177473186,9.765625e-05
00011100001100000011,10.566638062218395,9.765625e-05
01100101011111001110,21.899056230779763,9.765625e-05
01100110010100110010,20.176477136698104,9.765625e-05
11000000100101000000,20.049216867706342,9.765625e-05
11011100010100110011,6.168375761345314,9.765625e-05
00111111111010110111,17.372702058818398,9.765625e-05
00001110000110011011,23.0015024482515,9.765625e-05
01111001001001010110,14.333607227559874,9.765625e-05
01001100101001011100,19.653191228782397,9.765625e-05
01000101010110000101,20.69547965616045,9.765625e-05
01010010010100011101,17.58005812045254,9.765625e-05
11010110100000001100,17.47074633547708,9.765625e-05
10100010010110000010,49.34578418067507,9.765625e-05
00010010001101000000,22.60761311641604,9.765625e-05
01011011111001010010,17.73620714851063,9.765625e-05
11000010111010010100,24.55372311882321,9.765625e-05
00101000101011111010,41.29085898698747,9.765625e-05
00000000000110010010,43.75783061829244,9.765625e-05
00011010010001101010,27.569945562901623,9.765625e-05
01010111000001010111,21.899635330754876,9.765625e-05
00100001100110110001,34.579697720557725,9.765625e-05
10110000100001000001,17.56926534665659,9.765625e-05
01010111101001010111,28.52079373951191,9.765625e-05
10001101000111001000,14.603964675039103,9.765625e-05
01010110100010110001,22.36121646598751,9.765625e-05
10011011000000110100,29.244891824293234,9.765625e-05
10011000000010100010,18.7249943127203,9.765625e-05
11100101011001110000,12.614316164120511,9.765625e-05
01011110011011011011,12.848731472365543,9.765625e-05
00110010011000100100,24.43768716179979,9.765625e-05
10100100001001110001,23.18971084072352,9.765625e-05
11101011101111111111,29.393663313553976,9.765625e-05
01101011101010111010,20.981648644070006,9.765625e-05
00100111101001001000,15.512940660427645,9.765625e-05
00010101011100010110,25.269984651524915,9.765625e-05
10110100100000011110,17.58850845739362,9.765625e-05
11110011101101111101,17.857455289928424,9.765625e-05
01010110010110010001,8.252382429914178,9.765625e-05
00001110010110000000,21.244610322776843,9.765625e-05
00001110001110101111,26.410109262191575,9.765625e-05
01010000100000000100,20.51585474147208,0.0001953125
01000100110000011100,24.055155282775246,9.765625e-05
00001110011010010001,22.52368462264436,9.765625e-05
11111011110011111010,23.304024387346878,9.765625e-05
00110111111101100101,13.772399042763999,9.765625e-05
11100010101010111001,26.68096120775151,9.765625e-05
11011011100101000110,23.073004440619226,9.765625e-05
10111110111101010110,33.39852715117792,9.765625e-05
10101000101000001011,33.62492592977467,9.765625e-05
01000101110111110100,28.424563694972225,9.765625e-05
11110110111111001100,14.188233195021182,9.765625e-05
11010011110100000101,10.230689426491978,9.765625e-05
00010000110000000100,27.01560968790528,9.765625e-05
01001101110111110111,19.112193287178037,9.765625e-05
11110000000010011110,17.459541629344713,9.765625e-05
01000001000011111011,37.86502928325158,9.765625e-05
01111011111010100110,14.77065248794846,9.765625e-05
01111100011100001010,8.73753093130925,0.0001953125
11011101100110100101,20.075323766689323,9.765625e-05
11111101001000101111,29.08666881260092,9.765625e-05
01100100000000100000,15.90025840941901,9.765625e-05
11111011100100100000,33.37483628154203,9.765625e-05
11111110111011010001,21.24674247268029,9.765625e-05
00101011000100001001,37.65543414316471,9.765625e-05
01010001010000001000,19.130155701543533,9.765625e-05
11011110101111101000,15.821273081712011,9.765625e-05
11110101110101010001,7.846290542136085,9.765625e-05
00001010001010100011,32.92627485755816,9.765625e-05
11101110101100110110,25.76134610433068,9.765625e-05
11010011010001001000,11.273695132928673,9.765625e-05
01101110101010100110,19.237889889439746,9.765625e-05
11011001110100111001,14.14324304711862,9.765625e-05
10000010100010011000,30.585042838654605,9.765625e-05
00101111000000110110,27.441576472480662,9.765625e-05
11111001101110011001,20.360253083083716,9.765625e-05
01000001000010010100,19.435224051506857,9.765625e-05
01011011000111011000,17.953875955078363,9.765625e-05
10011010101010000100,27.187809688583194,9.765625e-05
00010001100011000000,26.857481638016747,0.0001953125
00010100110111001000,29.391807147154807,9.765625e-05
10111001000001000110,25.94315137577538,9.765625e-05
01110010100000101010,19.271773787166165,9.765625e-05
10100001110101000000,23.937809691282283,9.765625e-05
00111000010011000101,28.575383139919808,9.765625e-05
01111111101101111110,20.982426494313344,9.765625e-05
00101100101001001101,24.292808743566983,9.765625e-05
11010011010001001101,11.319284819396607,9.765625e-05
10101001000001001111,34.91362350160777,9.765625e-05
11001010100110111010,25.790158364582012,9.765625e-05
01010110111100000100,16.231104068850932,9.765625e-05
10000110101001011000,22.37220528002915,9.765625e-05
10001000101001101001,36.564010592276325,9.765625e-05
11011101110000100010,22.100123446958037,9.765625e-05
01110100110100100111,13.772576532893693,9.765625e-05
00101100111010100010,20.22349115712555,9.765625e-05
00011111010101011011,14.324143961714693,9.765625e-05
10000000000100000001,31.847907177630404,9.765625e-05
11111100000111001000,20.12579071552902,9.765625e-05
01101001000010100010,17.916896524544704,9.765625e-05
00011111010110100101,12.450872141373168,9.765625e-05
01011111000110001111,22.931951317439,9.765625e-05
10011101011111100010,13.212229596883176,9.765625e-05
11011111111111110110,15.011870159230478,9.765625e-05
10001000011101101111,55.9976186447429,9.765625e-05
10011110100101111000,19.058013663353226,9.765625e-05
01101110111101101010,21.787036483686443,9.765625e-05
01001010101011010011,30.132213328233462,9.765625e-05
01001101111011001111,25.085450608364347,9.765625e-05
11000111010110001110,15.210624094588303,9.765625e-05
11101010011000101110,37.20920087685398,9.765625e-05
11010010000110000000,14.000950986844302,9.765625e-05
01111011111010000000,16.040724782327636,9.765625e-05
11011001110010001100,13.760407290213971,9.765625e-05
01100101010100100101,17.02759684236814,0.0001953125
01110110011100011001,10.07491527879651,9.765625e-05
01110110110110000011,11.247422503421452,9.765625e-05
01110100010100000101,6.9588997116955085,9.765625e-05
10111111110111001001,24.080735730040246,9.765625e-05
00001110110011001110,28.809802801693564,9.765625e-05
01001101111110010011,21.435515457040076,9.765625e-05
10001001110100010010,29.548770266721576,9.765625e-05
11011100000110110001,8.56351171903071,9.765625e-05
01001011111010010100,14.914991840833565,9.765625e-05
10101110011010111010,35.91434556425746,9.765625e-05
01101001011010001000,17.09246596796565,9.765625e-05
01011100010100010101,6.427698059054491,9.765625e-05
00010010010010010000,20.9597956345274,9.765625e-05
01100010111000010010,22.694756869929524,9.765625e-05
10011101010111100001,10.186729299607189,9.765625e-05
10101010101010100010,38.46309989250891,0.0001953125
00000011011010000101,26.06725779980413,9.765625e-05
00101001100001111001,30.717378680132555,9.765625e-05
11010011111110111000,16.61894494471988,9.765625e-05
01100010101010010100,22.276693755318867,9.765625e-05
01100111100000001111,21.874453510681672,9.765625e-05
01000101110110111101,36.27841552926489,9.765625e-05
00010101010001011011,23.555206184160976,9.765625e-05
11011000101001000000,15.095587848861218,9.765625e-05
11000110100100111100,13.421090893078738,9.765625e-05
01011100010110000001,7.0275968423681405,9.765625e-05
10101110011001011000,46.020171928357684,9.765625e-05
01101001001010010011,18.51764866070436,9.765625e-05
01100001010000010110,13.516098135294687,9.765625e-05
01111111000111100110,25.679211295619567,9.765625e-05
11110110001001000101,24.639078558243725,9.765625e-05
11101001000010000000,24.863678515162277,9.765625e-05
10010111100000101100,21.9514810392784,9.765625e-05
00001111000011111101,16.202844287855303,9.765625e-05
11000101001011011110,23.089301517084188,9.765625e-05
01001101110000111101,19.60804025280151,9.765625e-05
00101100110010010010,20.54579217004885,9.765625e-05
00011101010111110000,11.925327402284669,9.765625e-05
01011111110011000000,19.349966344051666,9.765625e-05
11001101011011010111,12.515785823397861,9.765625e-05
11111100111001110001,7.685749885707883,9.765625e-05
00011101110100101010,21.47039217717561,9.765625e-05
01101000110000100011,22.784235877143413,9.765625e-05
01101011001000101000,24.670812186013002,9.765625e-05
10100101010010000011,22.470879699241898,9.765625e-05
10010101111101000101,15.951485637365556,9.765625e-05
10000010001001101101,42.258240890884665,9.765625e-05
01111100110000110000,9.487626815737059,9.765625e-05
00111101110101010010,9.35647587602912,9.765625e-05
10100110000011101111,34.94712065135104,9.765625e-05
10110101000101101011,15.878545310341648,9.765625e-05
11110111001100010100,27.37483628154203,9.765625e-05
11100100000000101101,17.343709070385504,9.765625e-05
10010110011101110100,24.101850542572457,9.765625e-05
11111000100010010011,17.423265612968073,9.765625e-05
10111111110111100011,22.186700241496325,9.765625e-05
11101110001010000010,31.61866530963193,9.765625e-05
10101110000000111110,44.630983424484285,9.765625e-05
11000000010000011000,16.646915317463396,9.765625e-05
11101010110010001110,34.54990416333099,9.765625e-05
01111001010000000101,14.674451675774051,9.765625e-05
00001110000101101100,26.372211521622496,9.765625e-05
10100100011100001000,23.541546900129077,9.765625e-05
01111000110100100010,10.962663701142336,9.765625e-05
10000011101010110110,30.738391467309725,9.765625e-05
00010000101011100001,45.04936783508366,9.765625e-05
01101010101000010100,27.1768731305644,9.765625e-05
01000100100000000010,24.787653407884434,9.765625e-05
11001000010010010010,20.580433724396414,9.765625e-05
10100100110000000011,20.916848436546715,9.765625e-05
01110110001110010110,15.785921224320214,9.765625e-05
11001000001101010010,26.28912117664776,9.765625e-05
11101000101010000110,19.556523725366247,9.765625e-05
01100111011001011011,16.723609311443127,9.765625e-05
10000010111010000000,35.065164051861714,9.765625e-05
11110110000101001000,22.323381707006376,9.765625e-05
01101010010011001110,35.138110718445986,9.765625e-05
10101110101111100000,31.455943985988313,9.765625e-05
00011010010110100011,25.22942612775085,9.765625e-05
10010101011110110001,21.05894519099641,9.765625e-05
01111100010100110010,7.354667074046702,9.765625e-05
11010011010000001000,11.774909810992618,9.765625e-05
00010101101100011101,33.44967431626265,9.765625e-05
01010000100010100000,30.424917853273698,9.765625e-05
00100010101010001001,34.06620375891645,9.765625e-05
11111111001011110110,33.6190730739435,9.765625e-05
00101000110101110001,55.23953588815203,9.765625e-05
10111011001010111000,32.287913752627496,9.765625e-05
10000001100010000111,29.465197808476166,9.765625e-05
01010101010100101000,29.085358149443053,9.765625e-05
10000000111000001000,36.0,9.765625e-05
11111000101010110000,13.896840878677985,9.765625e-05
11001001011000100100,10.833095582258483,9.765625e-05
11011101010001000011,18.623981282490746,9.765625e-05
01111100110000000011,8.661963134343274,9.765625e-05
01010001011100000100,17.221670682664886,9.765625e-05
00000000101010101110,63.96697809627638,9.765625e-05
10110111101111111110,20.395468376825523,9.765625e-05
01010100001010000000,29.583286586962295,9.765625e-05
00110111100110100010,20.857455289928424,9.765625e-05
01011111010111000101,11.968210671764268,9.765625e-05
00100100101100101001,29.637474955262935,9.765625e-05
00010000111100100000,36.67043378491939,9.765625e-05
11111110111110011000,17.816512825412456,9.765625e-05
01110011110110100111,16.30945843279426,9.765625e-05
11111101111101011110,11.710521231446982,9.765625e-05
01001010101110100000,24.115697737192075,9.765625e-05
00101000000000000001,32.18534657829026,9.765625e-05
11110110101111001001,15.41246659757877,9.765625e-05
10011001101100001000,17.909682843989167,9.765625e-05
01111110111111101010,14.234363052222182,9.765625e-05
11100000100101011000,23.149870319589347,9.765625e-05
11101010011001101000,40.92068965922961,9.765625e-05
10101000100000101010,30.42207747389451,9.765625e-05
01011011001110110101,17.47661583247177,9.765625e-05
00101000111101110010,48.88837181695686,9.765625e-05
01001001111101001010,26.91307122949212,9.765625e-05
01110100000110110000,15.730569607032024,9.765625e-05
01011011110011011100,14.959380992168445,9.765625e-05
00000000101010000110,52.06227652604567,9.765625e-05
11111011101011011101,26.793486353154687,9.765625e-05
00000110111100010010,32.830292472832966,9.765625e-05
01010001110010001010,35.22466035343919,9.765625e-05
00100010001010000001,32.09801909305372,9.765625e-05
01110111011000001110,23.394763896152156,9.765625e-05
11011011111110100101,15.390605888440504,9.765625e-05
11010001110000100101,12.696678215692037,9.765625e-05
01110011000101001011,19.420278564679457,9.765625e-05
01011010100010110010,19.56566146170683,9.765625e-05
10100011011110000100,34.1849319359313,9.765625e-05
10111111011011011010,28.43579879795324,9.765625e-05
01110110001111111100,18.958478093322135,9.765625e-05
10111011011111111100,35.27327278013424,9.765625e-05
01100010001100001100,24.733111615703393,9.765625e-05
10111010101110000100,35.49698379023532,9.765625e-05
01110100110101000100,8.941586898336874,9.765625e-05
11110110101111011001,13.952461514295866,9.765625e-05
00111000001000010111,22.487241525756232,9.765625e-05
01110111011100101001,20.777368742420883,9.765625e-05
10111011001001100111,35.800653725013476,9.765625e-05
11010011010010101110,14.600727256913462,9.765625e-05
00100001101111111010,43.88777614205758,9.765625e-05
10000010011111010011,61.14286838473587,9.765625e-05
01100101111100110000,19.6744792758826,9.765625e-05
11000000110000101010,22.847907177630404,9.765625e-05
00101000000001100010,31.72308618456555,9.765625e-05
10111000111101100010,24.435412392156877,9.765625e-05
00110010011100100001,24.976696515549616,9.765625e-05
00010001001101000100,21.766213495161615,9.765625e-05
11101110011010011110,28.66346286173242,9.765625e-05
00101101000101010001,17.013187700435736,9.765625e-05
11001001111111110000,20.121961165324382,9.765625e-05
00010101101011010001,34.841565879807995,9.765625e-05
10001001011001000010,23.9070768196895,9.765625e-05
11101110101010100010,23.757838933454288,9.765625e-05
10001000001001111000,35.663478702235516,9.765625e-05
00110101010011000101,14.069001655436942,9.765625e-05
10100111111010000010,22.624748439644975,9.765625e-05
01111001010001101000,17.70014383443105,9.765625e-05
01110111101001100100,27.369129511530097,9.765625e-05
10111110101000101010,25.585804026846574,9.765625e-05
01111100011101100000,7.480692133815424,9.765625e-05
00011111001101100011,14.432662681601395,9.765625e-05
01100111111011010000,13.635758699329017,9.765625e-05
11101111100001111101,28.04647339874421,9.765625e-05
11111100111100110101,6.640002081184165,9.765625e-05
00011001111110010001,24.959766489289333,9.765625e-05
11011010000000110000,24.587649907834432,9.765625e-05
11110101111101000000,11.693620350424766,9.765625e-05
01101001111010000110,13.38430779705803,9.765625e-05
10101110011010001010,36.39160568686405,9.765625e-05
10011101011110100111,15.212229596883176,9.765625e-05
10011000010010110100,26.178385254013033,9.765625e-05
10011111011011111101,17.731430230159702,9.765625e-05
10010010001000110111,33.40696771495484,9.765625e-05
11110101111101010001,8.690744584214173,9.765625e-05
00010001000000001101,22.62894102347959,9.765625e-05
00000100110100000111,38.34082154456946,9.765625e-05
10111000010011010010,34.0205947003746,9.765625e-05
01000001100011000100,25.052271288530008,9.765625e-05
11000111110100011101,10.724994312720295,9.765625e-05
01000101010001011000,17.540303060589064,9.765625e-05
10100010000000001001,41.28634450243778,9.765625e-05
11101000010000100001,29.530574013717747,9.765625e-05
00111110111111010110,20.478613698685457,9.765625e-05
00001000110110000001,43.738761553241496,9.765625e-05
01010001010101100001,19.62128282090596,9.765625e-05
01000000010001100010,30.657540287166608,9.765625e-05
10010101011111011010,24.335385855615897,9.765625e-05
11110100110111001111,12.553387510637734,9.765625e-05
11010110110110000011,12.958478093322135,9.765625e-05
11111011111111001000,21.96033197901275,9.765625e-05
11011000011000101000,10.198762174232288,9.765625e-05
00101000101100010010,33.51268404899727,9.765625e-05
10001111101001101000,16.991237144022037,9.765625e-05
11001011101010100001,20.42805773536806,9.765625e-05
01101000111000000100,18.696138426763085,9.765625e-05
01000010010010010000,19.06893501732296,9.765625e-05
10101111001000001101,38.72228789573196,9.765625e-05
11011101110111100000,13.610536247043381,9.765625e-05
01011000100000110101,19.58510061268955,9.765625e-05
00001011000110100101,25.514848054161323,0.0001953125
11100000001101001100,25.656592831893118,9.765625e-05
00010101100100100010,33.22051470395901,9.765625e-05
00111101000101011101,16.01717716963358,9.765625e-05
10111111111010100001,24.91564997498216,9.765625e-05
10101011011010111010,37.91122368336189,9.765625e-05
00010100100011001001,30.327831234366652,9.765625e-05
00011111111100101000,17.230814660598824,9.765625e-05
11101010111111011111,49.47298063033879,9.765625e-05
11000111001101100000,16.439665547176183,9.765625e-05
10001100100011111000,20.150830258049538,9.765625e-05
01010001010110000010,22.373682827354816,9.765625e-05
11110110010100011001,16.57893129782455,9.765625e-05
01110001110000111100,18.092465967965648,9.765625e-05
11000010110000001010,18.91057876682106,9.765625e-05
01001000111001010000,27.006263428132307,9.765625e-05
01001110100000000010,17.716816514839895,9.765625e-05
01110001110110101010,25.42588936583546,9.765625e-05
00010011101101010100,22.585617487133966,9.765625e-05
00010101000101110000,19.608030566764555,9.765625e-05
10101111001010011110,32.623981282490746,9.765625e-05
11010111001110011000,23.789592754845756,9.765625e-05
01111101011101010101,8.443625871135964,9.765625e-05
11101010111110100010,32.9516589594704,9.765625e-05
00010001010000000111,21.32687129590646,9.765625e-05
01110111111101110001,14.772572364868843,9.765625e-05
11000011010111011001,20.865983714539485,9.765625e-05
00110011000010011000,18.43260636556876,9.765625e-05
00011110110111001000,14.975742818682779,9.765625e-05
11000101111000011000,18.665405555170302,9.765625e-05
01000100011101010100,22.872697171862164,9.765625e-05
00001110100110011011,24.536714928605562,9.765625e-05
11101110101000011100,27.294145020392122,9.765625e-05
11111001010000111101,20.719312509081764,9.765625e-05
00000101000001000010,19.135470939981282,9.765625e-05
10001010011110111101,58.31297714035385,9.765625e-05
10100010111101111011,61.14286838473587,9.765625e-05
11101111101011111110,19.816486477324133,9.765625e-05
00001110100011100100,22.962663701142333,9.765625e-05
10111100001101010000,18.453143379445276,9.765625e-05
00111100000111001011,13.116766883752142,9.765625e-05
00101101011111010100,17.596063078642864,9.765625e-05
01011001000110000100,15.64505601172771,9.765625e-05
10101010010010000010,56.720016657659855,9.765625e-05
00110010100100000111,24.050895973289794,9.765625e-05
10100011101010011111,31.13481750188688,9.765625e-05
11101111001111011110,25.750670630874197,9.765625e-05
00100110001100011000,22.77477658302285,9.765625e-05
00001111000011000111,15.13600030845221,9.765625e-05
11101110111111010100,29.850113763620172,9.765625e-05
00100010110101011100,56.35957975572589,9.765625e-05
10111000110010001000,22.764119747219205,9.765625e-05
00000001000001110111,36.38525525233152,9.765625e-05
10100001100001001001,21.302132834116303,9.765625e-05
01011100111010010111,17.72776649760651,0.0001953125
00100110001000100001,23.586709635715415,9.765625e-05
11111011110100111111,26.26962433875731,9.765625e-05
10101100111100000010,22.580433724396414,9.765625e-05
10011010101100100111,32.13192018127049,9.765625e-05
11011001110001100001,12.457886591889345,9.765625e-05
11011001100111000110,16.847794437550075,9.765625e-05
01001101110000010111,15.455953672025263,9.765625e-05
01111100110100000010,6.737530931309248,9.765625e-05
01010110011111111011,22.846791401822987,9.765625e-05
00111100010101101011,14.423194621325367,9.765625e-05
10110101110001110110,15.310660611433494,9.765625e-05
10110101011101000000,11.183075340218153,9.765625e-05
10010111011101001110,17.624511287415718,9.765625e-05
11110101000101101010,23.506472240433766,9.765625e-05
01011011111010001100,15.597926650370427,9.765625e-05
11111101101101101001,19.488558430507453,9.765625e-05
01010101010001100001,24.45934287907649,9.765625e-05
11111111101111111000,25.253393987943177,9.765625e-05
11010111010000111011,21.540659292459033,9.765625e-05
00001001001101101001,30.01050869805207,9.765625e-05
00011101001111111111,21.99015769660716,9.765625e-05
00000000000110000010,39.0431781086166,9.765625e-05
10110101010101100001,11.443568097101009,9.765625e-05
10111111101101111101,23.816486477324133,9.765625e-05
01000100000011010000,18.178385254013033,9.765625e-05
01111101100101000001,18.50581346983114,9.765625e-05
11100000010000010000,18.89372941824044,9.765625e-05
00100000101100000000,30.761961249227433,9.765625e-05
10101011001001110000,43.188486460384624,9.765625e-05
10110100010110011011,17.302733107102743,9.765625e-05
10101110111000001110,37.4659756587195,9.765625e-05
10101010010010101010,51.32392626868655,9.765625e-05
11011001011000011110,14.983695947520614,9.765625e-05
11111110111001111100,22.11039153749742,9.765625e-05
10100000100010100000,28.065164051861718,9.765625e-05
01101101011001100011,13.476615832471769,9.765625e-05
01111001111000000100,10.13828196698234,9.765625e-05
00010101110110011100,31.748720569187604,9.765625e-05
10000010100010001100,30.51730564644216,0.0001953125
10101110101110111001,32.13512647855659,9.765625e-05
00000101101100011001,34.12982643332808,9.765625e-05
11100101111001011101,11.811774945476605,9.765625e-05
11001000100101011010,26.989657473374297,9.765625e-05
01110011110111011000,13.755709406036525,9.765625e-05
00010101010100110110,24.806215578795182,9.765625e-05
01011011100010001000,22.25654043762583,9.765625e-05
11001111111010101111,17.49009366474086,9.765625e-05
11100101011100000110,14.737530931309248,9.765625e-05
00100010101001001010,34.45947687929535,9.765625e-05
10111111111101001100,24.77635102992575,9.765625e-05
11010100000101000011,12.740331537852278,9.765625e-05
00111010100110000000,24.13917444537062,9.765625e-05
01001010110011010100,29.068623429007385,9.765625e-05
10100110110011110010,32.66588433276076,9.765625e-05
10101001111000111010,26.741288679162725,9.765625e-05
11101001111110110011,22.428918271368538,9.765625e-05
11000010010010101001,21.62492592977467,9.765625e-05
10111110000101101011,33.33647184973121,9.765625e-05
01100111100110010110,16.490750584697246,9.765625e-05
01001010111011001100,28.74398966526617,9.765625e-05
11101000000000111100,27.808743428297664,9.765625e-05
11101010011010011100,40.26281634894484,9.765625e-05
11110011110101101101,14.644408815226651,9.765625e-05
10011101001110010101,16.614306478083556,9.765625e-05
01000101000111000111,24.689431211033753,9.765625e-05
11101000100010110100,22.512696532183966,9.765625e-05
10100000001000001001,31.43240751733352,9.765625e-05
11010110110100011000,7.288173721374271,9.765625e-05
11010111111011001110,23.870602601961835,9.765625e-05
01100000010001001000,23.03913439695462,9.765625e-05
01100101010001010101,11.163957463587968,9.765625e-05
01000100001000100000,24.497950617582717,9.765625e-05
00010100010010000100,21.656592831893118,9.765625e-05
00001010011010000111,42.0999264867874,9.765625e-05
01001010110010000111,27.34136684067069,9.765625e-05
00011111010100010101,15.498891183968993,9.765625e-05
01000111010100010001,12.311713634472667,9.765625e-05
11111100010100000000,17.252194089264158,9.765625e-05
00101000110001100111,46.920142719622184,9.765625e-05
00110011100110001001,15.688932886705333,9.765625e-05
01101000001100000000,19.252440927530373,9.765625e-05
01000011000010000000,13.046708477404975,9.765625e-05
00010101111110001100,38.183980949087,9.765625e-05
10110011000100100100,25.329910698184946,9.765625e-05
10100101000011010000,18.182795618003,9.765625e-05
10111110001111101011,24.97291867204099,9.765625e-05
11001101100111011000,12.886173338988883,9.765625e-05
10001100001011100110,22.43868614951488,9.765625e-05
11111110110111011101,23.910848813839078,9.765625e-05
10000001001110001100,28.501046873971205,9.765625e-05
11101111111110110111,21.804903555602024,9.765625e-05
00000000100010100000,41.689544685535154,9.765625e-05
11010011011000010110,16.241141259594222,9.765625e-05
11000010001111001011,32.73326809025299,9.765625e-05
01101000011001000010,20.695479656160455,9.765625e-05
01010100010110010101,15.008421191703011,9.765625e-05
01100100110110000000,16.482737793759842,9.765625e-05
10000000001000100010,32.10160714874985,9.765625e-05
11011011001011111111,21.556763685585068,9.765625e-05
00111000110000101101,26.725780929075643,9.765625e-05
01110011011100000100,10.552175401403105,9.765625e-05
10000001101001000110,27.27459376578311,9.765625e-05
01011110100110110001,13.393547656720688,9.765625e-05
01111100011110110010,6.308822664213015,9.765625e-05
00001011111100010010,31.11915711433774,9.765625e-05
00111100110100100001,9.474104634180843,9.765625e-05
00001011100001010000,23.471294341600853,9.765625e-05
11101010011010100000,35.11858181856452,9.765625e-05
01111100010101010000,8.871148720020987,9.765625e-05
11100000111101000001,28.311907160996054,9.765625e-05
00101001001100000111,24.487241525756232,9.765625e-05
00111001100001100000,15.702954127011036,9.765625e-05
11111100110110110110,8.945398975781695,9.765625e-05
01101111100001000000,25.324347887059915,9.765625e-05
00010010110010000000,20.033101879458226,9.765625e-05
00001101100101000001,13.871385872250247,9.765625e-05
01011011110001000101,15.74573352089898,9.765625e-05
10100110011010111010,32.29113777848132,9.765625e-05
11011001110011101101,14.590181321383723,9.765625e-05
00011010011010011010,25.117181526111093,9.765625e-05
00010101100101111101,30.16830307752857,9.765625e-05
10000110100100001100,21.473809707916633,9.765625e-05
01000000110010110000,35.84790093603706,9.765625e-05
10000010101000000000,28.60551936847363,9.765625e-05
11000101110100100101,14.580433724396414,9.765625e-05
11001000110010000110,20.400091530649394,9.765625e-05
10100010101111111001,51.92802932994925,9.765625e-05
00111001111010100010,14.865983714539485,9.765625e-05
11111000111100100010,9.569448354798382,9.765625e-05
01101011111111001001,26.049919372778234,9.765625e-05
00110010000001000100,25.163569169317338,9.765625e-05
01000100110001000011,25.80238683929899,9.765625e-05
10000100100101011001,24.38287554058061,9.765625e-05
11000101111100000111,21.269984651524915,9.765625e-05
11010111000011110100,22.352840652259943,9.765625e-05
01001000111010011010,32.24261871979269,9.765625e-05
10001101000011100110,15.160867448792828,9.765625e-05
01100111011110000100,15.210624094588297,9.765625e-05
01101101110001000010,12.66196313434327,9.765625e-05
00011100100001101010,22.20320189060038,9.765625e-05
00010011100010000001,17.91362350160777,9.765625e-05
11110010010000101000,18.110739454205536,9.765625e-05
11101110100110011101,30.26307912568117,9.765625e-05
00111011101010000000,18.040724782327636,9.765625e-05
10001100000111000010,20.42834714362017,9.765625e-05
01000100100001010111,26.227933376376125,9.765625e-05
01000000000100001001,28.09688872801511,9.765625e-05
01111001111001010010,11.310660611433498,9.765625e-05
00110101000111101100,21.91362350160777,9.765625e-05
00001000010101000001,45.664336517373634,9.765625e-05
11011000011100011000,13.698948719343074,9.765625e-05
10001000110110110111,54.88837181695686,9.765625e-05
11010100000001110101,12.49728840253648,9.765625e-05
10011101101000101000,23.64542537407823,9.765625e-05
01110110110000111101,15.33265624071557,9.765625e-05
00110001110101111101,28.512968369299585,9.765625e-05
01110011111100010110,12.112109681495955,9.765625e-05
00010100001101000001,17.556523725366247,9.765625e-05
01000000111000010101,37.734406253263934,9.765625e-05
11011110111011101010,16.222903378165633,9.765625e-05
11101001001000010011,23.9843664777287,9.765625e-05
10011110000100010011,25.989091140056786,9.765625e-05
10011010011011100101,35.414848001503714,9.765625e-05
11011101110001000110,16.963621664001053,9.765625e-05
00100101010010101010,27.233434969022603,9.765625e-05
10011001111101000101,20.370851224927467,9.765625e-05
00001011110110000010,25.11718152611109,9.765625e-05
10000110111000000000,22.696138426763085,9.765625e-05
10000110110100101000,22.76387561897553,9.765625e-05
00101001110000001011,26.97574281868278,9.765625e-05
00111100011111000000,9.64087311393005,9.765625e-05
00001011101001011000,24.914991840833565,9.765625e-05
00000000101001000100,45.565324689037986,9.765625e-05
01100100000000000000,12.677929690572562,9.765625e-05
01110010010010001110,15.34964386634675,9.765625e-05
10101011011110101000,39.2508765480589,9.765625e-05
10011000100001001100,25.12403252606326,9.765625e-05
01100101000101010101,12.057997735722923,9.765625e-05
01010100011010110011,30.841312712821228,9.765625e-05
00110100101111001001,20.881801191456084,9.765625e-05
01010001011100010000,18.91063654085601,9.765625e-05
10001100100101000001,19.713033066191954,9.765625e-05
10111010001101001001,45.7076469232387,9.765625e-05
11000110001101001010,18.740341223889235,9.765625e-05
00011110011000001000,15.343709070385506,9.765625e-05
01000001001110010000,27.39789743868615,9.765625e-05
11110001011101111000,13.67348402687838,9.765625e-05
10101111101000001000,30.445673174586574,9.765625e-05
00100010001000001001,32.782328483409735,9.765625e-05
10010110001100101001,15.586709635715419,9.765625e-05
11001100011010011001,13.06960899197465,9.765625e-05
01111011010110000111,20.349788853921968,9.765625e-05
00100110001100101110,29.158583716694206,9.765625e-05
01111001010110101101,17.624511287415714,9.765625e-05
01001101010011010110,10.731549946254448,9.765625e-05
01001011010010101011,19.35647587602912,9.765625e-05
10011100100110100010,13.186900548143536,9.765625e-05
00000011000011000100,17.337265354973763,9.765625e-05
01011111001011011100,21.506472240433762,9.765625e-05
01101011110010000001,23.487238815733686,9.765625e-05
00000100010110010010,33.188044043662714,9.765625e-05
01101111111001111010,17.230450816260397,9.765625e-05
00011000010010000001,18.60761311641604,9.765625e-05
10001001110000100100,20.846579656120927,9.765625e-05
00000111000001000010,14.66196313434327,9.765625e-05
10100001000110100010,25.67348402687838,9.765625e-05
01011001101111010000,22.98271934700906,9.765625e-05
01010000100100000001,20.57570906206833,9.765625e-05
10011010111000101011,27.343897411035528,9.765625e-05
00010001000110000000,20.09246596796565,9.765625e-05
10000000000000010100,31.488559066961493,9.765625e-05
01010110100100010101,13.677328694004874,9.765625e-05
01100111011100011100,14.638094687450483,9.765625e-05
00001110000110110001,21.449998311477543,9.765625e-05
01000010101011100100,33.33669715522781,9.765625e-05
00110101101001001010,24.86786601104709,9.765625e-05
00100010100010010100,35.766213495161615,9.765625e-05
00011100100010101111,27.124752809411707,9.765625e-05
00010001110000000110,25.321311929225036,9.765625e-05
00100000111001011000,46.36837029893961,9.765625e-05
00011010011001100010,26.250087993930094,9.765625e-05
10111010111010100000,29.480682447778474,9.765625e-05
00100000111111000110,55.97174274352304,9.765625e-05
10110100110110011001,14.14911120496588,9.765625e-05
11000111010111100010,16.202844287855307,9.765625e-05
00001010011110110010,45.27408959250527,9.765625e-05
00000110101101000100,28.09843373541268,9.765625e-05
10111000010101011011,41.50159311163356,9.765625e-05
11111110010100100010,31.949311190107302,9.765625e-05
10110011100001001010,19.076643930380264,9.765625e-05
11111100011111111000,11.157096483331584,9.765625e-05
10001100010110100100,24.39354213870859,9.765625e-05
10011001010010001101,19.45954162934471,9.765625e-05
01011111100001001101,25.458142343943436,9.765625e-05
01101010110010101010,26.28174622786009,0.0001953125
11001101010101101100,10.14230527788208,9.765625e-05
00101100111001000011,20.506339943185303,9.765625e-05
11101111000111111110,27.773610270986154,9.765625e-05
10100011111010101011,30.32582025930859,9.765625e-05
00000011110000001101,26.033101879458226,9.765625e-05
11010111101100000000,26.712863461161803,9.765625e-05
00000100010110000010,30.712975292157008,9.765625e-05
00000101100100010000,21.826572098252196,9.765625e-05
01111110101101001101,18.820251924773267,9.765625e-05
01011111110101011111,14.857513063963378,9.765625e-05
00100010101100001000,32.9152456551142,9.765625e-05
01010011010100000101,10.230689426491978,9.765625e-05
01001010111100000000,25.653191228782397,9.765625e-05
01100111011111010010,14.804730233497178,9.765625e-05
01010101100111000100,32.09341695480995,9.765625e-05
01010000110000010100,19.227644691705265,9.765625e-05
10101010101011010010,49.15074342590373,9.765625e-05
10101011011001100001,46.950627087806375,9.765625e-05
11010011011110101001,15.310660611433503,9.765625e-05
10100101100000000001,15.917873125056264,9.765625e-05
10101011001101111000,44.667641493538206,9.765625e-05
10100001110001101110,26.185425612463735,9.765625e-05
00100001101100100100,27.07555186933567,9.765625e-05
11110001010100000100,9.468484783441934,9.765625e-05
00010010100110101001,28.619783093516823,9.765625e-05
10110111101111011111,18.107149031421983,9.765625e-05
11001010010111000001,40.681061551772345,9.765625e-05
11100101000000010000,18.16120120633206,9.765625e-05
01111100001111000110,10.887028444104464,9.765625e-05
01101100100101111000,17.06960899197465,9.765625e-05
10101010101110100010,42.9516589594704,9.765625e-05
01111111111111110001,14.243866706469696,9.765625e-05
00011001011010101011,24.757155920059503,9.765625e-05
00100110111000000110,26.536400619427624,9.765625e-05
10001111001100000100,24.643179015252322,9.765625e-05
11110001111001001000,10.569330096705947,9.765625e-05
00100010000011110110,45.774660594799144,9.765625e-05
11011011011001010110,22.213151220509534,9.765625e-05
10001100001001010110,23.911252741472747,9.765625e-05
10010110001001011001,17.96265401510538,9.765625e-05
00000000100010101010,51.971657467756216,9.765625e-05
00010000110100110000,34.80214344547638,9.765625e-05
10000000000011000000,30.501046873971205,9.765625e-05
00100111011100110111,25.805845492863405,9.765625e-05
11010000100010101000,20.228287534677595,9.765625e-05
01111001110110011100,16.002395650221036,9.765625e-05
10111101111101101010,11.736207148510633,9.765625e-05
00110010000010001011,21.49449041847913,9.765625e-05
00001110000010111010,20.5963383385659,9.765625e-05
00101001110010000000,21.138223458526326,9.765625e-05
11100101100000010100,12.864547795638583,9.765625e-05
10010111010011111000,15.710521231446975,9.765625e-05
00100110100000010000,19.548683140308498,9.765625e-05
00111100101001000100,13.338630984177023,9.765625e-05
10101011011000100010,39.44438676506066,9.765625e-05
01011110001110110000,13.007209218263423,9.765625e-05
01110111001110011100,21.92494190516379,9.765625e-05
01101111111010111100,17.390959312320902,9.765625e-05
01101000101100010100,22.763875618975533,9.765625e-05
10110101010110011111,19.058421242160914,0.0001953125
10001100101000110100,20.40414120047728,9.765625e-05
10011000011100100010,21.238258957523016,9.765625e-05
11110100010100010001,6.077176830831657,9.765625e-05
11001000010110101010,23.223578076398567,9.765625e-05
01110011011001011001,15.014857843563481,9.765625e-05
01011110011110010011,9.122570477053909,9.765625e-05
10001001001110111110,30.03134834862827,9.765625e-05
10000010100101001111,47.95465279826956,9.765625e-05
01001001100000001000,20.136129710583916,9.765625e-05
01010011000101000100,12.720209166334726,9.765625e-05
00000011111000101100,30.87891530914622,9.765625e-05
10000000000000000100,27.090619058289455,9.765625e-05
11011100011010110011,9.660725460109223,9.765625e-05
10111011011000100010,31.949853689058784,9.765625e-05
00010001000010010000,23.35965625454088,9.765625e-05
11011001111000010011,16.279372757702532,9.765625e-05
11110001001101101100,15.143841333663767,9.765625e-05
00111011101111010111,22.54240243530696,9.765625e-05
01101001000000101001,24.24807594151586,9.765625e-05
00010010010001000001,22.505234369856026,9.765625e-05
10110101011101001011,13.192324994681156,9.765625e-05
01011100110101101001,15.226320908906654,9.765625e-05
10011011100010101111,22.319088779150928,9.765625e-05
01000101010100111000,23.315131165213693,9.765625e-05
11110001110001001100,8.112084507982498,9.765625e-05
11001010111010001010,23.06796465840475,9.765625e-05
11001111011110011110,16.03979524112574,9.765625e-05
11111011101111011000,26.04634192304401,9.765625e-05
00000000000010101010,44.08426246929079,9.765625e-05
11101010011011101011,40.459573055291344,9.765625e-05
10010010101010110011,32.44234457119603,9.765625e-05
00100110100000010100,23.095587848861214,9.765625e-05
01011011111110010100,13.88518153442827,9.765625e-05
01110110010111011100,13.655824765653758,9.765625e-05
11011011000001101000,25.280346648191546,9.765625e-05
01100001000000011101,19.187809688583194,9.765625e-05
00000011010001010000,22.37875467196995,9.765625e-05
00101100011011000000,19.624925929774673,9.765625e-05
11111111101101110101,26.069303008798386,9.765625e-05
00101100101011000110,20.22876183913612,9.765625e-05
01100000010010101110,30.162232158071145,9.765625e-05
11000011000010101110,15.803337826143288,9.765625e-05
00110010001001011000,24.798275667565107,9.765625e-05
00000001110110100100,41.962946867801094,9.765625e-05
00100110011001001100,29.00651379796933,9.765625e-05
01000101011101100101,24.271176235042084,9.765625e-05
11111011001101000101,37.74965915997242,9.765625e-05
10111110100010111000,27.78897031263565,9.765625e-05
10001110110000001111,33.13547093998128,9.765625e-05
10110000101001010001,22.228761839136116,9.765625e-05
11111110110110000011,22.72306410246911,9.765625e-05
01101000101010010111,24.007386817156508,9.765625e-05
10110001110010111000,19.577802810010738,9.765625e-05
00011111100101010111,15.703881475789554,9.765625e-05
01101101010100101111,18.84415494778903,9.765625e-05
00011011011010000000,13.155189089597902,9.765625e-05
10011000000101101110,28.02524463234911,9.765625e-05
11100100100001100000,11.767341237714543,9.765625e-05
00110010110000101010,22.56740875094344,9.765625e-05
00111010100110001000,24.765966656895394,9.765625e-05
11011111111010011001,20.69429088063285,9.765625e-05
00101001001000101001,24.740341223889235,9.765625e-05
00110100000100010001,8.724994312720298,9.765625e-05
11110100111100010100,5.39227685352617,9.765625e-05
10000011011100100000,25.954199939453435,9.765625e-05
01010100010111010000,15.008421191703011,9.765625e-05
10101011100110111000,37.610536247043385,9.765625e-05
10101011111010000000,33.693620350424766,9.765625e-05
01111011111011111110,16.707456215501235,9.765625e-05
00000100010000110010,30.393529655521892,9.765625e-05
00111101111011000111,11.64343221471509,9.765625e-05
11000100111111011100,26.703297777727286,9.765625e-05
00001111011111100010,15.18653046221176,9.765625e-05
00010000100011001111,46.20211060139522,9.765625e-05
00100010011110011001,50.65429662744762,9.765625e-05
01111010000010110000,24.363481549593466,9.765625e-05
00110100010100000011,9.220051239181,9.765625e-05
10100100101101000011,22.08551806843625,9.765625e-05
11010011000101110110,18.45087214137317,9.765625e-05
10011111001010000100,27.88064414623385,9.765625e-05
00100100010001000000,19.43240751733352,9.765625e-05
10101011101010101101,33.045390936199716,9.765625e-05
11001111000111011101,17.4023558906741,9.765625e-05
10111010000110010001,49.65733882687585,9.765625e-05
10110101100110110101,17.51483836812437,9.765625e-05
00000010001000110010,38.18343492940452,9.765625e-05
10100111000110000000,26.121984156096303,9.765625e-05
11010101001001101100,29.218013289672065,9.765625e-05
01010100011001000001,17.489747206035055,9.765625e-05
01010110010110110011,15.453662974752046,9.765625e-05
10101011111010011000,35.91779942339102,9.765625e-05
11011000011100100110,12.99586490677289,9.765625e-05
10010110001111000000,17.15141812413666,9.765625e-05
10000000000000010010,30.76387561897553,9.765625e-05
01000110010100010100,14.191278751765811,9.765625e-05
00000111111000100000,23.545959974141585,9.765625e-05
00011101111110001111,25.085450608364347,9.765625e-05
10010010100010000001,19.82115753364212,9.765625e-05
01111111000100001111,31.70502046034879,9.765625e-05
01000010000101000000,22.231104068850932,9.765625e-05
10010010101001101100,28.130302195788914,9.765625e-05
01010010000110100010,20.29374651280352,9.765625e-05
00000010001000100011,38.07429554660896,9.765625e-05
10000011110001100100,23.28489372242292,9.765625e-05
11010110100101111000,12.055203370773237,9.765625e-05
10110000000000001101,21.942541329624785,9.765625e-05
01110000001000010001,12.649722165599778,9.765625e-05
11101011111111001111,30.953569699271014,9.765625e-05
11101111011111111000,24.543463343445673,9.765625e-05
00001011001110100010,21.48257735832545,9.765625e-05
10001101100100110010,15.290661721753219,9.765625e-05
01000101100100111110,35.35495024070546,9.765625e-05
11011001100101111100,15.36366437223139,0.0001953125
00111101011101001000,11.183075340218153,9.765625e-05
00010100001100000010,22.00972904687132,9.765625e-05
10011000101100110000,22.04793463704511,9.765625e-05
00000011111010110100,35.35490589141834,9.765625e-05
00101000101000100000,26.144560588323884,9.765625e-05
01111100001110010010,8.733370213575059,9.765625e-05
00000000111011001010,63.8526886940685,9.765625e-05
11011100110101100101,7.351972144032734,9.765625e-05
00010001111000000011,31.73834691088254,9.765625e-05
10000000000000000001,27.049216867706342,9.765625e-05
11111111111110100100,24.17722312084102,9.765625e-05
10010000000100000101,21.00209374794241,9.765625e-05
10101111101010101010,24.999928371903252,9.765625e-05
11101010101100001110,35.4659756587195,9.765625e-05
00001011110010110000,24.74128867916272,9.765625e-05
01010000000000000111,20.78232848340973,9.765625e-05
10100110101110100011,28.803214578477736,9.765625e-05
01100101011011110100,18.618944944719875,9.765625e-05
11000100000100101000,12.657215274103208,9.765625e-05
01010100001101000001,18.62337123634014,9.765625e-05
01111111111111101111,15.540610589643178,9.765625e-05
10111110101101101111,25.986074935690283,9.765625e-05
01010001011101000100,17.766213495161615,9.765625e-05
01101101101101010010,10.968001119643557,9.765625e-05
01101100010010110111,15.925327402284674,9.765625e-05
11111110110000000000,31.772163534040928,9.765625e-05
10011000100100101001,20.427640285019542,9.765625e-05
11000110011101101000,17.17090183154656,9.765625e-05
10100000001000100000,27.164632161820904,9.765625e-05
11011000000000100100,13.137606240061075,9.765625e-05
10010010110001001001,23.706537818338614,9.765625e-05
11010011111100001101,12.276446917052652,9.765625e-05
01000011001000011100,15.38946656094618,9.765625e-05
00100010110101001011,51.24931189595634,9.765625e-05
10001100110100101001,22.746614338058496,9.765625e-05
10111011011110011111,36.30210377600544,9.765625e-05
00111101010001111011,15.703881475789553,9.765625e-05
00011100101011110001,21.519891487959466,9.765625e-05
00110111111111100001,14.282863375290944,9.765625e-05
00111101100111101000,17.531139710581215,9.765625e-05
11100101010100111101,15.523690864237704,9.765625e-05
11101001101001100010,15.160867448792828,9.765625e-05
11111100010101110101,15.593216457670337,9.765625e-05
11111011110010110110,23.72401779933594,9.765625e-05
01110001111011100101,22.668174120948855,9.765625e-05
10101010110111110100,71.73284187379245,9.765625e-05
01111111000010011101,32.06749669350659,9.765625e-05
10111111101111100011,20.76593614078223,9.765625e-05
10000010110110011001,47.803328787400204,9.765625e-05
10111000101100101001,21.229796213682622,9.765625e-05
01110011011101100011,17.243693384364853,9.765625e-05
01111101100001111011,24.83757649773736,9.765625e-05
11101111101111111101,20.809619255474402,9.765625e-05
00101010101010001111,39.736328752670005,9.765625e-05
01101000001001001010,21.8033537537736,9.765625e-05
00100000111000000000,31.27340218226594,9.765625e-05
10000010001010100000,30.735019009437075,9.765625e-05
00101010001000001000,36.72754880457836,9.765625e-05
10101110101011111011,31.306882680797663,9.765625e-05
01101111000011011000,23.963338497342285,9.765625e-05
11110110101100011011,14.707330872631005,9.765625e-05
01000010010111011001,35.81831529867432,9.765625e-05
11001100010010111010,11.550590534042183,9.765625e-05
10100000100000010010,29.06893501732296,9.765625e-05
01011100010011011000,12.649722165599776,9.765625e-05
10000010000000111010,34.580433724396414,9.765625e-05
10010111110101000001,10.463633429004686,0.0001953125
00111000001110000100,19.606717193584146,9.765625e-05
01111100100111011111,13.966841510990204,9.765625e-05
01111110011100110010,14.850757651472659,9.765625e-05
01000010000001110001,27.184986178395437,0.0001953125
10100000000010001001,33.87761442999233,9.765625e-05
11101111101110010000,26.655030231722876,9.765625e-05
11100010111011001001,29.832273469855227,9.765625e-05
11110101000001010110,21.74982696406515,9.765625e-05
11100100110001001101,14.830896266550397,9.765625e-05
01010001010001011111,23.736328752669998,9.765625e-05
10001101000010000010,18.140201843902716,9.765625e-05
10101011010010100001,46.333671243188164,9.765625e-05
01001010011010000100,20.51269653218397,9.765625e-05
00111001001100001010,15.394772847768042,9.765625e-05
00110010010010001110,24.599521339563346,9.765625e-05
10000101000001000101,14.00118813907356,9.765625e-05
11000100100100011000,11.540523990920763,9.765625e-05
00111000111000010010,18.35868934006628,9.765625e-05
00000000100000100011,44.6729324891838,9.765625e-05
10000100010000000011,22.611789038199284,9.765625e-05
11100101000111011000,16.486926209569607,9.765625e-05
11110101110100000110,13.638127571399423,9.765625e-05
11011000110000001000,10.383190649627178,0.0001953125
01010000010100001100,18.121627189805274,9.765625e-05
10001010100100000000,40.2066834369697,9.765625e-05
01000011000000000001,15.268141273419532,9.765625e-05
10101000010101101001,57.689781837764414,9.765625e-05
00010101010111010100,19.341366840670688,9.765625e-05
00110110100110001000,13.84956661687269,9.765625e-05
10000011100111101000,22.130328103723436,9.765625e-05
01010101011110000010,34.68106155177235,9.765625e-05
11001010100111101110,30.05416899622673,9.765625e-05
01011100010110110000,8.049543660070974,9.765625e-05
11100101000111111110,17.986084621727233,9.765625e-05
11111110101111010111,22.08360306223411,9.765625e-05
10010111110101000000,11.183075340218153,9.765625e-05
10100000100001001001,33.320351256343784,9.765625e-05
01000101010100110100,18.063339322248993,9.765625e-05
10001011010000101101,33.483450893953815,9.765625e-05
11011100101100010000,10.02788178832813,9.765625e-05
00000011101001111001,34.959766489289336,9.765625e-05
11111100010110001001,15.461614117148596,9.765625e-05
11100100101001110000,11.91125274147275,9.765625e-05
10001001110010100010,22.25272337060788,9.765625e-05
01110110111000000001,11.996832839096005,9.765625e-05
01100111010010110110,18.604740881776245,9.765625e-05
00010001000110000010,24.373682827354813,9.765625e-05
01101101011101101110,14.310728071505402,9.765625e-05
01100000011010110000,26.355223721327263,9.765625e-05
10011111110001000101,21.360439437292438,9.765625e-05
01010001000101101101,26.130874134245737,9.765625e-05
00001110001011110000,19.486364251416997,9.765625e-05
01011010001011001010,19.801076274108144,9.765625e-05
01101001111100111110,22.02662368630019,9.765625e-05
11110001101100010000,12.762327167134355,9.765625e-05
00011110001001001010,18.241141259594222,9.765625e-05
00011001010101110100,20.887184624386794,9.765625e-05
00100010100011001011,38.92362064688384,9.765625e-05
00111110101011000010,16.1008100135598,9.765625e-05
11001101000001111000,12.730945210975896,9.765625e-05
11111001111101100001,13.367909642151155,9.765625e-05
10001000110000000000,30.692679049617418,9.765625e-05
00110010100100100011,23.13312871026647,9.765625e-05
01100010001110110000,27.07735620902597,9.765625e-05
00010111111010011111,29.741637749514396,9.765625e-05
00101001011001000111,26.74542464260595,9.765625e-05
11110110111011000000,15.867866011047095,9.765625e-05
10001100000011111011,22.76009768833969,9.765625e-05
00011010011100100000,23.099974280518136,9.765625e-05
11001100100001110010,10.369072695248116,9.765625e-05
00000110010000010001,22.283494349894436,0.0001953125
11000101101111001101,24.453971842205263,9.765625e-05
00111010101010110110,27.465534581145015,9.765625e-05
01101101110111000000,13.332656240715574,9.765625e-05
10010111010001111100,16.163010008314476,9.765625e-05
11010000101011001000,25.052271288530008,9.765625e-05
01001111100000101100,21.255004381844138,9.765625e-05
01001010110010011111,31.384307797058028,9.765625e-05
01000000000110000001,28.279671851991594,9.765625e-05
10110000000100010011,23.83941780227424,9.765625e-05
10110100101000100100,16.741642837464195,9.765625e-05
11000101111000011101,18.449684002299605,9.765625e-05
00101001011100101110,29.008421191703015,9.765625e-05
00000011110000011101,30.22787560234118,9.765625e-05
10001110100111101000,22.428347143620165,9.765625e-05
10101010101110001000,44.400088820626856,9.765625e-05
01011110011010111100,13.896840878677986,9.765625e-05
11010011110100101100,9.33863098417702,9.765625e-05
01010101100111100111,40.89201065942405,9.765625e-05
00111000001001010010,20.487241525756232,9.765625e-05
00000010000100000101,37.674801568083645,9.765625e-05
11101011111110111101,30.155166185953192,9.765625e-05
10110000000100000001,18.80053721960026,9.765625e-05
11010011100100001101,13.29472040329254,9.765625e-05
10110111111001111010,19.202776827783396,9.765625e-05
11111111100110011110,31.106572582005207,9.765625e-05
00011000100110100011,26.773517746573837,9.765625e-05
11111011100110111111,26.437648417651978,9.765625e-05
01010001011001010001,20.770305294821586,9.765625e-05
01111100001100011011,10.234237709351948,9.765625e-05
11101000101000111110,20.82563806772653,9.765625e-05
01001100011001010000,10.507036821481709,9.765625e-05
01010001110001110110,28.67251784682484,9.765625e-05
00100011011010000110,23.493934701919873,9.765625e-05
11001101001111110110,11.660725460109223,9.765625e-05
10000011000000101100,18.54501251886809,9.765625e-05
00000000000011000000,34.54680436453188,9.765625e-05
01010101010000000110,27.39517853851111,9.765625e-05
10100001110100010000,25.767328754527846,9.765625e-05
00001010000011010000,35.934161249905344,9.765625e-05
11011101010010111001,18.283213980385426,9.765625e-05
00111001111010101101,21.474521899025486,9.765625e-05
00001110001110110011,22.87737229902976,9.765625e-05
11111100111000110001,7.354667074046702,9.765625e-05
00111101101101010001,9.06861926098253,9.765625e-05
11111101101101001001,20.50581346983114,9.765625e-05
11010111000111101000,21.506472240433766,9.765625e-05
11110001010010001111,15.815976393390258,9.765625e-05
00001010111010110110,46.89052958052757,9.765625e-05
01110010111101001101,20.750033756864138,9.765625e-05
10111000111000001010,19.606717193584146,9.765625e-05
11111011111010001001,23.823059507330726,9.765625e-05
01010001011010000110,27.6170250677995,9.765625e-05
11011110111110101100,12.916906210581663,9.765625e-05
11001010011010101011,26.724023953802085,9.765625e-05
00101001100010000001,22.48628782888939,9.765625e-05
10110111101111110111,19.9404579920489,9.765625e-05
00010100100100000001,17.422077473894515,9.765625e-05
11001000000100100001,21.628021168314653,9.765625e-05
01100101000011100010,24.597916229912403,9.765625e-05
10000010100100101000,31.094078435435122,0.0001953125
10011001001001100010,17.503178740447208,9.765625e-05
01110111001101011010,21.16738404391191,9.765625e-05
01000011000010011000,14.749681242068858,9.765625e-05
00011010001010011110,27.295609350110016,9.765625e-05
11110100000110010111,13.498486227646993,9.765625e-05
10101001100100010000,30.280690298907796,9.765625e-05
10011000000100101110,23.93599120326291,9.765625e-05
00001100011001001001,24.28748652911482,9.765625e-05
01010101110001010000,24.201659680352552,9.765625e-05
11111111010011001100,36.85864654135031,9.765625e-05
00110101110111001001,16.70141371770063,9.765625e-05
01101011111001110111,24.675924233526594,9.765625e-05
01101101111101000101,11.67348402687838,9.765625e-05
11001111010110000100,19.75862095172247,9.765625e-05
10100101100100000001,14.832874651926787,9.765625e-05
01010101000101000000,23.93076317836544,0.0001953125
10111000011000100010,20.689536778799432,9.765625e-05
10100011000011011000,30.314432311315805,9.765625e-05
11010001101101111100,22.95542440691954,9.765625e-05
00101011100110001100,28.765966656895397,9.765625e-05
01111101000110000110,22.637221962530575,9.765625e-05
10010111000000011000,21.3826606447022,9.765625e-05
01010100010101011101,16.202478369948384,0.00029296875
01101111010100100110,24.280403687805425,9.765625e-05
01010001010101101100,21.766213495161615,9.765625e-05
11011101011101110101,8.731708934526353,9.765625e-05
11000010001110000100,23.57570906206833,9.765625e-05
00100010001001100110,40.459592427365244,9.765625e-05
00100010111100101100,48.065164051861714,9.765625e-05
11000001010101001001,18.489676214392347,9.765625e-05
11101111110011110110,22.327031487530746,9.765625e-05
11001111010101010100,21.009445880212564,9.765625e-05
01000000000101110111,41.68982712861267,9.765625e-05
01000000110000010001,29.384138104900668,9.765625e-05
00010101000111010100,20.408214351644588,9.765625e-05
00010000101100010001,34.90685309220807,9.765625e-05
11000111010011100110,15.599830599660502,9.765625e-05
10100000100010101011,36.12082996748803,9.765625e-05
11111011010111101000,29.979565403712826,9.765625e-05
10001010000010101001,36.58389934313543,9.765625e-05
00110011110100001001,14.364798181713606,9.765625e-05
10010110100101110111,22.846878321096003,9.765625e-05
11111110011011111110,23.480663075704562,9.765625e-05
10010010100110011001,24.447040604727235,9.765625e-05
00100000010000000000,28.383190649627178,9.765625e-05
10011001000110101001,18.165820300894467,9.765625e-05
10000111100001011001,14.057997735722921,9.765625e-05
01001011011110010101,20.442431490469048,9.765625e-05
01111110101000010110,19.852936539386853,9.765625e-05
00001110011110000010,21.93912306446269,9.765625e-05
11001110110011111010,15.925327402284672,9.765625e-05
11101000010010100001,28.58389934313543,9.765625e-05
01011100010101000000,7.2683881116857485,9.765625e-05
11000011010011001100,11.159798203856093,9.765625e-05
11000010000010011101,22.739381285429044,9.765625e-05
00110010100101000100,24.853373176305407,9.765625e-05
10111011101101101010,25.49847654161004,9.765625e-05
10101000010000011010,46.68178507242434,9.765625e-05
00011110100010001001,15.996832839096001,9.765625e-05
11010011110100011001,11.16395746358797,9.765625e-05
01100111011110110101,18.409768321497868,9.765625e-05
11010100111111110111,25.503488022180548,9.765625e-05
11011111000111110001,21.8526588907402,9.765625e-05
00101100010111101011,30.37365368211675,9.765625e-05
10110010000100001101,33.23922138267385,9.765625e-05
00010100000111000000,17.84911124433427,9.765625e-05
11110111010000111000,27.37483628154203,9.765625e-05
00000100000101110000,26.25996339925175,9.765625e-05
10101011011110101011,42.101821484461595,9.765625e-05
00001010001000000010,29.44968400229961,9.765625e-05
11111011111001110001,26.44609522302224,9.765625e-05
11110100000101111011,12.250516148164074,9.765625e-05
01101001000011101000,21.39477284776804,9.765625e-05
10000110100101111000,22.707126517223475,9.765625e-05
11010011011001011111,17.038635632472392,9.765625e-05
00011101111001001011,21.729863777119725,9.765625e-05
10001111000001100100,23.24489182429323,9.765625e-05
11100001001100100100,15.346519362965495,9.765625e-05
11110000010000000000,8.118563817365718,9.765625e-05
01100001101010010001,24.54329273136337,9.765625e-05
10010111111101000010,17.310660611433498,9.765625e-05
00100011011000010010,25.007457808799217,9.765625e-05
10010010000110101101,25.57780281001074,9.765625e-05
10110101110000010010,15.445261242250144,9.765625e-05
10010101010111001011,18.283839975802504,9.765625e-05
01100111010100011000,16.359334696760907,9.765625e-05
11010110110101001101,9.919591269054802,9.765625e-05
10010010110001001010,25.030840327423075,9.765625e-05
11100111101011111101,17.98607493569028,9.765625e-05
00100111101001000001,15.04539093619971,9.765625e-05
11101100100011110000,14.327060545641604,9.765625e-05
00100000110011000100,43.4469046558951,9.765625e-05
11000111010101011100,9.470392177175611,9.765625e-05
11100001000010100010,19.204094368988667,9.765625e-05
00100010100011000100,35.95648004160457,9.765625e-05
01100010011010100110,26.74927304844331,9.765625e-05
01011110010110111011,11.122570477053909,9.765625e-05
00101100001010100010,16.096518642083343,9.765625e-05
00111100111110000001,8.374636524221657,9.765625e-05
10111001101111111110,22.648259931086553,9.765625e-05
01111001011100111011,16.515785823397866,9.765625e-05
01111111000001110101,30.971213745650203,9.765625e-05
01111110101111001001,16.183614394726035,9.765625e-05
00111001000110000010,14.820251924773274,9.765625e-05
00000011101101100000,28.449302156762386,9.765625e-05
10111010100011000111,42.3179735197847,9.765625e-05
11111011111110111110,18.857513063963378,9.765625e-05
00000110101100010010,28.23853243814482,9.765625e-05
00011001001001000100,15.708828526451647,9.765625e-05
01101101111011000111,13.002305286504415,9.765625e-05
11000000000000100001,16.967995601631454,9.765625e-05
00100010000110001000,33.83491136025532,9.765625e-05
00000100101111100001,44.88364715462878,9.765625e-05
10101010000110101000,52.419322245326924,9.765625e-05
00100010110011000001,42.32172845964861,9.765625e-05
01001011011010001000,13.757596263212921,9.765625e-05
10111101111001101111,14.377334076721311,9.765625e-05
11101101010011010010,18.915659661019106,9.765625e-05
00001100101000010011,22.84822772840169,9.765625e-05
00010101011100010000,19.9382430692611,9.765625e-05
01110010101000000000,13.6459519345596,9.765625e-05
10000001010100001000,22.537775934667835,9.765625e-05
11111100111110110111,7.1388586019029905,9.765625e-05
10101000100001000010,35.35965625454088,9.765625e-05
10111000111010100001,20.73711275737948,9.765625e-05
01101001110110001001,24.736159060512644,9.765625e-05
01111111100011010001,26.439633779042772,9.765625e-05
10000000000100000110,35.60551936847363,9.765625e-05
11100001001101010001,20.58572679361051,9.765625e-05
10000111000001111000,14.611505871540523,9.765625e-05
10101010101000001111,49.73937784098544,9.765625e-05
01010100100000101000,34.97687129565677,9.765625e-05
10010101011000100010,24.829155953328204,9.765625e-05
00110111011010010101,16.183614394726032,9.765625e-05
10101110111001101010,33.498891183969,9.765625e-05
10001000100000100001,28.86478839231145,9.765625e-05
00001000001000110001,34.42580307222013,9.765625e-05
11110011111110011100,12.853363490268453,9.765625e-05
01101100100110010010,11.98630555205893,9.765625e-05
01111100111001100011,9.02626681797618,9.765625e-05
01011110000011011110,18.0874422113485,9.765625e-05
11001000111101000010,27.637474955262935,9.765625e-05
11011100010100010100,8.459371202766288,9.765625e-05
01010010011011100010,24.559558686988797,9.765625e-05
11000111010111010110,13.736207148510633,9.765625e-05
00100001100100010110,26.008363417668065,9.765625e-05
10011000110000000001,19.69477279755983,9.765625e-05
10101011101010110111,36.77257236486885,9.765625e-05
00010101011111100011,31.673374938381713,9.765625e-05
10101111110000000000,36.79785569269793,9.765625e-05
01100000011010100010,26.442951809357066,9.765625e-05
00010000010000100100,26.17396593840718,9.765625e-05
01111111010011010010,23.50264630892714,9.765625e-05
00001011000010110001,24.18470301173668,9.765625e-05
00000010100000101001,36.098433735412684,9.765625e-05
10100000000010001011,35.326871295906464,9.765625e-05
11101101111011111111,13.892626125619717,9.765625e-05
11101011100011101001,30.46716379779306,9.765625e-05
00100100100100010001,20.031322440693753,9.765625e-05
01110110101101011111,15.966841510990202,9.765625e-05
01110011010011000001,14.180637032474369,9.765625e-05
00001110111010110110,30.162386755395936,9.765625e-05
11110000111100010000,8.23391436143092,9.765625e-05
01111001011100000111,10.470879699241902,9.765625e-05
11010101100000100000,32.702875092837566,9.765625e-05
00100100010001110001,27.313873063185746,9.765625e-05
00101000011000111001,43.78834778329836,9.765625e-05
11000110001000101000,16.459371202766288,9.765625e-05
10100110000110010010,32.50095007236099,9.765625e-05
01101100010001010000,14.280690298907798,9.765625e-05
01101001110101001101,25.454803749408864,9.765625e-05
10011101100010101110,25.3663156873793,9.765625e-05
11110010101010110000,18.22978652764567,9.765625e-05
10011001100000101010,19.184097231577958,9.765625e-05
00100111000111000001,16.319088779150924,9.765625e-05
00100110100101011000,23.93000471103583,9.765625e-05
11110011010100000011,22.7754454210569,9.765625e-05
00110100010000000000,9.565077850771768,9.765625e-05
10000011110110000110,28.809802801693564,9.765625e-05
01111100011100110010,5.246786734840213,9.765625e-05
00011101000100000101,13.158654708336915,9.765625e-05
11110110010010010110,21.62110697428246,9.765625e-05
11111110101111010110,22.724913722167834,9.765625e-05
10110101011101100100,13.21343438716829,9.765625e-05
00000101000100000010,20.372211521622496,9.765625e-05
00111010111010101010,22.689662121669667,9.765625e-05
11110000011000010001,10.49135967350453,9.765625e-05
11101111101111010100,22.91565966101911,9.765625e-05
10010111000111001101,13.615068215192716,9.765625e-05
11101101111101011010,12.91751272516145,9.765625e-05
00111001101100000010,12.128536258059649,9.765625e-05
01110110010110110001,12.342991802166676,9.765625e-05
10011101010110100000,12.991237144022037,9.765625e-05
10001000110100001010,39.49201844410716,9.765625e-05
10100101110101111001,20.2316751965993,9.765625e-05
11001100110001010000,9.837239637941302,9.765625e-05
00010010110000001111,30.122355308544424,9.765625e-05
00111000011001000011,20.74542464260595,9.765625e-05
10110001000001111000,19.183075340218153,9.765625e-05
11011110101111111111,16.18460640642671,9.765625e-05
10111010101111000000,35.46806940666191,9.765625e-05
00110111110111000000,10.278842567273681,9.765625e-05
11110111101111101001,22.860326888114173,9.765625e-05
10000001000001000000,15.91057876682106,9.765625e-05
10111010010110100000,42.54190937359239,9.765625e-05
11001000101000000000,15.362476233157826,9.765625e-05
10011010001101001100,35.83838593061022,9.765625e-05
01000101011011100100,28.442779407177166,9.765625e-05
01011111000010100111,28.311791896397054,9.765625e-05
00001110001011010010,19.925327402284672,9.765625e-05
01100101010100010100,11.288173721374271,9.765625e-05
00111000001011010010,21.133128710266472,9.765625e-05
00101010001010101011,37.33102086960138,9.765625e-05
01101111111011011000,15.498486227646993,9.765625e-05
01000000000001110001,30.178710267076436,9.765625e-05
11101111101011110001,24.395448895988224,9.765625e-05
10100101100000000101,16.469444721902118,9.765625e-05
10100101101001000000,13.313898763980207,9.765625e-05
01111111001001000101,29.8730542252804,9.765625e-05
00001001101011011011,38.19612178094972,9.765625e-05
11100001001010000110,17.271773787166165,9.765625e-05
01001010001010001100,20.064268129029823,9.765625e-05
11111110011001001100,32.369145439160405,9.765625e-05
01010110011011011110,21.647322161850017,9.765625e-05
10110111111101101111,16.530891228808812,9.765625e-05
01000011110101000010,20.130328103723436,9.765625e-05
11100011010111110100,27.66284312954486,9.765625e-05
11010111110001011101,11.686026897900497,9.765625e-05
11010101000100000100,20.636033823457012,9.765625e-05
01000110000001100000,16.32645403106182,9.765625e-05
00000001111100101000,45.799333152896395,9.765625e-05
11001000010010110000,18.063339322248996,9.765625e-05
01110111111101111100,16.19997622124037,9.765625e-05
10000011010000110001,28.343348670490688,9.765625e-05
11101000101110101010,22.202478369948384,9.765625e-05
01110100011000010111,10.48724152575623,9.765625e-05
00100111100010110000,20.201806174597927,9.765625e-05
10000011101001100001,24.68096120775151,9.765625e-05
01000101011011110100,27.04579309537197,0.0001953125
11011100111100010101,7.097495242594898,9.765625e-05
10101110111010111110,35.44016025239695,9.765625e-05
11110100110100011000,4.670715286435772,9.765625e-05
11000011001111011111,24.648259931086553,9.765625e-05
11010110110110011111,12.92109370646648,9.765625e-05
11001000000110110110,23.50015991359502,9.765625e-05
10100001110110000100,26.700088770418645,9.765625e-05
11111011011011001110,25.647338921868418,9.765625e-05
01100110011100110001,20.42239178307245,9.765625e-05
00111101111001110000,12.279372757702529,9.765625e-05
10111111000110100010,35.12490310785897,9.765625e-05
01010001011110001101,28.367961898174002,9.765625e-05
00111000110010000111,22.65666218002964,9.765625e-05
10001010111011111000,46.42456369497223,9.765625e-05
00100110001100001111,28.05507189507304,9.765625e-05
10001110100011111010,23.925327402284672,9.765625e-05
00001110000010010000,17.90182559688005,9.765625e-05
00001110001100000001,20.467555242240035,9.765625e-05
11010010000100101001,14.737530931309244,9.765625e-05
11010111011000001001,22.11265037951003,9.765625e-05
10001100010010110010,21.35119521371434,9.765625e-05
01110101000001000100,22.442847688797343,9.765625e-05
10111101111100010110,14.844154947789026,9.765625e-05
10011000011010101011,24.027172426845027,9.765625e-05
00000100100101001001,31.713033066191954,9.765625e-05
00010101010100100001,18.293168419880548,9.765625e-05
11101000001110110100,27.608040252801512,9.765625e-05
01110100010100000001,5.8052681235216905,9.765625e-05
00000110000101000000,18.188156870870245,9.765625e-05
00100110100001111001,26.935657445723677,9.765625e-05
00101011001001010000,30.90627155484149,9.765625e-05
01110110010100111101,14.554082795136779,9.765625e-05
10010010001001100111,33.358790554303226,9.765625e-05
00101001011000010110,24.471294341600853,9.765625e-05
10001100001001110011,20.989935454159692,9.765625e-05
01001000010000011000,21.158356250501903,9.765625e-05
01001010111000101110,28.115697737192075,9.765625e-05
10100010000000110100,47.085358149443046,9.765625e-05
11110011111011001010,15.36366699471707,9.765625e-05
11001000100110000010,20.400091530649394,9.765625e-05
10011111110011101101,16.064392541178748,9.765625e-05
10010010010010011000,22.78232848340973,9.765625e-05
11011110111000101000,16.04111278233101,9.765625e-05
10001111111010100010,20.038879859092738,9.765625e-05
11000101100101010000,10.658528647283617,9.765625e-05
01001111010001101111,16.45087214137317,9.765625e-05
10110001011111011001,24.462190566565372,9.765625e-05
00011011100000111101,24.165820300894463,9.765625e-05
11110000100100100010,10.49135967350453,9.765625e-05
10111010011001101010,39.23884337916654,9.765625e-05
11110001110011100100,11.411516345155537,9.765625e-05
10001100000001110001,19.646830177491616,9.765625e-05
11101011111101110011,35.07864667856167,9.765625e-05
11110100110001010001,5.163957463587968,9.765625e-05
01101000011111001100,33.229738439647676,9.765625e-05
01110011110111010011,15.483999019680795,9.765625e-05
10101001100001010100,30.20129376244563,9.765625e-05
01110010000010001001,17.16541607899353,9.765625e-05
01011011100111101101,19.95178753964418,9.765625e-05
11010011111001001100,11.573996984999084,9.765625e-05
01011101000001000101,20.968934192416263,9.765625e-05
11011101100100010110,19.811919638784573,9.765625e-05
10101010000011101011,54.87854531034165,9.765625e-05
10011010111000110010,30.17904330103442,9.765625e-05
10101010101111101000,47.62772653631771,9.765625e-05
01001100010011101000,16.611789038199284,9.765625e-05
10110111100101010001,17.502636535762978,9.765625e-05
00010111010101010000,9.962654015105379,9.765625e-05
11111100100101010010,12.535938074574553,9.765625e-05
00110100000111000010,13.761783759097742,9.765625e-05
11001111111111001010,15.490042132299262,9.765625e-05
11010111110001011100,12.849166308346675,9.765625e-05
01111111100000010111,29.734482850045957,9.765625e-05
00110110110101011000,15.848751578860519,9.765625e-05
11101111001011101010,28.50175309611779,9.765625e-05
11010110011011000110,19.80107627410814,9.765625e-05
01000101101101011100,29.44968400229961,9.765625e-05
00100011000001100000,21.996832839096,9.765625e-05
00101010001000011011,43.850113763620165,9.765625e-05
10101100111110111111,33.8509839856576,9.765625e-05
10111011000011101000,34.469085143555574,9.765625e-05
10010110100000101011,19.39572654463488,9.765625e-05
10010011000000101100,16.69458446774962,9.765625e-05
01010010100000100010,22.755727184313074,9.765625e-05
11101101101101110000,12.56351171903071,9.765625e-05
01111101001111000101,15.876695690642926,9.765625e-05
11000111011100011000,13.008459299396787,9.765625e-05
10111010101110100010,28.690744584214173,9.765625e-05
00001110000010111000,19.23764899849962,9.765625e-05
00000011010000010100,22.23110406885093,9.765625e-05
11011000100000010100,13.87456625076201,9.765625e-05
00111000001110000010,15.29560935011002,9.765625e-05
01100110000100001110,20.231001014807553,9.765625e-05
00101001101100101000,24.611789038199284,9.765625e-05
11101111001111010110,27.773610270986154,9.765625e-05
00000010101110000000,37.0431781086166,9.765625e-05
00001101000010110000,15.809966143494186,9.765625e-05
01110110101110111101,19.521297102081295,9.765625e-05
00101100111001010011,23.01782616707206,9.765625e-05
10010000000101001000,20.490652814903903,9.765625e-05
10110111010101011000,21.017894448692218,9.765625e-05
00101100101111110010,22.234479247585945,9.765625e-05
10100000101000010000,28.38600094220717,9.765625e-05
01010001110011000100,23.665511966120434,9.765625e-05
01011011100101000100,17.700143834431053,9.765625e-05
11011100011101111001,7.219411117071029,9.765625e-05
11110100011000100101,10.983695947520616,9.765625e-05
01101011101010101000,21.204094368988663,9.765625e-05
10010111010111001010,15.049990364420946,9.765625e-05
00010001000000101001,26.400088820626856,9.765625e-05
00001001001001111011,32.213466460408775,9.765625e-05
11010100011001010011,13.787036483686444,9.765625e-05
11111011100111111011,27.584640250168363,9.765625e-05
00110100110110101001,21.4030812014237,9.765625e-05
00100000000101011101,51.356756245538136,9.765625e-05
10111010001010111111,39.97011806549796,9.765625e-05
00101000110000000000,31.18188720114459,9.765625e-05
11111001111100101000,12.983695947520616,9.765625e-05
10111111101111100010,21.929075551228408,9.765625e-05
00011000000010010110,24.537117164065204,9.765625e-05
01000001101010010001,36.38629586847138,9.765625e-05
00011010001010010001,22.73154994625445,9.765625e-05
00100100000100010100,21.3925822002484,9.765625e-05
11010110011100111101,11.899651171257975,9.765625e-05
11010011110010111000,13.151418124136658,9.765625e-05
10100101100001000010,13.996832839096001,9.765625e-05
11101111111110011010,21.708528697741528,9.765625e-05
01100101000101011010,17.085215235436323,9.765625e-05
01101011111111110100,23.977634284786152,9.765625e-05
00000100000000101001,27.653191228782397,9.765625e-05
00001001000000000001,19.26838811168575,9.765625e-05
10100100010001100110,28.69547965616045,9.765625e-05
00000001101110110100,48.8695628077799,9.765625e-05
00000011111010001100,29.124616860579575,9.765625e-05
10100001001110110011,34.13693799056155,9.765625e-05
11110001110000100100,8.138281966982339,9.765625e-05
00100000101010001100,39.904455591340785,9.765625e-05
01101000011000000110,18.512696532183973,9.765625e-05
10100101001100000010,17.898703715984485,9.765625e-05
11111110001110011000,27.439662837153648,9.765625e-05
01110000110010100101,18.98130562980781,9.765625e-05
00000010100010001000,30.120261560602017,9.765625e-05
00000110100011010000,22.14665433626629,9.765625e-05
11100101000101001110,15.819365687978333,9.765625e-05
01010100000000011100,21.80874342829766,9.765625e-05
00000100000100011001,26.090933367467393,9.765625e-05
01101000000001100100,24.35400278543197,9.765625e-05
01110110011001001011,15.049990364420946,9.765625e-05
00000000000000000011,34.098433735412684,0.0001953125
01001100000101000010,12.329264323641809,9.765625e-05
10111111111011100100,23.98799628145279,9.765625e-05
01001010100110110110,28.56219584296782,9.765625e-05
11010001010100111101,13.15858371669421,9.765625e-05
11111100111111101111,10.648259931086553,9.765625e-05
00111101111101010010,8.090239286320728,9.765625e-05
00100010101000001100,32.51730564644216,9.765625e-05
11011101000110010101,18.28040368780544,9.765625e-05
11101011011000001001,37.21174288552534,9.765625e-05
00000000010010001000,39.678825613404456,9.765625e-05
10100101001001001111,19.91176690589462,9.765625e-05
00011010100101001000,26.183980949087,9.765625e-05
11110000110011110010,16.06628119929257,9.765625e-05
01000111111110010000,19.3811911399073,9.765625e-05
00011111010110100000,12.535938074574549,9.765625e-05
00111101110111000100,10.959380992168446,9.765625e-05
10111011000000101001,40.018873846353536,9.765625e-05
01011110111100110011,13.552845120902731,9.765625e-05
10011111101111101110,18.315369346131284,9.765625e-05
11110101101101010000,15.346226510269787,9.765625e-05
01000110000000011100,13.949786865440927,9.765625e-05
10101100100001001110,26.046708477404977,9.765625e-05
11000011110111100101,20.381085572141625,9.765625e-05
11100100100001010100,10.547822811448082,9.765625e-05
00000010010001011001,45.974214680476635,9.765625e-05
01110011110101001100,11.106051990486105,9.765625e-05
01111001011000000010,11.461614117148592,9.765625e-05
00100000000000000001,27.43240751733352,9.765625e-05
01011100111110011000,17.397897438686147,9.765625e-05
11011100001101010101,10.347363029774542,9.765625e-05
01000111101101010010,20.855396118108978,9.765625e-05
10000110001001000101,27.226985921102635,9.765625e-05
11111000101001110110,16.252382429914178,9.765625e-05
00101110010000100001,34.65355714668931,9.765625e-05
10111111011000100001,34.34498964674418,9.765625e-05
11100111111111010101,16.45264181781331,9.765625e-05
11000001110111111100,25.689781837764418,9.765625e-05
00011110001110101001,13.157096483331586,9.765625e-05
11111011011100101111,27.16738404391191,9.765625e-05
00111100111100000011,6.618944944719878,9.765625e-05
10001100001001101000,17.421090893078738,9.765625e-05
01000000110010000101,34.592561855092555,9.765625e-05
10110010110010101111,29.583188131006075,9.765625e-05
00101000101010100100,32.11097307486399,9.765625e-05
00110111001000000010,22.637221962530568,9.765625e-05
01010101010101111001,22.9516589594704,9.765625e-05
00110110110010100000,16.718287820572215,9.765625e-05
11100110111000001110,19.048802225347387,9.765625e-05
01011000000110010000,13.770151530294532,9.765625e-05
10111110011111101010,25.970118065497953,9.765625e-05
01000000010000001100,24.181238116578914,9.765625e-05
01000001010000100100,17.541546900129077,9.765625e-05
01001110011001010010,15.594244590623491,9.765625e-05
01110011111111001110,15.286029419969763,9.765625e-05
10000110100101001010,22.916848436546715,9.765625e-05
01100010010010000001,24.58753883289647,9.765625e-05
10011101010000011011,18.61149618550357,9.765625e-05
10110011100100000100,19.772648258957467,9.765625e-05
11011001110100111100,11.938185295226159,9.765625e-05
11111111011110100110,28.41585870015642,9.765625e-05
10101110111010101110,33.28180400189505,9.765625e-05
11000100010010100000,13.698948719343075,9.765625e-05
11011100110100100000,5.977393393846025,9.765625e-05
10110101000111001101,16.710354161775314,9.765625e-05
11100100110110010011,16.18638900620735,9.765625e-05
11011110010010011001,16.177232806877967,9.765625e-05
11101110111100111000,24.57634744274855,9.765625e-05
00000011100010010111,30.381085572141625,9.765625e-05
11001101111001100101,11.042853106393016,9.765625e-05
10000100001110111100,32.85729872825163,9.765625e-05
00001111000011000001,13.221066241653592,9.765625e-05
11000101101111010100,18.942598369238663,9.765625e-05
10101010111110111000,54.531843772032104,9.765625e-05
00010000110011001100,41.74631058513363,9.765625e-05
11000111001001111101,14.61430647808356,9.765625e-05
00100110100011111001,28.211153375932028,9.765625e-05
10101101001101010010,19.876486138522207,9.765625e-05
10110110010000001000,23.419014835876027,9.765625e-05
11000001001011010100,17.62492592977467,9.765625e-05
00111100001100010011,7.763881136987634,9.765625e-05
11101011101000110100,27.326170864403068,9.765625e-05
00011000011010010100,26.279671851991594,9.765625e-05
00011101101100011101,21.938233383224148,9.765625e-05
10101110101010110100,33.81215054942048,9.765625e-05
11011110011000011001,17.167808372307814,9.765625e-05
10010010110100110000,26.01253933945131,9.765625e-05
11001000011011000000,21.438034344086844,9.765625e-05
00101000011110110000,43.132050612090524,9.765625e-05
00000000010000100011,43.877052471839725,9.765625e-05
10101110011010101110,37.904954013636235,9.765625e-05
01001111010111010110,10.869831178815723,9.765625e-05
11110100110101100011,7.377437130764688,0.0001953125
00001011011001101010,25.343897411035528,9.765625e-05
00100011000001100110,24.561498757531353,9.765625e-05
11011110111110011011,12.409768321497868,9.765625e-05
11010010100101001101,17.56926534665659,9.765625e-05
10011101010110010001,13.836628955336657,9.765625e-05
01001010100111001011,32.733268090252984,9.765625e-05
10011111010110001000,19.8138028768533,9.765625e-05
10000101001011100111,27.70954183378568,9.765625e-05
10100000000000000000,26.73537316773854,9.765625e-05
00011110001011000000,14.241141259594222,9.765625e-05
10001011000101001000,32.155536271884955,9.765625e-05
00101001001111100111,28.475452692247607,9.765625e-05
10000001000001100101,22.548550930187236,9.765625e-05
00010101001101000101,19.37051566645082,9.765625e-05
01010111101101100101,26.685124733475263,9.765625e-05
10101011100110101010,32.908355616746945,9.765625e-05
00011100111100010010,16.528698693224552,9.765625e-05
11101010000110010100,49.79534106080322,9.765625e-05
00000001100001010001,31.11185931165893,9.765625e-05
01001111110110110100,12.640002081184162,9.765625e-05
10011100100000101011,15.230814660598824,9.765625e-05
10110111111010111010,22.79533868287596,9.765625e-05
10010011000110010010,21.423265612968073,9.765625e-05
00000100111010000001,38.94288153589742,9.765625e-05
01001111100101001110,16.66196313434327,9.765625e-05
00010000000101000001,24.071613099781686,9.765625e-05
10010010010010100000,20.45308560541033,0.0001953125
01111101011111011110,12.671212788806281,9.765625e-05
10110101001101000110,15.487238815733694,9.765625e-05
00010111010110110001,14.984279558455679,9.765625e-05
01000111000001010100,10.716569676573675,9.765625e-05
01000110110110011100,20.129653111223238,9.765625e-05
10100110111011000010,29.5121434381104,9.765625e-05
11000011000010111000,13.898703715984485,9.765625e-05
10001100100011010101,24.625873385048163,9.765625e-05
00011010011001101011,29.665150831804553,9.765625e-05
00111101011100010011,9.096884559990254,9.765625e-05
10010100010001010000,13.309472472359937,9.765625e-05
01001111110100010100,13.066804940988007,9.765625e-05
01011000101000101110,27.25497941547075,9.765625e-05
00000000101010001000,48.36491716338729,9.765625e-05
01110101101100100110,30.94172284716901,9.765625e-05
00011110010111101101,18.4936905736762,9.765625e-05
10111110001111100011,26.756274553982813,9.765625e-05
11111001110001110110,13.498486227646993,0.0001953125
00100011011010010001,28.069156241921917,9.765625e-05
00111001001110100010,14.222903378165633,9.765625e-05
11010011010000000010,16.12579071552902,9.765625e-05
01010101000101100101,24.459342879076495,9.765625e-05
01011011111110010001,16.09023928632073,9.765625e-05
10101101110010110111,22.515785823397863,9.765625e-05
00111101110111000101,10.373505337225122,9.765625e-05
11100100100000110100,11.17211558428738,9.765625e-05
01010100010001000001,13.001188139073562,9.765625e-05
10000100110000001101,26.139835925995797,9.765625e-05
10101011101010000101,36.37655442554056,9.765625e-05
01001111011110010110,11.685749885707885,9.765625e-05
10000001011110001100,32.54680436453188,9.765625e-05
10110100100010010000,14.749681242068858,9.765625e-05
10010111001010111000,24.956759949323605,9.765625e-05
11101010001010011100,37.8648763402728,9.765625e-05
11000011010011100011,20.317167433388413,9.765625e-05
10100100000010110001,24.03979868556935,9.765625e-05
00011111011111101011,12.685585820326013,9.765625e-05
10111101001101101010,16.915659661019106,9.765625e-05
11011110000110011001,17.38607745186198,9.765625e-05
01000000010000001000,22.090619058289455,9.765625e-05
00001001101100101111,37.80428872586039,9.765625e-05
10001100110100101010,22.302916838825784,9.765625e-05
00001011010010101010,22.008411505666054,9.765625e-05
01000010001011010110,30.050334015137192,9.765625e-05
01010010101100101001,26.423616239698735,9.765625e-05
01000111000001011101,12.83286496588983,9.765625e-05
11010101010101111101,11.372423060184506,9.765625e-05
10000011010010110001,28.442431490469048,9.765625e-05
11001000000100001100,22.0,9.765625e-05
01110101011101010111,11.346968053756765,9.765625e-05
10100001000010010010,25.21343438716829,9.765625e-05
01111111111111011111,12.744730572299105,9.765625e-05
00111010011001001001,33.0508959732898,9.765625e-05
11100101100001110100,11.140201843902714,9.765625e-05
01101101110110011001,18.556513021480782,9.765625e-05
00001100000111000110,22.358689340066277,9.765625e-05
00011101101101111011,24.20222456650757,9.765625e-05
11001010000100010110,36.805643727465565,9.765625e-05
01010100110000010000,17.322994653916155,9.765625e-05
01100111111100010100,12.815561838568152,9.765625e-05
10001101110000001000,16.161821869240917,9.765625e-05
00001011011101000000,26.87761369557126,9.765625e-05
10000011110100101001,26.80238683929899,9.765625e-05
00111101101101010010,9.75914678862259,9.765625e-05
01000001000001001100,18.82373067399285,9.765625e-05
10011000100110110000,22.150830258049535,9.765625e-05
10110000100010011001,22.4335049984232,9.765625e-05
10110000000010011011,25.587126900560058,9.765625e-05
00100011100001010011,26.160661537006312,9.765625e-05
10101001000111001110,33.91362350160777,9.765625e-05
11110111101010110111,28.927161181480315,9.765625e-05
00001110010010001100,23.81906378569971,9.765625e-05
10010010100010011101,26.49185064001442,9.765625e-05
10110000101100100100,20.03727780124147,9.765625e-05
10011101110111110001,11.38245047776363,9.765625e-05
11011111000101001000,30.021135398388672,9.765625e-05
00111001011111010111,21.3075308454384,9.765625e-05
00111001001010001010,17.575937262681705,9.765625e-05
01000010010100000100,23.18188720114459,9.765625e-05
00010000011000000001,24.490652814903903,9.765625e-05
00101010101100000000,37.57481313923643,9.765625e-05
00010100100010100101,33.508608471234865,9.765625e-05
01111101111111010101,9.346968053756765,9.765625e-05
11110110111110110101,13.802983667841826,9.765625e-05
00100001111010000010,27.834470271841013,9.765625e-05
01010000101001100000,33.130143218356835,9.765625e-05
00011111010110100011,12.809619255474393,9.765625e-05
00001010101000000100,33.25525122011036,0.0001953125
01001101011100010111,13.486364251417,9.765625e-05
11101110111000101000,24.22736152504651,9.765625e-05
00000111000100100001,16.614316164120513,9.765625e-05
11011100000010100001,14.50178215422865,9.765625e-05
10110100110100101011,12.374636524221657,9.765625e-05
11101010011010110010,35.84666614607996,9.765625e-05
01010101011101011001,23.463099892508907,9.765625e-05
11111101111001001100,17.98087670332474,9.765625e-05
01010101010010110101,28.04956685798296,9.765625e-05
10111110100110000010,27.46280849781551,9.765625e-05
00100001000001001100,21.19241880284138,9.765625e-05
00000010000000010001,32.56602530604526,9.765625e-05
11111011001111101111,27.547269080920476,9.765625e-05
01010100010100010000,9.904983071747093,9.765625e-05
01101000000100110000,24.33238620453738,9.765625e-05
10010011001100100000,17.724046857446805,9.765625e-05
01101010101011100010,25.465534581145015,9.765625e-05
00010100100000001101,27.51174283531713,9.765625e-05
11110000010000101010,10.958899711695508,9.765625e-05
10101011000110111010,42.46848685701043,9.765625e-05
10001010011010011001,47.7099696937524,9.765625e-05
01101010100110100000,28.225431227668103,9.765625e-05
00001110001111100000,19.34807333281877,9.765625e-05
10101001010100100101,40.035976187666506,9.765625e-05
00011111110100100100,15.724046857446805,9.765625e-05
11110101000011110000,25.844216253394777,9.765625e-05
10101001001101000000,29.783288421869923,9.765625e-05
01100010001110001001,27.283924097925777,9.765625e-05
11000010100001101100,20.636527499989445,9.765625e-05
11001100101000000100,12.362476233157826,9.765625e-05
11010111010111000101,12.70102038518904,9.765625e-05
11000011011010101100,13.692663121987117,9.765625e-05
00010101010100100100,19.977420036201607,9.765625e-05
00000000000001110010,43.232045282531075,9.765625e-05
10111010111010001011,30.88405034743174,9.765625e-05
10010111110101000011,13.857455289928426,9.765625e-05
11010111100101111000,17.72410118703815,9.765625e-05
00000101010000011000,21.99560213003655,9.765625e-05
01010101011010111101,38.89120436588771,9.765625e-05
10010010000011011010,28.1139662772091,9.765625e-05
00100010011011000000,38.367961898174,9.765625e-05
11101011001010011010,30.623981282490746,9.765625e-05
11010010110000000010,12.958899711695508,9.765625e-05
01110111100010010101,23.54616161952658,9.765625e-05
11100101110001000001,11.51800281900583,9.765625e-05
11011000000000110001,14.04382897248351,9.765625e-05
11001011100110110110,19.83943924791665,9.765625e-05
00100000100110100000,37.0431781086166,9.765625e-05
00111101110111110110,13.179823970063678,9.765625e-05
10000111000000010101,19.585813712883525,9.765625e-05
11110100010110000111,11.624511287415714,9.765625e-05
01111100000111100100,14.241141259594222,9.765625e-05
01001111010000110000,15.330811110340612,9.765625e-05
00000100001101000000,24.49482873668715,0.0001953125
11010001010100110101,11.43044089156258,9.765625e-05
00111101011111000011,7.349710886264848,9.765625e-05
00010000001001010000,28.55372311882321,9.765625e-05
00010001001000000001,22.400088820626856,9.765625e-05
10001010001010101000,31.44968400229961,9.765625e-05
11111000111100100110,11.372811794608934,9.765625e-05
00100110111001000000,22.9597956345274,9.765625e-05
11010001100101000101,13.642315067284244,9.765625e-05
01111100011011000010,8.887028444104464,9.765625e-05
10111111101000110111,30.14743426007812,9.765625e-05
11001111111110110100,13.24678673484021,9.765625e-05
01111100001001011111,13.710521231446979,9.765625e-05
00110101010101011001,12.003622104128429,9.765625e-05
10101010101001001010,45.73937784098544,9.765625e-05
11011010100100000010,22.71656967657368,9.765625e-05
01100010101011000011,28.109060593180516,9.765625e-05
11001000010110100010,21.830362730054613,9.765625e-05
00110001010101001010,16.612761285182113,9.765625e-05
10101000000001000010,40.87020126474749,9.765625e-05
11100000100000000011,17.516098135294687,9.765625e-05
01110110011110010010,11.367909642151153,9.765625e-05
11100001100100000011,17.332656240715576,9.765625e-05
00101010100000001000,37.03953664325408,9.765625e-05
00000110010100100000,23.322988412322804,9.765625e-05
00000000010010000010,39.55461904165511,9.765625e-05
10011101011001000100,15.104918181003885,9.765625e-05
11011001110000101001,14.274005986823184,9.765625e-05
10010010001011011001,28.91169591425191,9.765625e-05
00101100100111000010,18.54267028915328,9.765625e-05
10001001100001000110,21.59131874997361,9.765625e-05
10100001010110100000,27.62492592977467,9.765625e-05
01001101001111010000,12.664798317009271,9.765625e-05
01001011010111110100,19.64655147312497,9.765625e-05
10000010000010000010,31.001188139073562,9.765625e-05
10011001010111101011,20.77891555075587,9.765625e-05
01111110010111011010,17.19430411447861,9.765625e-05
10001011111101101110,34.43541239215688,9.765625e-05
00110010110000001100,21.84400725019126,9.765625e-05
10000010000010001011,34.09801909305372,9.765625e-05
01101001011100000010,15.027596842368144,9.765625e-05
01011001010101100110,13.741744051701145,9.765625e-05
00101110000001100101,36.712451528825376,9.765625e-05
11000011100000010110,14.737530931309246,9.765625e-05
10101100110110100000,24.580433724396414,9.765625e-05
10101010100000101011,47.2508765480589,9.765625e-05
11110001111100110110,11.596063078642866,9.765625e-05
00110110101000000010,16.67253033001154,9.765625e-05
11001100110010110101,12.289121176647765,9.765625e-05
10101100111110100000,22.89337525993897,9.765625e-05
10011111111110001110,18.88702844410446,9.765625e-05
00001001100010100011,28.284062756780447,9.765625e-05
11100100100100110100,11.421090893078738,9.765625e-05
10001001010000101000,20.79424090751902,9.765625e-05
00001100100101101001,26.178710267076436,9.765625e-05
11011000100100100001,12.391280586673439,9.765625e-05
10101111100111011000,29.140793165273266,9.765625e-05
11010100110101101111,17.384307797058028,9.765625e-05
10101010100011101010,44.57623843053926,9.765625e-05
01010101000100100100,29.794390073958922,9.765625e-05
01110111110000011000,20.475685039249655,9.765625e-05
11001100100010100000,11.439299629269264,9.765625e-05
01000000000010011101,32.68509528313011,9.765625e-05
01111111101011111111,22.9825802588404,9.765625e-05
01110111100110000110,24.461378852983955,9.765625e-05
11000010110001100000,21.438034344086844,9.765625e-05
10000100100001011100,24.09688872801511,9.765625e-05
00111110101110111001,16.409768321497868,9.765625e-05
01010001011101100001,24.666138147041394,9.765625e-05
00100011000100000100,23.267181334959343,9.765625e-05
00100011110010101010,26.271541233024063,9.765625e-05
10111101111000111110,17.821273081712008,9.765625e-05
01100010110001001000,24.101799744551926,9.765625e-05
10011011111010000010,20.51387842966418,9.765625e-05
10101100111000110010,21.35119521371434,9.765625e-05
01000101001001010101,19.938233383224144,9.765625e-05
01011000000000011010,17.767341237714543,9.765625e-05
01010111011000111011,29.13893583513906,9.765625e-05
10010110000110110011,19.122570477053912,9.765625e-05
10010010110110101001,24.619783093516823,9.765625e-05
10100001000001011010,25.04258408806333,9.765625e-05
00110110111100001011,14.495547169389349,9.765625e-05
01010001001101011100,26.001188139073566,9.765625e-05
01101011101000000000,21.222383782858856,9.765625e-05
00100111000010111000,21.71420778051769,9.765625e-05
10001100011000101100,22.815571524605108,9.765625e-05
11000111110111010100,9.645597776258132,9.765625e-05
11101110100010001100,29.79898950218015,9.765625e-05
11011011010101100100,20.703482466793638,9.765625e-05
10110100000000110010,16.74507212781067,9.765625e-05
10101110101101101100,36.583899343135435,9.765625e-05
01000000101000011000,34.36247623315783,9.765625e-05
11001100001100101010,13.030685839314774,9.765625e-05
00000001010000100100,26.189364382017715,9.765625e-05
00100000001000010000,28.38600094220717,9.765625e-05
01001010011000000111,27.72308618456555,9.765625e-05
01101001101000010100,13.767341237714545,9.765625e-05
00001010001001101010,35.61520584535906,0.0001953125
10110010101111001011,28.89695812930863,9.765625e-05
11101010000011101010,38.551570960391814,9.765625e-05
11110101110100010101,8.832864965889833,9.765625e-05
00100000000000000110,29.001197825110516,9.765625e-05
10000010000011001010,34.32220440761333,9.765625e-05
00000101110000000000,22.161821869240917,9.765625e-05
00011010100010001100,23.676310981509737,9.765625e-05
11011101010000001110,22.507783540045686,9.765625e-05
00101000001000011100,36.67044626810609,9.765625e-05
01111110111100100111,14.25051614816407,9.765625e-05
10001010000000101001,39.53057401371775,9.765625e-05
10101011001010100111,38.59888866239912,9.765625e-05
10100101001110000001,20.36026276912067,9.765625e-05
00000000101100001000,46.48855906696149,0.0001953125
00010110000001000100,16.914998816847984,9.765625e-05
11100101000001111100,14.716569676573677,9.765625e-05
01110011110010101101,16.72439666221954,9.765625e-05
01110111011011010001,15.953756238983615,9.765625e-05
01000101101101010010,30.34807333281877,9.765625e-05
01010101000100110101,25.276938069066425,9.765625e-05
11100101001111011100,15.876370590452314,9.765625e-05
11011001100111010001,17.88732337036867,9.765625e-05
10110001101110000100,16.735205363645804,9.765625e-05
10001001111110101110,32.981755876978056,9.765625e-05
11000101111101000000,14.910636540856007,9.765625e-05
01001010110010010100,24.064268129029823,9.765625e-05
11110010111010111111,20.32582025930859,9.765625e-05
01001010110000100110,25.432422721382576,9.765625e-05
11110001010000001101,12.054176706662211,9.765625e-05
01110110111110000111,13.619605603387129,9.765625e-05
10000110001110010101,29.677316210818177,9.765625e-05
00001001101000001100,25.87174971658867,9.765625e-05
00101100010000000000,20.22674876887337,9.765625e-05
00010101001101011110,29.627726536317702,9.765625e-05
11101000111000011010,21.73406531257023,9.765625e-05
11101011011110111001,35.22673835925518,9.765625e-05
00100011110001001010,23.27974817614253,9.765625e-05
11100101011101000001,13.962654015105379,9.765625e-05
00100001010001010010,25.10744623764642,9.765625e-05
10110001010010000100,16.56150917798937,9.765625e-05
00000010000001000000,28.45528938341053,9.765625e-05
11110000101010000001,13.82115753364212,9.765625e-05
10100101101100000000,14.55063934562142,9.765625e-05
11011100010110100001,6.327060545641608,9.765625e-05
00000010101110100000,41.79424809067349,9.765625e-05
01110001000000010011,18.11223844717361,9.765625e-05
00100010100001111000,39.758485944451465,9.765625e-05
00111100000110010001,11.160867448792832,9.765625e-05
10100000010100100000,38.04832094487445,9.765625e-05
01001010110000111000,25.322988412322804,9.765625e-05
00001111100011110000,14.184703011736676,9.765625e-05
00011101010101100110,12.512891848848408,9.765625e-05
00010001000100001000,19.909682843989167,9.765625e-05
11101010111011000011,38.857455289928424,9.765625e-05
11111111010101111111,29.550311193221503,9.765625e-05
11001101110011101011,16.155166185953185,9.765625e-05
01011011101010010101,19.775448131079433,9.765625e-05
11010001010001111100,12.139421283636839,9.765625e-05
01010100110100010001,14.341803663093117,9.765625e-05
11000101110110110110,21.210672095459092,9.765625e-05
11110100010101000001,7.803337826143293,9.765625e-05
10101011011110011010,44.68512473347526,9.765625e-05
11111011111010000100,22.99873825722821,9.765625e-05
00010100110011000001,24.85556029225424,9.765625e-05
11110001111100101010,14.015931256525073,9.765625e-05
11111111101011111100,28.065575347744087,9.765625e-05
10100001011001100100,25.28489372242292,9.765625e-05
01101101011111000010,11.490042132299267,9.765625e-05
10001011010010101010,25.677319007967917,9.765625e-05
00001011100111001000,22.975742818682775,9.765625e-05
01011011000111110101,17.731430230159702,9.765625e-05
10101000101000000110,32.512696532183966,9.765625e-05
10011111110001000111,22.176997542713323,9.765625e-05
01110011010111000111,14.467660096811178,9.765625e-05
01101100000000001110,17.81906378569971,9.765625e-05
00010001100001000000,21.538321965190132,0.0001953125
00111011100100000010,21.285039444419205,9.765625e-05
01110001110010111101,24.09479686813732,9.765625e-05
10101111011010100010,30.850131764818975,9.765625e-05
01110011110001010110,12.097604450694767,9.765625e-05
11011000100010011001,16.649722165599776,9.765625e-05
00011100001010001010,20.332997181409276,9.765625e-05
01000101010110010101,19.615205845359057,9.765625e-05
01010100000101100010,23.470392177175608,9.765625e-05
00001010101011000001,36.864091514015044,9.765625e-05
01110100011011011011,18.104113982672224,9.765625e-05
11000111011001011001,12.856694287240332,9.765625e-05
01010001111000001010,35.97614850942584,9.765625e-05
00101000101100000010,28.798031539321432,9.765625e-05
11111001010011100000,19.07300444061922,9.765625e-05
11000011001000100110,18.07717683083166,9.765625e-05
11010011110001001000,9.92151261481731,9.765625e-05
01101011000010000110,23.036359796313118,9.765625e-05
00010000010000100000,22.189364382017715,9.765625e-05
11000011010001101000,12.072400636061975,9.765625e-05
00000011000010001001,20.002395650221032,9.765625e-05
11001100001110010001,12.12948893707798,9.765625e-05
01011011110000010010,17.508331546169455,9.765625e-05
01000101001000000101,25.08535814944305,9.765625e-05
00111101011000010011,11.871751790157163,9.765625e-05
11001101110001010100,8.11475652351193,9.765625e-05
11100100101011000001,16.42417122183692,9.765625e-05
11100101100101011100,10.215416216988288,9.765625e-05
00011111011001101011,16.223760262582438,9.765625e-05
01000101011000000000,22.206683436969698,9.765625e-05
01110110001000111001,19.740058057230474,9.765625e-05
01010001111101111001,38.408770275343905,9.765625e-05
10000101100001001010,19.359656254540884,9.765625e-05
11010011100111111100,15.06635219093528,9.765625e-05
11100111111000001101,17.819365687978337,9.765625e-05
01100111010100011110,16.44330503693723,9.765625e-05
11000111010011001000,11.819365687978333,9.765625e-05
00010101000101111100,24.623371236340144,9.765625e-05
01010101101001100101,41.673286745452295,9.765625e-05
00011110001110010001,11.763881136987631,9.765625e-05
01010001011001000100,17.83491136025531,0.0001953125
11010110011101001110,16.486287828889388,9.765625e-05
10000010100000000001,30.231104068850932,0.0001953125
10110001100001000001,13.025505716911415,9.765625e-05
10000001011000011100,28.049216867706342,9.765625e-05
00010110011100111100,24.01253933945131,9.765625e-05
11001100110001100100,11.043216216310375,9.765625e-05
10110000010001000100,25.155040657579075,9.765625e-05
00001010000010110010,32.83316333659764,9.765625e-05
01110011111001100100,13.655824765653758,9.765625e-05
11000111101010000101,20.661963134343278,9.765625e-05
11110001011101001011,14.373505337225124,9.765625e-05
00000110100011111100,32.56088871138076,9.765625e-05
10101110100101011100,45.73009977570544,9.765625e-05
01111011111100111000,18.84415494778903,9.765625e-05
00101110001001010001,30.62187776138417,9.765625e-05
00000101101010000101,36.022865938446714,9.765625e-05
01101011000001000010,27.74982696406515,9.765625e-05
00000000010001100000,40.47751592332852,9.765625e-05
01101111111011100110,15.056953675139457,9.765625e-05
10001000110110010110,50.05958875754999,9.765625e-05
01001111111001010000,12.614316164120511,9.765625e-05
11110110110001100110,18.86792378508204,9.765625e-05
10100010110100011101,58.39605573656295,9.765625e-05
00010010010010001001,20.428780336095112,9.765625e-05
11010110010111011000,9.46813062514046,9.765625e-05
10011101011100100100,13.268968718331013,9.765625e-05
10110000111010000011,22.073706847724097,9.765625e-05
01100000011001010100,25.72055905864432,9.765625e-05
11110110111101101011,14.135929316809504,9.765625e-05
10010010001011000111,33.08495154961486,9.765625e-05
00101110110101000011,34.77166468243149,9.765625e-05
11011110010110000101,18.172508144549884,9.765625e-05
00010101111111000001,29.21835809403186,9.765625e-05
00101001101100000110,20.537117164065204,0.0001953125
01001000011010000100,20.096888728015113,9.765625e-05
00100111100011100000,17.622654691702564,9.765625e-05
10111000010010000011,27.46806940666191,9.765625e-05
10010100110110010001,16.29848086116856,9.765625e-05
00011101101000000110,25.730099775705433,9.765625e-05
11101101101111101110,15.198113383933872,9.765625e-05
11011001011101101000,12.864373749952495,9.765625e-05
01011011011111000010,13.829569039308176,9.765625e-05
00010100110101000000,19.065164051861718,9.765625e-05
01101101011100010100,11.06680494098801,9.765625e-05
00101000001000000000,25.161821869240917,9.765625e-05
10101001000011000101,34.91362350160777,9.765625e-05
10111011011111110011,35.72381387399072,9.765625e-05
10010010100100010010,25.581978731793985,9.765625e-05
11010110010001111001,10.942588683201706,9.765625e-05
00001111000111101001,14.202844287855303,9.765625e-05
11010110010110001011,12.470879699241898,9.765625e-05
10001001011000100110,22.99586490677289,9.765625e-05
10100011010010001001,32.070123890817584,9.765625e-05
10100011001100000110,31.693620350424766,9.765625e-05
01000101100001101000,33.48329815811509,9.765625e-05
11011001110110000000,12.424583154173341,9.765625e-05
10010000011010001000,24.304410313781755,9.765625e-05
00011010010110111010,28.628673991591196,9.765625e-05
01100011111010000001,17.76178375909774,9.765625e-05
10111111001011111101,29.50449592862588,9.765625e-05
10001000000000101100,30.65721527410321,9.765625e-05
10111111111001111101,24.816428703289183,9.765625e-05
01001100010010010001,11.06960899197465,9.765625e-05
11111110000011100010,35.25565282995578,9.765625e-05
11000100101000000010,20.142646218575788,9.765625e-05
10000111010010000000,16.980885654940625,9.765625e-05
11010110110100101000,9.767341237714545,9.765625e-05
01000100001001100011,30.161202147893185,9.765625e-05
00110111110111001001,10.969490975491865,9.765625e-05
10110011101010111011,24.39546837682552,9.765625e-05
01111000101000110101,15.720269650392213,9.765625e-05
00000101101011001000,37.45117123566223,9.765625e-05
00101001001011110001,26.846878321096,9.765625e-05
01100111101101010011,16.286486094237233,9.765625e-05
01010100110101101001,25.954463734038285,9.765625e-05
10011010001100001101,33.720218117950616,9.765625e-05
00000001101101011000,42.02035401657453,9.765625e-05
11011011110100000100,18.451235985711598,9.765625e-05
01111011010010011100,21.61805328787985,9.765625e-05
10100010000110100010,42.79139531523481,9.765625e-05
00101011010010011001,37.81934351875468,9.765625e-05
01111010000010011110,24.641172306186128,9.765625e-05
11001011101110001010,20.229786527645665,9.765625e-05
11001101000000000000,19.569165911720873,9.765625e-05
11010101101011001001,36.03917633048647,9.765625e-05
00001001100111000010,26.26203152268708,9.765625e-05
11111100101101100011,9.476615832471769,9.765625e-05
01001010000110001001,25.825333455425366,9.765625e-05
10110000100100110011,22.329826488934472,9.765625e-05
10001110100001000101,31.783288421869923,9.765625e-05
01000110011011011111,26.091967116356223,9.765625e-05
10110001000000001000,16.555391384726157,9.765625e-05
01000000100100010000,27.00939155062122,9.765625e-05
01111101011101011101,11.463691203039637,9.765625e-05
01010001100001100110,32.62867546043333,9.765625e-05
11111001101100010011,17.871751790157166,9.765625e-05
01000000100001000110,31.52392249845487,9.765625e-05
11000000010000000001,17.049216867706342,9.765625e-05
11101010101110111000,32.14420371999988,9.765625e-05
10000000001110001110,45.55461904165511,9.765625e-05
01101100011000000011,11.586709635715419,9.765625e-05
10110100010010000010,16.230689426491978,9.765625e-05
00011010000110000001,21.15141812413666,9.765625e-05
10010101000100101000,18.687418140771012,9.765625e-05
10101100111100100010,21.50015991359502,9.765625e-05
00110111001101110001,14.885177366403411,9.765625e-05
01110011011100110010,16.202844287855303,9.765625e-05
01001101010110000000,12.928514022389784,9.765625e-05
10001000000010011110,38.06426812902983,9.765625e-05
11010100111111111011,26.994863623315382,9.765625e-05
01010101111010011001,43.48349898195181,9.765625e-05
11010110110101001001,8.451155308031929,9.765625e-05
11101000101010010000,19.938185295226155,0.0001953125
01101111110000110100,20.857677129345237,9.765625e-05
11111110011010111011,21.354638015935844,0.0001953125
11000110010000010111,19.230814660598824,9.765625e-05
10000010100000011001,33.767328754527846,9.765625e-05
10000000101001001001,39.55461904165511,9.765625e-05
00010000110001101000,37.00676063623555,0.0001953125
00001110011011011010,25.45210276330542,9.765625e-05
00101010100000101000,37.08625407227494,0.0001953125
01001101000011010110,12.844154947789024,9.765625e-05
00010000000100001010,26.501046873971205,9.765625e-05
10111111101110111101,23.584486485641307,9.765625e-05
10110100111000001000,12.212895332660406,9.765625e-05
10001001001110100000,21.069608991974647,9.765625e-05
00010000010011011100,39.772434342468216,9.765625e-05
00001110101001011100,26.611789038199284,9.765625e-05
01101100001110000000,12.142305277882084,9.765625e-05
11111011001010001011,34.07524391055793,9.765625e-05
01111111000110010100,28.421544758947,9.765625e-05
11000011000011100100,13.155189089597904,9.765625e-05
10101110011001001000,43.68525069116336,9.765625e-05
10111010011010001011,36.303080376517,9.765625e-05
10000010010000001010,34.81906378569971,9.765625e-05
01000101111101010100,23.6215180850706,9.765625e-05
00010000000001001101,30.107605949499565,9.765625e-05
11110011011100000001,19.728736943651924,9.765625e-05
10001000101000100100,30.13228402560891,9.765625e-05
01111001011001010110,10.470879699241898,9.765625e-05
01001000000011010010,22.315742142085593,9.765625e-05
11100110111110111000,18.57806558674708,9.765625e-05
00010100000001000001,15.001188139073562,9.765625e-05
00000101101100000000,27.209493729549685,9.765625e-05
11011101000111001010,23.506472240433766,9.765625e-05
11110100010011010100,12.308820677771722,9.765625e-05
01100101011001010001,12.902451777801009,9.765625e-05
01000000111010010001,41.32074997107244,9.765625e-05
10101110101110101100,32.22543122766811,9.765625e-05
11101010101000111110,31.540293374552117,9.765625e-05
00111101111111100111,11.595798669240157,9.765625e-05
00101000111100010001,45.98216156772113,9.765625e-05
11110101001101101100,20.379776650456968,9.765625e-05
00000001110000010000,29.006269669725654,9.765625e-05
00111000111000110010,20.07429554660896,9.765625e-05
00000100000101000100,24.049216867706342,9.765625e-05
00101100010011001010,24.09801909305373,9.765625e-05
01000101011011000100,23.311978152638762,9.765625e-05
10101011001111011000,43.794611298557875,9.765625e-05
00011101111100110000,18.08310900430721,9.765625e-05
00000001110000000100,27.031008131515815,9.765625e-05
01010001110001111000,29.887687214707093,9.765625e-05
00101101001111010001,14.452767051920155,9.765625e-05
00001111001011010011,14.455573900056535,9.765625e-05
11010011011101110000,14.972947730151848,9.765625e-05
11011100011110100001,6.886167097395534,9.765625e-05
10011010001000110001,31.49852704536331,9.765625e-05
11010111100100010000,21.06090118916928,9.765625e-05
10100100011000100010,22.82563806772653,9.765625e-05
00101101101001010011,12.984279558455682,9.765625e-05
01000011000000100100,13.900005329559445,9.765625e-05
11111010111111111110,27.836423043550152,9.765625e-05
01100010011111001001,35.36191689749091,9.765625e-05
00101010101110100110,40.23788988943975,9.765625e-05
10010010110000111000,22.654736236179968,9.765625e-05
00011111111011001010,17.91264690109621,9.765625e-05
01011111100110111110,24.759146788622594,9.765625e-05
11000100111001010110,20.854176847356058,9.765625e-05
10001110000001110000,29.5703886269174,9.765625e-05
10001000000010101110,32.82563806772653,9.765625e-05
00001110001111101000,20.741288679162725,9.765625e-05
01011111111100000100,17.89218096639927,9.765625e-05
10100010001000000001,40.776765672284704,9.765625e-05
01000111000111011100,11.87637059045231,9.765625e-05
10110000101011010001,26.00321089537326,9.765625e-05
00001001000100100101,24.880735576466826,9.765625e-05
00000001000110010100,30.279671851991594,9.765625e-05
10001000011100011011,50.5412743610684,9.765625e-05
10000111100010001001,16.96136906358179,9.765625e-05
11100111110001010100,15.461614117148592,9.765625e-05
00110000000100000000,13.610835341332443,9.765625e-05
01100000101110000001,29.099878398789414,9.765625e-05
10100000100010000001,30.475903455859044,9.765625e-05
00001111100001110101,17.685749885707885,9.765625e-05
00111000101100010000,18.611789038199284,9.765625e-05
01011011110101011000,17.249851859549345,9.765625e-05
00011101011000000101,14.274005986823184,9.765625e-05
11111011111111100000,21.498476541610046,9.765625e-05
10110100001100000001,10.603964675039105,9.765625e-05
11110110110111101011,14.530891228808812,9.765625e-05
00001100010100100110,24.952648690462517,9.765625e-05
00011110000010110000,15.772678656215762,9.765625e-05
10111111110101001001,27.627707898664866,9.765625e-05
10101010101000001010,41.4659756587195,9.765625e-05
11110011110000000100,14.572299241762785,0.0001953125
10000010110010000001,36.403493133760115,9.765625e-05
11101011001000110110,32.378563942596315,9.765625e-05
00001001111000001110,30.87891530914622,9.765625e-05
01001111010011110011,13.349614172191487,9.765625e-05
01111010000000100011,26.937645604264222,9.765625e-05
10011111001100011100,24.25280684543729,9.765625e-05
10011010110110010100,36.579168439213994,9.765625e-05
01011011011001110001,17.10831832611229,9.765625e-05
00010010001011000011,28.187191844460262,9.765625e-05
00100100010000000001,19.389460319352832,9.765625e-05
01000100110010000000,24.011838722444036,9.765625e-05
01011011000010000100,18.323381707006376,9.765625e-05
01101000001000011111,25.58197873179399,9.765625e-05
10111110000101101001,35.17530875109293,9.765625e-05
01100101000000010001,17.358444281101296,9.765625e-05
11011000000000110010,13.988393967493113,9.765625e-05
10100100011010100000,24.400091530649394,9.765625e-05
11010011100111010110,17.537588758501183,9.765625e-05
01101110111111010011,20.574002710151248,9.765625e-05
11101001111000101011,18.3107280715054,9.765625e-05
01010111010101100000,16.630607820540405,9.765625e-05
01111110011011001010,16.70102038518904,9.765625e-05
01100101010001110100,13.027596842368139,9.765625e-05
10000010000011000100,36.49788939910416,9.765625e-05
11000111111001010100,11.02759684236814,9.765625e-05
00010001100011100000,32.22786665072529,9.765625e-05
11110110011111101011,17.349710886264848,9.765625e-05
01100010110110000100,26.277654428200123,9.765625e-05
10110101011100001001,13.518002819005826,9.765625e-05
00100000000010001000,30.12403252606326,9.765625e-05
00010000110000000101,29.120261560602017,9.765625e-05
01110011011000000111,13.539510104263691,9.765625e-05
01110101100011011001,28.94777151521795,9.765625e-05
01000001000011010010,24.97669651554962,9.765625e-05
00001000101110011000,44.69612594357639,9.765625e-05
11010011010000101000,12.201358512494991,0.0001953125
10101011011000000001,48.17250814454989,9.765625e-05
01110011110001000000,11.271433580893522,9.765625e-05
01011111000111000010,22.065575347744087,9.765625e-05
00000000100011100001,50.24416372719026,9.765625e-05
01000101000101010011,19.79930234251595,9.765625e-05
11111110110110110111,20.6399730230733,9.765625e-05
00001111111101010111,22.867891108273167,9.765625e-05
11110001010101000000,10.784175393085924,9.765625e-05
01111001110100100000,12.983695947520616,9.765625e-05
01110001010100010110,10.486287828889392,9.765625e-05
00010110001000010100,19.767341237714543,9.765625e-05
01000001101011001001,41.36610530246085,9.765625e-05
01111100010000110011,8.899368004599218,0.0001953125
10100011110000101110,27.032196270589374,9.765625e-05
11110101001001010110,21.506472240433766,9.765625e-05
11110101101101110101,13.91122368336189,9.765625e-05
11100100100000000100,11.38319064962718,9.765625e-05
00111111110100000101,19.728736943651924,9.765625e-05
10111011101100101010,25.26873810196237,9.765625e-05
10010010100111001000,22.428780336095112,9.765625e-05
10111000010100000000,30.36377440228918,9.765625e-05
00111111111011010011,13.56355022975513,9.765625e-05
00111101010101010100,13.204094368988665,9.765625e-05
11001100011000011001,12.156768673118442,9.765625e-05
01011010001110000011,17.356475876029123,9.765625e-05
00111101100111010110,12.671212788806276,9.765625e-05
11101111011010011110,26.623981282490746,9.765625e-05
11011100110101000000,7.2683881116857485,9.765625e-05
00111101010101100011,9.731430230159704,9.765625e-05
00000000011000001000,40.0,9.765625e-05
11010110011110010101,12.310728071505402,9.765625e-05
00011111000111101010,15.246742472680289,9.765625e-05
11000011100000111011,19.759156474659548,9.765625e-05
10101110001110100011,35.83287048390194,9.765625e-05
01001010111000010000,23.322988412322808,9.765625e-05
01110111001010110101,27.336471849731204,9.765625e-05
11001000011000010010,20.063339322248996,9.765625e-05
01010100110110110000,25.59452775728225,9.765625e-05
11101111011011000100,29.74982696406515,9.765625e-05
11000010111001000000,22.87892155073957,9.765625e-05
01100110101100000000,15.47717498263481,9.765625e-05
00111101011010010001,13.025383378330979,9.765625e-05
00111101111101000001,6.887265596333723,9.765625e-05
10000110101000110100,26.50703682148171,9.765625e-05
11101010001011111000,37.20792935007821,9.765625e-05
01001110101111000100,16.914991840833565,9.765625e-05
01011011011110000100,11.155189089597904,9.765625e-05
10000011100111100100,24.311566220302346,9.765625e-05
01001101011101001100,13.666328120357786,9.765625e-05
01010100111110000001,27.35868934006628,9.765625e-05
00110111010010110110,21.36800030013503,9.765625e-05
11010011000111011000,14.867923785082041,9.765625e-05
10001011111011111011,34.84679140182298,9.765625e-05
10111010111001101011,35.773021484974095,9.765625e-05
01011110011001111000,14.327060545641604,9.765625e-05
00000001010000000010,24.276861559411607,9.765625e-05
11010011110000000101,10.720209166334726,9.765625e-05
10010010110000000001,20.183980949087,9.765625e-05
10111101111101101101,12.627558732224966,9.765625e-05
00101010000011000010,40.57438881084052,0.0001953125
00010000101101000000,32.88859282357594,9.765625e-05
10111010101010111110,33.50944869360031,9.765625e-05
00010010010000000000,16.212895332660406,9.765625e-05
00001011111000111100,30.193777456030222,9.765625e-05
11010111101101010101,16.510473382109865,9.765625e-05
01111011111110101100,15.80107627410814,9.765625e-05
10100110010110100000,33.6243319092214,9.765625e-05
10101011101011001011,33.41835721891695,9.765625e-05
11111011111111100100,20.72732874446278,9.765625e-05
10011001101000110100,19.860728753019163,9.765625e-05
01010001000001000101,18.798821698087405,9.765625e-05
10011010101110111010,28.410109262191572,9.765625e-05
10010101011101001011,18.33096309556643,9.765625e-05
11011111101011111100,22.665782187802503,9.765625e-05
10101101101000010010,18.087483029064817,9.765625e-05
10000010011100111001,50.5412743610684,9.765625e-05
10110000011010010011,26.733268090252988,9.765625e-05
10101010101000101010,39.44967431626266,0.0001953125
11100111111011001011,18.960157198905588,9.765625e-05
11011100110100110000,4.720554596352203,9.765625e-05
01001100000010000000,11.90025840941901,9.765625e-05
01110001111011011100,21.86263875839871,9.765625e-05
10111000111100001000,22.45528938341053,9.765625e-05
10011000010100000000,21.56814122321132,9.765625e-05
00001011001111010101,30.86502928325158,9.765625e-05
11001100001110010100,11.980203686426014,9.765625e-05
00100110011010101010,28.351275265736327,9.765625e-05
10110000101100000001,16.292808743566983,9.765625e-05
01110011011110111100,16.112109681495955,9.765625e-05
11111011010010010000,36.723238882576254,9.765625e-05
00001010001010100001,31.39102053079946,0.0001953125
10110010010011010100,40.89259823124391,9.765625e-05
00011101100111101110,25.217218777377358,9.765625e-05
00101100100100010001,20.18220151032253,9.765625e-05
11000001000100101000,15.252440927530374,9.765625e-05
10100110101010100100,28.067964658404755,9.765625e-05
10011001000010001111,22.114031027258463,9.765625e-05
11010110001010001100,20.99813445267096,9.765625e-05
11011001010111001100,13.459541629344711,9.765625e-05
11000010110010010010,22.694756869929524,9.765625e-05
01000011000011111000,18.48724152575623,9.765625e-05
00000000001001001010,43.766316549204994,9.765625e-05
00000101000000010110,22.372211521622496,9.765625e-05
01011111000110000111,22.065575347744087,9.765625e-05
11000001100001000100,10.73311161570339,9.765625e-05
10110101010011000111,17.691117292631624,9.765625e-05
01101000010100000000,24.62468877754541,9.765625e-05
11111100010110000101,16.303257866646693,9.765625e-05
10101001101100110111,31.36215767966765,9.765625e-05
11100010000000110001,32.74135967080544,9.765625e-05
11101011001000000010,36.40463690191037,9.765625e-05
10111110111100111010,23.594234904586543,9.765625e-05
00111111010011010111,20.582732856434674,9.765625e-05
10001010100011101010,36.05416899622673,9.765625e-05
10111011101010010011,30.43764841765197,9.765625e-05
01111100010000101001,14.24807594151586,9.765625e-05
10100000111100001000,36.91750720714935,9.765625e-05
10111110011101111011,31.25145391740062,9.765625e-05
01010110011000010100,13.767341237714545,9.765625e-05
10011000001010110000,21.06960899197465,9.765625e-05
11110000001101000110,16.002395650221036,9.765625e-05
11111110111111110000,18.18469332569973,9.765625e-05
01000000011000110000,29.361567827139236,9.765625e-05
10011100000100100001,10.043828972483512,9.765625e-05
11001000100001111000,20.368745902883482,9.765625e-05
00000100100101101001,36.90685309220807,9.765625e-05
00010100010101010101,20.44295180935707,9.765625e-05
00110100010011111101,26.00321089537326,9.765625e-05
10111111111110011011,21.556763685585068,9.765625e-05
10110101110110111001,16.676900834038154,9.765625e-05
00000101000001101001,24.623371236340144,0.0001953125
11100111001101100000,23.069364950858173,9.765625e-05
10011111010101101001,17.763103373871495,0.0001953125
10100011010000000001,35.41112572266648,9.765625e-05
00100010010010000010,34.64231506728424,9.765625e-05
11111110011100101000,25.809109346204586,9.765625e-05
00111100111001100011,10.561479298330244,9.765625e-05
00100011001101001011,28.049919372778234,9.765625e-05
00001110011010010000,20.431469024515735,9.765625e-05
00011011000010100001,17.361213755964968,9.765625e-05
01101010110000000011,31.51519252642584,0.0001953125
01001000000000011100,21.09061905828946,9.765625e-05
10000100111010010101,35.877052471839725,9.765625e-05
00100101001011101000,25.64087311393005,9.765625e-05
10001110111001100011,30.32669390415344,9.765625e-05
00111101110101100001,9.446378389680998,9.765625e-05
00110001010000000000,10.116302265330567,9.765625e-05
10111000000100001101,34.08964943379232,9.765625e-05
11111111101011011001,30.43963377904278,9.765625e-05
11110001110000110000,9.69177344074857,9.765625e-05
10000110001010011001,23.374668390322082,9.765625e-05
01110011100100011100,14.91465163456093,9.765625e-05
01110111100110011100,21.335032224595444,9.765625e-05
00001100100001000100,20.31826374999472,9.765625e-05
01001101110001111001,18.833163336597643,9.765625e-05
00000000001000100000,35.20321157663734,9.765625e-05
00001001110010100110,28.739361826227935,9.765625e-05
10111010100010111011,34.612308720633266,9.765625e-05
00110111100111000001,11.58049067647344,9.765625e-05
00000001001101000001,30.489676214392347,9.765625e-05
11101110000110011110,34.09182666740396,9.765625e-05
10101000001000001100,38.22674876887337,9.765625e-05
10101011101000001011,35.041684720787835,9.765625e-05
10011101000111110111,14.623607664988157,9.765625e-05
11111001001111110001,20.731488004194652,9.765625e-05
10100011011001000100,32.84781036518038,9.765625e-05
11010001011110011000,18.695479656160458,9.765625e-05
01001111010011110001,12.12449108839535,9.765625e-05
01000001000000010000,16.322994653916155,9.765625e-05
10001011001001101010,25.569107414104675,9.765625e-05
01100011011101011100,20.929979086528757,9.765625e-05
10100101000100100001,18.611505871540526,9.765625e-05
10101110001111100010,35.69457956530371,9.765625e-05
00001000000000110000,28.97392777510701,9.765625e-05
11011101111000111100,18.60619063310278,9.765625e-05
10011101010010110101,16.039795241125738,9.765625e-05
10111000000101100001,31.55297024579309,9.765625e-05
01101000101101110000,26.528698693224552,9.765625e-05
11111011110000111110,25.02072346605226,9.765625e-05
11100010001000110001,30.67924306375297,9.765625e-05
00010111011111010111,18.659771137584702,9.765625e-05
01010001110010000110,28.576836629957203,9.765625e-05
00100010001010000100,32.13942128363684,0.0001953125
10010110011000101000,17.3465193629655,9.765625e-05
00100100100100000001,18.175568719839696,9.765625e-05
00110110100010011000,17.010739401547927,9.765625e-05
00010000100100101100,36.91750720714935,9.765625e-05
01001110110010010100,13.938185295226155,9.765625e-05
11001001001000001000,15.828808760201337,9.765625e-05
00100100111110000010,29.76518183063765,9.765625e-05
10111010100011011010,38.52444915690326,9.765625e-05
11110110100111101000,17.135056297622327,9.765625e-05
00011001111101011011,30.88341115604307,9.765625e-05
00101000011010000010,30.067964658404755,9.765625e-05
01001001000000010000,14.015673703533574,9.765625e-05
11111111001110101101,33.13242285871799,9.765625e-05
01000111101000100000,28.658564975676164,9.765625e-05
00100010010010000110,39.334994116901655,9.765625e-05
00100010100010001000,28.687744747631772,9.765625e-05
10010010010010001011,24.050895973289794,9.765625e-05
01010101000011010101,26.59732845095249,9.765625e-05
11111011110110001110,23.192396720744934,9.765625e-05
00101100110000000001,20.188156870870245,9.765625e-05
10000010010111111000,50.43900220012257,9.765625e-05
01010001010110001000,22.497889399104164,9.765625e-05
00001000001100100000,30.53022403428095,9.765625e-05
10101110110100101101,45.44470626011197,9.765625e-05
00001110101011000001,20.618944944719875,9.765625e-05
00110011101111000000,14.234876922376795,9.765625e-05
01111001001110000010,15.795513462983116,9.765625e-05
10111011011011011111,36.34488316989339,9.765625e-05
11110111011110000100,22.639078558243725,9.765625e-05
11111101000011111010,28.403319360705098,9.765625e-05
10011001101011100000,18.639929113939978,9.765625e-05
01010101100101010010,30.611496185503576,9.765625e-05
10000101001010001111,29.64087311393005,9.765625e-05
01010101000010110111,39.574196215038455,9.765625e-05
10111101011001010011,17.816486477324126,9.765625e-05
01010101011100101001,33.155895948198534,9.765625e-05
00100111001110000001,17.498486227646993,9.765625e-05
00000000100000000000,31.0,0.0001953125
01111100111110000100,8.24705125300631,9.765625e-05
11001101110001110000,8.265255526904717,9.765625e-05
11011100011110010100,8.329264323641809,9.765625e-05
10101111000010001010,36.99437951280705,9.765625e-05
01110111101001110011,26.639963337036342,9.765625e-05
10001000100001001010,32.87892155073957,0.0001953125
00000001011101010011,44.709811782836674,9.765625e-05
00001000011010000000,31.006269669725654,9.765625e-05
01011100010101110001,7.2194111170710284,9.765625e-05
11011100110110000001,7.0275968423681405,9.765625e-05
00011001100011100110,24.05470598800594,9.765625e-05
11111001010101000111,21.422144112008493,9.765625e-05
01011001000100000100,14.732215692871499,9.765625e-05
01010001010000111100,22.3076228526612,9.765625e-05
01110011010000110110,15.953875955078356,9.765625e-05
11011101110111011011,14.528263944370625,9.765625e-05
00111111100111111011,16.74484612036899,9.765625e-05
00101110100100010001,30.727863113756296,9.765625e-05
01001010100100010011,30.52368462264436,9.765625e-05
00010000110100000000,25.27340218226594,0.0001953125
10101010111010100000,44.44967431626266,9.765625e-05
01101100100010011000,16.048438086741704,9.765625e-05
10110001010010011010,20.85336349026845,9.765625e-05
10000111001001001001,16.31669937052324,9.765625e-05
00000010000000000001,28.231104068850932,9.765625e-05
00010000111100001001,38.5546190416551,9.765625e-05
11001111111111111111,14.807679184931837,9.765625e-05
11111011011010110101,28.119769957638084,9.765625e-05
10101001111001110010,27.53867113391848,9.765625e-05
01000001001010000001,28.579168439213994,9.765625e-05
11011101111101010101,9.644280235052875,9.765625e-05
10101010101011101000,42.408214351644595,9.765625e-05
11101101111100100011,14.791487665392726,9.765625e-05
00001110110010110100,26.89337525993897,9.765625e-05
10001001100110000010,22.914991840833565,9.765625e-05
01111100011000010001,6.611505871540526,9.765625e-05
01111101011111010111,8.349768660299798,0.0001953125
01001101100110101100,24.56603154763861,9.765625e-05
00110010010000011110,28.811724147456076,9.765625e-05
00110010011000001010,20.0798103568632,9.765625e-05
00010100001010001011,34.130328103723436,9.765625e-05
01011011011100010000,14.74507212781067,9.765625e-05
11101111001110011111,28.959515275858212,9.765625e-05
11100101110000010110,11.233573420737216,9.765625e-05
11111001111011110100,12.783821234784455,9.765625e-05
00110111110011010000,13.412466597578767,9.765625e-05
10101001000100001011,35.037021276938304,9.765625e-05
11010110010100001111,13.394772847768042,9.765625e-05
01010011011111111110,24.979352428784694,9.765625e-05
10000011010100010010,31.47039217717561,9.765625e-05
00101110101111000110,26.330963095566435,9.765625e-05
01001111101111010111,14.786666397754672,9.765625e-05
11010011011001001000,12.720209166334723,9.765625e-05
00011101111011010100,19.849095316703963,9.765625e-05
01010111000001010001,20.709991226522007,9.765625e-05
00010111010011000101,12.552893834105298,9.765625e-05
11110001000101101100,14.720209166334726,9.765625e-05
11000111110010111110,16.324111801347005,9.765625e-05
10100001000110000110,26.276446917052652,9.765625e-05
01111100110010010010,8.859395273343779,9.765625e-05
11010111011001011000,17.383546881497146,9.765625e-05
00011111110101011010,15.35647587602912,9.765625e-05
10111000000110100001,26.599846527290804,9.765625e-05
10101111101010111100,26.45780682329481,9.765625e-05
11101000101110010110,25.226320908906654,9.765625e-05
10000100100010011000,23.49439713800956,9.765625e-05
11000111100101111100,10.055203370773235,9.765625e-05
10000111101010000100,20.20129376244563,9.765625e-05
11110101000110111100,23.557866243784737,9.765625e-05
00001011100010100100,20.118209659064245,9.765625e-05
10000100000100010101,23.101607148749846,9.765625e-05
10101011010001101100,48.22760565329019,9.765625e-05
10100101010000101010,20.737530931309244,9.765625e-05
01010000100000100000,24.689609435584515,9.765625e-05
01011111000111010011,17.823122064956706,9.765625e-05
01111110111100111111,14.515785823397863,9.765625e-05
00000011010000011110,26.9597956345274,9.765625e-05
01010101001001011100,32.93076317836544,9.765625e-05
11001011001100000100,23.663244347155995,9.765625e-05
10100100111001000000,20.276861559411607,9.765625e-05
01010000110101001111,34.64250684153805,9.765625e-05
00001110011000011011,26.52368462264436,9.765625e-05
00110010011110001000,21.551056610466063,9.765625e-05
11000010100100010000,20.191278751765815,0.0001953125
10111010110110000010,36.57438881084053,9.765625e-05
10111010101111001001,35.98314285344705,9.765625e-05
01101001111000011100,16.833164060178895,9.765625e-05
10110101100101000100,11.294720403292537,9.765625e-05
01110110010111000100,13.448900732011193,9.765625e-05
10010001001001000110,21.352621963019473,9.765625e-05
00001111001110001010,15.390959312320906,9.765625e-05
11101011111111110101,33.89262612561973,9.765625e-05
00011010010011110100,32.543292731363366,9.765625e-05
11100101110000111101,13.677328694004874,9.765625e-05
10111010101010010110,36.53048093997859,9.765625e-05
00110111111100000111,13.537588758501183,0.0001953125
10001000000110001010,34.06426812902983,9.765625e-05
00100011010011000000,22.540415713132543,9.765625e-05
10101110001110101110,35.99557307192569,9.765625e-05
10010111111011100011,23.014828698325417,9.765625e-05
10010001000001000001,14.642315067284237,9.765625e-05
10001111100101000110,22.110391537497417,9.765625e-05
11111110001110101001,25.736342155781642,9.765625e-05
11100110000110000000,24.365585717993895,9.765625e-05
10001010001010000000,34.534682475429086,9.765625e-05
10110101111100100101,13.007457808799217,9.765625e-05
10111100100011110011,15.561533627921582,9.765625e-05
00000101000010001100,26.81495532398837,9.765625e-05
11100001001101110101,21.276491473479833,9.765625e-05
00100010001010000010,29.46292657040406,0.0001953125
01010101001001000110,35.907564216800566,9.765625e-05
01110110000110010011,14.300843714567854,9.765625e-05
00010101000111011101,23.960629615299492,9.765625e-05
01000001100000000110,24.228287534677595,9.765625e-05
01110111110100010111,13.498476541610039,9.765625e-05
11111100111100101010,7.896840878677987,9.765625e-05
00111100111110010000,10.209724640185602,9.765625e-05
00001010001000000001,32.372211521622496,9.765625e-05
01101011101100111001,27.76388113698763,9.765625e-05
01000101111001001111,35.93780000524532,9.765625e-05
11101011101001111000,26.956759949323605,9.765625e-05
01010100110100010011,18.83471803003217,9.765625e-05
10010010011001001010,27.695970622670345,9.765625e-05
10101010101000101000,40.53468247542909,9.765625e-05
00011111110111000011,11.349710886264843,9.765625e-05
11101011011100110111,39.237096089929935,9.765625e-05
01100101010100000010,15.233573420737216,9.765625e-05
11101011111110110110,26.469369562234565,9.765625e-05
11001000101011110010,24.29852615201681,9.765625e-05
00101000100000000010,25.57570906206833,9.765625e-05
10110000010000011001,23.712722212297443,9.765625e-05
11101010011110101100,40.201659680352556,9.765625e-05
11011100100111111111,13.801120830535325,9.765625e-05
00000000100100001001,44.54058622724782,9.765625e-05
01110000101110101110,31.25061277511023,9.765625e-05
01111101001111010011,14.756274553982813,9.765625e-05
00100101000010111000,25.667499303112717,9.765625e-05
10100010010000000010,44.77425728198334,9.765625e-05
10000110110001011100,28.23109782725758,9.765625e-05
00100110011010001001,25.283924097925777,9.765625e-05
01000000000101010101,33.305689023712,9.765625e-05
01000001001001010100,20.064268129029823,9.765625e-05
10111110000110111001,31.27256684145856,9.765625e-05
11101111011000010011,34.92703583861007,9.765625e-05
01010100010101110000,14.89337525993897,9.765625e-05
00011111111101001100,14.654321593821013,9.765625e-05
11110001010001100110,11.76842976718833,9.765625e-05
01110110011100011100,11.897743777524296,9.765625e-05
10110101010001110101,15.443568097101005,9.765625e-05
10101110101010111101,34.27937275770253,9.765625e-05
10010111100111011001,12.889786480661606,0.0001953125
01011110100000011001,18.346236196306737,9.765625e-05
10101110101011011011,32.907035278391945,9.765625e-05
11110001111001010100,8.276446917052649,9.765625e-05
01011111000111101101,18.723064102469102,9.765625e-05
01001010011110000000,22.910636540856007,9.765625e-05
10110011010000000010,24.507368897686725,9.765625e-05
10100101110000110010,18.214455544107032,9.765625e-05
11101111100010101011,30.950123725236992,9.765625e-05
00000100101100011001,38.00031430917794,9.765625e-05
10011110010110110101,24.18470301173668,9.765625e-05
01100011000011001000,17.16541607899353,9.765625e-05
11110011110101000001,16.502463213658135,9.765625e-05
11101000110000101011,24.471294341600853,9.765625e-05
10101000000000100010,34.16434899516214,9.765625e-05
10100111111110110111,28.68373266905647,9.765625e-05
01000000010000011010,28.431758432767843,9.765625e-05
10101111100010011010,30.124690660211854,9.765625e-05
00111010001000001001,27.63812757139942,9.765625e-05
11000110001001100101,19.480692133815424,9.765625e-05
01000001100011001000,31.1457068809928,9.765625e-05
00100010001110100010,37.147213057115344,9.765625e-05
00011110010100001110,19.313898763980212,9.765625e-05
01001111010111001010,13.423265612968073,9.765625e-05
00000001001011111110,48.656188082711175,9.765625e-05
10000011111000101000,22.23391436143092,9.765625e-05
00100011001010010010,22.627558732224962,9.765625e-05
00011010001001000100,26.447027179979415,9.765625e-05
10011110000010110101,24.586426469056658,9.765625e-05
01101101011011010100,9.997786535962844,9.765625e-05
01001110011110011010,15.109629625724207,9.765625e-05
10011001100000001000,18.03953664325408,9.765625e-05
01001010011000011110,26.910636540856007,9.765625e-05
00101111010011000011,23.36895128697933,9.765625e-05
11001000001010011011,24.45403306068382,9.765625e-05
10110000000011001001,24.014472259315397,9.765625e-05
11101111011011111100,23.623737154247067,9.765625e-05
01101101010111011000,16.07491527879651,9.765625e-05
01111100100010010001,13.074927761983208,9.765625e-05
10010101101110011100,28.8538421482557,9.765625e-05
11110100010111010010,10.783821234784455,9.765625e-05
01100110101100100100,20.002151521977357,9.765625e-05
11000100000001000000,10.161821869240915,9.765625e-05
01000101010101000000,14.422077473894513,9.765625e-05
11100101110101011110,11.161705597589775,9.765625e-05
10101010011110101100,59.201659680352556,9.765625e-05
10101000101000100010,27.341803663093117,0.0001953125
00101011100000010100,31.333068173051988,9.765625e-05
11011000100010101010,16.755727184313074,9.765625e-05
01011011011011001000,14.114031027258463,9.765625e-05
00101000001010100011,30.453056460172263,9.765625e-05
10111110000100001111,39.21269387236964,9.765625e-05
10001001100001000111,25.350706858850316,9.765625e-05
11000110000010101000,14.870448103013711,9.765625e-05
10000001101000011000,26.164632161820904,9.765625e-05
00101010000010100001,41.25087654805889,9.765625e-05
01000001110111001001,37.32776024272394,9.765625e-05
01111001011010010010,12.154218730679693,9.765625e-05
00000000000000001100,34.18123811657891,0.00029296875
11000011000000011100,11.897195036979456,9.765625e-05
10010010100100000100,22.212895332660406,9.765625e-05
01000101110011001100,29.145706880992797,9.765625e-05
11000110010100011000,12.777038135057996,9.765625e-05
11111111100011011110,32.39004828340698,9.765625e-05
00000000100000000101,39.27340218226594,9.765625e-05
11100001100001000110,11.64369038252445,9.765625e-05
11001000001111111000,26.528698693224552,9.765625e-05
01110001001010001001,25.894518842585352,9.765625e-05
00011111010101011110,16.154218730679695,9.765625e-05
00001011001110011000,23.72026965039221,9.765625e-05
11001000001011111010,24.03134834862827,9.765625e-05
10101100101100101010,19.0974952425949,9.765625e-05
10110001100010110101,21.066352190935277,9.765625e-05
11111011101110110101,25.584486485641314,9.765625e-05
01100111010101101101,18.887028444104455,9.765625e-05
01100001001010100000,22.33299718140928,9.765625e-05
00001100001000100000,15.734344016936873,9.765625e-05
01001000001010000101,22.23391436143092,9.765625e-05
00000001000000010100,22.60551936847363,9.765625e-05
10000110100101100000,21.17090183154656,9.765625e-05
00011111000001000010,20.308939757412418,9.765625e-05
10101011100001010110,43.99592723022715,9.765625e-05
01000100000100110000,17.60826118313321,9.765625e-05
11111110011110111101,21.93667868978963,9.765625e-05
01000010000001010100,22.231104068850932,9.765625e-05
01010101100001010101,27.32392626868655,9.765625e-05
10110001010010100010,17.80107627410814,9.765625e-05
11101111111100100111,25.367852053620087,9.765625e-05
10001100010000000001,21.301008710671038,0.0001953125
10101110111110001000,34.069886004167266,9.765625e-05
01011011010010110110,14.49387087179545,9.765625e-05
01100010100001001000,22.05604225399125,9.765625e-05
10011101001101000100,14.478125969479112,9.765625e-05
11001000000000100100,16.110310565550492,9.765625e-05
11010011011100000111,16.4708796992419,9.765625e-05
01110000101010010110,21.78871278128034,9.765625e-05
11010001110011011110,21.142410954411144,9.765625e-05
11000010010110001000,21.221670682664886,9.765625e-05
00101100011001000010,18.471294341600856,9.765625e-05
00110011100000000001,14.644641369368749,9.765625e-05
00010110000000000000,14.318016911728506,9.765625e-05
11000011000000111000,13.48481652315707,9.765625e-05
01111100001100011100,12.504881855060745,9.765625e-05
10101110101100101101,36.54095214515475,9.765625e-05
11100101110011010100,10.848764062047215,9.765625e-05
00011111010011000101,12.72856913955918,9.765625e-05
11110100110000101001,9.313898763980209,9.765625e-05
10011110101110101011,16.825917066360432,9.765625e-05
10010000101000111000,28.559755636319604,9.765625e-05
00010000110101000110,39.306750899990384,9.765625e-05
11110000100100000110,10.293769416448239,9.765625e-05
11111101100101010000,21.254711529148437,9.765625e-05
10101000101001101010,33.008421191703015,9.765625e-05
10100110010010100000,31.556594717008952,9.765625e-05
10001011100100001100,28.36377440228918,9.765625e-05
10100100111100000100,24.716203758666758,9.765625e-05
01001010111001001011,32.864091514015044,9.765625e-05
10111110101010001110,27.617329767227865,9.765625e-05
00110000010100000010,17.183980949087,9.765625e-05
01011100010101101001,11.43044089156258,9.765625e-05
11100101110110010001,14.55651302148078,9.765625e-05
00100100001101001011,26.022447764516944,9.765625e-05
10111111111010111110,24.368058074169987,9.765625e-05
00011101010111010011,11.547362361799685,9.765625e-05
10000000100000001000,26.090619058289455,9.765625e-05
11110011000101100110,23.739981645542684,9.765625e-05
10011001000000110110,20.645635883951908,9.765625e-05
01000111111001011010,22.004303043954714,9.765625e-05
00001010011010000001,35.914991840833565,9.765625e-05
11101111010010111101,31.380447180665044,9.765625e-05
01101100011001101110,16.96266370114234,9.765625e-05
00110110011110000001,12.358274697707323,9.765625e-05
11111011010010100101,32.806829156516585,9.765625e-05
01001110010110010010,14.176477136698105,9.765625e-05
11011100100110010100,10.92851402238978,9.765625e-05
01000010000001000110,23.606717193584146,9.765625e-05
01111001111100011001,16.00841150566606,9.765625e-05
10001001000110110000,24.049543660070974,9.765625e-05
01101100001100110011,12.306660438350194,9.765625e-05
00001010110110100001,44.42456369497222,9.765625e-05
01110011110110000000,11.096718213899834,9.765625e-05
01110010100010100000,17.27177378716616,9.765625e-05
00010000000100111001,32.50891308353603,0.0001953125
11011011011101000110,21.44200342336227,9.765625e-05
11001001100000011111,19.02759684236814,9.765625e-05
00111101000010001110,23.394763896152156,9.765625e-05
01011111011101110100,12.961384267630851,9.765625e-05
00001100001000110001,18.505754590820477,9.765625e-05
11101011101010100110,23.198473060247448,9.765625e-05
01110001110000000110,11.53485634645112,9.765625e-05
00111000011001100100,24.32465056158763,9.765625e-05
00111101111110010010,11.450801149730461,9.765625e-05
00110010100111000000,21.279748176142533,9.765625e-05
10101011101110100100,33.677319007967924,9.765625e-05
10011000100001110001,24.816688672035962,9.765625e-05
00101100011000010010,18.431469024515735,9.765625e-05
10001001010000000100,23.3257471724612,9.765625e-05
11000010100101100110,29.00842119170301,9.765625e-05
11101010110010010110,38.789545695536084,9.765625e-05
11111111001111001010,34.23174980694003,9.765625e-05
01010101110111101000,38.40258752489127,9.765625e-05
00101100100010000000,16.60325781643848,9.765625e-05
00100001010001100000,22.607613116416037,9.765625e-05
01101110100111101001,23.73620714851063,9.765625e-05
10101010100000001000,47.34596167080477,9.765625e-05
10000001010001010101,29.934269636456953,9.765625e-05
01100101010110101000,24.325088401858565,9.765625e-05
10111101011000011000,22.670812186013002,9.765625e-05
11111100101001010111,12.556889643273163,9.765625e-05
11001111111011110110,13.299135463746333,9.765625e-05
01001010100000011101,28.188156870870245,9.765625e-05
10111111010110000101,36.63817294937488,9.765625e-05
10100111011001000000,24.30325786664669,9.765625e-05
00110000010100100001,21.16013841012873,9.765625e-05
10100100010001001001,25.712722212297443,9.765625e-05
11010110110110010101,9.645597776258132,9.765625e-05
11001111100011011110,15.535870614502642,9.765625e-05
10111010101100100101,38.16644274310456,9.765625e-05
11110100010001010100,10.311082229806868,9.765625e-05
10011101010110110001,12.579790157842837,9.765625e-05
10011001110110011101,24.228761839136116,9.765625e-05
11011100010000001000,12.136129710583916,9.765625e-05
10101011111010011010,34.88822626921498,9.765625e-05
11011001000101111010,18.03979524112575,9.765625e-05
11101101000101100100,20.567611218286345,9.765625e-05
00011111111111000010,13.11304745073249,9.765625e-05
10000010100110001100,35.426686588152705,9.765625e-05
11110001110100000000,7.202254435326889,9.765625e-05
00111010000010111101,35.531139710581215,9.765625e-05
11010111010101001111,14.70102038518904,9.765625e-05
00011000000001010000,21.75784310147914,9.765625e-05
10110111010101100110,23.250461905699936,9.765625e-05
00010100000110000000,17.435224051506857,0.0001953125
00011001000100100011,17.465277762574583,9.765625e-05
01101001000110100011,22.202844287855307,9.765625e-05
01110110101100010111,13.98608462172723,9.765625e-05
10011101010101101000,11.567784354887312,9.765625e-05
10101011100010100011,35.480663075704555,9.765625e-05
00010101101101000001,25.189335323906853,9.765625e-05
11001000011010000010,18.73501900943707,9.765625e-05
00110101111101011011,18.33149861850351,9.765625e-05
01110100111100000000,9.435224051506856,9.765625e-05
00101000011010101110,39.80453836127635,9.765625e-05
00111001001000000100,14.694584467749628,9.765625e-05
01010010010111000101,19.233925935532493,9.765625e-05
10100100100001000000,15.988710018100805,9.765625e-05
11011011111101101100,15.182637499947214,9.765625e-05
00101110110010110000,28.14420371999987,9.765625e-05
11110000000100001101,14.42643350829314,9.765625e-05
10000011101000010111,30.61894494471988,9.765625e-05
00111000001011000011,19.254039355434163,9.765625e-05
00111001101000000110,13.842235070868648,9.765625e-05
01010100000111011111,26.874375543024552,9.765625e-05
00011110100011100000,16.55408279513678,9.765625e-05
01110010100011100100,20.36479818171361,9.765625e-05
11011001110101101000,12.411278458505212,9.765625e-05
00001011101011001111,28.187191844460262,9.765625e-05
00000000110000001000,40.69267904961742,0.0001953125
01010011000101010100,13.183075340218153,9.765625e-05
00000011000001010001,22.293746512803516,9.765625e-05
10110110101000001010,20.184931935931303,9.765625e-05
00000000101111000100,57.25577153899838,9.765625e-05
11111111001111101110,29.679211295619574,9.765625e-05
00010110000100110001,14.506435824914025,9.765625e-05
11010100000100010000,8.665405555170306,9.765625e-05
01011011011100010100,13.898703715984485,9.765625e-05
01010011100010011010,26.92014625119299,9.765625e-05
11010111100001111001,21.133623393851046,9.765625e-05
00110010011010100000,21.098972789920566,9.765625e-05
01111011110110101100,17.734299754776952,9.765625e-05
01010000100100001000,23.87456625076201,9.765625e-05
10110000110010001100,22.13964221396854,9.765625e-05
10110000110000000101,19.50345221022919,9.765625e-05
01100111110100010011,16.17862865867546,9.765625e-05
01101101110001001000,16.469444721902118,9.765625e-05
10101010111010111111,56.97134868743021,9.765625e-05
00010000010110100000,29.121309359896344,9.765625e-05
01111000011010100101,13.161705597589776,9.765625e-05
10011001100001001000,17.538321965190136,9.765625e-05
11001010000100110100,33.58418428909542,9.765625e-05
10111010011010001010,34.33199476009041,9.765625e-05
11110111100101000101,21.340523271828673,9.765625e-05
10011010101110011011,31.088318674979284,9.765625e-05
00111000011010100001,18.73711275737948,9.765625e-05
00011010010110101000,22.69547965616045,9.765625e-05
10001110111110001000,25.73406531257023,9.765625e-05
10011101110111011100,15.295609350110015,9.765625e-05
10010111010101011011,15.056953675139457,9.765625e-05
11000010100000111100,18.696138426763085,9.765625e-05
11100000010010011011,27.661792533100794,9.765625e-05
11100010100100010001,31.141143792003923,9.765625e-05
10110001101001000001,13.869959758989502,9.765625e-05
11000111100011010000,13.074927761983204,9.765625e-05
10101011111000100011,37.010938631587294,9.765625e-05
11101110111101100101,32.36121646598751,9.765625e-05
00111111110011110111,17.563550229755126,9.765625e-05
11001111111000111100,14.227977725663248,9.765625e-05
01100010110010001101,26.961146929897712,9.765625e-05
00110010011110000110,26.141752183808514,9.765625e-05
00000000111000000000,41.88649907563353,9.765625e-05
00110111011011011100,16.278842567273678,9.765625e-05
10111010011010111100,41.475061862618496,9.765625e-05
10101110010010101001,41.937032848091086,9.765625e-05
01011111001111010100,15.623737154247067,9.765625e-05
11111110101110011010,20.547362154659638,9.765625e-05
01111001101101100101,15.786875655608128,9.765625e-05
10101110101000011010,32.28154718332462,9.765625e-05
01110011111001010100,10.959380992168441,9.765625e-05
10101010101010101010,37.28180400189505,9.765625e-05
10010100101100010011,20.189710840723524,9.765625e-05
10000011010011001010,24.050895973289794,9.765625e-05
10010110001001001010,21.394772847768042,9.765625e-05
00000100111000010000,32.895890626254754,9.765625e-05
01110011010100110111,17.2027768277834,9.765625e-05
01010101000100000101,23.93076317836544,9.765625e-05
11000000110010100010,25.305689023712,9.765625e-05
11111100111100001011,7.997786535962842,9.765625e-05
01110110110100010111,10.783821234784455,9.765625e-05
11111111101011000111,31.57909139107217,9.765625e-05
11000111110101001101,10.451155308031927,9.765625e-05
10001001011000000000,20.79424090751902,9.765625e-05
00011000101010110101,33.80428872586039,9.765625e-05
01000010010000000101,22.45528938341053,9.765625e-05
01011111000100111001,23.539736727271546,9.765625e-05
10000011010000100100,22.35400278543197,9.765625e-05
10010000110100100100,24.837181863906352,9.765625e-05
01010110111110110101,22.04070803314907,9.765625e-05
11110100011100000000,7.343709070385508,9.765625e-05
01011101001100010000,21.241490221182517,9.765625e-05
11011100010010001000,12.318016911728506,9.765625e-05
11101110000001001010,38.79880667954223,9.765625e-05
00000100101001101001,42.05958875754999,9.765625e-05
01011110010010100010,14.810936796679655,9.765625e-05
11000111111001010101,12.38628618243442,9.765625e-05
01101100001011010011,12.409768321497872,9.765625e-05
01010101000011010110,32.48538222002055,9.765625e-05
10111111100101011111,29.05606128387838,9.765625e-05
01011011110000100000,16.94451971500117,9.765625e-05
10101011101010100111,33.37367865932997,9.765625e-05
10110100100100100010,11.471294341600856,9.765625e-05
11101000000001100010,26.391993686867412,9.765625e-05
11000110000000000000,15.430868751529296,9.765625e-05
00101001010000001110,25.850071917215526,9.765625e-05
00010101010110000001,18.408214351644588,9.765625e-05
01111100011011010011,6.848731472365545,9.765625e-05
00111110101110010111,17.016765237297168,9.765625e-05
11100111100111111110,16.91261057270367,9.765625e-05
00001011001110000100,20.649722165599776,9.765625e-05
10100000100001100001,33.16013841012873,0.0001953125
11110101010110110101,15.025383378330986,9.765625e-05
01110110111100010010,10.441383691174716,0.0001953125
10101110100110010011,38.30130093775253,9.765625e-05
00001001111011010000,31.044774648455768,9.765625e-05
10111101111101001100,14.230689426491974,9.765625e-05
01100111100010010000,18.703482466793638,9.765625e-05
01101101011101100100,11.480692133815424,9.765625e-05
00111101011101110001,9.142872961186843,9.765625e-05
01011110101100111001,16.803089235607498,9.765625e-05
11111101100001110010,23.718191193626055,9.765625e-05
00010011010010001010,16.9191863127328,9.765625e-05
10100111101001101110,20.887028444104462,9.765625e-05
00010000010110010111,40.63888151094589,9.765625e-05
00110010111000010010,22.585617487133963,9.765625e-05
10001100010000001000,20.090619058289455,9.765625e-05
00100001011100000000,22.276861559411607,9.765625e-05
01001010100001011011,31.596063078642867,9.765625e-05
11101111111101001100,24.303257866646696,9.765625e-05
10010110011101111100,23.361499632646268,9.765625e-05
11111110001110001111,27.38724070084953,9.765625e-05
11101010111010000010,30.302836248273323,9.765625e-05
00000000001000100100,39.29383063492679,9.765625e-05
10101000101000010010,32.580433724396414,9.765625e-05
01001010000110011110,27.159544389575462,9.765625e-05
00101101001100100010,13.664798317009275,9.765625e-05
00010000111010000000,34.96761999768758,9.765625e-05
10111100011000000010,16.71656967657368,9.765625e-05
10111011110110101000,26.376554425540558,9.765625e-05
11011100001100010001,9.225124863097367,9.765625e-05
11011100111101101111,12.638007768177472,9.765625e-05
00010000010101100000,29.251964979565663,9.765625e-05
00010101100000110010,37.27100309844111,9.765625e-05
00110001101011000000,19.631930694253892,9.765625e-05
01101001111000000100,11.988710018100807,0.0001953125
10101101001101000000,20.140201843902716,9.765625e-05
01001010101100010000,25.17402371244213,9.765625e-05
01010101010111011100,22.813637782783108,9.765625e-05
01011011101100110101,20.598901792879673,9.765625e-05
00010100001100001000,22.161821869240917,9.765625e-05
10101110100110101001,33.610536247043385,9.765625e-05
10010100111011101101,31.875619382564565,9.765625e-05
11100101001101010100,11.6315712034442,9.765625e-05
00111101011110100110,12.222903378165633,9.765625e-05
10101010101101100100,56.483508667988765,9.765625e-05
00111101111011110110,15.134060237909654,9.765625e-05
11111011110101000011,31.393689748769503,9.765625e-05
10010010110000000101,24.302148761746608,9.765625e-05
00001100010001010010,21.548770266721576,9.765625e-05
00000000110101010101,64.87635903798693,9.765625e-05
01011111010111100101,12.331640601788934,9.765625e-05
10111010100100101110,37.23266781186837,9.765625e-05
01111010100000100010,22.18504748400119,9.765625e-05
11010111000110011100,19.380399092667062,9.765625e-05
11000010010010001100,18.82373067399285,9.765625e-05
00101101011101110111,19.474675761929213,9.765625e-05
11001110000111101010,18.614306478083556,9.765625e-05
11100100011011010001,16.93565744572368,9.765625e-05
01010100110111000101,22.85556029225424,9.765625e-05
10100000100010010000,30.585042838654605,9.765625e-05
11010110011001110001,13.685749885707887,9.765625e-05
11100101010110010110,15.953785297094477,9.765625e-05
00011111110101110011,14.579693552532866,9.765625e-05
10101011110110110010,42.2890921185369,9.765625e-05
01101001001000111001,22.614316164120517,0.00029296875
10000100000001000101,21.065164051861718,9.765625e-05
10001100110001110010,22.848227728401692,9.765625e-05
00111000011010100000,16.766027140952886,9.765625e-05
00100011000011000111,25.82838976431365,9.765625e-05
00001000000010000110,30.400091530649394,9.765625e-05
00101100101111010101,26.773517746573837,9.765625e-05
01011001101111000011,26.18764562320132,9.765625e-05
00000101000010111100,31.81590902085521,9.765625e-05
11011001110100000000,11.51174283531713,9.765625e-05
00001111000001100101,16.66659369424387,9.765625e-05
10111010000101100010,46.789583068808795,9.765625e-05
11100111000101011111,22.473796588275892,9.765625e-05
11011001110001000101,12.276590701275488,9.765625e-05
00101100110000110001,23.26623931057075,9.765625e-05
10111011111011011101,31.955426294984164,9.765625e-05
11001111011110101001,16.899368004599218,9.765625e-05
11111111101001100111,32.22202972252441,9.765625e-05
00101010101100000010,36.62337123634014,9.765625e-05
01110110111000000111,14.355464405127336,9.765625e-05
10110010101000111011,27.37743713076469,9.765625e-05
00110111000111100111,17.163702827349418,9.765625e-05
00000000000010000000,30.27340218226594,0.00029296875
11011000001000110000,12.611726801872221,9.765625e-05
00010010000010110010,26.717378680132555,9.765625e-05
01010110010100110100,12.329264323641809,9.765625e-05
00011110100011000010,16.88702844410446,9.765625e-05
10010101110110000000,17.35965625454088,9.765625e-05
11110100110100011001,4.107535877781797,9.765625e-05
11111011001100011110,33.017017250640386,9.765625e-05
10001101100010000011,18.844154947789026,9.765625e-05
00000001001100010110,34.85417684735606,9.765625e-05
00010100000001101110,31.581018793333797,9.765625e-05
10000011100010101011,25.57682620949918,9.765625e-05
11011111111101011111,15.703881475789562,9.765625e-05
00010100001100011001,22.34180366309312,9.765625e-05
01110001110000111111,21.555807180728664,9.765625e-05
10011001101000000100,17.895238831666532,9.765625e-05
11000010110000110000,19.322988412322808,9.765625e-05
00000011111010001010,31.834470271841013,9.765625e-05
01111001010001000111,13.67016572393301,9.765625e-05
00000111001111000001,15.845930865822508,9.765625e-05
01010010001010110000,21.182175885815447,9.765625e-05
11111111111111011100,20.046341923044018,9.765625e-05
11101010101010011010,29.244432832647156,9.765625e-05
01000000000100010010,26.058608418327562,9.765625e-05
01010110101000010111,24.731549946254454,9.765625e-05
01000000011001100000,31.476613758903273,9.765625e-05
11010111100001010100,20.11265037951003,9.765625e-05
11011101000000000101,26.9317238512467,9.765625e-05
11010011110001110111,16.197945579841132,9.765625e-05
10001101000000000101,18.380993113220324,9.765625e-05
00101101101001000011,12.444284641738589,9.765625e-05
00010100000001000011,19.050405006779904,9.765625e-05
10101000101001110010,36.18971084072352,9.765625e-05
10111001000000100101,26.01967911120154,9.765625e-05
10101110101111101000,30.14108183910431,9.765625e-05
00010111010001010001,11.463691203039625,9.765625e-05
10100100000101010000,22.836980316488386,9.765625e-05
01010100110001010100,18.575709062068327,9.765625e-05
11000101110011100000,17.934161249905348,9.765625e-05
00011111000001000001,18.01911099858279,9.765625e-05
11010111110110000000,17.50737784930262,9.765625e-05
10000011100000001100,16.766381299254355,9.765625e-05
00110100101100001111,20.66931779113209,9.765625e-05
01001101000111000100,11.69177344074857,9.765625e-05
01111101100011100100,25.369129511530097,9.765625e-05
11100011111001001110,16.475488813500093,9.765625e-05
11011100111101011000,8.825638067726526,9.765625e-05
00100011111000100101,28.311566220302346,9.765625e-05
11001101000111111100,10.614316164120513,9.765625e-05
10010011001001101001,18.80694722910514,9.765625e-05
00011111111101001001,12.887265596333721,9.765625e-05
11010110100101010110,15.997786535962844,9.765625e-05
00100111100011001100,16.50680853333148,9.765625e-05
10011100110100000001,10.002151521977359,9.765625e-05
01110100010000000001,8.469444721902121,9.765625e-05
01010101010101100000,21.6243319092214,9.765625e-05
11100111100111111100,15.498486227646993,9.765625e-05
10001000100001100000,29.08897370687105,9.765625e-05
01110100011000010101,8.649722165599778,9.765625e-05
11101111000110111111,30.982454915970166,9.765625e-05
11000000010000010001,19.384138104900668,9.765625e-05
11101010101011101100,32.16582030089447,9.765625e-05
00100011100110000000,19.88317379667375,9.765625e-05
00110111010101010000,12.820303457214866,9.765625e-05
00000100000100000001,20.14456058832388,9.765625e-05
10001110111001101000,25.954199939453435,9.765625e-05
01100010000001101100,27.850071917215523,9.765625e-05
11100000110000010010,17.06893501732296,9.765625e-05
10011111101111101111,17.285796191955246,9.765625e-05
00010010000000000000,15.565077850771768,9.765625e-05
11000100000101000000,10.164632161820904,9.765625e-05
10100101101001100000,15.092523742000598,9.765625e-05
11000000011000010000,18.24897530879136,9.765625e-05
10111010001010101100,35.96739189504124,9.765625e-05
01100111110001011000,13.278081564585593,9.765625e-05
00000010010101000111,55.10923808331022,9.765625e-05
11011100010100110010,6.7315551699992895,9.765625e-05
01101101001111010101,12.250516148164076,9.765625e-05
11011110101111111010,15.853523594765528,9.765625e-05
01110100110111100011,18.0022342948617,0.0001953125
10101010000011111100,61.42367754530449,9.765625e-05
01100000100100010110,24.160449998444314,9.765625e-05
11111111001011110111,32.01223616426461,0.0001953125
10101011111001101010,33.45176806420507,9.765625e-05
00100111001110001001,18.727338430499728,9.765625e-05
01010100010100000001,10.422077473894513,9.765625e-05
11100001101001101001,19.050405006779904,9.765625e-05
11001010111010000000,22.42207747389451,9.765625e-05
10101011111010010000,37.472245328445155,9.765625e-05
01100111000101000011,19.36120406992801,9.765625e-05
01110110011100010001,9.160867448792828,9.765625e-05
10100100101100111100,26.058608418327562,9.765625e-05
10010111010101010000,13.916896524544704,9.765625e-05
11001111000110111010,18.63872888926602,9.765625e-05
01010000010101000101,20.323347168711436,0.0001953125
11111100001111111010,13.2304508162604,9.765625e-05
01010101000001001101,29.3668742010883,9.765625e-05
00110111110100001101,12.829585701359548,9.765625e-05
10010111110001100101,14.806947229105141,0.0001953125
10010010110011101000,24.18542561246373,9.765625e-05
01110011011110000001,13.049990364420946,9.765625e-05
00001110000111100000,19.455953672025263,9.765625e-05
11100000101110101101,30.603835909361447,9.765625e-05
00001010101110000001,37.15737964999034,9.765625e-05
11000111010001111100,9.583899343135425,9.765625e-05
10000010001000101010,32.735019009437075,9.765625e-05
10100000001000001000,27.383190649627178,9.765625e-05
01011110011100100001,11.248649572146707,9.765625e-05
00010000011101000000,29.582167796025253,9.765625e-05
01000010011011000111,35.094725876494614,9.765625e-05
01000111111011001100,20.91267251476347,9.765625e-05
00000000010000001010,39.27340218226594,9.765625e-05
00000011000100000101,22.24705125300631,9.765625e-05
11011101000110000111,22.352840652259957,9.765625e-05
01001000110010101110,31.396308082001454,9.765625e-05
01011011101100000000,19.892180966399266,9.765625e-05
01111101000001010110,21.01701725064038,9.765625e-05
11011001010001101101,13.150507867471816,9.765625e-05
11111111101010110001,34.23716363712904,9.765625e-05
11011100010010000000,11.297951579824833,9.765625e-05
01100110000000010010,17.533281252254355,9.765625e-05
10001011001011111000,25.759156474659545,9.765625e-05
10000110000100100101,26.32926432364181,9.765625e-05
10010011110000101001,14.654321593821011,9.765625e-05
11001010011010111010,24.833163336597647,9.765625e-05
11111011101010100110,25.700227527240344,9.765625e-05
11000111100101000100,11.26814127341953,9.765625e-05
00100010101110001010,36.496934058731135,9.765625e-05
11010111011011101001,20.61045910093453,9.765625e-05
10101000110101101110,52.78699463728181,9.765625e-05
00101100101000010000,15.421090893078738,9.765625e-05
01010100100100011101,23.142363051917027,9.765625e-05
01111000001000100011,13.16086744879283,9.765625e-05
11111001100000000000,23.482091381388685,9.765625e-05
00001011000110101101,26.48724152575623,9.765625e-05
11110111101100111011,24.284706731760146,9.765625e-05
10000000000010000001,30.276861559411607,9.765625e-05
10010011000111101000,15.624511287415714,9.765625e-05
10111111001110110011,28.634084475303624,9.765625e-05
10110100110100011100,14.772001884414333,9.765625e-05
11111000111000111110,12.962663701142336,9.765625e-05
11110111000001011110,29.729752680545587,9.765625e-05
01001111110001011011,16.250516148164074,9.765625e-05
01010010010101001101,19.706537818338614,9.765625e-05
00100010000110110010,41.48495780449743,9.765625e-05
10110000100100001111,22.428780336095116,9.765625e-05
10010010001110000001,23.64087311393005,9.765625e-05
10100110110110101110,33.95148563736555,9.765625e-05
11110111000010010001,34.586478823046534,9.765625e-05
01101101011100001011,17.02539306436794,9.765625e-05
00111000011000001001,20.183980949087,9.765625e-05
10010110010010001000,14.914998816847984,9.765625e-05
11110100111110011011,11.665150831804553,9.765625e-05
01000000110111010000,40.94287529430407,9.765625e-05
10110001110010000001,14.475488813500087,9.765625e-05
01000100100000100000,25.24897530879136,9.765625e-05
00001110110011100000,22.78423587714341,9.765625e-05
00000001011000000100,26.519567198477308,9.765625e-05
11100001101001011110,15.57780281001074,9.765625e-05
11001100111010110001,12.56569677225087,9.765625e-05
10010010111000001110,28.080773739766997,9.765625e-05
00001111010011000011,15.2027768277834,9.765625e-05
00101100110000000110,21.57570906206833,0.0001953125
11010000010000110000,8.967995601631454,9.765625e-05
01011111011111011111,12.349768660299794,9.765625e-05
00011111111110000001,12.444284641738587,9.765625e-05
01011110110000011001,13.6315712034442,9.765625e-05
01010101001001010001,29.01666309233891,9.765625e-05
10000010100010100000,28.309472472359936,9.765625e-05
10001011100001011010,29.39572654463488,9.765625e-05
01001101000101010110,10.614316164120511,9.765625e-05
00101001100011010010,22.845873091787563,9.765625e-05
10000010001110110000,39.93823058607441,9.765625e-05
01100111011010010000,15.71420778051769,9.765625e-05
00100110111000000100,24.91057876682106,9.765625e-05
00001010100100100110,40.34180366309312,9.765625e-05
11001000001000100000,14.449904932631306,9.765625e-05
01011001111101000011,19.84706467530473,9.765625e-05
01011010110000000010,15.805268123521689,9.765625e-05
01110010010111000111,21.965662235995673,9.765625e-05
00001010101010100000,30.025078678902617,9.765625e-05
01001000001110010100,24.164625920227557,9.765625e-05
01001111110011011101,12.69134558078185,9.765625e-05
01011011011101100101,15.651917127779136,9.765625e-05
00010001110010110000,33.26525374760348,9.765625e-05
00110111001000011111,21.250461905699936,9.765625e-05
11111110111110001100,20.093416954809953,9.765625e-05
01011110011010100100,14.077176830831657,9.765625e-05
10000101000000110001,17.021004880441446,9.765625e-05
10110001001001101110,19.655824765653758,9.765625e-05
10111111100111101101,24.34793225820883,9.765625e-05
10101001101011100110,22.830526180618623,9.765625e-05
11000010011011000100,26.254534675472783,9.765625e-05
01001010110000101100,25.25525122011036,9.765625e-05
10110100011010010001,15.645597776258132,9.765625e-05
01101000101010011111,28.077882769507344,9.765625e-05
11101111011000111011,29.77711046584814,9.765625e-05
00010010100110110001,30.217221487399897,9.765625e-05
00000100011011000010,36.13347933699713,9.765625e-05
10101110001010111001,35.66574930385357,9.765625e-05
01111101111111010111,9.282921149325897,9.765625e-05
01001111100111001000,15.445261242250144,9.765625e-05
11011110111111111000,11.470038018874142,9.765625e-05
00011110110110100001,13.044491481797008,9.765625e-05
01001010100000110001,26.049543660070974,9.765625e-05
01010010111000000010,19.58005812045254,9.765625e-05
01010100010101111011,23.251746770096325,9.765625e-05
10110111111101011000,14.513878429664182,9.765625e-05
00001000010000100010,31.46408962350102,9.765625e-05
11001001100000100110,13.199462791239563,9.765625e-05
11011101011101001111,14.046588761310232,9.765625e-05
11011001111001010101,13.825402803561884,9.765625e-05
10110100010100110100,17.16809153896657,9.765625e-05
10001010001111010000,49.158398096906545,9.765625e-05
01011110111001010001,12.945398975781695,9.765625e-05
10101100100110100011,21.925327402284672,9.765625e-05
00001011000011010000,21.39572654463488,9.765625e-05
11001001011000100000,11.631792133775896,9.765625e-05
10010110001001011010,21.99778653596284,9.765625e-05
00111010111010000111,26.40200778846211,9.765625e-05
00101001110000100110,22.766027140952886,9.765625e-05
01010111110010100101,25.9711247528087,9.765625e-05
00010101101011010101,35.23944811444508,9.765625e-05
10101010000010101010,46.32392626868655,0.0001953125
00010011010010000010,15.269512235131014,9.765625e-05
00111000111100000110,20.98829808576439,9.765625e-05
10001100001001000100,20.794240907519015,9.765625e-05
11111011111001011100,24.77635102992575,9.765625e-05
01100000111000101000,27.492914366939054,9.765625e-05
11111110111011000101,23.514777884066888,9.765625e-05
00011011000110000010,15.95387595507836,9.765625e-05
00001111100011011101,16.69134558078185,9.765625e-05
01100000000100011000,22.7751237653099,9.765625e-05
01110110110100010000,8.638094687450483,9.765625e-05
10011111010100100101,22.427016177667085,9.765625e-05
00100000101010100010,38.774044307055206,9.765625e-05
11010011110001111011,16.59121870022003,9.765625e-05
11011000100000100001,12.63463531030482,9.765625e-05
10100101011000001000,18.545012518868095,9.765625e-05
10110010101101101001,27.64732216185002,9.765625e-05
11000001000001001000,12.307622852661204,0.0001953125
10110101000110110100,20.110391537497417,9.765625e-05
10101010110000000000,54.63603382345701,9.765625e-05
10100000001000110000,31.322988412322808,9.765625e-05
00101001011000011001,30.202241217719127,9.765625e-05
10100101100001010010,14.360262769120666,0.0001953125
01010011010010011101,13.427874727226262,9.765625e-05
10100011101100011100,28.739381285429047,9.765625e-05
10101010000110110100,64.22274345917242,9.765625e-05
01100110011010000000,15.741481274964805,9.765625e-05
00101100001110011000,20.952243734140517,9.765625e-05
10011100011001011001,15.804538361276348,9.765625e-05
01000010010000000000,16.18188720114459,9.765625e-05
10100110111000111011,31.1695718071546,9.765625e-05
11101111011111000010,28.74600374258106,9.765625e-05
00101110100011010100,29.91779942339101,9.765625e-05
11011110110111101001,11.490042132299262,9.765625e-05
10001000000010001010,29.57570906206833,9.765625e-05
10011111100100010100,24.25280684543729,9.765625e-05
10100000110100110000,41.00255097112708,9.765625e-05
00001010110110000010,39.954463734038285,9.765625e-05
10110100011101001011,14.911695914251913,9.765625e-05
00101010101000111110,42.26932588092228,9.765625e-05
11000010110010011000,18.585042838654605,9.765625e-05
00001101000001010101,13.47344586357821,9.765625e-05
00110111011000110100,19.50833154616945,9.765625e-05
00101100010101000000,24.98403688821432,9.765625e-05
01010001110101000000,19.048802225347387,9.765625e-05
11001101000101111000,11.22512486309737,9.765625e-05
10011101010110011010,17.025393064367936,9.765625e-05
00010110000110001000,13.58850845739362,9.765625e-05
10111110111110000000,24.07149502719313,9.765625e-05
01000010000001010001,24.202241217719124,9.765625e-05
01011001110011001011,24.19693410893934,9.765625e-05
00001100000101010000,17.794286198367267,9.765625e-05
10001100111000100001,20.04793463704511,9.765625e-05
01101111110001000010,20.55222973099444,9.765625e-05
01111100100101110000,10.614316164120513,9.765625e-05
11000111110100011100,9.288173721374271,9.765625e-05
11101011100110101010,27.464658117514233,9.765625e-05
11111011011011000011,29.966241335970793,9.765625e-05
10100000001001000100,34.860712814549046,9.765625e-05
10111100000100101000,18.879946239249122,9.765625e-05
10001000000110010000,36.365033445878254,9.765625e-05
00011010000111100001,25.521297102081295,9.765625e-05
00001011010000010000,25.72439403973386,9.765625e-05
11100100111100010101,14.329251840455111,9.765625e-05
10110111110100010000,18.489220645553686,9.765625e-05
10011100000010111011,16.18470301173668,9.765625e-05
00101111110010110110,22.446436163715937,9.765625e-05
01010110010000000100,12.917260368883131,9.765625e-05
01011101101110110100,28.386412150962343,9.765625e-05
11010100011101100110,17.012185915570907,9.765625e-05
11101000010010010010,27.624331909221404,9.765625e-05
00110110101000100001,17.39572654463488,9.765625e-05
01000101010100010010,18.875788965958535,0.0001953125
00000000001000010000,34.646915317463396,0.0001953125
01100111010011010001,15.213129051285875,9.765625e-05
10010000010000001100,20.50416875486677,9.765625e-05
00000001000010000001,25.84911124433427,9.765625e-05
01101100010001111000,17.306382457564798,9.765625e-05
11000010010001101000,21.435224051506857,9.765625e-05
10111100110000100010,13.6315712034442,9.765625e-05
01000000000110000000,24.364021240555395,9.765625e-05
01000010100100111110,34.35522372132726,9.765625e-05
00100110011010001110,28.82534502952694,9.765625e-05
00010101110100010100,21.42207747389451,9.765625e-05
10111111001010011000,36.421544758947,9.765625e-05
01100011100010111100,19.347896566270325,9.765625e-05
10000010101000000010,32.30947247235994,9.765625e-05
01001010011010000000,18.42207747389451,9.765625e-05
01001111001101101100,14.991237144022033,9.765625e-05
01110001010001000000,9.92151261481731,9.765625e-05
10011110101000010000,22.64598930783231,9.765625e-05
11111011101100100010,27.673323384303934,9.765625e-05
11111111111110011101,21.36120406992802,9.765625e-05
01001101001001010101,11.81215054942048,9.765625e-05
10101011101001100000,33.07492776198321,9.765625e-05
11110100111001000100,8.960756307408657,9.765625e-05
10001011011101000001,40.41562678246835,9.765625e-05
01100000111011000100,29.772434342468213,9.765625e-05
11001111110110101101,14.844154947789024,9.765625e-05
00011101100111111001,21.311007070139304,9.765625e-05
11011001010100100111,12.875374323599587,9.765625e-05
00011101111100000111,17.38532624397423,9.765625e-05
00101001011010000011,23.13312871026647,9.765625e-05
11111011101110011001,27.36120406992802,9.765625e-05
01111001001111001011,19.41835721891695,9.765625e-05
11100010111010011001,27.66179253310079,9.765625e-05
00100010100000001000,27.828397562285986,0.0001953125
01111000100000010011,13.997786535962842,9.765625e-05
01110001010111010100,12.96308720758033,9.765625e-05
01110011000011010101,17.420278564679453,9.765625e-05
10101011111010001111,36.88405034743174,9.765625e-05
00000011101001110100,30.449302156762386,9.765625e-05
11001000000011010110,24.471294341600853,9.765625e-05
00100011001100111000,27.72026965039221,9.765625e-05
01101000000110000010,21.09180719736302,9.765625e-05
00010101011101010001,17.726448956401242,9.765625e-05
01101000011100000010,20.91063654085601,9.765625e-05
00001010111101001101,58.13904838971551,9.765625e-05
01010101000101000011,26.37314313639289,0.0001953125
01100010100100100010,25.158583716694206,9.765625e-05
10100000000001000010,32.09246596796565,9.765625e-05
00000001110000010100,31.049216867706342,9.765625e-05
00000000000010000001,34.32261904997228,9.765625e-05
10011010000101100000,33.42792178653593,9.765625e-05
00011000000001111011,30.145677735754735,9.765625e-05
10101110000110001111,45.2825248125245,9.765625e-05
00010000011100010010,33.69581435526081,9.765625e-05
11100011001000000001,25.813802876853302,9.765625e-05
00000000100000101010,45.689544685535154,0.0001953125
10001101010101110100,17.642105515163532,9.765625e-05
00010000011001000000,26.60882062756351,0.0001953125
00010111011001001001,15.109601291194583,9.765625e-05
00010011100000100010,23.05989065982861,9.765625e-05
00111100000101100100,15.233573420737216,9.765625e-05
11000010000010101001,20.181228430541957,9.765625e-05
10110001111000010110,16.975742818682775,9.765625e-05
00000101000010110000,26.513312732800713,9.765625e-05
11010100010001000101,9.048802225347387,9.765625e-05
00010001000010100001,26.759436931295767,9.765625e-05
01110110111010110101,16.423194621325365,9.765625e-05
00100010101000010011,36.920538724328296,9.765625e-05
10101101101101110000,15.24678673484021,9.765625e-05
11111010001010111100,29.383546881497146,9.765625e-05
11110110100101001010,17.624576037465076,9.765625e-05
11000111110011010100,9.33265624071557,9.765625e-05
10010010100100000001,20.24705125300631,9.765625e-05
01100111110001011001,14.503204648381729,9.765625e-05
11011111111111111111,13.685643594360965,9.765625e-05
01100011010101100110,22.13690591732106,9.765625e-05
00101001101100100001,24.45403306068382,9.765625e-05
11110000000010010100,14.914998816847982,9.765625e-05
11101110101011011101,26.646548763102434,9.765625e-05
11011011011001100011,21.690926476130777,9.765625e-05
01111011011000000111,19.739981645542684,9.765625e-05
11000011110101110101,21.60758397117797,9.765625e-05
00000000101000101010,52.863293138054246,9.765625e-05
10001110000100100101,33.432097708319176,9.765625e-05
10000000101000010000,32.646915317463396,9.765625e-05
01000000101001010111,43.88641215636052,9.765625e-05
00001000100010100000,30.38413810490067,9.765625e-05
10110111111110011110,19.24742250342145,9.765625e-05
00010011000110001000,14.245750373852413,9.765625e-05
11011100001110100011,12.745723933238704,9.765625e-05
01100110100010000000,16.572393469145503,9.765625e-05
11000010110100111000,23.808730945110963,9.765625e-05
01111111111100001010,21.597987221555123,9.765625e-05
00111000101000000000,13.988710018100807,9.765625e-05
01111100010010110100,11.583899343135426,9.765625e-05
01100101001110100101,24.73154994625445,9.765625e-05
10110010000101100100,36.71706064308357,9.765625e-05
01010100000010010100,21.991526552274145,9.765625e-05
11000111101110111011,24.491563218203606,9.765625e-05
11001100100001100000,9.977393393846025,9.765625e-05
10010111011110010001,16.250516148164074,9.765625e-05
10000100100010011100,27.04130184656228,9.765625e-05
11101011000000100011,41.873743393141325,9.765625e-05
10110010111010001101,27.39791598880214,9.765625e-05
11110001110100100101,8.654321593821017,9.765625e-05
00000011000100000110,21.803353753773592,9.765625e-05
10100101100000101100,18.36377440228918,9.765625e-05
10000011000001101100,19.58850845739362,9.765625e-05
11101000101000000011,21.02759684236814,9.765625e-05
10111010111010001000,29.942537885181178,9.765625e-05
00101010010010100000,42.20165968035255,9.765625e-05
10100101110000100100,16.78740656961822,9.765625e-05
00000011111100101110,39.57909120597794,9.765625e-05
00011111001100010101,15.772668970178806,9.765625e-05
11011111111011100011,21.17804461842641,9.765625e-05
01011101010001000100,15.491668551797567,9.765625e-05
11011101000111010100,16.363481549593473,9.765625e-05
10111111011110111010,25.35463801593584,9.765625e-05
11110001101101011000,14.165820300894467,9.765625e-05
10101001100100000011,29.395726544634883,9.765625e-05
11010110111100010100,11.770151530294534,9.765625e-05
00011000010100010000,22.540586227247825,9.765625e-05
00010001100101000010,25.541716592286438,9.765625e-05
11000001110010011110,21.69912809753739,9.765625e-05
01010001111110100100,35.59640475375764,9.765625e-05
01111100110000001011,11.996832839096005,9.765625e-05
11011101011000111110,19.060888705982585,9.765625e-05
00101001010110001110,30.322204407613327,9.765625e-05
10010111110001011100,14.384378788700737,9.765625e-05
00110010000110000100,22.569330096705947,9.765625e-05
11001000100110000001,22.611789038199284,9.765625e-05
01011111110100111010,20.899368004599218,9.765625e-05
10001000001000100100,29.54052399092076,9.765625e-05
11010011100100011011,18.360253083083716,9.765625e-05
01101101110100010110,11.480692133815424,9.765625e-05
10110101110111000011,12.467820924889503,9.765625e-05
00000001111011000000,38.93870561411418,9.765625e-05
10001100001001101001,19.125043996965047,9.765625e-05
00100110101000010000,19.72615029142617,9.765625e-05
10010110010111111100,21.772576532893694,9.765625e-05
01100110101100000010,17.102996835241374,9.765625e-05
00100101000010010000,18.092092143323008,9.765625e-05
01111001110010010000,13.996832839096001,9.765625e-05
11000010010000100011,25.49890087000595,9.765625e-05
01100010100011000010,23.052989721232205,9.765625e-05
10110000100100100000,14.833164060178895,9.765625e-05
00010111001101001001,14.530480939978585,9.765625e-05
01100110001010000011,19.785921224320212,9.765625e-05
10000010110010001000,31.4266865881527,9.765625e-05
11011101010011100011,17.642790291667712,9.765625e-05
01010001111010100100,36.39605573656296,9.765625e-05
10001110001100010001,31.481671455189343,9.765625e-05
11000000010101100001,28.446738702448616,9.765625e-05
01010101010010010100,24.8702012647475,9.765625e-05
00100110001010110001,25.532054281905772,9.765625e-05
10111010101110111001,34.15516618595319,9.765625e-05
01011011111001000111,17.318930661095138,9.765625e-05
10101110100110101100,35.556594717008956,9.765625e-05
00001111101100001000,16.928514022389784,9.765625e-05
11101011011111101111,33.97656711341792,9.765625e-05
11100101100101110100,10.055203370773238,9.765625e-05
10001010001000000000,37.481357146011405,9.765625e-05
00000101000110010000,21.099974280518136,9.765625e-05
11000101010101011000,9.830362730054611,9.765625e-05
11101111111011010101,23.24674247268029,9.765625e-05
10100010101010101010,34.26065620744687,9.765625e-05
10011111011111101001,13.731430230159704,9.765625e-05
01010111100001011011,28.530197773319827,9.765625e-05
11110111111111101101,15.418357218916954,9.765625e-05
11100000100001010001,21.40354466620171,0.0001953125
10000011001010101100,21.692663121987117,9.765625e-05
00000100011001010010,33.232045282531075,9.765625e-05
00110101111111100001,20.366008697150882,9.765625e-05
11101010110011100011,40.45957305529133,9.765625e-05
00110101100000000100,19.37696980232058,9.765625e-05
10001010100000000100,39.80874342829766,9.765625e-05
00000100000001110101,30.178710267076436,9.765625e-05
01111011111101101011,19.243693384364853,9.765625e-05
00000001010001011010,34.4702696530913,9.765625e-05
11001111010101000111,23.715252135368413,9.765625e-05
10111010100111100010,35.90704776157864,9.765625e-05
11011110110011111111,14.848731472365543,9.765625e-05
11011100010110101010,9.896840878677988,9.765625e-05
10110000111100000010,18.338566234127658,9.765625e-05
11110001010100101000,12.000950986844302,9.765625e-05
10111110101110101000,21.296634038619572,9.765625e-05
10010111110001001111,16.552893834105298,9.765625e-05
11000010111000101000,20.006269669725654,9.765625e-05
00111001010110100010,14.691345580781851,9.765625e-05
11110000101000100100,11.522124411197733,9.765625e-05
10000011011010000001,25.64087311393005,9.765625e-05
10100001001011010101,30.911695914251915,9.765625e-05
01000001100010110100,30.85136655477607,9.765625e-05
01010111000101000001,18.50581346983114,9.765625e-05
11111110110111011001,22.202829094646066,9.765625e-05
11110001100110000000,15.154235392731067,9.765625e-05
00100001110100111001,38.981755876978056,9.765625e-05
10101111100010111010,27.968241803443625,9.765625e-05
00001000001000001010,30.006269669725654,9.765625e-05
10111101101101100011,11.644639911366435,9.765625e-05
11010110010100010010,12.991237144022037,9.765625e-05
10101110000011101110,40.55157096039181,9.765625e-05
11010011001100100100,16.944519715001178,9.765625e-05
10011000101001000010,22.571247176476586,9.765625e-05
00001110001110110001,21.342117972271055,9.765625e-05
00110111011111000011,11.744672798264155,9.765625e-05
11000010010010111000,19.73406531257023,9.765625e-05
11110001100101100110,12.847794437550073,9.765625e-05
01111011111011001100,15.395154518641203,9.765625e-05
00001110100011110001,22.760097688339687,9.765625e-05
10111100111010000001,13.151418124136658,9.765625e-05
11010110010111011011,12.452641817813303,9.765625e-05
10101010100001111000,53.444706260111964,9.765625e-05
00001100111000010111,30.76827620980134,9.765625e-05
01101101011010010100,11.898703715984485,9.765625e-05
00000001001111000001,35.49403151436991,9.765625e-05
01000110101100101000,25.414503393444157,9.765625e-05
01000001000110000000,21.435224051506857,9.765625e-05
01101001011111100101,22.80663210921876,9.765625e-05
00111101010101010010,10.867020886235732,9.765625e-05
11010001100111110101,21.1296534054905,9.765625e-05
00001001010010110100,26.193777456030222,9.765625e-05
01111100010111010111,9.113047450732493,9.765625e-05
10100001100000001010,18.608573789297296,9.765625e-05
11110001110100001101,8.814534440036066,9.765625e-05
01111001010011000110,12.347540432367381,9.765625e-05
11001111011111111100,12.18470301173668,9.765625e-05
11111011011001100010,29.755064038545527,9.765625e-05
00111010000111100010,29.90704776157864,9.765625e-05
01100101010101000001,13.16395746358797,0.0001953125
10010110011110011001,16.93565744572368,9.765625e-05
01010001010111000000,18.322204407613327,9.765625e-05
01111011111110111010,17.080731464048366,9.765625e-05
11101111000111010011,35.470102132469464,9.765625e-05
01111001010000101010,17.461614117148592,9.765625e-05
01110100010100000100,7.565077850771768,9.765625e-05
00000110010001000000,20.231104068850932,9.765625e-05
00000001010000010000,24.006269669725654,9.765625e-05
01000101110011011001,30.001450181388833,9.765625e-05
01010011110100110010,20.442431490469048,9.765625e-05
11101111000111010110,33.16970065995946,9.765625e-05
10101001011010101110,27.811774945476607,9.765625e-05
10111010101110010010,34.30910591799898,9.765625e-05
01010100000001010100,17.08625407227494,9.765625e-05
01110000010101010010,15.107446237646425,9.765625e-05
00100011100110000010,21.430864398000566,9.765625e-05
00111100100101010110,13.885181534428268,9.765625e-05
01101110001011100111,22.03880895457723,9.765625e-05
01111000010010100010,11.16395746358797,9.765625e-05
10001000010100100000,36.50825057422253,9.765625e-05
00110011111100000000,11.821157533642118,9.765625e-05
10001000101100000000,30.85103530011932,9.765625e-05
10100100000100000001,20.87993375606242,9.765625e-05
10010110001001101001,18.16582030089447,9.765625e-05
01011011101001010110,20.64654876310243,9.765625e-05
00100011000110000000,21.143841333663758,9.765625e-05
10101111010011101010,31.899635330754876,9.765625e-05
10100001110010101011,30.136777151643404,9.765625e-05
11010011011001100011,18.984118730377354,9.765625e-05
11111111100111111000,28.584557477284022,9.765625e-05
00001001100101011010,32.06957088428087,9.765625e-05
10011101111011010001,15.28807367162069,9.765625e-05
11111011011001111010,28.119769957638077,9.765625e-05
11101010011110001010,38.789545695536084,9.765625e-05
10011000011000110100,25.723307114897246,9.765625e-05
10100010111000001000,35.73311161570339,9.765625e-05
10110011100001010000,22.040724782327636,9.765625e-05
00000100000001010011,26.07429554660896,9.765625e-05
10011001110010001010,18.798275667565107,9.765625e-05
10011001000100000110,19.056106269619548,9.765625e-05
11110001110101010100,7.919591269054804,9.765625e-05
00111010000010000101,32.20094387013604,9.765625e-05
10001001101100010010,26.28912117664776,9.765625e-05
01011110110101110001,12.308822664213015,9.765625e-05
00001001010011100000,22.14665433626629,9.765625e-05
00110011100011000010,15.363666994717073,9.765625e-05
00000000001001000000,34.76196124922743,9.765625e-05
11011011110011101010,16.319088779150924,0.0001953125
01011010110101010000,21.358689340066277,9.765625e-05
00001110000110100001,19.59424459062349,9.765625e-05
11111100011011110011,10.455573900056535,9.765625e-05
11110000011101110100,17.71925120347601,9.765625e-05
00100011101100010011,28.56147929833024,9.765625e-05
11011100000100010000,10.96014459611569,9.765625e-05
00000001110000000111,35.495008114881465,9.765625e-05
01110110001001110111,19.915578983339437,9.765625e-05
10001100000111101000,19.17090183154656,9.765625e-05
11000000000100000100,17.0,9.765625e-05
11101100100100101010,14.988673689708266,9.765625e-05
11000010000010110110,23.871385872250247,9.765625e-05
11010100111101101001,17.02220092625073,9.765625e-05
11000111100001100001,16.366291842173453,9.765625e-05
10111000111100100000,20.178385254013033,9.765625e-05
11001111111110011100,13.480692133815424,9.765625e-05
01100111000010101000,26.323229096122873,9.765625e-05
10101011111110101101,40.689431211033764,9.765625e-05
10100100100100010000,17.424855616946633,9.765625e-05
01100111011000100110,19.916896524544704,9.765625e-05
01010110110100010000,10.132627763452358,9.765625e-05
11100010001001010100,32.776765672284704,9.765625e-05
01011000101011100010,27.10658312247608,9.765625e-05
01000111001011100010,26.72967118131765,9.765625e-05
00010110000000000001,13.268141273419534,9.765625e-05
10000001001001010110,28.071433721587372,9.765625e-05
01010100101101010100,25.308576549528045,9.765625e-05
11111100110110000110,11.18307534021815,9.765625e-05
10001111101011001010,18.15421873067969,9.765625e-05
00011010011010101101,26.855280570039085,9.765625e-05
11011110110101001000,15.711838772652243,9.765625e-05
01110001011101010001,12.88629868185912,9.765625e-05
11010100010011001101,14.079810356863202,9.765625e-05
11001000101000100101,20.26930965902472,9.765625e-05
10110111000111100000,22.931951317438994,9.765625e-05
11010011000110111100,14.661963134343274,9.765625e-05
01000111010101011100,10.118209659064249,9.765625e-05
10000011101000010100,23.21103873694726,9.765625e-05
00011000010000000100,19.708288737522697,9.765625e-05
01100001000000110101,19.02759684236814,9.765625e-05
11001101011101101100,10.391280586673439,9.765625e-05
00011011101011000001,17.951787539644176,9.765625e-05
00000000000010011001,43.06296371830512,9.765625e-05
11111000110010001010,13.431992874974561,9.765625e-05
01111000110101010010,15.772576532893694,9.765625e-05
11010111010110100000,19.01887655637607,0.0001953125
11101011101010101110,22.017177169633587,9.765625e-05
01001001001010111100,21.545959974141585,9.765625e-05
10010111011111001011,16.818146847287714,9.765625e-05
00100011001100011010,26.193362813671264,9.765625e-05
10001010010100000100,56.27442687077549,9.765625e-05
11100101011101010100,10.916906210581661,9.765625e-05
10011101100100111101,15.81215054942048,9.765625e-05
01110110010011110100,16.57689720114189,9.765625e-05
00111000010101101010,27.515686202958275,9.765625e-05
10001001111010110110,30.341473349997493,9.765625e-05
00101001001000001000,20.36377440228918,9.765625e-05
01010110110000110011,19.470038018874142,9.765625e-05
10001000001100100100,34.449904932631306,9.765625e-05
11000010100011100100,22.340480603875754,9.765625e-05
00001010011101101110,53.70672082648041,9.765625e-05
00100011100001010001,24.84497092736232,9.765625e-05
10010111110000011011,18.36025308308371,9.765625e-05
01101100011101101101,21.361499632646268,9.765625e-05
01100111001100100110,21.498891183968993,9.765625e-05
10111010000110100010,38.75574871708268,9.765625e-05
01000010010001001001,25.937809691282283,9.765625e-05
00100110100001110100,27.581978731793985,9.765625e-05
00001110110010001110,26.536400619427624,9.765625e-05
11101111100010101001,32.11326313568317,9.765625e-05
00100010010010101011,42.95584093734311,9.765625e-05
10110111100110111111,20.91260088666671,9.765625e-05
00001011011101011000,32.467510892952916,9.765625e-05
11001001100001000100,12.425790665320811,9.765625e-05
01101101100110100100,18.02759684236814,9.765625e-05
11010111010011101001,17.876695690642915,9.765625e-05
01000011001100000000,15.767341237714545,9.765625e-05
10011010001111000100,34.654944036031104,9.765625e-05
00110111111101010000,10.691345580781848,9.765625e-05
01111100011101010111,6.533936785553444,0.0001953125
01110110010011001000,15.165416078993527,9.765625e-05
01110010100000010011,16.470879699241898,9.765625e-05
00010110100010110010,26.765946463273224,9.765625e-05
01001010101001011010,28.315742142085593,9.765625e-05
01100000111010010100,27.582167796025256,9.765625e-05
01011110111011011101,15.133128710266469,9.765625e-05
00011111000101010001,14.181224262517105,9.765625e-05
01011101000001000100,22.75233608878758,9.765625e-05
00011101010000100010,17.19163842807938,9.765625e-05
00111101111111010011,9.239007036870602,9.765625e-05
10000110100111000001,22.930932783395594,9.765625e-05
01110111000011111000,28.317309416673837,9.765625e-05
00010001010000100100,19.986753812787885,9.765625e-05
00000000000000000001,30.049216867706342,0.0001953125
11011110111110111100,11.899651171257974,9.765625e-05
00001100011011000001,22.203137140551018,9.765625e-05
11000110100101010001,14.392928658954204,9.765625e-05
00110111110100110010,16.517648660704356,9.765625e-05
00111000011010000101,21.695970622670348,9.765625e-05
01000001100010100100,30.424917853273694,9.765625e-05
01001010001000011000,21.524298102398742,9.765625e-05
00010001000010000100,21.80616478077465,9.765625e-05
01101001100000011000,19.706185303543332,9.765625e-05
11111001011100010010,16.956759949323605,9.765625e-05
11111110110011010011,24.08175344253538,9.765625e-05
10001110100001010000,27.862684958332085,9.765625e-05
10111111110011100010,25.81648376730159,9.765625e-05
00001111001011010111,15.561533627921582,9.765625e-05
00001101010110000100,15.211038736947256,9.765625e-05
10011110100000000001,22.80437844228315,9.765625e-05
10101111101001101000,25.620936547704034,9.765625e-05
11100010101010001001,23.883173796673752,9.765625e-05
01011111001111001110,20.842221940388086,9.765625e-05
00111111011101000111,16.664586250756614,9.765625e-05
01001010011011000000,22.69547965616045,9.765625e-05
11011010111011011101,23.647322161850017,9.765625e-05
00100110100010011010,23.184573129833844,9.765625e-05
11011100111111011011,12.600707063291281,9.765625e-05
01010000010000001000,15.473809707916633,0.0001953125
11100100001100110000,12.61453709445221,9.765625e-05
11100011000000100000,24.73292879306547,9.765625e-05
00101011110000100100,30.565690606944898,9.765625e-05
11001111111001111010,14.791487665392726,9.765625e-05
01111100110000000001,9.268141273419534,9.765625e-05
01010110010101000110,14.486287828889388,9.765625e-05
01110110101101011000,13.876370590452312,9.765625e-05
00010001001100110000,27.625289050531848,9.765625e-05
10111111000111110111,31.809908027272456,9.765625e-05
10111110101010101100,26.870185337117196,9.765625e-05
01011100010101000010,8.740341223889233,9.765625e-05
10010111011100100000,16.991237144022037,9.765625e-05
00001000001010001010,32.19686747082536,9.765625e-05
00000101000001001100,19.909682843989167,9.765625e-05
10001001110001001011,28.677132468255316,9.765625e-05
00010101101100010011,32.63531926526072,9.765625e-05
01010011000100010101,14.316699370523242,9.765625e-05
01101101010100010100,14.041112782331009,9.765625e-05
00000100101100011000,36.041664967319456,9.765625e-05
00001110101011001111,28.06628119929257,9.765625e-05
11101111101111011011,22.632042074298937,9.765625e-05
10111011110010111010,27.87854531034165,9.765625e-05
10110101010001010100,15.736561306812096,9.765625e-05
11110011111110001011,15.826533168600504,9.765625e-05
00101000110110011000,46.823718190806154,9.765625e-05
00101100000010110011,20.244856437461813,9.765625e-05
11100100111100111000,14.090881835025797,9.765625e-05
10000101000100000001,14.449684002299609,9.765625e-05
11111110100101101001,26.73161125186021,9.765625e-05
00000110110000101001,28.055486537431996,9.765625e-05
11101111100111110011,25.655039488445837,9.765625e-05
10101110011101111001,49.02075898373636,9.765625e-05
01011111100111010111,16.972918672040983,9.765625e-05
11000011000010001100,11.468484783441934,9.765625e-05
00100111011010000000,17.2106240945883,9.765625e-05
11100010101011011000,25.283924097925777,9.765625e-05
00001011111011000110,26.232120872260943,9.765625e-05
10001000100010100100,30.23517964661334,9.765625e-05
10001010100000011000,38.29448596108581,0.0001953125
00001011100010100101,23.64559777625813,9.765625e-05
01000000001100001010,33.58353342522851,9.765625e-05
01100111100111100011,21.710330523709523,9.765625e-05
10100001001010000100,22.29376941644824,9.765625e-05
10000101010100111001,20.301660516099073,9.765625e-05
11100101101000011100,15.51236527752722,9.765625e-05
10010001101110100000,26.442779407177166,9.765625e-05
11011001001110010101,17.299444331199556,9.765625e-05
01100000011000000100,18.31826374999472,9.765625e-05
00001000000000110010,30.622445874002924,9.765625e-05
01010100010100110100,15.322988412322806,9.765625e-05
01111001111011010100,12.113966277209101,9.765625e-05
10000010100000001010,28.91057876682106,9.765625e-05
11010110011011011011,16.317167433388413,9.765625e-05
11010011000101111100,14.163010008314476,9.765625e-05
00011010011010100011,22.87915173779423,9.765625e-05
01101001110100101001,24.914991840833565,9.765625e-05
11010011100111000101,14.552893834105301,9.765625e-05
01100011001001001000,16.5521754014031,9.765625e-05
10110001001100001011,17.911766905894623,9.765625e-05
00111010011000010000,30.646015950187895,9.765625e-05
10000011001000010011,29.157096483331586,9.765625e-05
10010011110001101000,13.883173796673749,9.765625e-05
00011100000111100001,11.212525246728635,9.765625e-05
10010010110011110010,32.666478353314034,9.765625e-05
10100111101110111000,21.362972717679824,9.765625e-05
01000000111011100010,50.34830590859706,9.765625e-05
10100001110000011000,22.772001884414333,9.765625e-05
10101111100010001010,30.17740947504975,9.765625e-05
10001101000110111000,15.9912042600731,9.765625e-05
11111010110010101111,24.729522836426025,9.765625e-05
01110011001011010111,18.344883169893382,9.765625e-05
00100110100111001000,22.694014417357426,9.765625e-05
10000111001101000000,15.58389934313543,9.765625e-05
10000010100100100010,35.22357807639857,9.765625e-05
10010010100111000001,24.982191866602747,9.765625e-05
11111100101111100011,10.53865176184457,0.0001953125
11010100001111011001,16.948209268361687,9.765625e-05
00100000100101010100,43.72055281705097,9.765625e-05
00100000000000000000,23.383190649627178,0.0001953125
10111111101101011101,26.00935280647341,9.765625e-05
10100001100100011010,24.571247176476586,9.765625e-05
10100000000010101011,36.585617487133966,9.765625e-05
11011110101110110100,15.664798317009271,9.765625e-05
11110101110100110000,12.76986836363578,9.765625e-05
11100000010010100001,23.624925929774673,9.765625e-05
01110110110100001000,10.9902194315269,9.765625e-05
00110110011000001010,16.230689426491978,9.765625e-05
10101101001001000000,20.804378442283145,9.765625e-05
01000000010100000110,29.049216867706342,9.765625e-05
10110101001101001101,14.265147249116504,9.765625e-05
00101100010000000001,22.14239938030957,9.765625e-05
10010111000110101000,18.17250814454988,9.765625e-05
00111101000101110111,12.731488004194649,9.765625e-05
11001101110011001000,13.313898763980207,9.765625e-05
01011011110011000000,14.114031027258463,9.765625e-05
01011110110010011001,12.360262769120666,9.765625e-05
11010011010001000111,15.67016572393301,9.765625e-05
11000111100010100100,18.399844692383176,9.765625e-05
00110010010111011000,31.43061476258461,9.765625e-05
10110100100000010001,10.832874651926787,9.765625e-05
11001100010011010000,11.306382457564798,9.765625e-05
01100110000011100010,21.443568097101007,9.765625e-05
10010000001111001100,32.39366374286796,9.765625e-05
01010011010001000001,11.824202268428827,0.0001953125
01011011010111100001,14.912610572703668,9.765625e-05
00000000110011100000,52.00870435836177,9.765625e-05
11000101100001000100,12.727548804578358,9.765625e-05
01011110010000111001,13.772678656215763,9.765625e-05
11110001011100000100,8.914998816847984,9.765625e-05
11000011100000001101,13.20225443532689,9.765625e-05
00101111101010001010,19.181050940412263,9.765625e-05
00011101111001111000,23.33802374601598,9.765625e-05
10011100010010100011,12.917512725161448,9.765625e-05
00011010010010100000,19.480692133815424,9.765625e-05
00111111111001101011,16.66272341345011,9.765625e-05
10000010001010000000,29.57570906206833,9.765625e-05
01010001111000100010,36.41617884250157,9.765625e-05
00011111011100001101,14.163010008314476,9.765625e-05
00101001100010010110,23.141919987901254,9.765625e-05
10010100010100011001,12.513637745864113,9.765625e-05
11000000111000001110,27.58353342522851,9.765625e-05
11110001101110010010,18.606295575210776,9.765625e-05
01011111000010011001,26.606553106566096,9.765625e-05
00100101100011100000,21.64087311393005,9.765625e-05
00000110010011001000,22.475903455859044,9.765625e-05
11001001110000000100,11.075869699244597,9.765625e-05
11111011011110111100,24.77736874242089,9.765625e-05
11011010101010100100,18.857658404565196,9.765625e-05
00010001100001010100,25.048802225347384,9.765625e-05
01110001110011100110,20.280621929750772,9.765625e-05
11101101010001110110,16.586426469056658,9.765625e-05
01100010010000000110,24.002148811954818,9.765625e-05
01101000110000001110,23.001197825110516,9.765625e-05
11001000000010001110,20.064268129029823,9.765625e-05
01010011011110101100,18.929979086528753,9.765625e-05
01100111011011111011,20.93546329354261,9.765625e-05
11010110011001111101,14.232596820225659,9.765625e-05
10011100011100000010,12.510502440220723,9.765625e-05
00110101111101100010,18.306877162785558,9.765625e-05
10000011101010101000,22.378754671969954,9.765625e-05
11001100011010100101,13.06960899197465,9.765625e-05
01111001010101111110,16.958478093322142,9.765625e-05
11101010010111101000,47.423677545304486,9.765625e-05
01100111011000010101,15.268747787999317,9.765625e-05
11010011010010011001,12.867923785082041,9.765625e-05
10011001010000100000,14.354863114292385,9.765625e-05
01011101101101100100,24.407682283990944,9.765625e-05
00001110011011000010,21.82998368166713,9.765625e-05
11111011111100100011,23.946962718799135,9.765625e-05
11110001110110100110,12.734228763134245,9.765625e-05
00001110101011000000,18.914991840833565,9.765625e-05
00100000001001000000,28.501046873971205,0.0001953125
01011011001110010000,16.956759949323605,9.765625e-05
10000011010111100010,30.335385855615897,9.765625e-05
01100111110001010010,13.498486227646993,9.765625e-05
00001000000110100110,37.02507867890262,9.765625e-05
01100101101101010111,17.22942612775085,9.765625e-05
01000001000000010100,15.161821869240915,9.765625e-05
00110101101111100101,22.966219068780113,9.765625e-05
11100000000100101101,26.231104068850932,9.765625e-05
11111001111101110100,12.44138369117472,9.765625e-05
10101110010110101010,40.482282519188445,9.765625e-05
10110010101100001001,22.79827566756511,9.765625e-05
00100010011000000001,37.311978152638765,9.765625e-05
00000001100101000100,29.00209374794241,9.765625e-05
00100010100000100001,33.62492592977467,9.765625e-05
10100001101000010011,24.80018306129879,9.765625e-05
11111000111000101000,10.547822811448082,9.765625e-05
01100111111110011110,17.913358063516732,9.765625e-05
00000101011001000000,20.064268129029823,9.765625e-05
00111000011100100000,18.178385254013037,9.765625e-05
01010001011001010000,19.489747206035055,9.765625e-05
11000111110000000110,15.711838772652246,9.765625e-05
01001001000000011001,20.44968400229961,9.765625e-05
11011001000010000010,21.768039144699273,9.765625e-05
01110100000000010011,13.074927761983208,9.765625e-05
00101110110001000110,33.73937784098544,9.765625e-05
11001101010101001001,13.780766813960792,9.765625e-05
11111001111101100110,10.61945809129324,9.765625e-05
00011100100010101010,25.441818734295914,9.765625e-05
10100101101001100001,16.141081839104306,9.765625e-05
00111111000001111101,26.89963533075487,9.765625e-05
11000111011001110110,15.76388113698763,9.765625e-05
00101111011001000000,22.17250814454988,9.765625e-05
01101101011101110010,10.683607326186237,9.765625e-05
00010101010111000000,17.274590321339502,9.765625e-05
10010110001101111111,24.846878321096003,9.765625e-05
00011001000100111000,20.784553707052336,9.765625e-05
10110111010101010010,23.55502409594412,9.765625e-05
11010001011010100101,18.9224600700908,9.765625e-05
10010110100100101011,16.731549946254454,9.765625e-05
01000100000101010010,18.513306491207363,9.765625e-05
10100101000011101000,19.996832839096005,9.765625e-05
00000111000001000000,11.26814127341953,9.765625e-05
00010001001000000100,22.021321665470204,9.765625e-05
00001011000011101000,19.332656240715572,9.765625e-05
10100000100001111000,35.07555186933567,9.765625e-05
11001001011111011101,25.048471177830695,9.765625e-05
00101100001100000111,20.42834714362017,9.765625e-05
00000000001000000000,30.488559066961493,0.0001953125
10111101000000110001,26.59993896457592,9.765625e-05
01011011010000010111,17.53587061450265,9.765625e-05
11111000101100100000,12.086870272891684,9.765625e-05
01100011010010001000,15.528239494438411,9.765625e-05
10001000001000001010,29.164632161820904,9.765625e-05
01001011010010001010,15.183075340218151,9.765625e-05
00110010001101001000,22.735205363645804,9.765625e-05
11001101100111010010,12.968001119643555,9.765625e-05
00111100101100000000,7.767341237714547,0.0001953125
00111010010000110000,34.696504344670004,9.765625e-05
01000101101111000010,38.506339943185296,9.765625e-05
00101111101111001010,15.885004044298574,9.765625e-05
11101110101000101011,25.772668970178813,9.765625e-05
10001000110000100000,29.81557152460511,9.765625e-05
11101101111111101011,15.892626125619719,9.765625e-05
01000100111000101000,35.44279533480747,9.765625e-05
01100000000010010101,24.43295625787836,9.765625e-05
01110011001110010110,16.549180642679005,9.765625e-05
11101001101010000101,19.39477284776804,9.765625e-05
11000110001000011100,14.748483416958344,9.765625e-05
11011000000010101011,16.55408279513678,9.765625e-05
01001111100011110100,13.269701484866152,9.765625e-05
01111100011110011100,10.075210928641965,9.765625e-05
10110011100111011111,24.844567859104938,9.765625e-05
10000011110000111001,26.625873385048163,9.765625e-05
00001000001010000011,32.06957088428088,9.765625e-05
10101010011111010111,80.20028530667346,9.765625e-05
00011000010110000001,21.16013841012873,9.765625e-05
10010011100111011101,20.687342795599573,9.765625e-05
10001110100100010010,28.576347442748546,9.765625e-05
01101100000011010000,13.724046857446805,9.765625e-05
01011011011111001001,15.038635632472392,9.765625e-05
00000000001011001001,48.87377871448172,9.765625e-05
11010001110010101110,23.6170250677995,9.765625e-05
10000010001110000000,34.06426812902983,9.765625e-05
10010000010001000000,19.120261560602017,9.765625e-05
00010100001101001000,22.57570906206833,9.765625e-05
01010101000000001010,42.8179210246016,9.765625e-05
11111011001111110000,31.25339398794317,9.765625e-05
10101101101001001110,17.39477284776804,9.765625e-05
10000011010000000101,26.138223458526326,9.765625e-05
11110101100001001100,21.825389253858845,9.765625e-05
01010001010111000111,23.379964071182044,9.765625e-05
00100000100100010010,35.20530532457975,9.765625e-05
10010010100101001001,23.454803749408864,9.765625e-05
00100110000111010010,25.743922216034086,9.765625e-05
00000000110000100000,40.95423626784598,9.765625e-05
10100001101001001101,24.217082828545227,9.765625e-05
10101001101010100000,20.916906210581658,9.765625e-05
11000010110001011111,32.99484123611185,9.765625e-05
11000101111001010100,12.910636540856006,9.765625e-05
11100000011000101011,24.358689340066277,9.765625e-05
01010001000111100011,32.18764562320132,9.765625e-05
01001111010101010110,13.269701484866161,9.765625e-05
00110011001000001010,17.08833886860146,9.765625e-05
01000101101110010101,33.595140513455384,9.765625e-05
10111000001110101001,24.487241525756232,9.765625e-05
11111110010010011011,28.72593914509845,9.765625e-05
10100000000000001010,28.733111615703393,9.765625e-05
11111001110001101111,15.005989125552581,9.765625e-05
00001011101110010101,30.329826488934472,9.765625e-05
10000111000111100001,16.202844287855303,9.765625e-05
10111111111011111000,22.269624338757303,9.765625e-05
01001101010001011110,13.027596842368139,9.765625e-05
00000000000000001010,34.27340218226594,9.765625e-05
00101100001111000010,17.07423432813041,9.765625e-05
00111100110011000001,11.446979386248685,9.765625e-05
01111000011000000101,11.588508457393623,9.765625e-05
01100111111111000100,13.761783759097739,9.765625e-05
10111011101010001000,26.951066396919444,9.765625e-05
10110011011000001000,19.77264825895747,9.765625e-05
00000101101101000100,26.462208137701865,9.765625e-05
10010101010000010001,14.449674316262648,9.765625e-05
10011001010001001000,17.277654428200123,9.765625e-05
10111011001000011000,38.72228789573195,9.765625e-05
10111010011011001010,38.42124818917661,9.765625e-05
11111111111101110111,20.22757858162062,0.0001953125
11111011010011001111,31.860166794456923,9.765625e-05
01111001010100000111,13.13505629762233,9.765625e-05
11011011011100000111,22.213151220509534,9.765625e-05
00110010001000001000,18.116302265330567,9.765625e-05
01000010010001000010,23.84911124433427,9.765625e-05
01100111101011110000,20.165466142592994,9.765625e-05
00011010011010001011,23.07005840634716,9.765625e-05
00101010110010010000,43.865766021511334,9.765625e-05
10010101010100010010,16.055203370773235,9.765625e-05
00100110011011101010,30.30987307515321,9.765625e-05
11011000110101010100,18.247298091272526,9.765625e-05
11011010101011001100,21.404106624354313,9.765625e-05
01000001111010000000,31.118499067316357,9.765625e-05
00100010111111011000,52.880280029264355,9.765625e-05
11101011001010101011,30.99120808591118,9.765625e-05
01011001110001011100,18.048802225347384,9.765625e-05
11100101110101000110,10.486287828889392,9.765625e-05
00101101001010110110,16.726834246382076,9.765625e-05
00100000111000001000,35.678825613404456,9.765625e-05
00101111101111000110,15.857455289928424,9.765625e-05
10011001100010001000,19.26718133495934,9.765625e-05
11010010011000100100,14.670715286435774,9.765625e-05
01110010001000000000,14.554436953438248,9.765625e-05
00010111110100110100,18.428347143620165,9.765625e-05
11000110100001001000,12.545012518868093,9.765625e-05
01011101010000100111,20.238346905484363,9.765625e-05
10110101101110101101,22.020594700374602,9.765625e-05
01110111110111000111,13.707301629016266,9.765625e-05
10111010100011000011,38.487061325604,9.765625e-05
10001101000100011100,17.904983071747097,9.765625e-05
10101110101011001100,34.13917444537063,9.765625e-05
11000011010110001110,16.27644691705265,9.765625e-05
00110110011100011010,16.193362813671268,9.765625e-05
01000100001010000011,30.407257123206946,9.765625e-05
10101010101011100000,43.7230764985286,9.765625e-05
10000111110001000000,13.75759626321292,9.765625e-05
00010000000000110100,28.38600094220717,9.765625e-05
10001000100100101000,30.85103530011932,9.765625e-05
11110001111000110101,11.007457808799213,9.765625e-05
10101011101001100010,31.856353346546634,9.765625e-05
00111100010100101111,16.487241525756232,9.765625e-05
11110000001000010010,12.737530931309244,9.765625e-05
11011000010101000101,19.618086209656816,9.765625e-05
10100110111001101011,31.264832129230115,9.765625e-05
01011011111011101000,18.558675981764665,9.765625e-05
00100010100010010000,31.436010678702022,9.765625e-05
01111100011000000001,8.24807594151586,9.765625e-05
00001000101010000010,33.305689023712,9.765625e-05
01000100011010101010,38.28370308046688,9.765625e-05
01111111001001001101,30.003803947377207,9.765625e-05
00111100101000011011,13.514848054161329,9.765625e-05
10101011001010110001,41.85360082800159,9.765625e-05
10001000001010000110,32.82563806772653,9.765625e-05
00000000011000010000,40.44279533480747,9.765625e-05
00011111011001001111,16.06439254117875,9.765625e-05
00100010000000001010,30.538321965190136,9.765625e-05
01111100011011010010,7.490042132299266,9.765625e-05
10100011101110110100,31.07423432813041,9.765625e-05
11011001110110010100,12.18122843054196,9.765625e-05
10111010100111110010,40.101821484461595,9.765625e-05
00011010100110010100,27.62492592977467,9.765625e-05
11110111100001111010,27.269695330400012,9.765625e-05
00011010001110000010,20.008411505666057,9.765625e-05
11110100111101010100,6.537117164065203,9.765625e-05
00010100101010010001,32.38629586847138,9.765625e-05
00101010001000101001,40.58389934313543,9.765625e-05
00000000000001110000,39.00626342813231,9.765625e-05
10110101110101100010,11.310660611433498,9.765625e-05
00100111100011001000,15.773998819906714,9.765625e-05
00000101011000101000,31.116058137086892,9.765625e-05
00000000100000000001,35.04921686770634,0.0001953125
01101010000110101110,32.302836248273316,9.765625e-05
10101010100011101110,48.98166186167777,9.765625e-05
11001000110100000100,22.692679049617418,9.765625e-05
00101101100011001000,17.512940660427645,9.765625e-05
10100010111000111010,43.02220092625073,9.765625e-05
01100110001000010111,18.906171210820656,9.765625e-05
11111110001111111110,24.327031487530746,9.765625e-05
10011001100000111010,21.230814660598824,9.765625e-05
00001110010110101100,26.910636540856004,9.765625e-05
01110111101101010110,17.73806029978018,9.765625e-05
00010101101101010100,27.02131124501218,9.765625e-05
11001100000010011101,14.086870272891684,9.765625e-05
10001100001101011101,28.401032744329537,9.765625e-05
10111111001010100010,35.32434371903507,9.765625e-05
10101010011111111011,69.97985773996736,9.765625e-05
01001100101011010000,16.7528902493775,9.765625e-05
11100010000001011001,35.257481651305966,9.765625e-05
00000001100101100001,35.955353415276825,9.765625e-05
01000110101000000001,20.372211521622496,9.765625e-05
00001010001000001010,30.42207747389451,9.765625e-05
11111100110110001011,10.470879699241898,9.765625e-05
01000101100010011100,32.8080002413045,9.765625e-05
11110101110101111001,10.690744584214173,9.765625e-05
11100010000100011100,33.39548388523333,9.765625e-05
10100000100000100010,26.30947247235994,9.765625e-05
11110110000100111001,19.386077451861983,9.765625e-05
01001011111100000100,17.39227685352617,9.765625e-05
01110111100100011110,21.924941905163784,9.765625e-05
01000100011000011000,21.81557152460511,9.765625e-05
01101001110010000100,14.293769416448239,9.765625e-05
11111000111100111001,15.184986178395437,9.765625e-05
10110010111001101000,25.695970622670348,9.765625e-05
00000001110001000001,31.071613099781686,9.765625e-05
00010111010100000001,10.316699370523239,9.765625e-05
11011010100010101100,17.937932215366594,9.765625e-05
11101011011010101011,29.480663075704566,9.765625e-05
00011110100110101000,15.471294341600853,9.765625e-05
01111100011011110001,8.515785823397863,9.765625e-05
11000110100000110000,12.786383660409902,9.765625e-05
11101010011001000000,46.38074627495411,9.765625e-05
10010111110101101001,10.887265596333721,9.765625e-05
10000100010000010000,19.00939155062122,0.0001953125
10111100011101000101,21.78973746978989,9.765625e-05
10000000100000011100,34.57917812525095,9.765625e-05
01000000000111001001,36.875693084229816,9.765625e-05
10101111001010001111,33.38724070084953,9.765625e-05
00111011001000010111,26.202847819426108,9.765625e-05
11000110010101110111,24.15803769701173,9.765625e-05
00010110011101111111,30.463305825931602,9.765625e-05
10011010000100101001,29.546521197873123,9.765625e-05
00111000011010000100,19.59131874997361,9.765625e-05
10010101011111100000,19.38532624397423,9.765625e-05
10001001010010100001,23.97014712360881,9.765625e-05
11101110001110110111,30.15239951907908,9.765625e-05
00010001001001000000,21.02688103215163,9.765625e-05
10011110011001001001,22.25452498943583,9.765625e-05
11111001001010100101,21.248673504479754,9.765625e-05
11011001111100101011,17.10279528782341,9.765625e-05
00111101010011001110,16.58712419053752,9.765625e-05
01111111000111000111,24.601973257149176,9.765625e-05
00010010110010101101,32.67488060225712,9.765625e-05
11110001111110000000,11.821157533642122,9.765625e-05
01001111101011011001,17.010938631587283,9.765625e-05
00111111010011010010,20.43579879795323,9.765625e-05
11111110100111011110,24.881362578936052,9.765625e-05
11110100110100011101,5.50075122412575,9.765625e-05
00110011100111100100,17.814055047627743,9.765625e-05
10110111011101000001,19.00929503243846,9.765625e-05
01000101011101010010,22.18971084072352,9.765625e-05
10001010000000001000,38.09037222002324,9.765625e-05
00100010001000100001,34.47129434160085,9.765625e-05
10111011100110101011,27.304024387346878,9.765625e-05
00101000110001001000,39.702350322453796,9.765625e-05
11001010010011001000,29.0009509868443,9.765625e-05
01111100010110100011,8.202844287855305,9.765625e-05
11101010101011000000,33.693620350424766,9.765625e-05
10001000000000010100,35.78329810790687,9.765625e-05
11100010001010010000,26.27400598682319,9.765625e-05
01011011110000101110,18.267781607945782,9.765625e-05
11010111001101111100,18.366291842173464,9.765625e-05
01001110000101011000,16.600219334084937,9.765625e-05
01110100100100010000,9.696413686686121,9.765625e-05
01000000110101100110,44.94287529430407,9.765625e-05
01001111110011110000,12.184703011736676,9.765625e-05
11101010010010101100,40.02138223665489,9.765625e-05
11101111011110101100,26.363481549593473,9.765625e-05
01000000000100000010,24.139835925995797,9.765625e-05
10011101000110000000,17.75862095172247,9.765625e-05
10001000100010100010,28.025078678902617,9.765625e-05
00000100110001110000,34.33837437274665,9.765625e-05
01111011010000101000,25.636335725735627,9.765625e-05
11101111110001101111,26.20284781942611,9.765625e-05
11001000100111010100,27.453426546104033,9.765625e-05
00111101111011000101,11.707479119145958,9.765625e-05
11010110010101011000,9.470392177175611,9.765625e-05
00111000010000000110,21.101863760180223,9.765625e-05
10000011100001000100,18.608573789297296,9.765625e-05
01101011100000100100,23.27005564316762,9.765625e-05
11111011111001100100,23.51070128845597,9.765625e-05
00000000101010000010,47.971657467756216,9.765625e-05
10010111000101110011,17.91278389480851,9.765625e-05
10001101111001000000,13.938185295226155,9.765625e-05
10100010001000100001,40.58389934313543,9.765625e-05
01101000010011000010,23.274590321339502,9.765625e-05
11100000110000010000,15.54154690012908,9.765625e-05
10100000100000101010,28.065164051861718,9.765625e-05
10001100110001001101,27.554619041655105,9.765625e-05
10101010101010001100,44.00214881195482,9.765625e-05
10100110000010010001,32.263079125681166,9.765625e-05
10111010111010101000,28.16582030089447,9.765625e-05
11111001011111110110,15.21120770552337,9.765625e-05
10101011101000100011,34.52148364179391,9.765625e-05
11001001000100001100,16.18188720114459,9.765625e-05
00100110100100000001,20.87767220402727,9.765625e-05
01011001010001110100,12.864373749952492,9.765625e-05
11010011010010101101,12.114031027258465,9.765625e-05
01100010000000101101,28.046708477404973,9.765625e-05
10110101110001001000,12.677261968354038,9.765625e-05
01010100000000001100,24.17817474413936,9.765625e-05
00011100011001000111,16.330635285353292,9.765625e-05
00011010101000101011,26.935657445723677,9.765625e-05
00111010000101110010,37.315449289389875,9.765625e-05
10000101101000101100,26.090365978429894,9.765625e-05
10011110000000001001,25.17662629229818,9.765625e-05
01111100011110010000,5.480692133815425,0.0001953125
11010110010111000110,15.91176690589462,9.765625e-05
11100101110100000100,10.545012518868091,9.765625e-05
00101101001000011000,17.8472927563149,9.765625e-05
00001111001011100100,13.160867448792827,9.765625e-05
10110000100000001010,15.809877237779883,9.765625e-05
11011011101000100011,25.904083715311415,9.765625e-05
11011000011000001001,12.603257816438479,9.765625e-05
11000011100001011010,15.332656240715572,9.765625e-05
10001101100100000000,14.015673703533572,9.765625e-05
10101010101010001010,38.88195659948933,9.765625e-05
01100101100111011111,23.43112644031584,9.765625e-05
10001000100010010000,30.76387561897553,9.765625e-05
01111000110101010100,18.7365062427997,9.765625e-05
10000000000000000010,26.60551936847363,9.765625e-05
11110000010010101001,13.821157533642122,9.765625e-05
10011110101010110001,18.791487665392726,9.765625e-05
00001100000110000010,16.671948705517764,9.765625e-05
11100111101100100101,20.956759949323608,9.765625e-05
00100011111001010010,26.733268090252984,9.765625e-05
10010010110100101000,20.87892155073957,9.765625e-05
10101100001000111010,22.265255526904717,9.765625e-05
00001001000111001001,28.228761839136116,9.765625e-05
11011001011001111100,12.864373749952492,9.765625e-05
11110101110101010110,9.045390936199716,9.765625e-05
00101010101110100000,36.26932588092228,9.765625e-05
00001001001100000101,24.427640285019542,9.765625e-05
01010010000001000001,16.230689426491974,9.765625e-05
10010001000000000101,15.538321965190134,9.765625e-05
11000100101001010111,21.58292618706748,9.765625e-05
00111101010100000101,13.137317849657475,9.765625e-05
00100110011011010001,28.757155920059503,9.765625e-05
00100000110000001001,37.50852405484433,9.765625e-05
01001111011100100101,15.248649572146709,9.765625e-05
11000111110001001110,12.729642552520769,9.765625e-05
00001100010110010010,22.94289747436754,9.765625e-05
11000110111000011000,13.043216216310377,9.765625e-05
11100010111100011110,32.003038493193365,9.765625e-05
00100101010101011100,20.786086231263212,9.765625e-05
10011101110000111101,16.49728840253647,9.765625e-05
00011111011011101111,16.046154659750158,9.765625e-05
00011111110111000010,12.06915279747831,9.765625e-05
11100111111001110100,14.844154947789027,9.765625e-05
10100011111110101101,35.09101966108273,9.765625e-05
01000000010010000000,22.27340218226594,9.765625e-05
01000001010101010100,20.196867470825364,9.765625e-05
10010101101101100101,20.085168176126658,9.765625e-05
01101111100001110100,21.069364950858166,9.765625e-05
00000100000100011101,30.192226207039305,9.765625e-05
01110011011110000100,10.781913841050777,9.765625e-05
01000000100001000000,25.227644691705265,9.765625e-05
00100011011000001010,22.276446917052652,9.765625e-05
11011010101001101011,23.3906058884405,9.765625e-05
01011111110011110101,15.03785525771039,9.765625e-05
00010101111110010010,37.42134147005582,9.765625e-05
01011011111000010010,17.82127308171201,9.765625e-05
00100110001000110111,29.92532740228467,9.765625e-05
01010000010010100010,24.688879673339173,9.765625e-05
10110000001100010011,23.596063078642864,9.765625e-05
01010001011000000101,19.02688103215163,9.765625e-05
10101010100010001000,43.79898950218015,9.765625e-05
10101111101011101001,24.269624338757303,9.765625e-05
11010111110000101100,19.9514810392784,9.765625e-05
10110101111001001101,13.673323198800052,9.765625e-05
00100011101111111010,34.259920203608175,9.765625e-05
01001111101100001000,20.086876514485034,9.765625e-05
01001110101001101011,22.447156152797128,9.765625e-05
11111101111111100110,12.315369346131284,9.765625e-05
10001111010010001001,23.149626278472873,9.765625e-05
00000101100100110001,28.084062701174055,9.765625e-05
11010110011111010000,12.310728071505402,9.765625e-05
11101000111011101010,24.38526149392487,9.765625e-05
01111111110101111111,17.416616171273688,9.765625e-05
00001011010011010000,25.283121543100304,9.765625e-05
10011010000000011110,36.82444377418682,9.765625e-05
11001111010011110101,15.945115809122933,9.765625e-05
00001011010011000011,26.206425269160338,9.765625e-05
10000110001100011000,22.223552168464046,9.765625e-05
11000111110001100000,12.250886234095844,9.765625e-05
00000000101010000101,51.210014048437706,9.765625e-05
10101011101011010100,37.531139710581215,9.765625e-05
10111101010101101001,17.999870597868302,9.765625e-05
01010111100101010010,23.18374587042624,9.765625e-05
10001011110110101000,26.471294341600853,9.765625e-05
10110011110110011101,23.34746944072467,9.765625e-05
00111111011111011011,14.119846488929074,9.765625e-05
10011100011010010000,14.329264323641809,9.765625e-05
00001000000100100010,30.952648690462517,9.765625e-05
10100000010010000010,35.04880222534739,9.765625e-05
11010100010000000101,8.819063785699711,9.765625e-05
10110000000110100110,25.098972789920566,9.765625e-05
10111111010110111111,30.104693082647337,9.765625e-05
11111110100110111111,21.752520250572932,9.765625e-05
00100111100000100110,21.204094368988663,9.765625e-05
01111011010111001010,20.508087330388925,9.765625e-05
10100010101000001110,36.13942128363684,9.765625e-05
10110101100101010101,10.664994651522218,9.765625e-05
10111010110010101110,34.3184459361786,9.765625e-05
00110000011001000010,20.18542561246373,9.765625e-05
01010101100101000100,26.77425728198334,0.00029296875
10101100110010001010,24.139421283636842,9.765625e-05
00011111011111000001,8.703823701754606,9.765625e-05
11101111101111011111,21.556763685585068,9.765625e-05
01111110011101010001,17.000638674947474,9.765625e-05
10110000110001001010,20.54694814875472,9.765625e-05
00001011000111101000,22.48724152575623,9.765625e-05
10100010101010001001,35.326871295906464,9.765625e-05
00011011010001001010,18.363908500475063,9.765625e-05
01001000010101001000,28.492914366939054,9.765625e-05
11101111111110001011,24.331640601788937,9.765625e-05
11111110011111100010,23.264018957646385,9.765625e-05
11011001011001111110,14.512891848848405,9.765625e-05
10000111001001100110,21.16086744879283,9.765625e-05
10000100101011000100,29.72055905864432,9.765625e-05
11101111101111010101,24.140782744815244,0.0001953125
00101000101000001100,32.31826374999472,9.765625e-05
01000100001100000100,20.181238116578914,9.765625e-05
11111111100011101110,33.362493287443485,9.765625e-05
10110111101111101011,18.56349245572019,9.765625e-05
11111110011010011010,24.623981282490746,9.765625e-05
01100100011101010101,18.935998386417385,9.765625e-05
11100100110000011100,11.128208447846506,9.765625e-05
01000101111111011100,35.09993617282436,9.765625e-05
11001001001101100001,18.517869591036057,9.765625e-05
00110010111010000000,18.217082828545223,9.765625e-05
10010001001010001100,23.80616478077465,9.765625e-05
11110100011001011100,10.958899711695507,9.765625e-05
00110011101010000001,16.097604450694767,9.765625e-05
10000110101001101001,24.315742142085593,9.765625e-05
10110011100000110001,23.22106624165359,9.765625e-05
11110001010000010100,10.554436953438248,9.765625e-05
11110000101100010100,10.833164060178895,9.765625e-05
00111010010010111100,35.73937784098544,9.765625e-05
01110010101010000000,14.92144786476795,9.765625e-05
10101010011111101010,58.841565879808,9.765625e-05
11000110100000111000,12.227270867062625,9.765625e-05
00111101100111010011,10.999500511936525,9.765625e-05
01001101110111110011,19.58541168456394,9.765625e-05
00000000010000100000,35.1583562505019,9.765625e-05
10100011011101000001,39.66181844103531,9.765625e-05
01101101011101011000,13.52369086423771,9.765625e-05
00101100011000101010,20.82563806772653,9.765625e-05
11101011101010010011,29.752520250572932,9.765625e-05
11101010101011010011,38.32319026484785,9.765625e-05
10111110011111001000,29.83942133384506,9.765625e-05
00111110111100101010,16.386286182434418,9.765625e-05
00110111010011100101,16.6435032063578,9.765625e-05
01110010110100011111,19.474521899025483,9.765625e-05
00001000010000000000,28.692679049617418,9.765625e-05
11001111000101011110,20.046483084781165,9.765625e-05
10010101010100000110,16.424583154173337,9.765625e-05
00001110111010010000,22.31886402298116,9.765625e-05
10110101000111010101,16.014915617598433,9.765625e-05
01101001001110000000,16.737530931309248,9.765625e-05
10011001110000100000,13.5486831403085,9.765625e-05
10111101101010101000,23.945506295816948,9.765625e-05
00111101110100011110,15.332656240715568,9.765625e-05
01100101011110100101,22.61894494471988,9.765625e-05
01011110011111001010,12.643673720473082,9.765625e-05
10111010100110000011,36.366150680436306,9.765625e-05
11101010101001011010,35.472245328445155,9.765625e-05
11011011110010101010,16.82030345721487,9.765625e-05
00100011111000010100,24.9597956345274,9.765625e-05
11111110111010100010,20.599229603092823,9.765625e-05
10000010010111001110,52.41371938873468,9.765625e-05
01101101001011110111,13.853513908728575,9.765625e-05
01110110111110000000,11.347896566270325,9.765625e-05
00111101111100010111,10.090239286320728,9.765625e-05
10111111011011010001,31.21256718026048,9.765625e-05
11011101101000111101,24.27789874194768,9.765625e-05
00000100001011011101,40.33951368940115,9.765625e-05
10100001110010000101,26.428780336095116,9.765625e-05
11011110101011101111,20.315369346131284,9.765625e-05
11010110010010001001,11.819365687978337,9.765625e-05
11000010100110101001,24.071433721587372,9.765625e-05
01001011001010110000,15.664798317009271,9.765625e-05
11100100011001010000,12.326447789468473,9.765625e-05
10101011101001011110,37.531139710581215,9.765625e-05
00010111010101000000,9.18307534021815,0.00029296875
11010100010001001101,10.537361292308884,9.765625e-05
10011101001010101001,22.075323766689316,9.765625e-05
01000000010110100100,33.847907177630404,9.765625e-05
00101110001100001101,32.733818474304016,9.765625e-05
00101101001001000011,12.556889643273164,9.765625e-05
01011110100010011110,20.254524989435826,9.765625e-05
00011111010101010110,15.602647133833838,9.765625e-05
01010001100011111001,41.23944811444508,9.765625e-05
10100000100000110010,30.46782872286184,9.765625e-05
11101111011100010000,34.933916190940366,9.765625e-05
01100111000101100100,18.17250814454988,9.765625e-05
01110001010001010110,10.959380992168445,9.765625e-05
10110100010110110011,17.09304333730737,9.765625e-05
10101010100110100010,46.39351308059772,9.765625e-05
00111010110000101000,27.11726220379075,9.765625e-05
00001001111100111110,42.58703185162908,9.765625e-05
11100101011001010100,10.6039646750391,9.765625e-05
01000000000100000100,22.0,0.0001953125
11010011110010100000,13.349009115614017,9.765625e-05
00011011001011001000,16.114031027258463,9.765625e-05
01011110111001010011,14.515785823397861,9.765625e-05
10001001000010110111,27.651276135453056,9.765625e-05
01101101111001010100,9.02759684236814,9.765625e-05
00100110001111000001,24.069156241921917,9.765625e-05
11110011111100011110,13.624511287415718,9.765625e-05
10111010111010000100,35.48158534662478,9.765625e-05
01111011001001101101,25.3335041735165,9.765625e-05
10010111101101000000,16.07149502719313,9.765625e-05
00111010000100011011,35.79461129855787,9.765625e-05
00101110010000110011,35.22018896731436,9.765625e-05
00000100011000000100,28.488559066961493,9.765625e-05
10000110100100001010,21.273054999978886,9.765625e-05
00010010001111101011,36.514564909138755,9.765625e-05
10100100001100011110,26.91997031744228,9.765625e-05
00101000001110000000,30.064268129029827,0.0001953125
10101011111000100000,34.391993686867416,9.765625e-05
01001101111000000111,19.470392177175615,9.765625e-05
10010111010111010001,13.056953675139457,9.765625e-05
10101010100000101010,43.201659680352556,9.765625e-05
11010011011100000100,11.89493348494431,9.765625e-05
10101100101000111011,21.199108632938092,9.765625e-05
11101000110010100111,26.054168996226732,9.765625e-05
00110111010001001011,15.420278564679457,9.765625e-05
00100001000101000011,24.91169591425191,9.765625e-05
00100010010111110010,55.145039365914336,9.765625e-05
00011001000000000011,17.076161915486264,9.765625e-05
10001010101000000000,34.322994653916155,9.765625e-05
01100111110101110000,14.917512725161448,9.765625e-05
01111100011011101111,14.160661537006318,9.765625e-05
00001110011010001010,21.15858371669421,9.765625e-05
11011001010110100111,13.390605888440504,9.765625e-05
10001000001000000000,26.566596215813753,9.765625e-05
00100110000110101110,29.553545628693517,9.765625e-05
10011000000100101101,24.56868996375616,9.765625e-05
01111101001011011010,24.80490781075408,9.765625e-05
11100101000101110010,15.080606121178132,9.765625e-05
01111101110011110010,17.31351899201148,9.765625e-05
11101010100000111011,37.34622026867644,9.765625e-05
10101001101101100010,23.406967714954835,0.0001953125
11011101100101011000,18.11858181856452,9.765625e-05
01101001111101000101,20.677132468255316,9.765625e-05
01101011110000001000,23.221423844398668,9.765625e-05
01110100111100010101,9.008421191703011,9.765625e-05
10001100011100101100,25.304130591566604,9.765625e-05
01111010100001000011,25.51477788406688,9.765625e-05
00101010101000001011,37.0504050067799,9.765625e-05
00010101110111110001,28.927434574974903,9.765625e-05
00000001000000110001,28.89337525993897,9.765625e-05
11110011010100101001,19.72873694365192,9.765625e-05
01100111000001000000,19.636335725735634,9.765625e-05
00110011000010000000,15.57785860844421,9.765625e-05
10011000001010100000,17.8472802731282,9.765625e-05
11100011000010000100,22.53436266991869,9.765625e-05
11000010011010011000,21.068935017322964,9.765625e-05
01001001001000001110,18.741642837464195,9.765625e-05
01101110110000110100,22.897158708586907,9.765625e-05
01100010110100001010,25.766213495161615,9.765625e-05
01000001010011100110,27.7323756118647,9.765625e-05
11100001100000100010,14.445602182943855,9.765625e-05
00101010101010101000,33.06796465840475,9.765625e-05
00001010011101101010,48.27841552926488,9.765625e-05
01100010101100000000,21.001197825110516,9.765625e-05
11101101010011010000,20.177232806877967,9.765625e-05
10011010111011101001,29.058366178148503,9.765625e-05
01000010001011001110,30.1026212312975,9.765625e-05
01001001000100001010,19.767341237714547,9.765625e-05
01001110100001011001,17.523690864237707,0.0001953125
01101110101011111001,20.409768321497864,9.765625e-05
11111110111101110101,22.276208306821083,9.765625e-05
11011001110110110100,11.720269650392211,9.765625e-05
01010011000110010101,15.04539093619971,9.765625e-05
00010111010111001101,11.889613158556765,9.765625e-05
10101011101111000010,34.36800030013504,9.765625e-05
01010101100100000111,33.42367754530449,9.765625e-05
01111001010100010110,12.661963134343274,9.765625e-05
00001111100101000110,15.997786535962844,9.765625e-05
10101111100010100100,31.337789390936464,9.765625e-05
11011000100010110000,13.306382457564798,9.765625e-05
11111011100011111001,29.768811906992823,9.765625e-05
11011001110011010000,13.606707507547187,9.765625e-05
11101111011011111111,23.685720827597024,9.765625e-05
10001100101111101001,24.404492121475204,9.765625e-05
00110010011010000100,22.064411913252663,9.765625e-05
10110010101100011000,24.739381285429047,9.765625e-05
11110101011001000101,14.641172306186132,9.765625e-05
10000100100110011100,28.688217164025673,9.765625e-05
01100111110011110101,16.317167433388413,9.765625e-05
10101000101100011101,48.80560282262205,9.765625e-05
01110100000001000011,14.376554425540562,9.765625e-05
10001000100001000010,31.438034344086844,9.765625e-05
10001010000000111000,39.6397133965133,9.765625e-05
00101001010000010111,31.283121543100304,9.765625e-05
00110010001100101100,25.606717193584142,9.765625e-05
01111100110100001001,9.805268123521692,9.765625e-05
00110011100000000010,15.088338868601461,0.0001953125
11010011100111111001,17.34696805375676,9.765625e-05
11001101001100110110,12.630262330427382,9.765625e-05
11110011111110100101,15.116766883752142,9.765625e-05
00010000100001011101,39.764292149399104,9.765625e-05
11011100011010100011,11.297295530084558,9.765625e-05
11101010110010100010,31.904954013636228,9.765625e-05
11010110010110010001,9.160867448792828,9.765625e-05
10101001100110010100,31.825333455425366,9.765625e-05
10101100110011101011,27.264832129230115,9.765625e-05
01011001111101101010,25.787926899346058,9.765625e-05
00010100001000000011,23.934161249905348,9.765625e-05
11010110011101011110,15.885181534428266,9.765625e-05
10011101110101100001,9.097317752465203,9.765625e-05
10001100110010100001,20.150830258049535,9.765625e-05
10001110110010101000,22.512696532183966,9.765625e-05
00101001100111001001,30.427803735583556,9.765625e-05
00000000100000010000,35.1583562505019,0.0001953125
01011001001000010000,18.95927531563938,9.765625e-05
11011001000101110010,16.96138426763085,9.765625e-05
10111100110001100010,14.36026276912067,9.765625e-05
11000011110010001100,9.80987723777988,9.765625e-05
11111100010100011001,15.42935934894302,9.765625e-05
11000111110101011100,8.118209659064249,9.765625e-05
00001010011000100000,33.8265720982522,9.765625e-05
10110101011111001110,18.2348769223768,9.765625e-05
11101111101010000000,31.740402529494993,9.765625e-05
00100101101111000010,22.028903054030263,9.765625e-05
10101101101000001010,19.293833432076532,9.765625e-05
01011100011111010000,8.741288679162725,9.765625e-05
01011010001110000000,14.603964675039103,9.765625e-05
11110001100001100110,14.314432311315809,9.765625e-05
11101001110000000011,20.661963134343274,9.765625e-05
01010000110010001110,32.95085592487379,9.765625e-05
10000010001000101000,29.164632161820904,9.765625e-05
10011011101000000101,24.86131661910629,9.765625e-05
11101010100010100111,36.13259870534149,9.765625e-05
11000011001011011100,14.486287828889392,9.765625e-05
11100111010001001101,22.238315773805,9.765625e-05
01001100001010110011,17.11882858054335,9.765625e-05
11011000001000100101,14.183016548334697,9.765625e-05
01110110101101000001,13.04539093619971,9.765625e-05
00001100100101111000,26.25996339925175,9.765625e-05
00111000001100100001,17.97014712360881,9.765625e-05
11101011100010100001,32.28791375262749,9.765625e-05
01000010010010010110,25.024959686389117,9.765625e-05
10000101000000100000,16.08060060316603,9.765625e-05
01011100111100010010,12.289121176647761,9.765625e-05
01010100101100110001,29.055560249937063,9.765625e-05
01110111001100011111,21.16738404391191,9.765625e-05
10001110100001010100,31.72439403973386,9.765625e-05
10000010000110100001,37.269984651524915,9.765625e-05
01000101011001010101,18.269325880922285,9.765625e-05
11110000100000101000,10.963017859443807,9.765625e-05
11100000000001011110,24.78232848340973,9.765625e-05
00000001100100010101,35.02035401657454,9.765625e-05
11011000001011000100,16.99302972410689,9.765625e-05
01101000000110100100,24.42207747389451,9.765625e-05
00101101000111001011,17.82956903930818,9.765625e-05
00000000101100100100,51.39703160265345,9.765625e-05
01001010111011001010,28.27451932969679,9.765625e-05
00010101110101000100,19.048802225347387,9.765625e-05
00111000110010100000,18.340480603875754,0.0001953125
01011011110000000111,16.960399439084643,9.765625e-05
10101000000001000110,45.27562469588601,9.765625e-05
11001111110000000101,20.804378442283145,9.765625e-05
00010011010000000010,14.30882067777172,9.765625e-05
00111000110000000010,15.606717193584146,9.765625e-05
00100010101011000010,34.31729872358474,9.765625e-05
00011010010010100011,22.676900834038154,9.765625e-05
10000011100111001000,20.49185064001442,9.765625e-05
11101111000001110110,35.32217179629547,9.765625e-05
10000110000110011000,20.774776583022845,9.765625e-05
00100111100110010000,16.104226526452315,9.765625e-05
11110101101101001011,20.32602001662896,9.765625e-05
00011111001101110101,14.108376100147236,9.765625e-05
01100111110001000110,13.867866011047095,9.765625e-05
11011110111100110010,14.03480950507517,9.765625e-05
01111001110100001101,15.431992874974565,9.765625e-05
00011001100010100111,25.24667565990225,9.765625e-05
11011111101111101110,22.178096874449253,9.765625e-05
00111100011001100001,10.441383691174721,9.765625e-05
01101011001100100000,25.32617086440306,9.765625e-05
10100101001110001000,20.74968124206886,9.765625e-05
10010111000010000110,26.347149809878324,9.765625e-05
01011111010010010000,19.73354154923861,9.765625e-05
01001010101010110010,24.36650673805186,9.765625e-05
01100011111000000100,12.293769416448237,9.765625e-05
01001100000110010000,10.055424301104933,9.765625e-05
01101001101110000001,20.487241525756232,9.765625e-05
11011001011100010100,12.14230527788208,9.765625e-05
01000110000000000100,14.181887201144589,9.765625e-05
01101101110001000100,12.000950986844298,9.765625e-05
11001101011101010000,9.908399878906868,9.765625e-05
10000101110010100110,27.48757622485659,9.765625e-05
00110111011110000001,12.183614394726035,9.765625e-05
01111100110100110001,6.506435824914022,9.765625e-05
10101000101010100000,28.73501900943707,0.00029296875
01011110001101000110,17.268747787999317,9.765625e-05
00110101000001010101,13.686026897900495,9.765625e-05
01011110101010000010,22.202231531682166,9.765625e-05
10011010111010100011,26.87915173779423,9.765625e-05
01001100100100011110,18.86478839231145,9.765625e-05
10111111011011100011,26.57026649506738,9.765625e-05
01101001101000000001,17.69177344074857,9.765625e-05
11001001110000101010,14.326447789468473,9.765625e-05
00010110101100111101,27.58292618706748,9.765625e-05
01001101111011010111,19.086455837672787,9.765625e-05
01010111101011100101,34.581944166510844,9.765625e-05
01000000011100101100,38.95423626784598,9.765625e-05
10101011111110010010,40.68697435317399,9.765625e-05
10100110111010101001,28.542670289153282,9.765625e-05
11001001000100010000,17.199722112692477,9.765625e-05
00000001000000011100,26.696138426763085,9.765625e-05
10100110111011100000,29.117181526111093,9.765625e-05
10101010001001000010,54.5419093735924,9.765625e-05
01001000111011100110,35.052297120177144,9.765625e-05
11111011001111000001,34.81271977785477,9.765625e-05
11001000011001100100,22.128730546035758,9.765625e-05
01001010001001000110,25.480692133815424,9.765625e-05
00101010111010100010,36.23788988943975,9.765625e-05
10001100000100101011,20.049543660070977,9.765625e-05
01010000011000101010,30.006906271104633,9.765625e-05
01111001111111101000,18.245669696172747,9.765625e-05
11101111101101100100,25.25060306743709,9.765625e-05
01111111110000010001,25.846130623142876,9.765625e-05
11100101011001000000,13.26814127341953,9.765625e-05
01111011101110110011,20.687564205702405,9.765625e-05
11111101100111111010,20.18654647696927,9.765625e-05
11010011010010101100,11.10847166057704,9.765625e-05
01010101000001011101,26.414545326975997,9.765625e-05
01001010100000010010,22.78455370705234,9.765625e-05
11110100010111100101,12.112109681495955,9.765625e-05
01100111100111110100,15.98608462172723,9.765625e-05
10110001101001000010,14.60348601705185,9.765625e-05
11111100101101110010,8.791487665392726,9.765625e-05
10111000010000001001,30.089649433792314,9.765625e-05
10101111111101111111,31.582546415098754,9.765625e-05
00011011101000011000,21.69177344074857,9.765625e-05
00010100000010000101,22.09246596796565,9.765625e-05
00100011011111101001,35.47067025588458,9.765625e-05
11100111011011000100,19.73059353936507,9.765625e-05
10001101100001000001,13.82749121899607,9.765625e-05
00101000110000110101,46.85417684735606,9.765625e-05
11111011101001101010,27.2486638184428,9.765625e-05
01101101011111101011,17.89262612561972,9.765625e-05
11110101100100100100,20.24155319193065,9.765625e-05
11010010000010001010,16.784175393085924,9.765625e-05
00010101010101000110,18.098019093053725,9.765625e-05
00000001000110010110,34.56088871138076,9.765625e-05
01101000001001100111,25.34389741103553,9.765625e-05
00100010100010000100,31.368273486489578,9.765625e-05
10100000100000111000,30.38600094220717,9.765625e-05
11001101010101110110,9.561591107689267,9.765625e-05
01001010000010100001,22.055203370773235,9.765625e-05
00111111111101001011,13.282934366933654,9.765625e-05
00010000000010110100,33.07555186933567,9.765625e-05
10110001110000000001,11.431992874974561,9.765625e-05
10000001010011001010,28.00418749588482,9.765625e-05
01010011010101000100,9.459541629344711,9.765625e-05
10001001010010111010,26.741288679162725,9.765625e-05
10011001001111001001,20.068445938877687,9.765625e-05
10110101010011100000,17.48723881573369,9.765625e-05
00111000100100110101,27.361499632646268,9.765625e-05
11110000101100101010,14.378754671969954,9.765625e-05
10010101011111000011,20.478613698685457,9.765625e-05
11011001100100010011,18.614306478083563,9.765625e-05
00100010001000000000,27.81906378569971,9.765625e-05
11000101011011000010,21.283121543100304,9.765625e-05
00000001110100110000,38.33837437274664,9.765625e-05
00111101010000111111,18.55688964327316,9.765625e-05
01011100111100000010,13.545959974141585,9.765625e-05
01000100001100000011,24.7528902493775,9.765625e-05
01101010010110101001,38.313882836349904,9.765625e-05
00000000100000011000,39.85103530011932,9.765625e-05
10010101110111010001,15.51129207170569,9.765625e-05
11100111101100111101,18.234237709351948,9.765625e-05
11111100111101011010,8.3107280715054,9.765625e-05
01001010011001100011,30.684445474983182,9.765625e-05
01110110100010010011,16.989694024689086,9.765625e-05
11000111111100000100,13.767341237714545,9.765625e-05
01001101000010110000,17.5703886269174,9.765625e-05
10100001001100001100,23.610835341332443,9.765625e-05
00000101001000011100,27.322994653916155,9.765625e-05
01100010000000111100,25.909682843989167,9.765625e-05
11011110010000000010,24.783417187547577,9.765625e-05
10000010001000000011,36.47129434160085,9.765625e-05
01011011110011001010,17.074722584617756,9.765625e-05
00111101110011101110,18.539439112620983,9.765625e-05
01010001010010000100,17.80616478077465,9.765625e-05
00000001001110100010,39.997148078995245,9.765625e-05
11010001100111001111,24.735923796348004,9.765625e-05
10100100000000100001,20.32645403106182,9.765625e-05
11001101011110111000,12.971132686576077,9.765625e-05
10010001000010001010,23.041630391196488,9.765625e-05
10111101101101001101,15.063843800633913,9.765625e-05
10100001111000000100,20.25865282322108,9.765625e-05
01000110010100100000,15.52710839497873,9.765625e-05
11101010111100101000,35.023241542390586,9.765625e-05
10100011101110101101,30.601564671289342,9.765625e-05
10010111010000010000,18.670812186012995,9.765625e-05
11111111001011111100,33.13242285871799,9.765625e-05
10010110110000001000,13.565077850771768,9.765625e-05
00001110010011101011,25.977634284786152,9.765625e-05
00101011001100001100,30.955193496283623,9.765625e-05
11010001100101001000,16.002148811954818,9.765625e-05
01110001110100010000,10.45308560541033,9.765625e-05
00000101001001010000,19.9382430692611,9.765625e-05
10000001000001000001,19.536400619427624,9.765625e-05
10010010110000101001,20.607613116416037,9.765625e-05
01100001000000000111,16.729642552520772,9.765625e-05
11000001100010100101,20.666970963330115,9.765625e-05
11101101111101111100,11.899651171257975,9.765625e-05
10101111101010110010,26.128505447679213,0.0001953125
00101101110010100010,17.273681180899843,9.765625e-05
00100011110001101000,24.912672514763468,9.765625e-05
01101101011111000110,10.643673720473084,9.765625e-05
11100000100001100100,18.636527499989445,9.765625e-05
00001111000001010111,18.315449289389875,9.765625e-05
01100111010101101110,18.576897201141886,9.765625e-05
01000001110011000101,28.505234369856026,9.765625e-05
10110010111100101010,25.341366840670695,9.765625e-05
01111100010011010101,10.887028444104462,9.765625e-05
00110100111111001000,21.879000584913047,9.765625e-05
01110111010100101111,20.467163797793063,9.765625e-05
11101110001011001010,29.46280849781551,9.765625e-05
01011101111101110101,15.915229003902652,9.765625e-05
01001100001100010001,11.327333008414902,9.765625e-05
00001010100010010101,40.42361623969873,9.765625e-05
11101001001001000010,20.3537462611288,9.765625e-05
11000111010100111101,12.503625532334032,9.765625e-05
00000000010001000010,40.36837654053296,9.765625e-05
11111000001000101011,17.268747787999317,9.765625e-05
11010111110101011101,8.664994651522225,9.765625e-05
00010000000100001101,28.092712806231866,9.765625e-05
10000100110011001010,31.142825596770102,9.765625e-05
11100111111110001111,19.247422503421454,9.765625e-05
01011011011001000000,14.861316619106287,9.765625e-05
10010111011110001110,20.355464405127336,9.765625e-05
11000111001011011001,15.856353346546626,9.765625e-05
00101101000010100000,18.140201843902716,9.765625e-05
01001001000000001100,15.73537316773854,9.765625e-05
11101010100010011100,35.88960856046961,9.765625e-05
10101000000000001000,38.08755568584991,9.765625e-05
00000010000110000000,29.399137833782554,9.765625e-05
00011010111000100001,24.46618337144343,9.765625e-05
11101010110010110000,35.36001593085445,9.765625e-05
10000010101010000000,30.065164051861718,9.765625e-05
01000101000001100000,22.755155332983453,9.765625e-05
10101010001010111000,47.36001593085446,9.765625e-05
00111000110000100000,17.19564029333672,9.765625e-05
11010101111001101000,27.728493549829317,9.765625e-05
10010111111101000000,13.60670750754719,9.765625e-05
00000011000101000100,20.183980949087,9.765625e-05
10110000100011100101,26.082150943071827,9.765625e-05
10011100100100001000,12.161821869240917,9.765625e-05
01101000101001110001,26.164914604898417,9.765625e-05
00000101000011110010,28.755373026011604,9.765625e-05
11101011111011111101,28.135929316809502,9.765625e-05
11101010101001101000,32.76232716713436,9.765625e-05
11101111011011111000,24.65134368265216,9.765625e-05
00101000010111100010,44.717378680132555,9.765625e-05
11111100011011001011,14.002376278147121,9.765625e-05
01000101110111001001,31.10740990925388,9.765625e-05
00111000111010010010,20.050334015137196,9.765625e-05
01010100010101011001,14.494458650755377,9.765625e-05
10110101101000000110,21.411125722666487,9.765625e-05
10000011110000101000,18.833164060178895,9.765625e-05
10000100000100000000,15.362476233157826,9.765625e-05
11111111110100101001,29.798458762834116,9.765625e-05
10111010011110100010,35.961712077844,0.0001953125
01101010101110011111,33.84706467530473,9.765625e-05
01011110010110110000,9.3546670740467,9.765625e-05
11010100101100010011,17.50643582491402,9.765625e-05
01000000110000000111,33.766316549204994,9.765625e-05
11011011010110100101,18.21315122050953,9.765625e-05
00011000101101101000,31.205305324579744,9.765625e-05
10110000111000000001,16.229738439647676,9.765625e-05
11101111001110100110,29.406434265586263,9.765625e-05
10110000000100001100,21.546862872987894,9.765625e-05
10011010101101101000,27.907076819689504,9.765625e-05
11010011010000011101,11.7365613068121,9.765625e-05
10111111111110000110,24.121900033973034,9.765625e-05
01010101000111010100,23.475061862618496,9.765625e-05
01001010010011101010,26.05416899622673,9.765625e-05
11101111111001111110,19.87175179015717,9.765625e-05
00111001011111010100,19.647322161850017,9.765625e-05
00010101110011100111,36.2333390981337,0.0001953125
01100111010011011111,16.36467846561886,9.765625e-05
01111001010010000101,14.357385750889847,9.765625e-05
10000110100110010110,28.545792170048845,9.765625e-05
10011010010111101110,37.263510849313974,9.765625e-05
10101110001110001110,38.39160568686405,9.765625e-05
01010101010101101101,23.37051566645082,9.765625e-05
01111001100010001010,23.53203636783418,9.765625e-05
10111101111111000111,12.530891228808812,9.765625e-05
00000000001010101011,54.6402408985558,9.765625e-05
01011100111010100001,18.825378746273614,9.765625e-05
10100100011000001001,23.389460319352832,0.0001953125
10100001101001011011,28.11395305960134,9.765625e-05
11010111110100001001,14.58485032997973,9.765625e-05
11000010010110100100,25.422077473894515,9.765625e-05
01101101110101010000,11.523690864237707,9.765625e-05
11110001110100110011,12.090239286320731,9.765625e-05
11110100101100110001,8.664798317009271,9.765625e-05
00101000101010000100,30.155783110151177,9.765625e-05
01001101111011110100,18.161202147893185,9.765625e-05
01111000000101001000,19.6459519345596,9.765625e-05
00111000010000100010,17.480692133815424,9.765625e-05
11100010000011000110,32.49029323655735,9.765625e-05
01101100100001000010,12.737530931309244,9.765625e-05
10001110101110111000,22.776683976756527,9.765625e-05
10100001110100000010,22.9597956345274,9.765625e-05
00100100000100011000,20.807397182008135,9.765625e-05
00001000000010000101,32.87892155073957,9.765625e-05
01100011100011001000,16.50680853333148,9.765625e-05
01101101010001000111,14.087442211348502,9.765625e-05
00111101110110011000,15.876370590452312,9.765625e-05
01000000101110111100,52.68953844394181,9.765625e-05
10010010001101001010,27.57780281001074,9.765625e-05
00100011011111001100,30.371263157263883,9.765625e-05
00101000100000100110,30.825638067726526,9.765625e-05
10111000111110100001,23.289638051092176,9.765625e-05
10011011011000010010,27.740058057230474,9.765625e-05
10000001000100000001,21.309472472359936,9.765625e-05
00010000001100011100,35.04921686770634,9.765625e-05
11001000010000000100,19.38535809923484,9.765625e-05
01000011011001101100,18.432956257878356,9.765625e-05
01000100100000000000,20.29473904094538,9.765625e-05
11101000101111110010,26.78797769736659,9.765625e-05
11110100010010111000,13.233573420737216,9.765625e-05
11110001001001111000,18.071495027193127,9.765625e-05
00100011100011010010,23.134817501886875,9.765625e-05
00000100110010101000,41.02723092446122,9.765625e-05
01111001011000011011,15.710521231446979,9.765625e-05
00110110100000001010,17.413784138784038,9.765625e-05
10110000101100101000,18.276861559411607,9.765625e-05
10111100101010000111,16.88702844410446,9.765625e-05
10101011100001101010,34.11223844717362,9.765625e-05
11110101100010110101,24.33367124318817,9.765625e-05
01101001100010010000,17.233573420737216,9.765625e-05
01001010100111100000,26.78423587714341,9.765625e-05
01001111001111101000,15.269701484866157,9.765625e-05
10111111110111111000,23.24674247268029,9.765625e-05
00001110001000101010,21.03448271271054,9.765625e-05
00011110011110000011,12.090239286320731,9.765625e-05
10110101100101100101,11.487475967962952,9.765625e-05
01110010011000001000,12.11630226533057,9.765625e-05
01101001001010000100,14.311082229806871,9.765625e-05
10110101001101101100,16.517049122138992,9.765625e-05
01011110111101110001,12.86792921596694,9.765625e-05
11001001011101011011,25.297504260657,9.765625e-05
00101010100000011110,44.40008882062685,9.765625e-05
11010011110001001100,8.729542942920997,9.765625e-05
11110000110110000011,12.251238748891128,9.765625e-05
01001011110111010100,19.77257653289369,9.765625e-05
00011001011101100101,20.050039959089098,9.765625e-05
00010111001000000000,22.241553191930635,9.765625e-05
01110011111100001001,13.427874727226268,9.765625e-05
00010000010010100001,28.850000925572814,9.765625e-05
01000011000000001100,12.118563817365718,9.765625e-05
10101111001100101001,34.096971479263274,9.765625e-05
01100111110100011011,17.4074808615282,9.765625e-05
00001011000111100010,22.73997113795746,9.765625e-05
01100111010110001100,16.508174162534736,9.765625e-05
10000110000111110010,27.882373962710638,9.765625e-05
11111001100110110111,17.915578983339444,9.765625e-05
11110101111111000000,15.468069406661911,9.765625e-05
00100000111010100000,41.08426246929079,9.765625e-05
01101010101110100000,25.871385872250244,9.765625e-05
00001011011011100000,21.343897411035528,9.765625e-05
10010000010100100000,18.635878415423768,9.765625e-05
01011011000111110111,18.95655331395584,9.765625e-05
00001011011010000100,20.45308560541033,9.765625e-05
00101110110000000000,28.818167862867814,9.765625e-05
01011101010011100001,18.44554721689847,9.765625e-05
11000010000110001001,22.739381285429047,9.765625e-05
11010110000111100010,18.867020886235732,9.765625e-05
00000100000000011101,28.23517964661334,0.0001953125
11110100010100011000,7.420837813219173,9.765625e-05
10010010110010001101,24.54694814875472,9.765625e-05
11000110001010001100,16.91057876682106,9.765625e-05
00110100010110010011,14.21115337593203,9.765625e-05
10000111100100100100,16.32645403106182,9.765625e-05
00100011111010000001,24.251238748891126,9.765625e-05
10001100001110100010,18.573517690967442,9.765625e-05
10110100000000100110,19.157450641633055,9.765625e-05
01000100011001010001,20.513637745864113,9.765625e-05
11001010010010000110,29.292278738642004,9.765625e-05
00010111000010011010,24.833362173993073,9.765625e-05
11101010101110101010,29.372423060184502,9.765625e-05
10110000101000100101,20.43295625787836,9.765625e-05
11011001110100000100,10.425790665320811,9.765625e-05
11011011101111110000,19.47661583247177,9.765625e-05
00101111000000000111,29.01701725064038,9.765625e-05
01100010100011101101,32.18816844497182,9.765625e-05
10111101010000110110,23.25060306743708,9.765625e-05
01111111010101010110,22.065575347744094,9.765625e-05
00100000100100000010,30.490652814903903,9.765625e-05
10100000101000101001,32.098433735412684,9.765625e-05
11101000101000011011,23.72026965039221,9.765625e-05
10100110100101101000,25.825333455425362,9.765625e-05
11111110111011011010,19.30403407338384,9.765625e-05
01101101100001011010,17.074927761983204,9.765625e-05
00100010001011000100,36.727627838751836,9.765625e-05
10101011101110100110,32.69074458421417,9.765625e-05
10111110011101100111,35.28835517313709,9.765625e-05
01111101011000001111,19.349966344051666,9.765625e-05
11010101101111100100,30.397972903460797,9.765625e-05
10111000101001001011,23.761783759097742,9.765625e-05
11111110111000111011,18.899358318562268,9.765625e-05
10001100010000101000,18.65721527410321,9.765625e-05
11101111011111101100,24.777368742420883,9.765625e-05
10101011000100101001,48.41681656504811,9.765625e-05
11111110101100011010,23.13138121388981,9.765625e-05
10011100110110101001,12.315742142085593,9.765625e-05
00101111100100010001,24.857375237906435,9.765625e-05
01010000010100000100,14.031008131515815,9.765625e-05
00000011000010010100,19.516098135294687,0.0001953125
00100010111100000000,37.79707784245459,9.765625e-05
11011001010110001001,15.183075340218153,9.765625e-05
11101100000100010011,21.56165585773863,9.765625e-05
00101111101110100000,18.103761467876943,9.765625e-05
00001000011010010000,35.96050593757163,9.765625e-05
10001101001000100100,15.586034643215223,9.765625e-05
00010000011100100000,29.476613758903273,9.765625e-05
01100100101100111100,24.308485891544162,9.765625e-05
11110100011101001100,10.293769416448237,9.765625e-05
01111100110001000110,10.308820677771724,9.765625e-05
10110001001010001001,20.338216341818065,9.765625e-05
00110110110001000001,13.269512235131014,9.765625e-05
00101100001000001011,18.74034122388924,9.765625e-05
10101110001011101100,37.42930437205782,9.765625e-05
00010001001011101100,37.03589697882897,9.765625e-05
10100000000100001000,32.004413808433576,9.765625e-05
00010111000100000101,13.647862859864087,9.765625e-05
01011111001111010101,14.327031487530746,9.765625e-05
00010101000101110111,23.66594210679571,9.765625e-05
01011100011111011011,14.600707063291283,9.765625e-05
11011100111010000000,12.14239938030957,9.765625e-05
10101011111100101010,35.498891183969,9.765625e-05
01000001000000100100,18.89372941824044,9.765625e-05
00100110011100100000,26.580433724396414,9.765625e-05
10010010101000000000,19.988710018100807,9.765625e-05
11110110010011110110,21.878545310341643,9.765625e-05
01000010000100000101,24.23110406885093,9.765625e-05
01010101000101010001,19.688309895578058,9.765625e-05
10101110110110101000,35.6243319092214,9.765625e-05
11011000001000000011,15.724046857446803,9.765625e-05
10100000100010000100,30.51730564644216,9.765625e-05
10011000000100101011,21.97014712360881,9.765625e-05
10111000000000110001,29.790829618371344,9.765625e-05
10111111101110010010,26.467185243435466,9.765625e-05
01010100011101000001,15.556523725366246,0.0001953125
10110010010100101001,31.282167846233463,9.765625e-05
10100001110000100001,22.670683420335344,9.765625e-05
00000110000011001100,22.654331279857967,9.765625e-05
10111110110111111101,31.90892746807657,9.765625e-05
11100111111110110100,16.972947730151844,9.765625e-05
11111110110110011000,21.703972573927246,9.765625e-05
00001111011011000010,13.35647587602912,9.765625e-05
11011100010011000011,11.423265612968073,9.765625e-05
11100000100001101010,20.292808743566983,9.765625e-05
00010001101000011110,40.75567565187147,9.765625e-05
00010011000000010011,19.71052123144698,0.0001953125
11010110110101001000,8.958899711695507,9.765625e-05
01111100111110010101,6.800183061298791,9.765625e-05
00111010000110010010,30.307256298300235,9.765625e-05
00110000000000000010,14.293769416448239,9.765625e-05
00000100100000010101,29.14456058832388,9.765625e-05
00100111101001000010,15.622654691702564,9.765625e-05
10001000110000101000,31.362476233157828,9.765625e-05
11011101000100111111,19.02356489031162,9.765625e-05
01011011110001000110,15.76842976718833,9.765625e-05
11100000100011010100,22.475903455859044,9.765625e-05
00100110101100000110,24.62701967771708,9.765625e-05
11000010111111101010,35.93586617629612,9.765625e-05
01111000001100100011,12.91751272516145,9.765625e-05
00110000011110101011,33.488888678112055,9.765625e-05
01011001111001001101,21.07247071861956,9.765625e-05
00011111001110001001,14.777368742420876,9.765625e-05
00011010100001100011,27.52787836012253,9.765625e-05
10000010100010000000,26.91057876682106,9.765625e-05
10111000110110101001,26.130328103723432,9.765625e-05
11110011111010000111,16.00124853559419,9.765625e-05
10111000110000011000,26.784590035444882,9.765625e-05
00001110001111110100,25.72594176799379,9.765625e-05
11000111000110111110,16.733370213575057,9.765625e-05
10100001111000011000,24.03727780124147,9.765625e-05
00010000001101010000,30.685426537786856,9.765625e-05
11000001100010111000,21.81590902085521,9.765625e-05
10010011010000101100,14.9902194315269,9.765625e-05
10001001100010011000,23.39227685352617,9.765625e-05
10011100010100110101,15.642105515163532,9.765625e-05
01100111110110100101,18.958478093322135,9.765625e-05
10011001100011000001,18.247834435757866,9.765625e-05
00110010101001110100,30.311566220302346,9.765625e-05
10010111010111001001,11.014857843563485,9.765625e-05
00011001000001000000,14.231001014807552,9.765625e-05
01001111110001100010,16.42805773536806,9.765625e-05
01100100001000000101,15.38946656094618,9.765625e-05
00010101110001010000,21.134812169378648,9.765625e-05
01111011010011011000,22.8001776412537,9.765625e-05
01000011010101010100,16.378754671969954,9.765625e-05
01111110001101010001,19.271606168577293,9.765625e-05
01001111010111101000,12.844154947789024,9.765625e-05
11011110111100011111,15.157096483331582,9.765625e-05
00110011001101101100,18.85336349026845,9.765625e-05
10001000011011100000,36.78324929632764,9.765625e-05
01010010110100101010,22.42451216253063,9.765625e-05
11111010101100100010,25.127661780870163,9.765625e-05
11001000000100010100,23.453095291447283,9.765625e-05
00010000111001000100,37.306166565474065,9.765625e-05
00111101010001000111,12.72856913955918,9.765625e-05
00010001001000010000,23.574813139236433,9.765625e-05
11110100100101011011,9.101493674248449,9.765625e-05
00000011111110001000,31.142825596770102,9.765625e-05
00001100101110100001,25.883685262322555,0.0001953125
11100001100000000101,13.202254435326887,9.765625e-05
01001111010010011101,13.26874778799932,9.765625e-05
01000010010010000100,19.001197825110516,9.765625e-05
01111100010100000011,7.508331546169458,9.765625e-05
00101010100010001001,38.58753883289647,9.765625e-05
11001000110000001100,19.090619058289455,9.765625e-05
01111110100010000101,22.63907855824371,9.765625e-05
01001111100001010110,14.956759949323601,9.765625e-05
00110011111101110100,22.381085572141625,9.765625e-05
01111111111111101110,16.570183743819214,9.765625e-05
01001010110010100100,22.825638067726526,9.765625e-05
01010110000001000100,17.22142384439867,9.765625e-05
11110101011101010101,9.463691203039637,9.765625e-05
00111111110001000101,20.369863871862595,9.765625e-05
10101011011011100010,37.69040364352047,9.765625e-05
00000111000100010101,15.523690864237707,9.765625e-05
10111010010000111001,48.30421156351353,9.765625e-05
10110001100100110000,15.02759684236814,9.765625e-05
00110111011101010101,12.477717775853563,9.765625e-05
11100001100100100000,13.767341237714547,9.765625e-05
00100010101000000100,31.001197825110516,9.765625e-05
01111001111010111000,19.283121543100304,9.765625e-05
00000101100110100100,32.85136655477607,9.765625e-05
11110111100101111010,22.119769957638084,9.765625e-05
10001001110011100000,22.14665433626629,9.765625e-05
00111100101110110100,15.184986178395441,9.765625e-05
10010011110000000100,14.010284763430574,9.765625e-05
10011000101111100000,24.10370089669226,9.765625e-05
10111000101000100011,18.252382429914178,9.765625e-05
10000110011000101001,25.17090183154656,9.765625e-05
00110000110100000110,22.680919361346863,9.765625e-05
10001001001110110000,24.6086502118249,9.765625e-05
11100000110000001010,16.426686588152705,9.765625e-05
00100010000011100011,40.8363652695152,9.765625e-05
10000011111000110000,26.150830258049538,9.765625e-05
01110011110001100111,15.651876310062818,9.765625e-05
10111110101111001011,21.949921257894076,9.765625e-05
00101101101100010001,14.735345801801707,9.765625e-05
11111100111110000001,7.997786535962842,9.765625e-05
11101010100110101011,36.30910591799898,9.765625e-05
01101111010011110101,20.982426494313337,9.765625e-05
01111101110001010000,15.38354688149714,9.765625e-05
01000000111000001111,45.210014048437706,9.765625e-05
10100000000001101100,36.860712814549046,9.765625e-05
00101111000010010001,26.432785929266945,9.765625e-05
00100001001101010000,24.2479987082798,9.765625e-05
00111000001011100111,24.42082648367603,9.765625e-05
00001010000001101010,35.723086184565545,9.765625e-05
01001010010100000101,33.21103873694726,9.765625e-05
10011110010100110000,23.5703886269174,9.765625e-05
01010001100011011101,34.20859969478241,9.765625e-05
00010101010001010100,17.001188139073555,9.765625e-05
11100100100100110000,10.055424301104935,9.765625e-05
10110011100011001000,17.88467425848395,9.765625e-05
00010110000001000101,16.230689426491978,9.765625e-05
00111111111011100100,16.31908877915092,9.765625e-05
01010001100110000100,27.358696316080696,9.765625e-05
01111100011001101011,11.736207148510633,9.765625e-05
01111100011101010011,4.825917066360434,9.765625e-05
11000111010001110110,13.871761476194118,9.765625e-05
11111110011111101100,24.112238447173613,9.765625e-05
00001100010100010010,21.79805716382851,9.765625e-05
00011111011100100111,15.13101457240164,9.765625e-05
00011011111110001000,16.975742818682775,9.765625e-05
11111100111100110001,5.246786734840211,9.765625e-05
00100010100011000000,31.551056610466063,9.765625e-05
11111011011010101111,24.44327597882637,9.765625e-05
01100000001011110000,28.203137140551018,9.765625e-05
10100110101100101001,25.72026965039221,9.765625e-05
11111111111101100000,25.63032465388165,9.765625e-05
01111100011001001010,11.394772847768042,9.765625e-05
01000101100001000000,23.596799082481553,9.765625e-05
10010101011110010110,24.61894494471987,9.765625e-05
00000000000010011010,43.25196497956566,9.765625e-05
00000010000010111010,38.15947339793275,9.765625e-05
10110101011101001100,13.431992874974565,9.765625e-05
10101010110001111011,63.79268371120202,9.765625e-05
10011000110100000010,21.438034344086844,9.765625e-05
11011011010100011001,23.87113903398403,9.765625e-05
00100010001010001010,30.82534502952694,9.765625e-05
11001100100101110000,9.27966114810613,9.765625e-05
10100110110000010000,29.048928193875298,9.765625e-05
00110110001111000001,13.116766883752138,9.765625e-05
10011110111111111000,18.755373026011604,9.765625e-05
01111101101001000101,19.881774511272475,9.765625e-05
11111011110010111101,24.46716379779306,9.765625e-05
01010001011111001111,33.86941906097543,9.765625e-05
11000010000100010100,24.29448596108582,9.765625e-05
11101101101001110000,14.069332066909237,9.765625e-05
00101000101010100010,28.132872098836096,9.765625e-05
00110111011110100101,16.06915279747831,9.765625e-05
01001111100111100010,16.938522067895,9.765625e-05
10011101000111101001,13.467468410094225,9.765625e-05
01111001001101000010,14.333607227559877,9.765625e-05
01101000011000000111,22.695479656160455,9.765625e-05
10011000001011000100,25.288664687884165,9.765625e-05
01010011100111111100,23.55580718072867,9.765625e-05
10111111111101100010,21.946962718799135,9.765625e-05
11111100010110110000,12.43966554717618,9.765625e-05
11010101111000011110,28.089713449420614,9.765625e-05
01101000011001100110,24.020629276497573,9.765625e-05
01000000000101000000,24.049216867706342,9.765625e-05
10000110101001000000,21.21103873694726,9.765625e-05
01101001001001001100,16.914998816847984,9.765625e-05
00101100100101010110,23.959847166969,9.765625e-05
00100001101001011011,33.205468040722685,9.765625e-05
01000111111001010001,16.72402395380208,9.765625e-05
00101000001010010110,33.55652372536625,9.765625e-05
00110001100000111110,26.373682827354813,9.765625e-05
10110101010011011001,17.110201564181025,9.765625e-05
01000101110001000100,18.819063785699708,0.0001953125
11010011110110101101,12.113966277209105,9.765625e-05
01010001111000000101,25.424821040823666,9.765625e-05
01111001111100001011,15.06635219093528,9.765625e-05
10111010110010100000,33.23266781186837,9.765625e-05
10100000100000100000,24.60551936847363,0.0001953125
10101000000000110001,43.865495250912076,9.765625e-05
10000110001001110100,27.91125274147275,9.765625e-05
10010011000100101000,14.980885654940627,9.765625e-05
11010110000101011101,12.516139981699332,9.765625e-05
10101010001110100010,48.17686896253955,9.765625e-05
00001110011001011010,26.806215578795182,9.765625e-05
10010110100000110000,17.48762681573706,9.765625e-05
00100110001001001001,23.04258408806333,9.765625e-05
11110010111100101010,15.295609350110018,9.765625e-05
00011111111111001100,14.113966277209103,9.765625e-05
11110100110100010100,4.547822811448082,9.765625e-05
11001111011001001010,19.62093654770403,9.765625e-05
00011000010001000010,21.28489372242292,9.765625e-05
11100100110000010100,9.745666882785004,9.765625e-05
01001010001010110010,21.23953422300965,9.765625e-05
11001000011000000000,16.566596215813753,9.765625e-05
01011100101110100111,23.45972557904764,9.765625e-05
11111100011001010000,14.140201843902716,0.0001953125
10011000100110101000,20.23391436143092,9.765625e-05
10011100000101001011,14.22978652764567,9.765625e-05
00001111100011100011,16.53865176184457,9.765625e-05
11110101110101010111,8.192382768716108,9.765625e-05
01110110011100001001,11.155189089597904,9.765625e-05
01111000000000010000,15.297951579824833,9.765625e-05
11101011011111111011,36.03782611247233,9.765625e-05
10010100000100010111,17.3405383779107,9.765625e-05
00111011001000100000,23.20388563841622,9.765625e-05
01001111010110110110,12.579790157842837,9.765625e-05
01101001100010100101,20.128536258059647,9.765625e-05
00001101101001011000,19.9382430692611,9.765625e-05
10011000000010110001,22.214455544107032,9.765625e-05
11111001110101101110,13.699731902094639,9.765625e-05
00100000000000000111,33.183980949087,9.765625e-05
01111001011111111000,17.37743713076469,9.765625e-05
11100101010100100010,16.74507212781067,9.765625e-05
11101111111100111100,22.439665547176183,9.765625e-05
10001110101010011011,25.532054281905772,9.765625e-05
00101000110100110000,43.56166376447435,9.765625e-05
01000000101001100000,36.624676294358714,9.765625e-05
01100011001011100000,18.88702844410446,9.765625e-05
11011101010000111101,15.768255896166309,9.765625e-05
11111110101011110101,23.584486485641307,9.765625e-05
00000101011000010000,22.39354213870859,9.765625e-05
01111011010000101100,24.129561680990257,9.765625e-05
10000010000000111110,38.910636540856004,9.765625e-05
00100110101001010000,21.05513935514494,9.765625e-05
10000001000111101100,28.051310615648752,9.765625e-05
11101011001000111110,30.28040368780544,9.765625e-05
11100101000110101101,21.44526124225015,9.765625e-05
10101110110110100110,40.39351308059772,9.765625e-05
10111100000101000001,21.158336878427995,9.765625e-05
10111110000111011000,35.794676048607236,9.765625e-05
01110001110011101000,23.631930694253892,9.765625e-05
00111111010111101011,16.584582476133413,9.765625e-05
10100110101011101000,25.141919987901254,9.765625e-05
00010101000101011001,18.553718950798356,9.765625e-05
10110011100000010000,22.125790715529018,9.765625e-05
00000101001000010100,22.811553720877647,9.765625e-05
11111001010011110001,20.816428703289176,9.765625e-05
10010010100011100101,28.32645936357005,9.765625e-05
01111111111000101110,25.126728484765557,9.765625e-05
00100111110010100011,22.682733681341382,9.765625e-05
00101011011011000000,27.46806940666191,9.765625e-05
11011100011110010110,9.899651171257975,9.765625e-05
01110110110100100110,15.249851859549342,9.765625e-05
11111001010101100100,18.759011574211527,9.765625e-05
00001011101100111000,28.28912117664776,9.765625e-05
00111100000101001011,12.887028444104462,9.765625e-05
00010001101001110001,36.67877783051354,9.765625e-05
11011100010011110001,7.685749885707885,9.765625e-05
11101000010000010010,28.755155332983456,9.765625e-05
11001100101000000000,11.657215274103208,9.765625e-05
11101111110011011110,22.881362578936052,9.765625e-05
10011000100010011010,24.670683420335344,9.765625e-05
10110101110110100100,15.88422783756143,9.765625e-05
10010111000011111001,17.480663075704555,9.765625e-05
01110011110110110011,18.04142302140766,9.765625e-05
10100010000010000000,37.79898950218015,9.765625e-05
11000100000101010000,9.464089623501021,9.765625e-05
10011000010011001100,28.601554690985125,9.765625e-05
00001011011001101000,23.907076819689504,0.0001953125
01010111111111101100,27.995792222956155,9.765625e-05
10111010100011111010,36.36800030013504,0.0001953125
10111000111010101001,22.311566220302346,9.765625e-05
01010101000011000101,29.549657325064786,9.765625e-05
01110110011101100010,15.35647587602912,9.765625e-05
00100100001100000001,18.372205280029146,9.765625e-05
00000000111010100001,58.3562075049933,9.765625e-05
10010101000101010101,12.28180400189504,9.765625e-05
01100001110111010100,22.31712903142738,9.765625e-05
01001110000000101100,18.322994653916158,9.765625e-05
11001000010000100100,17.712370556878454,9.765625e-05
01111110010110000111,17.87669569064291,9.765625e-05
10101110101101001000,34.733818474304016,9.765625e-05
11000110100001001001,13.80526812352169,9.765625e-05
10111010101010101101,32.56149875753136,9.765625e-05
00110000111110010010,30.454732757766156,9.765625e-05
01000111110111011111,20.727186761177354,9.765625e-05
11101011001001101010,30.937645604264233,9.765625e-05
11001101011000001001,16.22736152504651,9.765625e-05
00100100100101000101,24.22787560234118,9.765625e-05
11111110110001010111,28.998727836770186,9.765625e-05
10111010010000101011,42.27060093926887,9.765625e-05
01111110111110110011,10.579693552532866,9.765625e-05
10001101111101010100,18.38283024973236,9.765625e-05
00111001001001000011,14.064392541178751,9.765625e-05
00010101011001110100,26.204399715710892,9.765625e-05
10000010100000101001,30.654736236179968,9.765625e-05
01001010000011000000,21.313898763980205,9.765625e-05
10101011100000010110,42.53628254683907,9.765625e-05
01000100111000000100,25.88649907563353,9.765625e-05
11100010110010101011,27.5121434381104,9.765625e-05
01001100010000010000,8.50825057422253,9.765625e-05
00001001010011100100,24.264822148925898,9.765625e-05
01101100010000010011,13.550343695775965,9.765625e-05
00111001101011100000,16.558675981764665,9.765625e-05
11001111011011001101,16.0874422113485,9.765625e-05
00101010001001000000,40.87020126474749,9.765625e-05
01111000011100010011,12.44243149046905,9.765625e-05
10110101010111010011,15.286692114787137,9.765625e-05
00000100100001010110,33.49918403666471,9.765625e-05
01101101001000001111,20.172508144549887,9.765625e-05
11000000000000010000,13.362476233157826,0.0001953125
01011011011011001001,15.218024129352568,9.765625e-05
11110110111100011011,11.390605888440504,9.765625e-05
10111111011011111011,25.186758015531275,9.765625e-05
01101000100000010110,19.666328120357786,9.765625e-05
10010111101101010101,15.88732337036867,9.765625e-05
10111111100011100011,28.20594064221082,9.765625e-05
01100011110000001000,14.010284763430574,0.0001953125
01101011101010100010,19.374019600023665,9.765625e-05
01110111101100100101,24.24023565072538,9.765625e-05
00000100000101000000,20.006269669725654,9.765625e-05
01011111000011011010,25.269695330400012,9.765625e-05
11001101011001111101,10.5963383385659,9.765625e-05
01111100011100000100,7.3437090703855095,9.765625e-05
11001101111001001001,14.225431227668107,9.765625e-05
11010110110101110000,9.899651171257975,9.765625e-05
10111000101100011110,27.62492592977467,9.765625e-05
00100000001101000101,43.27171872315376,9.765625e-05
11101011111010010110,24.908355616746952,9.765625e-05
10101110101111001000,31.917799423391017,9.765625e-05
00011011100000000110,19.954840072403222,9.765625e-05
01100111111001010000,12.360262769120666,9.765625e-05
00011011001011101100,18.081371302730894,9.765625e-05
01111001111110010000,12.487241525756232,9.765625e-05
11111001111110010101,14.643673720473082,9.765625e-05
01110111011000110110,22.37756589644235,9.765625e-05
00101000111000100000,31.144560588323884,9.765625e-05
01111001111101001010,14.113966277209105,9.765625e-05
01011101000101010000,16.81126086818194,9.765625e-05
01111100011110010010,4.972947730151847,9.765625e-05
11100000010011100010,25.34136684067069,9.765625e-05
00000010010110000100,40.91057876682106,9.765625e-05
01010000110000000000,16.383190649627178,9.765625e-05
00010100000100100001,16.580433724396414,9.765625e-05
01111110111111011001,12.452641817813305,9.765625e-05
10101111001000110100,37.202008641940836,9.765625e-05
11001000000000111110,19.995602130036552,9.765625e-05
11010100011100010011,11.348073332818773,9.765625e-05
01100010111110010000,27.389286273666745,9.765625e-05
10101100101010010010,19.88353618300986,9.765625e-05
01000010010000000100,18.272506259434046,9.765625e-05
01100010010100000000,25.528095710215574,9.765625e-05
10100001101000101011,25.77257653289369,9.765625e-05
10010001001110100100,23.11724972060406,0.0001953125
11110101000011011000,26.096904753612435,9.765625e-05
01101000011110100000,23.223578076398567,9.765625e-05
11010011101100000001,18.07149502719313,9.765625e-05
01010001000101001010,26.184931935931303,9.765625e-05
10111010011000100000,38.9100221195405,9.765625e-05
00001011010100100010,26.70774551498996,9.765625e-05
00011010101100110001,28.484443640075554,9.765625e-05
01010011011111000001,15.528090622265777,9.765625e-05
01011011001100011111,20.556889643273166,9.765625e-05
10101010101110101000,42.62337123634015,9.765625e-05
00100010010111110110,60.8129284213,9.765625e-05
00010110111110001011,25.91629805249569,9.765625e-05
01110011110000100010,16.10750130165883,9.765625e-05
11011011010110000001,21.597987221555115,9.765625e-05
10001010001100001000,40.2066834369697,9.765625e-05
10101010101010000110,44.39345530656278,9.765625e-05
00101001101000111100,26.611789038199284,9.765625e-05
10000111000010001000,16.451235985711595,9.765625e-05
10110001001101010111,21.8363652695152,9.765625e-05
00010101110100000100,20.819063785699708,9.765625e-05
10000110001001010001,25.186900548143534,9.765625e-05
10101111011010110000,33.02356489031161,9.765625e-05
01010001110011000001,25.96147474011085,9.765625e-05
11111110101010000011,26.899635330754876,9.765625e-05
01111001001101000100,13.700143834431053,9.765625e-05
01010011110101101110,21.474521899025483,9.765625e-05
00110111100110010101,14.727328744462774,9.765625e-05
11000111010010001000,14.451235985711598,9.765625e-05
11010111011000100000,25.54101689520411,9.765625e-05
00101011111000101010,26.008411505666054,9.765625e-05
10011111011111101000,14.450872141373171,9.765625e-05
00111100001010100001,11.821273081712015,9.765625e-05
01000000011000000110,28.938526235919863,9.765625e-05
00000101000001101110,28.666970963330115,9.765625e-05
11111001111100010100,12.737530931309244,9.765625e-05
00111011000110001000,23.618053287879857,9.765625e-05
11101000011000111010,23.60804025280151,9.765625e-05
00001010001010101010,30.40383959246592,0.0001953125
11001010110010110010,24.833163336597643,9.765625e-05
00001010000010111010,33.93912306446269,9.765625e-05
01000010010100010000,23.385098777781923,9.765625e-05
10101011101110101011,33.59127647425498,9.765625e-05
01101111110011011111,17.423081881245025,9.765625e-05
10011100110101101000,12.427640285019546,9.765625e-05
10000010111000001000,33.227644691705265,9.765625e-05
01100110000000101010,22.29592718001894,9.765625e-05
10001001100100111000,24.50703682148171,9.765625e-05
11000000011010111100,29.3364662445919,9.765625e-05
10110111111110101110,20.079719993146583,9.765625e-05
01010101000110011110,35.740896206027436,9.765625e-05
00101011000111000100,33.77635102992574,9.765625e-05
00001011001100110010,26.274387021651957,9.765625e-05
01110010010111011101,24.280621929750772,9.765625e-05
11000010110000100110,22.825638067726526,9.765625e-05
01101011011000100101,25.074927761983204,9.765625e-05
10010110110000000000,14.363774402289181,9.765625e-05
10100011010100101000,32.7767656722847,9.765625e-05
00011101000101011100,15.13481216937865,9.765625e-05
00111110000111100001,20.269624338757303,9.765625e-05
11001101010101010001,12.171797030797203,9.765625e-05
10010111010111000110,17.049990364420946,9.765625e-05
01000001110000000010,23.674801568083645,9.765625e-05
01101101101110010110,13.666522702601158,9.765625e-05
00001011000011010101,27.087371219705794,9.765625e-05
00101100101110011010,22.11327806710114,9.765625e-05
10001101110110010101,20.630598047376246,9.765625e-05
11101111110111001011,26.24005191900233,9.765625e-05
11111100111100110111,6.07682267253019,9.765625e-05
00001011100010011001,25.64559777625813,9.765625e-05
01111100001101100111,10.34299180216668,9.765625e-05
10100000100000000000,23.383190649627178,0.00029296875
10100001111001000000,20.229738439647676,9.765625e-05
01011111110111011100,13.045390936199713,9.765625e-05
00111100001100110000,9.80996614349419,9.765625e-05
01011011101111001100,18.60348601705185,9.765625e-05
11011111100111110000,20.568265820864127,9.765625e-05
10101000101000110000,32.06333932224899,0.0001953125
11101100000001110011,19.506152658255264,9.765625e-05
01000100000100011101,20.55470868179048,9.765625e-05
11101110111010100010,22.155778942126325,9.765625e-05
11000001010000100001,13.938185295226155,9.765625e-05
01110100010000110100,11.767341237714543,9.765625e-05
10101110101100001110,35.55659471700896,9.765625e-05
00000000000110000110,43.55461904165511,9.765625e-05
00010010100010010001,24.311566220302346,9.765625e-05
01000101010111000001,20.054168996226732,9.765625e-05
10111000000000000111,31.023485670634262,9.765625e-05
10100011111011101000,26.538494367370035,9.765625e-05
01111100110101110110,9.044491481797008,9.765625e-05
11010110011001100101,15.95378529709448,9.765625e-05
01000100001000000001,20.811553720877647,9.765625e-05
01110011000111000110,16.18063703247437,9.765625e-05
10111010000110010011,47.74037067423439,9.765625e-05
10101111101010110011,27.121628539792525,9.765625e-05
11111110100111111111,22.08360306223411,9.765625e-05
01111101001111100101,17.036005638011666,9.765625e-05
11000110101000010000,14.227270867062627,0.0001953125
00010101110011110000,31.824356854913802,9.765625e-05
11010111100011101011,29.7211338050907,9.765625e-05
01100110101001000000,16.072400636061975,9.765625e-05
00001101010011001000,15.803353753773594,9.765625e-05
00110010110100100000,21.849111244334267,9.765625e-05
11101011001000100110,31.952115241093935,9.765625e-05
10111100011111110001,17.582556101135705,9.765625e-05
01101101000101010100,13.585813712883525,9.765625e-05
10110100100101001001,9.833696873093432,9.765625e-05
00111111001000001110,26.81193732952427,9.765625e-05
10101011101010111110,31.887323370368673,9.765625e-05
01001010010010001001,23.86828065340605,0.0001953125
01000000000111000110,34.82802122392105,9.765625e-05
01011111001111011101,15.480663075704562,9.765625e-05
00100010101010000110,34.13451559960826,9.765625e-05
00100101000100010100,15.288173721374271,9.765625e-05
10001001010100000010,26.372211521622496,9.765625e-05
00111111011000110100,23.250603067437083,9.765625e-05
11011100011001110101,8.517869591036057,9.765625e-05
00000010000100000010,32.06426812902982,9.765625e-05
00111100100101000011,8.643673720473084,9.765625e-05
00010111110110011111,22.104113982672224,9.765625e-05
10011010100110111011,29.80112083053532,9.765625e-05
10000110000110111000,21.617374029387786,9.765625e-05
00110110001010111000,20.85939527334378,9.765625e-05
00000110100110111011,34.93458394563489,9.765625e-05
00110010001100001111,26.050895973289794,9.765625e-05
10100100010010000111,30.098019093053725,9.765625e-05
11111111001010011110,38.40833072126277,9.765625e-05
00001101011010001001,20.471294341600853,9.765625e-05
01110110110000110010,15.390959312320902,0.0001953125
00111011011100000001,23.133199701909177,9.765625e-05
10111010110010011011,38.656152575866905,9.765625e-05
11000011000010000100,12.554436953438252,9.765625e-05
11010001010001010000,10.001188139073559,9.765625e-05
01110100110010101111,25.42588936583546,9.765625e-05
01000101011111110111,33.79546830298754,9.765625e-05
10110000100000001011,17.337265354973766,9.765625e-05
00101010010100110011,60.495224017812006,9.765625e-05
00011111010111100110,12.723609311443129,9.765625e-05
11001101111001010110,10.566638062218392,9.765625e-05
00000110000001000010,20.181228430541957,9.765625e-05
01010001000101000110,20.587538832896477,9.765625e-05
00000000011100010001,51.86520126620899,9.765625e-05
10111011111111100011,26.50699643382771,9.765625e-05
01111100110011010110,10.112109681495955,9.765625e-05
11010001101100111100,23.04049034012092,9.765625e-05
01110100010101100000,10.181228430541957,9.765625e-05
01101101110011011100,14.848764062047216,9.765625e-05
00001100010010010000,18.61491091909485,0.0001953125
11010001010101001000,10.53736129230888,9.765625e-05
11101101010100011010,21.55412090283056,9.765625e-05
11001101111001100000,11.127919039594397,9.765625e-05
11000011000111101000,15.151418124136658,9.765625e-05
01000000100011011001,41.34699711186762,9.765625e-05
01001010001011010010,23.787036483686446,9.765625e-05
11101111110001101011,27.336471849731204,9.765625e-05
00011111011110110010,14.32674199215143,9.765625e-05
01110110111010011101,14.439064365104622,9.765625e-05
01011011011110010000,12.844154947789027,0.0001953125
01110110011000001001,13.819365687978337,9.765625e-05
00001110100111000001,21.596063078642864,9.765625e-05
01010001001011011001,34.62199592109993,9.765625e-05
00001110101001000001,21.47410463418084,9.765625e-05
11110001100101010110,11.911766905894623,9.765625e-05
01001101010100110101,12.157375187698225,9.765625e-05
00101010000010010010,40.45934287907648,0.0001953125
11100101010011000110,15.867866011047095,9.765625e-05
00000000100000000100,35.090619058289455,9.765625e-05
10111111111111001001,20.19327598152546,9.765625e-05
01100010001001100010,26.008411505666054,9.765625e-05
11011110111101110111,16.241685744987006,9.765625e-05
11111110111110100011,16.885177366403422,9.765625e-05
00101000110101110011,54.80992273576819,9.765625e-05
11111011000111111100,32.931951317439,9.765625e-05
01011110010110010110,11.299444331199554,9.765625e-05
01001101111111110100,18.47414368343574,9.765625e-05
11101010101110100001,35.45594398598831,9.765625e-05
01110011111011001110,15.354727285063461,9.765625e-05
00010010010000011001,23.58005812045254,9.765625e-05
01111101111001011101,14.530480939978588,9.765625e-05
01000000110111011000,45.95035871677055,9.765625e-05
11101100011110111011,17.78108112313873,9.765625e-05
11000001111100110111,29.759478690573207,9.765625e-05
10111111010111010000,35.4177516242621,9.765625e-05
01111110111100101111,15.35647587602912,9.765625e-05
11010111110101100111,15.616975608926396,9.765625e-05
01011011010011001101,14.402975437357778,9.765625e-05
00001111001011000000,11.508331546169455,9.765625e-05
00000000100010000000,36.319159672826615,0.0001953125
01001111011011100111,13.878246128925383,9.765625e-05
01011101000011000111,23.585727615158785,9.765625e-05
00001111001111001101,14.643673720473082,9.765625e-05
01100010011111000100,32.367961898174,9.765625e-05
00000101011000001000,26.161821869240917,9.765625e-05
00111101011110100001,10.869831178815723,9.765625e-05
00101101001010100110,16.539969303049837,0.0001953125
01011100010100011001,8.341803663093117,9.765625e-05
11101111111111100000,21.87175179015717,9.765625e-05
10111000000100010010,30.603068752207207,9.765625e-05
00011101101101001010,22.313882836349904,9.765625e-05
01101010010000001011,35.82347414968968,9.765625e-05
11011001111100100000,11.860728753019167,9.765625e-05
10011000110100100000,19.08897370687105,9.765625e-05
11110101110101011101,8.047536216583726,9.765625e-05
00011010011110000000,20.69547965616045,0.0001953125
00111001001010100100,16.267781607945782,9.765625e-05
00001010000000111000,34.48135090441806,0.0001953125
10011100010110101001,11.474104634180843,9.765625e-05
01011011111001001100,15.951871661767449,9.765625e-05
11011011101110100111,20.788587743517184,9.765625e-05
00001011001011000011,22.317167433388413,9.765625e-05
10100001010000101101,28.183980949087,9.765625e-05
01011000111010100000,19.122315323625852,9.765625e-05
10001000001010000000,27.164632161820904,9.765625e-05
11111101000001000111,29.8730542252804,0.0001953125
10110111111100001011,16.183614394726035,9.765625e-05
00010000101011000110,46.09568999381948,9.765625e-05
00011000000101000000,19.69477279755983,9.765625e-05
01111011110100100110,18.182785931966038,9.765625e-05
01111100011010000011,8.154218730679695,9.765625e-05
01111111011010100111,22.23735717449224,9.765625e-05
01000110001000000101,17.767341237714543,9.765625e-05
11011100010111010001,7.565661461706834,9.765625e-05
01111001111001100000,12.682882553514014,9.765625e-05
01100000100110000110,26.323347168711436,9.765625e-05
10110111100010001010,26.219945475115082,9.765625e-05
10100011010111110000,40.77166468243149,9.765625e-05
01111001101111000111,15.643432214715094,9.765625e-05
10011101010001111111,16.186729299607187,9.765625e-05
11101100101100101010,13.301615225250824,9.765625e-05
00101000100000001000,29.383190649627178,9.765625e-05
11111111111001101000,28.308939757412432,9.765625e-05
00001010001010001000,27.57570906206833,0.0001953125
10000001001110000001,28.358689340066277,9.765625e-05
10101010001000101010,45.11858181856452,0.0001953125
00001010100010010110,37.55652372536625,9.765625e-05
01000000101100010110,39.84790093603706,9.765625e-05
00010100101000100001,31.483285674928393,9.765625e-05
01010110011001000100,15.33863098417702,9.765625e-05
01100000110010100010,26.934269636456953,9.765625e-05
10110101000101011101,14.79765874336712,9.765625e-05
01011100001101010100,10.78455370705234,9.765625e-05
00101011111100111010,34.16490491886146,9.765625e-05
01011110010001001110,17.819365687978333,9.765625e-05
10010111110100010101,13.962654015105379,9.765625e-05
00111111111111001010,12.464114709477622,9.765625e-05
11010110001111100111,21.40502773153948,9.765625e-05
11101111111011010100,21.88805313261401,9.765625e-05
00000000101000101000,47.75011628519005,9.765625e-05
11001010000001010110,36.696504344670004,9.765625e-05
01101000001011000111,25.070058406347165,9.765625e-05
00000100010101001000,28.938526235919863,9.765625e-05
10101111001000001111,37.017017250640386,9.765625e-05
11000111011011011100,11.332656240715572,9.765625e-05
10001101001100001000,16.015673703533576,9.765625e-05
01001101011010101110,22.84448340529603,9.765625e-05
11101010111010011000,32.069886004167266,9.765625e-05
01100000100100000101,24.080224999222157,9.765625e-05
00011011100010001001,18.82210852048642,9.765625e-05
11100000000110111011,30.638007768177474,9.765625e-05
01101001111100000101,18.670683420335347,9.765625e-05
01110110110110010111,11.56036403896401,9.765625e-05
11101111011010100110,27.824439606161974,9.765625e-05
11011110111010110001,12.791487665392726,9.765625e-05
10111111101101001001,25.030385052851685,9.765625e-05
11101011100111001010,30.03499416710987,9.765625e-05
01110110110000011100,12.990219431526901,9.765625e-05
00110011101001010010,17.537588758501183,9.765625e-05
01110110011100111011,14.409768321497868,9.765625e-05
10100001110001100000,20.60761311641604,9.765625e-05
10101011010000111110,48.3177240590328,9.765625e-05
11110100100100010110,9.233573420737216,9.765625e-05
00110111111101001111,13.649001267433471,9.765625e-05
01000101010001010011,18.72402395380208,9.765625e-05
00100111000100101100,20.98088565494062,9.765625e-05
00000000000001000100,34.678825613404456,9.765625e-05
01111100010000101111,14.241141259594226,9.765625e-05
10101111101101001010,25.888053132614015,9.765625e-05
01100111110011000101,14.278842567273681,9.765625e-05
10101011101001011011,39.57783497037843,9.765625e-05
10100000110000000001,32.87610501656623,9.765625e-05
00011111011111110000,11.122570477053905,9.765625e-05
11110001011001101001,14.247834435757866,9.765625e-05
00111000111011000110,24.42078463727139,9.765625e-05
10001011001100000001,33.79082961837135,9.765625e-05
10111010001010011010,36.90650599704822,0.0001953125
01001111011001000010,14.535938074574549,9.765625e-05
10100001101100000101,24.292808743566983,9.765625e-05
11111010011111101011,29.97656711341792,9.765625e-05
11001000000000010100,19.38535809923484,9.765625e-05
11000000110000110000,18.316712501003803,9.765625e-05
01011010011010101010,15.787030242093097,9.765625e-05
10000001010000000001,21.065164051861718,9.765625e-05
10101110100010011011,34.92337472854257,9.765625e-05
00000000100011001110,54.863949323589566,9.765625e-05
10111111110011001011,25.341241704530862,9.765625e-05
11100000110001101110,24.74398966526617,9.765625e-05
01000001010101000111,26.120829967488028,9.765625e-05
00001111001110100100,14.503625532334032,9.765625e-05
10011010101011000010,28.207453402113494,9.765625e-05
11111100111100100010,6.503625532334034,9.765625e-05
11010101011101011111,17.331020869601385,9.765625e-05
11110100011111001001,11.494651246557456,9.765625e-05
01001000101001011000,28.49482873668715,9.765625e-05
01110011111100001111,14.234876922376799,9.765625e-05
01010100010100011001,13.432422721382574,9.765625e-05
01111101100100000101,20.11265037951003,9.765625e-05
00000000110010100000,46.689544685535154,9.765625e-05
01111000010010001011,14.959380992168448,9.765625e-05
00010101110101001010,27.320347811900177,9.765625e-05
10011001110000001000,15.733111615703391,9.765625e-05
11010010000110101000,13.757596263212921,9.765625e-05
00101100001111111000,24.411079621109785,9.765625e-05
10111111011011101011,24.786910613125553,9.765625e-05
10110000101101000010,20.06725779980413,9.765625e-05
10100001011001100010,24.73711275737948,9.765625e-05
10100010001010010000,40.06988600416726,9.765625e-05
11111100000101010001,18.76517930611898,9.765625e-05
11011000001000100010,13.700229942995616,9.765625e-05
01111100011000100011,8.428057735368064,9.765625e-05
00000101100000000111,28.579168439213998,9.765625e-05
00101110100001100010,26.055193684736278,9.765625e-05
11110010110000101010,14.384378788700737,9.765625e-05
10111111011100111011,27.79338890466026,9.765625e-05
11111100111101110101,8.016842383406022,9.765625e-05
10101010001010001010,44.30098662857459,9.765625e-05
10000000101000001010,35.492914366939054,9.765625e-05
01011111010010011101,17.020723466052267,9.765625e-05
10001001100110110100,26.150830258049535,9.765625e-05
01000000010101100011,40.468400574191456,9.765625e-05
00011010000011010001,27.087371219705794,9.765625e-05
01010110110110110011,19.784755472450186,9.765625e-05
11110100010101001001,8.583819399876832,9.765625e-05
01000101000000000110,24.139589087729583,9.765625e-05
10010111110110001000,13.512940660427645,9.765625e-05
10110000101100000110,20.096172183377533,9.765625e-05
00010010111000101001,30.850000925572814,9.765625e-05
10100101110101000110,16.97574281868278,9.765625e-05
10001010010001001101,58.27549593020835,9.765625e-05
10011110111001111111,25.34292081052397,9.765625e-05
11101101101101110100,11.354667074046702,9.765625e-05
01000101010100000101,16.42207747389451,9.765625e-05
11001000001100110000,19.459296483252526,9.765625e-05
11000011101000010010,18.632467126276094,9.765625e-05
01111111000111000110,26.075243910557923,9.765625e-05
11111111101100110010,31.82478856775026,9.765625e-05
00100010101100010010,37.73961219606496,9.765625e-05
10100001001101000110,25.57780281001074,9.765625e-05
01010100100110001101,30.412897167568033,9.765625e-05
11001000010001000010,22.596396836182095,9.765625e-05
00010011000100001000,13.202254435326886,9.765625e-05
11100010001010010100,28.00214881195482,9.765625e-05
11001111000110111110,17.115079871432954,9.765625e-05
00101000101000100010,26.02507867890262,9.765625e-05
10110010000101001001,33.30874073451312,9.765625e-05
10101110111010101101,36.184029037085,9.765625e-05
00001010111011011100,51.00177591803349,9.765625e-05
11010011100101110100,14.165820300894467,9.765625e-05
01000011000000000100,10.917260368883131,9.765625e-05
11011001110111000110,13.58712690056006,9.765625e-05
10101001000110000101,36.792712856440076,9.765625e-05
01010100110111010011,25.447913623914413,9.765625e-05
00011111110100000101,14.163010008314476,9.765625e-05
01010011110110110000,18.61894494471988,9.765625e-05
10101111000010001110,37.41238485338276,9.765625e-05
00011010111000100111,30.33130301841163,9.765625e-05
00110111001111000011,13.765762818677379,9.765625e-05
11111011101111010110,25.304024387346885,9.765625e-05
11010010100000010010,16.737530931309244,9.765625e-05
10111011111100001000,27.638127571399426,9.765625e-05
11101111111011010110,20.724913722167834,9.765625e-05
10110010101001111001,29.57682620949918,9.765625e-05
00111101001110000000,14.172508144549884,9.765625e-05
01110110111000110001,13.759156474659545,9.765625e-05
00000100011100000010,31.006263428132307,9.765625e-05
10100101010010111000,22.815561838568154,9.765625e-05
00011101010011010001,11.887323370368664,9.765625e-05
00011111011111010000,10.202844287855301,9.765625e-05
00011100011101000001,10.363593380588679,9.765625e-05
00100110000111111001,30.34105870763854,9.765625e-05
11011011111110100001,16.34299180216668,9.765625e-05
00010010100100110110,34.06957088428087,9.765625e-05
10010111010001110100,17.324182792989713,9.765625e-05
11010111111111111111,19.724755811252116,9.765625e-05
10001100110001000001,21.88954652044278,9.765625e-05
11110001110100011110,10.002395650221036,9.765625e-05
10000011011010000110,27.098972789920566,9.765625e-05
10111011101010000011,28.214366001938686,9.765625e-05
11100010010110100000,31.95453472568099,9.765625e-05
10100100101001000011,20.374636524221657,9.765625e-05
01101100100010011111,18.09105776877651,9.765625e-05
01011110101111010101,14.09023928632073,9.765625e-05
00111101011111001101,12.373505337225124,9.765625e-05
10100100100101000001,19.40354466620171,9.765625e-05
11100101111101100100,11.581978731793985,9.765625e-05
00000110010001000001,22.37875467196995,9.765625e-05
10110101011100111101,16.386286182434414,9.765625e-05
00101010100010000001,37.9607466213717,9.765625e-05
11001100010001100100,11.849396190294263,9.765625e-05
10100001111100000010,24.114380919568056,9.765625e-05
10000010001100001000,32.67044626810608,9.765625e-05
10000110011110000000,25.73406531257023,9.765625e-05
11111110011110010100,27.095395340186343,9.765625e-05
01100111010011010011,16.317122153379984,9.765625e-05
00010101100001100000,29.72849354982931,9.765625e-05
00001001110010110111,36.90522116553748,9.765625e-05
11001100100100000110,12.857311211438324,9.765625e-05
01000000100001110000,31.960505937571632,9.765625e-05
10011011100001000000,24.256446335198333,9.765625e-05
01101101001100010110,12.08748302906482,9.765625e-05
11001000100000001100,17.488559066961493,9.765625e-05
00010110001000111100,25.16809153896657,9.765625e-05
10111110011010000110,33.70711691831373,9.765625e-05
01011110101011010001,15.759146788622587,9.765625e-05
11111100101100100000,11.623107441755295,9.765625e-05
10001000000000100000,25.621751498589,9.765625e-05
01000101001110010100,25.15831992210936,9.765625e-05
11000000000001010100,19.049216867706342,9.765625e-05
00011010010100000100,28.396949983412654,9.765625e-05
10110000110100011010,23.27459376578311,9.765625e-05
11101010101010101101,32.36245686108392,9.765625e-05
00011010001011100010,23.303744578004526,9.765625e-05
11011001110011110100,12.193362813671264,9.765625e-05
11100111101111110100,16.517648660704364,9.765625e-05
00000000010010000100,39.96608123188336,9.765625e-05
01010100100100010000,18.665405555170306,9.765625e-05
10111111011110011000,29.223941284282944,9.765625e-05
01001000011011010000,24.85417684735606,9.765625e-05
10111000101110010001,25.596063078642864,9.765625e-05
01010000000100010010,19.213849029527246,9.765625e-05
10000001101101110000,31.22356559321187,9.765625e-05
00000001000001000010,22.9597956345274,9.765625e-05
00010000001101000001,28.560172166743182,9.765625e-05
00011111011111010010,11.56153362792158,9.765625e-05
01101001011111010100,19.772576532893694,9.765625e-05
00011010101010010000,22.914991840833565,9.765625e-05
11010011011010000101,14.114031027258463,9.765625e-05
01010001010101100000,18.207158475849287,9.765625e-05
00101101011111010111,19.20083675724085,9.765625e-05
10101011000011101010,37.23450503550761,9.765625e-05
11010011110100000111,13.624511287415718,9.765625e-05
00101010111010001111,45.78208624323068,9.765625e-05
10111110111111100100,27.45176806420507,9.765625e-05
10111010100110001011,34.52444915690326,9.765625e-05
11011000110000000001,10.603257816438479,9.765625e-05
10100011111110101001,32.73326809025299,9.765625e-05
10011000000101100011,24.898185198033886,9.765625e-05
00010110100100001011,18.424171221836925,9.765625e-05
11000101110110010110,18.459602113402198,9.765625e-05
10110101110101000000,8.384378788700738,9.765625e-05
00111101011101100010,8.34299180216668,9.765625e-05
10101000101000100011,31.39102053079946,9.765625e-05
10101110101010111100,32.49728840253648,9.765625e-05
10101110101101111011,35.74193079855381,9.765625e-05
00011001000100000010,14.983695947520614,9.765625e-05
10001100100101100001,18.835925541179645,9.765625e-05
00101001011011100010,22.405933340408332,9.765625e-05
01000010000000000101,20.409531892849856,9.765625e-05
11000111111110111010,21.269523907609262,9.765625e-05
01000001101010011000,38.687911817303444,9.765625e-05
01011011011011000001,14.064392541178751,9.765625e-05
11100000110100001010,20.915245655114198,9.765625e-05
11010111101101000100,20.379776650456968,9.765625e-05
01010111011100101100,22.73381847430402,9.765625e-05
01010001001101010100,21.48974720603506,9.765625e-05
11010101100101111110,24.049566857982963,9.765625e-05
01101111000100010111,26.589291825649056,9.765625e-05
10110111110101110001,16.32414396171469,9.765625e-05
11011101110000100111,18.238346905484363,9.765625e-05
10100110010000011000,33.24651918535265,9.765625e-05
11000111110011000100,10.729642552520769,9.765625e-05
01011111111101010111,14.016823011332118,9.765625e-05
00111101010100100000,13.409248726191095,9.765625e-05
11010101101101101100,27.728493549829317,9.765625e-05
10101100000101001010,28.733818474304016,9.765625e-05
01000000100110000100,32.319159672826615,9.765625e-05
11010011110111001010,14.234876922376795,9.765625e-05
10101010000000111010,54.42686344182836,9.765625e-05
01111101100101000101,16.482873829719182,9.765625e-05
01100010111101000000,28.403493133760115,9.765625e-05
10110010101101001010,26.050895973289798,9.765625e-05
11111011110110011110,24.034994167109875,0.0001953125
00010111010111000001,9.192324994681153,9.765625e-05
11011011101101100110,20.66814839851821,9.765625e-05
01010100110000001011,27.40541374510156,9.765625e-05
10100001110011000001,26.49829968793439,9.765625e-05
10010010011000100001,23.907076819689507,9.765625e-05
11101110011000011011,32.39485280186647,9.765625e-05
11000000011011101100,31.52673279103486,9.765625e-05
11010000000100000010,12.787406569618218,9.765625e-05
11011001010001010001,15.576485268805477,9.765625e-05
10111101101101110101,13.186787073642133,9.765625e-05
00111101011111110001,9.97290889887682,9.765625e-05
10101000000000100011,38.21356586286849,9.765625e-05
11111100110010110010,10.103761467876945,9.765625e-05
10001010110100000110,52.53468247542909,9.765625e-05
00000101000011001111,30.094796868137323,9.765625e-05
01110100011010011000,16.443256214518172,9.765625e-05
01111001000111011011,21.330606227242427,9.765625e-05
01000010100011100111,36.44504555729948,9.765625e-05
11011101100000010110,25.271976254509077,9.765625e-05
11010001100111000011,23.43657564114443,9.765625e-05
10000000000001010000,31.847907177630404,9.765625e-05
01010011111100100100,19.11724972060406,9.765625e-05
01010111100100111111,29.315449289389885,9.765625e-05
11100000101000110100,18.096888728015113,9.765625e-05
10110010110011111010,32.017545612059166,9.765625e-05
00000001110011000110,39.164335592050506,9.765625e-05
00010000101011010100,44.93870561411418,9.765625e-05
01111110100101101001,21.22106624165359,9.765625e-05
10000001000000000000,15.18188720114459,9.765625e-05
11101010010111111010,48.94764189016401,9.765625e-05
11010011111010101000,17.23640411407944,9.765625e-05
01110110011110011101,12.012673437637194,9.765625e-05
10100010111111101110,56.62557337083416,9.765625e-05
01000101001000011100,26.481357146011405,9.765625e-05
01100010011011010000,26.89670940297779,9.765625e-05
11110011010101100001,22.059725652885614,9.765625e-05
10100001100100111000,24.372205280029146,9.765625e-05
00010000010100001010,28.54680436453188,9.765625e-05
00111111111111100100,13.829569039308174,9.765625e-05
11010111100100010110,22.222996539031996,9.765625e-05
00101010000000001110,43.864876340272794,9.765625e-05
11011111010111111111,14.731478318157698,9.765625e-05
01001010100100001110,27.57570906206833,9.765625e-05
10110000110100000000,15.656592831893118,9.765625e-05
10001000001000100010,26.964856775257076,9.765625e-05
11111011011100110000,31.3010914619192,9.765625e-05
10101100000001010000,30.23493280834712,9.765625e-05
01001011110000000000,15.343709070385508,9.765625e-05
00100001001011000010,22.982191866602747,9.765625e-05
11111100110011010110,12.57689720114189,9.765625e-05
01011110000101101111,18.45087214137317,9.765625e-05
01101010010000000011,35.97998004607178,9.765625e-05
00010000110100000010,29.766316549204994,9.765625e-05
11010111010101011001,11.198473060247448,9.765625e-05
10110001000100001100,16.24896635717547,9.765625e-05
00101000001100100000,30.39354213870859,9.765625e-05
10010101010101010001,10.23788988943975,9.765625e-05
01110100010001010000,7.805268123521689,0.0001953125
00100110011010100101,31.11718152611109,9.765625e-05
10111011101010000010,27.342372891527404,9.765625e-05
10000011001000000010,22.603964675039105,9.765625e-05
01000010101001011000,28.279671851991594,9.765625e-05
10010011001100000011,21.423265612968077,9.765625e-05
01100001110010000000,16.302148761746608,9.765625e-05
11111000111100000110,12.453085605410328,9.765625e-05
11111010011110110011,29.70866391215259,9.765625e-05
01110001111011010010,20.60801371920931,9.765625e-05
00110000000101000000,17.38528439756959,9.765625e-05
00111101010010100101,16.333607227559874,9.765625e-05
01101100110010010111,14.680961207751508,9.765625e-05
10110100011000101001,14.181228430541957,9.765625e-05
10010000001111010010,34.39373494165073,9.765625e-05
00100000010000100000,31.60551936847363,9.765625e-05
00011001000000000001,15.604208803282777,9.765625e-05
01111101111110010111,11.450791463693509,9.765625e-05
10011111000101011011,23.059898974990453,9.765625e-05
00000000100001100000,40.22763845011192,9.765625e-05
00110010101110111111,36.436433657859006,9.765625e-05
00000000110000000000,36.0,0.00029296875
00100000000000011010,32.5850428386546,9.765625e-05
00010110100010111110,32.09609150569787,9.765625e-05
10111111111100010010,26.65134368265216,9.765625e-05
11000010100011011101,26.623554058978065,9.765625e-05
10100001010011001110,29.397915988802136,9.765625e-05
11011011110100000000,19.537188155707916,9.765625e-05
01111110010010010100,20.93607915122425,9.765625e-05
01010001001101101011,37.50567222096678,9.765625e-05
01100011101000010101,17.332656240715572,9.765625e-05
00111101000011010111,15.30402438734688,9.765625e-05
00101100101001000001,16.91499184083357,9.765625e-05
11001101010101000101,12.362703699350131,9.765625e-05
11010010001000001010,18.31108222980687,9.765625e-05
10110000000010010011,24.358274697707323,9.765625e-05
01000001111111000101,39.00822496595345,9.765625e-05
10100001010111100001,34.50997869852528,9.765625e-05
11011001001100110111,17.099668944635727,9.765625e-05
01001010001111000011,29.977634284786156,9.765625e-05
10000110100110001101,24.432956257878356,9.765625e-05
10010101001001110001,19.914345564257445,9.765625e-05
10010010011001011000,28.736506242799695,9.765625e-05
11110001011100000111,11.624511287415718,9.765625e-05
01101001001011101000,20.128536258059647,9.765625e-05
01111111100101011110,23.11318943401792,9.765625e-05
11011101110101111000,11.812150549420487,9.765625e-05
00011011000011100110,18.021159379389566,9.765625e-05
11100101011101100001,14.945398975781696,9.765625e-05
00000000100010001000,41.32664309529309,0.0001953125
00111100100101100000,10.740341223889235,9.765625e-05
10100000101010101101,40.82802122392105,9.765625e-05
11110100010011010111,13.116766883752138,9.765625e-05
00101001001010010001,24.3107280715054,9.765625e-05
10100001110101010000,28.688879673339173,9.765625e-05
01011110100010000110,21.15552034425465,9.765625e-05
10111010000101111000,50.30421156351353,9.765625e-05
11110110111100001001,11.155189089597908,9.765625e-05
01010001011101000011,24.31083374803447,9.765625e-05
01101100100001010110,12.740341223889235,9.765625e-05
00101001101100000111,24.374636524221657,9.765625e-05
11111010011000001001,32.54661259027807,9.765625e-05
00011101111101100010,18.036959982172363,9.765625e-05
11100011010101010111,34.21720909134041,9.765625e-05
00001101100110000100,17.21103873694726,9.765625e-05
01100110000110110000,18.451093071704864,9.765625e-05
11011011110011101000,14.960399439084647,9.765625e-05
10010000000100001001,18.55372311882321,9.765625e-05
00001011101111010000,26.329826488934472,9.765625e-05
01111111001000010100,32.704143175169726,9.765625e-05
01000101010011010100,16.69547965616045,9.765625e-05
10011100111101110100,18.23853243814482,9.765625e-05
10000111100100001001,14.832874651926787,9.765625e-05
01011111011011000011,18.081753442535376,9.765625e-05
00001010100010000001,31.62492592977467,9.765625e-05
11000011010111011100,16.929979086528753,9.765625e-05
01000000101000010111,39.69581435526081,9.765625e-05
00000100101101101000,41.75638595491571,9.765625e-05
11001010010010001000,24.72754880457836,9.765625e-05
01011010111011010101,22.381085572141625,9.765625e-05
00011101110011101111,24.948004090996236,9.765625e-05
10011011100000010001,27.852936539386853,9.765625e-05
10101011110010001111,40.461378852983955,9.765625e-05
00000010101010000000,32.5546190416551,0.0001953125
11110011010100001000,19.056191420431148,9.765625e-05
01101101110011000100,12.729642552520769,9.765625e-05
10011111111011111100,17.73620714851063,9.765625e-05
00000001000001011000,26.400091530649394,9.765625e-05
01010001101100000110,32.729081328789235,9.765625e-05
10100100110100000000,19.541546900129077,9.765625e-05
00011001000110000010,16.128536258059647,9.765625e-05
10101011011011101110,38.02521557423825,9.765625e-05
00110011100100001000,13.647461347985693,9.765625e-05
01100111100100001000,19.309754708297394,9.765625e-05
10010010111100000000,22.87892155073957,9.765625e-05
01111011101110111101,21.2027768277834,9.765625e-05
11010110110110111100,11.22979621368262,9.765625e-05
10110111010101011010,21.57975631614093,9.765625e-05
11011001100111110101,16.42630681618398,9.765625e-05
01011011101011000111,20.910681009746334,9.765625e-05
01001110000010111011,16.607338912212988,9.765625e-05
00101110110000101100,33.08625407227494,9.765625e-05
11101110100011000100,31.95614448312793,9.765625e-05
10100001110101110000,29.911208392185625,9.765625e-05
00010011000110000000,12.729642552520769,9.765625e-05
11011110111011101000,14.554082795136782,9.765625e-05
10000110000101111010,26.52368462264436,9.765625e-05
01010011111010001101,21.631930694253896,9.765625e-05
00010101011100000101,19.48974720603505,9.765625e-05
00100000101000011010,37.25196497956566,9.765625e-05
01000000111000011001,40.38413810490067,9.765625e-05
11110000011011010101,18.982191866602747,9.765625e-05
11111111110111111111,19.58464025016837,9.765625e-05
01101010101110101000,27.158583716694206,9.765625e-05
10101010001010101010,41.904954013636235,9.765625e-05
11100101100101100101,12.740331537852278,9.765625e-05
01011101001001010000,22.630983424484278,9.765625e-05
11011000110000111100,12.590120924863093,9.765625e-05
10010110011100100000,16.510502440220726,9.765625e-05
01010001010101110000,19.226320908906654,9.765625e-05
01010101010100000010,24.646015950187902,9.765625e-05
01101000001011000110,21.09897278992057,9.765625e-05
00110011100101000010,14.097604450694767,9.765625e-05
11100000111001010000,21.07555186933567,9.765625e-05
00010010010001000010,23.695970622670345,9.765625e-05
01101010100101001110,36.1849319359313,9.765625e-05
01000100100101000010,24.65754652875996,9.765625e-05
10111011110111100111,31.91332900540587,9.765625e-05
10010001111111010001,29.52841834535172,9.765625e-05
00001010100011100010,34.677241774731854,9.765625e-05
10010001101000001010,26.53245101019313,9.765625e-05
10000011001111001100,24.91267251476347,9.765625e-05
00000011000010000100,16.293769416448235,9.765625e-05
10011101001111000000,14.630607820540405,9.765625e-05
10110001001001111000,19.606707507547185,9.765625e-05
11000111110111110000,11.651276135453056,9.765625e-05
00000001111000101100,43.781124416705865,9.765625e-05
00000101100010011100,33.64963774920925,9.765625e-05
10001101000111010100,15.896840878677988,9.765625e-05
11100111110011011100,13.768429767188332,9.765625e-05
00101100000011110011,21.805845492863412,9.765625e-05
10001010101000001010,34.42207747389451,0.0001953125
00100001100001010010,22.311566220302346,9.765625e-05
11111011101111100111,24.105414959793148,9.765625e-05
11000111000010110010,21.20659485255431,9.765625e-05
00100111101101001101,17.494651246557456,9.765625e-05
10101100010100001010,30.885905055080265,9.765625e-05
00010011000001000001,13.824202268428827,9.765625e-05
11010011110001101000,11.14384133366376,9.765625e-05
10111111010111000001,33.91873103816141,9.765625e-05
11001101010110010111,13.763881136987628,9.765625e-05
10000010010011101110,46.39460775369784,9.765625e-05
10101110001110011010,36.34265159589405,9.765625e-05
11011001101101010010,18.279372757702536,9.765625e-05
11010001110110111100,19.068623429007385,9.765625e-05
00101010000010000110,40.39160568686404,9.765625e-05
10011010010110010010,36.04956685798295,9.765625e-05
01000001100000000100,19.73537316773854,0.00029296875
00011011000110101000,16.241141259594222,9.765625e-05
11110000110100001110,10.45769471966852,9.765625e-05
01000011000001000000,12.000950986844298,9.765625e-05
11011001010100111010,14.327060545641608,9.765625e-05
00110111100101001101,12.710354161775308,9.765625e-05
00100110011110000011,27.84706467530473,9.765625e-05
00110010010011100011,28.605093396571526,9.765625e-05
00011110100000001111,21.394772847768042,9.765625e-05
11001100100110110110,12.840650203507728,9.765625e-05
00011111111011111000,18.15516618595318,9.765625e-05
01101010011000111000,30.69303872593099,9.765625e-05
00111111111101001110,15.049990364420946,9.765625e-05
11000010100001111100,22.654736236179968,9.765625e-05
11010010100000101100,14.121374109945707,9.765625e-05
10110000100001100001,18.791594065503038,9.765625e-05
10111010011110001011,38.85560567022969,9.765625e-05
10111010001011100110,39.81234242164132,9.765625e-05
01011001101010100000,29.08508634480344,9.765625e-05
00000000010000100010,39.38413810490067,9.765625e-05
10001101001011110000,13.913773625800628,9.765625e-05
01111000001000110000,13.06680494098801,9.765625e-05
00100011100101001000,21.8935616141477,9.765625e-05
10111110100110110000,27.106642752099646,9.765625e-05
10101010001011101001,51.756278722007664,9.765625e-05
11111110010011101011,27.32511440776011,9.765625e-05
00011010000010110011,24.984279558455682,9.765625e-05
01100000101001011110,31.142825596770102,9.765625e-05
00010000000010000001,23.183980949087,9.765625e-05
00110100000101010001,9.787030242093099,9.765625e-05
00111101011010101100,19.349009115614017,9.765625e-05
10000101100000010110,20.372211521622496,9.765625e-05
01010100001000101110,38.711271307327365,9.765625e-05
01000001101000001001,35.08625407227494,9.765625e-05
01110000010000010000,7.988710018100806,9.765625e-05
01010100010110110100,20.01253933945131,9.765625e-05
00011110110111011001,17.043450865657157,9.765625e-05
11100000001000010111,23.581978731793985,9.765625e-05
01010100010101000101,12.536400619427624,9.765625e-05
01100010001101000110,29.274590321339502,9.765625e-05
11010111100111011100,15.628346268505261,9.765625e-05
01010100100110011100,29.649637749209244,9.765625e-05
10010100000001001100,17.221670682664886,9.765625e-05
01001101111101011010,20.18971084072352,9.765625e-05
01001010001000010110,23.540303060589068,9.765625e-05
11100001011001011110,16.975742818682775,9.765625e-05
01000010010000001001,21.43240751733352,9.765625e-05
00000111101110100000,25.628683677628153,9.765625e-05
01000000111000100100,36.487650660942904,9.765625e-05
11001000100100111000,20.37186778377905,9.765625e-05
11101111111110001001,25.36121375596497,9.765625e-05
11001011011010111100,16.055203370773235,9.765625e-05
01111100110011000000,10.729642552520772,9.765625e-05
10110000111010101011,26.936363384399364,9.765625e-05
01000101010001010000,13.449684002299607,9.765625e-05
10010100110110011011,23.11868740796638,9.765625e-05
10001101000110101000,15.487626815737059,9.765625e-05
10110101100101100001,10.908355616746947,9.765625e-05
00110111010111111001,15.286692114787133,9.765625e-05
11011111001100011001,26.934866443363603,9.765625e-05
11111110010110111000,25.835746250112535,9.765625e-05
00001110101000101001,23.309192750144785,9.765625e-05
00111100100101000111,12.112109681495957,9.765625e-05
11100101101001110101,13.455943985988306,9.765625e-05
01100111011111110100,15.802983667841822,9.765625e-05
00101001110010000011,24.601564671289342,9.765625e-05
01001010100111010001,32.28406275678045,9.765625e-05
11100111000001111001,23.673323384303927,9.765625e-05
00101100000101000010,19.092523742000598,9.765625e-05
11101001000000100010,22.300478705746063,9.765625e-05
10010010001100001011,25.64087311393005,9.765625e-05
11110011111001011000,13.734299754776952,9.765625e-05
11101111011010001000,31.492381651991543,9.765625e-05
00110010100010001011,21.279580372049793,9.765625e-05
11010001100011100100,20.852867016586274,9.765625e-05
01111001111101000001,12.06844593887769,9.765625e-05
00101101001100000010,12.74507212781067,9.765625e-05
10001110010110000001,32.980937187382224,9.765625e-05
01100110110010000000,14.97033347781754,9.765625e-05
10001100100001001100,21.227644691705265,9.765625e-05
11110110010100100111,20.77736874242088,9.765625e-05
01110110110001010001,10.51387842966418,9.765625e-05
10101011001011111010,36.21442648599617,9.765625e-05
11110011011110111110,17.85745528992843,9.765625e-05
01100111110100010010,14.87537432359958,9.765625e-05
01111101111101111110,14.155166185953192,9.765625e-05
00001110011011000000,20.471294341600853,9.765625e-05
11011001101000010101,17.828451891877325,9.765625e-05
00100001111000100110,29.33669715522781,9.765625e-05
10110101110001010001,10.664994651522212,9.765625e-05
11101111111011010010,21.75252025057293,9.765625e-05
10111000101101101000,23.166725909763315,9.765625e-05
10001001100101000001,25.693796197048272,9.765625e-05
11011001000110011000,18.716569676573677,9.765625e-05
10000010000001100001,36.877613695571256,9.765625e-05
11100101111101010001,11.104702681557088,9.765625e-05
00011011001010010001,18.55688964327316,9.765625e-05
00001100011101000010,22.992467765954288,9.765625e-05
01010101111001000110,35.4885341877153,9.765625e-05
11010011110100011100,8.958899711695508,9.765625e-05
10010101111111001001,22.600905900686712,9.765625e-05
00110111100101000101,11.615068215192712,9.765625e-05
11001000110011010000,23.453426546104033,9.765625e-05
11111110111111011110,19.191429071849264,9.765625e-05
01010100010100011100,15.25525122011036,9.765625e-05
10110011101011100011,22.300969057438095,9.765625e-05
11000101111001110111,21.519891487959462,9.765625e-05
01010110110000110000,16.32926432364181,9.765625e-05
01010000000100100001,19.73406531257023,9.765625e-05
11001011101010001110,17.803337826143288,9.765625e-05
01101000001100100110,21.34180366309312,9.765625e-05
00010101010111100110,27.354491249059386,9.765625e-05
00010101100101000100,20.911529753665363,9.765625e-05
11010110010001001001,11.736561306812103,9.765625e-05
01101111110000100001,25.069364950858173,9.765625e-05
01111101101001010100,18.53628254683906,9.765625e-05
00100011101100011100,26.432956257878356,9.765625e-05
01000111111000000110,22.33299718140928,9.765625e-05
01010000000011000001,22.322204407613327,9.765625e-05
11110011000111111111,23.163702827349418,9.765625e-05
11110111100100010100,23.686824120217743,9.765625e-05
01011001010100011101,16.06796465840475,9.765625e-05
01010100011101000100,17.399137833782554,9.765625e-05
00001110111011000000,22.358689340066277,9.765625e-05
00001010001110000000,30.910636540856007,0.0001953125
10011011111110111100,22.80018306129879,9.765625e-05
01011001111000111100,23.02227536233704,9.765625e-05
01011100100110001000,19.991526552274145,9.765625e-05
10111111111010001100,26.951066396919444,9.765625e-05
00101110001111000000,25.472245328445155,9.765625e-05
10000111000001001000,13.82162724001348,9.765625e-05
10100011000001001100,29.663814222884135,9.765625e-05
01011011011100111100,15.480692133815424,9.765625e-05
11101010111010110000,31.608030566764562,9.765625e-05
10101111011010100101,34.69429088063285,9.765625e-05
11010001111110110000,23.04579309537197,9.765625e-05
01010100000110111010,31.749668024461094,9.765625e-05
11110101100101000000,17.31395382799262,0.0001953125
10111010100110101001,33.531139710581215,9.765625e-05
10000100101001011000,25.14456058832388,9.765625e-05
00100010101000000000,26.91057876682106,9.765625e-05
11000001000001010110,14.181228430541958,9.765625e-05
11111101010011000110,23.26496516089965,9.765625e-05
11011110110110101001,10.844154947789024,9.765625e-05
11100000000101000110,26.09246596796565,9.765625e-05
01001010011000001110,24.51269653218397,9.765625e-05
11011101100000010101,21.961186240943874,9.765625e-05
00011001100010101100,26.380669776139115,9.765625e-05
11010110111001010000,13.02759684236814,9.765625e-05
01100010110000011001,26.212535667186653,9.765625e-05
10101110111110000010,34.461192498775226,0.0001953125
11110100011100100011,9.157096483331584,9.765625e-05
01011110111100010001,10.506435824914021,9.765625e-05
01101101111001010001,11.280326454569373,9.765625e-05
10010101011110011110,26.976696515549616,9.765625e-05
11010100110111010010,15.289638051092176,9.765625e-05
10111010101111100010,32.46519364045132,9.765625e-05
00101011010110010100,40.622164459613735,9.765625e-05
01000000001001010000,26.49482873668715,9.765625e-05
11001100110001011010,12.75007995679751,9.765625e-05
00111001101000101001,19.917799423391017,9.765625e-05
01011011110010000011,16.97949441207011,9.765625e-05
00101100011100100000,20.063339322248996,9.765625e-05
00001000001000000010,26.14456058832388,9.765625e-05
11011000001100100100,12.833095582258483,9.765625e-05
00100011111011101000,28.073706847724097,9.765625e-05
11101101001001010101,19.167798686270856,9.765625e-05
01111100110100000000,7.343709070385508,9.765625e-05
01100101001111111111,27.609076722552697,9.765625e-05
11100010010011000001,36.35360854383525,9.765625e-05
01010101110101010111,22.7747183688341,9.765625e-05
00001101000101010000,11.034482712710536,9.765625e-05
11110100010101110011,8.825917066360432,9.765625e-05
00110101101111000110,21.51835533380111,9.765625e-05
11001101111110111010,17.534925792964316,9.765625e-05
01111111111010011010,22.110214047367727,9.765625e-05
00010111001110101000,24.793666553306917,9.765625e-05
10001000111000100001,35.53457933425851,9.765625e-05
11101011001010000100,32.66613634610398,9.765625e-05
01001110000011111011,17.12257047705391,9.765625e-05
01011011011010110110,14.69612177555153,9.765625e-05
01001001011111000111,24.091967116356223,9.765625e-05
10010010000000011100,24.96301785944381,9.765625e-05
10100101011000001001,19.805268123521692,9.765625e-05
10100000111001000110,41.39180714715481,9.765625e-05
10100110010011100001,35.66284312954486,9.765625e-05
01011011001111001001,18.45766566155765,9.765625e-05
10110111110110110011,18.956553313955837,9.765625e-05
11110001010100100101,11.210624094588304,9.765625e-05
11011011001111111100,18.45087214137317,9.765625e-05
01100101110100110110,18.101850542572457,9.765625e-05
11001111011000010100,19.804351799927563,9.765625e-05
01111001101000110011,19.22673835925517,9.765625e-05
00110010101100001000,18.654331279857967,9.765625e-05
01000001001000000100,19.223932234700037,0.0001953125
11100001100000000000,11.519320360211093,9.765625e-05
10010111100101000000,13.647862859864091,9.765625e-05
11101000111000110010,19.50015991359502,9.765625e-05
00101100110001000100,24.45528938341053,9.765625e-05
11110100010001000001,9.7365613068121,9.765625e-05
11100010111010111010,26.419012457948774,9.765625e-05
11101110001111011010,28.765076252075616,9.765625e-05
11110110101111111111,18.04142302140766,9.765625e-05
01010101010001001110,28.07239168444609,9.765625e-05
10001100000111101100,23.213849029527246,9.765625e-05
01100110110101010111,22.757155920059503,9.765625e-05
11101111110110001111,26.881362578936056,9.765625e-05
00010111010101010001,9.41977709058434,0.0001953125
11011100111100011001,7.432422721382575,9.765625e-05
00000101000110111000,30.31948646519125,9.765625e-05
00011010101100011100,30.654736236179968,9.765625e-05
10001011111000100110,28.160834564843892,9.765625e-05
10001110000100110000,29.467493005912974,9.765625e-05
00110110101100001010,15.347896566270327,0.0001953125
11110101010111100101,14.457665661557655,9.765625e-05
11000000110000010100,18.488559066961493,9.765625e-05
00001011001110001000,20.181228430541957,9.765625e-05
01110101110010111110,32.20362466261731,9.765625e-05
01011011110010010101,14.576897201141886,9.765625e-05
01000101000001000100,16.72754880457836,9.765625e-05
11110001100101011110,13.427874727226268,9.765625e-05
10001001111000000001,24.427640285019542,9.765625e-05
00010111011111001011,18.35335932764178,9.765625e-05
11010000010000111001,12.400091530649394,9.765625e-05
01000010111010000011,32.983486504163295,9.765625e-05
01100111010011010111,15.42308188124503,9.765625e-05
10100001001000011011,27.645597776258132,9.765625e-05
11110001000011110111,19.949921257894076,9.765625e-05
01100110110100110001,19.576023371246265,9.765625e-05
11000001001000101011,25.47039217717561,9.765625e-05
01010011010110010100,10.486287828889392,9.765625e-05
11110100111100001000,7.1928300007567305,9.765625e-05
00110111110111000001,9.559400656060214,9.765625e-05
10001000110111101101,55.53979869096754,9.765625e-05
01110010100001000000,15.46622323140678,9.765625e-05
10001011000110000001,32.906271554841496,9.765625e-05
10001100000110110110,23.35119521371434,9.765625e-05
01111001011000101110,14.267781607945782,9.765625e-05
10011101011101110001,10.687794822071055,9.765625e-05
01110111001011001110,27.885002068697105,9.765625e-05
11110111101111101101,20.837387248002216,9.765625e-05
00100101101010011000,27.479242088221632,9.765625e-05
11100101110011100101,15.06635219093528,9.765625e-05
10000011100011010001,25.022438078479986,9.765625e-05
10101100010011100000,28.58389934313543,9.765625e-05
10100011100111101110,29.46502031834647,9.765625e-05
10000111100000011001,16.041719296910795,9.765625e-05
10001010011110000111,56.38628618243442,9.765625e-05
11010101011000110011,25.22018896731437,9.765625e-05
11111011011111001110,25.578641056774714,9.765625e-05
01000101001101111001,29.704321742655587,9.765625e-05
01011111000100001110,26.722287895731952,9.765625e-05
01011011000100110110,19.74478271955856,9.765625e-05
01101100101010000011,14.324111801347009,9.765625e-05
01010110111110010000,16.459602113402198,9.765625e-05
10010000010001100011,26.467907757035317,9.765625e-05
01100111010000110111,19.584496171678257,9.765625e-05
11001101011111110000,9.805893286594138,9.765625e-05
10000001011110000000,28.098433735412684,9.765625e-05
11110110111011011001,13.058421242160914,9.765625e-05
01110110011100011110,13.21343438716829,9.765625e-05
00000001001100011000,33.144560588323884,9.765625e-05
01111100110001011101,12.451155308031929,9.765625e-05
11010110011110010100,12.740341223889235,9.765625e-05
10010110110110001001,12.736159060512641,9.765625e-05
01100100011101111100,24.43335497260701,9.765625e-05
01111001110110101001,19.066352190935284,9.765625e-05
10110001110100000010,11.821157533642118,9.765625e-05
11000001000000110100,11.524298102398742,9.765625e-05
10110001100000111001,18.362456861083913,9.765625e-05
10111101010100101100,21.537188155707913,9.765625e-05
00110001011010101000,23.287730657358495,9.765625e-05
11011011111011110011,19.158804217711914,9.765625e-05
10111000100110000010,21.228832830778828,9.765625e-05
11110100110100000010,6.072400636061975,9.765625e-05
11010100001010000110,26.284423156675267,9.765625e-05
01111111010110001000,26.3957885846617,9.765625e-05
11101111101111001111,23.016768768867976,9.765625e-05
00101100001110000000,15.938185295226159,9.765625e-05
10001011000100111000,31.625917734335285,0.0001953125
01011010100011010010,20.643673720473082,9.765625e-05
01100111011110010000,14.87537432359958,9.765625e-05
01111101011010110010,19.051127069429594,9.765625e-05
01111100101011010101,12.19997622124037,9.765625e-05
01110011000110100111,20.193275981525453,9.765625e-05
11011001011000011000,14.778933121892361,9.765625e-05
01000000010000011011,32.65754028716661,9.765625e-05
01110110111011000001,13.18726283610297,9.765625e-05
00101010001000001010,35.4659756587195,9.765625e-05
00010000000100110011,32.4044921214752,9.765625e-05
11111011001000110010,35.81354115583695,9.765625e-05
00101001001110100000,21.3405383779107,9.765625e-05
10010111110111010011,15.77429050886737,9.765625e-05
10110101011111000001,13.192324994681154,9.765625e-05
00001010100000100000,29.904983071747093,0.0001953125
10111100010001000001,22.626772839450865,9.765625e-05
01000101010011000101,19.2745903213395,9.765625e-05
00000010001000000000,26.60551936847363,9.765625e-05
10001000100000000100,29.783298107906877,0.0001953125
11011111101001100011,29.84984309098794,9.765625e-05
00010101001000000100,27.834520737766262,9.765625e-05
01111110111110011011,10.804730233497178,0.0001953125
01110110100101011001,12.503204648381729,9.765625e-05
10100000001100100001,36.01253933945131,9.765625e-05
00110010100000110111,29.13312871026647,9.765625e-05
01110100110110001110,18.938206555364687,9.765625e-05
10101101110000101001,21.583899343135432,9.765625e-05
00100110101110010010,24.085561508638254,9.765625e-05
01010110110001110010,20.442431490469044,9.765625e-05
11011101000100010101,18.413320859509902,9.765625e-05
00100010100000110000,33.73406531257023,9.765625e-05
11000111000001011000,12.899722162900684,9.765625e-05
01010001110010010001,26.453971842205263,9.765625e-05
00001100011100000000,18.520832483659728,9.765625e-05
10000011110100000010,25.62492592977467,9.765625e-05
11110100010111101000,12.48628782888939,9.765625e-05
00010111101000110101,27.585797785253217,9.765625e-05
10110100000110000000,13.894933484944309,9.765625e-05
01000100100011110000,29.59452775728225,9.765625e-05
10000010110011000000,37.229738439647676,9.765625e-05
11001111010111111101,14.938522067895002,9.765625e-05
01101001011000000010,12.603964675039105,9.765625e-05
00111000101000010010,16.91499184083357,9.765625e-05
01100111110011011000,14.137428749931379,9.765625e-05
11001000100110001110,24.065164051861718,9.765625e-05
00101100010000100010,19.540303060589068,9.765625e-05
11111111111111100110,20.37462964617427,9.765625e-05
00101110010001001010,33.82347414968968,0.0001953125
01001010000000011010,23.44873030543277,9.765625e-05
00000010000100000000,28.670446268106083,0.0001953125
11111101101111110011,16.09214948804398,9.765625e-05
10101010100000101110,47.29227873864201,9.765625e-05
10000000001010001000,32.27340218226594,9.765625e-05
01110101000001010101,17.70711691831373,9.765625e-05
11100001000101110100,17.471294341600853,9.765625e-05
00001100000101010001,19.984935531908572,9.765625e-05
10011000000010101101,23.59131874997361,9.765625e-05
00011011000111011001,20.477717775853563,9.765625e-05
00101001001111001110,26.53849436737004,9.765625e-05
00000010001000111100,40.49482873668715,9.765625e-05
01110000010000100000,9.988710018100805,9.765625e-05
01001010000011010000,23.092523742000598,9.765625e-05
00001001101101000000,24.223520302363617,9.765625e-05
01000111110001111010,21.64655147312497,9.765625e-05
10110111110111101110,17.511728795751445,9.765625e-05
00100100101110011010,32.502284607712916,9.765625e-05
00001010010000001001,39.62904407752297,9.765625e-05
11110100010111000101,11.269512235131016,9.765625e-05
00000111100101101011,23.977634284786156,9.765625e-05
00100101000001000100,13.202254435326887,9.765625e-05
00001100101011001100,29.72055905864432,9.765625e-05
10100001110000010110,24.9597956345274,9.765625e-05
00010100010101100000,18.22352030236362,9.765625e-05
11001001001011011000,17.02759684236814,9.765625e-05
01100000010000010100,19.871749716588674,9.765625e-05
11111100111101110110,7.651276135453055,9.765625e-05
11011110000100011000,21.755777775193543,9.765625e-05
11101011100111101101,32.002376278147125,9.765625e-05
00110101111110000101,18.094796868137323,9.765625e-05
11111110111010011001,19.36121375596497,9.765625e-05
00011111000111001010,14.46716379779306,9.765625e-05
01111100100100101100,16.741649079057545,9.765625e-05
00010000111010011000,44.41413403109363,9.765625e-05
11001100011001000111,15.970147123608811,9.765625e-05
11000011000010000000,13.955193496283627,9.765625e-05
00010101010101001000,17.091807197363018,9.765625e-05
11000000001100100010,24.192226207039305,9.765625e-05
00110101010101000010,9.91176690589462,9.765625e-05
01111011110010100110,16.814566600403744,9.765625e-05
01011001011000011110,17.825333455425366,9.765625e-05
11010110110100001001,7.805268123521692,9.765625e-05
10110101001101111001,15.068619260982526,9.765625e-05
01000000000100111001,34.59016621571134,9.765625e-05
01001111111110101110,19.29469396807701,9.765625e-05
11100001110001011111,18.427803735583556,9.765625e-05
10001110100100000100,29.808743428297664,9.765625e-05
11000101001101101110,21.470392177175608,9.765625e-05
00011111000010100010,22.310840909552752,9.765625e-05
11000011110111111011,26.133989246266946,9.765625e-05
10010110100101000010,17.15141812413666,9.765625e-05
10101110101011100100,33.677319007967924,9.765625e-05
10010101011111110001,19.622027994340417,9.765625e-05
11010100001110011010,22.22002459682541,9.765625e-05
00010101000101000001,14.302836248273321,0.0001953125
01100010101100011000,24.436078138773926,9.765625e-05
10101110101100101110,33.54029337455212,9.765625e-05
10101010100001000000,53.90943600572295,9.765625e-05
10101011000011011000,45.3691295115301,9.765625e-05
01111001110010010111,13.537588758501183,9.765625e-05
01011011011110000110,12.513878429664182,9.765625e-05
11111110111111100000,19.025383378330986,9.765625e-05
01001001001001000100,13.095587848861218,9.765625e-05
10100001000110000010,24.654321593821013,9.765625e-05
11010110010110010100,10.983695947520614,9.765625e-05
00110010011111000010,26.55653529946782,9.765625e-05
01110110110100110011,12.409768321497868,9.765625e-05
10100111101010001011,23.36002750495603,9.765625e-05
10111000000100111000,29.72439403973386,9.765625e-05
11000111101101010000,13.264048015757247,9.765625e-05
01010111111001001000,26.04765946424928,9.765625e-05
11010110010100010101,10.871148720020987,9.765625e-05
01010100010001101000,22.307622852661204,9.765625e-05
10000111100010001100,16.56281629873662,9.765625e-05
01100100000101000001,14.118209659064249,9.765625e-05
00110000000100000100,17.414198781142993,9.765625e-05
10001000001100100000,29.9384639995928,9.765625e-05
01000011101010001001,26.1798628013387,9.765625e-05
00011100000100000001,8.114756523511934,9.765625e-05
11111011001111111100,28.202847819426115,9.765625e-05
01111011101001010010,21.60078782809815,9.765625e-05
01011110110110111110,15.276491473479831,9.765625e-05
11101110001110100101,32.283213980385426,9.765625e-05
11000111001110010011,21.11657606725129,9.765625e-05
00000010100110101100,43.55461904165511,9.765625e-05
01111100010001010000,10.558207184478427,9.765625e-05
11011100000111101000,12.250886234095848,9.765625e-05
01010001010001100001,19.800671317786136,9.765625e-05
11011000000001000100,17.12313660323137,9.765625e-05
01101000111010100010,20.132872098836096,9.765625e-05
01111001011001100101,12.48889472340516,9.765625e-05
10101110011100001010,42.08911942886735,9.765625e-05
11100000101001000100,18.25865282322108,9.765625e-05
01111011101110010011,19.73142054412275,9.765625e-05
01110111011110010111,14.912600886666713,9.765625e-05
01010010101111010101,28.555736189085955,9.765625e-05
11000010111000100000,20.144560588323884,9.765625e-05
00001010100010000101,35.84911124433427,9.765625e-05
01011011100110110101,18.869831178815723,9.765625e-05
00111101110011001000,16.33821634181806,9.765625e-05
01001011000011000100,13.819365687978333,9.765625e-05
00100110110100000000,22.89146786620529,9.765625e-05
00110100111110000010,18.212344948609378,9.765625e-05
00000110010110010000,23.544003768828667,9.765625e-05
11110100110100101101,7.803353753773596,0.0001953125
11100001011000001001,16.95889971169551,9.765625e-05
10010011001101101000,17.21343438716829,9.765625e-05
00111000100100000011,17.64087311393005,9.765625e-05
11110010101100000000,16.000950986844302,9.765625e-05
00000000010010100000,39.847907177630404,9.765625e-05
00010110101010011001,24.54329273136337,9.765625e-05
10110001010111011101,26.06796374931963,9.765625e-05
10111011100010111011,30.43764841765197,9.765625e-05
10101110110011011110,43.30719228267195,9.765625e-05
00000100000011010101,30.293756198840473,9.765625e-05
11111011010010010110,33.539080443359566,9.765625e-05
11011000001001100000,14.183016548334697,9.765625e-05
11101000111010110000,20.89337525993897,9.765625e-05
10100101100011000000,15.512940660427645,0.0001953125
01101110101110010010,15.731651160491399,9.765625e-05
10100001100000011101,25.07520468704862,9.765625e-05
10101011001001100101,45.0650886850541,9.765625e-05
00001110010010110010,22.684198636716964,9.765625e-05
11000001010000000000,9.18188720114459,9.765625e-05
01010110110011010101,15.070058406347162,9.765625e-05
00010010010100001000,19.656592831893118,9.765625e-05
01110011100001010000,16.199087274422887,9.765625e-05
01100000000011010001,26.44704060472724,9.765625e-05
01101010101011101100,29.098972789920566,9.765625e-05
01101001001111001000,20.48628782888939,9.765625e-05
00110001111000100001,18.896709402977788,9.765625e-05
00011000010001000011,23.48797933053234,9.765625e-05
11000011000010100101,16.241141259594222,9.765625e-05
00110110011101000111,19.07280123885525,9.765625e-05
10101011100011100110,34.33164060178893,9.765625e-05
11011000011000001010,12.547822811448082,9.765625e-05
10111011101010110001,29.584486485641307,9.765625e-05
00111010101010000011,21.192324994681154,9.765625e-05
01110011010000101110,16.533950737582266,9.765625e-05
01100101111110110001,26.214088902618865,9.765625e-05
01010001001101000101,22.130874134245737,9.765625e-05
11101010111101010000,47.22051470395902,9.765625e-05
10010101011001111101,20.440102478361993,9.765625e-05
11011001011011110101,13.927016193905079,9.765625e-05
11010110110011000101,12.959380992168445,9.765625e-05
11011110010011100000,17.983412780861855,9.765625e-05
11000101111111010000,18.83471803003217,9.765625e-05
10000101000000000100,15.136129710583917,9.765625e-05
00101000001010000010,25.067964658404755,0.00029296875
11110100011100011010,8.815561838568154,9.765625e-05
11101011111101011110,31.66284312954487,9.765625e-05
00000000000000011000,34.24897530879136,9.765625e-05
11101010001010111000,33.564135913510384,9.765625e-05
10100000100110000001,35.27459376578311,9.765625e-05
00011101100100110110,20.63628962417893,9.765625e-05
00100101111000011000,22.583808685151546,9.765625e-05
10101100101101000001,23.18217588581545,9.765625e-05
00110101010001010000,11.518002819005824,9.765625e-05
01101010011110101010,29.770363068856536,9.765625e-05
01110110101001100101,20.2210022260253,9.765625e-05
01000101111110000001,34.38629586847138,9.765625e-05
01100011000100001101,21.10847166057704,9.765625e-05
11100101011100010100,12.086870272891684,9.765625e-05
00111011101110000000,16.82025192477327,9.765625e-05
01010100010100011011,17.615205845359057,9.765625e-05
01000000010000110100,26.646915317463396,9.765625e-05
00011001001010100100,19.634369747258557,9.765625e-05
11101111101101101101,24.66949464480774,9.765625e-05
01001010000110110010,24.684198636716964,9.765625e-05
11110100100100011010,10.092092143323011,9.765625e-05
11111011111111000110,21.580490676473445,9.765625e-05
10101010101010100111,46.73650207477485,9.765625e-05
10000011111101100011,36.95934831535957,9.765625e-05
00000001001101001000,31.065164051861718,9.765625e-05
10101111101011001101,26.91271789273892,9.765625e-05
00100000001000111000,36.207573118208245,9.765625e-05
01010101101101001110,42.710869148155105,9.765625e-05
01011010111000100010,17.594232107436792,9.765625e-05
11010001011010100111,23.24667565990225,9.765625e-05
01010000110000010000,17.60551936847363,0.0001953125
01111001101111101010,22.354481563022432,9.765625e-05
01000001001100010001,25.830362730054613,9.765625e-05
11011100010101000010,9.898703715984484,9.765625e-05
01110001111110100100,20.81737408499418,9.765625e-05
11101111110100111010,26.028231778604756,9.765625e-05
01000110101100011110,25.370190566260213,9.765625e-05
11101000011100101010,25.938243069261105,9.765625e-05
01110011101101010111,16.818146847287714,9.765625e-05
10111010110010111010,34.352053115979665,9.765625e-05
01001111011111010110,10.515785823397863,9.765625e-05
01110001010000010000,10.469444721902118,9.765625e-05
01000000010010000010,26.554619041655105,9.765625e-05
10010010001110110011,32.42419360904046,9.765625e-05
00101000000000000010,27.086254072274944,9.765625e-05
00100000100000000010,26.00209374794241,0.0001953125
00010010000110001000,18.654331279857967,9.765625e-05
10101110101100011011,35.46628996789744,9.765625e-05
00100010100010000111,37.098747211792876,9.765625e-05
00011000001001010000,22.427640285019542,9.765625e-05
10000011100000010100,20.78740656961822,9.765625e-05
10111111100010101011,30.23359942663876,9.765625e-05
11100000101001001100,20.06201626303163,9.765625e-05
11010100111001001001,16.001188139073562,9.765625e-05
10010111010111010011,16.23907802851331,9.765625e-05
10011101000100100111,16.292547756971697,9.765625e-05
00101101100011101011,20.135929316809502,9.765625e-05
01000010101101100110,38.981755876978056,9.765625e-05
10011010101110101010,24.631484284171183,9.765625e-05
01001000000101010100,26.540586227247825,9.765625e-05
00001011100010100000,18.916906210581658,9.765625e-05
11101010011011100110,40.367135508982514,9.765625e-05
00011110010110100001,11.759156474659546,9.765625e-05
10000101001011010000,19.498900870005947,9.765625e-05
01011101010001010000,14.89433872996997,9.765625e-05
00111100101111011000,14.737112757379483,9.765625e-05
01110110010101010000,11.774555652691149,9.765625e-05
01010011110010001000,17.159798203856095,9.765625e-05
11010011100001100101,15.96345385990831,9.765625e-05
00000000000000000000,26.0,0.0001953125
10011101011101101001,11.097317752465203,9.765625e-05
10010100100010011001,20.12850961570406,9.765625e-05
10000010001100010110,46.37631374174049,9.765625e-05
11100100100001011000,10.670715286435772,9.765625e-05
10011101100111000111,15.191429071849262,9.765625e-05
10100010001101000000,46.220463171517416,9.765625e-05
10000001110010011011,37.1139627456383,9.765625e-05
01001011101010100110,18.739403672632577,9.765625e-05
00000101000011100000,23.934161249905348,9.765625e-05
01010110010101000001,9.24985185954934,9.765625e-05
00110111110001100100,16.114031027258463,9.765625e-05
10010110011010001010,20.718287820572215,9.765625e-05
00101100110000000010,17.666328120357786,9.765625e-05
00010100010000100001,17.73406531257023,9.765625e-05
11100000001100101100,22.60551936847363,9.765625e-05
10110111100111011010,18.033585967920718,9.765625e-05
00111010110100000000,29.0009509868443,9.765625e-05
11100000001000110001,21.309192750144785,9.765625e-05
10010100000100001000,11.650380936202412,9.765625e-05
11100001110000000000,9.565077850771768,9.765625e-05
11000000100101001000,22.139835925995797,9.765625e-05
11011100000100101011,12.439665547176187,9.765625e-05
11010111000101111000,18.28040368780544,9.765625e-05
01011011010101011000,17.204094368988667,9.765625e-05
10100100000110001001,23.972958150609866,9.765625e-05
10010111110011011000,14.56149875753135,9.765625e-05
11011101100101000000,19.623442227982856,9.765625e-05
00100000001000000000,24.227644691705265,9.765625e-05
01011011110010000100,13.108471660577038,9.765625e-05
10001101000001010001,15.969546127041125,9.765625e-05
10000010000110010000,37.02227536233704,9.765625e-05
10101000000010010001,45.11168690947903,9.765625e-05
00100111101111100111,23.103468636817418,9.765625e-05
11010110110001110000,11.586709635715415,9.765625e-05
10100000010111000110,52.41371938873468,9.765625e-05
01000110000000010000,11.803638699733586,9.765625e-05
00100010110100011101,54.69169070034023,9.765625e-05
10101001011001000000,29.720218117950616,9.765625e-05
00010000000001110101,34.22996935028359,0.0001953125
00000010000010001011,34.23529156473575,9.765625e-05
00010000110001001000,31.812940610219435,9.765625e-05
10111110100010111001,26.915659661019106,9.765625e-05
11101111111011011100,20.333607227559874,9.765625e-05
01111011010011011100,21.847791727527525,9.765625e-05
00101000100000100010,26.73501900943707,0.0001953125
00011010100101010010,30.61894494471988,9.765625e-05
11101000101010110010,18.766315825623746,9.765625e-05
00111100011110010111,13.088318674979288,9.765625e-05
01010100111001001001,29.001188139073562,9.765625e-05
00000001111000010000,34.892768745359184,9.765625e-05
11011110111100110111,14.864845442765148,9.765625e-05
11111110111011100100,22.182785931966052,9.765625e-05
10000100110010011001,28.780432762154298,9.765625e-05
00110100001001010001,12.008411505666057,9.765625e-05
10101100101010111011,22.57594893515995,9.765625e-05
10111010101110100100,33.48068244777848,9.765625e-05
01011111111101111111,17.306882680797663,9.765625e-05
11100000101000000101,18.45528938341053,9.765625e-05
00001001011100100100,26.315067149585396,9.765625e-05
00101000111000100010,31.02507867890262,9.765625e-05
00010100000001000010,19.868280653406053,9.765625e-05
11010111000000001001,29.13092386574992,9.765625e-05
11101001000001100010,21.98341278086186,9.765625e-05
11011100010111010011,8.825917066360432,9.765625e-05
01111100010001101000,14.980885654940629,9.765625e-05
10111111111011100001,22.331630915751976,9.765625e-05
00111011000010000101,26.31257924717346,9.765625e-05
10000000010000000000,28.0,9.765625e-05
11000111110100010100,10.086870272891684,9.765625e-05
00001000101010101100,42.714334679766914,9.765625e-05
01111101001010010111,21.33647184973121,9.765625e-05
10101110101011101011,29.591276474254986,9.765625e-05
10011100010110011000,14.326447789468473,9.765625e-05
10000011111000001000,20.45528938341053,9.765625e-05
00000000101000100000,42.39703160265345,9.765625e-05
10011110001010011100,24.248075941515857,9.765625e-05
11011100010100111000,6.471579287560845,9.765625e-05
00011101010100010001,10.367486135713161,9.765625e-05
11010000111100100100,17.234219708153148,9.765625e-05
00010101111100110010,36.826326201547104,9.765625e-05
00010000000100010010,26.055486537431996,9.765625e-05
11100111000101011110,21.248673504479758,9.765625e-05
01111010111110111101,23.26483212923011,9.765625e-05
01100000000101000000,21.43240751733352,9.765625e-05
11110001001011110101,19.191429071849264,9.765625e-05
10000010010010101000,32.57570906206833,9.765625e-05
11111011011010111101,26.202847819426115,9.765625e-05
10010111010001111001,14.443625871135955,9.765625e-05
11100011110001101011,21.537588758501183,9.765625e-05
00101000100000000000,26.18188720114459,0.0001953125
10101011001010111100,37.807179048826185,9.765625e-05
11010111001110010110,25.715252135368424,9.765625e-05
00001110001011111001,22.76009768833969,9.765625e-05
10111010100010110010,34.51047338210986,9.765625e-05
01000101011110011001,30.448986106154692,9.765625e-05
10011001001010000000,18.204168805074982,9.765625e-05
01100010111000000101,25.183980949087,9.765625e-05
00110101011111101100,22.603421267002492,9.765625e-05
11110001000001100100,15.166781708196783,9.765625e-05
01001110001100000000,14.889590869729908,9.765625e-05
11111011101110100100,24.48921095951674,9.765625e-05
00010101010101000101,13.462926570404061,9.765625e-05
10000011101000000101,23.51609813529469,9.765625e-05
11110100011100000011,7.997786535962845,9.765625e-05
00000010010000000000,29.18188720114459,9.765625e-05
10100000000010100011,35.117181526111096,9.765625e-05
11111110110111100011,20.972918672040983,9.765625e-05
10100001001111000001,28.91169591425191,9.765625e-05
11011000010110100000,10.132627763452358,9.765625e-05
11011011001101011001,24.999928371903245,9.765625e-05
01111000101011001010,18.80472471548508,9.765625e-05
10010111110101110001,12.402522051260654,9.765625e-05
01100010101010010000,20.548550930187236,9.765625e-05
01000010000001001000,19.610835341332443,9.765625e-05
00000001111000100001,40.46219565451516,0.0001953125
10010001011010001000,21.006513797969333,9.765625e-05
00110111111100000000,11.996832839096001,9.765625e-05
00011101111101101100,21.25201380198472,9.765625e-05
00100011101011100100,24.427803735583552,9.765625e-05
11010010100001101000,15.33863098417702,9.765625e-05
00101000001010001110,32.62701967771709,9.765625e-05
00000101000110010010,25.3811911399073,9.765625e-05
11110100110010000001,9.512940660427649,9.765625e-05
01011110010110011010,10.906171210820654,9.765625e-05
11010110111111010010,16.73613615686792,9.765625e-05
11000111110001010110,11.997786535962842,9.765625e-05
00001011010110010001,31.794607766987063,9.765625e-05
00001100000100001011,20.75007995679751,9.765625e-05
01110100010000010000,7.706185303543332,0.0001953125
01000010010001010010,26.423616239698735,9.765625e-05
00110111111110101111,21.240754326107204,9.765625e-05
11100000110110001010,24.505545958171606,9.765625e-05
00010010011000010000,22.654736236179968,9.765625e-05
00100010100001110000,38.42361623969873,9.765625e-05
10110101100000000100,18.729152320431943,9.765625e-05
01101111110101000111,20.533940317124248,9.765625e-05
10100111101110000010,21.785921224320216,9.765625e-05
11111010111110100011,22.528263944370625,9.765625e-05
00010101110111100001,27.97129091339525,9.765625e-05
00101001010011001110,28.169063785949405,9.765625e-05
11101111111100011101,26.069352467671482,9.765625e-05
00000001100101000010,31.558078418800772,9.765625e-05
01000001000101110001,26.562195842967824,9.765625e-05
00000001101001110000,38.706504075013385,9.765625e-05
10001000101000011101,40.93852623591986,9.765625e-05
00101010101010101100,37.1585837166942,9.765625e-05
01100100010000010101,13.52775123795106,9.765625e-05
10101110011010101000,35.29227873864201,9.765625e-05
00000001010000110100,30.20757311820824,9.765625e-05
01101001100011000010,16.355464405127336,9.765625e-05
10100001100010110000,23.229796213682622,9.765625e-05
00110111110101000110,12.097604450694769,9.765625e-05
00111101011001011001,13.463691203039629,9.765625e-05
11110100110101111000,6.962663701142336,9.765625e-05
01000110010000001100,14.383190649627176,9.765625e-05
00000001000101000010,26.114380919568056,9.765625e-05
10100101000000100011,20.9567599493236,9.765625e-05
11011100010101110000,6.356770508026067,9.765625e-05
11001110101010101000,16.02975805038245,9.765625e-05
01101010111011111010,31.50656116778426,9.765625e-05
10101011101101101000,34.59984652729081,9.765625e-05
10111111111001100111,24.588089647009806,9.765625e-05
01101100000001010011,14.42805773536806,9.765625e-05
00010001101011001000,38.903239128577425,9.765625e-05
10110000100000011000,17.371251583162305,9.765625e-05
00001101001001010000,11.812160235457434,9.765625e-05
10001000001100000000,31.055155282775246,9.765625e-05
01111011000000001111,29.573246784163487,9.765625e-05
01000101010001010110,16.471294341600853,9.765625e-05
10011010101011001011,29.25403935543416,9.765625e-05
10110000100100000100,17.414198781142993,9.765625e-05
00100011100011010001,25.389513739859048,9.765625e-05
01101001100100001000,20.545012518868095,9.765625e-05
10101100100110110011,23.781081123138726,9.765625e-05
01110001000001010101,14.2651472491165,9.765625e-05
11001000011000110000,17.60826118313321,9.765625e-05
01000101000101110011,24.13422357971028,9.765625e-05
01001001010110100100,16.37220528002915,9.765625e-05
01011111011111010110,11.915578983339444,9.765625e-05
00001101001000000000,14.08060060316603,9.765625e-05
00011010010010011100,28.092465967965648,9.765625e-05
00110110101011010001,15.966841510990202,9.765625e-05
10000110101001100000,22.750079956797514,9.765625e-05
10111101100111110011,14.243866706469689,9.765625e-05
10011100010110110111,17.362157679667654,9.765625e-05
00101000101000000010,24.30947247235994,0.0001953125
11011100010111100001,6.972947730151846,9.765625e-05
10011010111110101011,28.958458634121023,9.765625e-05
10100001010111100000,30.130328103723436,9.765625e-05
00010111110111000100,14.050895973289794,9.765625e-05
11010100010100111000,7.99560213003655,9.765625e-05
01100111010011100011,20.416558397238745,9.765625e-05
10010110100000000000,16.318016911728506,9.765625e-05
11000110110001011000,11.52775123795106,9.765625e-05
11100000011010011000,22.585042838654605,9.765625e-05
10111111111110001110,22.701020385189032,0.0001953125
00111100110111000011,10.537517766858478,9.765625e-05
01100111111011010100,12.60815217092392,9.765625e-05
11010111110001101100,16.40450887065378,9.765625e-05
11101001001001000000,21.537188155707916,9.765625e-05
10111010011010001001,37.77635102992575,9.765625e-05
00111101111101000010,7.3106606114335,9.765625e-05
01100100000100000010,13.47717498263481,9.765625e-05
10001001001100100101,25.515068984493023,9.765625e-05
11111100111101111000,7.899651171257974,9.765625e-05
01100110110001010000,14.87767220402727,9.765625e-05
10100010000011000000,42.07239168444609,0.0001953125
00000000011000110010,49.693360941844645,9.765625e-05
11110001011101000101,11.007232230671534,9.765625e-05
00101001000010001111,26.959380992168448,9.765625e-05
00100110110010010000,23.287045978821343,9.765625e-05
00100000000001000000,27.656592831893118,0.0001953125
10100011000110011001,36.030038517858486,9.765625e-05
01010100010101010110,16.358689340066277,9.765625e-05
01011110010011100011,13.675995225169302,9.765625e-05
00000101001000011000,26.665405555170306,9.765625e-05
01101010101110000010,24.372365286149552,9.765625e-05
11111100111101110011,5.745643255559037,9.765625e-05
01001000111110100010,32.86203057373419,9.765625e-05
10111101111101100011,9.623549890953212,9.765625e-05
00110101000000000110,20.256540437625826,9.765625e-05
01010110111101010001,14.45305646017226,9.765625e-05
11010110110100011001,6.724994312720296,9.765625e-05
01011010011010000010,13.16395746358797,9.765625e-05
11111111101111001011,27.205882868175877,9.765625e-05
01100010011010000000,20.048802225347384,9.765625e-05
11010100110101010101,8.111859311658929,0.0001953125
00110111110101111000,14.691345580781848,9.765625e-05
01010100010001011001,15.871385872250247,9.765625e-05
00011011100110101000,18.128536258059647,9.765625e-05
00011101011100010101,12.143243047118617,9.765625e-05
10111111011111011011,25.53887651801434,9.765625e-05
11111110101111101101,21.136000308452214,9.765625e-05
00010001001100010101,25.556523725366244,9.765625e-05
10101110010010101011,40.330195938412196,9.765625e-05
00101110101000100111,27.28032645456937,9.765625e-05
11111011011111100100,26.396236246764644,9.765625e-05
11000110000010010000,13.440815284288707,9.765625e-05
10110111111101001001,13.014857843563489,9.765625e-05
01100101010110000000,16.74968124206886,9.765625e-05
10001100110000000100,21.69267904961742,9.765625e-05
01111110010110101000,18.627797527960414,9.765625e-05
11010110001111011001,13.585385852916806,9.765625e-05
01111101111101010101,7.8873233703686765,9.765625e-05
00101101100000100000,16.88275653182911,9.765625e-05
11001000011100000010,22.39354213870859,9.765625e-05
11101010000010001110,39.76481420976034,9.765625e-05
10010000110011010010,33.10923808331021,9.765625e-05
10111111111111111001,19.372702058818405,9.765625e-05
01010011011101101110,21.298008444774656,9.765625e-05
01110111001011000101,23.325057368146233,9.765625e-05
10111010111110101000,30.408214351644595,9.765625e-05
01110000001000010100,12.409531892849856,9.765625e-05
10101101101011100010,15.490093664740861,9.765625e-05
00001011011000111100,27.954199939453435,9.765625e-05
10010010100000011101,25.448354701488896,9.765625e-05
00110101101101010111,15.836423043550145,9.765625e-05
01000000000100100100,26.158356250501903,9.765625e-05
00001101001111000101,15.074234328130407,9.765625e-05
11001111110100000100,18.879946239249122,9.765625e-05
01011111001011010100,20.352840652259943,9.765625e-05
01111000100000000110,13.09156380354041,9.765625e-05
11100000101001011110,24.051310615648752,9.765625e-05
10000111101001001000,15.313898763980209,9.765625e-05
10011001001000100110,18.497619373765787,9.765625e-05
00101000000010100010,27.780766813960792,9.765625e-05
11100110001100000100,24.420227854195783,9.765625e-05
01011111111100100001,19.665749303853573,9.765625e-05
11110100011001010001,7.962654015105381,9.765625e-05
10000010000000001010,29.81906378569971,9.765625e-05
00110110100010010001,14.72733843049973,9.765625e-05
11111001110001111110,14.470879699241898,9.765625e-05
00010001110101010100,27.071613099781686,9.765625e-05
01011110111010011010,16.32411180134701,9.765625e-05
00010001100001101001,32.52881414291777,9.765625e-05
01011110110111010111,13.179823970063678,9.765625e-05
00100010000100101000,36.307622852661204,9.765625e-05
11011001111100111000,14.431469024515737,9.765625e-05
00010101000101011101,19.3724230601845,9.765625e-05
00101000001000001000,28.18188720114459,9.765625e-05
01111010111010000010,13.664936877487271,9.765625e-05
10101011111011001001,37.98314285344705,9.765625e-05
00101000100010000111,34.809802801693564,9.765625e-05
10110001001000000101,16.720209166334726,9.765625e-05
01101000111000000011,20.35868934006628,9.765625e-05
10001101101111010010,17.36215767966765,9.765625e-05
01101011000000001011,30.86051135425828,9.765625e-05
10000011000100000001,24.44560218294385,9.765625e-05
10000110011000000100,27.161821869240917,9.765625e-05
01001000100001000100,22.121627189805274,9.765625e-05
01100111001100010111,17.659716786357176,0.0001953125
11110101000110010010,24.927816213372076,9.765625e-05
11110100110110000111,9.76178375909774,9.765625e-05
00010000000101000100,26.120261560602017,9.765625e-05
00101100101100110010,18.066743646222072,9.765625e-05
01001010011010001001,23.624925929774673,9.765625e-05
01101101011101000100,10.737530931309244,0.0001953125
11001001001000000100,13.301969383552294,9.765625e-05
10100001011010000010,24.76404531113289,9.765625e-05
01011110011111000000,9.997786535962842,9.765625e-05
11110000011101110101,20.098901798277858,9.765625e-05
00100010011011100000,41.38712433123136,9.765625e-05
11100101111001110000,11.455953672025263,9.765625e-05
11101110111110011011,24.882270908667266,9.765625e-05
00110101010100010001,10.057997735722921,9.765625e-05
11100111111111000110,17.038635632472392,9.765625e-05
01000001000000100001,23.244610322776843,9.765625e-05
01101001100010100000,18.445602182943855,9.765625e-05
10011101011101100010,11.966044914330636,9.765625e-05
11000100010000100011,15.309192750144787,9.765625e-05
11111011011010111011,26.039766183014883,9.765625e-05
00000101101101010011,32.566602675386974,9.765625e-05
00101000101001000001,33.16013841012874,9.765625e-05
11000100100101000000,11.164632161820904,9.765625e-05
10101100111100111010,25.368444011444677,9.765625e-05
10100001111000000000,18.45528938341053,9.765625e-05
11111111111100111101,21.984356791691752,9.765625e-05
11111011011010110111,26.68949803465162,9.765625e-05
11110110010100101101,18.30325786664669,9.765625e-05
01111110000111110101,20.982426494313344,9.765625e-05
10111101111111000011,11.349710886264845,9.765625e-05
00010000111100001010,41.210014048437706,9.765625e-05
10000100100101000000,18.006269669725654,9.765625e-05
11011111111110110111,16.32673230611448,9.765625e-05
00000000001000000010,34.847907177630404,9.765625e-05
00000010101010101000,40.08426246929079,9.765625e-05
01100001100010111001,30.54329273136337,9.765625e-05
01101010010011000110,34.97981224197903,9.765625e-05
01001101101011110100,20.273807149427757,9.765625e-05
00101000000000001000,30.73537316773854,9.765625e-05
10111111000111010101,36.918788812196354,9.765625e-05
01010100110110100011,31.01310150474397,9.765625e-05
11110110111100111000,11.480692133815424,9.765625e-05
01101010100001000011,33.531139710581215,9.765625e-05
00111000001001100111,23.35879055430323,9.765625e-05
01010100000111010001,16.948209268361687,9.765625e-05
11100001100011000000,14.245750373852413,9.765625e-05
10010101101111010001,21.956014259447954,9.765625e-05
01111110111010110101,14.202844287855301,9.765625e-05
10101110000011011110,45.2825248125245,9.765625e-05
00100110100001100011,25.377437130764687,9.765625e-05
10100000100000100001,28.65473623617997,9.765625e-05
00100111000011000011,17.77712723666289,9.765625e-05
11111100110111100000,9.99778653596284,9.765625e-05
00001011001110110000,23.486364251416997,9.765625e-05
01011110110110100010,13.565661461706833,9.765625e-05
11011111101110110010,25.75607197787651,9.765625e-05
01111010010110101100,23.496983790235312,9.765625e-05
11000111010001010100,10.558207184478427,9.765625e-05
01000101011101010100,17.223578076398564,0.0001953125
10001110101111111010,26.505446741215767,9.765625e-05
10101010101001100110,49.62460019313002,9.765625e-05
01010111000100000100,21.817921024601603,9.765625e-05
01111001100110010110,15.622654691702568,9.765625e-05
10010111011111000011,17.349710886264845,9.765625e-05
01011001001100000010,18.872109392902246,9.765625e-05
00011010110010000100,23.591318749973606,9.765625e-05
10100100100001010010,19.05513935514494,9.765625e-05
01110110111000000101,12.729642552520772,9.765625e-05
00101100000101111101,31.870175563953037,9.765625e-05
11011001010111100100,11.182637499947218,9.765625e-05
00010111010111001001,10.708432816012797,9.765625e-05
11110100110101100000,6.181228430541957,9.765625e-05
10000000000010000100,30.31826374999472,9.765625e-05
00110110001110110001,16.40976832149787,9.765625e-05
01001111010100001100,15.297951579824833,9.765625e-05
10100000001110000000,33.399137833782554,9.765625e-05
11010010000000000010,17.821627240013484,9.765625e-05
00110011111100001000,13.337265354973763,9.765625e-05
00011010100011001101,28.92756565803117,9.765625e-05
00101011100001010100,32.792712856440076,9.765625e-05
00001010100000001100,34.272506259434046,9.765625e-05
10000010000110101110,40.067964658404755,9.765625e-05
01111100011001010111,7.490042132299266,9.765625e-05
00010000011000000110,30.863516865535683,9.765625e-05
01001101110011010111,15.977634284786152,9.765625e-05
11110001010111100100,12.853363490268453,9.765625e-05
11100111111100111001,17.705535495396408,9.765625e-05
01100101010111111100,20.73711275737948,9.765625e-05
11111100110000101101,12.980885654940629,9.765625e-05
01110001011110110101,19.264832129230115,9.765625e-05
10111010010010101110,40.339535956591824,9.765625e-05
11111110101110010011,20.961364895556944,9.765625e-05
11001000010000000101,23.56814122321132,9.765625e-05
01111011110110101110,17.014857843563483,9.765625e-05
01111111111110011111,14.912600886666723,9.765625e-05
00010111111101101000,21.849095316703966,9.765625e-05
11001100100000101011,14.467555242240037,9.765625e-05
01110011001100010110,16.087442211348502,9.765625e-05
10000001100010100000,23.029794378774994,9.765625e-05
00100011011010010100,26.098019093053725,9.765625e-05
11001010011001001000,29.991526552274145,9.765625e-05
10011000001000100100,20.215637147319985,9.765625e-05
00000001000000010000,21.164632161820904,9.765625e-05
01111110101101100111,17.675995225169302,9.765625e-05
11001001100010100000,14.280690298907796,0.0001953125
00011010001001110000,26.891736150113914,9.765625e-05
00000110110000010000,22.237036242326486,9.765625e-05
11101010001010010110,38.414545326976004,9.765625e-05
10001101100000100100,14.951701235189025,9.765625e-05
11101000110000100011,23.49890087000595,9.765625e-05
10101000001000101010,31.44968400229961,9.765625e-05
00101000001011001011,37.09101966108273,9.765625e-05
11101011101000001110,26.201348826458045,9.765625e-05
10111010111000001010,31.496983790235316,9.765625e-05
10010010001111000001,27.647322161850017,9.765625e-05
10000001101010010001,32.22793337637612,9.765625e-05
01110011110111001101,13.513089777158713,9.765625e-05
10110111101011101001,20.83738724800221,9.765625e-05
01010100010001100001,17.159544389575462,9.765625e-05
00010111111000010101,20.184029037084986,9.765625e-05
10001101000101010000,14.6365427040385,9.765625e-05
00101000100000110110,35.22357807639857,9.765625e-05
10101011000111011001,53.19252913800626,9.765625e-05
00111110101011000001,16.00237627814712,9.765625e-05
00001100000011000001,16.914991840833565,9.765625e-05
01110111000000011110,28.64566605787831,9.765625e-05
01101101110001000110,11.394772847768039,9.765625e-05
11101111110111111100,22.20099466815657,9.765625e-05
00110000011100001000,20.304410313781755,9.765625e-05
10000010110110001001,42.11623127368786,9.765625e-05
00011101010011101001,16.888226269214975,9.765625e-05
00110010000100010000,23.04580631297973,9.765625e-05
11111101111100100100,14.632531876325455,9.765625e-05
11000111100100111100,12.270924923643934,9.765625e-05
11001010111010101110,24.494458650755377,9.765625e-05
01100110100110000011,18.730328101274033,0.0001953125
11111110010110101011,24.746003742581056,9.765625e-05
11110001111101100101,10.831614699252597,9.765625e-05
11001111110111011011,15.878246128925381,9.765625e-05
00100110110001000001,24.929979086528753,9.765625e-05
10001100111101010101,33.754104943679444,9.765625e-05
01100001000100101000,21.389466560946182,9.765625e-05
00001000000011000011,34.864091514015044,9.765625e-05
10010011101100000011,21.310660611433498,9.765625e-05
10101000000001001011,45.28216784623346,9.765625e-05
00000100010110111101,45.23203904093773,9.765625e-05
00101101001000000010,14.14020184390272,9.765625e-05
11011111011110101000,20.046483084781165,9.765625e-05
10000011000111101000,21.64087311393005,9.765625e-05
11000101001111000101,18.18402903708499,9.765625e-05
10101000100010100011,33.82998368166713,9.765625e-05
10001000100010100000,26.14456058832388,9.765625e-05
10100101100100000011,16.36026276912067,9.765625e-05
11010011110101001000,9.431992874974565,9.765625e-05
10100100011011001111,34.74069373868451,9.765625e-05
00100000000000001111,36.700088770418645,9.765625e-05
00101011010000011100,39.39517853851111,9.765625e-05
01100010100100001100,23.828397562285986,9.765625e-05
00111101101011000110,15.800106649610997,9.765625e-05
01001111001010110110,16.358415135863225,9.765625e-05
01110110001101101100,19.394772847768035,9.765625e-05
01011000111010101000,24.006906271104636,9.765625e-05
11001110101000100000,18.12131113919758,9.765625e-05
11110000011100100010,10.962663701142336,9.765625e-05
10100111000000000110,29.910386992567247,9.765625e-05
11010011010111011010,15.116766883752138,9.765625e-05
11010111011101010101,12.443625871135964,9.765625e-05
01111110011010010110,15.46465811751424,9.765625e-05
01101000011000100010,17.34180366309312,9.765625e-05
01001110101101110000,16.928179247002042,9.765625e-05
01111011101000011100,22.54661259027807,9.765625e-05
01110101000000001001,31.16128291270006,9.765625e-05
11001011101001111110,18.917512725161448,9.765625e-05
01101110111111101111,24.855521460979215,9.765625e-05
11010110011110011100,12.075210928641965,9.765625e-05
10011101100101100101,11.697528124094434,9.765625e-05
10010101110111000011,18.8363652695152,9.765625e-05
01100111011111001000,15.699731902094635,9.765625e-05
00101000100110000010,31.02495968638912,9.765625e-05
11110111000100000101,31.276724849170208,9.765625e-05
11010010011101010101,24.09609150569787,9.765625e-05
10100000000000111111,42.42361623969874,9.765625e-05
01010011100111111011,30.216073638351993,9.765625e-05
01001001100011001000,22.09246596796565,9.765625e-05
11001110101110111000,14.184923942068377,9.765625e-05
00100011001010010011,26.197945579841132,9.765625e-05
01111100011100000011,4.844154947789029,9.765625e-05
00111010101110111110,30.707870857860193,9.765625e-05
10100101111101010100,18.2479987082798,9.765625e-05
01001010001010110000,19.704279896250945,9.765625e-05
10111000100011100001,24.608152170923923,9.765625e-05
11010111100011111001,22.59326807723913,9.765625e-05
00000101101111000000,31.358689340066277,9.765625e-05
01000101010001011101,17.871385872250247,9.765625e-05
00101001001010011001,27.645597776258132,9.765625e-05
01011100010000001000,13.136129710583916,9.765625e-05
01010010110010000000,13.385284397569588,9.765625e-05
10010101011011000011,23.07882407031468,9.765625e-05
00011111011100101001,14.039795241125745,9.765625e-05
10011011010101011000,30.091489367454095,9.765625e-05
01110111010000000110,23.257491424470132,9.765625e-05
11110011111111101010,16.30945843279426,9.765625e-05
01001111010011000011,14.2696243387573,9.765625e-05
00001011000011111010,24.090239286320728,9.765625e-05
10011101010011011001,15.463691203039625,9.765625e-05
00001011000100100101,27.730569607032024,9.765625e-05
00010001000000110100,23.977420036201607,9.765625e-05
11100001100000001100,11.50110538242722,9.765625e-05
11010000101110001000,22.501046873971205,9.765625e-05
01111100010110000010,8.16301000831448,9.765625e-05
11000010001000000010,21.422077473894515,9.765625e-05
01100110100010010000,14.899405926789118,9.765625e-05
11111110100111111001,22.140782744815247,9.765625e-05
10001000000010101000,27.164632161820904,9.765625e-05
00010101110111101100,34.985414091519154,9.765625e-05
00010100110101101010,33.754708737396875,9.765625e-05
01111001010001010100,14.1849319359313,9.765625e-05
11110101010111110100,13.710521231446986,9.765625e-05
01001010001111000000,24.471294341600853,9.765625e-05
11010011100000001001,17.157447931610516,9.765625e-05
00001010001000001000,29.161821869240917,9.765625e-05
10110011110101010001,25.075040621666744,9.765625e-05
10100000001100011000,36.58640222626451,9.765625e-05
00100010000010010011,38.02645317218491,9.765625e-05
00010000010101010011,36.82326117476155,9.765625e-05
01000000010011010000,29.121309359896344,0.0001953125
10000001001000100011,27.677316210818177,9.765625e-05
00001011110000001011,27.64087311393005,9.765625e-05
00000101100100001100,26.854500918858335,9.765625e-05
11001101010011111001,11.83943924791665,9.765625e-05
00111010101110101110,26.689662121669667,9.765625e-05
00110010000110010010,23.64858473700989,9.765625e-05
00100110011001000010,25.0504050067799,9.765625e-05
10000110000111100001,24.442431490469048,9.765625e-05
00111101001110100101,14.200994668156572,9.765625e-05
11011000100000111010,15.306382457564798,9.765625e-05
00100001000110000000,21.03220595662633,9.765625e-05
00100010000110101100,41.04880222534739,9.765625e-05
01010001010001000001,15.642315067284237,9.765625e-05
11010011010100110000,12.74507212781067,9.765625e-05
10100110101011101100,28.76404531113289,9.765625e-05
00101000000010101000,31.57570906206833,9.765625e-05
01111110111110101010,13.820475859394769,0.0001953125
10010110001001100010,23.160867448792832,9.765625e-05
01110110010111000001,11.606286623594885,9.765625e-05
11111110111110111100,17.29944433119956,9.765625e-05
00110010001010000000,17.43199287497456,9.765625e-05
10011000011001100001,23.77325210134274,9.765625e-05
00000001010000001011,32.338566234127654,9.765625e-05
01110111110000100101,21.349966344051666,9.765625e-05
10111111010101101100,34.15614631803556,9.765625e-05
11111111000111000110,39.49427393964319,9.765625e-05
00101101100101111001,19.48257735832545,9.765625e-05
10100101000110001011,22.727338430499735,9.765625e-05
11010011100011100001,18.768757577401477,9.765625e-05
11010110001101001001,14.316699370523239,9.765625e-05
00000000000001010010,38.897124045336746,9.765625e-05
00110101000101010000,10.83286496588983,0.0001953125
10001101111010001110,22.37875467196995,9.765625e-05
10010010010000001100,22.75098285564382,9.765625e-05
00111000001001011011,25.576826209499185,9.765625e-05
10000011000110011010,26.193362813671264,9.765625e-05
11000111010100011110,13.724046857446803,9.765625e-05
00010001000011001000,25.217147578594584,9.765625e-05
00000001001100000101,30.55372311882321,9.765625e-05
10010101110111001001,16.960571841264546,9.765625e-05
10001000000010100000,25.904983071747093,9.765625e-05
11001000011010101110,22.115697737192075,9.765625e-05
10010111010100001000,13.82162724001348,9.765625e-05
01101001001000000110,13.157450641633055,9.765625e-05
11010011100000001000,16.729152320431947,9.765625e-05
10100010000110001000,40.49351890591736,9.765625e-05
11010111001011000011,30.787981316064602,9.765625e-05
00000000010101011000,52.9539121963437,9.765625e-05
00101000000010110010,31.93912306446269,9.765625e-05
11011011010100101000,19.30042093171112,9.765625e-05
11101111001111101110,24.991208085911175,9.765625e-05
01110010100000000000,13.46848478344193,9.765625e-05
01000111101010000000,26.829045912430598,9.765625e-05
11100000100010001100,18.612591593024753,9.765625e-05
10111110101010011110,28.043778468730245,9.765625e-05
00001011110010100000,20.962663701142333,9.765625e-05
10101010011101101100,69.01220464035096,9.765625e-05
10111111110101111110,26.269624338757303,9.765625e-05
10101110111110100000,33.60803056676456,9.765625e-05
10000100011100000000,22.24897530879136,9.765625e-05
11101010110010101001,35.51519252642584,9.765625e-05
00101100011000100010,17.432422721382576,9.765625e-05
10001101101000000001,16.897158708586915,9.765625e-05
10001010101100101000,36.39354213870859,9.765625e-05
10111110011011110000,31.42805429092446,9.765625e-05
11010111010011001011,20.349788853921975,9.765625e-05
11010110110010010000,11.233573420737216,9.765625e-05
00101001111000100010,20.252723370607885,9.765625e-05
00100111000001101000,18.905317857974648,9.765625e-05
00001100001010001111,26.80238683929899,9.765625e-05
10100001000001011110,26.798275667565107,9.765625e-05
10001100100010011100,22.59012092486309,9.765625e-05
00011000110011010001,30.98348650416329,9.765625e-05
00000011111010010000,28.56088871138076,9.765625e-05
01011110011100010001,9.664798317009271,0.0001953125
00100110001001010001,23.844142464602328,9.765625e-05
11111011111100101111,21.498476541610046,9.765625e-05
00001111100000100100,18.041112782331005,9.765625e-05
00001110101110101011,26.277432687159976,9.765625e-05
11001101110011010110,10.731549946254448,9.765625e-05
01111111010111010100,19.909069451361987,0.0001953125
01111001011110010011,12.848731472365547,9.765625e-05
01010001111010010001,33.071424035550415,9.765625e-05
01100010101110010010,26.05328809194002,9.765625e-05
00100111101010001101,21.103240963485053,9.765625e-05
11110110100101000101,18.04072478232764,9.765625e-05
10011111111001101101,17.547298139031334,9.765625e-05
11111011011010001001,29.6857870356487,9.765625e-05
00001101000010110010,17.690484234072926,9.765625e-05
10010111011100000100,16.980885654940625,9.765625e-05
10000100111000000100,26.488559066961493,9.765625e-05
01000010111001010000,28.897124045336746,9.765625e-05
10010011100000001000,14.422727292881255,9.765625e-05
11001101101101111111,14.776414234845591,9.765625e-05
01001111011101111110,14.076822672530188,9.765625e-05
01101010011010100011,28.512316760215242,9.765625e-05
01100000110000101001,28.322619049972282,9.765625e-05
01110110011001010101,12.887028444104462,9.765625e-05
01011111011110000000,17.01887655637607,9.765625e-05
11000011000110011000,14.638094687450486,9.765625e-05
00100001100011110101,34.555736189085955,9.765625e-05
10001011111001101000,25.907076819689504,9.765625e-05
10010011110011001000,13.704341016352824,9.765625e-05
11001100000100011101,14.464089623501023,9.765625e-05
11111010111010011100,24.139174445370628,9.765625e-05
11101111111111101100,19.710521231446982,9.765625e-05
11101010101011101010,29.509448693600312,9.765625e-05
11111011111010001101,22.4498517188555,9.765625e-05
01101111101111011111,16.137733656499808,9.765625e-05
11101001111000101010,14.916906210581661,9.765625e-05
10000010101000001001,32.27686155941161,9.765625e-05
11110011011111011000,17.60628662359489,9.765625e-05
01101100100101001110,17.516098135294687,9.765625e-05
10001110000010000001,27.761431244302457,9.765625e-05
10011101110100011100,15.422077473894513,9.765625e-05
00110001101010001000,24.853373176305404,9.765625e-05
10011010100010000000,24.469444721902118,9.765625e-05
11111100110011010101,12.88702844410446,9.765625e-05
01001111010111011100,10.554082795136782,9.765625e-05
01100111000011111110,19.997609045833144,9.765625e-05
00001100010000111010,24.153952138945105,9.765625e-05
01001010001010001101,23.803353753773596,9.765625e-05
10000111000101101111,19.490042132299266,9.765625e-05
00111101111100000000,9.691773440748571,9.765625e-05
01110001011100000110,10.798275667565111,9.765625e-05
11100001000010001010,19.41378413878404,9.765625e-05
01010111010111000100,12.822108520486424,9.765625e-05
10000001001110101100,31.07555186933567,9.765625e-05
00000010000000000101,32.45528938341053,9.765625e-05
01010101101011100101,48.13954828085309,9.765625e-05
10000111100111000101,15.978543425225812,9.765625e-05
00101100111000010010,18.31886402298116,9.765625e-05
01011110111101011001,13.009358960939547,9.765625e-05
00000000100000100000,35.95423626784598,0.0001953125
10101010100011100001,51.75627872200766,9.765625e-05
00000101010001000100,16.91057876682106,9.765625e-05
11011100011100001000,8.854500918858335,9.765625e-05
10001101100001011010,16.055203370773235,9.765625e-05
10001010100001011001,47.44181873429591,9.765625e-05
10011000001001100000,19.87659152078401,9.765625e-05
01101000011000101110,22.82563806772653,9.765625e-05
00100011000011111010,27.772399042763997,9.765625e-05
10100001010001001010,24.735205363645804,9.765625e-05
10111101111101001011,11.857455289928422,9.765625e-05
01101010110100000000,33.21610787153985,9.765625e-05
11111110111010011111,19.304034073383843,9.765625e-05
01011001010101011100,15.536400619427626,9.765625e-05
00110101010010111111,26.20642526916033,9.765625e-05
01111110000110100001,21.736342155781635,9.765625e-05
10000010010010100001,37.914991840833565,9.765625e-05
11011100110100101100,8.544363434302417,9.765625e-05
01100011000010100011,23.368000300135034,9.765625e-05
11001101010001101011,14.039795241125745,9.765625e-05
01010110111100000101,15.62492592977467,9.765625e-05
00000000101100001100,51.0,0.0001953125
01101101001011010111,12.517638974667403,9.765625e-05
10101010101010100100,43.540293374552114,9.765625e-05
10110000110100100010,18.58287465462588,0.0001953125
00000100010001100000,26.20757311820824,9.765625e-05
01001111011011010011,12.455573900056534,9.765625e-05
10100011011000100000,28.762327167134355,9.765625e-05
00101100010011101100,29.84911124433427,9.765625e-05
11101111101101011110,22.91565966101911,9.765625e-05
00110000111011000000,25.213870289665778,9.765625e-05
01101001001010110100,15.896840878677988,9.765625e-05
10111101111011000100,16.114031027258463,9.765625e-05
10110101100101101000,13.693620350424764,9.765625e-05
01010110010101000000,9.757596263212918,9.765625e-05
10001001100010011011,28.80018306129879,9.765625e-05
10110010101100111011,29.088318674979288,9.765625e-05
01001000010000000100,17.783298107906877,9.765625e-05
00001100001001000010,16.75007995679751,9.765625e-05
11010010000011001000,15.466223231406783,0.0001953125
01011100011110000100,10.188156870870246,9.765625e-05
01000111010101010100,8.916906210581661,9.765625e-05
10111011001011000110,33.670278561980375,9.765625e-05
00010100000000110101,22.580433724396414,9.765625e-05
11111110110111111000,20.20099466815657,9.765625e-05
01000111011001001110,17.884227837561426,9.765625e-05
11100010000100010011,37.87586443073318,9.765625e-05
10010011100101100000,15.213434387168288,9.765625e-05
00001010000010101100,32.512696532183966,0.0001953125
01111001111001011000,15.228832830778826,9.765625e-05
01011111101110101011,30.401379290162545,9.765625e-05
11011100100101110001,7.490378610700853,9.765625e-05
10001000001000110000,29.60826118313321,0.0001953125
01111001110110000111,12.585202844775011,9.765625e-05
11100010000100001010,29.889608560469604,9.765625e-05
00110011001100110000,18.844154947789022,9.765625e-05
11011101100001100100,21.875228563775273,0.0001953125
00110000001001010001,22.228761839136116,9.765625e-05
00110010110010000110,22.84095471743222,9.765625e-05
10100000000000101010,29.57570906206833,9.765625e-05
11011101010110100000,16.501782154228657,9.765625e-05
01001111011101101100,13.480692133815424,9.765625e-05
01110100010000010111,9.332656240715572,0.0001953125
10011100010100110010,12.97113268657608,9.765625e-05
10110000101100001001,18.096172183377533,9.765625e-05
10100000001001001000,31.656592831893118,9.765625e-05
10000111000110100000,16.745072127810666,9.765625e-05
01110110011111100010,16.23436305222218,9.765625e-05
11101111001110010111,30.982454915970166,9.765625e-05
00010101111101001001,28.281746227860094,9.765625e-05
00110110101001010011,16.317167433388413,9.765625e-05
11110110101110101000,18.254524989435833,9.765625e-05
01001011000010111000,16.745072127810666,9.765625e-05
01110111101010010001,26.973564017895796,9.765625e-05
10111111010001110011,36.069293322761425,9.765625e-05
00100010110101001111,56.811183449442005,9.765625e-05
11011111101011110101,21.665729931779666,9.765625e-05
11001111010001110100,17.847905512488033,9.765625e-05
00100100000000110110,24.671948705517764,9.765625e-05
11011101100001001101,22.276255142798846,9.765625e-05
11010110010111010100,12.128536258059645,9.765625e-05
11001101100101101101,12.497288402536476,9.765625e-05
01111001101000010101,16.071495027193127,9.765625e-05
11010010010000000010,14.469444721902121,9.765625e-05
01010100011100100000,20.36503344587825,9.765625e-05
00011011100010000110,18.600727256913462,9.765625e-05
00001110000100111010,23.491348969619064,9.765625e-05
00010000111011000000,39.056873426773784,9.765625e-05
11011000010101111100,19.121215257468858,9.765625e-05
10000010110111001100,48.791603751539995,9.765625e-05
00001011001110110110,26.88332765957748,9.765625e-05
00000100010011000000,26.322619049972282,9.765625e-05
01100111010110011100,15.251335365040912,9.765625e-05
01010001110111000101,25.144504702353558,9.765625e-05
11100010000100001100,31.237127634731436,9.765625e-05
10101111100001101000,29.6830531547565,9.765625e-05
00010000010100111000,33.3364662445919,9.765625e-05
10001001100101101100,24.36456998110024,9.765625e-05
10001001001011111110,28.090242730764334,9.765625e-05
11111011111101111110,21.986074935690286,9.765625e-05
00001001000001101111,28.330635285353292,9.765625e-05
00111000011111110000,28.819281478727863,9.765625e-05
11001010111111001110,35.38712433123137,9.765625e-05
01110100010000010101,7.8052681235216905,9.765625e-05
10111110101111010010,25.03785525771039,9.765625e-05
10010101010111010100,15.295609350110015,9.765625e-05
10010111011001100011,20.223760262582438,9.765625e-05
00110000000100000101,19.38528439756959,9.765625e-05
11101111110111111010,21.64463991136644,9.765625e-05
10001010001100000010,42.65290806212364,9.765625e-05
01010100010100100000,15.320178119742817,9.765625e-05
10100101001000000001,18.71656967657368,9.765625e-05
10011001110000000010,15.897743777524296,9.765625e-05
11111011101111110100,24.45086245533622,9.765625e-05
11010011011101001000,12.230689426491978,9.765625e-05
00001110100011100000,19.340538377910697,9.765625e-05
11101110111011011000,24.056090341989243,9.765625e-05
10011011010101110000,29.42694518602437,9.765625e-05
10001100000110101000,17.527108394978733,9.765625e-05
11101111111010010110,22.625830902189477,9.765625e-05
11011100011110100110,10.392928658954204,9.765625e-05
01110100011110111000,18.459602113402198,9.765625e-05
00010001000101000010,20.098019093053725,9.765625e-05
00000100011100101110,45.11227468843895,9.765625e-05
11110001101100000101,12.139174445370628,9.765625e-05
01100101010000010001,14.041719296910795,9.765625e-05
11110000010111101101,21.233925935532497,9.765625e-05
10101010101100101000,45.023241542390586,9.765625e-05
11110101110101000101,8.265147249116502,9.765625e-05
11000011100000101000,12.741649079057543,9.765625e-05
01101001110010001001,22.002395650221036,9.765625e-05
00010111110111001001,14.402007788462107,9.765625e-05
11101010101011001100,33.94253788518118,9.765625e-05
10100111001010010010,26.54736215465963,9.765625e-05
10010101111101101000,20.955424406919537,9.765625e-05
10011010100000010001,32.02759684236814,9.765625e-05
10001101101000011000,17.756024613459765,9.765625e-05
01100010100111100000,28.585617487133963,9.765625e-05
11000010110000001101,21.656592831893118,9.765625e-05
00001111011111011100,17.596063078642864,9.765625e-05
10111010101011011011,36.883073746920175,9.765625e-05
11100001000000000000,14.871502878322456,9.765625e-05
01000110001010001000,19.29683278888779,9.765625e-05
10101111111111111110,27.30215801846958,9.765625e-05
00101100011001000011,20.61894494471988,9.765625e-05
00010000010011001000,30.79908717400647,9.765625e-05
10001000001100000011,36.7528902493775,9.765625e-05
01010001001100011101,27.13481216937865,9.765625e-05
01011111101100100110,27.847075281266633,9.765625e-05
01101110100011010001,21.253333416758473,9.765625e-05
00111000011010011001,25.107446237646425,9.765625e-05
01001110000110000100,14.778933121892361,9.765625e-05
10100010101001100000,36.69547965616046,9.765625e-05
11100000100000110101,20.611789038199284,9.765625e-05
01001111101111110100,13.474762681202225,9.765625e-05
00000110110000101100,30.049216867706342,9.765625e-05
11001101110100100110,11.62591149274194,9.765625e-05
10010011001001000110,21.768429767188334,9.765625e-05
01100010101100110000,26.31886402298116,9.765625e-05
10001011111110101000,26.78423587714341,9.765625e-05
11010111100100010010,24.454723050093016,9.765625e-05
00000000101010001001,52.41413403109363,9.765625e-05
01011011110111101100,15.587126900560058,9.765625e-05
01011011110000011100,16.0009509868443,9.765625e-05
10000000000000100001,28.411693100864166,9.765625e-05
01100011000010001100,16.08172546103236,9.765625e-05
01011011010000111000,17.409248726191095,9.765625e-05
01010100110001110000,22.37631374174049,9.765625e-05
10001011000011101110,25.876360904415357,9.765625e-05
00000010101000000011,38.2460843385317,9.765625e-05
01110011011100010000,12.241141259594222,9.765625e-05
01000000011000000000,22.488559066961493,9.765625e-05
10000110010110000011,29.38532624397423,9.765625e-05
11011011111110101110,15.136951208169313,9.765625e-05
11010101010000010011,19.72410118703815,9.765625e-05
00011000110010101001,28.850000925572814,9.765625e-05
01001001011010111010,23.872985856533024,9.765625e-05
00000000100000101001,44.93571594333987,9.765625e-05
10110101110100000011,11.045390936199713,9.765625e-05
11111011111011010011,24.58458247613342,9.765625e-05
00110111111101010011,11.77429050886737,9.765625e-05
10000011111000101100,24.03727780124147,9.765625e-05
11101010101001101100,34.56569060694491,9.765625e-05
11001011101011101110,17.136951208169307,9.765625e-05
01010100010001100000,17.97742003620161,9.765625e-05
10011101001000110000,20.097192409594964,9.765625e-05
01111110010110011000,17.70397257392724,9.765625e-05
01111011110000001101,21.57785860844421,9.765625e-05
10000111000010101100,17.711838772652243,9.765625e-05
11101010011101001111,54.97483720981394,9.765625e-05
01101101100100110111,15.393547656720688,9.765625e-05
00011011010010110010,18.250516148164074,9.765625e-05
10111111110010100101,29.11318943401791,9.765625e-05
11101011010000100010,36.969376522010975,9.765625e-05
11110110110010101010,17.599056280987973,9.765625e-05
00001010101000001001,34.65473623617997,9.765625e-05
00101011111010101100,27.098972789920566,9.765625e-05
00110010001110000110,23.493934701919876,9.765625e-05
01110100001001010000,12.762327167134352,9.765625e-05
01111000111010000011,10.911695914251913,9.765625e-05
01001011001000011100,16.32364373848183,9.765625e-05
00011110111100001011,16.61894494471988,9.765625e-05
10011100010011101011,15.271419628864697,9.765625e-05
10101110101110100011,30.60766048083279,9.765625e-05
01010100111101110000,27.132050612090516,9.765625e-05
01000011000001001100,12.116302265330567,9.765625e-05
10001000100000100010,26.46408962350102,0.00029296875
01001011100101001000,19.757596263212918,9.765625e-05
11011100111111011100,12.358689340066277,9.765625e-05
10110110110100010000,19.184097231577958,9.765625e-05
01001111110010011010,16.20180617459793,9.765625e-05
01001010000011101100,24.453085605410326,9.765625e-05
10111011101010111000,27.221066241653595,9.765625e-05
01110111101011001001,27.737003548869964,9.765625e-05
01000101111010000101,34.022865938446714,9.765625e-05
00010000101101001000,38.00209374794241,9.765625e-05
10000000000100000100,32.0,9.765625e-05
00011110011110100011,13.186530462211762,9.765625e-05
11101111001001001010,34.52756226084699,9.765625e-05
11001011101110100011,23.29913546374634,9.765625e-05
00010101010100011110,24.69547965616045,9.765625e-05
01101010110100001000,33.52809571021557,9.765625e-05
11000101101001100110,24.46667347857703,9.765625e-05
00000100111011000010,44.02087433546255,9.765625e-05
01000100000010000000,19.56814122321132,9.765625e-05
10100101100100100000,14.928514022389784,0.0001953125
11111100101111000001,11.710521231446979,9.765625e-05
11001101110000100000,12.533695894613317,9.765625e-05
11111011110010001101,26.337311467370284,9.765625e-05
10100001001100101000,23.211038736947256,9.765625e-05
00001001010100000000,21.74189591732376,9.765625e-05
00000001011100110100,40.05111875426774,9.765625e-05
00110000001000000010,15.448354701488896,9.765625e-05
10000010110000101010,35.309472472359936,9.765625e-05
01111110111101110010,13.40982609553281,9.765625e-05
11101010101110101000,30.22543122766811,9.765625e-05
11111000011000101010,12.832874651926787,9.765625e-05
01111101111101110111,9.306882680797667,0.0001953125
11001100001011110100,11.628721785321925,9.765625e-05
01010110010001110000,13.586709635715415,9.765625e-05
00110110001100101001,15.997786535962844,9.765625e-05
10111010001011110110,43.69040364352047,9.765625e-05
00111110000100011101,28.080980680241844,9.765625e-05
10001010101010100110,36.967677048141276,9.765625e-05
11100000111001001110,24.680919361346863,9.765625e-05
01100101010110010001,16.556513021480782,9.765625e-05
11011100011110110111,8.946060467246687,9.765625e-05
00001001000101000000,19.757843101479136,9.765625e-05
11001110111101101111,23.53867113391848,9.765625e-05
10100101100100000010,15.233573420737216,9.765625e-05
10011001111000000100,16.19087379544381,9.765625e-05
10010101110001110010,20.518950274279316,9.765625e-05
00100110101100110001,26.309786781537873,9.765625e-05
00100011101001110001,28.421331784018864,9.765625e-05
11110001011101101100,11.88317379667375,9.765625e-05
10100001101011000111,28.257687796811098,9.765625e-05
01110111100110000011,25.0938522208534,9.765625e-05
00011000001111000101,28.32961683843709,9.765625e-05
11001111010111010000,17.93860274557467,9.765625e-05
10111111011111100110,25.737112120925445,9.765625e-05
11111101000100110101,24.599938964575927,9.765625e-05
01010101101100101101,45.6808794635555,9.765625e-05
00110111101010000000,21.822108520486417,9.765625e-05
10010101011100000101,15.091807197363014,9.765625e-05
11011111111000111010,23.989091140056786,9.765625e-05
10001010100000000001,39.76734123771455,9.765625e-05
10110011000100111101,27.795513462983106,9.765625e-05
01000110111010010100,20.917095274812933,9.765625e-05
11000111010101110011,16.326741992151433,9.765625e-05
00110000010100100000,18.87892155073957,9.765625e-05
01111001011001101000,15.702954127011036,9.765625e-05
01011100011010001010,18.33299718140928,9.765625e-05
10010111011010010100,20.661963134343267,9.765625e-05
00000001010011000001,30.345015282047626,9.765625e-05
00111000110100001010,21.183980949087,9.765625e-05
00001011100110101001,26.618944944719875,9.765625e-05
01100010110100000101,30.226025982642444,9.765625e-05
10000000100000100000,26.158356250501903,9.765625e-05
11001110000001001010,23.758620951722474,9.765625e-05
00001011010110011100,30.666970963330115,9.765625e-05
01010011010100010101,11.249851859549342,9.765625e-05
11101111010111101110,27.89963533075487,9.765625e-05
00101000001000100001,29.954199939453435,9.765625e-05
01111011111011110010,16.23907802851331,9.765625e-05
11001101111110110100,12.00659022049694,9.765625e-05
10100101101101000010,14.48724152575623,9.765625e-05
01010100110100000001,15.422077473894513,0.0001953125
01010001010011010100,18.322204407613324,9.765625e-05
01110011111000000001,12.822108520486417,9.765625e-05
00110011100010000100,14.810417026708828,9.765625e-05
11101000100101100010,25.49890087000595,9.765625e-05
10001100011101100000,22.29781211026171,9.765625e-05
00000110110100000000,22.386000942207165,9.765625e-05
10000011001010000000,19.75759626321292,9.765625e-05
11011000000011110000,15.480692133815424,9.765625e-05
10101000001000000101,41.991526552274145,9.765625e-05
01000101110001011111,28.099926486787407,9.765625e-05
10100110101001011000,24.877672204027274,9.765625e-05
00110110001001010001,15.599830599660502,9.765625e-05
10001001010011001001,28.253500300926277,9.765625e-05
11111110011111101000,22.777368742420883,9.765625e-05
00000100010110011101,40.41795028740312,9.765625e-05
11110001110111010000,11.494651246557456,9.765625e-05
10000010000000001000,26.73537316773854,0.0001953125
11011001110010111100,13.825333455425362,9.765625e-05
10011101011010111001,17.59423490458653,9.765625e-05
00000100000110011100,32.68821716402567,9.765625e-05
00100010101000010100,35.399137833782554,9.765625e-05
11010000101110000100,20.876105016566232,9.765625e-05
00110110100110001001,13.109822221526287,9.765625e-05
10100100001110011100,28.436078138773926,9.765625e-05
11100000100110011000,22.133424076684484,9.765625e-05
10010011100000110111,23.73620714851063,9.765625e-05
11100101111101110000,11.348073332818771,9.765625e-05
01010101100000110101,36.222743459172435,9.765625e-05
01011100010110000101,8.181228430541958,9.765625e-05
11010111010111011001,11.1962115082123,9.765625e-05
10001000101000100101,34.315067149585396,9.765625e-05
10111111101111111110,21.416616171273695,9.765625e-05
10011001001001000001,18.208911283097986,9.765625e-05
10101010110101100100,69.01220464035096,9.765625e-05
10000110001100010101,29.263429017990767,9.765625e-05
00001011011001001010,24.42417122183692,9.765625e-05
11001101110001110101,8.5963383385659,9.765625e-05
00001111000011000011,14.2696243387573,9.765625e-05
11001001000010101100,13.900005329559445,9.765625e-05
00000110111110000000,28.712975292157005,9.765625e-05
00111010101110101100,27.098972789920563,9.765625e-05
01111101101000010101,20.874026559800086,9.765625e-05
00000100001101000100,28.537775934667835,9.765625e-05
00100110100000100101,26.181228430541957,9.765625e-05
11111011110011101010,22.84115821346346,9.765625e-05
01011111000111010000,18.204835890839462,9.765625e-05
01111101111000000101,16.379776650456968,9.765625e-05
01010011011101110110,20.561479298330244,9.765625e-05
01010010011011110001,24.021471164005384,9.765625e-05
01111011011000011101,21.72873694365192,9.765625e-05
01110111100111000010,22.75610820789238,9.765625e-05
11010010110000010000,10.78740656961822,9.765625e-05
00011010110110001110,29.215226232832077,9.765625e-05
11111000101011100000,15.46813062514046,9.765625e-05
01010011000100001001,16.84916630834668,9.765625e-05
11100000101100011001,24.13261528026566,9.765625e-05
10001100000000001000,17.692679049617418,9.765625e-05
01001010000010001111,25.228832830778828,9.765625e-05
11101110000010011001,35.88622913742236,9.765625e-05
00001110001010010101,22.566638062218395,9.765625e-05
01010000100000011000,24.854500918858335,9.765625e-05
00001001101101100110,31.03786559104121,9.765625e-05
11110100110100000110,7.092465967965651,9.765625e-05
00111000111100100000,18.417962770589824,9.765625e-05
01000110100110001000,18.686857776415767,9.765625e-05
10100001100101101110,26.06725779980413,9.765625e-05
10100000101010001011,36.37256403641778,9.765625e-05
00100011011100001111,32.60342126700249,9.765625e-05
01101001100000000101,18.000950986844302,9.765625e-05
00001001100111101000,30.91307122949212,9.765625e-05
01001001011000000000,12.544363434302417,9.765625e-05
00100011011011000000,22.050895973289794,9.765625e-05
00101000100000101001,34.65473623617997,9.765625e-05
10100001000001010100,24.80053721960026,9.765625e-05
10001001010110100010,25.39102053079946,9.765625e-05
00011111011111111000,12.51578582339786,9.765625e-05
10010111110010010010,21.071083094856704,9.765625e-05
00001000100000000100,30.181238116578914,9.765625e-05
10001111101101101110,18.917512725161448,9.765625e-05
10101001101101101001,29.165749309251755,9.765625e-05
11111011111011101110,18.628156295188866,9.765625e-05
01000001001000010100,19.65038093620241,9.765625e-05
11100111111011011001,15.952461514295866,9.765625e-05
01100110100001110001,18.917512725161448,9.765625e-05
11011001010111000100,12.439476297441038,9.765625e-05
00111000011100001010,19.84911124433427,9.765625e-05
10011111000101011100,24.22518438940189,0.0001953125
11100100100100100001,12.510502440220721,9.765625e-05
01011100110110011000,14.178385254013033,9.765625e-05
00010101100101010000,20.44967431626265,9.765625e-05
00101110110101110100,41.15839809690654,9.765625e-05
11010110010110011001,8.074915278796507,9.765625e-05
10000111010010001011,20.470879699241898,9.765625e-05
00010001000000000000,17.039536643254078,9.765625e-05
00001000000010100000,26.14456058832388,9.765625e-05
11111001101101101110,15.273340974627207,9.765625e-05
11110100100101100000,9.69177344074857,9.765625e-05
11010100110111001001,13.746790271809203,9.765625e-05
01010100011110000001,19.914991840833565,9.765625e-05
00001000001001000000,28.635878415423768,9.765625e-05
01011111110000001000,25.817921024601603,9.765625e-05
01111101111101010110,8.444284641738594,9.765625e-05
11000111000001000000,16.73292879306547,9.765625e-05
10001110010110001000,28.88590505508026,9.765625e-05
01001011001001000001,19.324182792989717,9.765625e-05
11101110101011101101,25.710521231446986,9.765625e-05
10001100010000100001,19.628021168314653,9.765625e-05
00000000100001110010,49.47162279910786,9.765625e-05
00100110011111100000,29.915871836035155,9.765625e-05
00111000100110110000,22.315742142085593,9.765625e-05
11010011111100000000,12.424583154173341,9.765625e-05
01000101010100011001,20.220445491617532,9.765625e-05
01011011011011110000,14.342991802166676,9.765625e-05
01101000001010000111,21.29560935011002,9.765625e-05
10100100111010010000,24.01148529856363,9.765625e-05
01111001100001110101,18.046588761310225,9.765625e-05
10000010101000001100,32.31826374999472,9.765625e-05
11101111100111111110,21.75252025057293,9.765625e-05
11110000011000001100,10.148922864315857,9.765625e-05
10110101001000010010,22.22299653903199,9.765625e-05
11000010011000000100,21.252440927530373,9.765625e-05
00101011011000000110,29.232667811868364,9.765625e-05
01110110011011101100,19.269512235131014,9.765625e-05
10010101001010100100,29.73009977570544,9.765625e-05
00010100110101000011,23.494031514369908,9.765625e-05
10000110000010011110,26.411278458505212,9.765625e-05
00110011001001100011,19.423081881245025,9.765625e-05
10111011001010101010,28.944490656890316,9.765625e-05
10100001001011000011,27.07280123885525,9.765625e-05
11011101011100000000,17.163395298295313,9.765625e-05
11111100100111100111,12.78195495303435,9.765625e-05
11101010100011101110,34.333844379789134,9.765625e-05
00100010100000111000,35.06893501732296,9.765625e-05
11011111000001100101,30.702083181392368,9.765625e-05
11100000110001000111,26.00418749588482,9.765625e-05
00110011100110001011,17.370189744302294,9.765625e-05
11111111111110110111,19.912774208771566,9.765625e-05
11101110001111110000,29.582671442065543,9.765625e-05
11111000001110100010,14.856694287240336,9.765625e-05
01101111111110010110,14.186729299607185,9.765625e-05
11110100111101010010,6.800183061298787,9.765625e-05
11011100011010001101,12.424583154173341,9.765625e-05
01011000101110110001,24.474143683435745,9.765625e-05
10001010011000100000,40.189054573003375,9.765625e-05
10100000100000001010,26.426686588152705,0.0001953125
01110110011000110001,13.87176147619412,9.765625e-05
11000010110001001000,19.656592831893118,9.765625e-05
11100101110100101100,13.38946656094618,9.765625e-05
01000111010010000101,13.996832839096005,9.765625e-05
10100011100010001110,23.967102301285244,9.765625e-05
00000010101000101001,40.897124045336746,9.765625e-05
10111111011011111010,26.039766183014883,9.765625e-05
10010111000000110000,22.970282130879816,9.765625e-05
10100110101000111010,25.88353618300986,9.765625e-05
11000001100000110001,17.60804025280151,9.765625e-05
01100011101010111010,24.5625608409498,9.765625e-05
00011101100101100111,16.98356374823917,9.765625e-05
01010011111101001100,17.551056610466063,9.765625e-05
01111100011100100011,5.7638811369876315,9.765625e-05
11000011000010101000,13.711838772652243,9.765625e-05
10001110111110010000,29.055502475902117,9.765625e-05
00000001000101000000,22.065164051861718,9.765625e-05
10010111110000001101,15.294720403292537,9.765625e-05
00001001000001010010,21.47410463418084,9.765625e-05
00011010110000001011,25.57780281001074,9.765625e-05
10111010010000100000,44.79090061001406,9.765625e-05
00011111011011000010,13.692296567626148,9.765625e-05
10011000110101000000,24.786287778681178,9.765625e-05
01010100010111000001,15.341366840670691,9.765625e-05
10010010111010011001,28.19896121876777,9.765625e-05
00100101000000010000,15.048596204797484,9.765625e-05
00001101000001110111,16.244856437461813,9.765625e-05
01010111110000111001,25.167798686270864,9.765625e-05
00000000010111000110,56.9195362050424,9.765625e-05
01011011111010101100,17.55311661508324,9.765625e-05
10010011100100101001,15.606707507547188,9.765625e-05
00111100010100100010,10.055203370773238,9.765625e-05
01100100000011011001,19.465836189156377,9.765625e-05
01101000110010110010,22.270215562160832,9.765625e-05
01011100010000000010,11.30076187240482,9.765625e-05
11000010010010011100,21.221670682664886,9.765625e-05
10111010110111100010,38.99856274269999,9.765625e-05
01111110111110011111,12.197945579841132,0.0001953125
11101011100110001010,29.62110697428246,9.765625e-05
01100111101101001010,18.720757172458498,9.765625e-05
01011011110000010000,16.248075941515857,9.765625e-05
11011100010000110001,7.071435500888608,9.765625e-05
10000110110000011000,21.3925822002484,9.765625e-05
10111000111010100000,18.766027140952886,9.765625e-05
01010100010101101001,19.556523725366247,9.765625e-05
01110111110110000010,19.422144112008503,9.765625e-05
01110010101010011010,19.170196861010556,9.765625e-05
10001100001011001011,22.618944944719875,9.765625e-05
10010111101101100000,17.61053624704338,9.765625e-05
01101000010001001011,30.373682827354816,9.765625e-05
00100011011010101100,26.56740875094344,9.765625e-05
10101100101010000111,23.67348402687838,9.765625e-05
00000011110001111010,34.39373494165073,9.765625e-05
01011110111111010000,11.044491481797007,9.765625e-05
10100100111100000110,26.55372311882321,9.765625e-05
10111011101010110000,28.5359283885376,9.765625e-05
01011100001001010101,12.49728840253648,9.765625e-05
10101110001011110100,41.124851488290176,9.765625e-05
01111101011111100110,12.315369346131288,9.765625e-05
10001010000000101010,36.16434899516214,9.765625e-05
01101100001001000010,11.58389934313543,9.765625e-05
00110010001110110100,29.11718152611109,9.765625e-05
00011101010010100100,17.184097231577958,9.765625e-05
11010100001101000101,13.091807197363018,9.765625e-05
10100110101100000000,24.18154001885754,9.765625e-05
01101011011010000001,23.04168472078783,9.765625e-05
10110100110001111000,14.537117164065204,9.765625e-05
11011110111100011010,14.327060545641604,9.765625e-05
11110101001100110001,20.381374235176303,9.765625e-05
00100000000000000100,27.473809707916633,0.0001953125
01111111101111100011,21.561816158126298,9.765625e-05
01010001011100001110,26.226025982642447,9.765625e-05
01111000001100100100,13.288173721374273,9.765625e-05
11000111110111111000,11.406967714954835,9.765625e-05
00010100000110000100,20.45528938341053,9.765625e-05
10001001110100100000,22.86478839231145,9.765625e-05
11111111111111110111,17.744903894403954,9.765625e-05
11011001010111110000,12.972947730151848,9.765625e-05
10010100100001011111,23.34136684067069,9.765625e-05
00100011110001100011,29.139577758186437,9.765625e-05
00011110011101111101,22.347934881104162,9.765625e-05
00010000111010011101,50.91953620504239,9.765625e-05
01010100000110010100,18.596396836182095,9.765625e-05
00001000000000000011,29.213849029527246,9.765625e-05
11101010111010100010,28.463099892508907,9.765625e-05
10100110000011100001,31.775448131079436,9.765625e-05
00001110110110001010,24.694756869929524,9.765625e-05
11111001000101110010,22.299161164540795,9.765625e-05
10010110100001001001,14.38437878870074,9.765625e-05
10010010001100100001,23.97014712360881,9.765625e-05
11101111010101111111,32.67234678379237,9.765625e-05
10001010010010100010,39.945774579725565,9.765625e-05
00000101100001001011,30.453971842205267,9.765625e-05
01010001100000010000,25.596799082481553,9.765625e-05
01111100111100000010,5.471294341600855,9.765625e-05
10000010100000100010,30.73501900943707,0.0001953125
00010100101100001001,28.422077473894515,9.765625e-05
10101110001100111000,38.688952444283125,9.765625e-05
00110110101000000001,13.996832839096005,9.765625e-05
11111110101110101000,21.85293653938686,0.0001953125
10011011111000001010,21.1551890895979,9.765625e-05
11101111110010011010,26.124690660211854,9.765625e-05
00100110111010000001,24.192344366755066,9.765625e-05
00000011010101100000,25.71925120347601,9.765625e-05
11011100011100001001,8.114756523511932,9.765625e-05
10000010100000011000,29.541546900129077,0.0001953125
10010111110101110101,13.823286151974756,9.765625e-05
11111011011011011011,28.58273285643469,9.765625e-05
00000111000001101000,15.69177344074857,9.765625e-05
00100111001100001010,18.37179687926354,9.765625e-05
11101011000010111011,35.773610270986154,9.765625e-05
10111111011100010000,35.55702809498778,9.765625e-05
11010011010100000000,11.955193496283627,9.765625e-05
01010110010100000110,13.75759626321292,9.765625e-05
00100110111101101100,35.55807841880077,9.765625e-05
10001101001001101011,16.598901792879673,9.765625e-05
00111000000001010001,26.13724685801477,9.765625e-05
10010100000000110001,13.812160235457435,9.765625e-05
10000100110000000000,18.090619058289455,9.765625e-05
01101010001000111100,30.625301533718545,9.765625e-05
10101110101011101000,28.740331537852285,9.765625e-05
00000000101001000010,45.962946867801094,9.765625e-05
01100010111000010001,25.29471687172173,9.765625e-05
01011100011100010011,7.486364251416999,9.765625e-05
10011001100010100000,17.184097231577958,9.765625e-05
10001100010010100111,25.39102053079946,9.765625e-05
01100110100010000001,17.600649082116277,9.765625e-05
00000101100000010010,27.15831992210936,9.765625e-05
10111000010000101001,27.720218117950616,9.765625e-05
11010111000111010011,20.68949803465162,9.765625e-05
10010111101111111100,20.331679640204015,9.765625e-05
11111111001011111111,30.228880282322777,9.765625e-05
00011110000110000010,13.296634038619567,9.765625e-05
10000010101000000110,36.4000915306494,9.765625e-05
10001011100010111110,26.386286182434418,9.765625e-05
11000110101000100000,17.439299629269264,9.765625e-05
10010010011101001011,33.18253464220408,9.765625e-05
11111101101000100111,24.978788473394438,9.765625e-05
11110101000101100001,19.485748137927466,9.765625e-05
01110111011010110100,21.664763740886308,9.765625e-05
00000010000011000000,29.183980949087,9.765625e-05
11110101011101000111,12.457665661557655,9.765625e-05
01010001010000000101,14.538321965190134,9.765625e-05
01010110000100010011,14.234237709351948,9.765625e-05
00010100011100001001,21.30947247235994,9.765625e-05
00101011110000010010,31.47224532844515,9.765625e-05
01011011000110110101,17.58449617167826,0.0001953125
01100001011111001001,28.121378708032868,9.765625e-05
10001100101000000011,19.309192750144785,9.765625e-05
01111100011001010100,8.737530931309246,9.765625e-05
00001010100100000010,34.910636540856004,9.765625e-05
01111011111010100111,15.776211854629885,9.765625e-05
10100111101100101010,21.390959312320906,9.765625e-05
10100101000011001000,18.91465163456093,9.765625e-05
10101000100010100010,29.78076681396079,9.765625e-05
10100100100011011001,24.14911120496588,9.765625e-05
01001010100001000011,28.487241525756232,9.765625e-05
00000100111000110101,44.78116970755411,9.765625e-05
00011110001000000000,16.45912436450007,9.765625e-05
01011110101100010001,13.823160809104522,9.765625e-05
00110111101100011011,17.131849276754977,9.765625e-05
11000010000001100111,29.45177775024202,9.765625e-05
00011011001010001000,16.61524570532241,9.765625e-05
00110010011000011011,26.245669696172747,9.765625e-05
00000000101010000100,47.02723092446122,9.765625e-05
01010010000010000000,13.6459519345596,9.765625e-05
00001010101000001010,32.309472472359936,9.765625e-05
10100001101100011001,28.05608681041843,0.0001953125
01110100010110111010,17.97659617152878,9.765625e-05
00110010100110000011,20.890509081388657,9.765625e-05
01011001101101011100,23.489747206035062,9.765625e-05
11101111101110101100,23.85293653938686,9.765625e-05
10101010000010100010,48.52810402537742,9.765625e-05
00001111101101000100,14.740341223889235,9.765625e-05
11110001110100010100,6.9588997116955085,9.765625e-05
01101101111110000011,15.450801149730461,9.765625e-05
01010001010110000100,17.006513797969333,9.765625e-05
11010110100110001101,13.512940660427649,9.765625e-05
11101111001101110111,29.891549159451138,9.765625e-05
11110011010001001001,20.879442702015673,9.765625e-05
11001000100100100100,18.81557152460511,0.0001953125
00000010000000001001,29.43240751733352,9.765625e-05
11111111101100101000,34.64202656811727,9.765625e-05
01101101111001000100,10.424583154173337,9.765625e-05
10001111001100011000,22.544696468260398,9.765625e-05
00011010011011010101,34.02890305403026,9.765625e-05
11100101000101011110,14.182795618003,9.765625e-05
11100011110110011001,23.371430972196436,9.765625e-05
10001101110010000100,16.78740656961822,9.765625e-05
00001010011010100010,33.87705798985182,9.765625e-05
11111101011101111111,12.731488004194652,9.765625e-05
00000011010000100100,21.19564029333672,9.765625e-05
11110111101011011101,21.60158069688667,9.765625e-05
01011010001010000000,15.157450641633055,9.765625e-05
11111100111100101000,8.32645403106182,0.0001953125
00101001111100010000,26.9896574733743,9.765625e-05
11111111101100011001,31.944290877933767,9.765625e-05
11000010000011110000,22.42834714362017,9.765625e-05
11000110101000000001,16.928514022389784,9.765625e-05
01010101001101010001,24.17686896253955,9.765625e-05
00110111011101101101,15.03863563247239,9.765625e-05
00100110001100010001,23.81937809487765,9.765625e-05
00010101100000000100,28.34596167080477,9.765625e-05
10111011011000101110,30.9469793808505,9.765625e-05
01011001001000001110,23.24339730445709,9.765625e-05
01101100100000110010,12.356770508026068,9.765625e-05
00011000000001001101,27.01698689121011,9.765625e-05
00001100101011010001,24.872985856533024,9.765625e-05
10110010010010001000,26.035967970471685,9.765625e-05
00010101110111010001,23.557049562266364,9.765625e-05
11100101110101011100,9.50075122412575,9.765625e-05
00110100101100100010,18.467510892952912,9.765625e-05
10010010000101000010,27.08834782021735,9.765625e-05
11110011010000011100,19.056191420431144,9.765625e-05
00010010001000101100,26.772001884414333,9.765625e-05
00001100001001010011,20.1696392672265,9.765625e-05
11010101100010010111,30.823126232981565,9.765625e-05
00000000101000110100,50.88559066961494,9.765625e-05
01110110011010011000,13.600649082116275,9.765625e-05
01100011000001001000,17.35182638420842,9.765625e-05
01001111110001011100,12.603964675039101,9.765625e-05
11000011101110000100,16.24705125300631,9.765625e-05
01000001111111000001,38.93772901360262,9.765625e-05
01100110011010000010,17.155605620021483,9.765625e-05
11111010011111011110,34.8556056702297,9.765625e-05
00000010100000101110,40.28748652911482,9.765625e-05
10101000001000000001,37.76734123771455,9.765625e-05
01000000100100000000,25.090619058289455,9.765625e-05
10111000101100101000,19.39227685352617,9.765625e-05
10111111110011100111,25.54726908092047,9.765625e-05
01001010100010110001,24.87957959776095,9.765625e-05
00010000010000010011,28.246084338531702,9.765625e-05
11000000010100001000,18.97711813392299,9.765625e-05
10010000110111000110,36.36845557470643,9.765625e-05
10111000011010100011,22.676900834038154,9.765625e-05
00010111110100001011,18.13690591732106,9.765625e-05
00010000010100111100,37.98147343390055,9.765625e-05
10110001101011010100,20.050895973289794,9.765625e-05
01111000001010100001,14.554082795136782,9.765625e-05
11110100110101010101,5.495049961286107,9.765625e-05
01011000001111000100,18.43295625787836,9.765625e-05
11101111010011100011,32.662916194756065,9.765625e-05
10010111110110000110,18.355464405127332,9.765625e-05
01111111111110011101,15.498476541610046,9.765625e-05
01000100000000000000,15.294739040945382,9.765625e-05
11010000011100100100,14.040399682137037,9.765625e-05
01111100011101110000,6.640002081184165,9.765625e-05
01110110011101010100,12.128536258059645,9.765625e-05
00000111101000101001,27.382589653059494,9.765625e-05
11111111100011111101,29.78990192740605,9.765625e-05
11010000000000001100,12.004413808433574,9.765625e-05
01110000101001001010,21.826720344767153,9.765625e-05
11110001010110010110,13.624511287415714,9.765625e-05
00100011011000110010,27.787036483686443,9.765625e-05
11110100010101101000,9.75759626321292,9.765625e-05
11110001110001001000,9.304054179878811,9.765625e-05
00010001000000110001,24.29316841988055,9.765625e-05
11001001000001001100,14.733111615703393,9.765625e-05
11100101110001010100,7.805268123521689,9.765625e-05
11111111011001011101,31.93887007173035,9.765625e-05
00101001010010110000,26.428347143620165,9.765625e-05
01010101111000010100,31.48329815811509,9.765625e-05
10011101001101110101,12.731708934526345,9.765625e-05
01101001001011000000,15.394772847768042,9.765625e-05
01011111100110010110,21.715252135368416,9.765625e-05
11000111011101100110,16.917512725161448,9.765625e-05
00101111001000000000,24.314923452489758,9.765625e-05
01011011110101001010,17.624511287415714,9.765625e-05
00110101101000001000,26.31485943686146,9.765625e-05
00101000101001000000,28.87892155073957,9.765625e-05
11011100010011010011,10.202844287855305,9.765625e-05
10011011101001000000,22.861316619106287,9.765625e-05
00011010100010000101,24.002395650221032,9.765625e-05
00110011001100010110,18.57689720114189,9.765625e-05
11110100111100000101,5.803353753773596,9.765625e-05
00011010011011001110,29.487632148245286,9.765625e-05
10000101000100100011,19.59424459062349,9.765625e-05
01010001000100110101,22.29316841988055,9.765625e-05
01100110011001011101,20.753465632277926,9.765625e-05
01111110111111001110,14.37350533722512,9.765625e-05
00110011110101010001,18.768615594116056,9.765625e-05
01110000010010111011,22.381085572141625,9.765625e-05
10001101001010101011,20.559761154331706,9.765625e-05
10101110101011000010,30.908355616746952,9.765625e-05
00110111110100001000,12.91465163456093,9.765625e-05
00111100001000101110,17.470392177175615,9.765625e-05
11101111111101101000,22.956759949323605,9.765625e-05
00101110100001001100,31.267181334959343,9.765625e-05
01111011010110001110,19.192396720744927,9.765625e-05
01001001010100100001,19.125043996965047,9.765625e-05
10111001111010000110,16.896362220690737,9.765625e-05
01110010001000100000,17.15745064163305,9.765625e-05
10000110011100101100,29.6531912287824,9.765625e-05
01001100011001010110,14.150830258049536,9.765625e-05
01010101001001010100,28.419322245326924,9.765625e-05
10101100001110111001,26.42239178307245,9.765625e-05
10110001111000110001,17.074234328130405,9.765625e-05
00100101011100111101,28.07429554660896,9.765625e-05
00010101100111001101,30.208599694782414,9.765625e-05
01010000100010001010,34.920496877923654,9.765625e-05
11001101011011110110,10.633118931704125,9.765625e-05
00110110001010000110,20.1982997381426,9.765625e-05
11100100100101011000,11.2298218381897,9.765625e-05
00111101001101101101,14.04658876131023,9.765625e-05
01100010001010011101,27.283924097925777,9.765625e-05
01010101001000000000,39.033077909297155,9.765625e-05
00000100001100010000,24.53022403428095,9.765625e-05
11011111100101000001,26.042050638694754,9.765625e-05
01010100110010010101,22.741237146721126,0.0001953125
01010000110000000010,20.876105016566232,9.765625e-05
10101100001100010101,31.81973151875805,9.765625e-05
01100000101001110000,26.854176847356058,9.765625e-05
10101111011111101111,31.906071161067082,9.765625e-05
10111010011110101000,35.475061862618496,9.765625e-05
00000110000001010000,18.32644778946847,9.765625e-05
11110011010100101100,17.46066042028175,9.765625e-05
11011111101110100101,23.272566841458556,9.765625e-05
11100000101000010101,20.23391436143092,9.765625e-05
01000100100100010101,21.46408962350102,9.765625e-05
10111010100110011010,36.4655547747672,9.765625e-05
11010011000011101000,17.374698564248476,9.765625e-05
10111010101001001001,36.91362350160777,9.765625e-05
10011101011101000001,10.848342443673845,9.765625e-05
10101110100011001010,33.06480447351517,9.765625e-05
10000010001001011010,40.42361623969874,9.765625e-05
10010010110000100010,22.766027140952886,9.765625e-05
00101010101010101110,36.74927304844331,9.765625e-05
11110101100001110100,18.53628254683906,9.765625e-05
01001011000000001100,16.871502878322456,9.765625e-05
01100010011010011110,27.313904096488436,9.765625e-05
00101101001101001011,15.356475876029123,9.765625e-05
00010000100011100101,41.70653157674526,9.765625e-05
11010011101111110010,24.267684268214747,9.765625e-05
11000000110010111000,25.651270617440957,9.765625e-05
00010001010010001110,28.922006291349746,9.765625e-05
11111001011001101110,14.796036295593428,9.765625e-05
01100111010000111110,19.324182792989713,9.765625e-05
01100101001111110000,20.85539611810898,9.765625e-05
00100000101010001010,38.46061964039346,9.765625e-05
01001111010110011101,13.160867448792828,9.765625e-05
01111001010100000000,13.955193496283627,9.765625e-05
11010100110011010001,12.05416899622673,9.765625e-05
00111101010111010110,12.069152797478313,9.765625e-05
01000101100111001100,30.41289716756803,9.765625e-05
10000110101000011101,26.37220528002915,9.765625e-05
10100000100000000010,24.91057876682106,9.765625e-05
10100100011010010001,27.01218591557091,9.765625e-05
10011000011010001001,22.60761311641604,9.765625e-05
00101000110100001000,40.26968972526071,9.765625e-05
01010001010001001101,18.674530709947522,9.765625e-05
11100111101111111000,17.194929266711245,9.765625e-05
01110011111101001101,13.252031617679645,9.765625e-05
11000010110000101001,20.654736236179968,9.765625e-05
00100110101001001001,22.73615906051264,9.765625e-05
11101101111001001101,15.18307534021815,9.765625e-05
00101011001001110000,30.47382146752208,9.765625e-05
11110110100110011101,14.796036295593428,9.765625e-05
10110111101000001000,24.369145439160405,9.765625e-05
00001011001001011111,30.423194621325365,9.765625e-05
10100100001001000000,18.78740656961822,9.765625e-05
10000011000101101100,23.163915617183328,9.765625e-05
11110000001000100000,11.900005329559445,9.765625e-05
01000110111111011001,27.385865211354915,9.765625e-05
00010101011001011100,26.001188139073555,9.765625e-05
01010100010010010000,16.596396836182095,9.765625e-05
00101000001010000000,25.57570906206833,9.765625e-05
01100000000100001000,20.856351272978134,9.765625e-05
10111110110101001000,31.41112572266649,9.765625e-05
11100101101010011110,21.80470431472284,9.765625e-05
01011011011000001111,16.96039943908465,9.765625e-05
11111110010101110010,31.522508330303452,9.765625e-05
00000001110110101100,47.210014048437706,9.765625e-05
11111111100111001111,28.760271733616136,9.765625e-05
01010100011110110100,25.788347783298363,9.765625e-05
11010100111101100001,14.271176235042086,9.765625e-05
11111100111001100001,8.906171210820652,9.765625e-05
10001010100000100001,37.714622422876644,9.765625e-05
10101100101010100100,21.73501900943707,9.765625e-05
01010001011001001100,22.34635229329382,9.765625e-05
01100001000000000101,15.202254435326887,9.765625e-05
00101001001010110010,21.568471754286826,9.765625e-05
00100010000010100010,32.28174622786009,9.765625e-05
10000100101001111010,32.76827620980134,9.765625e-05
00111111101110011010,17.627275565566208,9.765625e-05
11010111100011010110,24.467163797793063,9.765625e-05
00101001001111000110,23.070058406347165,9.765625e-05
01110101101011000110,32.66648261930591,9.765625e-05
00100111000101100100,18.66196313434327,9.765625e-05
10010111001100010110,22.9567599493236,9.765625e-05
11001110010011010000,20.741359670805434,9.765625e-05
00010101010111111001,26.730804256378804,9.765625e-05
00011110101000000010,18.871148720020987,9.765625e-05
11111111010010000110,41.065978328464624,9.765625e-05
11101001001100101010,20.611505871540526,9.765625e-05
00110110000011000010,17.461378852983948,9.765625e-05
00001101100100100000,16.33238620453738,9.765625e-05
00000010111101100001,56.35579557265689,9.765625e-05
01101111101110011011,19.5115379792506,9.765625e-05
01011100110110110100,13.548770266721574,9.765625e-05
11101100100100111011,15.386934249151588,9.765625e-05
11111001001011011101,22.701020385189032,9.765625e-05
01100000000100011100,24.92408846519058,0.0001953125
00010101000001010100,19.465975658719497,9.765625e-05
10101001000100000111,36.66196313434327,9.765625e-05
10101011101000100101,37.07492776198321,9.765625e-05
10100000101100001010,32.4906528149039,9.765625e-05
00001110110000111000,25.174023712442125,9.765625e-05
11011100011101101001,7.883536183009861,9.765625e-05
10100100110000010101,25.767328754527846,9.765625e-05
10000011010011101110,27.188226219006765,9.765625e-05
10001011000111000110,33.20375342829496,9.765625e-05
10110000010000100011,20.42417122183692,9.765625e-05
00101111001110100000,19.772668970178806,9.765625e-05
10000010000010001000,26.73311161570339,0.000390625
10011101101101100000,13.507640626038954,9.765625e-05
01100111011001110000,15.871761476194116,9.765625e-05
01111100011100001001,8.603964675039107,9.765625e-05
10111011101000011010,30.55222973099444,9.765625e-05
10101111100000111100,32.919793736397715,9.765625e-05
01010100110110010000,20.224142744573708,9.765625e-05
01011110111000001101,16.42458315417334,9.765625e-05
01101010010110010000,36.97746885862067,9.765625e-05
01001000000100001100,23.0,9.765625e-05
01111001000101000110,15.62457603746508,9.765625e-05
11101010011100111110,45.0728180864105,9.765625e-05
00000000101001000001,45.44111811728864,9.765625e-05
00101110111111110110,35.86160551091721,9.765625e-05
01011001110110001001,21.274590321339502,9.765625e-05
01101101011001000101,12.163010008314476,9.765625e-05
00100010111101000011,50.50805808718384,9.765625e-05
11011100110100000000,6.854500918858335,9.765625e-05
10101010101001101011,48.00429335791776,9.765625e-05
00110010110011000000,21.397915988802136,9.765625e-05
01100111101111010100,13.635758699329017,9.765625e-05
11101001101010111010,18.434853965575083,9.765625e-05
11111001011010110001,17.584496171678257,9.765625e-05
10111100000000010011,22.046483084781162,9.765625e-05
01001010100101000011,32.61894494471987,9.765625e-05
10100010101110001000,35.766213495161615,9.765625e-05
01011010100001001000,20.91499881684798,9.765625e-05
11110001000100010101,14.870185337117192,9.765625e-05
10011010001010100001,25.56910741410468,9.765625e-05
00111101111100100010,11.11133275117756,9.765625e-05
01111100111000010111,6.731549946254452,9.765625e-05
01110110110000100101,15.394772847768039,9.765625e-05
00010000000111000100,30.393663742867957,9.765625e-05
00010001110111011110,42.256736809966796,9.765625e-05
00011000001000100100,20.807397182008135,9.765625e-05
10101110001001011010,40.07532376668932,9.765625e-05
01010101100101000001,27.32392626868655,9.765625e-05
10111011101001101000,27.07300444061923,9.765625e-05
10001000001010100010,28.211041457809614,9.765625e-05
01011011110011101111,18.695770963317,9.765625e-05
00100101011100010110,20.2097246401856,9.765625e-05
00111101001111010011,9.531064550913651,9.765625e-05
00010101001101110100,25.338023746015985,9.765625e-05
10000110100001111011,26.334551151262556,9.765625e-05
01110001011000111101,19.050405006779897,9.765625e-05
10101000101010000011,33.11718152611109,9.765625e-05
00001010111000100010,37.211041457809614,9.765625e-05
01111000100001100001,17.21343438716829,9.765625e-05
10001100100010011011,22.52925367536274,9.765625e-05
10111001110010101010,17.80107627410814,9.765625e-05
00011010011001100110,30.549493923168612,9.765625e-05
01000111011001011010,17.514848054161327,9.765625e-05
11101111001100010100,35.772749647858475,9.765625e-05
11000000110010001010,25.09360872906376,9.765625e-05
11001010001101010000,35.865495250912076,9.765625e-05
01001110011110001110,17.15858371669421,9.765625e-05
00010101011100111101,29.735003081806767,9.765625e-05
01011011110000010110,16.241141259594222,9.765625e-05
11111110111000011111,21.888053132614015,9.765625e-05
01100011001000110010,20.103761467876943,9.765625e-05
00000000000000001001,34.1398359259958,9.765625e-05
10100100111010010001,26.103700896692256,9.765625e-05
01110001011011001101,18.704173212260084,9.765625e-05
11001100101010010001,12.83284176797785,9.765625e-05
01111001111000000110,9.84223507086865,9.765625e-05
11000110110010101010,17.693796197048272,9.765625e-05
10000010111100011100,49.97776097689532,9.765625e-05
01101111101111100011,18.6875642057024,9.765625e-05
00101010101000000000,33.08625407227494,9.765625e-05
00010101011101000000,17.489747206035055,9.765625e-05
00000100000101100100,28.20757311820824,9.765625e-05
01010011011000001000,15.26718133495934,9.765625e-05
00000000111001000010,52.00870435836177,9.765625e-05
00111110111001010111,22.135929316809502,9.765625e-05
11000111010001011111,13.599830599660498,9.765625e-05
10111111011111011010,26.08175344253538,9.765625e-05
10101001001110110010,28.819367674419624,9.765625e-05
11011100010100001000,9.161821869240917,9.765625e-05
10011101111101010001,11.600366122597574,9.765625e-05
10001001001010001101,25.516098135294687,9.765625e-05
10000010100000100000,27.164632161820904,0.0001953125
11001010110001000000,29.991526552274145,9.765625e-05
01010100011100000010,20.00972904687132,9.765625e-05
01101110001100000100,24.289478132098974,9.765625e-05
11101101111111101010,14.53393678555344,9.765625e-05
01111111111010100101,21.555024095944127,9.765625e-05
11101111111001100100,23.983412780861855,9.765625e-05
11000001101010000100,20.228287534677595,9.765625e-05
10101110100100000011,40.07532376668932,9.765625e-05
10000010100010000010,30.536400619427624,9.765625e-05
00101000001011010000,34.42361623969874,9.765625e-05
00100110101100011000,22.468351555472157,9.765625e-05
11110011100011101100,18.053762064303253,9.765625e-05
11100001100101100101,17.141919987901254,9.765625e-05
00100100001101000000,18.23391436143092,9.765625e-05
01100101001110101111,31.468952111886036,9.765625e-05
00000001010101001110,37.3670109113297,9.765625e-05
00010110011000000000,14.787406569618218,9.765625e-05
00101001001100110010,23.486364251417,9.765625e-05
00001111011111010001,16.426107978788547,9.765625e-05
00010110010111101000,18.130328103723436,9.765625e-05
11110100110101001101,7.302132834116303,9.765625e-05
10111000100110110011,25.801120830535325,9.765625e-05
10001110000110000110,31.292278738642008,9.765625e-05
00000000101010010000,47.09496811667367,9.765625e-05
01111101001001100001,23.62499972940695,9.765625e-05
01111001100100110111,16.869831178815723,9.765625e-05
01101011100001011110,23.48723881573369,9.765625e-05
10011000010000001011,23.163915617183328,9.765625e-05
00011111101101001001,14.90835561674695,9.765625e-05
00111101011101011011,10.81359895150808,9.765625e-05
11111001111100000010,12.241141259594226,0.0001953125
00110010110100000010,20.322204407613324,9.765625e-05
11011100110001001001,10.001188139073562,9.765625e-05
11111101111111101110,14.023389065324295,9.765625e-05
10111011001111111101,35.46231588779942,9.765625e-05
00110010011000011000,22.78232848340973,9.765625e-05
11101010110000101000,34.59679908248156,9.765625e-05
11010111001100011000,23.06090118916928,9.765625e-05
00110111111101011100,13.494651246557453,9.765625e-05
00111000001101001010,21.577802810010745,9.765625e-05
01101010010010111001,35.85011376362017,9.765625e-05
01000100010000011101,20.23517964661334,9.765625e-05
01101010011000111010,29.608030566764555,9.765625e-05
00011011111010010101,20.84587309178756,9.765625e-05
11100111000100110000,25.785853655484928,9.765625e-05
01001011001000000010,17.585813712883525,9.765625e-05
01010001010100000110,16.782328483409735,0.0001953125
01011111011011011001,15.480663075704562,9.765625e-05
00110010110000011110,27.551056610466063,9.765625e-05
11010111110101110111,14.016823011332118,9.765625e-05
00001010100110000000,32.06426812902983,9.765625e-05
11010010000110111000,14.740341223889235,9.765625e-05
01000011000100001100,13.565077850771768,9.765625e-05
10110110101101111011,19.471804250870672,9.765625e-05
00101100011010110000,20.744410560058295,9.765625e-05
10111110101001001010,27.285039444419212,9.765625e-05
11110110010000000110,24.509630449721882,9.765625e-05
00101111111001001110,19.911766905894616,9.765625e-05
00101010101011101010,36.93205617241979,9.765625e-05
10011111011001010000,23.616169315390053,9.765625e-05
00000001100011000001,32.85556029225424,9.765625e-05
11011100100110110001,8.803089235607498,9.765625e-05
10110011000000000101,27.884283635994898,9.765625e-05
10100001011000100000,21.39227685352617,9.765625e-05
10101101100001010000,19.58581371288352,9.765625e-05
11000110001001100001,18.327060545641608,9.765625e-05
01010100010100011000,13.995602130036549,9.765625e-05
10000110111100011000,26.86106969371287,9.765625e-05
01000000001001000101,30.490652814903903,9.765625e-05
10000011010010101101,25.57780281001074,9.765625e-05
10110001011101010001,20.217391179557257,9.765625e-05
01110010110100011000,13.83466723201164,9.765625e-05
10001100110001001001,23.196867470825364,9.765625e-05
11001101010001111000,10.016280218113359,9.765625e-05
11000010001000001111,25.803353753773596,9.765625e-05
11101100010000000000,21.78305126964066,9.765625e-05
01000000010001010000,24.847907177630404,9.765625e-05
01111100011111010100,7.885181534428268,9.765625e-05
10010001011100000000,15.001197825110516,9.765625e-05
11010000100011101010,26.81737408499418,9.765625e-05
01110010101001001000,17.159798203856095,9.765625e-05
11011001100011101100,18.011229508681524,9.765625e-05
00000001110110001100,41.60004527755903,9.765625e-05
01101110100010110010,18.903555500484032,9.765625e-05
01011100101111011101,21.273681180899846,9.765625e-05
01110011011110000110,12.196038186107453,9.765625e-05
00101100001011001000,19.51609813529469,9.765625e-05
00010000100110110000,37.69581435526081,9.765625e-05
11111111101011010010,32.57134343959977,9.765625e-05
00101000001000000001,29.21103873694726,9.765625e-05
11000000000000100000,13.362476233157826,9.765625e-05
00111001100100100001,16.165820300894467,9.765625e-05
00010000110000000001,25.00209374794241,9.765625e-05
00000010000000000000,24.18188720114459,0.000390625
00010101100101010101,20.28180400189504,9.765625e-05
11010001010100000000,8.819063785699711,9.765625e-05
11010011011100110001,15.685749885707885,9.765625e-05
10011001000010111001,21.299444331199552,9.765625e-05
11111011000110110100,35.3547612636014,9.765625e-05
11000111101100001101,16.762327167134355,9.765625e-05
01111101001001100100,22.96464011091726,9.765625e-05
01111100110111000110,9.446979386248685,9.765625e-05
10110110101101001010,17.624511287415718,9.765625e-05
01010100111111010000,27.671630875608837,9.765625e-05
11010011100100111101,14.740331537852278,9.765625e-05
11110001110000100111,10.847794437550073,9.765625e-05
00011100000111000000,10.18122843054196,9.765625e-05
11001010010010000100,28.68741814077101,9.765625e-05
11010100111011101001,24.690732824608716,9.765625e-05
10110110110111011110,24.78077912248343,9.765625e-05
01010001010001010110,18.098019093053722,9.765625e-05
11010110010010110100,13.583899343135426,9.765625e-05
11111111111011010010,25.50449592862587,9.765625e-05
11001111110101010000,17.059928033101322,9.765625e-05
10010110000010001100,19.468484783441934,9.765625e-05
11111001000111000101,24.369863871862606,9.765625e-05
11001101110011010011,12.98427955845568,9.765625e-05
01100111100101010110,13.498486227646993,9.765625e-05
11111100110000001111,13.638127571399423,9.765625e-05
00001001010111000010,26.864091514015044,9.765625e-05
11001101111001010100,8.784553707052337,9.765625e-05
11001101100011100100,12.872109392902239,9.765625e-05
01111000001100100010,11.523690864237711,9.765625e-05
01100101010101010000,10.724994312720295,9.765625e-05
01001010101111000000,26.358689340066277,9.765625e-05
11111110110110011011,19.80108876813466,9.765625e-05
11111011001110101010,28.632502818214597,9.765625e-05
11011110111011011010,15.490042132299262,9.765625e-05
01011011010011001000,14.357385750889843,9.765625e-05
11001011011111110110,23.946952945634973,9.765625e-05
01100010100001010000,22.739381285429044,9.765625e-05
00111100000000100101,16.142058439615866,9.765625e-05
10000000000100001000,28.97711813392299,9.765625e-05
10111110001000010100,41.26916596192909,9.765625e-05
01010001111110010000,31.35868934006628,9.765625e-05
00000010101000100100,38.47475716319013,9.765625e-05
11011001010001100111,13.410483749910263,9.765625e-05
10111010001110110010,37.69457956530371,9.765625e-05
00101000000110100010,32.26932588092229,9.765625e-05
11110110010100001101,18.81283669679976,9.765625e-05
00101001001100100110,21.569448354798386,9.765625e-05
10010010101000010001,24.914991840833565,9.765625e-05
01111010011000000010,18.584850329979727,9.765625e-05
00111000001011000101,23.59269595327844,9.765625e-05
00101000001000101010,28.735019009437075,9.765625e-05
10101010100000000011,51.97998004607178,9.765625e-05
10100100000100101010,21.938185295226155,9.765625e-05
00101011000110010011,36.326065307477194,9.765625e-05
01001111011011110111,12.657824803812613,9.765625e-05
11110000011100110000,11.170901831546558,9.765625e-05
00000010000010000100,29.001197825110516,9.765625e-05
11010011000011011101,15.615068215192712,9.765625e-05
10010111110011110100,17.310660611433494,9.765625e-05
00100110001110100001,25.21252524672863,9.765625e-05
00011111111101000000,12.165820300894465,9.765625e-05
10010010010010101101,25.695970622670345,9.765625e-05
10010101010101010010,14.386286182434416,9.765625e-05
10111111011100101111,28.119769957638084,9.765625e-05
00111000011010001000,18.941586898336876,9.765625e-05
11111110011110101010,21.066775882877153,9.765625e-05
11110101011101101100,14.517049122138992,9.765625e-05
00101011111011101000,27.070058406347158,9.765625e-05
01111101000011100100,25.481734513064673,9.765625e-05
00101101001010101010,19.829983681667134,9.765625e-05
10100000100100100000,29.094078435435122,9.765625e-05
10111110101100001001,25.14962627847288,9.765625e-05
10111000000101100000,29.483450893953815,9.765625e-05
10001001001111100100,24.46618337144343,9.765625e-05
10000110001100000111,30.42834714362017,9.765625e-05
01000101000001110100,18.693038725930982,9.765625e-05
01000100100010000000,25.613898713772,9.765625e-05
01001101011101010001,11.239534223009649,9.765625e-05
11001100000001000000,12.456560910186298,9.765625e-05
00110101101111001010,25.926595299112957,9.765625e-05
01010001011001010100,18.537361292308876,9.765625e-05
10101011101011001010,29.79253536631039,9.765625e-05
10010011001010000100,19.10847166057704,9.765625e-05
00101101101100111011,20.150180449902614,9.765625e-05
01000000110001000100,29.678825613404452,9.765625e-05
00100011111000001000,20.654331279857967,9.765625e-05
10010101100111011010,24.54328304532641,9.765625e-05
01011011110100000101,15.210624094588304,9.765625e-05
01000101011111100100,28.199424683545786,9.765625e-05
10001001000010111000,22.32926432364181,9.765625e-05
01101001100000010010,15.898703715984485,9.765625e-05
10111010101110000010,30.530480939978588,9.765625e-05
11101100101100011010,13.025613994699636,9.765625e-05
00010101110100010011,24.167721453034797,9.765625e-05
10110001001000011010,19.996832839096,9.765625e-05
01101111111110101100,18.229786527645665,9.765625e-05
01011110110101110111,15.453662974752046,9.765625e-05
11101010001111101010,37.95417088134258,9.765625e-05
11011010111010101000,14.118209659064249,9.765625e-05
11111001100001100010,19.248673504479758,9.765625e-05
01001011100010100011,21.49009366474086,9.765625e-05
00000100000101000001,22.020354016574533,9.765625e-05
00111010111010001010,21.493934701919876,9.765625e-05
00111011101010000111,18.820068193050226,9.765625e-05
11010111111001000100,18.40450887065378,9.765625e-05
00000000001010000000,35.492914366939054,9.765625e-05
11110001000101111101,16.46363342900468,9.765625e-05
00110111111011000001,13.068031296518729,9.765625e-05
00010000011000000101,28.60882062756351,9.765625e-05
11101111111000101000,26.2528068454373,9.765625e-05
00100101101000001000,22.396949983412654,9.765625e-05
00000100000110010111,34.65622619040495,9.765625e-05
00001010001010000001,30.471294341600853,9.765625e-05
11111000011110100011,14.739971137957463,9.765625e-05
10011101110001000010,15.076161915486264,9.765625e-05
10101010000010001010,49.276255142798846,9.765625e-05
01001011011111110011,25.009930088687916,9.765625e-05
11000010110000011100,19.871749716588674,9.765625e-05
01000000001110001001,38.32542934255227,9.765625e-05
01100111010001111001,18.493870871795448,9.765625e-05
00010111010000010000,14.716569676573673,9.765625e-05
00110111111001001010,16.097604450694767,9.765625e-05
10110010011001000011,33.78932282743094,9.765625e-05
01110101101001111001,32.02101839231647,9.765625e-05
00100011100101001001,25.829514709716836,9.765625e-05
10010010000100111000,23.16809153896657,9.765625e-05
10111001001101101100,21.600649082116277,9.765625e-05
11011110001111101101,16.450872141373168,9.765625e-05
11011100001101010001,9.241403301909495,9.765625e-05
01110111110000111100,21.50737784930262,9.765625e-05
01010100000100111010,26.51331273280071,9.765625e-05
00101011010010011100,35.84820636988648,9.765625e-05
00100110100000001010,20.97033347781754,9.765625e-05
10010111110001010000,14.316699370523239,9.765625e-05
11101111111001011101,24.50831561853915,9.765625e-05
01001111010110010100,10.991237144022037,9.765625e-05
10101110101000011011,33.930065282220525,9.765625e-05
10100001100001100101,22.791594065503038,9.765625e-05
11010110010011010011,14.781954953034353,9.765625e-05
10111010001100101001,38.71245152882538,9.765625e-05
00101000011101000001,47.133479336997134,9.765625e-05
00110111011101011011,13.286692114787133,9.765625e-05
00010010000011010000,22.975742818682775,9.765625e-05
00110111111001010101,13.19232499468115,9.765625e-05
01011001010001010111,14.627558732224962,9.765625e-05
00001001000100000000,18.298198418091047,0.0001953125
00010000000000010111,30.11438091956806,9.765625e-05
10101000101010101000,30.309472472359936,9.765625e-05
10000001000001010000,19.309472472359936,9.765625e-05
11010111110011010101,13.213415015094377,9.765625e-05
00111101111100010101,10.386286182434418,9.765625e-05
10011000100100010000,21.698948719343072,9.765625e-05
00101000001000010010,28.580433724396414,9.765625e-05
10000111101000000101,19.691773440748573,9.765625e-05
01011110110110010100,10.740341223889233,9.765625e-05
01100111011011110101,16.84873147236554,9.765625e-05
00000100110100000100,31.488559066961493,9.765625e-05
11111110000101011001,36.3271937844512,9.765625e-05
01011110010100101001,12.745072127810666,9.765625e-05
11101001000000110110,21.326170864403064,9.765625e-05
11101101111001100110,11.160867448792828,9.765625e-05
01000111010000110000,14.83003771699121,9.765625e-05
01110110011100001111,13.624511287415716,9.765625e-05
01000010000110010000,20.91997031744228,9.765625e-05
00101000101000010100,33.09407843543512,9.765625e-05
00101011000011000000,28.684836048804392,9.765625e-05
01010100010110010000,14.178385254013033,9.765625e-05
00100010000000001111,38.811724147456076,9.765625e-05
00011111011110010100,12.844154947789024,9.765625e-05
10100010000100000010,44.262816348944824,9.765625e-05
11110001101111001111,19.96566223599568,9.765625e-05
00000111001101101000,18.428347143620165,9.765625e-05
11111011011011110000,28.119769957638084,9.765625e-05
11111001001001010101,22.600080969497522,9.765625e-05
11000011100001001100,10.116302265330567,9.765625e-05
01001110110010101010,17.804538361276347,9.765625e-05
01001111011101000100,11.898703715984482,9.765625e-05
10010010010011001000,22.853373176305407,9.765625e-05
10110000010000101000,18.212895332660406,9.765625e-05
01010100110100010000,14.904983071747093,0.0001953125
00101010001000001100,40.81816786286781,9.765625e-05
01010011011001100001,17.786875655608117,9.765625e-05
11011100001101000001,10.701408385192401,9.765625e-05
11000010111001101010,28.293756198840477,9.765625e-05
10000101000010000000,17.94576906171347,9.765625e-05
00110100111100011011,19.11868740796638,9.765625e-05
11111110111101101001,19.60264713383384,9.765625e-05
10000011100001101011,24.84587309178756,9.765625e-05
10111110101110001000,23.07335162290628,9.765625e-05
10101111000111111010,31.66572993177966,9.765625e-05
10011111011100000101,22.482545285084967,9.765625e-05
11101000001111001011,33.19805560989892,9.765625e-05
11100010100000000101,27.267181334959343,9.765625e-05
11010110010000101110,17.157450641633055,9.765625e-05
00101001011010001000,23.138223458526326,9.765625e-05
10010010100001101001,22.791594065503038,9.765625e-05
01001010000001101101,30.325088401858565,9.765625e-05
00000000001001110011,53.044813697710666,9.765625e-05
10011010101110100111,30.87915173779423,9.765625e-05
00000101110000000100,23.18188720114459,9.765625e-05
01100000011111100000,33.689781837764414,9.765625e-05
10111111110111100001,23.483405908212646,9.765625e-05
11101000111010110110,22.892398659427414,9.765625e-05
11000100010100111101,16.192226207039305,9.765625e-05
00001011010111100000,26.004303043954714,9.765625e-05
11000011001001100100,14.638094687450486,9.765625e-05
00000110101111111000,36.185869618040634,9.765625e-05
11110101110100101000,16.824443774186825,9.765625e-05
01110010001111010111,23.46404371783491,9.765625e-05
00000000010000100100,39.85103530011932,9.765625e-05
11010110110101100001,10.232596820225655,9.765625e-05
00000101100000010111,28.942598369238663,9.765625e-05
01110110100111011101,14.468511561592564,9.765625e-05
00100111011000001010,19.2106240945883,9.765625e-05
10110000110000101000,16.25865282322108,9.765625e-05
00000101000011001010,28.1798628013387,9.765625e-05
00101101001110000001,15.02539306436794,9.765625e-05
11010111111110000101,17.531139710581225,9.765625e-05
10001110000100110010,30.016918598793573,9.765625e-05
10111011101110001110,25.61506821519272,9.765625e-05
01101101001111010110,10.517648660704362,9.765625e-05
11100011000011011100,21.5806689010242,9.765625e-05
00101100001010010011,17.532054281905776,9.765625e-05
01001011001010100000,15.477933373677033,9.765625e-05
10010010100111001010,26.18816844497182,9.765625e-05
01000101011010111001,36.34807333281877,9.765625e-05
11101110101000101010,24.74441335720804,9.765625e-05
00001110011110101001,25.11915711433774,9.765625e-05
11000111110111001000,10.848764062047216,9.765625e-05
10110110101111100011,19.72661864855861,9.765625e-05
00010111010110000110,16.355464405127332,9.765625e-05
10111001000001101000,24.25644633519834,9.765625e-05
01000101010100010101,15.341803663093117,9.765625e-05
11001000100111100110,26.298480861168557,9.765625e-05
01011010101000001011,22.128536258059647,9.765625e-05
00111001000111001010,18.09760445069477,9.765625e-05
00101001101011000011,22.53751776685848,9.765625e-05
01000010100011100100,28.22787560234118,9.765625e-05
10000010000000001111,38.09246596796565,9.765625e-05
01010001110100001111,28.367961898174002,9.765625e-05
01010100000100000101,15.086254072274944,9.765625e-05
11100000111001101001,26.603835909361447,9.765625e-05
11110111111111011101,12.55945843009517,9.765625e-05
00011010100000100001,22.815561838568154,9.765625e-05
11011110110100000101,17.293833432076536,9.765625e-05
01110111100111010100,16.47931410855268,9.765625e-05
00010010000111000000,20.91267251476347,9.765625e-05
10100100100000010011,19.374668390322082,9.765625e-05
01011111011101010101,11.604798655811202,9.765625e-05
11110100011001111101,11.673484026878379,9.765625e-05
00001011101101011001,32.738391467309725,9.765625e-05
01110100010100010101,6.11820965906425,9.765625e-05
00000001111100000011,43.88641215636052,9.765625e-05
00111011111010101011,18.707456215501235,9.765625e-05
00101000100010001010,30.18607469702941,9.765625e-05
01001111101001100110,18.938590262387972,9.765625e-05
10111101011101110001,14.903295444610055,9.765625e-05
01000101111100010010,30.516116783787353,9.765625e-05
01011011100100011001,21.631561517407242,9.765625e-05
10011010110001000010,32.65494403603111,9.765625e-05
11110001011000010101,11.18307534021815,9.765625e-05
10101110100000011010,36.58982880658845,9.765625e-05
01101101111100010101,11.947323031566746,9.765625e-05
01100111100101011001,15.578483037095596,9.765625e-05
00011111011111100011,11.158804217711916,9.765625e-05
01000000100100001110,36.319159672826615,9.765625e-05
11010001010101000000,9.048802225347385,9.765625e-05
00011010011011100000,23.462065223695134,9.765625e-05
10101000100011100010,34.05416899622673,9.765625e-05
11100011101001010110,18.57689720114189,9.765625e-05
11110100110100011010,6.331669659899798,0.00029296875
01111011011001100101,20.748260646820214,9.765625e-05
10100111101010011000,20.943059983370425,9.765625e-05
01111001000100111000,21.696504344670007,9.765625e-05
01011011100101100111,20.98411873037736,9.765625e-05
10111010101011010110,40.30492999621573,9.765625e-05
01111100100100010011,8.234237709351948,9.765625e-05
11000100101000110000,16.824963075226332,9.765625e-05
10110010111011001000,25.39791598880214,9.765625e-05
01011001111010011100,23.311978152638762,9.765625e-05
11001010010000110000,29.58418428909542,9.765625e-05
00001000001000110000,30.200021217821355,9.765625e-05
11010110011100001110,15.757596263212923,9.765625e-05
10101010010010100000,55.26850719132645,9.765625e-05
01000101001101010111,23.52271426372615,9.765625e-05
10010010100111111000,28.26203152268708,9.765625e-05
00101100100100110010,18.776683976756527,9.765625e-05
00001011000011100001,21.98608462172723,9.765625e-05
11110000110000000110,7.676310981509739,9.765625e-05
11110111011111010101,17.19333375556041,9.765625e-05
01000000010001100000,26.431758432767843,9.765625e-05
10100101111101010010,18.090242730764334,9.765625e-05
10111010001010101011,32.8155327804573,9.765625e-05
10000110110101100000,26.01253933945131,9.765625e-05
00100000101000100011,37.35490589141834,9.765625e-05
01011010001010001001,17.394772847768042,9.765625e-05
00000000000001100001,38.712975292157005,9.765625e-05
10101011011001110000,47.07588145885005,9.765625e-05
01000000100110011000,37.33603464591431,9.765625e-05
10100001100000111001,24.962663701142336,9.765625e-05
11000111000101110111,16.124491088395352,9.765625e-05
01111001110100011101,16.45115530803193,9.765625e-05
11000011000100001100,12.917260368883131,9.765625e-05
00010001011101110101,33.44277776367098,9.765625e-05
10011111011111010101,19.193336465582938,9.765625e-05
01011111100110010001,20.792451135423725,9.765625e-05
00110101000101000101,10.2651472491165,9.765625e-05
11101111111100100110,24.10759644896649,9.765625e-05
10100110011000100100,34.53468247542909,9.765625e-05
00011111010010011101,15.953875955078356,9.765625e-05
10100100110010000011,24.192344366755066,9.765625e-05
01101010011111000000,34.958890025658555,9.765625e-05
00011110101000010101,19.586709635715415,9.765625e-05
00001110011010100011,22.88332765957748,9.765625e-05
01000100001000000000,19.783298107906877,9.765625e-05
00100010011111100100,53.432881821792044,9.765625e-05
11001101111101110100,8.776683976756527,9.765625e-05
01101000001100000100,21.161821869240917,9.765625e-05
01010111110111000111,18.953569699271014,9.765625e-05
11111111101001111100,30.465445653794532,9.765625e-05
11011000011001000110,16.029015597810353,9.765625e-05
10111111001001011001,35.54098783709324,9.765625e-05
00000010101000100000,34.38413810490067,9.765625e-05
01011011110010000001,15.48723881573369,9.765625e-05
00010100100101010001,19.40383959246592,9.765625e-05
10001000000110100000,30.39354213870859,9.765625e-05
10000001100000001101,23.001197825110516,9.765625e-05
00001100100111101010,29.311958693437653,9.765625e-05
00000010000010001100,30.51730564644216,9.765625e-05
11011101100011111101,20.330195938412196,9.765625e-05
01100001111100010111,24.57497305822964,9.765625e-05
00011010011000101001,23.907076819689504,9.765625e-05
11110000011000100100,9.930364376509583,9.765625e-05
10101110100010111001,33.930065282220525,9.765625e-05
00000110010001011000,23.767328754527846,9.765625e-05
00110111110000011110,18.363908500475063,9.765625e-05
01010100011101000000,16.064268129029823,9.765625e-05
10110100010111100001,15.576826209499185,9.765625e-05
00100000100100101010,39.0431781086166,9.765625e-05
01101011110000000000,22.90943600572295,9.765625e-05
01010101100011000101,35.59541481562546,9.765625e-05
10110010110110101000,24.322204407613324,9.765625e-05
00010100000000001000,20.22674876887337,9.765625e-05
11110011111000111000,14.66196313434327,9.765625e-05
01100011110000000000,12.91499881684798,9.765625e-05
01010000111111010011,42.414609277113286,9.765625e-05
10000110001111001011,28.55675463600216,9.765625e-05
11010010100111100000,17.220051239180997,9.765625e-05
10010011110010110000,17.885181534428266,9.765625e-05
01011100100001111101,20.29316841988055,9.765625e-05
01100010101110000001,26.192344366755066,9.765625e-05
00011111010010111100,17.50833154616945,9.765625e-05
11011001011001101100,12.16192381789893,9.765625e-05
01111110111111011010,12.19794557984113,9.765625e-05
01101001101001000100,13.33863098417702,9.765625e-05
01011001010000011101,16.00118813907356,9.765625e-05
01010100010100010101,10.735019009437071,9.765625e-05
10110111110100011110,18.960399439084647,9.765625e-05
11011100100100100011,10.998772098930115,9.765625e-05
00010110001011001110,26.80472471548508,9.765625e-05
11011101011001101100,16.61456102678526,9.765625e-05
10101101101011101110,17.930923097358637,9.765625e-05
10101010110010101011,49.79575061521238,9.765625e-05
10111001000100101000,23.537188155707916,9.765625e-05
01101010110110000000,30.40008882062685,9.765625e-05
01110011100000100100,18.812836696799764,9.765625e-05
00101000001011001010,32.809802801693564,9.765625e-05
00101011101001101101,30.608152170923923,9.765625e-05
01000101111111011000,35.70672082648041,9.765625e-05
10001100000111100100,21.954199939453435,9.765625e-05
10000110100100100010,23.097495242594896,9.765625e-05
00111000110100000000,18.45528938341053,9.765625e-05
10100010111001101011,48.11203868985324,9.765625e-05
00000100111110010110,51.174869044393546,9.765625e-05
01111010111101011011,25.444139948430625,9.765625e-05
01100010011000010011,27.38532624397423,9.765625e-05
01101000111111000010,27.494031514369908,9.765625e-05
01101101110010100011,18.646541787088022,9.765625e-05
00011000110000001000,22.031008131515815,9.765625e-05
01100111100101011100,13.278081564585595,9.765625e-05
11000010100000010101,22.188156870870245,9.765625e-05
01010100010001010000,12.422077473894511,9.765625e-05
00011101010100110101,12.5963383385659,9.765625e-05
00100100011101000000,23.07555186933567,9.765625e-05
10100100101001001001,20.340480603875754,9.765625e-05
11010110001111011110,18.958478093322135,9.765625e-05
01000101111000110001,33.05556024993706,9.765625e-05
11000000010001000000,17.27340218226594,9.765625e-05
11111011011110101100,23.93477129605595,9.765625e-05
11011100110001111110,11.720269650392211,9.765625e-05
01111011111100111110,17.356475876029123,9.765625e-05
01000001101010111000,44.85417684735606,9.765625e-05
11011001001111110000,16.598901792879673,9.765625e-05
00100010110000100010,36.06796465840475,9.765625e-05
00010100000101000000,13.57570906206833,9.765625e-05
11010110000110011000,12.398517170873696,9.765625e-05
00001010001000010001,36.707132758816826,9.765625e-05
11110001101000101101,17.84820636988649,9.765625e-05
11010000111110001100,22.35016780434243,9.765625e-05
10100011001011101111,32.46782092488951,9.765625e-05
10001100001011110100,22.470359293226675,9.765625e-05
11111011111110110100,21.02538337833099,9.765625e-05
00101000001001100001,34.4596021134022,9.765625e-05
10010111010011001001,13.61506821519271,9.765625e-05
11111011110110110000,25.623737154247067,9.765625e-05
11100001100000100100,11.34089253621217,9.765625e-05
01010111100011100011,36.16296846701692,9.765625e-05
10101010101010101000,38.134812169378655,0.0001953125
10101100101101001010,21.58197873179399,9.765625e-05
11011101000101011101,15.904954013636235,9.765625e-05
10101110100011100111,37.97011806549794,9.765625e-05
00100011001011001011,25.361745648954564,9.765625e-05
11101010100010101111,34.53048093997859,9.765625e-05
01100011001000100010,19.916896524544704,9.765625e-05
01110101010001001000,20.53998949667202,9.765625e-05
01011110001110010100,12.74507212781067,9.765625e-05
11110100111100001001,6.453085605410328,9.765625e-05
11011011011011111100,15.498486227646993,9.765625e-05
11111011100101111111,29.483405908212646,9.765625e-05
00000101000111001000,23.100903087298967,9.765625e-05
11011000110000010000,10.298198418091047,9.765625e-05
11111100010100001011,15.14962627847287,9.765625e-05
00000100010110000001,28.657540287166608,9.765625e-05
01100010101001010010,24.54267028915328,9.765625e-05
00000101001101100000,23.625289050531848,9.765625e-05
00100000000000001000,26.76573221468868,9.765625e-05
11111010001000101001,32.46635126266337,9.765625e-05
11101010111100100010,35.434333646687065,9.765625e-05
01001101010111100100,11.720269650392211,9.765625e-05
00010011010100000100,12.608573789297292,9.765625e-05
11011110010000111001,16.931041148311017,9.765625e-05
10110000101011000001,22.188168444971822,9.765625e-05
11111011111000100100,23.697111593670854,9.765625e-05
00110001011111010110,24.143226199563372,9.765625e-05
11101010001011101000,35.42930437205782,9.765625e-05
11010111011010011001,20.029160585385583,9.765625e-05
01110110111100001010,13.347896566270325,9.765625e-05
00000100011000000001,26.494828736687147,9.765625e-05
00010000100101000000,27.00209374794241,9.765625e-05
01110110111111010000,10.921093706466479,9.765625e-05
11011100110111010010,9.044491481797007,9.765625e-05
11011001001000001000,21.03864072042218,9.765625e-05
00100000000000010000,27.541546900129077,9.765625e-05
11011000010010010011,14.73154994625445,9.765625e-05
00100011011100000000,23.86828065340605,9.765625e-05
11101010100110100100,37.20165968035255,9.765625e-05
11101010001011101100,37.23266781186837,9.765625e-05
01001111011101001100,12.737530931309244,9.765625e-05
11100101010110000110,17.210624094588304,9.765625e-05
00001001100000011010,27.213849029527246,9.765625e-05
00111000001100101011,20.80018306129879,9.765625e-05
01111111101100101101,26.352840652259957,9.765625e-05
10001100100110010001,20.605833677651564,9.765625e-05
01001011111001010000,17.47410463418084,9.765625e-05
11011001010100101101,12.61539844116114,9.765625e-05
11101000111001100010,21.615205845359057,9.765625e-05
01101001100001110010,17.157096483331586,9.765625e-05
10000010101000011000,32.38600094220717,9.765625e-05
01000000010010010100,26.761961249227433,9.765625e-05
11011110010000010011,22.096971479263274,9.765625e-05
00010100100000100000,26.090365978429894,9.765625e-05
00001100010001010000,20.07681715451809,9.765625e-05
01010100110100100010,25.785537490718372,9.765625e-05
01011011010010100100,12.982446600808316,9.765625e-05
11110100000110000001,13.267794091132483,9.765625e-05
11000110010110111000,13.617374029387786,9.765625e-05
11001100000100011110,13.977393393846025,9.765625e-05
10010010110101100000,26.258240890884665,9.765625e-05
01111011111000100010,17.71434372934982,9.765625e-05
11011001011110001100,13.338630984177023,9.765625e-05
11110101110000011000,17.41301969165235,9.765625e-05
01100010111110011010,31.211586568406975,9.765625e-05
10100101110101010101,19.516062748463273,9.765625e-05
00101011010000110010,35.12485148829016,9.765625e-05
01101101110001110000,12.614316164120511,9.765625e-05
00001101101011100010,23.459725579047632,9.765625e-05
10101011101111100100,35.45176806420507,9.765625e-05
00100010100000100010,31.06796465840475,9.765625e-05
10000011000111011010,28.069156241921917,9.765625e-05
11110000110000010000,5.988710018100806,9.765625e-05
11000110100011011000,12.331669659899797,9.765625e-05
00110111101001000001,15.211565395395642,9.765625e-05
11101010000000111110,42.35912624961591,9.765625e-05
11011100011010111001,9.59424459062349,9.765625e-05
11111100101001001011,15.041684720787831,9.765625e-05
01001101001100000110,15.862684958332089,9.765625e-05
11101110000011111011,31.66572993177967,9.765625e-05
01111000011011110011,16.404956739896775,9.765625e-05
11001000010000101010,17.904983071747093,9.765625e-05
11110100001101010110,11.997786535962842,9.765625e-05
10101011101111101000,32.19997622124038,9.765625e-05
00010110111110000001,18.864091514015044,9.765625e-05
10011000010100101010,22.178385254013033,9.765625e-05
10110101111100111110,18.618944944719875,9.765625e-05
01010100000100100100,20.294485961085815,9.765625e-05
00011011101000000100,18.697394760329615,9.765625e-05
10001001000011111011,28.846878321096,9.765625e-05
01101111011101110001,21.041406985013964,9.765625e-05
00110111000010010000,21.18560944215379,9.765625e-05
01011100010100100011,8.886167097395536,9.765625e-05
00010000010010000000,22.304410313781755,9.765625e-05
00011110000110001010,14.163010008314478,9.765625e-05
10110000101101001100,24.151269692117832,9.765625e-05
11111111111001100000,29.93860627714549,9.765625e-05
01110110110101001010,12.853363490268451,9.765625e-05
11101100101100100010,11.90839987890687,9.765625e-05
01001010001001100011,28.194990485189795,9.765625e-05
01111110000111000100,23.593321067683043,9.765625e-05
01100101010100100001,18.05520337077324,9.765625e-05
01111100011111001000,10.486287828889392,9.765625e-05
01110101101001011110,29.0243719074292,9.765625e-05
00111000101000010011,18.61894494471988,9.765625e-05
11110101000101000000,20.666136346103983,9.765625e-05
11110111011011110010,24.483463682247603,9.765625e-05
11101111101101111100,21.984366477728702,9.765625e-05
10001110111010111000,24.74441056005829,9.765625e-05
01111111000101001110,29.548514563966677,9.765625e-05
00100001111000100011,31.370853075573713,9.765625e-05
00101001110000110000,25.17090183154656,9.765625e-05
10000011101001011001,26.339504003364194,9.765625e-05
10111111011111111111,24.563608003790087,9.765625e-05
10110000010110000100,25.411937229107842,9.765625e-05
01111101000110000100,23.455097609156724,9.765625e-05
10110101110101100100,10.654321593821013,9.765625e-05
00100011011010001001,25.34281848006184,9.765625e-05
10010101010101000111,14.068445938877689,9.765625e-05
11100101110101011011,13.303744578004526,9.765625e-05
00110101000101110001,13.068619260982526,9.765625e-05
10010111110100010100,14.603964675039101,9.765625e-05
00001101000001010000,11.142363051917027,9.765625e-05
00101000100001001000,33.65659283189312,9.765625e-05
10011111000101100110,23.886783385139477,9.765625e-05
10010001000000101100,17.623381656798166,9.765625e-05
00110111100100010110,16.58348470077647,9.765625e-05
01111011011000001001,22.639078558243725,9.765625e-05
01110100010100110101,9.3405383779107,9.765625e-05
01010100010110010001,13.615205845359057,9.765625e-05
10110101110101000101,8.846117220031239,9.765625e-05
11111110010001110011,32.56825613482717,9.765625e-05
10101010101010010010,44.46119249877522,9.765625e-05
10001100000001101001,18.87606868817369,9.765625e-05
01110110010100001000,12.694584467749625,9.765625e-05
11000010001100001110,25.57570906206833,9.765625e-05
00111100110110100011,10.421331784018868,9.765625e-05
01000110010000010100,12.544363434302417,9.765625e-05
10000011000001100100,20.74968124206886,9.765625e-05
00010101110101101010,32.690732824608716,9.765625e-05
10111010101000011000,35.333068173052,9.765625e-05
00011111010101000000,12.719312509081764,9.765625e-05
00100011011100100000,26.471294341600853,9.765625e-05
11011100100110110101,9.59424459062349,9.765625e-05
11110011110011000110,14.988667360578056,9.765625e-05
11110001100001010101,12.2651472491165,9.765625e-05
00001100100000111001,24.622445874002924,9.765625e-05
00110000100110100010,25.16191432816222,9.765625e-05
10010011100010000100,16.443341365329765,9.765625e-05
10000011000011001000,17.64369038252445,9.765625e-05
01001101111011110111,22.15423832073348,9.765625e-05
11111110111000111000,20.857677129345248,9.765625e-05
11011110111011101011,15.405027731539484,9.765625e-05
11110110110110001001,11.76842976718833,9.765625e-05
00000001000101100001,30.159473397932754,9.765625e-05
11101110001000100011,33.53973672727155,9.765625e-05
11010011000100101011,19.888053132614015,9.765625e-05
10111010000001101100,48.23137661875143,9.765625e-05
10000111100001101101,15.606707507547188,9.765625e-05
11011101000010111100,25.271976254509077,9.765625e-05
00100100001000000101,20.833164060178895,9.765625e-05
11101010001010111100,35.29227873864201,9.765625e-05
11000001110000100000,12.340243451646492,9.765625e-05
11100101011101000000,12.603964675039101,9.765625e-05
11000000000100110010,22.153952138945105,9.765625e-05
00101011001101100000,30.22951304702386,9.765625e-05
00111101010111101000,14.576897201141891,9.765625e-05
00011110101110100010,17.165852374134953,9.765625e-05
10101110000110000001,45.7815453986252,9.765625e-05
00100011011110101000,28.585617487133966,9.765625e-05
00100000101100000010,33.0431781086166,9.765625e-05
01010100111000011101,28.42207747389451,9.765625e-05
01011111110001100111,19.80108876813466,9.765625e-05
01010100011010010011,25.533946471590397,9.765625e-05
00101001110001000100,24.302148761746608,9.765625e-05
11000111110100111100,10.510502440220721,9.765625e-05
01110111111000000101,18.6848360488044,9.765625e-05
00111001100010010000,17.996832839096,9.765625e-05
10100110101000101100,26.575709062068327,9.765625e-05
10111011101000011110,31.285039444419212,9.765625e-05
10010110000000110010,21.772678656215763,9.765625e-05
10111011011111111110,33.97656711341792,9.765625e-05
11011101100010010111,24.577979663686392,9.765625e-05
00101010010001110001,61.23831150781312,9.765625e-05
11101111111001110100,22.58642646905666,9.765625e-05
11111011010011010110,33.76881888300724,9.765625e-05
01110110111100011001,9.768490251245822,9.765625e-05
00000000000100010011,43.788341541705016,9.765625e-05
00010000010011000000,26.393663742867957,9.765625e-05
01111101010111110110,11.915578983339445,9.765625e-05
10111010101000101010,28.832864965889833,9.765625e-05
11100101010111100100,15.151418124136661,9.765625e-05
00111101111001110100,13.14574872739744,9.765625e-05
01011011100111010101,17.857455289928424,9.765625e-05
10000011111001000100,24.725780929075647,9.765625e-05
01000100010110010010,22.59628400897456,9.765625e-05
11001100100011010000,10.510502440220723,0.0001953125
01110110010000010001,12.489220645553686,9.765625e-05
10101010100010001110,46.54990416333099,9.765625e-05
11101010111001001010,35.73937784098544,9.765625e-05
10010010100011000001,23.09665346385047,9.765625e-05
00010101010110010001,18.948209268361683,9.765625e-05
01001111011011011100,9.997786535962842,9.765625e-05
00100110010110000010,25.80067131778614,9.765625e-05
11101111101111111111,19.956611087990794,9.765625e-05
10110101001010001001,24.357449766518144,9.765625e-05
01101010101010001111,27.690571262109327,9.765625e-05
11111010011110011011,30.321340645149125,9.765625e-05
11100000000000111111,25.581978731793985,9.765625e-05
01001010101000011111,30.315742142085593,9.765625e-05
11001111101101111111,16.016610749188864,9.765625e-05
00001111110111101111,22.11297645908978,9.765625e-05
01011001111101110010,22.103736501503555,9.765625e-05
00000100001110010001,31.493228676116992,9.765625e-05
00101010100010010000,38.06988600416726,9.765625e-05
10001100001110100111,24.217311127535268,9.765625e-05
10010010110011000100,27.330246256661596,9.765625e-05
01111011110011011110,17.69111729263162,9.765625e-05
01000101110000010000,20.665405555170306,9.765625e-05
00010010010000000001,18.183980949087,9.765625e-05
10100101010000010110,20.983695947520616,9.765625e-05
11101010011111101100,45.52081935317917,9.765625e-05
11010011011101001101,13.007232230671534,9.765625e-05
11001101011101111110,11.199108632938092,9.765625e-05
01110001100100111000,22.80808465769503,9.765625e-05
11101101111100100000,14.227977725663248,9.765625e-05
11011101010101111111,11.186787073642144,9.765625e-05
00100110110011011001,29.39609844234389,9.765625e-05
10110001110001010101,17.427087190945976,9.765625e-05
10010011101101100000,18.193362813671268,9.765625e-05
11101000111110000010,23.556523725366247,9.765625e-05
11001110111101100111,24.326693904153437,9.765625e-05
00100111100111110100,19.27141962886469,9.765625e-05
00011011000001001011,20.728569139559177,9.765625e-05
10101111100101101110,28.777368742420883,9.765625e-05
01010101000100110100,26.805643727465572,9.765625e-05
00001110011011001000,21.624925929774673,9.765625e-05
11001111111001111000,13.354667074046702,9.765625e-05
00000101001000100000,26.921335946645538,9.765625e-05
10100110100101011011,30.830578447481287,9.765625e-05
11010011110001100001,12.806947229105141,9.765625e-05
01010100001101010100,18.910636540856007,9.765625e-05
10111011000010101101,36.469085143555574,9.765625e-05
01010100110100110011,23.965519284570576,9.765625e-05
01110110010110001111,14.159620713726397,9.765625e-05
11101001000010010100,23.88937067381928,9.765625e-05
00010000010000100101,28.278617811103917,0.0001953125
00111000000101001100,28.855634728340554,9.765625e-05
00010001100110100001,32.690732824608716,9.765625e-05
11011101100110100100,21.780594411780896,9.765625e-05
10101111001111001000,30.19633475587785,9.765625e-05
10101000100001110001,43.62868367762815,9.765625e-05
01010101100001111000,41.15500626695998,9.765625e-05
10101111001010011011,32.95951527585821,9.765625e-05
00011101010111110001,11.38245047776363,9.765625e-05
10101111101111110010,23.804903555602024,9.765625e-05
01010101011011100100,34.42270512365761,9.765625e-05
00010100100011011001,31.10740990925388,9.765625e-05
11011100010000010101,9.716816514839895,9.765625e-05
10010111010110101110,18.88702844410446,9.765625e-05
00100011000111000100,24.540415713132543,9.765625e-05
01010101101100110000,41.27604559067814,9.765625e-05
00111001001110000000,13.394772847768042,9.765625e-05
10100100000111001011,27.29800844477466,9.765625e-05
01000011010001000000,11.092465967965648,9.765625e-05
00101001001110010100,25.581978731793985,9.765625e-05
00001011001000000111,24.36026276912067,9.765625e-05
11110110000100001000,22.955252004739634,9.765625e-05
11100001101000000010,14.201293762445633,9.765625e-05
01010100010111010001,14.67724177473186,9.765625e-05
01010000010101011111,31.207671818722893,9.765625e-05
11000110101100010001,15.570376143730705,9.765625e-05
10000011110100010011,34.28406275678045,9.765625e-05
11100001100000001000,12.901861925272595,9.765625e-05
00000001000000010011,28.784235877143413,9.765625e-05
11010001010110111100,15.624925929774673,9.765625e-05
10000001110111100100,33.941515906694164,9.765625e-05
01010111101111110001,28.993998919290057,9.765625e-05
10001100100000101000,16.055155282775246,9.765625e-05
00111111011111001010,13.883144738562889,9.765625e-05
01000101110100000101,21.42207747389451,0.0001953125
01110011001101001011,18.93075882483671,0.0001953125
10010111011001111100,18.165820300894463,9.765625e-05
11011101010001000100,17.09372854312553,9.765625e-05
11110011010100000110,20.50736889768673,9.765625e-05
01100101110101111110,21.289638051092172,9.765625e-05
10101110011011111000,39.58579778525323,9.765625e-05
01100110001001100001,20.844154947789026,9.765625e-05
11101101010101010010,19.93860274557467,9.765625e-05
10000110011010010000,25.58510061268955,9.765625e-05
11111110111010011101,20.333607227559877,9.765625e-05
01110101000110001100,27.760066349520272,9.765625e-05
11110101001101101101,18.90650599704822,9.765625e-05
10011000100111100100,26.264822148925898,0.0001953125
00000001000001010000,22.309472472359936,9.765625e-05
10111111001111110011,26.15140978808696,9.765625e-05
00000001010011000000,26.27549593020835,9.765625e-05
11001010001011100000,24.886173338988883,9.765625e-05
11000010110100101000,21.094078435435122,9.765625e-05
00111101100111110111,13.393663313553969,9.765625e-05
10000001110001010000,24.196867470825364,9.765625e-05
00100000110011011010,50.44586403975525,9.765625e-05
01101000001100001001,26.188156870870245,9.765625e-05
01111001001100110011,16.791477979355772,9.765625e-05
00010110100100001010,19.163915617183328,9.765625e-05
10000010000010001100,30.82373067399285,9.765625e-05
01101000010001001010,26.09246596796565,9.765625e-05
11000101000001000000,13.596799082481553,9.765625e-05
10101110010100101000,46.265700343190076,9.765625e-05
11001101100001110000,10.979920519767255,9.765625e-05
11011100001100100101,10.53615900490625,9.765625e-05
00111000110001101001,26.928866537185062,9.765625e-05
00010101010111000101,17.73632875267,9.765625e-05
00010101011001010100,21.48974720603505,9.765625e-05
10111100111100100010,9.947323031566746,9.765625e-05
11010110111110011000,11.907076819689504,9.765625e-05
11101111110100010100,31.54101689520411,9.765625e-05
11110111111010111000,23.183688096391293,9.765625e-05
00010111111101010010,19.97763428478615,9.765625e-05
01100010101100100010,26.202478369948388,9.765625e-05
11011001010110110100,11.480692133815424,9.765625e-05
01000111010111010100,9.64559777625813,9.765625e-05
00111111111011001011,14.344883169893382,9.765625e-05
01110100110010010001,11.569945562901625,9.765625e-05
01110100010100100001,9.02759684236814,9.765625e-05
00011111010111101011,12.062513041820884,9.765625e-05
01110110110101000001,9.801076274108143,9.765625e-05
11001101011001100101,10.451093071704864,0.0001953125
11001000110100100010,20.952648690462517,9.765625e-05
11000010010011000100,24.49788939910416,9.765625e-05
11101001101000100010,15.477933373677033,9.765625e-05
01011110010111010110,12.444284641738586,9.765625e-05
01010101000001000101,25.276255142798846,0.0001953125
00101100111001000010,18.35868934006628,9.765625e-05
11110001001011100001,20.768757577401477,9.765625e-05
01110011110110000100,10.010766043903516,9.765625e-05
00100000001000000010,26.065164051861718,9.765625e-05
00010111110001011011,19.283897749837447,9.765625e-05
01010110011110110100,17.184986178395437,9.765625e-05
10101011111011101000,32.136905917321066,9.765625e-05
11111111110010101010,31.938870071730335,9.765625e-05
00000100010001000000,22.049216867706342,9.765625e-05
01010010010111010100,19.465197808476166,9.765625e-05
01110010111000000011,13.446979386248682,9.765625e-05
01111001010110100100,13.155189089597904,9.765625e-05
01011001000111010000,16.740331537852285,9.765625e-05
00010101100011001001,33.62762972386767,9.765625e-05
01010110010100010001,7.523690864237708,9.765625e-05
10000011000011111000,21.885181534428266,9.765625e-05
11001010000111011001,37.43590249929048,9.765625e-05
10111111111000011111,27.600787828098156,9.765625e-05
00010101010111000001,16.555148410126034,9.765625e-05
10101010101010101100,42.22543122766811,9.765625e-05
00111100111101100010,10.090242730764338,9.765625e-05
00010101011101100001,21.484957804497427,9.765625e-05
11001000010010100000,15.904983071747093,9.765625e-05
01100101010101011000,14.107535877781796,9.765625e-05
10001100011000111000,20.824963075226332,9.765625e-05
00101001001101100110,23.34389741103553,0.0001953125
00111000011000110010,19.39102053079946,9.765625e-05
11001001100011000000,14.424583154173337,9.765625e-05
11111110110110100011,20.327031487530743,9.765625e-05
00000001000110110100,34.85417684735606,9.765625e-05
10111111111111001000,20.912717892738925,9.765625e-05
11101011011000101110,28.501772468191703,9.765625e-05
11010110010100111110,13.586709635715417,9.765625e-05
10101010101011001011,47.43657564114443,9.765625e-05
01100111110100100111,19.490042132299262,9.765625e-05
01111011000010001110,25.696412739772967,9.765625e-05
10111111111011001011,21.763913198978646,9.765625e-05
00101000101000000011,28.35868934006628,0.0001953125
01101011011100000010,23.80717904882618,9.765625e-05
10111111010111101011,26.605672496546646,9.765625e-05
11101101100101010110,14.535938074574553,9.765625e-05
00100010101001010111,46.62066308871841,9.765625e-05
10010001110101111001,24.52406304537416,9.765625e-05
10101110000011010000,45.7815453986252,9.765625e-05
01111100110101100110,9.64559777625813,9.765625e-05
11101011111010000011,27.878545310341654,9.765625e-05
10101101111000100010,16.50362553233403,9.765625e-05
00011001100110011010,26.97669651554962,9.765625e-05
01111100001100000010,10.14020184390272,9.765625e-05
11001000000110010010,22.431469024515735,9.765625e-05
10011000001010111010,24.630598047376246,9.765625e-05
10001000000011101011,37.289638051092176,9.765625e-05
10000011001101100000,23.97014712360881,9.765625e-05
11010110110000001101,11.20225443532689,9.765625e-05
11010001111000101010,25.663252264731533,9.765625e-05
01010100010000000011,17.135470939981285,9.765625e-05
10101011101011001110,31.308643187642033,9.765625e-05
00010000010001001011,32.596749350977376,9.765625e-05
10000111001101001100,15.757596263212923,9.765625e-05
01110001100101010101,14.31275435937591,9.765625e-05
00000001001000010000,25.653191228782397,9.765625e-05
00011001001010111001,26.51895027427932,9.765625e-05
10101011101011011011,36.99381591114825,9.765625e-05
00001011010010011000,23.825333455425366,9.765625e-05
11000000001110000110,28.196867470825364,9.765625e-05
11111111011010001001,35.70502046034878,9.765625e-05
01100001010101000001,19.384307797058028,9.765625e-05
01111100101110000010,11.719241517439057,9.765625e-05
01100010010011000011,30.196934108939345,9.765625e-05
10011001000011000110,19.76842976718833,9.765625e-05
10000111011010101011,24.533936785553443,9.765625e-05
01011011100011011010,22.00237627814712,9.765625e-05
10101110001111101100,39.2508765480589,9.765625e-05
00110010001101100010,25.7828605619032,9.765625e-05
01101101110101000111,12.643673720473078,9.765625e-05
01110101101001011111,27.41753499775031,9.765625e-05
10110111111110101010,19.34691027972181,9.765625e-05
11110110100111111100,16.470879699241898,9.765625e-05
10100000100001100000,28.87892155073957,0.0001953125
01001111000111010100,10.535938074574549,9.765625e-05
00010100000010010000,20.596396836182095,9.765625e-05
00001011011110100001,27.53867113391848,9.765625e-05
01010101010010111110,38.68106155177235,9.765625e-05
10001111010101011101,30.223244318859336,9.765625e-05
00010000010100001011,30.828021223921045,9.765625e-05
10000100000001010100,21.006269669725654,9.765625e-05
11111011111111101000,20.183614394726042,9.765625e-05
00011010000110101110,25.811774945476607,9.765625e-05
10001110100010011110,27.363664372231383,9.765625e-05
10001111010101110001,27.429858543487555,9.765625e-05
11111100111011101000,12.128536258059645,9.765625e-05
01101110101110111010,18.108558922785157,9.765625e-05
11001100011100010000,10.608261183133207,9.765625e-05
01110110000110000001,15.073004440619222,9.765625e-05
11111000000100100110,19.547539644789325,9.765625e-05
11101001000000011010,25.050543458494516,9.765625e-05
01101000111000010010,18.46782872286184,9.765625e-05
01110101011100101010,26.793666553306924,9.765625e-05
01000100100111001100,31.932162463766716,9.765625e-05
01110111111001000011,18.837387248002212,9.765625e-05
01111111111111111111,13.940457992048898,9.765625e-05
10011010101011101100,28.85905153550033,9.765625e-05
01001111011111110010,12.218861652944941,9.765625e-05
10000010001010101000,30.30947247235994,9.765625e-05
11110001000101010101,15.017119395598634,9.765625e-05
01010101100101000000,28.93076317836544,9.765625e-05
10110101000111011000,17.27807187854864,9.765625e-05
00100111000100000010,18.234524407581514,9.765625e-05
11011011110111101101,15.247422503421452,9.765625e-05
10101110000010101011,37.488558430507446,9.765625e-05
10011101111101101100,14.058193775968608,9.765625e-05
11011000101000001000,14.825992226027997,9.765625e-05
11110100000101100001,11.296634038619565,9.765625e-05
00111101011101010000,8.942588683201706,9.765625e-05
00111101110101010011,8.813598951508078,0.0001953125
10000000101001101000,38.22763845011192,9.765625e-05
01100101000001000111,16.376554425540558,9.765625e-05
10010000000000001101,20.915245655114198,9.765625e-05
01100100000001001100,16.94761941583327,9.765625e-05
11101000111010000000,19.575709062068327,9.765625e-05
00000110101101101011,37.32604304028653,9.765625e-05
00110010011011001010,24.945606590128957,9.765625e-05
10000111011011000010,20.643673720473082,9.765625e-05
11101101010001011100,20.509633159744418,9.765625e-05
01100111001110110101,19.72649330568837,9.765625e-05
10111010000100101010,40.49615188303172,9.765625e-05
10100000100011000011,36.74069373868451,9.765625e-05
11110100110100001000,5.927554083929595,0.0001953125
11101010101110101100,32.134812169378655,9.765625e-05
11011110110000010011,17.9843664777287,9.765625e-05
00101110111001011011,31.70954183378568,9.765625e-05
11101111100111101011,25.75251056453598,9.765625e-05
00001000001010001110,36.28748652911482,9.765625e-05
01111100110100000011,5.997786535962845,9.765625e-05
00111000111000000111,20.429734032961953,9.765625e-05
01100111100001000110,16.776351029925742,9.765625e-05
11100111101101001100,15.819365687978333,9.765625e-05
00100010100010010010,32.98370128002884,0.0001953125
10010000010000010010,22.654736236179968,9.765625e-05
00001000110010001010,39.55461904165511,9.765625e-05
01111001110011000000,13.448900732011193,9.765625e-05
10011000110100001010,22.87892155073957,9.765625e-05
10100101010000101000,19.343709070385504,9.765625e-05
11110110001000000100,26.81510449042827,9.765625e-05
00011010001011010001,26.423194621325365,9.765625e-05
01000111010000000000,13.900011571152795,9.765625e-05
01110110111100100101,13.885181534428268,9.765625e-05
00010000100110010000,32.32542934255227,9.765625e-05
10011010111000000010,27.480692133815424,9.765625e-05
00011111110111011011,13.774290508867372,9.765625e-05
10101111011111011110,34.32134064514912,9.765625e-05
01011110011100100000,11.98839396749311,9.765625e-05
11111100010100011101,16.822574695286974,9.765625e-05
01011000111000101011,24.64970344081973,9.765625e-05
01010100000101001111,23.2745903213395,9.765625e-05
01101001100011101010,21.820180933130562,9.765625e-05
00000000100000001111,48.592561855092555,9.765625e-05
00001000001010000000,26.006269669725654,0.0001953125
01100010110000101100,25.001197825110516,9.765625e-05
01001101010010100010,17.74320304891082,9.765625e-05
00000010000110001000,30.915245655114198,9.765625e-05
01010011100001110111,24.902310616063858,9.765625e-05
10100001100000011000,19.930364376509583,0.0001953125
11010110011100010011,13.763881136987631,9.765625e-05
01010100010101000011,15.117181526111091,9.765625e-05
10100000010101100011,50.39373494165073,9.765625e-05
01011111000111010101,14.991208085911175,9.765625e-05
01101000010010110010,21.93912306446269,9.765625e-05
11000010110000100100,19.25525122011036,9.765625e-05
10101100000100011011,30.7278631137563,9.765625e-05
00000001001101000100,28.490652814903903,9.765625e-05
00010011111100010100,22.114380919568056,9.765625e-05
11001000010010101100,19.25525122011036,9.765625e-05
11101100101000011111,15.480692133815424,9.765625e-05
01110100111101001010,16.669317791132087,9.765625e-05
11011100000111011011,12.250516148164074,9.765625e-05
00011111110111001101,12.37350533722512,9.765625e-05
00111101011000110111,13.476615832471762,9.765625e-05
01001010111111000001,34.39373494165073,9.765625e-05
11010001111000001011,23.404444120604413,9.765625e-05
11110100011101110000,7.8996511712579744,9.765625e-05
01111101011111000101,10.457665661557655,9.765625e-05
11011101110001000001,15.99366567819201,9.765625e-05
01010001010101101111,27.673252207157347,9.765625e-05
11101010111010100001,33.498891183969,9.765625e-05
01010101010010011001,29.797407431968978,9.765625e-05
10111000000101000100,36.21063378062526,9.765625e-05
01101010110101000010,36.95889002565855,9.765625e-05
11110100111101100001,7.074234328130406,9.765625e-05
00101000100000110010,30.89337525993897,9.765625e-05
10001100010010110000,19.914374622368317,9.765625e-05
01110111011101110101,13.703881475789558,9.765625e-05
11011100100000110100,12.533695894613317,9.765625e-05
10100100100000010100,19.745666882785002,9.765625e-05
11100100100011010011,15.527878360122529,9.765625e-05
11000001000001010100,10.57570906206833,9.765625e-05
00101101000110000000,16.142058439615866,9.765625e-05
01101000001010011001,25.055139355144945,9.765625e-05
10001100101010100001,19.266239310570754,9.765625e-05
00001110000110001000,18.181540018857536,9.765625e-05
11100111111001110010,17.2304508162604,9.765625e-05
01101000001100111000,25.17402371244213,9.765625e-05
00010000010101001101,36.551238698682916,9.765625e-05
00011000001110010100,26.055486537431996,9.765625e-05
10101011101010100110,29.846290542136085,9.765625e-05
10110101101101000100,12.139174445370628,9.765625e-05
10111010110010011010,36.50850197274788,9.765625e-05
10101110111010100010,30.553718950798363,9.765625e-05
10000000100000001111,38.54680436453188,9.765625e-05
11101010111010111011,33.66594210679572,0.0001953125
10000011000100001001,23.04484564009848,9.765625e-05
11111011010000001000,38.69192334160954,9.765625e-05
00000010001010100100,36.11097307486399,9.765625e-05
01100110001111011110,20.96990561785082,9.765625e-05
01001010011010101100,22.825638067726526,9.765625e-05
01010100010100100011,18.806215578795182,9.765625e-05
00110010100110001001,20.75290879949349,9.765625e-05
10100100001101011001,25.675447131918332,9.765625e-05
01101010110000010000,30.88590505508026,9.765625e-05
11000101010001000100,8.819063785699708,9.765625e-05
00101001001100110000,24.049543660070974,9.765625e-05
01110100111001101000,21.311978152638765,9.765625e-05
11000010100000111111,26.315742142085593,9.765625e-05
10000000110010101011,47.577176836229846,9.765625e-05
11100101011111110000,15.651276135453056,9.765625e-05
11111011010000001110,35.169747408810025,9.765625e-05
11000111111001010000,12.055203370773237,9.765625e-05
11000111111001100101,15.145748727397443,9.765625e-05
01101000010010110110,24.26932588092229,9.765625e-05
11111000001000000001,19.537188155707916,9.765625e-05
11110100001101010010,11.02539306436794,9.765625e-05
10100011101110101111,32.325820259308585,9.765625e-05
11001111111111010101,14.825917066360434,9.765625e-05
11111110111110011001,17.25333341675848,9.765625e-05
00001000101010100000,33.739124673998674,9.765625e-05
11110000011110010111,18.733268090252988,9.765625e-05
00111100001100101010,11.896840878677992,9.765625e-05
01101000000010001111,26.276446917052652,9.765625e-05
10000110110000101001,22.611789038199284,9.765625e-05
10010100000000010000,13.322994653916155,0.0001953125
11100111011101010001,21.604606794430183,9.765625e-05
01100010010010100000,23.00118813907356,9.765625e-05
00101101001000110011,16.000332310376738,9.765625e-05
01010000010000010100,14.227644691705265,9.765625e-05
01010100011111010000,20.22793337637612,9.765625e-05
01110110111000010001,10.36026276912067,9.765625e-05
11111111010111011011,29.739355035307753,9.765625e-05
10110010001000000000,26.11073945420554,9.765625e-05
10010111010100000100,15.955193496283623,9.765625e-05
10100001110001101100,24.347906252307283,9.765625e-05
10001001100111000000,22.670683420335344,9.765625e-05
01010010000001000000,14.91499881684798,9.765625e-05
00000100100100110100,33.963627818467195,9.765625e-05
11110001100101011101,13.047478442548774,9.765625e-05
10111010000100011010,47.64325448002697,9.765625e-05
01110011111000000101,11.44890073201119,9.765625e-05
01010001111011100100,36.209645431348065,9.765625e-05
10101110101110101011,29.42636459021893,9.765625e-05
11111001111001100111,11.925715314751184,9.765625e-05
10001001101011000100,22.43295625787836,9.765625e-05
01101010101011111010,28.664923659879506,9.765625e-05
01101100000000000100,16.136129710583916,9.765625e-05
00001010001011100000,31.615205845359057,9.765625e-05
10000011101101000001,26.60663651590448,9.765625e-05
01000101000100010100,15.665405555170306,9.765625e-05
11110100111001010111,9.133128710266469,9.765625e-05
00000000101100110010,56.579853775884835,9.765625e-05
01101000101001001001,26.292808743566983,9.765625e-05
10100110101011110001,29.09304333730737,0.0001953125
00011111011111101000,11.736207148510632,9.765625e-05
10100101100100100001,16.05520337077324,9.765625e-05
00111111011111111010,15.062570815855828,9.765625e-05
10001101110001101100,15.273054999978886,9.765625e-05
11010111000011001011,27.768818883007242,9.765625e-05
11100000110010001001,22.173249393769602,9.765625e-05
11110000111100000010,8.292808743566983,9.765625e-05
11111100010101000011,15.6647637408863,9.765625e-05
01011011110001000111,17.005989125552578,9.765625e-05
11001000010100101000,21.055155282775246,9.765625e-05
00111001000001000000,16.674451675774048,9.765625e-05
11000010001111011000,27.294716871721732,9.765625e-05
01011111000011111111,22.10469308264733,9.765625e-05
00111000001010000001,16.48628782888939,9.765625e-05
01000000010001000110,28.728042481110794,9.765625e-05
01000000000110000100,26.27340218226594,9.765625e-05
00001010101010100100,34.11569773719207,9.765625e-05
01000101111011001100,36.183980949087,9.765625e-05
10110000110000110011,22.506339943185303,9.765625e-05
10001100110001000000,19.74189591732376,9.765625e-05
01001100111000100010,18.728450892716218,9.765625e-05
10111010110000101010,33.232667811868374,9.765625e-05
01011010001101001010,21.332656240715572,9.765625e-05
00000001011011001000,36.321253420769025,9.765625e-05
00010100001101010001,18.892398659427418,9.765625e-05
00111000001100001100,22.21289533266041,9.765625e-05
11101011111110011100,27.91779942339102,9.765625e-05
10001100000000110001,18.085841122090017,9.765625e-05
10001011110100000000,31.767341237714547,9.765625e-05
00100010001000000100,31.909682843989167,9.765625e-05
11101111110010011110,24.782279758957696,9.765625e-05
10000100010101000000,21.847907177630404,9.765625e-05
11010010100001001000,14.116302265330571,9.765625e-05
01100011111101000001,20.911695914251908,9.765625e-05
10010011100000001100,14.915953248135887,9.765625e-05
10110010010000001011,29.801083250122556,9.765625e-05
11111110011101111010,23.85360082800159,9.765625e-05
00010001101011000000,33.474933831361895,9.765625e-05
01010011011000101010,23.05989065982861,9.765625e-05
01101101101111010100,11.514848054161327,9.765625e-05
10001110111011100000,25.39102053079946,9.765625e-05
00100110001011100000,23.673484026878377,9.765625e-05
11011111110111111100,12.556889643273166,9.765625e-05
00001110000011000101,23.151418124136658,9.765625e-05
01011100100011011100,21.35965625454088,9.765625e-05
11010100110111101001,16.560879025343805,9.765625e-05
00001010000000010000,33.87648062051011,9.765625e-05
00101110101010101011,23.823286151974756,9.765625e-05
01010001111101000001,26.349425646037595,9.765625e-05
11000110000001010000,14.041112782331009,9.765625e-05
01010001010100100101,18.207158475849287,9.765625e-05
00000001010001010000,26.196867470825364,9.765625e-05
00010001001000110001,29.338023746015985,9.765625e-05
00010100110100110001,23.979314946748595,9.765625e-05
00110111110101100000,12.57689720114189,9.765625e-05
01111000100101000010,14.486287828889392,9.765625e-05
11010111111111110111,19.414676100731143,9.765625e-05
11110111011001000100,24.52653830675851,9.765625e-05
00101010111010010010,40.23598249570607,9.765625e-05
01100000110000000001,20.080224999222157,9.765625e-05
01000101010011111010,31.533946471590397,9.765625e-05
11010110100101011000,10.832874651926787,9.765625e-05
01000001100011100100,30.422656301238547,9.765625e-05
10010010110001100000,23.28489372242292,9.765625e-05
00001011010010000000,19.313898763980205,9.765625e-05
01111011101001110101,22.33164060178893,9.765625e-05
11111011111001011010,24.467163797793063,9.765625e-05
00011000111010110000,29.788341541705012,9.765625e-05
11110001100101110111,14.591218700220034,9.765625e-05
01011110101010010011,18.276208306821072,9.765625e-05
01011111001110010110,20.428054290924457,9.765625e-05
00101000001011100010,30.67724177473186,0.0001953125
01001111011101010101,12.726834246382074,9.765625e-05
11110000010100100000,9.38946656094618,9.765625e-05
01001010010001001000,26.409531892849856,9.765625e-05
10011111010101101000,18.482545285084964,9.765625e-05
10001100100000110100,19.178047757762936,9.765625e-05
01111100011100100001,6.327060545641608,9.765625e-05
01010011000000000010,20.92167073287309,9.765625e-05
00100001000100010000,21.52775123795106,9.765625e-05
01010010000110000001,14.486287828889388,9.765625e-05
00100111001110000000,16.371796879263538,9.765625e-05
10011000100110100100,22.175568719839696,9.765625e-05
00000101001111001010,33.46615150534301,9.765625e-05
10000001000101000000,19.065164051861718,9.765625e-05
10111111110110101011,22.43764841765197,9.765625e-05
11101100101110110011,13.368696367722995,9.765625e-05
01100111101101010100,12.360262769120666,9.765625e-05
11111111101011100110,31.52275693167907,9.765625e-05
01100011110010010010,15.989977191347846,9.765625e-05
10110101001101110101,14.446436163715944,9.765625e-05
01101101011110001110,15.698222488668542,9.765625e-05
11010110001001010101,17.296634038619565,9.765625e-05
00001100001111011000,24.150824016456188,9.765625e-05
00001111000011001100,13.63812757139942,9.765625e-05
00110001000000011100,18.584796000388387,9.765625e-05
11110001111101000011,11.528090622265779,9.765625e-05
00101000011010001010,33.536400619427624,0.0001953125
01010000011000010000,17.094078435435122,9.765625e-05
01110011100111010001,16.559458430095162,9.765625e-05
01000101101000101010,49.13772000882974,9.765625e-05
10101011101001110110,37.01093863158729,9.765625e-05
11010110111000010000,12.928514022389784,9.765625e-05
11001100110000000010,10.857311211438324,9.765625e-05
10001011101110011000,27.72026965039221,9.765625e-05
10101001111100111010,31.119157114337742,9.765625e-05
00010001111010000000,31.669723481875156,9.765625e-05
10000011101001110001,28.25641989998281,9.765625e-05
00001110100110110000,20.776683976756523,9.765625e-05
01101101011101100001,13.685749885707885,9.765625e-05
00000110101100000011,28.341428059149244,9.765625e-05
00110111110101100110,15.116766883752135,0.0001953125
01010101100000111101,41.15500626695999,9.765625e-05
00000010111000000011,43.689781837764414,9.765625e-05
10111111001111111100,27.336471849731204,9.765625e-05
01111100111101010100,6.914991840833567,9.765625e-05
01101111111011100011,17.372702058818398,9.765625e-05
01010100110001000001,18.001188139073562,9.765625e-05
00101001001001010011,24.533936785553443,9.765625e-05
10100111101000110100,22.74507212781067,9.765625e-05
11111110010010111111,26.746003742581063,9.765625e-05
01001011111011100110,18.430717093046738,9.765625e-05
10110001010010111010,22.112109681495955,9.765625e-05
00111101111100110100,12.566638062218393,9.765625e-05
11100011101010111010,20.583650861363026,9.765625e-05
11011011110011101101,15.005989125552581,9.765625e-05
01010101010101110101,17.440160252396947,9.765625e-05
01011011011011011100,13.624511287415714,9.765625e-05
11001000010101100000,25.114665865528053,9.765625e-05
00100010000100001010,35.02688103215163,9.765625e-05
10001010000100100100,46.42582803859352,9.765625e-05
10111100101010001100,19.645951934559598,9.765625e-05
01110011010111010001,15.196975955343987,9.765625e-05
01011111000110110000,22.328697990324294,9.765625e-05
10000011100000000100,17.565077850771768,9.765625e-05
00101000011110001111,49.47301248559939,9.765625e-05
01110100000000000000,15.473562869650419,9.765625e-05
01001111000010110110,16.156164232107148,9.765625e-05
10110101000101110110,16.556889643273163,9.765625e-05
10111111011110101011,24.039766183014883,9.765625e-05
11101111101111011110,20.331640601788934,9.765625e-05
