iteration,energy
1,1.474365234375
2,2.587890625
3,-0.9538574218750001
4,1.673828125
5,-1.9658203125000004
6,15.941162109375
7,-14.054931640625
8,97.003662109375
9,-16.70556640625
10,4.759033203125
11,-0.6845703125
12,4.369140625
13,6.23876953125
14,7.673583984375
15,-9.276123046875
16,2.04931640625
17,22.148437500000004
18,8.125732421875
19,24.86083984375
20,-16.570068359375
21,24.054443359375
22,-13.7470703125
23,1.2666015625
24,-13.269531249999998
25,71.05712890625
26,17.87841796875
27,-18.476318359375
28,14.63720703125
29,-23.60009765625
30,17.142578125
31,44.4296875
32,-7.83642578125
33,-72.755126953125
34,-14.1923828125
35,76.156005859375
36,-13.6474609375
37,-5.408447265625
38,9.988525390625
39,-4.229248046875
40,15.611572265625
41,-6.489990234375
42,-0.191650390625
43,6.535888671875
44,-0.5546875
45,-6.409912109374999
46,70.666259765625
47,-23.96728515625
48,8.046875
49,-18.8330078125
50,78.02636718750001
51,14.912841796875
52,-21.980712890625
53,26.451416015625
54,-23.94189453125
55,2.915039062499999
56,-21.159667968749996
57,43.723876953125
58,-3.17431640625
59,44.402099609375
60,10.0576171875
61,-6.220458984375
62,44.912841796875
63,-10.066650390625
64,41.612060546875
65,-9.823486328125
66,2.33837890625
67,2.134765625
68,-0.039794921875
69,-2.24365234375
70,-3.9814453124999996
71,-1.1892089843750009
72,55.306396484375
73,-10.994873046875
74,60.00683593749999
75,-12.845947265625
76,-9.14599609375
77,1.099365234375
78,36.8359375
79,-6.009521484375
80,31.240234375
81,0.6130371093750001
82,1.468017578125
83,11.869140625
84,8.64501953125
85,-9.727050781250002
86,0.68896484375
87,27.673828125
88,3.00830078125
89,24.764404296875
90,-11.929443359375
91,-2.275634765625
92,5.022216796875
93,-0.86865234375
94,3.17236328125
95,-3.15673828125
96,140.65625
97,-14.5048828125
98,46.67724609375
99,-18.75732421875
100,-28.986083984375
101,-3.161376953125
102,47.04248046875
103,-14.584228515625002
104,46.75537109375
105,-16.45556640625
106,1.403076171875
107,3.4970703124999996
108,1.072509765625
109,6.937744140625001
110,4.72705078125
111,-21.676025390625
112,29.107421875
113,-0.49609375
114,36.082763671875
115,-69.174560546875
116,1.06689453125
117,3.98486328125
118,47.625244140625
119,0.089599609375
120,-4.5634765625
121,1.7392578125
122,-5.77197265625
123,6.6328125
124,1.028564453125
125,9.300781249999998
126,-1.9663085937500002
127,17.051025390625
128,-9.1123046875
129,10.1953125
130,-13.913574218749998
131,-11.42041015625
132,0.524658203125
133,16.04541015625
134,-1.276123046875
135,-4.8505859375
136,62.878173828125
137,3.520751953124999
138,25.391357421875
139,3.2778320312499987
140,15.55322265625
141,114.387939453125
142,-15.472900390625
143,53.076416015625
144,-20.1904296875
145,-31.22265625
146,13.763427734375
147,63.200439453125
148,-18.08447265625
149,64.127197265625
150,-12.609619140625
151,8.628662109375
152,-35.14599609375
153,-8.320556640625
154,-34.64697265625
155,10.674560546875
156,30.080810546875
157,126.849609375
158,-9.597900390625
159,122.806640625
160,13.351318359375
161,9.585693359375
162,14.024658203125
163,-35.095703125
164,15.8544921875
165,-3.9423828124999996
166,-28.304931640625
167,12.795166015625002
168,156.27392578125003
169,16.869140625
170,-7.245361328125
171,-8.952392578125
172,-10.029541015625002
173,-4.4853515625
174,-10.656494140625
175,-0.2529296875
176,18.302978515625
177,-13.7822265625
178,-2.154541015625
179,-14.914550781250002
180,0.27490234375
181,16.838623046875
182,-23.51171875
183,17.442626953124996
184,-26.23486328125
185,80.91796875
186,-22.282470703125
187,25.814453125
188,25.84423828125
189,22.250732421875
190,5.044921875000001
191,-20.215332031250004
192,24.9189453125
193,5.45458984375
194,21.98388671875
195,-9.894531249999998
196,-4.759521484375
197,102.287353515625
198,0.74658203125
199,109.05371093749999
200,-17.015625
201,5.239013671875
202,4.82373046875
203,12.1142578125
204,2.300048828125
205,-12.171142578125
206,-12.324951171875
207,-2.850830078125
208,20.863037109375
209,-9.259521484374998
210,20.3662109375
211,-17.510498046875
212,12.777343750000002
213,29.560546875
214,18.5029296875
215,-24.05517578125
216,8.205078125
217,-21.415283203124996
218,-2.3388671875000004
219,-17.082763671875
220,13.496826171875
221,26.21630859375
222,-19.88037109375
223,17.93115234375
224,-20.449707031250004
225,142.77587890625
226,-4.932861328125
227,-9.158447265625
228,1.1850585937500002
229,-12.508544921875
230,-0.6096191406249999
231,-0.018310546875
232,-9.0849609375
233,48.370361328125
234,-10.729736328125
235,7.631591796875
236,41.15380859375
237,-51.35986328125
238,-27.144042968749996
239,-52.133056640625
240,29.876953125
241,-5.654541015625
242,8.143798828125
243,1.26171875
244,4.025146484375
245,6.536865234375
246,15.679443359375
247,-6.15380859375
248,69.269287109375
249,-6.193115234375
250,3.5810546875000004
251,64.991943359375
252,-9.394775390625
253,34.146728515625
254,-11.448486328125
255,-13.3408203125
256,6.620361328125
257,-2.12255859375
258,1.579833984375
259,-1.224609375
260,4.959228515625
261,4.980224609374999
262,-22.28125
263,-7.09423828125
264,-27.838623046875
265,2.665771484375
266,-15.98681640625
267,-15.781494140625
268,-21.93603515625
269,-18.91357421875
270,27.502685546875
271,16.879150390625
272,-16.3388671875
273,-0.158935546875
274,-18.28173828125
275,-4.236328125
276,0.43115234375
277,-1.2446289062499998
278,1.4946289062499998
279,-2.267822265625
280,-2.68505859375
281,5.685546875000001
282,-19.628662109375
283,110.931396484375
284,-17.989501953125
285,6.30859375
286,-36.703857421875
287,16.989013671875
288,-0.117431640625
289,19.314453125
290,8.29638671875
291,41.6015625
292,-19.207763671875
293,2.179443359375
294,-15.10693359375
295,69.49462890625
296,-12.7265625
297,51.807373046875
298,-22.063476562500004
299,51.31054687499999
300,-40.416748046875
301,94.72705078125
302,1.456787109374999
303,-29.657958984375
304,0.17529296874999956
305,22.145751953125
306,-23.144042968749996
307,16.226806640625
308,2.045654296875
309,12.163330078125
310,3.968505859375
311,0.34228515625
312,1.202392578125
313,0.139892578125
314,0.8430175781249999
315,4.429931640625
316,24.373779296875
317,1.994873046875
318,-3.964111328125
319,-11.102050781250002
320,13.850341796875
321,-0.103759765625
322,7.65087890625
323,-0.98486328125
324,10.865966796875
325,2.127685546875
326,5.713134765625
327,4.7060546875
328,-6.727294921875
329,2.908203125
330,11.1767578125
331,-0.441162109375
332,12.879638671875
333,-21.803955078125
334,11.6650390625
335,3.106689453125
336,-1.673583984375
337,-4.501708984375
338,-3.427978515625
339,-9.701171875
340,14.410400390625
341,22.47998046875
342,-25.326416015625
343,5.0556640625
344,-23.674560546875
345,33.9638671875
346,7.529541015625
347,4.7705078125
348,-14.4541015625
349,6.85595703125
350,23.434814453125
351,-15.951904296875
352,8.845703125
353,1.7551269531250004
354,10.113281249999998
355,-4.374755859375
356,0.22875976562500022
357,23.982666015625
358,-7.51708984375
359,25.232666015625
360,-55.224609375
361,3.100830078125
362,0.10205078125
363,-11.4931640625
364,4.379638671875
365,-9.1630859375
366,-4.569091796875
367,6.539306640625001
368,4.77490234375
369,-1.294921875
370,2.7001953124999996
371,139.40185546875
372,7.608154296874999
373,-38.71191406250001
374,4.579833984374997
375,36.99267578125
376,47.549560546875
377,-21.262451171875
378,27.637939453125
379,-17.264404296875
380,133.8330078125
381,37.93798828125
382,-65.52001953125
383,-18.647216796875004
384,-66.032470703125
385,13.762451171875
386,26.384765625
387,-25.31884765625
388,15.9833984375
389,-28.313720703125
390,8.312255859375
391,6.326660156249998
392,122.939453125
393,-2.7861328124999996
394,124.723876953125
395,-18.139404296875
396,1.400146484375
397,-1.9438476562500002
398,-17.4501953125
399,-1.495849609375
400,9.790283203125
401,2.312255859375
402,6.157470703125
403,4.16943359375
404,6.363037109374999
405,-6.005615234375
406,3.0224609375000004
407,-3.319091796875
408,1.049072265625
409,-4.120361328125
410,0.7880859375
411,8.654541015625
412,-37.5283203125
413,9.1796875
414,-36.750732421875
415,13.345458984374998
416,-3.78369140625
417,-5.80126953125
418,-1.4599609375
419,-4.96435546875
420,-1.3642578125
421,22.6044921875
422,117.130859375
423,-15.6220703125
424,115.600341796875
425,-3.33642578125
426,-1.932861328125
427,-2.981689453125
428,0.274658203125
429,4.287109375
430,7.468017578125
431,70.48828125
432,-50.577880859375
433,42.08251953125
434,-51.83691406250001
435,-30.0048828125
436,7.799560546875
437,-38.468017578125
438,36.229248046875
439,-43.21728515625
440,27.57421875
441,-19.362548828125
442,26.90625
443,8.155517578125
444,30.27978515625
445,-39.60937500000001
446,-19.828857421875
447,25.150634765625
448,-67.132568359375
449,13.33056640625
450,-1.683837890625
451,-18.3955078125
452,17.654296875
453,5.474365234375
454,19.3779296875
455,1.2712402343749964
456,-7.298828124999999
457,6.0869140625
458,18.758056640625
459,12.499755859375
460,32.06494140625
461,10.040283203125
462,48.97558593749999
463,24.7529296875
464,57.30004882812501
465,6.28564453125
466,2.573486328125
467,17.147216796875
468,1.4096679687500002
469,11.543212890625
470,-1.05908203125
471,3.92919921875
472,0.7902832031249999
473,-24.633544921875
474,0.68896484375
475,31.94384765625
476,-13.4853515625
477,5.627685546875
478,6.52001953125
479,5.48583984375
480,-17.40771484375
481,-2.421875
482,-2.03955078125
483,-1.534423828125
484,-3.970458984375
485,-2.281982421875
486,-1.794677734375
487,-5.322021484375
488,-6.11669921875
489,-3.10498046875
490,-0.39501953125
491,-8.957763671875
492,-9.67724609375
493,-2.28564453125
494,-9.778564453125
495,-3.28466796875
496,6.23291015625
497,-4.49853515625
498,5.831298828125
499,1.7504882812499998
500,-0.09716796875
501,-2.847900390625
502,2.52490234375
503,39.650390625
504,0.80615234375
505,26.103515625
506,-18.09521484375
507,35.870361328125
508,-5.65966796875
509,41.78759765625
510,-10.223876953125
511,18.0634765625
512,-47.5
513,16.064453125
514,-50.31201171875
515,-13.053466796875
516,-13.97998046875
517,116.68505859375001
518,45.643310546875
519,121.178955078125
520,-4.63623046875
521,54.095947265625
522,-23.206542968749996
523,161.202392578125
524,-21.368408203124996
525,42.33129882812501
526,3.321044921875
527,13.714843750000002
528,-3.744384765625
529,15.530761718749998
530,-4.047607421875
531,9.04833984375
532,22.63330078125
533,-3.385009765625
534,22.3466796875
535,3.84521484375
536,-9.302001953125
537,-10.498291015625002
538,6.6826171875
539,-5.05615234375
540,1.3686523437500002
541,84.12451171875
542,1.6123046874999996
543,-6.608154296875
544,5.523193359374999
545,14.3955078125
546,-37.036376953125
547,84.835205078125
548,-10.326171875
549,87.3115234375
550,-12.058349609375
551,5.299560546875
552,0.71728515625
553,77.163330078125
554,0.210205078125
555,2.3339843749999996
556,-12.515136718749998
557,15.125732421875
558,20.226318359375
559,16.25830078125
560,23.667236328125
561,-15.703857421875
562,23.33251953125
563,16.797607421875
564,23.409667968749996
565,9.04638671875
566,-5.46533203125
567,11.921875
568,5.851318359374999
569,9.585693359375
570,-4.208740234375
571,27.430419921875
572,-25.44873046875
573,88.16259765625001
574,-27.958740234375
575,-54.7783203125
576,-29.02685546875
577,45.9736328125
578,5.688720703125
579,45.837890625
580,4.982666015624998
581,3.717529296875
582,8.0009765625
583,41.582275390625
584,6.12158203125
585,-22.38037109375
586,-5.943359375000001
587,7.21630859375
588,5.04833984375
589,7.279296875000001
590,-0.0009765625
591,-2.664794921875
592,-3.443115234375
593,3.876708984375
594,-8.6943359375
595,18.24951171875
596,53.92138671875
597,-26.168457031250004
598,161.279052734375
599,-25.860351562500004
600,41.89868164062499
601,-13.755126953125
602,-11.09912109375
603,7.095703124999999
604,-12.576904296875
605,-9.3525390625
606,-2.957763671875
607,-0.032470703125
608,14.59716796875
609,-4.62939453125
610,14.7861328125
611,-2.5498046875000004
612,-10.178955078125
613,13.65283203125
614,-5.147216796875
615,-0.7355957031249999
616,-2.663330078125
617,-12.468505859375
618,-10.66552734375
619,-8.38427734375
620,-0.896484375
621,-0.08642578125
622,11.54052734375
623,0.77001953125
624,12.67724609375
625,-39.216064453125
626,60.69995117187499
627,-11.078857421875
628,74.513916015625
629,-6.94140625
630,3.8125
631,8.639404296875
632,-28.895751953125
633,71.159912109375
634,-22.215087890625
635,2.291748046875
636,29.006591796875004
637,-25.948486328125
638,0.124267578125
639,-26.51611328125
640,28.205810546875
641,-52.575927734375
642,38.485595703125
643,-33.727294921875
644,41.331787109375
645,38.22509765625
646,-24.795166015625
647,82.942626953125
648,-43.25146484375
649,84.17431640625
650,3.295654296875
651,3.974609375
652,-4.529052734375
653,5.302001953125
654,-0.553955078125
655,3.554931640625
656,-4.8681640625
657,-2.81640625
658,-2.0458984375
659,0.074951171875
660,-0.7741699218750001
661,4.87841796875
662,11.955078125
663,2.079345703125
664,7.384033203125
665,-6.970458984375
666,-7.8642578125
667,-5.761962890625001
668,1.626708984375
669,-1.1547851562499998
670,23.350830078125
671,-4.016357421875
672,-2.436279296875
673,0.21435546875
674,-5.650390624999999
675,-2.183349609375
676,-0.7399902343750001
677,0.465087890625
678,-21.38232421875
679,-2.17041015625
680,7.146484375000001
681,3.574951171875
682,22.784667968749996
683,-10.210449218749998
684,24.80517578125
685,-23.809326171875
686,-4.67822265625
687,-7.138671875000001
688,4.83154296875
689,1.204345703125
690,-4.849609375000001
691,-4.301513671875
692,5.798583984375
693,-8.048583984375
694,-1.260986328125
695,-1.3330078125
696,1.3876953125
697,1.2329101562499998
698,-8.287109375
699,0.48779296875
700,-2.5751953124999996
701,-12.162841796875
702,69.538330078125
703,-25.357421875
704,75.522705078125
705,-5.357666015625
706,7.15625
707,20.7275390625
708,2.29541015625
709,26.991455078125
710,-23.4033203125
711,-28.65771484375
712,36.53466796875
713,-2.0830078125
714,28.717529296875
715,-4.8203125
716,-50.4677734375
717,15.335205078125
718,10.530517578125
719,5.924560546875
720,-17.500244140625
721,-7.333740234375
722,15.951171875
723,-5.09716796875
724,13.20751953125
725,-25.840087890625
726,3.81787109375
727,16.533203125
728,-41.34912109375
729,15.5263671875
730,-3.458251953125
731,17.117919921875
732,7.6572265625
733,-12.794677734375
734,4.43017578125
735,1.846923828125
736,-1.1748046875
737,55.74365234375
738,-11.82666015625
739,63.36254882812501
740,-12.899169921875
741,-1.4287109375
742,-11.481201171875
743,-12.4931640625
744,-7.51171875
745,73.579833984375
746,-37.97314453125001
747,37.53662109375
748,-26.031005859375
749,33.470947265625
750,45.0703125
751,1.9736328125
752,-0.951171875
753,5.944580078125
754,5.68212890625
755,-4.09619140625
756,-10.147216796875
757,75.928955078125
758,-26.294189453125
759,70.78466796875
760,-10.027099609375
761,35.09423828125
762,-13.833251953125
763,63.80126953125
764,-13.776123046875
765,-6.6875
766,-24.069580078125
767,3.140380859375
768,9.0546875
769,9.946044921875
770,1.3051757812499998
771,-0.8098144531249999
772,16.7275390625
773,7.591552734375
774,23.592529296875
775,-3.001953125
776,0.104248046875
777,-4.773193359374999
778,1.4301757812499998
779,-1.368896484375
780,-4.200927734375
781,-8.409912109375
782,-1.1826171874999998
783,-3.531005859375
784,-4.105224609375
785,-18.57958984375
786,-12.7529296875
787,5.41845703125
788,-0.573974609375
789,-0.9528808593750001
790,-8.482421875
791,51.22558593749999
792,-6.472900390625001
793,12.741699218749998
794,-5.6533203125
795,139.158447265625
796,54.4150390625
797,6.29296875
798,14.073974609375
799,6.293212890625001
800,-24.9794921875
801,24.55078125
802,5.472412109374999
803,17.206298828125
804,1.504638671875
805,-7.12548828125
806,9.16845703125
807,-12.617675781250002
808,10.2197265625
809,-16.630615234375
810,5.926025390625001
811,-0.73681640625
812,-1.175537109375
813,3.05517578125
814,-0.143310546875
815,1.7668457031249998
816,-16.98193359375
817,11.117431640625
818,-6.49951171875
819,9.802490234375
820,-1.905517578125
821,142.109130859375
822,6.584716796875
823,-33.48681640625
824,0.69970703125
825,27.525390625
826,4.4150390625
827,5.239013671875
828,-5.810302734375
829,4.155517578125
830,0.6203613281249999
831,15.224609375
832,-27.16552734375
833,-7.83642578125
834,-22.57421875
835,-12.24755859375
836,-26.201904296875
837,39.90820312500001
838,6.642333984374999
839,37.00634765625
840,9.13623046875
841,-16.944580078125
842,5.9951171875
843,-4.23486328125
844,7.597412109374999
845,-37.80126953125
846,-18.127685546875
847,6.887451171875
848,99.041015625
849,8.6083984375
850,-19.956787109375
851,17.195068359375
852,0.8986816406249999
853,0.38525390625
854,-4.150634765625
855,74.562744140625
856,10.562744140625
857,68.6787109375
858,-22.341796875
859,71.028076171875
860,10.391357421875
861,-40.764404296875
862,14.654541015625002
863,-3.370849609375
864,14.669677734375
865,8.86083984375
866,1.899658203125
867,4.802734375000001
868,18.26025390625
869,-0.41748046875
870,-6.098876953125
871,-12.08935546875
872,-5.5205078125
873,-6.8193359375
874,-7.05810546875
875,0.2890625
876,-0.202880859375
877,-2.14453125
878,-0.4619140625
879,-5.568603515625
880,-1.580078125
881,1.07421875
882,-4.638916015625
883,2.451904296875
884,-1.079345703125
885,1.077880859375
886,-35.976806640625
887,62.28955078125
888,-1.666015625
889,67.78125
890,-36.41259765625
891,-7.92724609375
892,14.400390625
893,-1.263916015625
894,16.970458984375
895,10.3876953125
896,2.68115234375
897,1.358642578125
898,-20.117431640625
899,9.087890625
900,12.263671875
901,24.141357421875
902,-9.055419921875
903,6.183837890625001
904,-11.0576171875
905,75.774658203125
906,-16.125244140625
907,-15.3076171875
908,7.373291015625
909,-17.880126953125
910,-7.647216796875
911,103.201904296875
912,-24.76708984375
913,-44.99243164062499
914,-21.39599609375
915,46.3515625
916,25.48486328125
917,-23.63134765625
918,100.8896484375
919,-13.602783203125
920,-48.89013671875
921,22.649169921875
922,-68.228271484375
923,11.4853515625
924,-69.662109375
925,-14.2392578125
926,8.30126953125
927,-27.016601562500004
928,13.8388671875
929,-26.01416015625
930,6.6884765625
931,-20.439208984375
932,35.981689453125
933,-4.15673828125
934,49.135498046875
935,-12.077880859375
936,26.041259765625
937,-0.9865722656249998
938,-7.54345703125
939,0.7248535156249999
940,47.042236328125
941,26.564453125
942,3.823486328125
943,-10.472412109375
944,5.090576171875
945,33.83203125
946,-27.492919921875
947,89.414794921875
948,-31.86767578125
949,94.475830078125
950,-8.833740234375
951,-23.037841796875004
952,8.730712890625
953,-6.924072265625
954,0.36791992187500033
955,-1.1538085937500002
956,-22.195312499999996
957,-7.552490234375
958,20.406982421875
959,-6.166259765625
960,-24.157470703125
961,36.18212890625
962,0.49169921875
963,9.64990234375
964,4.4951171875
965,-16.22021484375
966,-0.8552246093750001
967,-13.91845703125
968,-3.340087890625
969,-15.605224609375
970,3.96826171875
971,10.648193359375
972,61.370361328125
973,4.685791015625
974,62.90673828125
975,-5.10107421875
976,-5.86181640625
977,-0.45410156249999983
978,1.3852539062499998
979,-5.85107421875
980,-8.976318359375
981,3.059326171875
982,0.024658203125
983,0.85791015625
984,-2.188232421875
985,5.289306640625001
986,-6.818359375000001
987,36.05224609375
988,-1.599853515625
989,36.350341796875
990,6.36328125
991,3.10986328125
992,0.051513671875
993,3.83837890625
994,1.8188476562499998
995,5.404541015625
996,3.61181640625
997,9.868896484374998
998,10.511962890625
999,11.319824218749998
1000,-12.689697265625
1001,0.95068359375
1002,14.09375
1003,5.263427734375
1004,8.542724609375
1005,-17.989990234375
1006,20.16162109375
1007,-30.016357421875
1008,70.983642578125
1009,-32.431884765625
1010,9.974609375
1011,9.3720703125
1012,13.330078125
1013,-6.257568359374999
1014,14.094238281250002
1015,7.891357421875
1016,-66.3603515625
1017,24.053955078125
1018,-30.71337890625
1019,24.135009765625
1020,27.875732421875
1021,40.18798828125
1022,-13.287109375
1023,148.023193359375
1024,-13.590087890625
1025,21.758544921875
1026,-54.76123046875
1027,97.197509765625
1028,-29.939208984375
1029,99.211669921875
1030,30.22802734375
1031,-13.087158203125
1032,8.087158203125
1033,-4.387939453125
1034,9.940673828125
1035,1.224853515625
1036,50.977294921875
1037,-41.60009765625
1038,14.767822265625
1039,-40.2451171875
1040,47.684814453125
1041,7.9892578125
1042,6.820556640625001
1043,7.93212890625
1044,8.500244140625
1045,-2.1806640625
1046,-5.0126953125
1047,-2.761962890625
1048,-18.996582031250004
1049,-3.662841796875
1050,-16.04443359375
1051,2.122802734375
1052,-2.07373046875
1053,56.103271484375
1054,-4.593017578125
1055,-12.618896484374998
1056,-0.31103515625
1057,0.389404296875
1058,6.593505859374999
1059,-2.0341796875
1060,0.654296875
1061,-7.526123046875
1062,-12.8994140625
1063,-17.300048828125
1064,-9.36474609375
1065,51.375244140625
1066,8.468505859375
1067,2.0849609375
1068,9.033203125
1069,1.875732421875
1070,12.900146484374998
1071,1.05859375
1072,1.662353515625
1073,3.400390625
1074,-1.4506835937500002
1075,2.05517578125
1076,12.924072265625
1077,11.0908203125
1078,-36.577880859375
1079,10.006103515625002
1080,-7.7705078125
1081,-17.837646484375
1082,14.4052734375
1083,-49.29052734375
1084,12.577392578125
1085,68.467529296875
1086,-11.252685546875
1087,74.04541015625
1088,-3.42626953125
1089,74.66796875
1090,-13.013671875
1091,14.0546875
1092,-5.991943359374999
1093,53.0283203125
1094,-4.324951171875
1095,-2.408203125
1096,-16.541259765625
1097,10.115234375
1098,-8.16259765625
1099,10.498779296875
1100,0.9326171875
1101,8.34716796875
1102,1.2431640625
1103,7.1279296875
1104,-0.537353515625
1105,-10.178955078125
1106,-2.34033203125
1107,61.204345703125
1108,-22.3837890625
1109,59.676025390625
1110,-24.279052734374996
1111,-4.535888671875
1112,-1.626953125
1113,-0.7705078125
1114,-0.332275390625
1115,1.210693359375
1116,18.732177734374996
1117,-10.302734375
1118,20.659667968749996
1119,-14.037353515625002
1120,0.6181640625
1121,-0.7277832031249999
1122,-15.927734375
1123,-16.0341796875
1124,-7.75146484375
1125,66.639892578125
1126,-3.912109375
1127,-5.31396484375
1128,1.458251953125
1129,-5.79638671875
1130,-0.354736328125
1131,-17.36328125
1132,132.738525390625
1133,20.37548828125
1134,130.87353515625
1135,-27.10693359375
1136,8.876220703125
1137,-4.505859375
1138,1.9995117187500002
1139,-7.56201171875
1140,44.794677734375
1141,-8.178955078125
1142,-5.731689453125
1143,-4.127197265625
1144,-5.0947265625
1145,-9.874755859375
1146,1.0397949218749998
1147,47.0810546875
1148,-15.80615234375
1149,49.09423828125
1150,14.50439453125
1151,31.31982421875
1152,-28.542724609375
1153,-69.616455078125
1154,-27.973876953125
1155,76.121826171875
1156,1.5849609375
1157,-1.6728515625
1158,9.216064453125
1159,-3.8916015624999996
1160,-3.080078125
1161,-6.241455078125
1162,-4.73046875
1163,33.2490234375
1164,0.513671875
1165,24.3310546875
1166,4.614501953125
1167,22.3837890625
1168,-16.101318359375
1169,21.361328125
1170,-10.1435546875
1171,58.917236328125
1172,-17.28759765625
1173,2.483642578125
1174,-19.799072265625004
1175,41.13232421875
1176,9.69189453125
1177,-0.9931640625
1178,7.90869140625
1179,-2.583740234375
1180,5.677001953125
1181,-6.3466796875
1182,-6.408203124999999
1183,41.0400390625
1184,-10.72021484375
1185,17.19287109375
1186,-48.0341796875
1187,54.35009765625
1188,-41.256103515625
1189,57.317626953125
1190,4.325927734375
1191,-9.652099609375
1192,23.40625
1193,4.92236328125
1194,20.216796875
1195,-3.142822265625
1196,-4.86865234375
1197,-11.31689453125
1198,1.7421875
1199,-5.375
1200,41.776611328125
1201,57.333984375
1202,-5.02978515625
1203,12.697021484374998
1204,-1.8569335937500004
1205,33.414794921875
1206,-2.052978515625
1207,1.642822265625
1208,-23.391357421875
1209,-3.006103515625
1210,20.084716796875004
1211,-8.86962890625
1212,25.173583984375
1213,-3.983154296875
1214,23.11376953125
1215,-48.75537109375
1216,3.758056640625
1217,-31.3544921875
1218,11.707031249999998
1219,-26.832763671875
1220,-7.058349609374999
1221,6.49365234375
1222,7.26806640625
1223,-0.52880859375
1224,-0.8112792968750001
1225,-15.270751953125
1226,26.06103515625
1227,-2.2490234375
1228,7.10205078125
1229,-1.119140625
1230,46.65576171875
1231,0.603515625
1232,-0.509521484375
1233,-11.872802734375
1234,-5.12451171875
1235,13.672363281250002
1236,-12.772949218749998
1237,-2.323974609375
1238,4.022216796874999
1239,2.16845703125
1240,-5.558837890625001
1241,20.05517578125
1242,-13.893798828125
1243,-15.767822265625
1244,-4.830810546875
1245,-11.119873046875
1246,2.491943359375
1247,-0.8623046875
1248,12.32275390625
1249,0.529541015625
1250,0.68994140625
1251,2.651123046875
1252,45.85058593749999
1253,8.204345703125
1254,45.850830078125
1255,-10.8505859375
1256,-2.989013671875
1257,-5.525390624999999
1258,-1.455322265625
1259,-5.371826171875
1260,-1.2446289062499998
1261,12.436279296875
1262,-16.32080078125
1263,8.026611328125
1264,-15.965087890625
1265,32.6611328125
1266,3.135498046875
1267,-7.73583984375
1268,5.975341796875
1269,-6.659912109374999
1270,0.6240234375
1271,-57.37939453125001
1272,65.414306640625
1273,-11.891113281250002
1274,64.163330078125
1275,35.567138671875
1276,17.2001953125
1277,30.880126953125
1278,-12.6669921875
1279,31.583740234375
1280,-23.503662109375
1281,3.074951171875
1282,-6.91357421875
1283,21.50048828125
1284,-5.2998046875
1285,15.354248046875
1286,6.3662109375
1287,-2.399169921875
1288,-2.953369140625
1289,-6.874755859374999
1290,1.1318359375
1291,-5.802734375000001
1292,-0.8303222656249999
1293,-5.62646484375
1294,1.365966796875
1295,5.476318359374999
1296,-4.472900390625
1297,56.2529296875
1298,-0.6884765625
1299,59.50756835937501
1300,28.5693359375
1301,-0.54345703125
1302,0.171630859375
1303,-1.743896484375
1304,3.7216796875000004
1305,5.08642578125
1306,4.2646484375
1307,-1.640625
1308,15.844482421875
1309,-1.01220703125
1310,12.523925781250002
1311,-8.71435546875
1312,113.407958984375
1313,-18.213623046875
1314,132.5556640625
1315,5.17626953125
1316,-17.161865234375
1317,31.634765625
1318,-60.03369140625
1319,27.387207031250004
1320,-18.36767578125
1321,-8.893310546875
1322,2.27978515625
1323,132.4287109375
1324,8.0986328125
1325,-20.870849609375
1326,62.94506835937501
1327,3.4560546875000004
1328,-15.55029296875
1329,8.585205078125
1330,33.04931640625
1331,7.763671875000001
1332,96.39306640625
1333,-17.453857421875
1334,93.14819335937501
1335,-19.799560546875
1336,-5.36669921875
1337,-0.9208984375
1338,-1.2592773437500002
1339,1.257080078125
1340,4.453125
1341,-0.10522460937500022
1342,10.282958984374998
1343,55.52001953125
1344,6.80712890625
1345,-18.824951171875
1346,10.427734375
1347,-9.507324218749998
1348,-3.979736328125
1349,-12.577392578125
1350,6.00732421875
1351,12.422607421875
1352,9.477050781250002
1353,-16.3359375
1354,7.18017578125
1355,-0.966796875
1356,1.13232421875
1357,-0.6533203125
1358,-0.89208984375
1359,-0.91943359375
1360,0.433349609375
1361,-6.78369140625
1362,-7.211669921875
1363,15.820068359375
1364,-1.967529296875
1365,19.257080078125
1366,-19.078125
1367,-2.13818359375
1368,-8.367919921875
1369,1.379150390625
1370,24.43603515625
1371,6.843017578125
1372,-2.03369140625
1373,3.071044921875
1374,4.657470703125
1375,-6.855224609374999
1376,-4.453125
1377,6.527099609374999
1378,2.218505859375
1379,6.181884765625
1380,2.719482421875
1381,-25.051513671875
1382,31.542724609375
1383,12.298828124999998
1384,25.868408203124996
1385,82.531982421875
1386,-0.216552734375
1387,-1.7802734375
1388,45.498291015625
1389,-3.863037109375
1390,-25.67724609375
1391,-13.272949218749998
1392,-15.213623046875
1393,7.183837890625001
1394,-15.123779296875
1395,-7.82568359375
1396,4.79638671875
1397,2.90966796875
1398,3.705078125
1399,1.312744140625
1400,11.04931640625
1401,-18.9091796875
1402,42.95361328125
1403,42.1708984375
1404,40.68701171875
1405,-6.7373046875
1406,2.840576171875
1407,-2.032470703125
1408,2.1708984375
1409,-0.0302734375
1410,13.766845703125
1411,7.763916015625
1412,7.84326171875
1413,26.315185546875
1414,8.961181640625
1415,2.300537109375
1416,2.0693359375
1417,65.179931640625
1418,-11.5048828125
1419,63.50830078125
1420,-7.5283203125
1421,9.92626953125
1422,-12.783203125
1423,-20.695068359375
1424,-14.306396484374998
1425,59.78125
1426,-24.716552734374996
1427,-0.283447265625
1428,-0.6755371093750001
1429,-0.404541015625
1430,-12.925537109375
1431,5.069091796875
1432,5.82568359375
1433,9.480468750000002
1434,0.31005859374999994
1435,9.04248046875
1436,-13.945800781250002
1437,10.935302734375
1438,3.847412109375
1439,9.242431640625
1440,12.082763671875
1441,64.842529296875
1442,5.69287109375
1443,-18.547851562500004
1444,4.73583984375
1445,46.46923828125
1446,4.229736328125
1447,95.927734375
1448,-16.108642578125
1449,94.24755859375001
1450,-23.503173828125
1451,-4.35546875
1452,1.904052734375
1453,-11.08447265625
1454,4.497314453125
1455,-12.399169921875
1456,32.8388671875
1457,-9.743896484374998
1458,2.8408203124999996
1459,-0.1276855468749999
1460,37.797119140625
1461,-30.261962890625
1462,-14.513671875
1463,-12.902587890625
1464,-15.47412109375
1465,44.02099609375
1466,-4.12841796875
1467,1.722412109375
1468,12.1728515625
1469,-2.272216796875
1470,-4.595947265625
1471,16.2568359375
1472,33.484619140625
1473,8.294677734375
1474,38.22021484375
1475,22.135009765625
1476,-17.849609375
1477,11.649169921875
1478,-46.761962890625
1479,5.619384765625
1480,-5.442138671875
1481,-2.806396484375
1482,-4.278076171875
1483,-7.9208984375
1484,0.6647949218750001
1485,11.892333984374998
1486,-11.53662109375
1487,19.690185546875
1488,-7.911376953125
1489,22.193359375
1490,-4.6806640625
1491,-33.5537109375
1492,45.146728515625
1493,87.19189453125
1494,44.983154296875
1495,7.3471679687499964
1496,-9.4287109375
1497,-8.991455078125
1498,0.6843261718750001
1499,-7.426025390625001
1500,20.37939453125
1501,-10.49658203125
1502,37.5390625
1503,-0.6765136718750001
1504,34.050537109375
1505,31.449707031250004
1506,5.66552734375
1507,3.065185546875
1508,-9.247314453125
1509,0.068115234375
1510,-27.323974609375
1511,3.737548828125
1512,19.16455078125
1513,28.858154296875
1514,18.821044921875
1515,-7.587158203125
1516,8.542236328125
1517,2.31298828125
1518,40.71240234375
1519,1.860595703125
1520,3.839599609375
1521,3.67431640625
1522,2.4677734375000004
1523,6.721435546875
1524,0.6525878906249998
1525,4.154052734375
1526,26.730957031250004
1527,-18.460693359375
1528,0.41015625
1529,-22.554687500000004
1530,56.593017578125
1531,-7.079833984375
1532,-8.489013671875
1533,49.795654296875
1534,-7.193603515625
1535,-0.7883300781249999
1536,63.12744140625
1537,-12.534912109375
1538,21.599853515625
1539,-9.28564453125
1540,28.29248046875
1541,-4.7275390625
1542,-3.988525390625
1543,8.87255859375
1544,-2.321044921875
1545,-27.40087890625
1546,6.348876953125
1547,0.7336425781249999
1548,-8.369384765625
1549,0.5966796875000001
1550,5.1494140625
1551,-3.53515625
1552,-0.27001953125
1553,3.5419921875000004
1554,0.5910644531249999
1555,2.645263671875
1556,32.64453125
1557,-56.588134765625
1558,-14.1982421875
1559,-59.48779296875
1560,23.21923828125
1561,-15.767822265625
1562,11.88525390625
1563,-3.843994140625
1564,10.345947265625
1565,6.22900390625
1566,-10.271728515625002
1567,5.442138671875
1568,4.29345703125
1569,5.066650390625001
1570,2.685546875
1571,13.937255859375
1572,-8.92919921875
1573,1.47265625
1574,-6.9951171875
1575,1.031982421875
1576,-72.519775390625
1577,31.660400390625
1578,54.09521484375
1579,29.416748046875
1580,-2.994873046875
1581,-34.844970703125
1582,13.259033203125
1583,4.716064453125
1584,12.181396484374998
1585,-32.81103515625
1586,46.650390625
1587,-23.891601562500004
1588,161.238525390625
1589,-31.466796875
1590,36.2978515625
1591,-32.7275390625
1592,91.131591796875
1593,-10.785156249999998
1594,91.758056640625
1595,-22.171630859375
1596,-7.574951171875
1597,69.685302734375
1598,-6.424072265625
1599,81.43310546875
1600,24.124267578125
1601,3.00830078125
1602,4.177978515625
1603,-1.103759765625
1604,3.208740234375
1605,2.08740234375
1606,66.680908203125
1607,3.829345703125
1608,49.638916015625
1609,6.554687499999998
1610,-38.250244140625
1611,-10.9228515625
1612,36.934814453125
1613,-4.330322265625
1614,38.575439453125
1615,19.289794921875
1616,-7.41796875
1617,-4.264404296875
1618,31.801025390625
1619,-3.387939453125
1620,-4.4384765625
1621,-22.983398437499996
1622,-3.59228515625
1623,76.02734375
1624,-4.828369140625001
1625,-33.3095703125
1626,-4.0341796875
1627,4.58349609375
1628,0.671875
1629,5.06201171875
1630,-8.17578125
1631,-0.841796875
1632,7.0869140625
1633,-1.024658203125
1634,1.2250976562499998
1635,-2.018310546875
1636,30.0732421875
1637,3.771728515625
1638,-10.124511718749998
1639,8.0166015625
1640,38.82958984375
1641,11.953369140625
1642,-25.601318359375
1643,31.99267578125
1644,-24.711669921875
1645,48.86767578125
1646,40.941162109375
1647,-12.6396484375
1648,66.154541015625
1649,-9.671142578125
1650,8.183349609375
1651,8.073974609375
1652,-2.96240234375
1653,-7.122802734375
1654,-6.5615234375
1655,-11.36474609375
1656,23.114990234375
1657,-7.595703124999999
1658,81.53466796875
1659,-2.81005859375
1660,-4.853271484375
1661,14.966796875
1662,105.891357421875
1663,-2.451171875
1664,106.307373046875
1665,-18.2451171875
1666,10.568603515625002
1667,-17.055908203125
1668,-3.952880859375
1669,-13.00537109375
1670,8.248046875
1671,46.77978515625
1672,-2.710205078125
1673,39.2939453125
1674,0.09228515625
1675,-8.597412109375
1676,-2.782958984375
1677,25.205322265625004
1678,0.748046875
1679,21.759765625
1680,-8.50732421875
1681,-5.15869140625
1682,12.013916015625002
1683,7.98779296875
1684,6.745849609374999
1685,2.5146484375000004
1686,-4.4404296875
1687,-9.616943359375
1688,-2.753173828125
1689,-2.762939453125
1690,-2.33251953125
1691,40.03173828125
1692,-2.607666015625
1693,-11.9443359375
1694,-3.25634765625
1695,-11.705322265625
1696,89.5703125
1697,-23.1943359375
1698,22.324951171875
1699,-24.801513671875
1700,-17.68408203125
1701,28.80419921875
1702,-10.89599609375
1703,47.87353515625
1704,-15.287109375
1705,-67.24658203125
1706,8.1669921875
1707,-35.19921875
1708,-11.0498046875
1709,-34.405517578125
1710,6.7998046875
1711,4.659912109374999
1712,-9.3916015625
1713,3.2597656249999996
1714,0.92041015625
1715,-5.091796875000001
1716,-1.6228027343750009
1717,58.64697265625
1718,-8.735595703125
1719,54.753173828125
1720,-27.97998046875
1721,0.025634765625
1722,55.84619140625
1723,-12.022949218749998
1724,59.755859375
1725,7.036865234375
1726,-4.777587890625001
1727,-1.328857421875
1728,4.87744140625
1729,-1.247802734375
1730,-2.90673828125
1731,13.02880859375
1732,-11.18310546875
1733,-1.988037109375
1734,-11.229736328125
1735,86.27978515625
1736,-55.48681640624999
1737,21.57958984375
1738,1.1831054687500002
1739,27.77880859375
1740,-6.744384765625
1741,52.745849609375
1742,-4.878662109374999
1743,129.38720703125
1744,-4.181396484375
1745,26.045898437499996
1746,13.865966796875
1747,17.998779296875
1748,-19.787109375
1749,9.1240234375
1750,10.38623046875
1751,-12.680419921875
1752,10.356689453125
1753,99.142333984375
1754,14.720947265625
1755,-49.091064453125
1756,12.708984375
1757,-10.062255859375
1758,5.7412109375
1759,-6.52490234375
1760,22.06884765625
1761,-17.1513671875
1762,10.059814453125
1763,3.97412109375
1764,13.106201171875
1765,-23.69140625
1766,27.62109375
1767,-35.41552734375
1768,11.554443359375
1769,-35.348876953125
1770,-5.6123046875
1771,0.58544921875
1772,8.5390625
1773,-5.838623046875
1774,8.930908203125
1775,5.140380859374999
1776,18.104248046875
1777,-23.571533203124996
1778,22.855957031250004
1779,-23.341552734374996
1780,14.603759765625
1781,2.863525390624999
1782,107.1064453125
1783,-10.914794921875
1784,105.119140625
1785,-24.720947265625004
1786,23.940917968749996
1787,0.71142578125
1788,13.065673828125
1789,-4.007080078125
1790,5.175537109374999
1791,-8.524169921875
1792,-6.28271484375
1793,61.176513671875
1794,-9.634765625
1795,-10.644775390625
1796,62.09033203125
1797,-8.419189453125
1798,17.487060546875
1799,-6.883544921875
1800,111.436279296875
1801,17.615478515625
1802,-7.20556640625
1803,-3.66015625
1804,-5.466796875000001
1805,68.192626953125
1806,-2.4951171875000004
1807,8.49072265625
1808,-3.967041015625
1809,8.488037109375
1810,-3.953857421875
1811,-4.5185546875
1812,-58.5830078125
1813,-4.671142578125
1814,-60.333251953125
1815,13.601318359375
1816,26.02294921875
1817,-2.715087890625
1818,0.554443359375
1819,-7.509765624999999
1820,23.255615234375
1821,6.90576171875
1822,16.15673828125
1823,-7.87890625
1824,16.66455078125
1825,-23.408935546875
1826,16.794921874999996
1827,117.985107421875
1828,-22.12109375
1829,125.74951171875
1830,-18.525390625
1831,6.334716796875
1832,-48.5654296875
1833,-6.7275390625
1834,-54.694580078125
1835,10.26025390625
1836,15.049560546875
1837,-11.022216796875
1838,3.7685546875000004
1839,-9.679931640625
1840,56.795166015625
1841,-13.06494140625
1842,-3.294921875
1843,-0.113037109375
1844,-0.8566894531249999
1845,17.905029296875
1846,-3.71728515625
1847,27.289062499999996
1848,18.32421875
1849,39.892333984375
1850,-1.3718261718750002
1851,6.09521484375
1852,-4.550537109375
1853,32.49169921875
1854,-7.85693359375
1855,0.070556640625
1856,-6.306396484375
1857,-2.732177734375
1858,-0.3369140625
1859,0.3825683593750001
1860,-0.681640625
1861,2.319580078125
1862,-7.7724609375
1863,-1.206298828125
1864,-10.746826171875
1865,44.2392578125
1866,27.65771484375
1867,-1.8774414062499998
1868,20.148681640625
1869,-0.7998046875
1870,42.25732421875
1871,-4.4208984375
1872,6.84521484375
1873,-6.369140624999999
1874,2.92138671875
1875,25.811279296875
1876,64.924072265625
1877,-4.47314453125
1878,43.1728515625
1879,-1.4260253906250009
1880,6.0546875
1881,16.699462890625
1882,-7.554443359374999
1883,20.463623046875
1884,-2.908935546875
1885,0.921875
1886,3.8837890624999996
1887,3.9677734375000004
1888,7.583984375000001
1889,2.559814453125
1890,-15.095947265625
1891,5.66064453125
1892,-13.703857421875
1893,10.187255859375
1894,-11.4296875
1895,7.546630859374999
1896,11.05224609375
1897,0.2216796875
1898,14.21435546875
1899,-3.14892578125
1900,25.50390625
1901,-0.8723144531249999
1902,4.59423828125
1903,-1.5004882812499998
1904,-2.9599609375000004
1905,3.33935546875
1906,-6.45458984375
1907,-2.353759765625
1908,0.23193359375000022
1909,0.213134765625
1910,-0.61669921875
1911,6.60546875
1912,41.86181640624999
1913,-3.027099609375
1914,40.614013671875
1915,10.092529296875
1916,10.962890625
1917,16.503662109375
1918,-5.780517578125
1919,18.93896484375
1920,10.804199218749998
1921,36.338134765625
1922,-28.676025390625
1923,90.609375
1924,-26.378662109375
1925,26.84521484375
1926,-2.826904296875
1927,2.0986328125
1928,9.477294921875
1929,-3.538330078125
1930,-2.75146484375
1931,7.380615234375
1932,60.4345703125
1933,18.76318359375
1934,58.03173828125
1935,-1.4008789062499998
1936,-4.982666015625
1937,0.54443359375
1938,-3.0673828124999996
1939,3.381103515625
1940,15.85302734375
1941,-38.38134765625
1942,20.468994140625
1943,45.9052734375
1944,22.022705078125
1945,-8.545654296875
1946,7.920166015625
1947,-7.531982421875
1948,2.108154296875
1949,-12.471435546875
1950,9.87744140625
1951,29.497802734374996
1952,0.468017578125
1953,10.652099609375
1954,-4.3251953125
1955,18.95849609375
1956,-26.909912109375
1957,40.56201171875
1958,-1.781005859375
1959,39.831787109375
1960,6.89990234375
1961,-4.45703125
1962,5.44140625
1963,1.349853515625
1964,6.75732421875
1965,-6.522705078125
1966,-23.048583984375
1967,8.094970703125
1968,-16.5751953125
1969,5.416259765625
1970,-0.35888671875
1971,-24.54833984375
1972,93.020751953125
1973,-11.007080078125
1974,91.8681640625
1975,31.301513671875
1976,-4.572509765625
1977,-2.409423828125
1978,1.5610351562499998
1979,0.8742675781249999
1980,-5.185302734375
1981,-39.61865234375
1982,20.3232421875
1983,4.20703125
1984,23.301025390625
1985,-36.8388671875
1986,1.9140625
1987,14.337158203125
1988,-9.049560546875
1989,13.5732421875
1990,13.3916015625
1991,-10.4404296875
1992,4.2490234375
1993,-6.613037109374999
1994,-4.75537109375
1995,12.533447265625
1996,-41.7626953125
1997,92.837158203125
1998,51.183349609375
1999,98.99951171875
2000,3.76123046875
2001,13.163330078125
2002,-9.306640625
2003,117.283935546875
2004,-14.335449218749998
2005,13.769531249999998
2006,10.061279296875
2007,-17.156982421875
2008,10.0107421875
2009,-13.721923828125
2010,113.044921875
2011,-1.13134765625
2012,-13.147949218749998
2013,-0.2373046875
2014,-13.66162109375
2015,-6.44873046875
2016,4.89306640625
2017,-3.85546875
2018,15.749511718749998
2019,-1.7817382812499998
2020,-3.801513671875
2021,-10.275634765625
2022,-5.519287109374999
2023,0.035400390625
2024,-2.775390625
2025,16.382080078125
2026,45.767578125
2027,-20.085937500000004
2028,-10.126953125
2029,-18.639404296875
2030,-4.5205078125
2031,1.473876953125
2032,-5.549072265625
2033,9.143310546875
2034,-0.518310546875
2035,3.470703125
2036,-15.304199218749998
2037,40.833251953125
2038,-71.052001953125
2039,38.722900390625
2040,-15.27587890625
2041,16.124755859375
2042,-4.974853515625
2043,15.95068359375
2044,-6.017822265625
2045,-14.468017578125
2046,7.486572265625
2047,7.87060546875
2048,-4.255859375
2049,7.935791015625
2050,12.219970703125
2051,3.948974609375
2052,-3.309814453125
2053,34.32763671875
2054,-2.994384765625
2055,-12.85302734375
2056,-7.333740234375
2057,-11.362548828125
2058,42.31787109375
2059,-7.399169921875
2060,-14.20166015625
2061,-2.641845703125
2062,-45.304443359375
2063,30.12548828125
2064,-44.262939453125
2065,-4.328125
2066,-8.5966796875
2067,30.372314453125
2068,-8.310791015625
2069,35.736572265625
2070,14.188232421874996
2071,14.937988281250002
2072,-30.588623046875
2073,62.52294921875
2074,-31.932861328125
2075,9.61083984375
2076,23.339111328125
2077,-7.906494140625001
2078,8.627197265625
2079,-2.7258300781249996
2080,62.8359375
2081,-18.659423828125
2082,-0.13916015625
2083,2.40478515625
2084,3.4892578124999996
2085,-8.877197265625
2086,-11.8564453125
2087,14.2734375
2088,-1.628662109375
2089,20.155029296875
2090,10.236083984374998
2091,14.071044921875
2092,0.158935546875
2093,-6.7705078125
2094,4.888671875000001
2095,26.9482421875
2096,99.707763671875
2097,-13.880859375
2098,33.209716796875
2099,-17.197509765625004
2100,-34.885498046875
2101,6.43115234375
2102,-4.354248046875
2103,-6.5576171875
2104,1.196533203125
2105,4.4130859375
2106,1.171875
2107,-3.812744140625
2108,-9.947509765625
2109,1.39453125
2110,-4.075927734375
2111,0.447021484375
2112,13.702392578125
2113,-0.58642578125
2114,18.033447265625
2115,9.349853515625002
2116,14.68310546875
2117,-9.5712890625
2118,32.949462890625
2119,-8.4287109375
2120,-56.798583984375
2121,-10.153564453125
2122,-4.84765625
2123,0.2941894531249991
2124,-0.14819335937500022
2125,-7.53125
2126,8.332763671875
2127,4.5849609375
2128,1.4438476562499998
2129,8.186767578125
2130,-3.745849609375
2131,1.7011718749999996
2132,49.988525390625
2133,-12.125
2134,49.01611328125
2135,14.22216796875
2136,-4.528564453125
2137,-7.203857421875
2138,10.492919921875
2139,6.4140625
2140,6.75341796875
2141,105.71484375
2142,-55.965576171875
2143,53.75195312500001
2144,-54.1298828125
2145,-10.14501953125
2146,-1.445068359375
2147,7.06884765625
2148,-1.7290039062499998
2149,5.43603515625
2150,5.894287109374999
2151,25.126953125
2152,-1.936767578125
2153,-2.714599609375
2154,-3.294921875
2155,1.5209960937500002
2156,-15.923828125
2157,39.385498046875
2158,-20.357177734374996
2159,41.845947265625
2160,12.405517578125
2161,31.778564453125
2162,-2.585693359375
2163,5.062744140625001
2164,5.389404296875
2165,-0.91259765625
2166,1.867919921875
2167,-4.35009765625
2168,17.3583984375
2169,-6.556640624999999
2170,-1.00830078125
2171,12.565673828125
2172,-3.603271484375
2173,-26.115234375
2174,2.025390625
2175,23.890380859375
2176,21.798583984375
2177,6.817138671875
2178,41.681884765625
2179,4.115966796875
2180,-6.62060546875
2181,0.506591796875
2182,-5.52880859375
2183,-2.37255859375
2184,-5.27001953125
2185,3.203369140625
2186,5.64892578125
2187,-3.06494140625
2188,-0.250732421875
2189,-2.516845703125
2190,0.5302734375
2191,5.462646484375
2192,-14.119140625
2193,5.7470703125
2194,-12.865478515625002
2195,3.737548828125
2196,-7.78076171875
2197,-7.860107421875
2198,3.99560546875
2199,-12.491455078125
2200,-3.945556640625
2201,103.3935546875
2202,-16.619384765625
2203,51.2353515625
2204,-18.999267578125
2205,-53.013671875
2206,155.917724609375
2207,-9.976806640625
2208,-1.355712890625001
2209,-9.786376953125
2210,55.088623046875
2211,1.339111328125
2212,-12.93994140625
2213,-8.542236328125
2214,-12.0390625
2215,-15.589599609375
2216,33.71484375
2217,-24.574951171875
2218,-45.3212890625
2219,-28.330078125
2220,116.111572265625
2221,-8.301513671875
2222,-14.753173828125
2223,-9.9052734375
2224,-11.857666015625002
2225,-11.322021484374998
2226,2.046630859375
2227,17.8662109375
2228,1.1357421875
2229,17.0595703125
2230,-12.062255859375
2231,1.510986328125
2232,55.99365234375
2233,-10.91845703125
2234,56.50830078125
2235,16.289306640625
2236,-12.919189453125
2237,0.6706542968750001
2238,10.981201171875
2239,5.4453125
2240,-0.5634765625
2241,39.51708984375
2242,-8.20458984375
2243,3.37646484375
2244,-11.505859375
2245,62.92993164062499
2246,-9.229248046875
2247,0.03759765625
2248,-1.0595703125
2249,-0.62255859375
2250,12.316406249999998
2251,86.899169921875
2252,4.956298828125
2253,25.394287109375
2254,-2.509521484375
2255,-11.343017578125
2256,4.480224609375
2257,-0.6940917968750001
2258,-25.620849609375
2259,-2.1240234375
2260,-8.91943359375
2261,-0.407958984375
2262,-2.033203125
2263,4.082275390625
2264,-3.6943359375000004
2265,-0.27978515625
2266,43.93408203125
2267,-12.40771484375
2268,-6.339599609374999
2269,-16.7978515625
2270,52.721923828125
2271,9.410156249999998
2272,-51.943603515625
2273,3.1171875
2274,-51.2734375
2275,16.657958984375
2276,-5.204833984375
2277,-0.6481933593750001
2278,0.73095703125
2279,-3.12158203125
2280,-0.103759765625
2281,-44.096435546875
2282,121.705322265625
2283,26.163330078125
2284,119.3525390625
2285,-29.438720703125
2286,81.18823242187501
2287,1.881103515625
2288,25.916748046875
2289,2.9013671875000004
2290,-7.718505859374999
2291,-57.90869140625
2292,35.881591796875
2293,-0.078125
2294,32.70556640625
2295,14.55322265625
2296,-2.719970703125
2297,0.87646484375
2298,0.6828613281249999
2299,2.242431640625
2300,-1.114501953125
2301,-3.3681640624999996
2302,13.265380859375
2303,-3.33203125
2304,12.933349609375
2305,-3.06689453125
2306,-3.439453125
2307,13.29833984375
2308,2.975830078125
2309,12.294677734375
2310,-5.35302734375
2311,19.018310546875
2312,-47.39697265625
2313,16.1435546875
2314,-50.81494140625
2315,-21.178466796875004
2316,13.68505859375
2317,-4.675048828125
2318,-2.23046875
2319,5.144775390625001
2320,2.3017578125
2321,-8.143310546875
2322,-5.2060546875
2323,2.05322265625
2324,-8.80517578125
2325,14.448486328125
2326,29.733642578125
2327,-11.615478515625002
2328,-49.94506835937501
2329,-5.459228515625
2330,40.841552734375
2331,-6.140625
2332,-7.654296875000001
2333,3.880126953125
2334,-3.732421875
2335,-5.59326171875
2336,9.849853515625002
2337,3.959716796875
2338,-18.861328125
2339,1.07080078125
2340,12.626953125
2341,12.672363281250002
2342,2.322998046875
2343,4.019775390625
2344,-4.77490234375
2345,35.98974609375
2346,-40.2080078125
2347,13.128906249999998
2348,98.174072265625
2349,10.619384765625
2350,-58.18627929687501
2351,7.920654296874997
2352,90.760986328125
2353,-16.723876953125
2354,94.30224609375
2355,17.06591796875
2356,2.6533203124999996
2357,-10.095703125
2358,74.82177734375
2359,-9.298095703125
2360,-5.15966796875
2361,98.155517578125
2362,18.96630859375
2363,25.596435546875
2364,10.226806640625
2365,-4.38720703125
2366,7.909179687499999
2367,8.132080078125
2368,-24.980957031250004
2369,8.387939453125
2370,-3.13525390625
2371,-74.9560546875
2372,31.86083984375
2373,-7.502197265625
2374,31.56298828125
2375,59.00244140625
2376,-10.243896484374998
2377,18.543457031250004
2378,8.61767578125
2379,18.660400390625
2380,-7.358642578125001
2381,53.224365234375
2382,-28.537109375
2383,48.785400390625
2384,-29.337158203124996
2385,6.70703125
2386,5.884033203125
2387,-1.1909179687500004
2388,53.739501953125
2389,4.028564453125
2390,-1.2504882812499998
2391,-5.57275390625
2392,-5.542724609374999
2393,-11.997802734375
2394,-8.800048828125
2395,29.21142578125
2396,2.976806640625
2397,-0.9821777343750001
2398,13.43603515625
2399,-0.94677734375
2400,-22.031005859375
2401,-8.013671875
2402,7.1455078125
2403,-1.331298828125
2404,1.5947265625
2405,-20.321044921875
2406,45.732666015625
2407,-29.720947265625004
2408,51.77783203125
2409,-25.823974609375
2410,-28.830810546875
2411,5.006591796875
2412,4.873779296875
2413,-5.287109375000001
2414,7.741455078125
2415,-10.317138671875
2416,-5.7451171875
2417,4.684326171875
2418,2.891845703125
2419,-1.139404296875
2420,-1.2631835937500002
2421,7.505126953125
2422,-11.962158203125
2423,-4.385498046875
2424,-9.768798828125
2425,16.14404296875
2426,4.96875
2427,21.922119140625
2428,-5.02099609375
2429,24.000732421875
2430,-1.8237304687500002
2431,21.75927734375
2432,2.845947265625
2433,-14.259765625
2434,-0.7829589843750001
2435,-0.7265625
2436,12.1015625
2437,1.787841796875
2438,1.138427734375
2439,3.35986328125
2440,7.870361328125
2441,-0.216064453125
2442,-1.124755859375
2443,-3.749267578125
2444,-5.811767578125
2445,-1.7939453125
2446,2.762939453125
2447,0.8195800781249999
2448,-3.843505859375
2449,-2.90234375
2450,-1.919921875
2451,-4.57666015625
2452,-1.133056640625
2453,-3.041015625
2454,-1.08203125
2455,-6.859130859374999
2456,-37.16259765625
2457,63.591064453125
2458,75.198486328125
2459,59.978515625
2460,-24.0966796875
2461,-13.963134765625
2462,-15.774658203125
2463,19.63037109375
2464,-16.493408203125
2465,20.26953125
2466,12.706298828125
2467,0.81201171875
2468,21.7412109375
2469,2.63427734375
2470,5.819580078125
2471,63.41943359375001
2472,-13.5810546875
2473,57.735107421875
2474,-12.3818359375
2475,3.3466796875000004
2476,-6.005615234375
2477,4.94775390625
2478,6.258544921875
2479,2.9541015624999996
2480,-3.950439453125
2481,24.87451171875
2482,-3.833984375
2483,50.606689453125
2484,3.6220703124999996
2485,-12.6025390625
2486,6.132568359374999
2487,8.843505859375
2488,27.80224609375
2489,0.004150390625
2490,-7.983154296875
2491,-1.019287109375
2492,-5.045654296875
2493,18.597167968749996
2494,-3.86767578125
2495,29.162109375
2496,-0.5458984375
2497,37.8701171875
2498,-14.237548828125
2499,31.4931640625
2500,-17.220703125
2501,39.67187500000001
2502,-7.698974609374999
2503,9.5146484375
2504,-1.05908203125
2505,-5.406005859374999
2506,-4.026611328125
2507,2.843017578125
2508,-1.886962890625
2509,-2.427734375
2510,-4.5576171875
2511,0.8095703125
2512,-3.64013671875
2513,-10.132324218749998
2514,-5.955322265625
2515,16.194580078125
2516,21.260009765625
2517,-20.47900390625
2518,4.234130859375
2519,-24.567626953125
2520,-6.899169921875
2521,6.72265625
2522,8.029541015625
2523,7.49267578125
2524,1.328857421875
2525,0.284423828125
2526,116.5751953125
2527,24.230224609375
2528,22.4267578125
2529,24.381591796875004
2530,-25.438720703125
2531,14.155517578125
2532,-19.805419921875
2533,-69.90283203125
2534,-16.194580078125
2535,56.27392578125
2536,24.73388671875
2537,-29.289794921875
2538,58.432861328125
2539,-26.4287109375
2540,-14.83154296875
2541,-14.229736328125
2542,53.5283203125
2543,-7.441162109374999
2544,54.365234375
2545,-2.718505859375
2546,-17.694091796875
2547,17.367919921875
2548,8.604736328125
2549,20.982666015625
2550,-51.0087890625
2551,16.998046875
2552,-7.53662109375
2553,-1.305419921875
2554,-2.173583984375
2555,25.0263671875
2556,-31.33935546875
2557,36.81201171875
2558,8.765380859375
2559,31.235351562500004
2560,6.7373046875
2561,4.79931640625
2562,6.327392578125
2563,37.561767578125
2564,2.770751953125
2565,-12.070800781250002
2566,71.022705078125
2567,-4.955078124999999
2568,1.548828125
2569,-12.067626953125
2570,59.01245117187499
2571,-12.839599609375
2572,-10.869873046875
2573,-21.97900390625
2574,-13.609863281250002
2575,58.51025390625
2576,2.027587890625
2577,0.8747558593750001
2578,13.89697265625
2579,0.7687988281249999
2580,-13.077880859375
2581,-7.790283203125
2582,-4.13720703125
2583,-1.963623046875
2584,-2.611572265625
2585,-7.640625
2586,-9.09619140625
2587,12.27783203125
2588,7.157958984375
2589,12.14208984375
2590,0.216552734375
2591,-15.193603515625002
2592,-49.794921875
2593,-1.005615234375
2594,-48.454833984375
2595,21.507080078125
2596,57.70629882812501
2597,-2.3049316406250013
2598,9.802734375
2599,-1.4892578125
2600,37.15087890625
2601,-21.37060546875
2602,0.87890625
2603,8.536376953125
2604,1.9204101562499998
2605,10.196533203125
2606,14.30712890625
2607,-5.03173828125
2608,1.01318359375
2609,1.001708984375
2610,-4.676025390625001
2611,-24.094970703125
2612,24.431640625
2613,2.72216796875
2614,24.043457031250004
2615,-1.700927734375
2616,-30.439697265625004
2617,7.1884765625
2618,4.21826171875
2619,5.749267578125
2620,-7.565185546875
2621,-26.407470703125
2622,92.92138671875
2623,-9.8330078125
2624,91.300048828125
2625,-16.398681640625
2626,11.545166015625002
2627,88.869140625
2628,-7.779052734375
2629,87.485107421875
2630,-5.737060546875
2631,11.007080078125
2632,-3.387939453125
2633,-19.517822265625004
2634,-7.80126953125
2635,-10.218261718749998
2636,45.757080078125
2637,-22.724853515625
2638,173.239501953125
2639,-19.949951171875
2640,39.432861328125
2641,36.613525390625
2642,1.344970703125
2643,-2.962890625
2644,2.673583984375
2645,9.7119140625
2646,49.17749023437499
2647,0.11181640625
2648,2.219482421875
2649,-4.186279296875001
2650,109.698486328125
2651,-5.40087890625
2652,26.92333984375
2653,1.7949218749999996
2654,27.767578125
2655,-6.49462890625
2656,18.650634765625
2657,-13.496826171875
2658,64.089111328125
2659,-14.707763671875
2660,-0.15771484375
2661,-0.132568359375
2662,-1.137451171875
2663,4.16015625
2664,-0.9001464843750001
2665,-10.52490234375
2666,0.47705078125
2667,29.098876953125
2668,-3.822509765625
2669,30.908203125
2670,1.861328125
2671,-2.45654296875
2672,-0.8474121093750001
2673,-19.57421875
2674,-0.141357421875
2675,58.52978515625
2676,-20.228271484375
2677,-17.16796875
2678,-43.55517578125
2679,-16.840087890625
2680,99.141357421875
2681,3.74169921875
2682,3.61376953125
2683,-0.0400390625
2684,0.321044921875
2685,-8.0693359375
2686,-10.78125
2687,30.626220703125
2688,-4.23583984375
2689,33.966064453125
2690,2.825927734375
2691,16.869140625
2692,-8.258056640625
2693,45.4345703125
2694,-11.544921875
2695,1.781982421875
2696,-3.673095703125
2697,-27.189697265625004
2698,9.18212890625
2699,-20.1767578125
2700,17.8720703125
2701,7.523193359374999
2702,15.194091796875
2703,-9.016357421875
2704,16.0478515625
2705,14.801025390625
2706,14.96337890625
2707,102.280517578125
2708,-20.970947265625004
2709,97.560546875
2710,-6.599365234375
2711,-2.374755859375
2712,42.607421875
2713,86.02099609375
2714,42.0341796875
2715,-38.0947265625
2716,4.395263671875
2717,12.259033203125
2718,-5.606689453125
2719,12.968017578125
2720,-33.906982421875
2721,-5.669677734375
2722,1.283203125
2723,1.11767578125
2724,5.6845703125
2725,-1.115966796875
2726,-0.04296875
2727,-1.6533203125
2728,5.287109374999999
2729,-2.837890625
2730,1.162109375
2731,6.02099609375
2732,-2.7587890624999996
2733,1.7119140625
2734,-0.32373046875
2735,2.105224609375
2736,19.826171875
2737,-16.306640625
2738,2.3349609375000004
2739,-18.25439453125
2740,8.1279296875
2741,-9.454833984374998
2742,93.984619140625
2743,-0.19042968750000008
2744,94.160400390625
2745,34.3525390625
2746,22.52392578125
2747,-69.567138671875
2748,-10.508056640625
2749,-68.82861328125
2750,21.011962890625
2751,12.9443359375
2752,-15.6220703125
2753,-5.167236328125
2754,-11.06396484375
2755,-9.59375
2756,2.0244140625
2757,-12.287841796875
2758,13.892333984374998
2759,-9.712646484374998
2760,5.4130859375
2761,70.446044921875
2762,-41.5283203125
2763,10.1044921875
2764,-44.83154296875
2765,15.546875
2766,1.712646484375
2767,-4.743896484375
2768,0.90966796875
2769,-3.8037109375000004
2770,16.64501953125
2771,0.3154296875
2772,-1.66015625
2773,2.484130859375
2774,0.9709472656249999
2775,-0.049072265625
2776,0.329833984375
2777,-17.73486328125
2778,119.545166015625
2779,-17.407958984375
2780,5.70654296875
2781,90.97998046874999
2782,16.14208984375
2783,-26.098876953125
2784,17.82275390625
2785,21.80126953125
2786,-53.07421875
2787,38.44140625
2788,-42.309326171875
2789,36.7236328125
2790,11.9443359375
2791,4.635498046875
2792,2.796875
2793,2.91552734375
2794,-5.62451171875
2795,-1.990478515625
2796,-3.01318359375
2797,0.8017578125
2798,1.072021484375
2799,7.60205078125
2800,-9.425781249999998
2801,-0.35498046875
2802,-2.202392578125
2803,-3.0361328124999996
2804,-1.2734375
2805,-3.0810546875000004
2806,68.5146484375
2807,-31.011962890625
2808,-10.62841796875
2809,-39.467041015625
2810,80.79833984375
2811,-6.211181640625001
2812,54.64599609375
2813,-11.95947265625
2814,53.195556640625
2815,-68.42138671875
2816,16.59814453125
2817,95.334716796875
2818,-3.97802734375
2819,93.285888671875
2820,-12.709228515625002
2821,-9.191650390625
2822,15.866943359375
2823,66.888916015625
2824,16.404296875
2825,-13.119140625
2826,-8.899658203125
2827,5.467529296875
2828,-8.56494140625
2829,4.59716796875
2830,0.132568359375
2831,-9.834716796875
2832,-8.074462890625
2833,23.776123046875
2834,-4.65380859375
2835,11.069824218749998
2836,5.198486328125
2837,-6.892822265625
2838,5.240478515625
2839,-2.132080078125
2840,71.8837890625
2841,-11.296142578125
2842,5.722412109374999
2843,-11.69091796875
2844,10.55322265625
2845,10.437255859375
2846,-15.234863281250002
2847,38.0234375
2848,7.319091796875
2849,39.143310546875
2850,12.731201171875
2851,-4.870849609374999
2852,7.12841796875
2853,-2.495361328125
2854,5.323486328125
2855,-3.42822265625
2856,74.36474609375
2857,1.5478515625
2858,24.516601562500004
2859,9.664550781250002
2860,-0.024169921875
2861,-8.974853515625
2862,-7.6142578125
2863,75.2314453125
2864,-12.468017578125
2865,-23.890380859375
2866,3.09228515625
2867,-9.5986328125
2868,2.501708984375
2869,-10.819580078125
2870,-1.739501953125
2871,-9.20458984375
2872,43.9833984375
2873,-16.814697265625
2874,36.01611328125
2875,0.81494140625
2876,31.797607421875
2877,-26.734375
2878,120.79565429687501
2879,-24.279296875
2880,-15.611328125
2881,55.577880859375
2882,-7.885498046875
2883,18.559814453125
2884,-11.03369140625
2885,69.596435546875
2886,-8.3349609375
2887,-4.728515624999999
2888,33.30908203125
2889,-7.513916015625
2890,-11.89404296875
2891,-1.6245117187500002
2892,0.76953125
2893,2.28076171875
2894,-6.8759765625
2895,5.060546875000001
2896,-3.122314453125
2897,2.01513671875
2898,-0.2060546875
2899,2.484619140625
2900,-5.287353515625
2901,56.5634765625
2902,-21.562255859375
2903,38.8642578125
2904,-15.633300781250002
2905,100.412841796875
2906,0.20068359375
2907,13.432373046875
2908,0.24291992187500006
2909,4.293701171875
2910,-11.069580078125
2911,-1.031005859375
2912,5.55810546875
2913,-9.529296875
2914,4.794677734375
2915,-0.24169921875
2916,-22.607177734374996
2917,7.147216796875
2918,-3.858154296875
2919,8.069580078125
2920,-4.503662109375005
2921,-5.920654296875
2922,-12.230468750000002
2923,16.953125
2924,-5.762939453125
2925,5.5166015625
2926,-0.130615234375
2927,-0.37451171875
2928,-2.750732421875
2929,3.93408203125
2930,-1.4677734375
2931,5.39306640625
2932,9.6455078125
2933,-3.866455078125
2934,16.3330078125
2935,-0.48632812499999983
2936,117.1064453125
2937,-1.130126953125004
2938,39.12646484375
2939,-2.6582031250000027
2940,-45.878662109375
2941,6.400634765625
2942,-8.013916015625
2943,119.842041015625
2944,-8.611572265625
2945,1.7897949218750009
2946,-31.89697265625
2947,29.423828125
2948,-41.6982421875
2949,31.61083984375
2950,10.920654296875
2951,-0.074951171875
2952,-7.08837890625
2953,-1.355224609375
2954,-4.956787109374999
2955,11.2177734375
2956,32.194580078125
2957,-23.663330078125
2958,0.478759765625
2959,-23.585937500000004
2960,-1.253662109375
2961,-11.753662109375
2962,25.003417968749996
2963,15.0595703125
2964,27.858154296875
2965,7.700439453125
2966,13.0498046875
2967,1.925048828125
2968,-17.609619140625
2969,-2.093505859375
2970,49.6142578125
2971,-31.28271484375
2972,28.603759765625
2973,-0.7697753906249999
2974,27.722900390625
2975,-0.07275390625
2976,13.4892578125
2977,-0.6560058593750001
2978,-10.9580078125
2979,-1.231689453125
2980,-11.229248046875
2981,-1.084716796875
2982,-3.93798828125
2983,2.366943359375
2984,-5.821044921875
2985,7.70751953125
2986,132.34375
2987,-6.988037109374999
2988,53.32861328125
2989,-14.03564453125
2990,-29.886474609375
2991,32.9736328125
2992,-40.13183593749999
2993,12.7626953125
2994,-42.560791015625
2995,41.072021484375
2996,107.239013671875
2997,-5.712402343750002
2998,-9.8095703125
2999,-3.2038574218750018
3000,9.806884765625
3001,-5.48291015625
3002,-0.269775390625
3003,4.529052734375
3004,0.067626953125
3005,-4.323486328125
3006,93.349853515625
3007,15.03662109375
3008,21.759521484375
3009,18.756591796875004
3010,-15.538574218749998
3011,-2.072509765625
3012,-3.556396484375
3013,-7.085205078125
3014,-5.581298828125
3015,-5.9091796875
3016,13.759033203125
3017,-21.9169921875
3018,18.617919921875
3019,-24.228759765625
3020,16.58251953125
3021,89.07177734375
3022,2.5546874999999987
3023,19.64306640625
3024,0.343261718749999
3025,-24.43603515625
3026,62.951904296875
3027,5.072998046875
3028,-17.94775390625
3029,0.8749999999999987
3030,43.337646484375
3031,125.14672851562499
3032,-1.3217773437500002
3033,45.635498046875
3034,-8.143554687500002
3035,-30.976318359375
3036,-13.445068359375
3037,-4.935546875000001
3038,-10.937744140625
3039,-1.4946289062499998
3040,11.216552734375
3041,29.53076171875
3042,-23.485351562500004
3043,17.97119140625
3044,-20.101562499999996
3045,20.22900390625
3046,50.07812499999999
3047,-15.764404296875
3048,57.7353515625
3049,-22.63134765625
3050,-7.646728515625
3051,-23.645263671875
3052,26.570312499999996
3053,90.92553710937499
3054,30.058837890625
3055,-37.677734375
3056,-3.1223144531249996
3057,96.51806640625
3058,-9.753173828125
3059,100.73828125
3060,-12.70654296875
3061,15.012939453125
3062,-6.270263671875
3063,-13.24755859375
3064,-12.38916015625
3065,33.22998046875
3066,4.677001953125
3067,48.8466796875
3068,37.638916015625
3069,60.475341796875
3070,-10.937011718749998
3071,7.6533203125
3072,3.408935546875
3073,16.2353515625
3074,0.7578125
3075,9.554443359375
3076,-8.299072265625
3077,-13.80224609375
3078,1.96875
3079,-12.593505859375
3080,-10.221435546875
3081,16.82861328125
3082,-15.761474609375
3083,-4.583251953125
3084,-19.619384765625
3085,-12.968017578125
3086,26.194580078125
3087,-19.75390625
3088,26.80126953125
3089,-16.63623046875
3090,112.4140625
3091,-0.067626953125
3092,35.04638671875
3093,-11.596923828125
3094,33.31298828125
3095,2.11865234375
3096,19.063232421875
3097,-34.9453125
3098,7.516845703125
3099,-28.280517578125
3100,28.95703125
3101,-5.736572265625
3102,48.7783203125
3103,136.1015625
3104,51.690185546875
3105,-28.489013671875
3106,16.454345703125
3107,-10.484619140625
3108,108.293701171875
3109,-4.593505859375
3110,11.2607421875
3111,2.925537109375
3112,-44.381103515625
3113,-6.04150390625
3114,-42.44091796875
3115,7.577880859374999
3116,4.369873046875
3117,-1.457275390625
3118,-6.149658203125
3119,-3.502197265625
3120,5.747802734375
3121,-7.35302734375
3122,29.400146484375
3123,-2.176025390625
3124,30.55810546875
3125,-67.27880859375
3126,1.993896484375
3127,-4.580322265625
3128,5.363525390625001
3129,-5.118896484375
3130,-9.049560546875
3131,-1.11279296875
3132,-1.2260742187500002
3133,19.847412109375
3134,-3.763671875
3135,-6.177978515625
3136,2.05029296875
3137,33.44921875
3138,2.81298828125
3139,33.802978515625
3140,-9.003173828125
3141,15.98193359375
3142,-7.0771484375
3143,8.636474609375
3144,-4.620849609374999
3145,-0.05908203125
3146,81.80029296875
3147,16.966064453125
3148,-15.63037109375
3149,14.575439453125
3150,56.59326171875
3151,8.279052734374995
3152,106.15576171875
3153,-14.9072265625
3154,104.79931640625
3155,19.048583984375
3156,-8.080078125
3157,-0.379150390625
3158,2.264892578125
3159,-2.645263671875
3160,0.9677734375
3161,-11.44873046875
3162,18.74609375
3163,-64.2626953125
3164,16.25048828125
3165,-1.8344726562499998
3166,7.0146484375
3167,-1.6938476562499998
3168,56.57568359375001
3169,2.0087890625
3170,-16.597412109375
3171,27.978759765625
3172,-4.255615234375
3173,18.902587890625
3174,-1.113525390625
3175,-6.954345703125
3176,-0.000244140625
3177,31.659667968749996
3178,-6.56787109375
3179,35.9111328125
3180,-6.967529296875
3181,-8.435302734375
3182,-6.110595703125
3183,-4.40380859375
3184,-9.027099609375
3185,45.90771484375
3186,2.357177734375
3187,-5.32275390625
3188,12.837158203125
3189,-1.51171875
3190,-1.0107421875
3191,3.784423828125
3192,1.7490234375
3193,9.560302734375
3194,5.3759765625
3195,23.2705078125
3196,-12.7890625
3197,-12.794677734375
3198,-5.581298828125
3199,-13.877197265625
3200,14.724609375
3201,-5.723876953125
3202,-7.651611328125
3203,-5.06884765625
3204,-10.605468750000002
3205,11.6494140625
3206,-0.5166015625
3207,51.800537109375
3208,-11.3583984375
3209,54.707275390625
3210,-0.0185546875
3211,46.877685546875
3212,-3.607666015625
3213,-68.973388671875
3214,-4.746337890625002
3215,55.83642578125
3216,68.692138671875
3217,4.937255859374999
3218,81.184814453125
3219,0.9743652343750001
3220,5.737060546875
3221,-29.81201171875
3222,72.5966796875
3223,62.864501953125
3224,70.03955078125
3225,1.372802734374999
3226,-20.1630859375
3227,-8.890869140625
3228,-7.945556640625001
3229,-6.8017578125
3230,4.009521484375
3231,-22.8720703125
3232,0.01416015625
3233,-4.170166015625
3234,-0.7956542968750001
3235,8.724853515625
3236,84.45166015625
3237,-0.9343261718750001
3238,-2.510986328125
3239,2.4729003906249996
3240,44.321044921875
3241,-12.960449218749998
3242,14.812744140625
3243,-19.97998046875
3244,16.96484375
3245,-9.90185546875
3246,-9.2158203125
3247,27.443603515625
3248,4.293212890625
3249,21.15576171875
3250,12.608886718749998
3251,1.272216796875
3252,1.9052734375
3253,5.237060546875
3254,1.2329101562499998
3255,-0.97509765625
3256,83.283203125
3257,-27.051513671875
3258,-14.2294921875
3259,-24.38134765625
3260,45.51904296875
3261,3.4619140624999996
3262,-4.919677734375
3263,-4.19677734375
3264,-2.44189453125
3265,0.6818847656249999
3266,22.18115234375
3267,-2.3232421875000004
3268,-5.484130859374999
3269,-1.995849609375
3270,22.87060546875
3271,1.310791015625
3272,-0.9169921875
3273,-0.083984375
3274,0.0537109375
3275,0.54248046875
3276,54.948486328125
3277,-63.56445312500001
3278,-29.426025390625
3279,-63.173828125
3280,35.4951171875
3281,-18.70751953125
3282,116.340087890625
3283,-14.6845703125
3284,118.933837890625
3285,8.144287109375
3286,13.614990234375
3287,-8.130615234375
3288,-6.409423828125
3289,0.118896484375
3290,-1.6088867187500002
3291,7.0615234375
3292,-12.827880859375
3293,-3.15576171875
3294,-17.789794921875
3295,-6.503173828125
3296,56.06445312500001
3297,-23.590332031250004
3298,-62.41625976562501
3299,-17.578857421875
3300,83.154296875
3301,14.941650390625
3302,-13.319580078125
3303,8.93017578125
3304,-11.494140625
3305,-9.812988281250002
3306,28.868896484375
3307,-23.55419921875
3308,154.860107421875
3309,-25.556396484375
3310,23.54541015625
3311,-16.03564453125
3312,21.310302734374996
3313,5.916259765625
3314,19.824707031250004
3315,7.673583984375
3316,-6.716552734375
3317,18.684326171875
3318,-5.110107421875
3319,16.467041015625
3320,-7.003662109374999
3321,-0.25585937500000044
3322,0.45703125
3323,20.560302734374996
3324,0.54150390625
3325,36.664306640625
3326,27.391601562500004
3327,-3.860107421875
3328,-7.958984375000001
3329,-8.147705078125
3330,13.437744140625
3331,-3.191650390625
3332,2.025390625
3333,7.90576171875
3334,3.563232421875
3335,-4.766845703125
3336,8.068359375
3337,1.955078125
3338,20.905029296875
3339,1.9453125
3340,-6.329345703125
3341,3.962646484375
3342,-2.429931640625
3343,-11.500732421875
3344,-3.966552734375
3345,-5.990478515625
3346,11.466796875
3347,2.0458984375
3348,4.921630859374999
3349,3.25
3350,11.927734375
3351,-2.20166015625
3352,0.63232421875
3353,-0.501708984375
3354,-1.911376953125
3355,2.33984375
3356,-14.831298828125
3357,61.052978515625
3358,-38.513916015625
3359,60.408935546875
3360,-8.05615234375
3361,4.100341796875
3362,-7.35546875
3363,5.96142578125
3364,-7.7958984375
3365,7.8115234375
3366,-0.671875
3367,-3.467041015625
3368,4.75146484375
3369,1.818603515625
3370,4.935546875000001
3371,9.00732421875
3372,12.31005859375
3373,18.677490234375
3374,13.9775390625
3375,3.625732421875
3376,6.611328124999999
3377,1.198974609375
3378,-22.452148437499996
3379,-5.366455078125
3380,29.018798828125
3381,16.90478515625
3382,1.2861328125
3383,-19.120361328125
3384,-1.5122070312499998
3385,-14.82177734375
3386,-19.791259765625
3387,2.745849609375
3388,2.968994140625
3389,5.41552734375
3390,10.339111328125
3391,3.802490234375
3392,2.365234375
3393,1.208740234375
3394,-5.337646484375
3395,1.10791015625
3396,-19.094970703125
3397,15.958740234375
3398,-43.087890625
3399,12.457031249999998
3400,-14.934326171875
3401,13.053955078125
3402,-36.15283203125
3403,7.989501953125
3404,-38.33056640624999
3405,6.87451171875
3406,0.173095703125
3407,3.64111328125
3408,3.801025390625
3409,0.426025390625
3410,4.06689453125
3411,4.791015624999999
3412,-12.691650390625
3413,7.173095703125
3414,-15.447998046875
3415,4.826416015625
3416,-22.500244140625
3417,-2.2958984375
3418,7.92919921875
3419,-7.8515625
3420,-1.823974609375
3421,-20.08740234375
3422,42.395751953125
3423,78.029296875
3424,41.447998046875
3425,-4.919921875000001
3426,-2.07421875
3427,-3.116455078125
3428,-1.8022460937500002
3429,1.189453125
3430,-0.9504394531249999
3431,7.996337890625001
3432,-7.18701171875
3433,11.322265625
3434,-5.3681640625
3435,9.082763671875
3436,-8.474609375
3437,81.7197265625
3438,-9.224609375
3439,79.951904296875
3440,-15.9111328125
3441,26.025146484375
3442,-21.073486328125
3443,18.36083984375
3444,-24.970703125
3445,-0.646484375
3446,-71.927978515625
3447,29.086669921875
3448,52.824462890625
3449,30.886474609375
3450,-8.620361328125
3451,38.618896484375
3452,-13.377197265625
3453,8.2998046875
3454,-17.23876953125
3455,73.25537109375
3456,-5.506103515625
3457,3.206787109375
3458,29.65625
3459,3.298828125
3460,-14.2998046875
3461,-18.616943359375
3462,5.817626953125
3463,8.570068359375
3464,6.03466796875
3465,2.9169921874999982
3466,5.589111328125
3467,-1.357666015625
3468,29.273437500000004
3469,-0.109619140625
3470,-21.57421875
3471,-2.7138671875000004
3472,22.18017578125
3473,-7.15185546875
3474,24.744140625
3475,-54.43066406250001
3476,-30.852783203124996
3477,32.449951171875
3478,-49.271728515625
3479,33.06298828125
3480,7.8232421875
3481,32.4453125
3482,-76.4208984375
3483,50.244384765625
3484,-76.127197265625
3485,-16.735107421875
3486,-2.707763671875
3487,25.79638671875
3488,-8.419677734375
3489,23.7783203125
3490,-4.1376953125
3491,-3.917968750000001
3492,59.2158203125
3493,-11.9228515625
3494,56.34375
3495,-19.858154296875
3496,-32.070068359375
3497,70.1904296875
3498,-4.0615234375
3499,71.326416015625
3500,-28.445556640625
3501,-23.19482421875
3502,35.5048828125
3503,-18.186279296875
3504,35.33984375
3505,-34.731689453125
3506,-8.33984375
3507,-9.5595703125
3508,44.77124023437499
3509,-11.018798828125
3510,0.11328125
3511,24.617431640625
3512,-29.37451171875
3513,7.911865234375
3514,-24.9404296875
3515,22.99560546875
3516,-45.502685546875
3517,55.157958984375
3518,21.447021484375
3519,50.190673828125
3520,-11.04833984375
3521,57.17431640624999
3522,-4.7626953125
3523,-12.877197265625
3524,-0.3530273437499991
3525,25.774169921875
3526,-1.369384765625
3527,1.673828125
3528,13.568603515625002
3529,7.02880859375
3530,-2.558349609375
3531,-58.384521484375
3532,66.487060546875
3533,-13.43994140625
3534,70.4912109375
3535,39.383544921875
3536,-3.385498046875
3537,-17.32568359375
3538,10.60009765625
3539,-16.356689453125
3540,-0.9328613281249999
3541,5.6357421875
3542,-17.264892578125
3543,-5.756103515625
3544,-13.803955078125
3545,2.885986328125
3546,-12.363281249999998
3547,-11.576904296875
3548,23.071044921875
3549,-10.8935546875
3550,8.496337890625
3551,7.042724609374999
3552,-5.049560546875
3553,5.099365234375
3554,0.6416015625
3555,9.570068359375
3556,60.66748046875
3557,-14.799072265625
3558,78.1416015625
3559,-19.093505859375
3560,-72.5029296875
3561,-31.483154296875
3562,36.2734375
3563,-9.3232421875
3564,34.13720703125
3565,-59.6484375
3566,1.00537109375
3567,-2.2333984375
3568,1.2412109375
3569,-1.58984375
3570,3.718994140625
3571,0.15625
3572,6.996337890625001
3573,5.090576171875
3574,4.4072265625
3575,-5.010498046875
3576,-11.008544921875
3577,8.654296875
3578,30.666259765625
3579,2.934814453125
3580,31.290771484375
3581,-5.475341796875
3582,-5.494384765625
3583,-14.273925781250002
3584,-0.18212890625
3585,4.140869140625
3586,-2.935302734375
3587,38.03247070312499
3588,-11.4853515625
3589,33.114013671875
3590,-77.25390625000001
3591,24.306640625
3592,-61.272705078125
3593,16.04345703125
3594,-59.52685546874999
3595,12.338134765625
3596,1.4458007812499998
3597,8.921630859375
3598,-1.2485351562499998
3599,8.232666015625
3600,-6.09130859375
3601,-1.108154296875
3602,-30.63232421875
3603,15.005859375
3604,-26.26416015625
3605,24.8056640625
3606,-45.40576171875
3607,5.241943359374999
3608,-1.6411132812499998
3609,8.412841796875
3610,27.061279296875
3611,9.63720703125
3612,0.092041015625
3613,-3.686279296875
3614,7.97705078125
3615,1.973876953125
3616,2.935302734375
3617,0.12744140625
3618,1.4858398437500002
3619,1.824462890625
3620,2.752685546875
3621,6.55419921875
3622,2.380126953125
3623,-5.55908203125
3624,0.35107421875
3625,-7.716796875000001
3626,-37.249267578125
3627,62.39062499999999
3628,-1.6499023437500002
3629,59.759521484375
3630,-20.671142578125
3631,2.7236328124999996
3632,-3.066162109375
3633,-0.20434570312500022
3634,-3.345458984375
3635,-0.6171875
3636,25.013916015625
3637,-42.552001953125
3638,19.9912109375
3639,-43.10375976562501
3640,27.93505859375
3641,19.02294921875
3642,-24.08251953125
3643,-1.5009765625
3644,-24.88134765625
3645,59.138916015625
3646,-4.11669921875
3647,-0.38720703125
3648,10.913330078125
3649,0.143798828125
3650,0.9826660156249999
3651,-4.259033203125
3652,8.92822265625
3653,-3.257568359375
3654,7.9384765625
3655,10.288818359375
3656,-12.43505859375
3657,10.351074218749998
3658,-19.899658203124996
3659,13.005859375
3660,7.681396484375
3661,2.88525390625
3662,-61.77392578125
3663,33.441650390625
3664,-62.799072265625
3665,-4.38916015625
3666,3.757080078125
3667,-3.3056640624999996
3668,-10.59912109375
3669,-0.9140624999999993
3670,59.68872070312499
3671,9.981445312499998
3672,80.6884765625
3673,-14.351806640625
3674,84.03857421875
3675,-13.583740234375
3676,11.304443359375
3677,-5.72802734375
3678,0.297607421875
3679,-4.376953125
3680,26.0126953125
3681,-9.247802734375
3682,33.56005859375
3683,1.4665527343749984
3684,26.071533203124996
3685,2.66064453125
3686,-0.7761230468750001
3687,-1.313232421875
3688,-0.379150390625
3689,-0.529052734375
3690,-3.426513671875
3691,7.33837890625
3692,-12.125244140625
3693,4.721435546875
3694,-6.469482421875
3695,15.072265625
3696,-0.04833984375
3697,5.52685546875
3698,-25.311767578125
3699,2.36767578125
3700,4.6904296875
3701,-17.66650390625
3702,18.460205078125
3703,2.542236328125
3704,15.9248046875
3705,6.571044921875
3706,-1.355712890625
3707,-2.64208984375
3708,-5.135986328125
3709,1.420166015625
3710,1.443603515625
3711,-17.411865234375
3712,30.35888671875
3713,-16.629150390625
3714,28.0869140625
3715,-43.99853515625
3716,5.697509765625
3717,13.720947265625
3718,24.94677734375
3719,13.864013671875
3720,18.746337890625
3721,-6.203125
3722,-12.302734375
3723,-5.6845703125
3724,-17.20703125
3725,-12.7607421875
3726,-4.44873046875
3727,17.975830078125
3728,102.51220703125
3729,23.8154296875
3730,-21.204101562500004
3731,13.357421875
3732,-10.18994140625
3733,-8.17919921875
3734,-10.96875
3735,-19.77880859375
3736,2.3974609375000004
3737,0.2900390625
3738,23.7548828125
3739,-4.3701171875
3740,-24.32666015625
3741,9.404296875
3742,5.343994140625001
3743,-3.3984375
3744,2.551025390625
3745,-6.86181640625
3746,-8.2041015625
3747,-11.0654296875
3748,-21.9736328125
3749,-9.68408203125
3750,-13.4873046875
3751,-22.7294921875
3752,82.471435546875
3753,-4.149658203125
3754,77.962890625
3755,-23.874755859375
3756,20.87451171875
3757,-18.69677734375
3758,14.5146484375
3759,-12.1767578125
3760,129.6630859375
3761,-1.7177734375
3762,-3.2744140624999996
3763,-27.455810546875
3764,-7.16015625
3765,6.83984375
3766,0.34155273437500044
3767,32.451171875
3768,-3.9013671875000004
3769,28.650634765625
3770,1.174560546875
3771,-4.769287109374999
3772,2.09228515625
3773,2.22021484375
3774,4.888671875000001
3775,6.140380859374999
3776,13.480712890625
3777,1.1408691406250004
3778,-6.5927734375
3779,13.344482421875
3780,24.5087890625
3781,-3.6643066406250004
3782,67.416015625
3783,-15.417236328125
3784,63.533447265625
3785,-17.92919921875
3786,-10.061279296875
3787,5.12890625
3788,-3.154541015625
3789,1.5209960937500002
3790,-3.5217285156250004
3791,14.244873046875
3792,26.02197265625
3793,-21.230957031250004
3794,26.17822265625
3795,-4.67236328125
3796,22.25537109375
3797,-8.69287109375
3798,-7.04833984375
3799,-7.928466796875
3800,27.880859375
3801,93.142822265625
3802,-5.853759765625001
3803,13.092041015625002
3804,-5.233642578125
3805,37.265380859375
3806,-9.966064453125
3807,10.078857421875
3808,-3.48974609375
3809,10.253173828125
3810,16.21875
3811,56.30224609375
3812,-37.191650390625
3813,18.743408203124996
3814,-42.274169921875
3815,45.326171875
3816,-13.89404296875
3817,-13.917968750000002
3818,31.105224609375
3819,-8.578369140625
3820,4.925537109374999
3821,10.7822265625
3822,-1.890380859375
3823,-11.135986328125
3824,2.5615234375000004
3825,-3.89697265625
3826,-31.974609375
3827,32.979736328125
3828,-34.028564453125
3829,25.590087890625
3830,122.00732421875
3831,-15.769287109375
3832,20.677734375
3833,-60.35693359375001
3834,21.218505859375
3835,0.8623046875
3836,-2.384521484375
3837,1.32421875
3838,2.05419921875
3839,0.027587890625
3840,-3.190185546875
3841,153.12744140625
3842,19.742431640625
3843,-32.3466796875
3844,19.909423828125
3845,30.527587890625
3846,30.460937500000004
3847,-16.88525390625
3848,-41.005615234375
3849,-17.639892578125
3850,76.8203125
3851,76.56323242187501
3852,-19.894042968749996
3853,21.906005859375
3854,-19.1298828125
3855,3.311767578125
3856,13.5146484375
3857,40.164306640625
3858,-3.2451171875000004
3859,37.210205078125
3860,-27.31787109375
3861,15.38623046875
3862,17.673828125
3863,-5.416748046875
3864,14.012939453125
3865,4.493408203125
3866,3.80126953125
3867,7.10498046875
3868,0.9794921875
3869,3.048583984375
3870,-15.329345703125
3871,-18.765380859375
3872,35.577392578125
3873,68.447265625
3874,31.384521484375
3875,-10.128906249999998
3876,-2.392578125000002
3877,79.549560546875
3878,-10.472656249999998
3879,78.28955078125
3880,-6.486572265625
3881,-14.67822265625
3882,91.34912109375
3883,-29.337890625
3884,93.54296875
3885,-0.9313964843749998
3886,-4.4560546875
3887,2.450927734375
3888,3.138671875
3889,-0.360595703125
3890,2.024169921875
3891,23.7939453125
3892,-3.27392578125
3893,-9.292236328125
3894,-1.3676757812499998
3895,-9.115478515625
3896,14.92333984375
3897,8.51611328125
3898,-9.5166015625
3899,11.484375
3900,30.2236328125
3901,1.785400390625
3902,5.658447265625
3903,24.08203125
3904,15.18310546875
3905,-9.718994140625
3906,-0.7941894531249999
3907,-0.031005859375
3908,-0.548828125
3909,0.69677734375
3910,-1.5390625
3911,-18.131591796875
3912,16.667236328125
3913,13.34228515625
3914,17.53369140625
3915,0.02856445312499933
3916,-3.073486328125
3917,-9.073486328125
3918,4.701416015625
3919,0.5009765625
3920,-14.969238281250002
3921,13.5576171875
3922,-20.189453125
3923,72.033447265625
3924,-24.939697265625004
3925,-12.122314453125
3926,1.866455078125
3927,0.76953125
3928,2.304931640625
3929,-2.584716796875
3930,1.664306640625
3931,2.68115234375
3932,-11.69091796875
3933,-1.7099609375
3934,-7.87939453125
3935,39.55224609375
3936,-10.880615234375
3937,-6.929443359374999
3938,-4.90478515625
3939,-9.6962890625
3940,15.1181640625
3941,10.18994140625
3942,7.77734375
3943,69.94091796875
3944,8.9443359375
3945,-4.691162109374999
3946,10.60302734375
3947,2.24755859375
3948,-6.4580078125
3949,-0.411865234375
3950,-8.68701171875
3951,-20.74609375
3952,17.968505859375
3953,5.03173828125
3954,17.66796875
3955,-24.88427734375
3956,40.944580078125
3957,-11.066650390625
3958,45.40380859375
3959,-14.7080078125
3960,-7.307861328125
3961,-7.982666015625
3962,-11.017333984374998
3963,-4.703125
3964,-12.413574218749998
3965,11.25341796875
3966,-5.06201171875
3967,-5.252197265625
3968,-4.56591796875
3969,-0.5048828125
3970,13.178955078125
3971,-9.896728515625002
3972,-3.165771484375
3973,6.3916015625
3974,-7.04345703125
3975,6.45703125
3976,-10.4228515625
3977,68.73681640625
3978,-37.728515625
3979,66.119873046875
3980,-24.3681640625
3981,-3.220703125
3982,19.861083984375
3983,17.78125
3984,16.010498046875
3985,8.647216796875
3986,-26.12060546875
3987,89.1484375
3988,-33.248046875
3989,84.17529296875
3990,3.529541015625
3991,-0.7829589843750001
3992,12.3193359375
3993,-0.11279296875
3994,20.487548828125
3995,13.274658203125
3996,17.812255859375
3997,11.18505859375
3998,-4.849609375000001
3999,4.142578125
4000,28.945068359375
4001,4.13916015625
4002,-4.83642578125
4003,20.226318359375
4004,1.37890625
4005,8.699462890625
4006,-15.227783203125
4007,-5.874267578125
4008,27.50634765625
4009,-3.383056640625
4010,7.228759765625
4011,-0.0886230468750005
4012,67.6396484375
4013,-14.722412109375
4014,66.64453125
4015,-8.17431640625
4016,59.298095703125
4017,3.440917968749999
4018,62.663330078125
4019,0.2646484374999998
4020,5.122314453125
4021,-7.578369140625001
4022,57.84765625
4023,-12.1748046875
4024,53.171142578125
4025,-8.1376953125
4026,-7.9169921875
4027,29.88330078125
4028,3.20263671875
4029,35.731689453125
4030,4.785888671875
4031,59.03564453125001
4032,-21.99560546875
4033,73.177978515625
4034,-23.55322265625
4035,-67.653564453125
4036,-26.398681640625
4037,-2.44140625
4038,2.760009765625
4039,0.845703125
4040,-10.7958984375
4041,8.209228515625
4042,1.773681640625
4043,1.300048828125
4044,-5.913818359374999
4045,4.53076171875
4046,24.49560546875
4047,-14.8046875
4048,68.894287109375
4049,-15.7529296875
4050,4.212158203125
4051,-6.32177734375
4052,72.51708984375
4053,-2.123779296875
4054,64.44970703125
4055,-12.508300781250002
4056,-9.115234375
4057,-7.579833984375
4058,-0.9650878906250004
4059,-10.463623046875
4060,26.35205078125
4061,51.3349609375
4062,-36.461181640625
4063,55.665283203125
4064,-27.563476562500004
4065,2.9541015624999996
4066,6.21875
4067,15.75341796875
4068,15.347900390625
4069,15.614990234375
4070,-17.297119140625
4071,-20.33544921875
4072,27.876953125
4073,-20.065185546875
4074,19.699707031250004
4075,137.36328125
4076,-47.974609375
4077,13.825439453125
4078,-9.21240234375
4079,14.189453125
4080,12.248291015625002
4081,-11.635986328125
4082,33.041015625
4083,-3.3579101562500004
4084,27.097900390625
4085,134.905517578125
4086,-2.2744140625
4087,0.9006347656249999
4088,1.7866210937500002
4089,2.44970703125
4090,-0.7170410156249999
4091,3.05419921875
4092,2.45947265625
4093,-0.146728515625
4094,-3.30810546875
4095,-1.209716796875
4096,11.262939453125
4097,-6.216796875000001
4098,-5.470947265625
4099,-2.165283203125
4100,78.08154296875
4101,18.58203125
4102,-67.281005859375
4103,7.25244140625
4104,-72.866455078125
4105,27.342773437499996
4106,4.52392578125
4107,4.806396484375
4108,-8.894287109375
4109,4.258544921875
4110,9.90380859375
4111,5.88134765625
4112,24.133544921875
4113,14.304199218749998
4114,23.022216796875004
4115,-12.961181640625
4116,50.03173828125
4117,-51.39379882812501
4118,-1.179931640625
4119,-50.06494140625
4120,21.32763671875
4121,-11.140380859375
4122,-4.7490234375
4123,19.998291015625
4124,-3.12890625
4125,-10.7958984375
4126,-12.77880859375
4127,3.15771484375
4128,-25.94677734375
4129,8.863037109375
4130,36.29931640625
4131,-5.4052734375
4132,57.560302734375
4133,-12.578613281250002
4134,50.921142578125
4135,78.400146484375
4136,-4.16650390625
4137,2.033447265625
4138,19.704833984375
4139,3.086669921875
4140,14.99755859375
4141,-12.91259765625
4142,7.094482421875
4143,-10.240966796875
4144,13.5859375
4145,1.2861328125
4146,-8.05810546875
4147,-11.204345703125
4148,-15.9140625
4149,-16.37548828125
4150,0.430908203125
4151,-4.936767578125
4152,3.9853515624999996
4153,-10.618896484374998
4154,0.5832519531249999
4155,-8.95947265625
4156,106.812744140625
4157,20.26416015625
4158,-38.3251953125
4159,18.6904296875
4160,29.263671875
4161,14.133300781250002
4162,7.817626953125
4163,13.4345703125
4164,5.243408203125
4165,-3.457763671875
4166,32.951904296875
4167,-4.741455078125
4168,13.64404296875
4169,-9.390136718749998
4170,125.824951171875
4171,0.462890625
4172,4.3564453125
4173,4.63037109375
4174,-0.470703125
4175,-7.714111328125
4176,102.506591796875
4177,-6.601562499999998
4178,55.2724609375
4179,-7.309326171875
4180,12.677978515625002
4181,-4.27587890625
4182,-2.30029296875
4183,3.75537109375
4184,4.74853515625
4185,-1.051025390625
4186,15.925537109375
4187,77.3623046875
4188,-25.610595703125
4189,81.92919921875
4190,-17.366943359375
4191,2.632080078125
4192,-6.316650390625001
4193,-4.152587890625
4194,-7.309326171875
4195,-1.625244140625
4196,27.02197265625
4197,-10.009765625
4198,75.144287109375
4199,-5.158203124999999
4200,-60.754638671875
4201,65.9853515625
4202,-51.350830078125
4203,-7.53857421875
4204,-52.129638671875
4205,31.438476562500004
4206,-20.929931640625
4207,31.64892578125
4208,11.182861328125
4209,38.084716796875
4210,6.573486328124997
4211,-4.270751953125
4212,8.627685546875
4213,0.406982421875
4214,15.044189453125
4215,-4.5791015625
4216,0.272216796875
4217,-1.947509765625
4218,0.099365234375
4219,2.121826171875
4220,1.360595703125
4221,4.5588378906249964
4222,64.482421875
4223,4.681640624999999
4224,65.5859375
4225,-20.19677734375
4226,-1.309326171875
4227,2.08935546875
4228,-0.3876953125
4229,-2.9931640624999996
4230,-6.665771484375
4231,2.796875
4232,-7.857421875000001
4233,2.2392578125
4234,-7.119140624999999
4235,-14.860595703125
4236,0.22265625
4237,0.6291503906249999
4238,10.635009765625
4239,-1.2958984375
4240,-3.694091796875
4241,13.755126953125
4242,11.765380859375
4243,33.312744140625
4244,12.155517578125
4245,4.0126953125
4246,47.775634765625
4247,-31.579345703125
4248,132.124267578125
4249,-25.9716796875
4250,38.444091796875
4251,-5.245361328125
4252,43.769775390625
4253,-0.8239746093750001
4254,40.2353515625
4255,-3.609130859375
4256,28.0126953125
4257,-11.359130859375
4258,50.69873046875
4259,-9.260009765625
4260,-63.750732421875
4261,1.8959960937500002
4262,1.5078125
4263,16.390869140625
4264,-0.59130859375
4265,23.58984375
4266,73.183349609375
4267,20.681396484375
4268,46.033447265625
4269,19.241455078125
4270,-19.73046875
4271,-8.938720703125
4272,11.236572265625
4273,6.599365234375
4274,4.5244140625
4275,7.427490234375
4276,-0.212646484375
4277,-0.063720703125
4278,2.350830078125
4279,4.160888671875
4280,-8.250732421875
4281,-9.1328125
4282,-0.11669921875
4283,11.2001953125
4284,-4.2724609375
4285,32.058349609375
4286,0.255859375
4287,0.062011718749999944
4288,3.3974609375000004
4289,3.618408203125
4290,3.220458984375
4291,4.243896484375
4292,9.717041015625002
4293,35.782958984375
4294,10.748291015625002
4295,31.113525390625
4296,-12.080810546875
4297,45.91259765625
4298,10.62646484375
4299,44.279541015625
4300,-4.5615234375
4301,21.56884765625
4302,-12.9443359375
4303,15.09130859375
4304,-12.968261718749998
4305,110.939697265625
4306,-4.345947265625
4307,5.59912109375
4308,-12.342041015625002
4309,2.004638671875
4310,4.865966796875
4311,23.2392578125
4312,-12.791259765625
4313,118.4892578125
4314,-12.234863281250002
4315,2.488037109375
4316,-0.34033203125000017
4317,69.6201171875
4318,-21.756591796875004
4319,72.464111328125
4320,41.86181640624999
4321,22.297851562500004
4322,7.259765624999999
4323,1.8720703125
4324,10.247802734375
4325,-8.531982421875
4326,0.33056640625
4327,7.134033203125
4328,-2.065673828125
4329,2.58203125
4330,3.951416015625
4331,48.403076171875
4332,0.1435546875
4333,-6.593994140625001
4334,3.3095703124999996
4335,15.369873046875
4336,1.8984375
4337,43.63037109375
4338,-8.595947265625
4339,46.34497070312499
4340,-9.842529296875
4341,-5.63330078125
4342,-15.636962890625
4343,-8.76123046875
4344,-10.347656249999998
4345,-4.964111328125
4346,3.110595703125
4347,0.114013671875
4348,-3.594482421875
4349,-0.9587402343750001
4350,-1.2348632812499998
4351,3.201416015625
4352,-6.84619140625
4353,7.1435546875
4354,-9.111328125
4355,0.64111328125
4356,39.31396484375
4357,-45.902587890625
4358,72.450927734375
4359,-45.32958984375
4360,-7.21923828125
4361,9.332031249999996
4362,87.79052734375
4363,-32.117431640625
4364,82.788818359375
4365,-23.511474609375
4366,-1.5795898437500002
4367,23.073486328125
4368,10.10302734375
4369,26.9404296875
4370,-7.5791015625
4371,-2.58837890625
4372,0.82861328125
4373,-0.204833984375
4374,4.092529296875
4375,2.525390625
4376,-5.164794921875
4377,-1.565673828125
4378,6.25732421875
4379,-4.557373046875
4380,11.844482421875
4381,-20.905517578125
4382,16.19873046875
4383,0.4140625
4384,21.93798828125
4385,1.741943359375
4386,15.339843750000002
4387,0.123779296875
4388,27.77197265625
4389,-2.134033203125
4390,-10.65087890625
4391,20.519287109375
4392,-17.052978515625
4393,-17.31005859375
4394,-14.30224609375
4395,-2.776611328125
4396,0.005126953125
4397,1.323974609375
4398,-4.11865234375
4399,2.1591796875
4400,11.290771484374998
4401,147.79248046875
4402,12.494384765625
4403,50.8623046875
4404,5.07958984375
4405,-39.52197265625
4406,7.49462890625
4407,1.572021484375
4408,-6.719482421875
4409,0.443603515625
4410,-18.543212890625
4411,-2.07080078125
4412,4.63916015625
4413,-5.225341796875
4414,0.78125
4415,8.949462890625
4416,-2.63134765625
4417,5.0380859375
4418,3.2861328124999996
4419,6.7626953125
4420,-5.4052734375
4421,14.331298828125
4422,47.26123046875
4423,-8.612548828125
4424,49.90869140625
4425,2.28369140625
4426,-27.498046875
4427,17.968017578125
4428,-8.64599609375
4429,24.03564453125
4430,-65.410888671875
4431,-1.9379882812500004
4432,-11.27197265625
4433,-6.520263671875
4434,-11.580078125
4435,-11.429443359375
4436,81.338623046875
4437,1.8115234375
4438,23.91064453125
4439,0.45361328124999983
4440,-12.762939453125
4441,-13.4228515625
4442,12.521484375
4443,-4.299560546875
4444,13.332031249999998
4445,-23.307861328125
4446,-3.120849609375
4447,1.7241210937500002
4448,21.240966796875004
4449,0.4694824218749999
4450,-21.226562499999996
4451,13.4892578125
4452,-22.63916015625
4453,-6.74658203125
4454,-24.653076171875
4455,-19.536865234375
4456,16.188232421875
4457,-13.070556640625
4458,-15.086669921875
4459,-11.7412109375
4460,-12.515136718749998
4461,-0.099609375
4462,0.173828125
4463,6.67529296875
4464,-1.193603515625
4465,-1.857666015625
4466,1.580810546875
4467,17.327392578125
4468,-1.440185546875
4469,14.704345703125
4470,18.57275390625
4471,-1.5981445312499998
4472,-0.6730957031249999
4473,-4.46923828125
4474,0.9162597656249999
4475,6.723876953125
4476,84.34375000000001
4477,4.620361328124998
4478,20.75146484375
4479,1.4360351562499991
4480,-22.7294921875
4481,14.84033203125
4482,0.03930664062500022
4483,49.60107421875
4484,-1.5087890625
4485,-27.544921875
4486,1.497802734375
4487,-9.030517578125
4488,5.34033203125
4489,-6.24169921875
4490,-1.03759765625
4491,24.86181640625
4492,-12.303955078125
4493,104.997314453125
4494,-14.3984375
4495,12.0498046875
4496,3.74658203125
4497,-5.661376953125
4498,6.099609375000001
4499,-2.096923828125
4500,-3.098388671875
4501,-8.954833984375
4502,-9.495849609375
4503,6.2021484375
4504,-5.214599609374999
4505,31.694091796875004
4506,-2.2080078125
4507,-5.36279296875
4508,7.60009765625
4509,3.1162109375000004
4510,-3.86328125
4511,27.755126953125
4512,-25.71240234375
4513,-6.842529296875
4514,-21.953125
4515,-9.2705078125
4516,11.43115234375
4517,5.7822265625
4518,-10.202636718749998
4519,2.7666015624999996
4520,12.137451171875
4521,3.224853515625
4522,-8.26708984375
4523,-5.10888671875
4524,-11.052978515625002
4525,83.587158203125
4526,-6.204345703125
4527,0.540283203125
4528,35.53515625
4529,3.55810546875
4530,-8.54833984375
4531,56.43115234375
4532,-7.55078125
4533,20.204833984375
4534,-1.8061523437500002
4535,131.74755859375
4536,2.482421875
4537,9.26025390625
4538,28.25634765625
4539,3.8837890624999996
4540,-19.0400390625
4541,-9.8515625
4542,-25.74609375
4543,9.517822265625
4544,-27.383544921875
4545,-10.207763671875
4546,-6.72705078125
4547,-4.889404296875
4548,2.8740234375000004
4549,-6.65673828125
4550,-11.37353515625
4551,5.4599609375
4552,-17.84716796875
4553,7.02392578125
4554,-20.77978515625
4555,8.49462890625
4556,3.42333984375
4557,-63.6201171875
4558,15.606689453125
4559,-63.49951171875
4560,-8.220458984375
4561,-22.4755859375
4562,47.45849609375
4563,-0.9953613281249999
4564,46.662353515625
4565,-8.7880859375
4566,6.782958984375
4567,15.671630859375
4568,-35.098876953125
4569,12.50439453125
4570,-14.33447265625
4571,69.835693359375
4572,-12.429443359375
4573,45.34228515625
4574,-11.936279296875
4575,1.645751953125
4576,13.522949218749998
4577,0.011962890625
4578,23.743408203124996
4579,1.9853515625
4580,11.06591796875
4581,-6.35546875
4582,-1.857666015625
4583,-1.7329101562499998
4584,1.577880859375
4585,3.68896484375
4586,-0.27197265625
4587,22.483398437499996
4588,-2.28759765625
4589,25.422119140625
4590,-5.05419921875
4591,-3.30029296875
4592,-0.8928222656249999
4593,10.2001953125
4594,0.8186035156249999
4595,-1.819580078125
4596,3.87744140625
4597,64.031494140625
4598,-48.866943359375
4599,68.489501953125
4600,-18.254638671875
4601,-10.162109375
4602,4.3291015625
4603,-2.22607421875
4604,4.278564453125
4605,-7.091796875000001
4606,-6.126220703125
4607,0.2646484375
4608,-4.46484375
4609,2.690673828125
4610,2.52880859375
4611,22.8544921875
4612,146.154296875
4613,21.790283203124996
4614,153.244140625
4615,-16.46337890625
4616,-24.126220703125
4617,18.955322265625004
4618,18.554443359375
4619,18.37353515625
4620,19.1806640625
4621,8.969482421875
4622,-5.8623046875
4623,11.972656249999998
4624,-10.22119140625
4625,13.768310546875
4626,-0.58837890625
4627,-5.812255859374999
4628,27.47802734375
4629,-9.685302734375
4630,4.28759765625
4631,33.309326171875
4632,-20.30810546875
4633,3.534423828125
4634,-17.546875
4635,32.231201171875
4636,0.49560546875
4637,21.056884765625
4638,-8.485595703125
4639,20.120849609375
4640,-2.181640625
4641,-5.248779296875
4642,7.779052734375
4643,-2.135009765625
4644,8.418212890625
4645,-1.110595703125
4646,7.15625
4647,-26.2587890625
4648,-0.475830078125
4649,-26.39013671875
4650,5.139892578125
4651,5.610595703125
4652,-26.20556640625
4653,-8.751708984375
4654,-29.946044921875
4655,3.690185546875
4656,16.6240234375
4657,-11.660400390625
4658,3.849853515625
4659,-12.630615234375
4660,88.492919921875
4661,-18.026611328125
4662,15.207763671875
4663,-26.39453125
4664,22.03564453125
4665,119.08154296875
4666,14.167968750000002
4667,98.0205078125
4668,2.7236328125000004
4669,98.83740234374999
4670,22.203125
4671,-12.94970703125
4672,20.994140625
4673,-17.337158203125
4674,23.2763671875
4675,13.817138671875
4676,41.021484375
4677,-31.43212890625
4678,58.75244140625
4679,-30.8720703125
4680,3.9851074218749982
4681,19.4248046875
4682,-4.42333984375
4683,4.708251953125
4684,-2.859130859375
4685,11.167724609375
4686,32.03662109375
4687,-75.73950195312501
4688,-21.20263671875
4689,-72.27490234375
4690,37.6376953125
4691,3.236572265625
4692,-3.200439453125
4693,-8.2001953125
4694,-4.8818359375
4695,-15.447265625
4696,1.677978515625
4697,-0.3203125
4698,7.135009765625
4699,3.427734375
4700,3.570556640625
4701,12.424560546875
4702,-0.6748046875
4703,2.023681640625
4704,-7.432861328125
4705,3.35791015625
4706,-14.20947265625
4707,11.518798828125
4708,38.983642578125
4709,7.914306640625001
4710,2.9379882812499982
4711,-24.429931640625
4712,25.51416015625
4713,5.517333984375
4714,23.067138671875
4715,-3.1064453124999996
4716,-17.173583984375
4717,-9.705078125
4718,-1.3940429687500016
4719,-6.37060546875
4720,71.152587890625
4721,1.8071289062499998
4722,0.8828125
4723,-0.54345703125
4724,1.265625
4725,2.9404296875000004
4726,0.24951171875
4727,-19.521728515625
4728,5.216064453125
4729,-17.469482421875
4730,5.5634765625
4731,44.29833984375
4732,-27.3935546875
4733,9.130126953125
4734,-33.549072265625
4735,9.584228515625002
4736,13.062988281250002
4737,9.65185546875
4738,-14.019775390625
4739,4.78662109375
4740,-17.705078125
4741,13.85693359375
4742,-3.559814453125
4743,-0.6494140625
4744,-4.873291015625
4745,0.8684082031249999
4746,-14.7490234375
4747,-10.9814453125
4748,11.671630859375
4749,-13.171875
4750,5.807373046875
4751,14.237060546875
4752,1.7768554687500002
4753,20.246582031250004
4754,6.986572265625
4755,27.76708984375
4756,97.401611328125
4757,0.274658203125
4758,42.349609375
4759,-0.8930664062500018
4760,2.94140625
4761,39.7783203125
4762,-23.71484375
4763,-6.2958984375
4764,-20.221923828125
4765,-1.848876953125
4766,-2.656494140625
4767,-6.654541015625
4768,-6.42724609375
4769,-8.35546875
4770,51.9814453125
4771,-0.7712402343750001
4772,-19.50732421875
4773,2.4072265624999996
4774,-14.62939453125
4775,91.492919921875
4776,26.5654296875
4777,-16.80517578125
4778,29.984619140625
4779,-24.311767578125
4780,-6.511474609374999
4781,-1.3891601562499998
4782,-10.936279296875
4783,54.391845703125
4784,-12.421875
4785,-4.871826171875
4786,0.2509765625
4787,-14.5517578125
4788,8.57470703125
4789,-12.2705078125
4790,10.84130859375
4791,47.287353515625
4792,1.774658203125
4793,101.40869140625
4794,0.9592285156249999
4795,5.013916015625
4796,33.604736328125
4797,-18.420166015625
4798,83.195556640625
4799,-14.4345703125
4800,17.29052734375
4801,8.5283203125
4802,19.074707031250004
4803,-13.914550781250002
4804,16.720947265625
4805,0.118408203125
4806,-9.296630859375
4807,6.047119140625001
4808,-13.4931640625
4809,6.486328124999999
4810,18.996582031250004
4811,-9.63525390625
4812,-5.1181640625
4813,4.326171875
4814,1.10791015625
4815,1.5034179687500002
4816,75.7822265625
4817,-27.933837890625
4818,-17.700439453125
4819,-24.926513671875
4820,53.838134765625
4821,-35.447265625
4822,50.03320312500001
4823,92.05322265625
4824,50.603515625
4825,-8.505615234375
4826,0.97119140625
4827,-8.2314453125
4828,8.25537109375
4829,-10.775634765625
4830,4.414794921875
4831,34.19091796875
4832,-19.387939453125
4833,4.119384765625
4834,-14.150634765625
4835,82.376220703125
4836,-13.368408203125
4837,-0.25634765625
4838,25.3642578125
4839,3.762451171875
4840,18.00439453125
4841,2.50146484375
4842,5.865966796875
4843,-12.59912109375
4844,3.623779296875
4845,-6.791015624999999
4846,4.796875
4847,114.94384765625
4848,31.699462890625
4849,117.05200195312501
4850,-20.30078125
4851,10.937255859375
4852,-9.62158203125
4853,1.34765625
4854,-10.240234375
4855,5.421142578125
4856,5.075927734375
4857,-2.938232421875
4858,1.1376953125
4859,2.02685546875
4860,-2.077880859375
4861,70.820068359375
4862,-1.658935546875
4863,-7.099853515625
4864,15.087158203125
4865,11.699951171875
4866,-10.843505859375
4867,-10.556396484374998
4868,2.1884765625
4869,-10.902587890625
4870,5.0927734375
4871,8.1533203125
4872,-11.36962890625
4873,-3.867431640625
4874,-8.658447265625
4875,-9.621093750000002
4876,-17.048095703125
4877,-9.350341796875
4878,-6.05078125
4879,-4.38232421875
4880,7.625244140625001
4881,-19.65576171875
4882,27.66162109375
4883,-11.267333984374998
4884,24.09375
4885,-57.1826171875
4886,22.1044921875
4887,-27.051513671875
4888,16.555908203125
4889,-27.155029296875
4890,23.577148437499996
4891,-4.799072265625
4892,0.6262207031249999
4893,-12.711425781250002
4894,-0.78466796875
4895,-8.82568359375
4896,-5.883056640625001
4897,-23.48974609375
4898,25.75048828125
4899,-24.99755859375
4900,-9.30322265625
4901,91.0322265625
4902,-5.93701171875
4903,68.323974609375
4904,-11.941406249999998
4905,3.791748046874999
4906,9.972656249999998
4907,-5.914306640625001
4908,-12.9130859375
4909,-7.9814453125
4910,-6.997314453125
4911,1.719482421875
4912,-1.3740234375
4913,-5.531005859374999
4914,2.805419921875
4915,-0.99609375
4916,29.732421875
4917,-18.08544921875
4918,24.63916015625
4919,-16.47607421875
4920,92.05908203125
4921,10.880859375
4922,83.218994140625
4923,-18.93994140625
4924,90.36181640625
4925,-2.819580078125
4926,1.021484375
4927,0.4453125
4928,8.180419921875
4929,-4.29638671875
4930,6.093017578125
4931,87.27734375
4932,-16.975341796875
4933,15.538330078125
4934,-12.837402343750004
4935,61.449462890625
4936,-10.378173828125
4937,31.22509765625
4938,-10.805419921875
4939,34.84619140625
4940,-4.08154296875
4941,-29.740234375
4942,-14.51416015625
4943,122.831787109375
4944,-12.143798828125
4945,-47.655517578125
4946,-3.468017578125
4947,71.0712890625
4948,-9.946044921875
4949,62.435302734375
4950,20.5693359375
4951,7.60888671875
4952,-2.644287109375
4953,40.734619140625
4954,2.150390625
4955,-18.969482421875
4956,-2.75
4957,1.98828125
4958,-1.9560546875
4959,-0.8098144531249999
4960,-3.752197265625
4961,-7.13525390625
4962,-8.108154296875
4963,9.441162109375
4964,-5.970458984375
4965,103.48315429687501
4966,2.361328125
4967,-4.516845703125
4968,50.499267578125
4969,-6.953125
4970,4.7353515625
4971,5.39599609375
4972,103.6328125
4973,-10.12060546875
4974,107.921142578125
4975,-40.104736328125
4976,10.844238281250002
4977,0.403564453125
4978,-13.734863281250002
4979,3.47412109375
4980,29.676025390625
4981,13.52978515625
4982,-9.85595703125
4983,5.981689453125
4984,-10.313232421875
4985,-1.115478515625
4986,-9.179931640625
4987,4.529052734375
4988,-15.056640625
4989,4.50830078125
4990,-20.044921875
4991,5.969482421875
4992,-11.7890625
4993,82.216796875
4994,-7.52001953125
4995,-4.522705078125
4996,79.11450195312501
4997,5.037109374999999
4998,9.62841796875
4999,0.1904296874999989
5000,103.7783203125
