iteration,energy,paramter,std
1,2.0,"[3.141592653589793, 3.141592653589793, 0.0, 0.0, 0.0, 3.141592653589793, 3.141592653589793, 1.5707963267948966, 1.5707963267948966, 0.0, 1.5707963267948966, 1.5707963267948966, 3.141592653589793, 4.71238898038469, 0.0, 1.5707963267948966, 1.5707963267948966, 3.141592653589793, 1.5707963267948966, 3.141592653589793, 3.141592653589793, 4.71238898038469, 4.71238898038469, 0.0, 1.5707963267948966, 3.141592653589793, 1.5707963267948966, 0.0]",0.0
2,2.6488762950677027,"[5.141592653589793, 3.141592653589793, 0.0, 0.0, 0.0, 3.141592653589793, 3.141592653589793, 1.5707963267948966, 1.5707963267948966, 0.0, 1.5707963267948966, 1.5707963267948966, 3.141592653589793, 4.71238898038469, 0.0, 1.5707963267948966, 1.5707963267948966, 3.141592653589793, 1.5707963267948966, 3.141592653589793, 3.141592653589793, 4.71238898038469, 4.71238898038469, 0.0, 1.5707963267948966, 3.141592653589793, 1.5707963267948966, 0.0]",0.0
3,3.809284695650146,"[3.141592653589793, 5.141592653589793, 0.0, 0.0, 0.0, 3.141592653589793, 3.141592653589793, 1.5707963267948966, 1.5707963267948966, 0.0, 1.5707963267948966, 1.5707963267948966, 3.141592653589793, 4.71238898038469, 0.0, 1.5707963267948966, 1.5707963267948966, 3.141592653589793, 1.5707963267948966, 3.141592653589793, 3.141592653589793, 4.71238898038469, 4.71238898038469, 0.0, 1.5707963267948966, 3.141592653589793, 1.5707963267948966, 0.0]",0.0
4,4.819443779068022,"[3.141592653589793, 3.141592653589793, 2.0, 0.0, 0.0, 3.141592653589793, 3.141592653589793, 1.5707963267948966, 1.5707963267948966, 0.0, 1.5707963267948966, 1.5707963267948966, 3.141592653589793, 4.71238898038469, 0.0, 1.5707963267948966, 1.5707963267948966, 3.141592653589793, 1.5707963267948966, 3.141592653589793, 3.141592653589793, 4.71238898038469, 4.71238898038469, 0.0, 1.5707963267948966, 3.141592653589793, 1.5707963267948966, 0.0]",0.0
5,4.843675206057518,"[3.141592653589793, 3.141592653589793, 0.0, 2.0, 0.0, 3.141592653589793, 3.141592653589793, 1.5707963267948966, 1.5707963267948966, 0.0, 1.5707963267948966, 1.5707963267948966, 3.141592653589793, 4.71238898038469, 0.0, 1.5707963267948966, 1.5707963267948966, 3.141592653589793, 1.5707963267948966, 3.141592653589793, 3.141592653589793, 4.71238898038469, 4.71238898038469, 0.0, 1.5707963267948966, 3.141592653589793, 1.5707963267948966, 0.0]",0.0
6,2.645852889005992,"[3.141592653589793, 3.141592653589793, 0.0, 0.0, 2.0, 3.141592653589793, 3.141592653589793, 1.5707963267948966, 1.5707963267948966, 0.0, 1.5707963267948966, 1.5707963267948966, 3.141592653589793, 4.71238898038469, 0.0, 1.5707963267948966, 1.5707963267948966, 3.141592653589793, 1.5707963267948966, 3.141592653589793, 3.141592653589793, 4.71238898038469, 4.71238898038469, 0.0, 1.5707963267948966, 3.141592653589793, 1.5707963267948966, 0.0]",0.0
7,2.907708590347255,"[3.141592653589793, 3.141592653589793, 0.0, 0.0, 0.0, 5.141592653589793, 3.141592653589793, 1.5707963267948966, 1.5707963267948966, 0.0, 1.5707963267948966, 1.5707963267948966, 3.141592653589793, 4.71238898038469, 0.0, 1.5707963267948966, 1.5707963267948966, 3.141592653589793, 1.5707963267948966, 3.141592653589793, 3.141592653589793, 4.71238898038469, 4.71238898038469, 0.0, 1.5707963267948966, 3.141592653589793, 1.5707963267948966, 0.0]",0.0
8,2.644874728221321,"[3.141592653589793, 3.141592653589793, 0.0, 0.0, 0.0, 3.141592653589793, 5.141592653589793, 1.5707963267948966, 1.5707963267948966, 0.0, 1.5707963267948966, 1.5707963267948966, 3.141592653589793, 4.71238898038469, 0.0, 1.5707963267948966, 1.5707963267948966, 3.141592653589793, 1.5707963267948966, 3.141592653589793, 3.141592653589793, 4.71238898038469, 4.71238898038469, 0.0, 1.5707963267948966, 3.141592653589793, 1.5707963267948966, 0.0]",0.0
9,2.6382054501440186,"[3.141592653589793, 3.141592653589793, 0.0, 0.0, 0.0, 3.141592653589793, 3.141592653589793, 3.5707963267948966, 1.5707963267948966, 0.0, 1.5707963267948966, 1.5707963267948966, 3.141592653589793, 4.71238898038469, 0.0, 1.5707963267948966, 1.5707963267948966, 3.141592653589793, 1.5707963267948966, 3.141592653589793, 3.141592653589793, 4.71238898038469, 4.71238898038469, 0.0, 1.5707963267948966, 3.141592653589793, 1.5707963267948966, 0.0]",0.0
10,3.42578125,"[3.141592653589793, 3.141592653589793, 0.0, 0.0, 0.0, 3.141592653589793, 3.141592653589793, 1.5707963267948966, 3.5707963267948966, 0.0, 1.5707963267948966, 1.5707963267948966, 3.141592653589793, 4.71238898038469, 0.0, 1.5707963267948966, 1.5707963267948966, 3.141592653589793, 1.5707963267948966, 3.141592653589793, 3.141592653589793, 4.71238898038469, 4.71238898038469, 0.0, 1.5707963267948966, 3.141592653589793, 1.5707963267948966, 0.0]",0.0
11,3.416796875,"[3.141592653589793, 3.141592653589793, 0.0, 0.0, 0.0, 3.141592653589793, 3.141592653589793, 1.5707963267948966, 1.5707963267948966, 2.0, 1.5707963267948966, 1.5707963267948966, 3.141592653589793, 4.71238898038469, 0.0, 1.5707963267948966, 1.5707963267948966, 3.141592653589793, 1.5707963267948966, 3.141592653589793, 3.141592653589793, 4.71238898038469, 4.71238898038469, 0.0, 1.5707963267948966, 3.141592653589793, 1.5707963267948966, 0.0]",0.0
12,2.2726865492024655,"[3.141592653589793, 3.141592653589793, 0.0, 0.0, 0.0, 3.141592653589793, 3.141592653589793, 1.5707963267948966, 1.5707963267948966, 0.0, 3.5707963267948966, 1.5707963267948966, 3.141592653589793, 4.71238898038469, 0.0, 1.5707963267948966, 1.5707963267948966, 3.141592653589793, 1.5707963267948966, 3.141592653589793, 3.141592653589793, 4.71238898038469, 4.71238898038469, 0.0, 1.5707963267948966, 3.141592653589793, 1.5707963267948966, 0.0]",0.0
13,2.0,"[3.141592653589793, 3.141592653589793, 0.0, 0.0, 0.0, 3.141592653589793, 3.141592653589793, 1.5707963267948966, 1.5707963267948966, 0.0, 1.5707963267948966, 3.5707963267948966, 3.141592653589793, 4.71238898038469, 0.0, 1.5707963267948966, 1.5707963267948966, 3.141592653589793, 1.5707963267948966, 3.141592653589793, 3.141592653589793, 4.71238898038469, 4.71238898038469, 0.0, 1.5707963267948966, 3.141592653589793, 1.5707963267948966, 0.0]",0.0
14,2.0,"[3.141592653589793, 3.141592653589793, 0.0, 0.0, 0.0, 3.141592653589793, 3.141592653589793, 1.5707963267948966, 1.5707963267948966, 0.0, 1.5707963267948966, 1.5707963267948966, 5.141592653589793, 4.71238898038469, 0.0, 1.5707963267948966, 1.5707963267948966, 3.141592653589793, 1.5707963267948966, 3.141592653589793, 3.141592653589793, 4.71238898038469, 4.71238898038469, 0.0, 1.5707963267948966, 3.141592653589793, 1.5707963267948966, 0.0]",0.0
15,2.4938720450446072,"[3.141592653589793, 3.141592653589793, 0.0, 0.0, 0.0, 3.141592653589793, 3.141592653589793, 1.5707963267948966, 1.5707963267948966, 0.0, 1.5707963267948966, 1.5707963267948966, 3.141592653589793, 6.71238898038469, 0.0, 1.5707963267948966, 1.5707963267948966, 3.141592653589793, 1.5707963267948966, 3.141592653589793, 3.141592653589793, 4.71238898038469, 4.71238898038469, 0.0, 1.5707963267948966, 3.141592653589793, 1.5707963267948966, 0.0]",0.0
16,3.419140625,"[3.141592653589793, 3.141592653589793, 0.0, 0.0, 0.0, 3.141592653589793, 3.141592653589793, 1.5707963267948966, 1.5707963267948966, 0.0, 1.5707963267948966, 1.5707963267948966, 3.141592653589793, 4.71238898038469, 2.0, 1.5707963267948966, 1.5707963267948966, 3.141592653589793, 1.5707963267948966, 3.141592653589793, 3.141592653589793, 4.71238898038469, 4.71238898038469, 0.0, 1.5707963267948966, 3.141592653589793, 1.5707963267948966, 0.0]",0.0
17,2.271863288041157,"[3.141592653589793, 3.141592653589793, 0.0, 0.0, 0.0, 3.141592653589793, 3.141592653589793, 1.5707963267948966, 1.5707963267948966, 0.0, 1.5707963267948966, 1.5707963267948966, 3.141592653589793, 4.71238898038469, 0.0, 3.5707963267948966, 1.5707963267948966, 3.141592653589793, 1.5707963267948966, 3.141592653589793, 3.141592653589793, 4.71238898038469, 4.71238898038469, 0.0, 1.5707963267948966, 3.141592653589793, 1.5707963267948966, 0.0]",0.0
18,2.489069289915424,"[3.141592653589793, 3.141592653589793, 0.0, 0.0, 0.0, 3.141592653589793, 3.141592653589793, 1.5707963267948966, 1.5707963267948966, 0.0, 1.5707963267948966, 1.5707963267948966, 3.141592653589793, 4.71238898038469, 0.0, 1.5707963267948966, 3.5707963267948966, 3.141592653589793, 1.5707963267948966, 3.141592653589793, 3.141592653589793, 4.71238898038469, 4.71238898038469, 0.0, 1.5707963267948966, 3.141592653589793, 1.5707963267948966, 0.0]",0.0
19,2.6541227938218475,"[3.141592653589793, 3.141592653589793, 0.0, 0.0, 0.0, 3.141592653589793, 3.141592653589793, 1.5707963267948966, 1.5707963267948966, 0.0, 1.5707963267948966, 1.5707963267948966, 3.141592653589793, 4.71238898038469, 0.0, 1.5707963267948966, 1.5707963267948966, 5.141592653589793, 1.5707963267948966, 3.141592653589793, 3.141592653589793, 4.71238898038469, 4.71238898038469, 0.0, 1.5707963267948966, 3.141592653589793, 1.5707963267948966, 0.0]",0.0
20,3.415234375,"[3.141592653589793, 3.141592653589793, 0.0, 0.0, 0.0, 3.141592653589793, 3.141592653589793, 1.5707963267948966, 1.5707963267948966, 0.0, 1.5707963267948966, 1.5707963267948966, 3.141592653589793, 4.71238898038469, 0.0, 1.5707963267948966, 1.5707963267948966, 3.141592653589793, 3.5707963267948966, 3.141592653589793, 3.141592653589793, 4.71238898038469, 4.71238898038469, 0.0, 1.5707963267948966, 3.141592653589793, 1.5707963267948966, 0.0]",0.0
21,3.9417409722940873,"[3.141592653589793, 3.141592653589793, 0.0, 0.0, 0.0, 3.141592653589793, 3.141592653589793, 1.5707963267948966, 1.5707963267948966, 0.0, 1.5707963267948966, 1.5707963267948966, 3.141592653589793, 4.71238898038469, 0.0, 1.5707963267948966, 1.5707963267948966, 3.141592653589793, 1.5707963267948966, 5.141592653589793, 3.141592653589793, 4.71238898038469, 4.71238898038469, 0.0, 1.5707963267948966, 3.141592653589793, 1.5707963267948966, 0.0]",0.0
22,4.326265943948742,"[3.141592653589793, 3.141592653589793, 0.0, 0.0, 0.0, 3.141592653589793, 3.141592653589793, 1.5707963267948966, 1.5707963267948966, 0.0, 1.5707963267948966, 1.5707963267948966, 3.141592653589793, 4.71238898038469, 0.0, 1.5707963267948966, 1.5707963267948966, 3.141592653589793, 1.5707963267948966, 3.141592653589793, 5.141592653589793, 4.71238898038469, 4.71238898038469, 0.0, 1.5707963267948966, 3.141592653589793, 1.5707963267948966, 0.0]",0.0
23,2.6408731613749397,"[3.141592653589793, 3.141592653589793, 0.0, 0.0, 0.0, 3.141592653589793, 3.141592653589793, 1.5707963267948966, 1.5707963267948966, 0.0, 1.5707963267948966, 1.5707963267948966, 3.141592653589793, 4.71238898038469, 0.0, 1.5707963267948966, 1.5707963267948966, 3.141592653589793, 1.5707963267948966, 3.141592653589793, 3.141592653589793, 6.71238898038469, 4.71238898038469, 0.0, 1.5707963267948966, 3.141592653589793, 1.5707963267948966, 0.0]",0.0
24,3.4099609375,"[3.141592653589793, 3.141592653589793, 0.0, 0.0, 0.0, 3.141592653589793, 3.141592653589793, 1.5707963267948966, 1.5707963267948966, 0.0, 1.5707963267948966, 1.5707963267948966, 3.141592653589793, 4.71238898038469, 0.0, 1.5707963267948966, 1.5707963267948966, 3.141592653589793, 1.5707963267948966, 3.141592653589793, 3.141592653589793, 4.71238898038469, 6.71238898038469, 0.0, 1.5707963267948966, 3.141592653589793, 1.5707963267948966, 0.0]",0.0
25,3.916096848846538,"[3.141592653589793, 3.141592653589793, 0.0, 0.0, 0.0, 3.141592653589793, 3.141592653589793, 1.5707963267948966, 1.5707963267948966, 0.0, 1.5707963267948966, 1.5707963267948966, 3.141592653589793, 4.71238898038469, 0.0, 1.5707963267948966, 1.5707963267948966, 3.141592653589793, 1.5707963267948966, 3.141592653589793, 3.141592653589793, 4.71238898038469, 4.71238898038469, 2.0, 1.5707963267948966, 3.141592653589793, 1.5707963267948966, 0.0]",0.0
26,3.4263671875,"[3.141592653589793, 3.141592653589793, 0.0, 0.0, 0.0, 3.141592653589793, 3.141592653589793, 1.5707963267948966, 1.5707963267948966, 0.0, 1.5707963267948966, 1.5707963267948966, 3.141592653589793, 4.71238898038469, 0.0, 1.5707963267948966, 1.5707963267948966, 3.141592653589793, 1.5707963267948966, 3.141592653589793, 3.141592653589793, 4.71238898038469, 4.71238898038469, 0.0, 3.5707963267948966, 3.141592653589793, 1.5707963267948966, 0.0]",0.0
27,4.362623904068548,"[3.141592653589793, 3.141592653589793, 0.0, 0.0, 0.0, 3.141592653589793, 3.141592653589793, 1.5707963267948966, 1.5707963267948966, 0.0, 1.5707963267948966, 1.5707963267948966, 3.141592653589793, 4.71238898038469, 0.0, 1.5707963267948966, 1.5707963267948966, 3.141592653589793, 1.5707963267948966, 3.141592653589793, 3.141592653589793, 4.71238898038469, 4.71238898038469, 0.0, 1.5707963267948966, 5.141592653589793, 1.5707963267948966, 0.0]",0.0
28,2.0,"[3.141592653589793, 3.141592653589793, 0.0, 0.0, 0.0, 3.141592653589793, 3.141592653589793, 1.5707963267948966, 1.5707963267948966, 0.0, 1.5707963267948966, 1.5707963267948966, 3.141592653589793, 4.71238898038469, 0.0, 1.5707963267948966, 1.5707963267948966, 3.141592653589793, 1.5707963267948966, 3.141592653589793, 3.141592653589793, 4.71238898038469, 4.71238898038469, 0.0, 1.5707963267948966, 3.141592653589793, 3.5707963267948966, 0.0]",0.0
29,9.878063235200104,"[3.141592653589793, 3.141592653589793, 0.0, 0.0, 0.0, 3.141592653589793, 3.141592653589793, 1.5707963267948966, 1.5707963267948966, 0.0, 1.5707963267948966, 1.5707963267948966, 3.141592653589793, 4.71238898038469, 0.0, 1.5707963267948966, 1.5707963267948966, 3.141592653589793, 1.5707963267948966, 3.141592653589793, 3.141592653589793, 4.71238898038469, 4.71238898038469, 0.0, 1.5707963267948966, 3.141592653589793, 1.5707963267948966, 2.0]",0.0
30,6.0430293341494234,"[3.0210178271591825, 2.805389605643937, -0.5239117947073736, -0.5284145021196078, -0.1200130141654823, 2.972921357438845, 3.02176140221597, 1.4522043671823857, 1.3058562634060318, -0.2632705780579214, 1.520125446089324, 1.5707963267948966, 3.141592653589793, 4.6206171949722314, -0.26370609597034145, 1.5202784252817931, 1.4799169940278682, 3.0200429176402834, 1.307816094011922, 2.780776451045152, 2.7093236455290284, 4.593301304067654, 4.45038866290466, -0.3560509864978278, 1.3057473839279266, 2.702567573895437, 1.5707963267948966, -1.4639093990858714]",0.0
31,3.442394030319332,"[3.081305240374488, 2.973491129616865, -0.2619558973536868, -0.2642072510598039, -0.06000650708274115, 3.057257005514319, 3.0816770279028813, 1.511500346988641, 1.438326295100464, -0.1316352890289607, 1.5454608864421102, 1.5707963267948966, 3.141592653589793, 4.666503087678461, -0.13185304798517072, 1.5455373760383448, 1.5253566604113824, 3.0808177856150385, 1.4393062104034093, 2.9611845523174725, 2.9254581495594105, 4.652845142226171, 4.5813888216446745, -0.1780254932489139, 1.4382718553614116, 2.922080113742615, 1.5707963267948966, -0.7319546995429357]",0.0
32,2.289940043253015,"[3.135150672605734, 3.1236302504434263, 0.4892500614064355, -0.02823173190561802, -0.00641196490163344, 3.1325810106579555, 3.1351903997736503, 1.5644602849252802, 1.5566413086970798, -0.014065822093364759, 1.5680891211565897, 1.5707963267948966, 3.141592653589793, 4.7074858665756025, -0.014089090616265282, 1.5680972944136287, 1.5659408942733655, 3.135098585874467, 1.5567460170501322, 3.122315237363359, 3.1184977107036183, 4.706026453736463, 4.698391024816451, -0.01902282385365385, 1.5566354915663547, 3.1181367523984815, 1.5707963267948966, -0.07821264844800165]",0.0
33,2.0190136372037797,"[2.906268745302204, 3.2259884958348595, 0.0, 0.0, 0.0, 3.141592653589793, 3.141592653589793, 1.5707963267948966, 1.5707963267948966, 0.0, 1.5707963267948966, 1.5707963267948966, 3.141592653589793, 4.71238898038469, 0.0, 1.5707963267948966, 1.5707963267948966, 3.141592653589793, 1.5707963267948966, 3.141592653589793, 3.141592653589793, 4.71238898038469, 4.71238898038469, 0.0, 1.5707963267948966, 3.141592653589793, 1.5707963267948966, 0.0]",0.0
34,2.157436073680881,"[3.3096641540253895, 3.6070974437977528, -0.0036536909213827676, -0.019784777059897136, -0.004493500310884515, 3.135277300817747, 3.137105958800514, 1.5663560332892903, 1.5608765004703775, -0.009857317829871386, 1.5688991190646637, 1.5707963267948966, 3.141592653589793, 4.708952881815307, -0.009873624393692512, 1.5689048468772158, 1.5673936432369406, 3.137041615687154, 1.5609498800075725, 3.128083054405234, 3.1254077345156963, 4.707930126365614, 4.702579223365963, -0.013331181036022084, 1.5608724238294223, 3.1251547751996003, 1.5707963267948966, -0.05481136679751093]",0.0
35,2.0144572554864086,"[3.141592653589793, 3.141592653589793, 0.0, 0.0553696565933898, -0.24379130650769743, 3.141592653589793, 3.141592653589793, 1.5707963267948966, 1.5707963267948966, 0.0, 1.5707963267948966, 1.5707963267948966, 3.141592653589793, 4.71238898038469, 0.0, 1.5707963267948966, 1.5707963267948966, 3.141592653589793, 1.5707963267948966, 3.141592653589793, 3.141592653589793, 4.71238898038469, 4.71238898038469, 0.0, 1.5707963267948966, 3.141592653589793, 1.5707963267948966, 0.0]",0.0
36,2.2431562157850946,"[3.142511380287603, 3.139166211607433, -0.005813623099621267, 0.4756827679310521, 0.10934962877164396, 3.131543888779679, 3.134453584350178, 1.563731089628223, 1.5550122518128153, -0.015684613687673578, 1.5677775573032815, 1.5707963267948966, 3.141592653589793, 4.706921582499819, -0.01571056011230166, 1.5677866711949813, 1.5653820976882518, 3.1343512038756995, 1.5551290107236417, 3.1200966596549105, 3.115839785758526, 4.70529421038884, 4.696780043768848, -0.021212101319976882, 1.5550057652066582, 3.1154372858878574, 1.5707963267948966, -0.08721389821753918]",0.0
37,2.016309895196568,"[3.141592653589793, 3.141592653589793, 0.0, 5.6566743098555445e-18, 2.8283371549277723e-18, 3.286383080376877, 2.9377894830776197, 1.5707963267948966, 1.5707963267948966, 0.0, 1.5707963267948966, 1.5707963267948966, 3.141592653589793, 4.71238898038469, 0.0, 1.5707963267948966, 1.5707963267948966, 3.141592653589793, 1.5707963267948966, 3.141592653589793, 3.141592653589793, 4.71238898038469, 4.71238898038469, 0.0, 1.5707963267948966, 3.141592653589793, 1.5707963267948966, 0.0]",0.0
38,2.072641372477492,"[3.1419522224819243, 3.1406429989672624, -0.0022753208567696426, -0.0011357285190016855, 0.0002559319403149566, 3.5474170337430064, 3.430601003777313, 1.5680311524435693, 1.5646187961232083, -0.006138603766085767, 1.569614848555191, 1.5707963267948966, 3.141592653589793, 4.710249164262018, -0.006148758611025524, 1.5696184155266846, 1.5686773197319033, 3.138758513624855, 1.5646644929254374, 3.1331796067687465, 3.1315135624113624, 4.709612247550634, 4.706279994916345, -0.008301937659563531, 1.5646162574119735, 3.1313560330471626, 1.5707963267948966, -0.034133551180412634]",0.0
39,2.0177578912144147,"[3.141592653589793, 3.141592653589793, 0.0, -6.635071972988201e-19, 1.2515862726385516e-18, 3.141592653589793, 3.141592653589793, 1.7989796501335626, 1.468657348191614, 0.0, 1.5707963267948966, 1.5707963267948966, 3.141592653589793, 4.71238898038469, 0.0, 1.5707963267948966, 1.5707963267948966, 3.141592653589793, 1.5707963267948966, 3.141592653589793, 3.141592653589793, 4.71238898038469, 4.71238898038469, 0.0, 1.5707963267948966, 3.141592653589793, 1.5707963267948966, 0.0]",0.0
40,2.13268636102612,"[3.142105077237503, 3.1402392954534486, -0.003242572532419862, -0.0016185330912973912, 0.0003647300455955854, 3.1411099346354243, 3.1422379879223774, 1.7728283979550328, 2.024292591592474, -0.008748158704780877, 1.569112595519669, 1.5707963267948966, 3.141592653589793, 4.7093395164099014, -0.008762630431339648, 1.5691176788307786, 1.5677765179279306, 3.1375537048076905, 1.5620578159078216, 3.1296031733128804, 3.127228884141762, 4.708431842827238, 4.703683030882372, -0.011831137986833884, 1.5619890752066674, 3.127004388160071, 1.5707963267948966, -0.048643915499764184]",0.0
41,2.0068890744766694,"[3.141592653589793, 3.141592653589793, 0.0, 7.840419099812662e-19, -4.597087010374874e-19, 3.141592653589793, 3.141592653589793, 1.5707963267948966, 1.5707963267948966, 0.04724954636960037, 1.3253019676583433, 1.5707963267948966, 3.141592653589793, 4.71238898038469, 0.0, 1.5707963267948966, 1.5707963267948966, 3.141592653589793, 1.5707963267948966, 3.141592653589793, 3.141592653589793, 4.71238898038469, 4.71238898038469, 0.0, 1.5707963267948966, 3.141592653589793, 1.5707963267948966, 0.0]",0.0
42,2.1254885292793575,"[3.142073665397737, 3.140322257020729, -0.0030438011266221226, -0.0015193161594721988, 0.0003423719015063282, 3.141139525561828, 3.1421984285875544, 1.5697606359296163, 1.5704979640361223, 0.4879372778915381, 1.6650334188604292, 1.5707963267948966, 3.141592653589793, 4.709526450159305, -0.008225476566033948, 1.5692205808360016, 1.5679616338035898, 3.137801294497462, 1.5625934912323474, 3.130338134774991, 3.128109390781843, 4.708674417445805, 4.704216710176845, -0.011105882990587129, 1.5625289643724156, 3.127898656522189, 1.5707963267948966, -0.045662017833413844]",0.0
43,2.0,"[3.141592653589793, 3.141592653589793, 0.0, 0.0, 0.0, 3.141592653589793, 3.141592653589793, 1.5707963267948966, 1.5707963267948966, 0.0, 1.5707963267948966, 1.8207963267948966, 3.141592653589793, 4.71238898038469, 0.0, 1.5707963267948966, 1.5707963267948966, 3.141592653589793, 1.5707963267948966, 3.141592653589793, 3.141592653589793, 4.71238898038469, 4.71238898038469, 0.0, 1.5707963267948966, 3.141592653589793, 1.5707963267948966, 0.0]",0.0
44,2.044171818300798,"[3.1417582998933047, 3.141155166417578, -0.0010481954848576692, -0.000523207749843156, 0.00011790280191509525, 3.1414366096390824, 3.1418012646622904, 1.5704396653562762, 1.570693579445912, -0.00024533899070626144, 1.5708611311338159, 1.5707963267948966, 3.141592653589793, 5.212029646923773, -0.0028326119344359276, 1.5702536862836785, 1.5698201419947606, 3.140287021153003, 1.567971511755408, 3.137716928693465, 3.13694941488644, 4.711109794281924, 4.709574691153381, -0.0038245390949736063, 1.5679492906048078, 3.1368768442123764, 1.5707963267948966, -0.01572465444731296]",0.0
45,2.0,"[3.141592653589793, 3.141592653589793, 0.0, 0.0, 0.0, 3.141592653589793, 3.141592653589793, 1.5707963267948966, 1.5707963267948966, 0.0, 1.5707963267948966, 1.5707963267948966, 3.391592653589793, 4.71238898038469, 0.0, 1.5707963267948966, 1.5707963267948966, 3.141592653589793, 1.5707963267948966, 3.141592653589793, 3.141592653589793, 4.71238898038469, 4.71238898038469, 0.0, 1.5707963267948966, 3.141592653589793, 1.5707963267948966, 0.0]",0.0
46,2.12974045247267,"[3.142073905157996, 3.1403216237917606, -0.003045318308810502, -0.0015200734623707047, 0.0003425425567262915, 3.1411392997002343, 3.142198730536006, 1.5697601196896689, 1.5704978153172524, -0.0007127824256601508, 1.5709846025913983, 1.5707963267948966, 3.141592653589793, 4.712139394914377, 0.4970268716423277, 1.5692197954056786, 1.5679602208513184, 3.1377994046951243, 1.5625894025302633, 3.130332524961874, 3.128102670051637, 4.708672565922498, 4.704212636710057, -0.011111418716200788, 1.5625248435069286, 3.127891830751525, 1.5707963267948966, -0.0456847780589543]",0.0
47,2.009270277322128,"[3.141592653589793, 3.141592653589793, -3.3713230965413467e-18, 3.0324259755354194e-18, 6.733822136323733e-19, 3.141592653589793, 3.141592653589793, 1.5707963267948966, 1.5707963267948966, 0.0, 1.5707963267948966, 1.5707963267948966, 3.141592653589793, 4.71238898038469, 0.0, 1.3522870068996977, 1.6922610423255298, 3.141592653589793, 1.5707963267948966, 3.141592653589793, 3.141592653589793, 4.71238898038469, 4.71238898038469, 0.0, 1.5707963267948966, 3.141592653589793, 1.5707963267948966, 0.0]",0.0
48,2.049705500899496,"[3.14178356695108, 3.1410884337865324, -0.0012080832415661158, -0.000603015872109828, 0.00013588724735506258, 3.14141280728772, 3.1418330854026846, 1.5703852615755414, 1.5706779067556798, -0.0002827620681987792, 1.5708710161414545, 1.5707963267948966, 3.141592653589793, 4.712289969380437, -0.0002973316010649839, 1.8136488665732156, 2.0073254959026032, 3.140087864941762, 1.5675406252019888, 3.1371257403433477, 3.1362411528963188, 4.710914672093994, 4.709145410166749, -0.004407919757429018, 1.5675150145215035, 3.1361575125673613, 1.5707963267948966, -0.018123233491886485]",0.0
49,2.0158378936313817,"[3.141592653589793, 3.141592653589793, 1.2928503792015888e-33, -5.822480486018081e-18, -1.574661250419545e-18, 3.141592653589793, 3.141592653589793, 1.5707963267948966, 1.5707963267948966, -9.52329031320208e-19, 1.5707963267948966, 1.5707963267948966, 3.141592653589793, 4.71238898038469, 9.52329031320208e-19, 1.5707963267948966, 1.5707963267948966, 3.3685252558497685, 1.4659078430060846, 3.141592653589793, 3.141592653589793, 4.71238898038469, 4.71238898038469, 0.0, 1.5707963267948966, 3.141592653589793, 1.5707963267948966, 0.0]",0.0
50,2.126665211519807,"[3.142131918016931, 3.1401684064783066, -0.003412418663664376, -0.0017033119454631445, 0.0003838346258551542, 3.141084649789501, 3.142271790570939, 1.5696352092673558, 1.57046183101011, -0.0007987053587856027, 1.5710072984493342, 1.5707963267948966, 3.141592653589793, 4.7121093084323, -0.0008398592662008773, 1.5710787864672793, 1.5703125896205319, 3.349103071631062, 2.0217200855396396, 3.12897516366304, 3.126476509091877, 4.708224567739876, 4.7032270127588, -0.012450853658632327, 1.5615277508741499, 3.1262402539980645, 1.5707963267948966, -0.05119188652388629]",0.0
51,2.055460331085633,"[3.141592653589793, 3.141592653589793, -1.77859035920493e-17, 3.909396805528064e-17, 8.892951796024652e-18, 3.141592653589793, 3.141592653589793, 1.5707963267948966, 1.5707963267948966, 3.55718071840986e-17, 1.5707963267948966, 1.5707963267948966, 3.141592653589793, 4.71238898038469, -3.55718071840986e-17, 1.5707963267948966, 1.5707963267948966, 3.141592653589793, 1.5707963267948966, 3.3335186359429834, 2.9813914760105913, 4.71238898038469, 4.71238898038469, 0.0, 1.5707963267948966, 3.141592653589793, 1.5707963267948966, 0.0]",0.0
52,2.2026523524121626,"[3.1427036981004792, 3.138658282517931, -0.00703059358940062, -0.0035093273202484085, 0.000790813064253184, 3.1405460152333236, 3.1429918770077196, 1.5684040806345432, 1.5701071663629593, -0.0016455697054674713, 1.5712309909165731, 1.5707963267948966, 3.141592653589793, 4.7118127732924755, -0.0017303589491595602, 1.5713782774163327, 1.569799684878342, 3.1396685753880074, 1.5706765340674118, 3.4485287616521725, 3.518581174744039, 4.703809056368916, 4.693512612269968, -0.025652447880163107, 1.5517003140034007, 3.1099621613231676, 1.5707963267948966, -0.10547045503428285]",0.0
53,2.018716784162237,"[3.141592653589793, 3.141592653589793, -1.1485068986156867e-17, 6.316967073575105e-18, 1.436081451241667e-19, 3.141592653589793, 3.141592653589793, 1.5707963267948966, 1.5707963267948966, 1.2633934147150205e-17, 1.5707963267948966, 1.5707963267948966, 3.141592653589793, 4.71238898038469, 1.1485068986156867e-17, 1.5707963267948966, 1.5707963267948966, 3.141592653589793, 1.5707963267948966, 3.141592653589793, 3.141592653589793, 4.484796255915374, 4.815837285197451, 0.0, 1.5707963267948966, 3.141592653589793, 1.5707963267948966, 0.0]",0.0
54,2.112714105666372,"[3.142186631552431, 3.140023902982483, -0.0037586411851203835, -0.0018761292386235207, 0.00042277832095350055, 3.141033107943678, 3.1423406955152617, 1.569517402785293, 1.5704278932124833, -0.0008797416589803782, 1.5710287035421304, 1.5707963267948966, 3.141592653589793, 4.712080933036992, -0.0009250710240395292, 1.5711074447034519, 1.5702635098560784, 3.1405640178877485, 1.570732284139966, 3.1395375792044367, 3.1440862191073844, 4.918684587326476, 5.163662255596716, -0.01371411188479084, 1.5605873651706732, 3.1246826061766977, 1.5707963267948966, -0.056385793185783066]",0.0
55,2.03516252864753,"[3.141592653589793, 3.141592653589793, 2.2264025754906618e-17, -5.4416148165595185e-18, -4.1434069235032084e-18, 3.141592653589793, 3.141592653589793, 1.5707963267948966, 1.5707963267948966, -2.2264025754906624e-17, 1.5707963267948966, 1.5707963267948966, 3.141592653589793, 4.71238898038469, 9.887213605577924e-33, 1.5707963267948966, 1.5707963267948966, 3.141592653589793, 1.5707963267948966, 3.141592653589793, 3.141592653589793, 4.71238898038469, 4.71238898038469, 0.14928196701386706, 1.3702598106077675, 3.141592653589793, 1.5707963267948966, 0.0]",0.0
56,2.1604361952739617,"[3.142550038496843, 3.1390641117097298, -0.006058248904841167, -0.003023980567825253, 0.0006814420887119391, 3.1406907673413254, 3.142798361704121, 1.5687349329030749, 1.570202478582942, -0.0014179842340790404, 1.5711708760282772, 1.5707963267948966, 3.141592653589793, 4.71189246384722, -0.001491046961458924, 1.571297792520394, 1.5699375223820529, 3.1399346791228333, 1.5706931016331993, 3.1382802458521932, 3.145611829622318, 4.714081368204371, 4.711937840517565, 0.3917579995364899, 1.866471631860989, 3.1143367195499185, 1.5707963267948966, -0.09088368721353009]",0.0
57,2.0,"[3.141592653589793, 3.141592653589793, 0.0, 0.0, 0.0, 3.141592653589793, 3.141592653589793, 1.5707963267948966, 1.5707963267948966, 0.0, 1.5707963267948966, 1.5707963267948966, 3.141592653589793, 4.71238898038469, 0.0, 1.5707963267948966, 1.5707963267948966, 3.141592653589793, 1.5707963267948966, 3.141592653589793, 3.141592653589793, 4.71238898038469, 4.71238898038469, 0.0, 1.5707963267948966, 3.141592653589793, 1.8207963267948966, 0.0]",0.0
58,2.207139291997613,"[3.1425973650556176, 3.1389391179010544, -0.006357727276344448, -0.0031734654751201497, 0.0007151279227221881, 3.1406461842564743, 3.1428579636630793, 1.568633031694418, 1.5701731227908262, -0.0014880796718713413, 1.571189391179474, 1.5707963267948966, 3.141592653589793, 4.711867919467085, -0.001564754120551687, 1.5713225815545184, 1.5698950689683626, 3.139852720210092, 1.5706879988875366, 3.1381165030792246, 3.1458105101836344, 4.714165028277794, 4.7119155392495164, -0.0008788942718161751, 1.574387654957364, 3.632286644318821, 1.5707963267948966, -0.0953763548259775]",0.0
59,2.6734197559550705,"[3.1510588444069962, 3.1165915701700415, -0.05990123693097107, -0.029899758051077144, 0.006737792496120588, 3.132675208515673, 3.153514152451986, 1.5504141923098989, 1.5649246231055847, -0.014020389538977981, 1.5744997009420236, 1.5707963267948966, 3.141592653589793, 4.707479648460843, -0.014742800884622551, 1.5757545940611646, 1.5623048555101835, 3.125199348704038, 1.5697756828819134, 3.108841057572766, 3.1813324562247076, 4.72912254900463, 4.7079283125425215, -0.008280766337557803, 1.6046331036502461, 3.13797407363118, 1.5707963267948966, 0.48896789570667587]",0.0
60,2.0764936730210057,"[3.127961892054519, 3.0853533912229087, -0.09506751695076197, -0.08505926714853429, -0.014519470532736075, 3.1146638040868173, 3.128937652261492, 1.5468566037688805, 1.5313838176649486, -0.042067932475125934, 1.5649706170560518, 1.5707963267948966, 3.141592653589793, 4.697716968499538, -0.042385563153613165, 1.5654373301988014, 1.5549793379241412, 3.1186511756586315, 1.5333808110275247, 3.07913603723546, 3.0947839370432146, 4.7015457728892915, 4.673891224752582, -0.0531044654200492, 1.5454545953252976, 3.0784511397718135, 1.5707963267948966, -0.1359948353662144]",0.0
61,2.020659844240385,"[3.139307206166419, 3.1301398170192423, 0.11791415780447662, -0.01707193980487733, -0.0025401275316718815, 3.136205185509842, 3.1395697658170776, 1.5656134904423475, 1.5631381131413682, -0.008419071371662569, 1.5698087240533345, 1.5707963267948966, 3.141592653589793, 4.709452050787547, -0.008502112976919872, 1.5699368509060583, 1.5675291619630003, 3.1367250770732458, 1.5636699731639943, 3.1287161809437043, 3.133972752450251, 4.7108616066214815, 4.7049487754824115, -0.010330349058264413, 1.5670601933733712, 3.1295065013758263, 1.5707963267948966, -0.019528585092494128]",0.0
62,2.0022549191621115,"[3.1413716480607206, 3.14097641606587, 0.0007787161906466428, -0.000968548162727329, -0.00021997576506149096, 3.1412834904738367, 3.1413730109836764, 1.5705789557270395, 1.5703107095179316, 0.05977692639872334, 1.582301408482487, 1.5707963267948966, 3.141592653589793, 4.711895796023778, -0.001417164565615852, 1.5705248420584887, 1.5703079385015948, 3.140939441618664, 1.5693830630400862, 3.1396536163632747, 3.1392696268171902, 4.711748999596771, 4.710980982724466, -0.0019134288108153606, 1.5693719457292907, 3.1392333194831235, 1.5707963267948966, -0.013052245281169649]",0.0
63,2.042495675089339,"[3.1416667067754522, 3.1228805341163848, -0.009648855635830091, -0.02595190897251587, -0.0009143657185984237, 3.1335393977049146, 3.1425915248205407, 1.5599394481591409, 1.5611412750856237, 0.017003987120683975, 1.5764255150458026, 1.5707963267948966, 3.141592653589793, 4.707826467135228, -0.013344425778431332, 1.5711046587643296, 1.5649420418720172, 3.131908876747332, 1.5625247507726778, 3.118703587894377, 3.14324195846874, 4.7149729591189224, 4.702880570687833, -0.013738404297086454, 1.5752934773194778, 3.1270791104959472, 1.5707963267948966, 0.11167302877887149]",0.0
64,2.000712778408967,"[3.1504084780221064, 3.1661741282809888, 6.65106338983009e-05, -0.0010294953241377675, -0.00023381802812648416, 3.0953215361151916, 3.1087196868433673, 1.5708771564934416, 1.5709769041757429, 0.00017943949598062432, 1.5708308629643455, 1.5707963267948966, 3.141592653589793, 4.712451530036235, 0.00017973633551078027, 1.5708307586970573, 1.5708582681701428, 3.141675499244314, 1.570975568397857, 3.1418385780603657, 3.141887278737452, 4.712470147952952, 4.712567554098707, 0.000242676603029009, 1.5709769783856253, 3.141891883528833, 1.5707963267948966, 0.0009977687847651574]",0.0
65,2.0102201383506917,"[3.18056431305282, 3.2443014356928552, -0.0008260201335562157, -0.015164783755737288, -0.0018761217512425774, 3.1819904685172182, 3.172409112736646, 1.5655016096013084, 1.5635649812752892, -0.0025258956381315196, 1.5710522075044029, 1.5707963267948966, 3.141592653589793, 4.70952059818194, -0.00831599225897962, 1.5701053082553857, 1.5675351018563701, 3.1366470849054555, 1.5640890462897283, 3.128756178068354, 3.1353683509268744, 4.711344810484247, 4.705307521019772, -0.009880686817658288, 1.568077512962572, 3.130173438758616, 1.5707963267948966, -0.0025333612469623412]",0.0
66,2.0017578125,"[3.141591374384986, 3.1415890867378407, -1.1160695031759529e-05, 1.4357929818847934e-05, 3.2609597727240213e-06, 3.1415921922882153, 3.1415923258615632, 1.5884850102718495, 1.610313684775674, -0.0007043145388916764, 1.570660769535735, 1.5707963267948966, 3.141592653589793, 4.71214644570753, -0.04506801172119566, 1.5707905490126555, 1.570785932835939, 3.141578751826562, 1.5707662494861958, 3.141551386684698, 3.14154321455683, 4.712375360209648, 4.712359015149869, -4.072190263426521e-05, 1.5707660128857823, 3.141542441858251, 1.5707963267948966, -0.00016742876238403872]",0.0
67,2.0090412367791903,"[3.1443336694517847, 3.1422475676689254, -0.0009338920269910903, -0.013227904796209205, -0.0011649199139367858, 3.141697410598077, 3.1441493320178258, 1.6041702804627196, 1.6507480188345682, -0.0014585675879702934, 1.5713860139318805, 1.5707963267948966, 3.141592653589793, 4.709542492835462, 0.08451705438258658, 1.570003893143937, 1.56700350104442, 3.135835084142754, 1.5630230316236884, 3.126664864965604, 3.134446685809582, 4.711206917681094, 4.704176416743315, -0.01146232165174851, 1.5677022970258176, 3.1283554131666462, 1.5707963267948966, -0.0024460048852310208]",0.0
68,2.0016200662189343,"[3.141604064496117, 3.1416244710229964, 9.955688472381597e-05, -0.00012807721739373527, -2.9088779440558276e-05, 3.1415967685439123, 3.1415955770279402, 1.5708079769503958, 1.5708223537949269, 2.654438821359883e-05, 1.5708014357118842, 1.5707963267948966, 3.141592653589793, 4.712365436619031, 2.9834746845690288e-05, 1.570783085946755, 1.5707725071308107, 3.1636505667232693, 1.6185199609536556, 3.119962303588303, 3.1156788230211823, 4.7125104765991015, 4.71265627963624, 0.00036325208732588133, 1.5710667363300224, 3.1420405579142723, 1.5707963267948966, 0.001493516841799761]",0.0
69,2.0108754673564944,"[3.145714023616581, 3.142413119308979, -0.0019882774841242807, -0.019477139082968258, -0.0016147015619866214, 3.1417293933506856, 3.1454804454779306, 1.568739147869328, 1.5744356676264557, -0.0002777288670288493, 1.5720720794201568, 1.5707963267948966, 3.141592653589793, 4.708909003278692, 0.00416037375892388, 1.5704301378650427, 1.5665225093465247, 3.1652115902283553, 1.62904957908276, 3.1969204576781425, 3.224275037753451, 4.709897844859803, 4.6983383259502345, -0.01955513662730943, 1.564544613702255, 3.1188490660021215, 1.5707963267948966, -0.012168204755143342]",0.0
70,2.0019736627928806,"[3.141567059775761, 3.1415212894540043, -0.00022329868643971678, -0.03305470472334056, -0.007507354037948348, 3.1422814874184444, 3.1420820303928387, 1.5712246079374184, 1.571753127183546, 0.0009464110886554058, 1.5709784796344788, 1.5707963267948966, 3.141592653589793, 4.712790637723075, 0.0009279146662942424, 1.5710180796627238, 1.571195249791769, 3.142056766277306, 1.57180046276974, 3.143134966963236, 3.143440392874657, 4.712914344790307, 4.713544814853219, 0.04192998526720368, 1.6020095481899952, 3.140588037509406, 1.5707963267948966, -0.0033498471740509663]",0.0
71,2.0112172752804884,"[3.1485893958328863, 3.1431038551516695, -0.0029547186972968056, 0.09376163626252351, 0.02603255642935363, 3.1391782186826234, 3.146270588555744, 1.565640815779668, 1.5731680062653177, -0.004197537691591043, 1.5722302607005132, 1.5707963267948966, 3.141592653589793, 4.70509533835896, 0.0033432660512726893, 1.5693934384272328, 1.562175484375484, 3.1372463864752396, 1.5734557995687255, 3.130472201337822, 3.155926578510015, 4.710017129458171, 4.6927167139204675, 0.04042902592179302, 1.614899959652414, 3.1050272955154234, 1.5707963267948966, -0.014541828551205085]",0.0
72,2.0008253917152112,"[3.1415871497071244, 3.1415773069193187, -4.8019797623531055e-05, -2.1626800510205543e-05, -4.91185897732558e-06, 3.1415924149662406, 3.1415924840614884, 1.5707918441974353, 1.5707863124595287, -1.0286975327201714e-05, 1.5707943468923056, 1.5707963267948966, 3.141592653589793, 4.65420890389008, 0.00028790961701274335, 1.5708608802407815, 1.5709124554129534, 3.141735305714339, 1.5711049633264942, 3.142061012649391, 3.1421537622780416, 4.72182457031632, 4.733147866897154, -0.00017520929635441652, 1.5706658987367244, 3.141376613533138, 1.5707963267948966, -0.0007203758603882565]",0.0
73,2.0066335706808442,"[3.145353993733654, 3.14236981152715, -0.0017137229342813552, 0.00690894527876716, 0.004125236008487398, 3.1412027358784425, 3.1447650707889125, 1.5685981171317984, 1.5733793092305934, -0.0009741434323729523, 1.5718183941993842, 1.5707963267948966, 3.141592653589793, 4.75757022763481, 0.0028253326184010633, 1.5702595844382925, 1.566541101284171, 3.1397505470719307, 1.5733192571240209, 3.137230051120921, 3.151288016796918, 4.762098895283512, 4.813955321847567, -0.0044795978977230175, 1.5750194303425453, 3.1213263407548637, 1.5707963267948966, -0.009639029752973356]",0.0
74,2.000849154223148,"[3.1415884358499064, 3.141580893116672, -3.679857074990755e-05, -1.657306752744751e-05, -3.7640598052451697e-06, 3.141592470727596, 3.1415925236767235, 1.570792891687129, 1.5707886526011934, -7.883123380633263e-06, 1.5707948095543172, 1.5707963267948966, 3.141592653589793, 4.712385964480388, -9.056807992613364e-06, 1.5413048340969269, 1.5177425161966873, 3.141765424155543, 1.5711701264024729, 3.142153997883645, 3.142265161474341, 4.712571712677935, 4.71279100283004, 0.0005688191060549941, 1.5712197630679579, 3.156420109552289, 1.5707963267948966, -0.0005520390209233565]",0.0
75,2.012773873583575,"[3.1503605020555168, 3.143440191228955, -0.003866933991205308, 0.01613419082601985, 0.009613260771849954, 3.1406857854861663, 3.1489763816987644, 1.5656916820178615, 1.5768331450600248, -0.0022411397784267437, 1.573180035955258, 1.5707963267948966, 3.141592653589793, 4.716283827609244, 0.007127151865963666, 1.588323628362676, 1.594670976480148, 3.137454397115497, 1.576990321381725, 3.131881029510371, 3.164686179979797, 4.721757305813729, 4.7148499366603716, -0.002521715823390983, 1.5865086524285443, 3.254066342311601, 1.5707963267948966, -0.02061084151434171]",0.0
76,2.0028956533960476,"[3.140825800512865, 3.1277123080288116, -0.02774784006447694, -0.014671635446434014, -0.00024141943457282858, 3.1344849296145703, 3.1407140413929904, 1.5630103236131367, 1.5624635573187726, -0.01259777276392562, 1.5698342569265675, 1.5707963267948966, 3.141592653589793, 4.710389190243247, -0.007913487994612122, 1.5714746545496314, 1.5680387942626888, 3.1344311569861714, 1.5631719321701032, 3.1230536173539787, 3.137425715984108, 4.712730450628756, 4.703710282695646, -0.014200547353642522, 1.5693640386374674, 3.1305457829167014, 1.5707963267948966, -0.037952880347492425]",0.0
77,2.0,"[3.141592653589793, 3.141592653589793, 0.0, 0.0, 0.0, 3.141592653589793, 3.141592653589793, 1.5707963267948966, 1.5707963267948966, 0.0, 1.5707963267948966, 1.6020463267948966, 3.141592653589793, 4.71238898038469, 0.0, 1.5707963267948966, 1.5707963267948966, 3.141592653589793, 1.5707963267948966, 3.141592653589793, 3.141592653589793, 4.71238898038469, 4.71238898038469, 0.0, 1.5707963267948966, 3.141592653589793, 1.5707963267948966, 0.0]",0.0
78,2.0020261819077634,"[3.1424326253271775, 3.140997306097837, -0.0018916046198569933, 0.0007929191345496462, 0.0009532962090014301, 3.1410825684627217, 3.1422737124884392, 1.6275323192691238, 1.545106632693376, -0.0009392853675070023, 1.5709814338742523, 1.5707963267948966, 3.141592653589793, 4.712668073459637, 0.000271822700575997, 1.5713900146030904, 1.57086923136007, 3.1407725280659164, 1.5709907234474132, 3.1395403725166013, 3.1436477964975933, 4.713343385076645, 4.71212967997916, -0.0010926396569558227, 1.572269160989333, 3.1421831600478902, 1.5707963267948966, -0.0022705109627875458]",0.0
79,2.0,"[3.141592653589793, 3.141592653589793, 0.0, 0.0, 0.0, 3.141592653589793, 3.141592653589793, 1.5707963267948966, 1.5707963267948966, 0.0, 1.5707963267948966, 1.5707963267948966, 3.172842653589793, 4.71238898038469, 0.0, 1.5707963267948966, 1.5707963267948966, 3.141592653589793, 1.5707963267948966, 3.141592653589793, 3.141592653589793, 4.71238898038469, 4.71238898038469, 0.0, 1.5707963267948966, 3.141592653589793, 1.5707963267948966, 0.0]",0.0
80,2.0006447873725333,"[3.142034497298083, 3.1412794876440127, -0.0009950258593916098, 0.00041709299871713995, 0.0005014548863219276, 3.141324337533362, 3.1419509056308423, 1.570768154449652, 1.570654476796544, -0.0004940848738719323, 1.5708936972119394, 1.5707963267948966, 3.141592653589793, 4.7125357895137405, 0.00014298475136058022, 1.5163115725197722, 1.6012951973069725, 3.141161249428671, 1.5708985837328437, 3.140513108362884, 3.1426737042049906, 4.712891018357558, 4.712252582637431, -0.0005747526212692481, 1.5715710701501815, 3.141903273044713, 1.5707963267948966, -0.0011943389745878825]",0.0
81,2.000462083623092,"[3.141592653589793, 3.141592653589793, -3.512420137186054e-18, -1.596422627649938e-17, -3.4178757672795348e-18, 3.141592653589793, 3.141592653589793, 1.5707963267948966, 1.5707963267948966, -6.361830221365492e-19, 1.5707963267948966, 1.5707963267948966, 3.141592653589793, 4.71238898038469, -1.7570432833740083e-18, 1.5707963267948966, 1.5707963267948966, 3.1688688230940514, 1.558189253001283, 3.135004932199956, 3.147091443859229, 4.71238898038469, 4.71238898038469, 8.071948602104881e-18, 1.5707963267948966, 3.141592653589793, 1.5707963267948966, 1.4191680228043992e-17]",0.0
82,2.003286114862957,"[3.14475381199081, 3.1393521166265117, -0.007118884564001294, 0.002984080144546033, 0.00358764489996558, 3.1396729939001755, 3.144155757755353, 1.5705947685421124, 1.5697814649657853, -0.003534916352891599, 1.571492960708813, 1.5707963267948966, 3.141592653589793, 4.713439322175099, 0.0010229803876361453, 1.5710469973386398, 1.5721733492493883, 3.155751615482055, 1.5635570651878812, 3.186971159039229, 3.1050025374920485, 4.715980796960972, 4.711413126532893, -0.004112051485953006, 1.5763392063702801, 3.143814971755737, 1.5707963267948966, -0.008544864648620696]",0.0
83,2.000373159915395,"[3.141592653589793, 3.141592653589793, -3.1495573494459607e-18, 2.4947523642704212e-18, 6.422321972760032e-19, 3.141592653589793, 3.141592653589793, 1.5707963267948966, 1.5707963267948966, -2.7198022438984323e-19, 1.5707963267948966, 1.5707963267948966, 3.141592653589793, 4.71238898038469, -1.2226507071906805e-18, 1.5707963267948966, 1.5707963267948966, 3.141592653589793, 1.5707963267948966, 3.141592653589793, 3.141592653589793, 4.687276006614484, 4.723803644765516, -0.008767953753049184, 1.5825746744071236, 3.141592653589793, 1.5707963267948966, 6.642750742988146e-18]",0.0
84,2.001510815071824,"[3.1442028607186105, 3.1397426148343626, -0.005878149994700135, 0.0024639914481193346, 0.0029623622437087763, 3.140007567121133, 3.1437090400267063, 1.5706298976820372, 1.5699583429785022, -0.0029188236379178367, 1.57137154593219, 1.5707963267948966, 3.141592653589793, 4.71325626043878, 0.0008446874093968914, 1.5710033085266732, 1.5719333510661573, 3.141612673597936, 1.5702132243755895, 3.1444971479851422, 3.140231330832012, 4.686741965127993, 4.724588665353034, 0.03247755149363836, 1.5271835993828233, 3.143427648861584, 1.5707963267948966, -0.007055599179539464]",0.0
85,2.0,"[3.141592653589793, 3.141592653589793, 0.0, 0.0, 0.0, 3.141592653589793, 3.141592653589793, 1.5707963267948966, 1.5707963267948966, 0.0, 1.5707963267948966, 1.5707963267948966, 3.141592653589793, 4.71238898038469, 0.0, 1.5707963267948966, 1.5707963267948966, 3.141592653589793, 1.5707963267948966, 3.141592653589793, 3.141592653589793, 4.71238898038469, 4.71238898038469, 0.0, 1.5707963267948966, 3.141592653589793, 1.6020463267948966, 0.0]",0.0
86,2.0018681204963884,"[3.0829003165234994, 3.162166310469865, -0.0030588425703072324, 0.0012821996616581637, 0.001541539387034566, 3.1407678141467152, 3.1426939682779667, 1.5707097212377379, 1.5703602609284035, -0.001518882983069838, 1.5710956564795753, 1.5707963267948966, 3.141592653589793, 4.712840291282204, 0.00043955424900613005, 1.570904034922965, 1.5713880058516645, 3.1416030715024394, 1.570492894846982, 3.143104079992611, 3.140884255197921, 4.712068749252711, 4.712816725539856, 0.0008494578535188077, 1.5696633770487822, 3.1425475393376434, 1.5707963267948966, -0.0036715577433135875]",0.0
87,2.0,"[3.141592653589793, 3.141592653589793, 2.6035303274074346e-18, 0.005179344727038548, -0.022804534027202592, 3.129587229072361, 3.1584911712217303, 1.5707963267948966, 1.5707963267948966, 1.751539723419508e-18, 1.5707963267948966, 1.5707963267948966, 3.141592653589793, 4.71238898038469, -8.491994910111897e-20, 1.5707963267948966, 1.5707963267948966, 3.141592653589793, 1.5707963267948966, 3.141592653589793, 3.141592653589793, 4.71238898038469, 4.71238898038469, 5.546740451219346e-18, 1.5707963267948966, 3.141592653589793, 1.5707963267948966, 4.409868740274963e-18]",0.0
88,2.0013689902522436,"[3.141026579726441, 3.1412289908454754, -0.0036447490400336475, 0.010972815337527036, -0.039749373760436114, 3.1684733450103075, 3.1036849600354777, 1.5706931323629962, 1.5702767346250608, -0.001809817657242547, 1.5711529916299807, 1.5707963267948966, 3.141592653589793, 4.712926737697353, 0.0005237487351128598, 1.5709246658928913, 1.5715013391074284, 3.1416050670031166, 1.5704347739279356, 3.1433935863949745, 3.1407485649191957, 4.712007410531373, 4.71289865805127, 0.0010121673884807816, 1.569446366015731, 3.1427304430748104, 1.5707963267948966, -0.004374826834918204]",0.0
89,2.0000748419237553,"[3.141520096218794, 3.1426253560404045, 0.0015656166604092647, 0.001453937648663379, 5.132426247895181e-06, 3.1421929022622193, 3.1415803944330407, 1.5714595772081243, 1.5713249814045693, 0.006532072993843494, 1.5405531416882552, 1.5707963267948966, 3.141592653589793, 4.7126306059891645, 0.0006980254240625132, 1.570750106968245, 1.5711315598469726, 3.142209064932341, 1.5713022218427173, 3.1433278498491743, 3.141773694400722, 4.712284760012522, 4.713151517473123, 0.0012230182955886883, 1.5707455539208237, 3.142632497788607, 1.5707963267948966, 0.002239627023068621]",0.0
90,2.0028811143775833,"[3.1413377020047326, 3.1276867277351226, -0.027523549414069415, -0.014414203339333433, -0.0002748465936843407, 3.1346066406535393, 3.1406764979979775, 1.5621367542768032, 1.5629833729865803, -0.010617348520579826, 1.5600705465157256, 1.5707963267948966, 3.141592653589793, 4.710432344001093, -0.007796813641128975, 1.5716520588552745, 1.5679961407520988, 3.133770186415277, 1.5636022492229769, 3.1232498613947897, 3.1375298931961324, 4.712921375188332, 4.703741485650238, -0.013464099970555381, 1.5686316713589514, 3.1307223668106685, 1.5707963267948966, -0.037625519741001694]",0.0
91,2.000965255578402,"[3.143625586889499, 3.141742521509472, -0.0019432903197435785, 0.003971903181955666, 0.002094247903442699, 3.141437462658787, 3.1430912086297833, 1.5691632199609242, 1.5721481099288175, -0.000986726253077884, 1.571241787042852, 1.5707963267948966, 3.141592653589793, 4.713371987264347, 0.0016590457566939896, 1.5751639360943688, 1.5768555431807536, 3.140300756712955, 1.572186839024654, 3.1397219877307188, 3.1465337798585664, 4.71447220154939, 4.712967466733807, -0.0001629288275286999, 1.5736459654856516, 3.169786292486681, 1.5707963267948966, -0.006465645855222542]",0.0
92,2.0,"[3.1369364292137427, 3.1287732306312317, -0.000293567979315827, 0.0010703148356904556, 0.00020000146484294904, 3.136563307087045, 3.1379614457858147, 1.5711165279419184, 1.5713853481628013, 0.0007819108609897384, 1.5709264294694403, 1.5707963267948966, 3.141592653589793, 4.712601248127398, 0.0006119761646061514, 1.5708887757219285, 1.5710180911662859, 3.1419052996155976, 1.5713630437892037, 3.1424700561779306, 3.1423922732433125, 4.712590844834133, 4.7129645539828, 0.0007892550017606555, 1.571256458275843, 3.1425448417502775, 1.5707963267948966, 0.0035880737415334377]",0.0
93,2.0003908294675723,"[3.1442993194494684, 3.1443885248181815, -0.013143400470819546, -0.004304091453230595, -0.0004966600545086217, 3.1438035603169747, 3.143812324386086, 1.565588925240514, 1.5650203381004921, 0.001447397901754589, 1.5715129746303866, 1.5707963267948966, 3.141592653589793, 4.712266767501031, -0.0038957469447599316, 1.5720562446786766, 1.571664935007768, 3.137272597413091, 1.5660727414365598, 3.137051677790998, 3.1396178040085694, 4.7123602239080995, 4.709772568597301, -0.0030529466068760966, 1.5683083539443174, 3.143896280800489, 1.5707963267948966, 0.02421369711632449]",0.0
94,2.0,"[3.1417826704745155, 3.1416166501764518, 0.00028146119458407644, 0.009170265109751118, 0.002215889241916153, 3.14135325368028, 3.1416022556055703, 1.5706164407867145, 1.5707848116734853, -0.0002622671012837663, 1.5708088552673294, 1.5707963267948966, 3.141592653589793, 4.712104971611135, -6.095373027835653e-05, 1.5707131918029875, 1.570475411961492, 3.1390886235690907, 1.5657177323385651, 3.135580827282733, 3.1351675850175726, 4.712419337846148, 4.71204953878399, 0.005135815228042042, 1.5750131804759966, 3.1406523007377616, 1.5707963267948966, -0.00015157657655590203]",0.0
95,2.0010343331865075,"[3.144702648225779, 3.142726221315625, -0.008032978167095094, 0.015017619749467357, 0.004773709315468715, 3.1420741369112277, 3.1437739809306438, 1.566791554584228, 1.569435194926105, -0.0011853131078825609, 1.5713830514357168, 1.5707963267948966, 3.141592653589793, 4.7106048962055205, -8.873490220349063e-05, 1.5714145707221174, 1.5695256681374103, 3.143121294407897, 1.5803171585896971, 3.1487173637190957, 3.158615905906168, 4.711097014753618, 4.704511788518619, 0.004107252501809823, 1.5765622558142436, 3.1330073383549664, 1.5707963267948966, 0.0013651952973705234]",0.0
96,2.0001953125,"[3.1421314431996277, 3.1421517017237526, -0.004799067515271194, 0.0013659316096430426, 0.0005585213864257046, 3.1417155761023112, 3.14201505313884, 1.5708274986746011, 1.5715939059778548, 0.0003887596310677491, 1.5709886439557648, 1.5707963267948966, 3.141592653589793, 4.717704671142859, 0.0006695022787470618, 1.5707660516760338, 1.570422313787709, 3.141605549786824, 1.571456444021655, 3.141520277445849, 3.1429554249440836, 4.718252416095999, 4.724531368550424, -3.295588532460445e-05, 1.5715059395627125, 3.139675113891261, 1.5707963267948966, -0.00040902757847853744]",0.0
97,2.0011724884027178,"[3.143946185962385, 3.1392336378501344, 0.02439337310950667, 9.04608691170919e-06, 0.001024329142611892, 3.1419054911521664, 3.143194465317665, 1.5621496649050493, 1.5621385635596272, -0.005243855189400351, 1.5706334629352634, 1.5707963267948966, 3.141592653589793, 4.7164322301444574, -0.005235966208018399, 1.5723982038121413, 1.5710203168918466, 3.1366654077915133, 1.5685938386662157, 3.1386556411837034, 3.1451755592515913, 4.716429693123828, 4.716289016948476, -0.003919829579413002, 1.5680806055724812, 3.137561067115585, 1.5707963267948966, 0.0046861197409577395]",0.0
98,2.0005859375,"[3.1440622162608483, 3.1414893067459784, 0.0028396353674924697, -0.0021540657052912513, 0.00046311292189600876, 3.142394908202937, 3.1434477944443273, 1.5753598032181437, 1.5889110074693453, -0.002697134375503782, 1.5709705655274147, 1.5707963267948966, 3.141592653589793, 4.712664597629723, 0.02153165823718266, 1.571758897237742, 1.5704041794305417, 3.137245038261362, 1.5677330648756498, 3.1369748826207706, 3.142378685878726, 4.712760141261521, 4.709047997240123, -0.004613919462263228, 1.5682901084878171, 3.137314518873441, 1.5707963267948966, 0.005001072154002492]",0.0
99,2.000267126285912,"[3.1420454504077338, 3.1415043767922395, 0.0007020931693905415, -0.008365244505317178, -0.0017656959145813404, 3.141980552879379, 3.142049350932295, 1.5701569519980947, 1.5710404561572022, -0.0004050313657529997, 1.570842419228614, 1.5707963267948966, 3.141592653589793, 4.7127224920935875, 0.0008997496963268506, 1.571138732518992, 1.5710155425202352, 3.140952659078562, 1.570730755031742, 3.141681378213217, 3.1426716920122644, 4.712684854539344, 4.712318149240827, 0.010369108635540187, 1.57844125042795, 3.1410110070728146, 1.5707963267948966, 0.0005291071078722029]",0.0
100,2.0,"[3.1426296601803068, 3.144374724979853, 0.00020489874884372606, -0.0007069166903092347, 0.0021145643042279824, 3.134937047921424, 3.1399344991161984, 1.5707746927537642, 1.5708324598468777, 7.185658170870144e-05, 1.5707718482908388, 1.5707963267948966, 3.141592653589793, 4.712384133778176, 2.0475818987599614e-05, 1.5708069913552725, 1.5707784337735395, 3.14156934645643, 1.5708192578228308, 3.1415334724754826, 3.141689939313156, 4.712422013336987, 4.7123737562666825, -1.2531585341907923e-05, 1.5708721827239973, 3.141561806231454, 1.5707963267948966, 0.0003599415377247297]",0.0
101,2.0000889237076973,"[3.1427825812264194, 3.144212142484504, -0.00017950739500963213, 0.002237669145607315, -0.009050494189824497, 3.1427675436112907, 3.1295278729045144, 1.5702938615605306, 1.5707556373457592, -0.0007503522674451735, 1.5709216820774758, 1.5707963267948966, 3.141592653589793, 4.712648231315485, 0.0005964167484484172, 1.5710190381280695, 1.5710128034028354, 3.141090320158296, 1.5705340649338626, 3.1417371226314286, 3.141888655005093, 4.712439348735815, 4.712251698168387, 0.00019156388132803847, 1.5705129696752298, 3.1416134925765165, 1.5707963267948966, 0.00022841767597523617]",0.0
102,2.0001953125,"[3.1413115901401305, 3.1417346450594232, 0.0006536506228580903, -0.00032131532775663907, -0.0003166397081266089, 3.1417305157604023, 3.1413617739143254, 1.5706741854762007, 1.570812660613414, 0.004720390233602388, 1.571589542702297, 1.5707963267948966, 3.141592653589793, 4.7123155401310095, -0.00010748379079809048, 1.5708025490899027, 1.5706805665308936, 3.1414329842796462, 1.5707020455797749, 3.1411488750617305, 3.1416368574270424, 4.714906345203864, 4.711041393453501, -0.003339658737516061, 1.5749835691381908, 3.141218263475308, 1.5707963267948966, -0.0002513910415412947]",0.0
103,2.0,"[3.142813994925618, 3.1412521697880087, 0.00030702373009524133, 7.386213583143424e-05, 4.7318572589116336e-05, 3.141554558655402, 3.1416068071789343, 1.5697392867698483, 1.570613863253501, 0.010978022866616768, 1.5733183002356566, 1.5707963267948966, 3.141592653589793, 4.7127308904983645, 0.0007907163328077453, 1.5711567209779855, 1.5710328092061392, 3.1404385334669547, 1.569976315897073, 3.1412560602551616, 3.141722736277306, 4.708098692023839, 4.713670876483748, 0.0051116943002932624, 1.5629632798941981, 3.1409245235791747, 1.5707963267948966, -0.0018321043439874206]",0.0
104,2.0000889237076973,"[3.1366160844978803, 3.143337903400314, -0.0002556544244349826, 0.00010619192615043377, 0.00012905128609656387, 3.141523474239978, 3.1416851127287506, 1.5692001528235586, 1.5671511075406168, -6.331778345704528e-05, 1.5708337953444964, 1.5707963267948966, 3.141592653589793, 4.712427172321987, 0.004141305014258725, 1.5707939630900873, 1.5708268815512865, 3.1416269089429725, 1.5708015762115366, 3.1416814395082584, 3.1415411371418602, 4.712348299480943, 4.7124442348614135, 7.165085190452904e-05, 1.5707093792489475, 3.1416833159811675, 1.5707963267948966, -0.00029227167710536937]",0.0
105,2.0001953125,"[3.131371812369959, 3.14554777717243, 0.0004923522044439947, 0.00013676554714939915, -6.811737745525448e-05, 3.141699759329562, 3.1415349034891884, 1.5729694074645775, 1.5782206898426254, -8.234440615974735e-05, 1.5711522297555847, 1.5707963267948966, 3.141592653589793, 4.7127829040676215, -0.007411275694928329, 1.5712641359608792, 1.5710878103570785, 3.1404002884368913, 1.5702196490608304, 3.1413475103065553, 3.1423779044901745, 4.7117283458804025, 4.712265693332347, 0.0011285972310018464, 1.5690227478166183, 3.1412304101574318, 1.5707963267948966, 0.0009774465328438594]",0.0
106,2.0,"[3.1415484741242183, 3.1416228346099664, 9.593811683128351e-05, -4.2622291906044366e-05, -5.005033724829111e-05, 3.141619270573091, 3.1415570841448726, 1.570791011290575, 1.570813328454571, 4.843447645371686e-05, 1.5707865454379948, 1.5707963267948966, 3.141592653589793, 4.7123825544131295, -1.4931884117664699e-05, 1.5739433084547083, 1.5637356434595036, 3.141642386030904, 1.5708011336133136, 3.1417486062447035, 3.1415438177685675, 4.712351678404577, 4.712430082010499, 0.00010030127281831276, 1.5707516271470205, 3.142691236221487, 1.5707963267948966, 7.617494095167028e-05]",0.0
107,2.0,"[3.1416918349702025, 3.141694284525674, 0.00028903590986569037, 2.256449698729855e-05, -7.085824990094791e-05, 3.1416610928082984, 3.141538736623376, 1.5704747479209427, 1.571234299641532, 5.215782770920152e-05, 1.5709544278283163, 1.5707963267948966, 3.141592653589793, 4.712573958766511, -3.357578310858307e-05, 1.5566560541127497, 1.564935592732485, 3.141017298003651, 1.5706548790751902, 3.141346903581851, 3.142283687448446, 4.712254391007002, 4.712353734806372, 0.00046274801304012613, 1.5703057964682905, 3.1443901090921687, 1.5707963267948966, 0.0004256234606338393]",0.0
108,2.0,"[3.141763351988582, 3.1414672053187433, -0.00039841640293753703, 0.00017661553738810076, 0.00019841827326201356, 3.1414877604833116, 3.1417317662203135, 1.5708282280505563, 1.5707184363712412, -0.0001952744674773537, 1.5708336542918055, 1.5707963267948966, 3.141592653589793, 4.7124159304024325, 5.248688961249591e-05, 1.5708118872075354, 1.5708737346968917, 3.1399332441704373, 1.5650649479269876, 3.1464551851088953, 3.1425091131968417, 4.712576153112868, 4.712317784155079, -0.00026432425451479365, 1.5710676349737018, 3.1416634679177657, 1.5707963267948966, -0.0006318665446696725]",0.0
109,2.000321751859467,"[3.142570108166341, 3.1416358245049465, -5.080172057704562e-06, 0.0006169645514108602, 0.0003362138694718707, 3.1415405380640578, 3.141820251039702, 1.5695862405585415, 1.5723834591237693, -0.0003959277232683223, 1.5715819363041914, 1.5707963267948966, 3.141592653589793, 4.713240170988972, 5.225503416670812e-05, 1.5700820101294175, 1.5707927211657216, 3.1462359284371857, 1.5743870325772782, 3.149739699209277, 3.1300995259885482, 4.7123452928041925, 4.711815942387961, 0.0007932377636847354, 1.5694159708573368, 3.1416358013632153, 1.5707963267948966, 0.0009241780055655292]",0.0
110,2.000067644438439,"[3.1416001135030167, 3.1420601954378675, 0.000923755201519077, 0.0004830681061658372, 8.125393119716394e-06, 3.1418285445944805, 3.1416231468684197, 1.571054678086304, 1.5710736838022286, 0.0003566522987593073, 1.5711619511494892, 1.5707963267948966, 3.141592653589793, 4.705473724212657, 0.00029735130517763675, 1.570774859875378, 1.570904649194733, 3.141851310214553, 1.5710864297267686, 3.142274191119079, 3.141791236629998, 4.713519595442027, 4.715163965740672, 0.00043963168871130024, 1.5708449117163736, 3.141932999412522, 1.5707963267948966, 0.0011840414613662554]",0.0
111,2.001350170448023,"[3.1418811927113466, 3.1382003524375515, -0.006243221471927918, -0.004024528781850107, -0.00048356652520540147, 3.1399815115659586, 3.141028963240447, 1.5672214748633957, 1.5704485814083773, -0.0026492670346112937, 1.5684279364445295, 1.5707963267948966, 3.141592653589793, 4.708370506830002, -0.002338598747531513, 1.5702330839381098, 1.5697214477515131, 3.138988201117813, 1.5690129975935638, 3.1377016528176713, 3.1389183059579113, 4.712244567459183, 4.7110732205750745, -0.0021692785606486882, 1.5675687019973934, 3.1380433356008455, 1.5707963267948966, -0.007992556862359446]",0.0
112,2.0000889237076973,"[3.142027827659732, 3.1418107203699055, 0.0005213365681448296, 0.0002996823339818706, 1.4577045371808898e-05, 3.14170076538095, 3.1415972807743064, 1.5851528442542615, 1.5651391172844398, -3.016362320399661e-07, 1.5713012269183686, 1.5707963267948966, 3.141592653589793, 4.713319539926992, 1.078698206380479e-05, 1.570473079316831, 1.5706548650415144, 3.1410554163195887, 1.5710626282033806, 3.1418920757261626, 3.1412044647897086, 4.712083034733178, 4.711951394333874, 0.0007680015169115582, 1.5696233090892426, 3.1415243495707537, 1.5707963267948966, 0.0011470160990806138]",0.0
113,2.0,"[3.142390714169445, 3.1417201486298683, 0.001049860917450427, -0.00013747253777607812, 0.00015629167134962335, 3.1418821611759364, 3.142051382458361, 1.5721742009267465, 1.5753856606745769, -0.0006221325973852652, 1.5709841249685401, 1.5707963267948966, 3.141592653589793, 4.712934813460237, 0.005265693207687237, 1.570940396570383, 1.5707274096231454, 3.140712190326832, 1.570168339109004, 3.1407739413904623, 3.141894973853393, 4.7121763482799155, 4.711708279997015, -0.0007475829785353897, 1.5698261418859212, 3.1408227408522795, 1.5707963267948966, 0.001725014354436945]",0.0
114,2.0,"[3.1416016065891554, 3.1414652263655913, -0.0001931845761396237, -0.00017940427915288628, -6.333003565572383e-07, 3.1415185877036196, 3.1415941662717035, 1.5707144869977139, 1.5707310950435514, -0.0008060055724616906, 1.574528093991607, 1.5707963267948966, 3.141592653589793, 4.712359165717303, -8.613075543469827e-05, 1.5708020299518997, 1.570754961717026, 3.1420617166793874, 1.5704819468284121, 3.1412468864440637, 3.1416802097539684, 4.712401840345197, 4.712294889405752, -0.00015091067757451088, 1.570802591761542, 3.1414643451309736, 1.5707963267948966, -0.00027635206503823933]",0.0
115,2.0,"[3.141653255497287, 3.141724538487732, 0.0003105857798994316, 8.612616637572392e-05, -5.122868031448882e-05, 3.1416756190794346, 3.1415560653292665, 1.571064162845557, 1.5709496735630248, 0.0003169035976866122, 1.5696824664487996, 1.5707963267948966, 3.141592653589793, 4.712616812054416, 4.6880950248720915e-05, 1.5706801616661745, 1.5707701239708958, 3.148373593763894, 1.5677033860719523, 3.1401996290543392, 3.142764923142534, 4.7122514103659165, 4.712322427194791, 0.0003001305329550674, 1.5704105598299583, 3.1415786264176164, 1.5707963267948966, 0.0005197123916380988]",0.0
116,2.0,"[3.141592653589793, 3.141592653589793, 0.0, 0.0, 0.0, 3.141592653589793, 3.141592653589793, 1.5707963267948966, 1.5707963267948966, 0.0, 1.5707963267948966, 1.5747025767948966, 3.141592653589793, 4.71238898038469, 0.0, 1.5707963267948966, 1.5707963267948966, 3.141592653589793, 1.5707963267948966, 3.141592653589793, 3.141592653589793, 4.71238898038469, 4.71238898038469, 0.0, 1.5707963267948966, 3.141592653589793, 1.5707963267948966, 0.0]",0.0
117,2.0,"[3.1423546230085497, 3.1423719350121253, -0.0030041622213182587, -0.0009570201198647802, -0.00013717193187110592, 3.1421913012554383, 3.1421261686993645, 1.5697347775058517, 1.56953737870037, 0.00039804491416584975, 1.5710545267116718, 1.5707963267948966, 3.141592653589793, 4.7125950876735105, -0.0009064407701133538, 1.571065661147084, 1.571074196279313, 3.140650869761721, 1.5696087902721942, 3.14058536018519, 3.1410243801243163, 4.71207956762209, 4.711753897174217, -0.0005692952726690978, 1.569946614552967, 3.1425884889093556, 1.5707963267948966, 0.006254767662323709]",0.0
118,2.0,"[3.141592653589793, 3.141592653589793, 0.0, 0.0, 0.0, 3.141592653589793, 3.141592653589793, 1.5707963267948966, 1.5707963267948966, 0.0, 1.5707963267948966, 1.5707963267948966, 3.145498903589793, 4.71238898038469, 0.0, 1.5707963267948966, 1.5707963267948966, 3.141592653589793, 1.5707963267948966, 3.141592653589793, 3.141592653589793, 4.71238898038469, 4.71238898038469, 0.0, 1.5707963267948966, 3.141592653589793, 1.5707963267948966, 0.0]",0.0
119,2.0,"[3.1416404989071935, 3.141663235148841, 0.00022066050893570333, 2.901260262397448e-05, -4.141337188806483e-05, 3.141638051902206, 3.1415601268961564, 1.5710003629534528, 1.5709119172703452, 4.7175110140744406e-05, 1.5708561163188268, 1.5707963267948966, 3.141592653589793, 4.712566854000409, 2.0914799306954707e-05, 1.5707011011830834, 1.5707625201922122, 3.1417114306449387, 1.5707586370322182, 3.141710653224919, 3.1414571802434397, 4.705932939399659, 4.715198842491013, -0.002006671565320745, 1.573463796724542, 3.1415421915041732, 1.5707963267948966, 0.0003196408890828881]",0.0
120,2.0,"[3.141592653589793, 3.141592653589793, 0.0, 0.0, 0.0, 3.141592653589793, 3.141592653589793, 1.5707963267948966, 1.5707963267948966, 0.0, 1.5707963267948966, 1.5707963267948966, 3.141592653589793, 4.71238898038469, 0.0, 1.5707963267948966, 1.5707963267948966, 3.141592653589793, 1.5707963267948966, 3.141592653589793, 3.141592653589793, 4.71238898038469, 4.71238898038469, 0.0, 1.5707963267948966, 3.141592653589793, 1.5747025767948966, 0.0]",0.0
121,2.0,"[3.1425442991483563, 3.14209086256129, -0.0014118056907153084, 0.003945277197292371, 0.001112375868698594, 3.141847741428329, 3.1420658134648356, 1.570363784614745, 1.5708033656649774, -0.0001716598740021318, 1.571126213949568, 1.5707963267948966, 3.141592653589793, 4.712468714770475, 5.4440132943823594e-05, 1.570713070145664, 1.5704290569281723, 3.142320326957826, 1.5731216550893357, 3.1437372670218444, 3.145572122393968, 4.711350271466541, 4.710352725767834, 0.0015194776104487068, 1.57156869452507, 3.1395185424430005, 1.5707963267948966, 0.0012309561059240027]",0.0
122,2.0,"[3.141592653589793, 3.141592653589793, -9.494660069308694e-19, -0.0006474180908798189, 0.002850566753400324, 3.1430933316544722, 3.139480338885801, 1.5707963267948966, 1.5707963267948966, 1.084876502457376e-19, 1.5707963267948966, 1.5707963267948966, 3.141592653589793, 4.71238898038469, 4.568273854662669e-19, 1.5707963267948966, 1.5707963267948966, 3.141592653589793, 1.5707963267948966, 3.141592653589793, 3.141592653589793, 4.71238898038469, 4.71238898038469, -1.2054767363242059e-18, 1.5707963267948966, 3.141592653589793, 1.5707963267948966, -1.3638316798088997e-18]",0.0
123,2.0,"[3.1423613926472584, 3.141879463915055, -5.17400851511997e-05, 0.0015428345060003994, 0.0005552579501500965, 3.1417038509847726, 3.141948098908579, 1.5708833444798689, 1.5714732090402497, -0.0001482149745050038, 1.5711136983098948, 1.5707963267948966, 3.141592653589793, 4.713148165690932, 0.0005014745775718247, 1.5716776275192015, 1.5722640489447097, 3.1416560391422848, 1.5713033965380003, 3.141649821391691, 3.14294063203645, 4.712147453114153, 4.712293973159551, 0.0005615127145030666, 1.5709540544023541, 3.1486787595895995, 1.5707963267948966, -0.0006948704498579216]",0.0
124,2.0,"[3.14256341063009, 3.141367358736664, 0.006246443620391381, 0.0008541381122581235, 0.0003568856244271658, 3.14186156348356, 3.142003524662689, 1.569315921884679, 1.569208924708852, -0.0011486491163829658, 1.5710406198418538, 1.5707963267948966, 3.141592653589793, 4.714201276257341, -0.0010862648336435314, 1.5710202309645094, 1.5709340143372428, 3.1408744304170995, 1.570526963593997, 3.1415153239004336, 3.142765614715744, 4.7125929424477135, 4.713373883008228, -0.00016874397850271248, 1.569517900352152, 3.1413398362428224, 1.5707963267948966, 0.0021432009319873376]",0.0
125,2.0,"[3.14174322836724, 3.141657578041983, 0.0002000361574063456, 0.00014079599231392212, 2.662835920959157e-05, 3.141632643267645, 3.1416138453540667, 1.5743717720398973, 1.5693938019987923, -2.0920593107427917e-05, 1.570930905770443, 1.5707963267948966, 3.141592653589793, 4.712663140104562, 2.7237627678098276e-05, 1.5707287405382448, 1.5707755781496588, 3.1414760569521722, 1.5708657952129081, 3.1416737328491022, 3.141573057421934, 4.712275239186133, 4.712273047487522, 0.00019826995487050157, 1.5704916554571728, 3.1416263957032373, 1.5707963267948966, 0.0003659756281936569]",0.0
126,2.0,"[3.141621174152358, 3.141562307241933, 7.296105759852219e-05, -0.0008698899158114694, -0.00019869909994451297, 3.141633111131456, 3.141619870730096, 1.570824895388861, 1.5707343790437882, -5.0298747693042996e-05, 1.5707425916401663, 1.5707963267948966, 3.141592653589793, 4.712354426406672, 6.022778036160076e-05, 1.5708571158711566, 1.5708118667089346, 3.141206858067902, 1.5705395528416994, 3.1410458059049557, 3.1424891569003215, 4.712351892387588, 4.712421570643023, 0.0010478636595219473, 1.5715511602589873, 3.1415438995757157, 1.5707963267948966, -1.0243549983310047e-05]",0.0
127,2.0,"[3.1419116604036605, 3.1417721064399644, 0.000499829086127672, -0.0007910984533593977, -0.00014711892999355253, 3.1417362652746657, 3.141738613860047, 1.5707195578963622, 1.5711851106468813, -3.075039054050457e-05, 1.571096311033017, 1.5707963267948966, 3.141592653589793, 4.713032131885751, 0.0002504444526962696, 1.5707133206329404, 1.5708874716162928, 3.142569586098618, 1.5715918093962193, 3.1434373268470788, 3.13968721932689, 4.712294890585364, 4.712280989967638, 0.0018527169472316145, 1.5716673901652858, 3.1417690737978363, 1.5707963267948966, 0.000763149012677835]",0.0
128,2.0,"[3.1415689014792028, 3.1415896540164607, -3.518264932300974e-05, -0.0011462831387188902, -0.0002769861552395191, 3.1416225785784824, 3.141591453337821, 1.5708188125459193, 1.570797766185073, 3.27833876604707e-05, 1.5707947607358426, 1.5707963267948966, 3.141592653589793, 4.712424481481384, 7.619216284794448e-06, 1.5708067186688852, 1.570836441149072, 3.141905657342381, 1.5714311511019379, 3.1423441318781755, 3.1423957871613206, 4.712385185702007, 4.712431410584777, -0.0006419769035052556, 1.570269220084759, 3.141710197696297, 1.5707963267948966, 1.8947072069487673e-05]",0.0
129,2.0002515340880924,"[3.143280368604133, 3.140430197988606, -0.00048476809884869703, -0.0005322564271184583, 0.00034406378256497514, 3.141324842672792, 3.142029838091308, 1.5705526757403283, 1.5705054522792496, -0.0019257304785802471, 1.5701970374452596, 1.5707963267948966, 3.141592653589793, 4.712300550752495, -0.00020576842287947297, 1.570812858942255, 1.5707634794593437, 3.141528557922641, 1.5706581879202064, 3.141332679653001, 3.1411236172332897, 4.711093502047827, 4.711417175087753, 0.000642733515239718, 1.5693945827349218, 3.1415205847921492, 1.5707963267948966, -0.0007614942967952551]",0.0
130,2.0,"[3.1414529696623785, 3.1416377177909887, -0.00012602335252122823, 1.4753626991180845e-05, 2.1765512081016428e-05, 3.1415954522981036, 3.1416194925073806, 1.5709302254280375, 1.5708316839658147, -0.0014238970743294446, 1.5704749873778956, 1.5707963267948966, 3.141592653589793, 4.712433986996999, -8.611357191632417e-05, 1.5707508299398338, 1.570762470932885, 3.1417388464043996, 1.5709103541175489, 3.1416398086214743, 3.1415976168163193, 4.712975709437245, 4.712449334396514, -0.0005809395460568441, 1.5717117705864816, 3.141649877213562, 1.5707963267948966, 0.0002235088591900085]",0.0
131,2.0,"[3.14199486397534, 3.1416939769118817, -0.0010582163866677033, 0.0004288762943272967, 0.0001803663342201139, 3.141645658843739, 3.141742265683756, 1.5708714286649939, 1.5710207596800954, 0.00033931200672382666, 1.5709457381169394, 1.5707963267948966, 3.141592653589793, 4.713926465694886, 0.0001998202420552994, 1.5707772020495314, 1.5707257269205337, 3.1416229139126806, 1.5709702374278427, 3.1416617808427314, 3.141981781320372, 4.713498503383724, 4.715441299209354, 0.0004041001370377181, 1.5705264701011366, 3.141203470701444, 1.5707963267948966, 5.222540964174226e-06]",0.0
132,2.0,"[3.1415146657942805, 3.1416034826294794, -3.539107867471e-05, -1.618220331871893e-06, 1.637896467789393e-05, 3.141583459991678, 3.1416087214447357, 1.5708592768961749, 1.5708107177468784, -3.605700584781919e-05, 1.570774252171686, 1.5707963267948966, 3.141592653589793, 4.712369195477906, -6.595146772283143e-05, 1.5725628920129018, 1.571529851817961, 3.1416562331980997, 1.570810170716945, 3.141623785597316, 3.1415123554819497, 4.712384825955178, 4.712400797039998, -2.8165754982016793e-05, 1.5708176514324688, 3.141243070039538, 1.5707963267948966, -4.309636392622447e-05]",0.0
133,2.0,"[3.1391837058883634, 3.142603949518629, 0.00023504082967605813, 0.00014574893526623418, 4.3674425688538194e-05, 3.1416526158629887, 3.141649520322903, 1.5714469157747082, 1.5726820395712875, -0.00010277821213915235, 1.570919204420204, 1.5707963267948966, 3.141592653589793, 4.712801810772469, -0.0018096806300486022, 1.5706484646634413, 1.570781137768173, 3.1413645429662975, 1.5707040955593732, 3.141635430620131, 3.1418753516648907, 4.712143728101763, 4.712449122916228, 0.00045677667185055386, 1.5702955463109503, 3.1416519079055543, 1.5707963267948966, 0.0004544414697741454]",0.0
134,2.0,"[3.141010625542787, 3.139990225719973, -3.669599741447939e-05, 0.00013378935446130754, 2.5000183105367743e-05, 3.1409639852769495, 3.141138752614296, 1.5708363519382742, 1.5708699544658846, 9.773885762371731e-05, 1.5708125896292144, 1.5707963267948966, 3.141592653589793, 4.7124155138525285, 7.64970205757692e-05, 1.5708078829107757, 1.5708240473413202, 3.1416317343430187, 1.570867166419185, 3.1417023289133104, 3.141692606046483, 4.71241421344087, 4.712460927084454, 9.865687522008216e-05, 1.570853843230015, 3.1417116771098534, 1.5707963267948966, 0.0004485092176916803]",0.0
135,2.0,"[3.1419306360903843, 3.1422659388724465, -5.7622400084454215e-06, 0.0006110364601706799, -0.002239510240261376, 3.1418993755026174, 3.138601064015183, 1.5707401892898083, 1.570856558529114, -0.0002863072718385005, 1.5708313973975048, 1.5707963267948966, 3.141592653589793, 4.71258494504284, 0.00010411500483850656, 1.5708562281427425, 1.570863144225049, 3.141495742649774, 1.5707513035848268, 3.1416778476569736, 3.1417009191462393, 4.712332298684221, 4.712409603521225, 0.0001671405833897631, 1.5706399273064733, 3.1416402974317097, 1.5707963267948966, 0.00015090860451683557]",0.0
136,2.0,"[3.141654212547339, 3.141810208038578, 0.0006111418258173151, 0.00010947377204552125, -0.00017383411684629326, 3.141761461323165, 3.141444439409691, 1.5710930589442869, 1.5711883519956478, 0.0023488755048770038, 1.5713043533434485, 1.5707963267948966, 3.141592653589793, 4.713059482249547, -0.0003033699532435949, 1.570825677300253, 1.570796862170149, 3.141644690973269, 1.570847075337291, 3.1415888879579597, 3.141809349560544, 4.713556535977982, 4.7118597150180905, -0.001397358753184019, 1.5728952681266797, 3.1415939016818832, 1.5707963267948966, 0.0003581480900456712]",0.0
137,2.0,"[3.1416331674301334, 3.141748207556643, 0.0003137254021681468, 0.00017726798678619344, -7.698590368212119e-06, 3.1416781540309002, 3.1415886753895634, 1.570938865714257, 1.5709522718680335, 0.0001848519428604338, 1.5709310523231184, 1.5707963267948966, 3.141592653589793, 4.7107589110659625, 1.9838216332685248e-05, 1.5707966636112787, 1.5708347214194591, 3.1416850240332588, 1.5708906844684938, 3.141807242682014, 3.141687387638393, 4.712711462792798, 4.713109109448415, 0.00010560973669525775, 1.5708946014224048, 3.1417141468136283, 1.5707963267948966, 0.0004062797943299121]",0.0
138,2.0,"[3.141587131156596, 3.1415964262173146, 1.199226460391066e-05, -5.327786488255869e-06, -6.256292156036361e-06, 3.1415959807127054, 3.141588207409178, 1.5707956623568564, 1.570798452002356, 6.054309556715027e-06, 1.570795104125284, 1.5707963267948966, 3.141592653589793, 4.712388177138244, -1.8664855147078631e-06, 1.571189699502373, 1.5699137413779725, 3.141598870144932, 1.5707969276471987, 3.141612147671657, 3.14158654911214, 4.712384317637175, 4.712394118087916, 1.2537659102289215e-05, 1.570790739338912, 3.141729976418755, 1.5707963267948966, 9.521867618958944e-06]",0.0
139,2.0,"[3.1403287561388287, 3.142116193552825, 6.147518520508318e-05, 0.00011475354444965075, 2.0313090091848603e-05, 3.1416150679813075, 3.141600818606233, 1.5704880620585557, 1.5699574019883682, 0.00012478006819796944, 1.5708726029259823, 1.5707963267948966, 3.141592653589793, 4.71246489240099, 0.001022982913060395, 1.5708036672068033, 1.5708218967999987, 3.1416444406822723, 1.5708323199565912, 3.141687293461786, 3.1416460372279174, 4.712447948299071, 4.712472176610136, 1.7663644162265246e-05, 1.5708976929675484, 3.1416728126767306, 1.5707963267948966, 9.41664688364433e-05]",0.0
140,2.0,"[3.141473697894973, 3.141530377468356, 0.0001764757113394136, -0.0004931596496615462, -0.00013904698358732442, 3.141560767609976, 3.141533508605413, 1.5708503945674155, 1.5707954469361365, 2.1457484250266386e-05, 1.5707550909005625, 1.5707963267948966, 3.141592653589793, 4.7123790135864665, -6.805016617977825e-06, 1.5708067338760505, 1.5708422355282372, 3.141501694418789, 1.5705056607580916, 3.1413245769107867, 3.141095219989271, 4.712518818999458, 4.7126435122117964, -0.0001899347013060884, 1.570699780828625, 3.1418519174831423, 1.5707963267948966, -0.0001538695132405003]",0.0
141,2.0,"[3.1417616448400887, 3.14192929623112, -2.881120004223912e-06, 0.00030551823008533984, -0.0011197551201306878, 3.141746014546205, 3.140096858802488, 1.5707682580423523, 1.5708264426620053, -0.00014315363591925291, 1.5708138620962007, 1.5707963267948966, 3.141592653589793, 4.712486962713765, 5.2057502419252435e-05, 1.5708262774688195, 1.5708297355099727, 3.1415441981197834, 1.5707738151898616, 3.1416352506233833, 3.141646786368016, 4.712360639534455, 4.712399291952957, 8.357029169488277e-05, 1.570718127050685, 3.141616475510751, 1.5707963267948966, 7.545430225841686e-05]",0.0
142,2.0,"[3.1414630277659787, 3.1412448946660354, -2.5612343605465513e-05, 8.836458628865422e-05, -0.00026432053802849726, 3.1424246042983395, 3.1417999228989926, 1.5707990310500382, 1.5707918101633989, -8.982072713588133e-06, 1.5707993866079037, 1.5707963267948966, 3.141592653589793, 4.712389586210504, -2.559477373450032e-06, 1.5707949937248495, 1.570798563422566, 3.1415955669814637, 1.5707934604164047, 3.141600051229082, 3.1415804928743727, 4.712384851265653, 4.712390883399441, 1.5664481677386435e-06, 1.570786844803759, 3.1415965095095855, 1.5707963267948966, -4.49926922155914e-05]",0.0
143,2.0,"[3.141623433068566, 3.1417014308141855, 0.0003055709129086573, 5.473688602276053e-05, -8.691705842314866e-05, 3.1416770574564787, 3.1415185464997424, 1.5709446928695918, 1.5709923393952723, 0.0011744377524385017, 1.5710503400691724, 1.5707963267948966, 3.141592653589793, 4.712724231317119, -0.00015168497662179764, 1.5708110020475747, 1.5707965944825226, 3.141618672281531, 1.5708217010660939, 3.141590770773876, 3.1417010015751687, 4.712972758181336, 4.7121243477013905, -0.0006986793765920091, 1.5718457974607882, 3.141593277635838, 1.5707963267948966, 0.0001790740450228356]",0.0
144,2.0,"[3.14149656120761, 3.141556802299135, 6.467510643900268e-06, -0.00019285431325004982, -6.940724376876202e-05, 3.1415787539154207, 3.141548222924945, 1.570785449584275, 1.5707117165142275, 1.8526871813125464e-05, 1.5707566553555217, 1.5707963267948966, 3.141592653589793, 4.712294082221409, -6.268432219647821e-05, 1.5706861642043584, 1.5706128615261699, 3.141584730395732, 1.5707329430770085, 3.141585507614556, 3.141424156283961, 4.712419171293507, 4.712400856287832, -7.018908931288348e-05, 1.5707766108439645, 3.140706890339817, 1.5707963267948966, 8.685880623224029e-05]",0.0
145,2.0,"[3.1403881797390785, 3.142098301554211, 0.00011752041483802905, 7.287446763311736e-05, 2.1837212844268334e-05, 3.141622634726391, 3.141621086956348, 1.5711216212848025, 1.571739183183092, -5.138910606957587e-05, 1.5708577656075504, 1.5707963267948966, 3.141592653589793, 4.71259539557858, -0.0009048403150243009, 1.570722395729169, 1.5707887322815348, 3.141478598278045, 1.570750211177135, 3.141614042104962, 3.141734002627342, 4.712266354243226, 4.712419051650459, 0.0002283883359252769, 1.5705459365529233, 3.1416222807476735, 1.5707963267948966, 0.0002272207348870727]",0.0
146,2.0,"[3.1414928960173367, 3.1415767167097837, -0.0001312326146813035, 1.7184067222009877e-05, -1.953645891870286e-05, 3.1415564651415253, 3.141535312481222, 1.5706240925284154, 1.5702226600599365, 7.776657467315807e-05, 1.5707728520231912, 1.5707963267948966, 3.141592653589793, 4.712320751250246, -0.0006582116509609044, 1.5707783180729606, 1.5708049414413654, 3.1417027114976634, 1.570874825255633, 3.1416949926147093, 3.141554863556843, 4.712415559397787, 4.712474067933149, 9.344787231692387e-05, 1.5709175999085185, 3.1416888926819824, 1.5707963267948966, -0.00021562679430461791]",0.0
147,2.0,"[3.141793758782567, 3.1416433152508376, -0.0005291081933338517, 0.00021443814716364825, 9.018316711005702e-05, 3.141619156216766, 3.1416674596367744, 1.570833877729945, 1.570908543237496, 0.00016965600336191338, 1.5708710324559179, 1.5707963267948966, 3.141592653589793, 4.713157723039788, 9.991012102764988e-05, 1.570786764422214, 1.570761026857715, 3.141607783751237, 1.5708832821113696, 3.1416272172162625, 3.1417872174550827, 4.712943741884207, 4.713915139797022, 0.0002020500685188589, 1.5706613984480167, 3.1413980621456186, 1.5707963267948966, 2.6112704820871065e-06]",0.0
148,2.0,"[3.141687899767138, 3.1416900637675846, -0.0003755202776647824, -0.00011962751498309742, -1.7146491483888237e-05, 3.1416674845479986, 3.1416593429784894, 1.570663633133766, 1.5706389582830806, 4.97556142707313e-05, 1.5708286017844935, 1.5707963267948966, 3.141592653589793, 4.712414743795792, -0.00011330509626416923, 1.57082999358892, 1.5708310604804485, 3.141474930611284, 1.5706478847295589, 3.141466741914218, 3.1415216194066087, 4.712350303789365, 4.712309594983381, -7.116190908363716e-05, 1.5706901127646553, 3.1417171330047386, 1.5707963267948966, 0.0007818459577904638]",0.0
149,2.0,"[3.141598634254468, 3.141601476284674, 2.7582563616962984e-05, 3.6265753279966652e-06, -5.176671486008038e-06, 3.1415983283788447, 3.1415885877530885, 1.570821831314716, 1.5708107756043277, 5.896888767593043e-06, 1.570803800485388, 1.5707963267948966, 3.141592653589793, 4.712411214586655, 2.6143499133691783e-06, 1.5707844235934199, 1.5707921009695611, 3.1416075007216864, 1.5707916155745618, 3.141607403544184, 3.141575719421499, 4.711581975261561, 4.71274021314798, -0.00025083394566509284, 1.5711297605361023, 3.1415863458290905, 1.5707963267948966, 3.995511113536079e-05]",0.0
150,2.0,"[3.14160022882823, 3.1416091392020355, 3.8823222487429194e-05, 1.0765770796965923e-05, -6.403585039310911e-06, 3.1416030242759985, 3.141588080057227, 1.5708298063012291, 1.5708154951409126, 3.961294971082651e-05, 1.5706570942516345, 1.5707963267948966, 3.141592653589793, 4.712417459343405, 5.8601187810903965e-06, 1.5707818061538064, 1.5707930514418964, 3.1424402711115555, 1.5704097092045286, 3.1414185255228615, 3.1417391872838856, 4.712371784132343, 4.712380661235953, 3.751631661938386e-05, 1.5707481059242792, 3.141590900193271, 1.5707963267948966, 6.496404895476304e-05]",0.0
151,2.0,"[3.14171399821983, 3.1415644917331518, 0.0007808054525489229, 0.00010676726403226547, 4.4610703053395755e-05, 3.141626267326514, 3.1416440124739053, 1.5706112761811193, 1.570597901534141, -0.00014358113954787062, 1.5708268634257663, 1.5707963267948966, 3.141592653589793, 4.712615517368771, -0.00013578310420544145, 1.570824314816098, 1.57081353773769, 3.1415028756932064, 1.570762656394784, 3.1415829873786234, 3.141739273730537, 4.712414475642568, 4.712512093212632, -2.109299731283918e-05, 1.5706365234895534, 3.1415610514214216, 1.5707963267948966, 0.0002679001164984175]",0.0
152,2.0,"[3.141613990889642, 3.141576972555912, -4.980205036719197e-05, 2.2076942173512555e-05, 2.4802284157751722e-05, 3.141579541951483, 3.141610042668608, 1.570800314451854, 1.5707865904919396, -2.440930843466922e-05, 1.5708009927320101, 1.5707963267948966, 3.141592653589793, 4.712392349136907, 6.560861201561868e-06, 1.5707982718464764, 1.570806002782646, 3.1413852274123735, 1.570079904436408, 3.142200470029681, 3.141707211040674, 4.712412376975712, 4.712380080855988, -3.3040531814349295e-05, 1.5708302403172472, 3.1416015053807897, 1.5707963267948966, -7.898331808370895e-05]",0.0
153,2.0,"[3.141592653589793, 3.141592653589793, -9.926045903588387e-20, -8.092726135997735e-05, 0.00035632084417504045, 3.141780238347878, 3.141328614251794, 1.5707963267948966, 1.5707963267948966, 2.4232950868592633e-19, 1.5707963267948966, 1.5707963267948966, 3.141592653589793, 4.71238898038469, 1.462417483231536e-20, 1.5707963267948966, 1.5707963267948966, 3.141592653589793, 1.5707963267948966, 3.141592653589793, 3.141592653589793, 4.71238898038469, 4.71238898038469, -2.6603595067089163e-19, 1.5707963267948966, 3.141592653589793, 1.5707963267948966, -1.338128865581119e-19]",0.0
154,2.0,"[3.141611475436974, 3.141600769146317, 2.5004519675793226e-05, 1.7599499039240106e-05, 3.3285449011989436e-06, 3.1415976522995246, 3.141595302560327, 1.5712432574505217, 1.5706210111953836, -2.6150741384285218e-06, 1.5708131491668398, 1.5707963267948966, 3.141592653589793, 4.712423250349674, 3.4047034597623086e-06, 1.570787878512815, 1.5707937332142419, 3.1415780790100905, 1.570805010347148, 3.141602788497207, 3.1415902040688106, 4.71237476273487, 4.712374488772544, 2.4783744358812753e-05, 1.5707582428776812, 3.1415968713539737, 1.5707963267948966, 4.5746953524207053e-05]",0.0
155,2.0,"[3.1415937727147134, 3.141576725186768, -2.4148072017452975e-05, -2.242553489411083e-05, -7.916254456965558e-08, 3.1415833953540213, 3.141592842675032, 1.5707860968202487, 1.5707881728259785, -0.00010075069655771135, 1.5712627976944853, 1.5707963267948966, 3.141592653589793, 4.7123852535512665, -1.0766344429337288e-05, 1.570797039689522, 1.5707911561601626, 3.1416512864759922, 1.570757029299086, 3.141549432696577, 3.141603598110315, 4.712390587879753, 4.712377219012322, -1.8863834696813904e-05, 1.5707971099157272, 3.1415766150324407, 1.5707963267948966, -3.4544008129779944e-05]",0.0
156,2.0,"[3.141592653589793, 3.141592653589793, 0.0, 0.0, 0.0, 3.141592653589793, 3.141592653589793, 1.5707963267948966, 1.5707963267948966, 0.0, 1.5707963267948966, 1.5712846080448966, 3.141592653589793, 4.71238898038469, 0.0, 1.5707963267948966, 1.5707963267948966, 3.141592653589793, 1.5707963267948966, 3.141592653589793, 3.141592653589793, 4.71238898038469, 4.71238898038469, 0.0, 1.5707963267948966, 3.141592653589793, 1.5707963267948966, 0.0]",0.0
157,2.0,"[3.141592653589793, 3.141592653589793, 0.0, 0.0, 0.0, 3.141592653589793, 3.141592653589793, 1.5707963267948966, 1.5707963267948966, 0.0, 1.5707963267948966, 1.5707963267948966, 3.142080934839793, 4.71238898038469, 0.0, 1.5707963267948966, 1.5707963267948966, 3.141592653589793, 1.5707963267948966, 3.141592653589793, 3.141592653589793, 4.71238898038469, 4.71238898038469, 0.0, 1.5707963267948966, 3.141592653589793, 1.5707963267948966, 0.0]",0.0
158,2.0,"[3.141592653589793, 3.141592653589793, 0.0, 0.0, 0.0, 3.141592653589793, 3.141592653589793, 1.5707963267948966, 1.5707963267948966, 0.0, 1.5707963267948966, 1.5707963267948966, 3.141592653589793, 4.71238898038469, 0.0, 1.5707963267948966, 1.5707963267948966, 3.141592653589793, 1.5707963267948966, 3.141592653589793, 3.141592653589793, 4.71238898038469, 4.71238898038469, 0.0, 1.5707963267948966, 3.141592653589793, 1.5712846080448966, 0.0]",0.0
159,2.0,"[3.1416325294415266, 3.1416150851960647, 6.247863576595902e-05, -9.888730666992474e-05, -1.838986624919407e-05, 3.1416106050504022, 3.1416108986235747, 1.5707867306825798, 1.5708449247763947, -3.843798817563117e-06, 1.5708338248246616, 1.5707963267948966, 3.141592653589793, 4.712469374322322, 3.130555658703369e-05, 1.570785951024652, 1.5708077198975712, 3.141714770153396, 1.5708957621200619, 3.1418232377469537, 3.1413544743069304, 4.712377219159774, 4.7123754815825585, 0.00023158961840395186, 1.5709052097161953, 3.1416147061157984, 1.5707963267948966, 9.539362658472933e-05]",0.0
160,2.0,"[3.1415751930988662, 3.1415982866149426, -1.5752919065153525e-05, 1.8442033738976064e-06, 2.7206890101270594e-06, 3.1415930034283317, 3.1415960084544916, 1.5708130641240392, 1.5708007464412614, -0.00017798713429118055, 1.5707561593677715, 1.5707963267948966, 3.141592653589793, 4.7123946062112285, -1.0764196489540518e-05, 1.5707906396880138, 1.5707920948121452, 3.141610927691619, 1.5708105802102281, 3.141598547968753, 3.141593273993109, 4.712462321516259, 4.712396524636167, -7.261744325710554e-05, 1.5709107572688448, 3.1415998065427644, 1.5707963267948966, 2.793860739875107e-05]",0.0
161,2.0,"[3.1414346664084225, 3.1416580960851723, 7.684398150635426e-06, 1.4344193056206333e-05, 2.539136261481034e-06, 3.1415954553887326, 3.141593674216848, 1.570757793702854, 1.5706914611940805, 1.559750852474622e-05, 1.5708058613112823, 1.5707963267948966, 3.141592653589793, 4.712398469386727, 0.00012787286413254933, 1.570797244346385, 1.5707995230455343, 3.1415991269763532, 1.5708008259401083, 3.141604483573792, 3.1415993265445588, 4.712396351373988, 4.7123993799128705, 2.2079555202831316e-06, 1.570808997566478, 3.1416026734756604, 1.5707963267948966, 1.1770808604555439e-05]",0.0
162,2.0,"[3.14161377749608, 3.141634733919959, -3.6014000052803525e-07, 3.818977876066748e-05, -0.000139969390016336, 3.1416118237093444, 3.14140567924138, 1.5707928182008286, 1.5708000912782851, -1.7894204489906713e-05, 1.5707985187075595, 1.5707963267948966, 3.141592653589793, 4.712401228175824, 6.507187802406562e-06, 1.570800070629137, 1.570800502884281, 3.141586596656042, 1.5707935128442672, 3.141597978218992, 3.141599420187071, 4.71238543777841, 4.712390269330723, 1.0446286461860402e-05, 1.5707865518268702, 3.141595631329913, 1.5707963267948966, 9.431787782302091e-06]",0.0
163,2.0,"[3.14159650102464, 3.1416062507428424, 3.819636411358221e-05, 6.842110752845052e-06, -1.0864632302893595e-05, 3.141603204073129, 3.141583390203537, 1.5708148725542335, 1.5708208283699434, 0.0001468047190548127, 1.570828078454181, 1.5707963267948966, 3.141592653589793, 4.712430886751243, -1.8960622077724712e-05, 1.5707981612014814, 1.57079636025585, 3.1415959059262604, 1.5707994985787963, 3.1415924182378037, 3.141606197087965, 4.712461952609271, 4.7123559012992775, -8.73349220740012e-05, 1.570927510628133, 3.1415927315955487, 1.5707963267948966, 2.2384255627854457e-05]",0.0
164,2.0,"[3.1415199000839173, 3.1413923501060657, -4.5869996768099375e-06, 1.6723669307663443e-05, 3.1250228881709886e-06, 3.141514070050688, 3.141535915967856, 1.5708013299378187, 1.57080553025377, 1.2217357202964691e-05, 1.5707983596491863, 1.5707963267948966, 3.141592653589793, 4.7123922970681695, 9.562127571971185e-06, 1.5707977713093815, 1.5707997918631995, 3.1415975386839463, 1.5708051817479327, 3.141606363005233, 3.1416051476468794, 4.712392134516712, 4.71239797372216, 1.2332109402510263e-05, 1.5708035163492864, 3.1416075315298007, 1.5707963267948966, 5.606365221146005e-05]",0.0
165,2.0,"[3.1414420943584536, 3.141655859585345, 1.4690051854753627e-05, 9.109308454139664e-06, 2.729651605533565e-06, 3.141596401231868, 3.1415962077606125, 1.5708369886061349, 1.570914183843421, -6.423638258697002e-06, 1.5708040066464783, 1.5707963267948966, 3.141592653589793, 4.7124147822839255, -0.00011310503937803766, 1.5707870854116806, 1.5707953774807264, 3.1415783966758246, 1.5707905623426763, 3.141595327154189, 3.1416103222194867, 4.712373652117007, 4.712392739292911, 2.854854199065962e-05, 1.57076502801465, 3.141596356984528, 1.5707963267948966, 2.8402591860884084e-05]",0.0
166,2.0,"[3.141582905115354, 3.1415940072197537, -4.4238848343387445e-06, -2.0227754148398497e-07, 2.0473705847367417e-06, 3.141591504390029, 3.141594662071661, 1.5708041955575565, 1.5707981256638943, -4.507125730977378e-06, 1.5707935674669953, 1.5707963267948966, 3.141592653589793, 4.712386507271342, -8.243933465353924e-06, 1.5710171474471473, 1.5708880174227797, 3.1416006010408313, 1.5707980572851525, 3.1415965450907333, 3.1415826163263127, 4.712388461081001, 4.712390457466603, -3.5207193727521093e-06, 1.570798992374593, 3.1415489556460114, 1.5707963267948966, -5.387045490778057e-06]",0.0
167,2.0,"[3.1415896845759694, 3.1415922786431265, -4.397831165376225e-06, -0.0001432853923398613, -3.4623269404939895e-05, 3.141596394213379, 3.1415925035582966, 1.5707991375137744, 1.5707965067186687, 4.0979234575588e-06, 1.5707961310375147, 1.5707963267948966, 3.141592653589793, 4.712393418021777, 9.524020355993089e-07, 1.5707976257791452, 1.5708013410891686, 3.1416317790588666, 1.5708756798332768, 3.141686588375841, 3.141693045286234, 4.712388506049354, 4.712394284159701, -8.024711293815693e-05, 1.5707304384561294, 3.1416073466031063, 1.5707963267948966, 2.368384008685951e-06]",0.0
168,2.0,"[3.1416177917388897, 3.141598986297424, -6.613852416673146e-05, 2.6804768395456055e-05, 1.1272895888757109e-05, 3.1415959664181647, 3.141602004345666, 1.5708010206617777, 1.5708103538502214, 2.120700042023925e-05, 1.5708056650025242, 1.5707963267948966, 3.141592653589793, 4.712485073216577, 1.2488765128456255e-05, 1.5707951314983113, 1.570791914302749, 3.1415945448599736, 1.5708071962094556, 3.1415969740431016, 3.1416169740729543, 4.712458325572129, 4.712579750311231, 2.5256258564857317e-05, 1.5707794607515366, 3.1415683296592714, 1.5707963267948966, 3.2640881026090636e-07]",0.0
169,2.0,"[3.141596218660114, 3.1415888602963107, 9.120132199815252e-06, -0.00010873623947643376, -2.4837387493064148e-05, 3.141597710782501, 3.141596055732331, 1.5707998978691422, 1.570788583326008, -6.28734346163043e-06, 1.5707896099005554, 1.5707963267948966, 3.141592653589793, 4.712384661137437, 7.528472545200102e-06, 1.570803925429429, 1.5707982692841513, 3.141544429149557, 1.570764230050747, 3.1415242976291884, 3.141704716503609, 4.712384344385052, 4.712393054166982, 0.00013098295744024346, 1.570890680977908, 3.1415865593380334, 1.5707963267948966, -1.2804437479137898e-06]",0.0
170,2.0,"[3.1415977178198355, 3.141612097835649, 3.9215675271018345e-05, 2.2158498348274214e-05, -9.623237960265253e-07, 3.1416033411449313, 3.1415921563147644, 1.5708141441598167, 1.5708158199290387, 2.3106492857554243e-05, 1.5708131674859243, 1.5707963267948966, 3.141592653589793, 4.7121852217198485, 2.4797770415856555e-06, 1.5707963688969444, 1.5708011261229669, 3.141604199895226, 1.570808121504096, 3.1416194772263206, 3.141604495345868, 4.712429290685703, 4.712478996517655, 1.3201217086907232e-05, 1.570808611123335, 3.1416078402427723, 1.5707963267948966, 5.078497429123904e-05]",0.0
171,2.0,"[3.1415777841279406, 3.1415848690746135, 2.2059463917426694e-05, -6.164495620769326e-05, -1.7380872948415552e-05, 3.141588667842316, 3.1415852604667456, 1.5708030852664614, 1.5707962168125515, 2.6821855312832953e-06, 1.5707911723081047, 1.5707963267948966, 3.141592653589793, 4.712387734534912, -8.506270772472267e-07, 1.5707976276800408, 1.5708020653865642, 3.1415812836934176, 1.570759993540296, 3.1415591440049173, 3.141530474389728, 4.712405210211536, 4.7124207968630785, -2.374183766326104e-05, 1.5707842585491125, 3.1416250615764616, 1.5707963267948966, -1.9233689155062532e-05]",0.0
172,2.0,"[3.141607821668548, 3.141589133357713, 9.760068156861536e-05, 1.3345908004033187e-05, 5.5763378816744694e-06, 3.1415968553068834, 3.141599073450307, 1.5707731954681745, 1.570771523637302, -1.7947642443483838e-05, 1.5708001438737553, 1.5707963267948966, 3.141592653589793, 4.7124172975077, -1.697288802568018e-05, 1.5707998252975468, 1.5707984781627458, 3.1415814313527197, 1.5707921179948825, 3.141591445313397, 3.141610981107386, 4.712392167291925, 4.7124043694881825, -2.636624664104898e-06, 1.5707763513817288, 3.141588703318747, 1.5707963267948966, 3.3487514562302184e-05]",0.0
173,2.0,"[3.1415764503618164, 3.1415491837243232, -3.201542950683188e-06, 1.1045573286081779e-05, -3.304006725356216e-05, 3.141696647428361, 3.141618562253443, 1.5707966648267893, 1.5707957622159594, -1.1227590891985138e-06, 1.5707967092715225, 1.5707963267948966, 3.141592653589793, 4.712389056112916, -3.1993467168125196e-07, 1.5707961601611407, 1.5707966063733552, 3.141593017763752, 1.5707959684975852, 3.1415935782947044, 3.1415911335003655, 4.71238846424481, 4.712389218261533, 1.9580602096733163e-07, 1.5707951415460044, 3.1415931355797673, 1.5707963267948966, -5.624086526948926e-06]",0.0
174,2.0,"[3.1415919632856437, 3.1415931251682334, 1.4990330754888314e-06, -6.659733110319837e-07, -7.820365195045446e-07, 3.141593069480157, 3.1415920978172163, 1.5707962437401415, 1.570796592445829, 7.567886945893765e-07, 1.5707961739611949, 1.5707963267948966, 3.141592653589793, 4.712388879978884, -2.3331068933848262e-07, 1.570845498383331, 1.570686003617781, 3.1415934306591855, 1.5707964019014344, 3.1415950903500263, 3.1415918905300866, 4.71238839754125, 4.712389622597593, 1.5672073877861527e-06, 1.5707956283628985, 3.1416098189434134, 1.5707963267948966, 1.1902334523698682e-06]",0.0
175,2.0,"[3.1415806420420203, 3.141588172178461, 8.084388304875368e-07, -2.4106789156256228e-05, -8.675905471095253e-06, 3.1415909161304967, 3.1415870997566873, 1.5707949671435688, 1.5707857505098128, 2.3158589766406877e-06, 1.5707913678649748, 1.5707963267948966, 3.141592653589793, 4.712377118114279, -7.83554027455978e-06, 1.5707825564710793, 1.5707733936363057, 3.1415916631905354, 1.5707884038301605, 3.1415917603428887, 3.141571591426564, 4.712392754248292, 4.712390464872582, -8.773636164110435e-06, 1.57079386230103, 3.141481933183546, 1.5707963267948966, 1.0857350779030036e-05]",0.0
176,2.0,"[3.141595320752274, 3.1415906934605577, -6.225256295898997e-06, 2.7596177716890727e-06, 3.1002855197189665e-06, 3.1415910146350043, 3.141594827224645, 1.5707968252520161, 1.570795109757027, -3.0511635543336525e-06, 1.5707969100370358, 1.5707963267948966, 3.141592653589793, 4.712389401478717, 8.201076501952342e-07, 1.570796569926344, 1.5707975362933653, 3.141566725317616, 1.5707067740000855, 3.141668630644779, 3.1416069732711533, 4.712391904958568, 4.712387867943602, -4.13006647679366e-06, 1.5708005659851905, 3.141593760063668, 1.5707963267948966, -9.872914760463619e-06]",0.0
177,2.0,"[3.141593600494598, 3.1415947142913234, 4.8529028109286475e-06, 1.3457213496207417e-06, -8.00448129913864e-07, 3.1415939499255687, 3.1415920818982226, 1.570800511733188, 1.5707987228381486, 4.951618713853312e-06, 1.5707789227269888, 1.5707963267948966, 3.141592653589793, 4.7123925402545295, 7.325148476363004e-07, 1.5707945117147604, 1.5707959173757715, 3.1416986057800136, 1.5707479995961005, 3.1415708875814268, 3.1416109703015547, 4.712386830853147, 4.712387940491097, 4.689539577422985e-06, 1.5707902991860694, 3.141592434415228, 1.5707963267948966, 8.12050611934538e-06]",0.0
178,2.0,"[3.1416045593619613, 3.141604829862017, -4.694003470809779e-05, -1.4953439372887175e-05, -2.1433114354860304e-06, 3.1416020074595687, 3.14160098976338, 1.5707797400872552, 1.5707766557309195, 6.2194517838414125e-06, 1.5708003611685961, 1.5707963267948966, 3.141592653589793, 4.7123922008110775, -1.4163137033021154e-05, 1.5708005351441494, 1.5708006685055906, 3.1415779382174795, 1.5707777715367293, 3.1415769146303463, 3.141583774316895, 4.712384145810274, 4.712379057209526, -8.895238635454645e-06, 1.5707830500411164, 3.1416082135166614, 1.5707963267948966, 9.773074472380797e-05]",0.0
179,2.0,"[3.1415934011728774, 3.141593756426653, 3.447820452120373e-06, 4.5332191599958405e-07, -6.470839357510041e-07, 3.1415933629384245, 3.141592145360205, 1.570799514859874, 1.5707981328960754, 7.371110959491289e-07, 1.570797261006208, 1.5707963267948966, 3.141592653589793, 4.712391759659935, 3.267937391711465e-07, 1.570794838894712, 1.5707957985667296, 3.14159450948128, 1.5707957378923547, 3.141594497334092, 3.1415905368187564, 4.712288104744299, 4.712432884480101, -3.1354243208136605e-05, 1.5708380060125473, 3.1415918651197052, 1.5707963267948966, 4.9943888919200985e-06]",0.0
180,2.0,"[3.141580183893236, 3.141590661479792, -1.6404076835162935e-05, 2.1480084027512384e-06, -2.4420573648378573e-06, 3.14158813003376, 3.1415854859512216, 1.5707747975115864, 1.5707246184530266, 9.720821834144763e-06, 1.5707933924484334, 1.5707963267948966, 3.141592653589793, 4.7123804517428844, -8.227645637011308e-05, 1.5707940757046546, 1.570797403625705, 3.141606410828277, 1.5708061391024886, 3.1416054459679077, 3.1415879298356746, 4.712392302761327, 4.712399616328247, 1.1680984039615487e-05, 1.5708114859340994, 3.141604683476317, 1.5707963267948966, -2.6953349288077246e-05]",0.0
181,2.0,"[3.1415950063206908, 3.141593668034359, 3.125564959474153e-06, 2.199937379905013e-06, 4.160681126498679e-07, 3.1415932784285094, 3.1415929847111097, 1.5708521931268498, 1.5707744123449574, -3.2688426730356596e-07, 1.5707984295913895, 1.5707963267948966, 3.141592653589793, 4.712393264130313, 4.255879324702877e-07, 1.5707952707596364, 1.5707960025973147, 3.1415908317673304, 1.5707974122389279, 3.1415939204532197, 3.1415923473996705, 4.712387203178462, 4.712387168933171, 3.0979680448515937e-06, 1.5707915663052445, 3.1415931808103155, 1.5707963267948966, 5.718369190525881e-06]",0.0
182,2.0,"[3.141592653589793, 3.141592653589793, -1.232904301454767e-20, -1.011590766999717e-05, 4.4540105521880056e-05, 3.1416161016845536, 3.1415596486725432, 1.5707963267948966, 1.5707963267948966, 3.046791681412272e-20, 1.5707963267948966, 1.5707963267948966, 3.141592653589793, 4.71238898038469, 1.980964330841578e-21, 1.5707963267948966, 1.5707963267948966, 3.141592653589793, 1.5707963267948966, 3.141592653589793, 3.141592653589793, 4.71238898038469, 4.71238898038469, -3.38114455303152e-20, 1.5707963267948966, 3.141592653589793, 1.5707963267948966, -1.6612176307601565e-20]",0.0
183,2.0,"[3.141592793480408, 3.1415906625394148, -3.018509002181622e-06, -2.8031918617638536e-06, -9.895318071206757e-09, 3.1415914963103218, 3.141592677225448, 1.5707950480480655, 1.5707953075487817, -1.259383706971392e-05, 1.5708546356573452, 1.5707963267948966, 3.141592653589793, 4.712388514530511, -1.3457930536671606e-06, 1.5707964159067247, 1.5707956804655547, 3.141599982700568, 1.5707914146079203, 3.1415872509781413, 3.1415940216548583, 4.712389181321573, 4.712387510213143, -2.3579793371017376e-06, 1.5707964246850004, 3.141590648770124, 1.5707963267948966, -4.318001016222493e-06]",0.0
184,2.0,"[3.141592653589793, 3.141592653589793, 0.0, 0.0, 0.0, 3.141592653589793, 3.141592653589793, 1.5707963267948966, 1.5707963267948966, 0.0, 1.5707963267948966, 1.5708573619511466, 3.141592653589793, 4.71238898038469, 0.0, 1.5707963267948966, 1.5707963267948966, 3.141592653589793, 1.5707963267948966, 3.141592653589793, 3.141592653589793, 4.71238898038469, 4.71238898038469, 0.0, 1.5707963267948966, 3.141592653589793, 1.5707963267948966, 0.0]",0.0
185,2.0,"[3.141592653589793, 3.141592653589793, 0.0, 0.0, 0.0, 3.141592653589793, 3.141592653589793, 1.5707963267948966, 1.5707963267948966, 0.0, 1.5707963267948966, 1.5707963267948966, 3.141653688746043, 4.71238898038469, 0.0, 1.5707963267948966, 1.5707963267948966, 3.141592653589793, 1.5707963267948966, 3.141592653589793, 3.141592653589793, 4.71238898038469, 4.71238898038469, 0.0, 1.5707963267948966, 3.141592653589793, 1.5707963267948966, 0.0]",0.0
186,2.0,"[3.141592653589793, 3.141592653589793, 0.0, 0.0, 0.0, 3.141592653589793, 3.141592653589793, 1.5707963267948966, 1.5707963267948966, 0.0, 1.5707963267948966, 1.5707963267948966, 3.141592653589793, 4.71238898038469, 0.0, 1.5707963267948966, 1.5707963267948966, 3.141592653589793, 1.5707963267948966, 3.141592653589793, 3.141592653589793, 4.71238898038469, 4.71238898038469, 0.0, 1.5707963267948966, 3.141592653589793, 1.5708573619511466, 0.0]",0.0
187,2.0,"[3.14159763807126, 3.141595457540577, 7.809829470744881e-06, -1.23609133337406e-05, -2.29873328114926e-06, 3.1415948975223693, 3.141594934219016, 1.570795127280857, 1.5708024015425839, -4.804748521953888e-07, 1.5708010140486173, 1.5707963267948966, 3.141592653589793, 4.712399029626893, 3.913194573379212e-06, 1.570795029823616, 1.5707977509327309, 3.1416079181602434, 1.5708087562105422, 3.1416214766094384, 3.141562881179435, 4.712387510231575, 4.712387293034423, 2.894870230049399e-05, 1.5708099371600588, 3.141595410155544, 1.5707963267948966, 1.1924203323091167e-05]",0.0
188,2.0,"[3.141595294078079, 3.1415979136310637, -4.50175000660042e-08, 4.773722345083434e-06, -1.7496173752041997e-05, 3.141595049854737, 3.1415692817962415, 1.570795888220638, 1.57079679735532, -2.2367755612383382e-06, 1.5707966007839795, 1.5707963267948966, 3.141592653589793, 4.712390511358581, 8.1339847530082e-07, 1.5707967947741766, 1.5707968488060697, 3.141591896473074, 1.5707959750510678, 3.141593319168443, 3.1415934994144528, 4.712388537558905, 4.7123891415029435, 1.30578580773255e-06, 1.5707951049238933, 3.141593025807308, 1.5707963267948966, 1.1789734727877605e-06]",0.0
189,2.0,"[3.1415957958584304, 3.141593445178247, -8.26731552084143e-06, 3.350596049432006e-06, 1.4091119860946384e-06, 3.1415930676933397, 3.141593822434277, 1.5707969135282567, 1.5707980801768122, 2.650875052529907e-06, 1.57079749407085, 1.5707963267948966, 3.141592653589793, 4.712400991988676, 1.5610956410570317e-06, 1.5707961773828234, 1.570795775233378, 3.1415928899985657, 1.5707976854717165, 3.1415931936464565, 3.141595693650188, 4.71239764853312, 4.712412826625507, 3.157032320607164e-06, 1.5707942185394765, 3.141589613098478, 1.5707963267948966, 4.080110128261336e-08]",0.0
190,2.0,"[3.1415729051921217, 3.1416008339017156, 9.605497688294276e-07, 1.7930241320257912e-06, 3.173920326851291e-07, 3.1415930038146604, 3.141592781168175, 1.5707915101583911, 1.5707832185947945, 1.949688565593278e-06, 1.5707975186094447, 1.5707963267948966, 3.141592653589793, 4.712390166509945, 1.5984108016568663e-05, 1.5707964414888327, 1.5707967263262264, 3.141593462763113, 1.570796889188048, 3.141594132337793, 3.1415934877091387, 4.7123899017583515, 4.712390280325712, 2.7599444003539214e-07, 1.5707979106413443, 3.1415939060755265, 1.5707963267948966, 1.471351075569429e-06]",0.0
191,2.0,"[3.141593134519149, 3.1415943532339243, 4.7745455141977774e-06, 8.55263844105632e-07, -1.358079037861699e-06, 3.14159397240021, 3.141591495666511, 1.5707986450148137, 1.5707993894917773, 1.8350589881851585e-05, 1.570800295752307, 1.5707963267948966, 3.141592653589793, 4.712394218680509, -2.3700777597155885e-06, 1.5707965560957196, 1.5707963309775157, 3.1415930601318514, 1.570796723267884, 3.1415926241707943, 3.141594346527065, 4.712398101912762, 4.712384845499013, -1.0916865259250147e-05, 1.570812724774051, 3.1415926633405125, 1.5707963267948966, 2.7980319534818062e-06]",0.0
192,2.0,"[3.1415904710284273, 3.141593357717937, -1.969114883144191e-06, 2.3052542173720173e-07, 3.400861262658825e-07, 3.1415926973196107, 3.1415930729478805, 1.5707984189610393, 1.5707968792506921, -2.224839178639757e-05, 1.570791305866506, 1.5707963267948966, 3.141592653589793, 4.712389683613007, -1.345524561192565e-06, 1.5707956159065362, 1.5707957977970526, 3.1415949378525214, 1.570798108471813, 3.1415933903871633, 3.1415927311402077, 4.712398148026136, 4.712389923416125, -9.077180407138192e-06, 1.57081063060414, 3.1415935477089145, 1.5707963267948966, 3.4923259248438833e-06]",0.0
193,2.0,"[3.1415835594015586, 3.1415676156543273, -5.733749596012422e-07, 2.090458663457931e-06, 3.9062786102137315e-07, 3.1415828306474047, 3.141585561387051, 1.5707969521877618, 1.5707974772272557, 1.527169650370586e-06, 1.5707965809016828, 1.5707963267948966, 3.141592653589793, 4.712389394970125, 1.195265946496398e-06, 1.5707965073592072, 1.5707967599284345, 3.1415932642265623, 1.570797433664026, 3.1415943672667233, 3.1415942153469287, 4.712389374651193, 4.712390104551874, 1.5415136753137829e-06, 1.5707972254891953, 3.141594513332294, 1.5707963267948966, 7.007956526432507e-06]",0.0
194,2.0,"[3.141593099223583, 3.1415921794281076, 1.1400165249769065e-06, -1.3592029934554218e-05, -3.1046734366330185e-06, 3.1415932857388817, 3.1415930788576105, 1.5707967731791772, 1.5707953588612855, -7.859179327038042e-07, 1.5707954871831038, 1.5707963267948966, 3.141592653589793, 4.712388440478783, 9.410590681500129e-07, 1.570797276624213, 1.5707965696060533, 3.1415866255347638, 1.5707923147018779, 3.1415841090947176, 3.14160666145402, 4.712388400884735, 4.712389489607476, 1.6372869680030433e-05, 1.570808121067773, 3.141591891808323, 1.5707963267948966, -1.600554684892232e-07]",0.0
195,2.0,"[3.1415932866185483, 3.1415950841205253, 4.901959408877296e-06, 2.769812293534277e-06, -1.20290474503316e-07, 3.1415939895341856, 3.1415925914304146, 1.5707985539655116, 1.5707987634366642, 2.8883116071942808e-06, 1.570798431881275, 1.5707963267948966, 3.141592653589793, 4.712363510551585, 3.099721301982069e-07, 1.5707963320576526, 1.5707969267109054, 3.1415940968779723, 1.5707978011335466, 3.141596006544359, 3.1415941338093023, 4.712394019172316, 4.71240023240131, 1.6501521358634046e-06, 1.5707978623359513, 3.1415945519214157, 1.5707963267948966, 6.34812178640488e-06]",0.0
196,2.0,"[3.1415738336858756, 3.141600554339237, 1.8362564818442046e-06, 1.138663556767458e-06, 3.4120645069169553e-07, 3.1415931220450526, 3.1415930978611457, 1.5708014095213014, 1.570811058925962, -8.029547823371252e-07, 1.5707972867763442, 1.5707963267948966, 3.141592653589793, 4.712392205622094, -1.4138129922254708e-05, 1.5707951716219946, 1.5707962081306253, 3.141590871475547, 1.570795606238369, 3.1415929877853426, 3.141594862168505, 4.712387064351229, 4.712389450248217, 3.5685677488324525e-06, 1.5707924144473657, 3.141593116514135, 1.5707963267948966, 3.5503239826105114e-06]",0.0
197,2.0,"[3.141591435030488, 3.1415928227935384, -5.52985604292343e-07, -2.5284692685498522e-08, 2.5592132309209266e-07, 3.1415925099398225, 3.1415929046500266, 1.570797310390229, 1.5707965516535212, -5.633907163721723e-07, 1.5707959818789088, 1.5707963267948966, 3.141592653589793, 4.712388671245521, -1.0304916831692405e-06, 1.570823929376428, 1.570807788123382, 3.141593647021173, 1.5707965431061786, 3.141593140027411, 3.1415913989318582, 4.7123889154717284, 4.712389165019929, -4.4008992159401367e-07, 1.5707966599923586, 3.1415871913468205, 1.5707963267948966, -6.733806863472572e-07]",0.0
198,2.0,"[3.141592282463065, 3.14159260672146, -5.497288956720285e-07, -1.791067404248266e-05, -4.327908675617486e-06, 3.1415931211677415, 3.141592634835856, 1.5707966781347562, 1.570796349285368, 5.122404321948506e-07, 1.5707963023252238, 1.5707963267948966, 3.141592653589793, 4.712389535089326, 1.1905025444991279e-07, 1.5707964891679276, 1.5707969535816806, 3.141597544273427, 1.570806245924694, 3.141604395438049, 3.1416052025518484, 4.7123889210927725, 4.712389643356566, -1.0030889117269617e-05, 1.5707880907525507, 3.141594490216457, 1.5707963267948966, 2.960480010857429e-07]",0.0
199,2.0,"[3.1415945495996374, 3.141592213560783, 1.220008519607692e-05, 1.6682385005041486e-06, 6.970422352093087e-07, 3.1415931788044293, 3.1415934560723575, 1.5707934353790562, 1.5707932264001974, -2.24345530543548e-06, 1.570796803929754, 1.5707963267948966, 3.141592653589793, 4.712392520025066, -2.1216110032100226e-06, 1.5707967641077278, 1.5707965957158776, 3.141591250810159, 1.5707958006948948, 3.141592502555244, 3.1415949445294924, 4.712389378748094, 4.712390904022627, -3.295780830131116e-07, 1.5707938298682507, 3.141592159805912, 1.5707963267948966, 4.185939320287774e-06]",0.0
200,2.0,"[3.141590628186296, 3.1415872198566093, -4.001928688353986e-07, 1.3806966607602222e-06, -4.13000840669527e-06, 3.141605652819614, 3.141595892172749, 1.570796369048883, 1.5707962562225295, -1.4034488614981428e-07, 1.5707963746044749, 1.5707963267948966, 3.141592653589793, 4.712388989850718, -3.999183396015665e-08, 1.570796305965677, 1.5707963617422038, 3.141592699111538, 1.5707962820077326, 3.141592769177907, 3.1415924635786148, 4.712388915867205, 4.712389010119296, 2.4475752620916484e-08, 1.570796178638785, 3.14159271383854, 1.5707963267948966, -7.030108158686156e-07]",0.0
201,2.0,"[3.1415925673017746, 3.141592712537098, 1.8737913443610405e-07, -8.324666387899804e-08, -9.775456493806812e-08, 3.141592705576089, 3.141592584118221, 1.5707963164130523, 1.570796360001263, 9.459858682367209e-08, 1.570796307690684, 1.5707963267948966, 3.141592653589793, 4.712388967833964, -2.916383616731032e-08, 1.570802473243451, 1.5707825363977572, 3.141592750723467, 1.5707963361832138, 3.1415929581848223, 3.14159255820733, 4.7123889075292595, 4.712389060661303, 1.959009234732691e-07, 1.5707962394908968, 3.1415947992589954, 1.5707963267948966, 1.4877918154623353e-07]",0.0
202,2.0,"[3.1415911521463213, 3.1415920934133768, 1.0105485381094203e-07, -3.0133486445320285e-06, -1.0844881838869064e-06, 3.141592436407381, 3.141591959360655, 1.5707961568384805, 1.5707950047592611, 2.8948237208008606e-07, 1.5707957069286562, 1.5707963267948966, 3.141592653589793, 4.712387497600888, -9.794425343199724e-07, 1.5707946055044193, 1.5707934601500726, 3.141592529789886, 1.5707953364243046, 3.14159254193393, 3.1415900208193897, 4.71238945211764, 4.712389165945677, -1.0967045205138046e-06, 1.5707960187331633, 3.141578813539012, 1.5707963267948966, 1.3571688473787547e-06]",0.0
203,2.0,"[3.1415910948777235, 3.141592404576043, -2.050509604395367e-06, 2.685010503439047e-07, -3.052571706047321e-07, 3.141592088145289, 3.1415917576349717, 1.5707936356344827, 1.5707873632521627, 1.2151027292680955e-06, 1.5707959600015886, 1.5707963267948966, 3.141592653589793, 4.712387914304464, -1.0284557046264135e-05, 1.5707960454086163, 1.5707964613987477, 3.1415943732446037, 1.5707975533333456, 3.1415942526370575, 3.141592063120528, 4.712389395681769, 4.712390309877635, 1.460123004951936e-06, 1.5707982216872969, 3.1415941573256085, 1.5707963267948966, -3.3691686610096558e-06]",0.0
204,2.0,"[3.141592986985103, 3.1415924085736386, -7.781570369873746e-07, 3.449522214611337e-07, 3.8753568996487076e-07, 3.1415924487204445, 3.1415929252941495, 1.5707963891020364, 1.5707961746651629, -3.8139544429170666e-07, 1.570796399700164, 1.5707963267948966, 3.141592653589793, 4.712389033021443, 1.0251345627440445e-07, 1.5707963571863275, 1.5707964779822052, 3.141589412555771, 1.570785132695545, 3.1416021507216665, 3.141594443549963, 4.712389345956424, 4.712388841329553, -5.162583095992074e-07, 1.5707968566936832, 3.1415927918990274, 1.5707963267948966, -1.2341143450579525e-06]",0.0
205,2.0,"[3.1415927719528938, 3.1415929111774843, 6.066128513660809e-07, 1.6821516870259247e-07, -1.0005601623923309e-07, 3.141592815631765, 3.1415925821283466, 1.570796849912183, 1.570796626300303, 6.189523392316639e-07, 1.570794151286408, 1.5707963267948966, 3.141592653589793, 4.7123894253684195, 9.156435595453755e-08, 1.5707960999098796, 1.570796275617506, 3.141605897613571, 1.570790285895047, 3.1415899328387473, 3.1415949431787635, 4.712388711693246, 4.712388850397991, 5.86192447177873e-07, 1.5707955733437933, 3.1415926261929723, 1.5707963267948966, 1.0150632649181725e-06]",0.0
206,2.0,"[3.1415941418113142, 3.1415941756238213, -5.867504338512225e-06, -1.869179921610897e-06, -2.6791392943575396e-07, 3.141593822823515, 3.1415936956114914, 1.5707942534564414, 1.5707938679118993, 7.774314729801767e-07, 1.570796831091609, 1.5707963267948966, 3.141592653589793, 4.712389382937988, -1.7703921291276449e-06, 1.5707968528385532, 1.5707968695087333, 3.141590814168254, 1.5707940073876256, 3.141590686219862, 3.141591543680681, 4.712388376062887, 4.712387739987794, -1.1119048294318307e-06, 1.570794667200674, 3.1415945985806517, 1.5707963267948966, 1.2216343090475997e-05]",0.0
207,2.0,"[3.1415927470376785, 3.141592791444401, 4.3097755651504663e-07, 5.666523949994834e-08, -8.088549196887543e-08, 3.1415927422583723, 3.141592590061095, 1.5707967253030188, 1.570796552557544, 9.213888699364162e-08, 1.5707964435713104, 1.5707963267948966, 3.141592653589793, 4.712389327794096, 4.084921739639329e-08, 1.5707961408073734, 1.5707962607663757, 3.141592885576229, 1.5707962531820787, 3.1415928840578307, 3.1415923889934136, 4.712376370929641, 4.712394468396616, -3.919280401017076e-06, 1.5708015366971029, 3.141592555031032, 1.5707963267948966, 6.242986114900122e-07]",0.0
208,2.0,"[3.1415907949070614, 3.1415916805253956, 2.757432989678338e-06, -7.70561952596166e-06, -2.1726091185519445e-06, 3.1415921553713586, 3.141591729449412, 1.5707971716038422, 1.5707963130471034, 3.3527319141041207e-07, 1.5707956824840477, 1.5707963267948966, 3.141592653589793, 4.712388824653467, -1.0632838465590339e-07, 1.5707964894055395, 1.570797044118855, 3.1415912323527464, 1.5707917851380715, 3.1415884648916834, 3.141584881189785, 4.712391009113046, 4.7123929574444885, -2.9677297079076295e-06, 1.5707948182641736, 3.141596704588127, 1.5707963267948966, -2.4042111443828165e-06]",0.0
209,2.0,"[3.1415929476811555, 3.1415927803953636, 3.9069561993426904e-07, 2.749921724881264e-07, 5.200851408123343e-08, 3.1415927316946326, 3.1415926949799577, 1.5708033100863907, 1.5707935874886543, -4.086053341294591e-08, 1.5707965896444582, 1.5707963267948966, 3.141592653589793, 4.712389515852893, 5.319849155878621e-08, 1.570796194790489, 1.5707962862701987, 3.1415924258619854, 1.5707964624754005, 3.1415928119477217, 3.1415926153160276, 4.712388758233911, 4.71238875395325, 3.8724600560644916e-07, 1.57079573173369, 3.1415927194923583, 1.5707963267948966, 7.14796148815735e-07]",0.0
210,2.0,"[3.141592653589793, 3.141592653589793, -1.5219658240375383e-21, -1.2644884587496462e-06, 5.567513190235007e-06, 3.1415955846016383, 3.141588527975137, 1.5707963267948966, 1.5707963267948966, 3.7994847673862896e-21, 1.5707963267948966, 1.5707963267948966, 3.141592653589793, 4.71238898038469, 2.3557761528398667e-22, 1.5707963267948966, 1.5707963267948966, 3.141592653589793, 1.5707963267948966, 3.141592653589793, 3.141592653589793, 4.71238898038469, 4.71238898038469, -4.215582358524649e-21, 1.5707963267948966, 3.141592653589793, 1.5707963267948966, -2.0335181547537658e-21]",0.0
211,2.0,"[3.14159267107612, 3.1415924047084958, -3.773136252727027e-07, -3.503989827204818e-07, -1.236914758900857e-09, 3.1415925089298593, 3.14159265654425, 1.5707961669515427, 1.5707961993891322, -1.57422963371424e-06, 1.5708036154027025, 1.5707963267948966, 3.141592653589793, 4.712388922152917, -1.682241317083951e-07, 1.5707963379338752, 1.5707962460037288, 3.14159356972864, 1.5707957127715244, 3.1415919782633366, 3.141592824597926, 4.7123890055018, 4.712388796613246, -2.947474171377172e-07, 1.5707963390311594, 3.1415924029873343, 1.5707963267948966, -5.397501270278116e-07]",0.0
212,2.0,"[3.141592653589793, 3.141592653589793, 0.0, 0.0, 0.0, 3.141592653589793, 3.141592653589793, 1.5707963267948966, 1.5707963267948966, 0.0, 1.5707963267948966, 1.5708039561894278, 3.141592653589793, 4.71238898038469, 0.0, 1.5707963267948966, 1.5707963267948966, 3.141592653589793, 1.5707963267948966, 3.141592653589793, 3.141592653589793, 4.71238898038469, 4.71238898038469, 0.0, 1.5707963267948966, 3.141592653589793, 1.5707963267948966, 0.0]",0.0
213,2.0,"[3.141592653589793, 3.141592653589793, 0.0, 0.0, 0.0, 3.141592653589793, 3.141592653589793, 1.5707963267948966, 1.5707963267948966, 0.0, 1.5707963267948966, 1.5707963267948966, 3.1416002829843244, 4.71238898038469, 0.0, 1.5707963267948966, 1.5707963267948966, 3.141592653589793, 1.5707963267948966, 3.141592653589793, 3.141592653589793, 4.71238898038469, 4.71238898038469, 0.0, 1.5707963267948966, 3.141592653589793, 1.5707963267948966, 0.0]",0.0
214,2.0,"[3.1415932766499766, 3.1415930040836413, 9.762286838431097e-07, -1.5451141667175754e-06, -2.8734166014365744e-07, 3.1415929340813653, 3.141592938668446, 1.5707961768556415, 1.5707970861383576, -6.005935652442358e-08, 1.5707969127016117, 1.5707963267948966, 3.141592653589793, 4.7123902365399655, 4.891493216724015e-07, 1.5707961646734865, 1.5707965048121257, 3.1415945616610994, 1.5707978804718523, 3.1415962564672486, 3.1415889320384984, 4.71238879661555, 4.712388769465907, 3.6185877875617487e-06, 1.5707980280905418, 3.1415929981605117, 1.5707963267948966, 1.4905254153863962e-06]",0.0
215,2.0,"[3.141592653589793, 3.141592653589793, 0.0, 0.0, 0.0, 3.141592653589793, 3.141592653589793, 1.5707963267948966, 1.5707963267948966, 0.0, 1.5707963267948966, 1.5707963267948966, 3.141592653589793, 4.71238898038469, 0.0, 1.5707963267948966, 1.5707963267948966, 3.141592653589793, 1.5707963267948966, 3.141592653589793, 3.141592653589793, 4.71238898038469, 4.71238898038469, 0.0, 1.5707963267948966, 3.141592653589793, 1.5708039561894278, 0.0]",0.0
216,2.0,"[3.1415927327183875, 3.1415929574061345, 6.127449261096616e-07, 3.462265366917846e-07, -1.5036309312914497e-08, 3.1415928205828423, 3.1415926458198706, 1.5707966051912234, 1.5707966313751176, 3.61038950899285e-07, 1.570796589930694, 1.5707963267948966, 3.141592653589793, 4.712385796655552, 3.8746516274775854e-08, 1.570796327452741, 1.5707964017843976, 3.1415928340008157, 1.5707965110872277, 3.1415930727091137, 3.141592838617232, 4.712389610233143, 4.712390386886767, 2.0626901698292555e-07, 1.5707965187375283, 3.141592890881246, 1.5707963267948966, 7.9351522330061e-07]",0.0
217,2.0,"[3.141590185040084, 3.1415936761287835, 1.200687211036785e-07, 2.2412801650322393e-07, 3.967400408564112e-08, 3.1415926973679014, 3.141592669537091, 1.5707957247153335, 1.5707946882698838, 2.437110706991597e-07, 1.570796475771715, 1.5707963267948966, 3.141592653589793, 4.712389128650346, 1.998013502071083e-06, 1.5707963411316386, 1.5707963767363127, 3.141592754736458, 1.5707963970940404, 3.141592838433293, 3.141592757854711, 4.712389095556397, 4.712389142877318, 3.4499305004423985e-08, 1.5707965247757025, 3.14159281015051, 1.5707963267948966, 1.8391888444617873e-07]",0.0
218,2.0,"[3.141592983650829, 3.141593311094952, -5.627187508250575e-09, 5.967152931354293e-07, -2.1870217190052496e-06, 3.141592953122911, 3.141589732115599, 1.5707962719731143, 1.5707963856149496, -2.795969451547923e-07, 1.5707963610435318, 1.5707963267948966, 3.141592653589793, 4.712389171756426, 1.0167480941260253e-07, 1.5707963852923066, 1.5707963920462933, 3.141592558950203, 1.570796282826918, 3.1415927367871244, 3.1415927593178754, 4.712388925031466, 4.712389000524471, 1.6322322596656875e-07, 1.5707961740610212, 3.1415927001169823, 1.5707963267948966, 1.473716840984701e-07]",0.0
219,2.0,"[3.1415927137059625, 3.1415928660453094, 5.968181892747223e-07, 1.0690798051320411e-07, -1.6975987973271245e-07, 3.141592818441095, 3.141592508849383, 1.5707966165723861, 1.5707967096320066, 2.2938237352314486e-06, 1.5707968229145728, 1.5707963267948966, 3.141592653589793, 4.712389635171667, -2.9625971996444857e-07, 1.5707963554574995, 1.570796327317724, 3.1415927044075502, 1.57079637635402, 3.1415926499124183, 3.141592865206952, 4.712390120575699, 4.71238846352398, -1.3646081574062688e-06, 1.5707983765422908, 3.1415926548086333, 1.5707963267948966, 3.4975399418522594e-07]",0.0
220,2.0,"[3.141592380769622, 3.141592741605811, -2.4613936039302383e-07, 2.8815677717150256e-08, 4.251076578323527e-08, 3.14159265905602, 3.141592706009554, 1.5707965883156645, 1.570796395851871, -2.7810489732996957e-06, 1.5707956991788476, 1.5707963267948966, 3.141592653589793, 4.712389068288229, -1.6819057014907057e-07, 1.5707962379338516, 1.570796260670166, 3.141592939122634, 1.570796549504511, 3.1415927456894646, 3.141592663283595, 4.71239012633987, 4.712389098263619, -1.1346475508922738e-06, 1.570798114771052, 3.1415927653546833, 1.5707963267948966, 4.365407406054852e-07]",0.0
221,2.0,"[3.1415915168162636, 3.14158952384786, -7.167186995015521e-08, 2.6130733293224135e-07, 4.8828482627671703e-08, 3.1415914257219946, 3.14159176706445, 1.5707964049690046, 1.5707964705989415, 1.9089620629632328e-07, 1.5707963585582447, 1.5707963267948966, 3.141592653589793, 4.712389032207869, 1.4940824331204974e-07, 1.5707963493654353, 1.5707963809365888, 3.141592729919389, 1.5707964651535378, 3.1415928677994094, 3.141592848809435, 4.712389029668002, 4.712389120905588, 1.926892094142229e-07, 1.570796439131684, 3.1415928860576057, 1.5707963267948966, 8.759945658040632e-07]",0.0
222,2.0,"[3.1415930463733726, 3.14159275253835, -1.033414440105179e-06, 4.1882450617900075e-07, 1.761389982618298e-07, 3.1415927053527364, 3.1415927996953537, 1.5707964001365666, 1.570796545967636, 3.313593815662384e-07, 1.5707964727043908, 1.5707963267948966, 3.141592653589793, 4.712390481835188, 1.9513695513212907e-07, 1.5707963081183873, 1.5707962578497068, 3.14159268314089, 1.570796496629499, 3.141592721096876, 3.1415930335973425, 4.712390063903244, 4.7123919611647915, 3.946290400758955e-07, 1.5707960632629692, 3.1415922735283788, 1.5707963267948966, 5.100137660326741e-09]",0.0
223,2.0,"[3.141592709294017, 3.1415925943195826, 1.4250206562211323e-07, -1.699003741819277e-06, -3.880841795791272e-07, 3.141592732608429, 3.1415927067482703, 1.5707963825929316, 1.5707962058031952, -9.823974158797557e-08, 1.5707962218434224, 1.5707963267948966, 3.141592653589793, 4.712388912896452, 1.176323835187516e-07, 1.5707964455235612, 1.570796357146291, 3.1415919000829144, 1.5707958252832692, 3.141591585527909, 3.1415944045728215, 4.7123889079471954, 4.712389044037538, 2.046608710003804e-06, 1.570797801079006, 3.141592558367109, 1.5707963267948966, -2.0006933561152882e-08]",0.0
224,2.0,"[3.1415903011018034, 3.1415936411834737, 2.2953206023052565e-07, 1.4233294459593232e-07, 4.265080633646193e-08, 3.1415927121467004, 3.1415927091237124, 1.5707969621356972, 1.5707981683112797, -1.0036934779214062e-07, 1.5707964467925775, 1.5707963267948966, 3.141592653589793, 4.7123893835393655, -1.7672662402818385e-06, 1.570796182398284, 1.5707963119618626, 3.1415924308255123, 1.5707962367253305, 3.141592695364237, 3.141592929662132, 4.712388740880507, 4.712389039117631, 4.460709686040566e-07, 1.5707958377514553, 3.1415927114553357, 1.5707963267948966, 4.437904978263139e-07]",0.0
225,2.0,"[3.14159250126988, 3.141592674740261, -6.912320053654286e-08, -3.1605865856873777e-09, 3.199016538651156e-08, 3.141592635633547, 3.141592684972322, 1.5707964497443132, 1.5707963549022246, -7.042383954652152e-08, 1.5707962836803981, 1.5707963267948966, 3.141592653589793, 4.712388941742294, -1.2881146039615506e-07, 1.570799777117588, 1.5707977594609572, 3.1415927777687154, 1.5707963538338068, 3.1415927143944953, 3.1415924967575513, 4.71238897227057, 4.712389003464095, -5.501124019925171e-08, 1.5707963684445794, 3.1415919708094213, 1.5707963267948966, -8.41725857934071e-08]",0.0
226,2.0,"[3.141592607198952, 3.1415926477312515, -6.871611195900362e-08, -2.2388342553103325e-06, -5.409885844521858e-07, 3.1415927120370366, 3.141592651245551, 1.570796370712379, 1.5707963296062055, 6.403005402435638e-08, 1.5707963237361875, 1.5707963267948966, 3.141592653589793, 4.712389049722769, 1.488128180623907e-08, 1.5707963470915254, 1.5707964051432446, 3.1415932649252474, 1.5707975666861211, 3.141594121320825, 3.14159422221005, 4.7123889729732005, 4.7123890632561745, -1.2538611396587023e-06, 1.5707952972896033, 3.1415928831681263, 1.5707963267948966, 3.7006000135717827e-08]",0.0
227,2.0,"[3.1415924212544515, 3.1415925319567433, 3.446791237097922e-07, -9.632024407452074e-07, -2.7157613981899306e-07, 3.141592591312489, 3.1415925380722456, 1.5707964323960149, 1.5707963250764223, 4.190914892630148e-08, 1.5707962462560405, 1.5707963267948966, 3.141592653589793, 4.712388960918287, -1.3291048081987927e-08, 1.570796347121227, 1.5707964164603914, 3.141592475935162, 1.5707957590877935, 3.1415921300025293, 3.141591682039792, 4.712389233975734, 4.712389477517164, -3.709662134884537e-07, 1.5707961382285562, 3.141593159964585, 1.5707963267948966, -3.00526393047852e-07]",0.0
228,2.0,"[3.141592642803791, 3.141592660958206, 2.3422391804513004e-08, -1.0405832984874746e-08, -1.2219320617258508e-08, 3.14159266008808, 3.1415926449058467, 1.570796325497166, 1.5707963309456925, 1.1824823352959014e-08, 1.57079632440687, 1.5707963267948966, 3.141592653589793, 4.712388978815849, -3.6454795209137865e-09, 1.5707970951009658, 1.5707946029952542, 3.1415926657315025, 1.5707963279684363, 3.141592691664172, 3.141592641666985, 4.712388971277761, 4.712388990419266, 2.4487615434158636e-08, 1.5707963158818965, 3.1415929217984435, 1.5707963267948966, 1.8597397693279178e-08]",0.0
229,2.0,"[3.1415928905910238, 3.141592598586167, 1.525010649509615e-06, 2.085298125630185e-07, 8.713027940116356e-08, 3.141592719241623, 3.1415927539001136, 1.5707959653679164, 1.570795939245559, -2.80431913179435e-07, 1.5707963864367538, 1.5707963267948966, 3.141592653589793, 4.7123894228397365, -2.6520137540125277e-07, 1.5707963814590005, 1.5707963604100192, 3.141592478242339, 1.5707962610323964, 3.1415926347104746, 3.1415929399572553, 4.712389030180115, 4.712389220839432, -4.119726037663901e-08, 1.5707960146790658, 3.141592591866808, 1.5707963267948966, 5.232424150359717e-07]",0.0
230,2.0,"[3.141592400414356, 3.1415919743731453, -5.002410860442481e-08, 1.7258708259502777e-07, -5.162510508369087e-07, 3.1415942784935207, 3.1415930584126626, 1.570796332076645, 1.5707963179733506, -1.754311076872677e-08, 1.5707963327710939, 1.5707963267948966, 3.141592653589793, 4.712388981567943, -4.998979245019582e-09, 1.5707963241912442, 1.57079633116331, 3.141592659280011, 1.570796321196501, 3.1415926680383075, 3.141592629838396, 4.712388972320004, 4.712388984101516, 3.0594690776145534e-09, 1.5707963082753826, 3.1415926611208866, 1.5707963267948966, -8.787635198357696e-08]",0.0
231,2.0,"[3.1415924659093593, 3.141592583567741, 1.263185672636778e-08, -3.766685805665036e-07, -1.3556102298586327e-07, 3.1415926264419918, 3.1415925668111506, 1.5707963055503447, 1.5707961615404422, 3.618529651001075e-08, 1.5707962493116165, 1.5707963267948966, 3.141592653589793, 4.7123887950367145, -1.2243031678999658e-07, 1.570796111633587, 1.5707959684642936, 3.1415926381148047, 1.5707962029985725, 3.1415926396328104, 3.1415923244934927, 4.712389039351309, 4.712389003579813, -1.3708806506422557e-07, 1.57079628828718, 3.1415909235834456, 1.5707963267948966, 1.6964610592234428e-07]",0.0
232,2.0,"[3.1415924587507846, 3.141592622463074, -2.5631370054942085e-07, 3.3562631292988087e-08, -3.815714632559153e-08, 3.14159258290923, 3.1415925415954407, 1.5707959903998447, 1.570795206352055, 1.5188784115851197e-07, 1.570796280945733, 1.5707963267948966, 3.141592653589793, 4.712388847124662, -1.285569630783017e-06, 1.5707962916216116, 1.570796343620378, 3.1415928685466445, 1.5707964801122027, 3.141592853470701, 3.141592579781135, 4.712389032296825, 4.712389146571308, 1.8251537561899206e-07, 1.5707965636564467, 3.14159284155677, 1.5707963267948966, -4.21146082626207e-07]",0.0
233,2.0,"[3.141592695264207, 3.141592622962774, -9.726962962342178e-08, 4.311902768264162e-08, 4.844196124560883e-08, 3.1415926279811246, 3.1415926875528375, 1.5707963345832892, 1.5707963077786797, -4.767443053646336e-08, 1.570796335908055, 1.5707963267948966, 3.141592653589793, 4.712388986964283, 1.2814182034300592e-08, 1.5707963305938255, 1.57079634569331, 3.1415922484605403, 1.5707949275324777, 3.1415938407312773, 3.1415928773348143, 4.712389026081157, 4.712388963002797, -6.453228869990094e-08, 1.5707963930322448, 3.1415926708784476, 1.5707963267948966, -1.5426429313224404e-07]",0.0
234,2.0,"[3.1415926683851807, 3.1415926857882543, 7.582660642076012e-08, 2.1026896087824092e-08, -1.2507002029904129e-08, 3.1415926738450395, 3.1415926446571123, 1.5707963921845574, 1.5707963642330725, 7.7369042403958e-08, 1.5707960548563356, 1.5707963267948966, 3.141592653589793, 4.712389036007656, 1.1445544494317176e-08, 1.5707962984342694, 1.5707963203977227, 3.141594309092765, 1.5707955716824153, 3.1415923134959125, 3.1415929397884144, 4.712388946798259, 4.712388964136352, 7.327405589723418e-08, 1.5707962326135085, 3.1415926501651907, 1.5707963267948966, 1.2688290811477156e-07]",0.0
235,2.0,"[3.1415928396174833, 3.141592843844047, -7.334380423140281e-07, -2.336474902013621e-07, -3.348924117946926e-08, 3.1415927997440085, 3.1415927838425053, 1.5707960676275896, 1.5707960194345219, 9.717893412252202e-08, 1.5707963898319857, 1.5707963267948966, 3.141592653589793, 4.712389030703852, -2.212990161409556e-07, 1.5707963925503536, 1.5707963946341261, 3.1415924236621007, 1.5707960368689877, 3.141592407668552, 3.141592514851154, 4.712388904844464, 4.712388825335077, -1.3898810367897886e-07, 1.5707961193456188, 3.1415928967136506, 1.5707963267948966, 1.5270428863094996e-06]",0.0
236,2.0,"[3.1415926652707786, 3.141592670821619, 5.387219456438089e-08, 7.083154937493503e-09, -1.0110686496109443e-08, 3.1415926646733654, 3.1415926456487058, 1.5707963766084119, 1.5707963550152275, 1.1517360874205194e-08, 1.5707963413919483, 1.5707963267948966, 3.141592653589793, 4.712389023810865, 5.106152174549134e-09, 1.5707963035464563, 1.5707963185413314, 3.1415926825880978, 1.5707963175932944, 3.1415926823982976, 3.1415926205152456, 4.712387404202809, 4.712389666386181, -4.899100501271343e-07, 1.5707969780326723, 3.141592641269948, 1.5707963267948966, 7.803732643625151e-08]",0.0
237,2.0,"[3.141592653589793, 3.141592653589793, -1.8433300023315623e-22, -1.5806105734370577e-07, 6.959391487793759e-07, 3.141593019966274, 3.141592137887961, 1.5707963267948966, 1.5707963267948966, 4.712258007990813e-22, 1.5707963267948966, 1.5707963267948966, 3.141592653589793, 4.71238898038469, 2.9920983662546243e-23, 1.5707963267948966, 1.5707963267948966, 3.141592653589793, 1.5707963267948966, 3.141592653589793, 3.141592653589793, 4.71238898038469, 4.71238898038469, -5.3175494946432015e-22, 1.5707963267948966, 3.141592653589793, 1.5707963267948966, -2.546086695620111e-22]",0.0
238,2.0,"[3.1415926903512132, 3.1415926694404894, 4.883695249178363e-08, 3.43740215610158e-08, 6.501064260154177e-09, 3.141592663352898, 3.141592658763564, 1.5707971997063332, 1.5707959843816162, -5.107566676618226e-09, 1.5707963596510917, 1.5707963267948966, 3.141592653589793, 4.712389047318215, 6.649811444848245e-09, 1.5707963102943456, 1.5707963217293093, 3.1415926251238173, 1.5707963437549595, 3.141592673384534, 3.1415926488055725, 4.712388952615842, 4.71238895208076, 4.840575070080614e-08, 1.5707962524122459, 3.1415926618276138, 1.5707963267948966, 8.93495186019669e-08]",0.0
239,2.0,"[3.1415926557755838, 3.141592622479631, -4.7164203159087855e-08, -4.379987284006022e-08, -1.546143448626044e-10, 3.141592635507301, 3.1415926539591004, 1.5707963068144772, 1.570796310869176, -1.9677870421428e-07, 1.5707972378708723, 1.5707963267948966, 3.141592653589793, 4.7123889731057185, -2.1028016463549385e-08, 1.5707963281872688, 1.5707963166960006, 3.141592768107149, 1.570796250041975, 3.141592569173986, 3.1415926749658096, 4.7123889835243284, 4.71238895741326, -3.6843427142214636e-08, 1.5707963283244295, 3.141592622264486, 1.5707963267948966, -6.746876587847645e-08]",0.0
240,2.0,"[3.141592653589793, 3.141592653589793, 0.0, 0.0, 0.0, 3.141592653589793, 3.141592653589793, 1.5707963267948966, 1.5707963267948966, 0.0, 1.5707963267948966, 1.570797280469213, 3.141592653589793, 4.71238898038469, 0.0, 1.5707963267948966, 1.5707963267948966, 3.141592653589793, 1.5707963267948966, 3.141592653589793, 3.141592653589793, 4.71238898038469, 4.71238898038469, 0.0, 1.5707963267948966, 3.141592653589793, 1.5707963267948966, 0.0]",0.0
241,2.0,"[3.141592653589793, 3.141592653589793, 0.0, 0.0, 0.0, 3.141592653589793, 3.141592653589793, 1.5707963267948966, 1.5707963267948966, 0.0, 1.5707963267948966, 1.5707963267948966, 3.1415936072641095, 4.71238898038469, 0.0, 1.5707963267948966, 1.5707963267948966, 3.141592653589793, 1.5707963267948966, 3.141592653589793, 3.141592653589793, 4.71238898038469, 4.71238898038469, 0.0, 1.5707963267948966, 3.141592653589793, 1.5707963267948966, 0.0]",0.0
242,2.0,"[3.141592731472316, 3.1415926974015242, 1.2202858548038872e-07, -1.9313927083969695e-07, -3.591770751795719e-08, 3.1415926886512398, 3.1415926892246246, 1.5707963080524896, 1.5707964217128292, -7.507419565552937e-09, 1.570796400033236, 1.5707963267948966, 3.141592653589793, 4.712389137404099, 6.114366520905023e-08, 1.5707963065297204, 1.5707963490470502, 3.1415928920987066, 1.570796521004516, 3.141593103949475, 3.1415921883958813, 4.712388957413547, 4.712388954019842, 4.5232347344521853e-07, 1.5707965394568522, 3.141592696661133, 1.5707963267948966, 1.8631567692329953e-07]",0.0
243,2.0,"[3.141592653589793, 3.141592653589793, 0.0, 0.0, 0.0, 3.141592653589793, 3.141592653589793, 1.5707963267948966, 1.5707963267948966, 0.0, 1.5707963267948966, 1.5707963267948966, 3.141592653589793, 4.71238898038469, 0.0, 1.5707963267948966, 1.5707963267948966, 3.141592653589793, 1.5707963267948966, 3.141592653589793, 3.141592653589793, 4.71238898038469, 4.71238898038469, 0.0, 1.5707963267948966, 3.141592653589793, 1.570797280469213, 0.0]",0.0
244,2.0,"[3.1415927026877406, 3.141592665958363, -1.2917680501314735e-07, 5.2353063272375093e-08, 2.2017374782728732e-08, 3.141592660060161, 3.141592671852988, 1.5707963359626054, 1.5707963541914889, 4.14199226957798e-08, 1.5707963450335833, 1.5707963267948966, 3.141592653589793, 4.712389168066002, 2.4392119391516127e-08, 1.570796324460333, 1.570796318176748, 3.14159265728368, 1.570796348024222, 3.1415926620281787, 3.1415927010907367, 4.712389115824509, 4.7123893529822025, 4.932863000948693e-08, 1.5707962938534057, 3.141592606082116, 1.5707963267948966, 6.375172075408341e-10]",0.0
245,2.0,"[3.1415923450210794, 3.1415927814071667, 1.5008590137959797e-08, 2.801600206290298e-08, 4.959250510705136e-09, 3.1415926590620566, 3.141592655583205, 1.5707962515349512, 1.5707961219792699, 3.046388383739497e-08, 1.5707963454169989, 1.5707963267948966, 3.141592653589793, 4.712388998917897, 2.4975168775888535e-07, 1.5707963285869893, 1.5707963330375736, 3.141592666233126, 1.5707963355822896, 3.1415926766952307, 3.1415926666229077, 4.712388994781153, 4.712389000696268, 4.312413125552995e-09, 1.5707963515424972, 3.1415926731598827, 1.5707963267948966, 2.298986055577234e-08]",0.0
246,2.0,"[3.1415926948474224, 3.141592735777938, -7.033984385313196e-10, 7.458941164192866e-08, -2.733777148756562e-07, 3.1415926910314327, 3.1415922884055187, 1.5707963199421737, 1.5707963341474032, -3.4949618144349035e-08, 1.570796331075976, 1.5707963267948966, 3.141592653589793, 4.712389004306157, 1.270935117657532e-08, 1.5707963341070728, 1.5707963349513212, 3.1415926417598445, 1.5707963212988993, 3.1415926639894596, 3.1415926668058036, 4.712388973465536, 4.712388982902162, 2.040290324582109e-08, 1.5707963077031621, 3.141592659405692, 1.5707963267948966, 1.8421460512308755e-08]",0.0
247,2.0,"[3.141592661104314, 3.141592680146733, 7.460227365934026e-08, 1.3363497564150505e-08, -2.121998496658905e-08, 3.1415926741962057, 3.1415926354972417, 1.5707963630170827, 1.5707963746495353, 2.86727966903931e-07, 1.5707963888098562, 1.5707963267948966, 3.141592653589793, 4.712389062233062, -3.703246499555607e-08, 1.570796330377722, 1.57079632686025, 3.1415926599420128, 1.570796332989787, 3.1415926531301213, 3.141592680041938, 4.712389122908566, 4.712388915777101, -1.7057601967578358e-07, 1.5707965830133208, 3.141592653742148, 1.5707963267948966, 4.371924927315323e-08]",0.0
248,2.0,"[3.141592619487272, 3.1415926645917955, -3.0767420049127985e-08, 3.601959714643774e-09, 5.313845722904403e-09, 3.1415926542730714, 3.1415926601422632, 1.5707963594849925, 1.5707963354270185, -3.4763112166246197e-07, 1.5707962483428906, 1.5707963267948966, 3.141592653589793, 4.712388991372632, -2.1023821268633825e-08, 1.570796315687266, 1.5707963185293052, 3.1415926892813983, 1.5707963546335983, 3.141592665102252, 3.1415926548015185, 4.712389123629087, 4.7123889951195554, -1.4183094386153423e-07, 1.570796550291916, 3.1415926675604045, 1.5707963267948966, 5.456759257568565e-08]",0.0
249,2.0,"[3.141592511493102, 3.1415922623720514, -8.958983743769393e-09, 3.266341661653016e-08, 6.103560328458966e-09, 3.1415925001063183, 3.1415925427741254, 1.5707963365666602, 1.570796344770402, 2.386202578704042e-08, 1.570796330765315, 1.5707963267948966, 3.141592653589793, 4.712388986862587, 1.8676030414006217e-08, 1.570796329616214, 1.570796333562608, 3.1415926631309925, 1.5707963440897268, 3.1415926803659953, 3.1415926779922483, 4.712388986545104, 4.712388997949802, 2.4086151176777854e-08, 1.570796340836995, 3.1415926826482696, 1.5707963267948966, 1.094993207255079e-07]",0.0
250,2.0,"[3.141592660552821, 3.141592646181017, 1.7812758202764144e-08, -2.1237546772740958e-07, -4.8510522447390895e-08, 3.1415926634671227, 3.1415926602346027, 1.5707963337696509, 1.5707963116709338, -1.2279967698496934e-08, 1.5707963136759624, 1.5707963267948966, 3.141592653589793, 4.71238897194866, 1.4704047939843946e-08, 1.5707963416359796, 1.5707963305888208, 3.1415925594014333, 1.5707962641059432, 3.1415925200820576, 3.1415928724626716, 4.712388971330003, 4.712388988341296, 2.558260887504755e-07, 1.5707965110804103, 3.1415926416869575, 1.5707963267948966, -2.5008666951441066e-09]",0.0
251,2.0,"[3.1415926634808673, 3.141592691566836, 7.659311576370769e-08, 4.327831708647307e-08, -1.879538664114313e-09, 3.1415926744639244, 3.1415926526185527, 1.5707963615944374, 1.5707963648674241, 4.512986886241063e-08, 1.5707963596868713, 1.5707963267948966, 3.141592653589793, 4.712388582418547, 4.8433145343469834e-09, 1.5707963268771272, 1.5707963361685842, 3.1415926761411708, 1.570796349831438, 3.141592705979708, 3.141592676718223, 4.712389059115746, 4.71238915619745, 2.5783627122865674e-08, 1.5707963507877256, 3.1415926832512246, 1.5707963267948966, 9.918940291257627e-08]",0.0
252,2.0,"[3.1415923595287945, 3.141592777039003, 2.869150752881573e-08, 1.779161807449154e-08, 5.331350792057742e-09, 3.1415926609094065, 3.141592660531533, 1.5707964062124966, 1.5707965569844444, -1.254616847401758e-08, 1.5707963417946067, 1.5707963267948966, 3.141592653589793, 4.712389030779024, -2.209082800352298e-07, 1.57079630874532, 1.5707963249407673, 3.141592625744258, 1.5707963155362008, 3.1415926588115988, 3.1415926880988354, 4.712388950446667, 4.712388987726308, 5.5758871075507076e-08, 1.5707962656644663, 3.141592660822986, 1.5707963267948966, 5.5473812228289253e-08]",0.0
253,2.0,"[3.141592634549804, 3.141592656233602, -8.640400067067859e-09, -3.950733232109216e-10, 3.998770673313946e-09, 3.1415926513452623, 3.1415926575126094, 1.5707963421635736, 1.5707963303083126, -8.802979943315187e-09, 1.5707963214055842, 1.5707963267948966, 3.141592653589793, 4.71238897555439, -1.6101432549519383e-08, 1.570796758085233, 1.5707965058781541, 3.1415926691121583, 1.5707963301747603, 3.141592661190381, 3.1415926339857627, 4.712388979370425, 4.712388983269615, -6.87640502490646e-09, 1.570796332001107, 3.1415925682422468, 1.5707963267948966, -1.052157322417589e-08]",0.0
254,2.0,"[3.141592647790938, 3.1415926528574754, -8.589513994875466e-09, -2.7985428191379156e-07, -6.762357305652322e-08, 3.1415926608956988, 3.141592653296763, 1.570796332284582, 1.5707963271463101, 8.003756753044554e-09, 1.570796326412558, 1.5707963267948966, 3.141592653589793, 4.7123889890519495, 1.8601602257798837e-09, 1.570796329331975, 1.57079633658844, 3.141592730006725, 1.5707964817812996, 3.141592837056172, 3.141592849667325, 4.712388979458254, 4.712388990743626, -1.5673264245733776e-07, 1.5707961981067349, 3.1415926822870848, 1.5707963267948966, 4.625750016964716e-09]",0.0
255,2.0,"[3.1415926522415427, 3.141592654510845, 2.927798975564126e-09, -1.300729123109341e-09, -1.5274150771573129e-09, 3.141592654402079, 3.1415926525042996, 1.5707963266326803, 1.570796327313746, 1.4781029191198762e-09, 1.5707963264963933, 1.5707963267948966, 3.141592653589793, 4.712388980188584, -4.556849401142228e-10, 1.5707964228331552, 1.5707961113199413, 3.1415926551075066, 1.570796326941589, 3.1415926583490905, 3.141592652099442, 4.712388979246324, 4.712388981639012, 3.0609519292698303e-09, 1.5707963254307715, 3.1415926871158746, 1.5707963267948966, 2.3246747116598943e-09]",0.0
256,2.0,"[3.1415926245478754, 3.141592638385662, 4.308489046372402e-08, -1.2040030509315093e-07, -3.394701747737413e-08, 3.14159264580513, 3.1415926391500997, 1.5707963399950364, 1.5707963265800873, 5.2386436157876845e-09, 1.5707963167275396, 1.5707963267948966, 3.141592653589793, 4.712388977951389, -1.6613810102484926e-09, 1.570796329335688, 1.5707963380030834, 3.1415926313829643, 1.5707962558315087, 3.141592588141385, 3.141592532146043, 4.7123890120835705, 4.712389042526249, -4.63707766860567e-08, 1.570796303224104, 3.141592716886642, 1.5707963267948966, -3.75657991309815e-08]",0.0
257,2.0,"[3.141592683214947, 3.14159264671434, 1.906263311887019e-07, 2.6066226570377315e-08, 1.0891284925145446e-08, 3.1415926617962717, 3.141592666128583, 1.570796281616524, 1.5707962783512295, -3.505398914742938e-08, 1.5707963342501288, 1.5707963267948966, 3.141592653589793, 4.7123890356915705, -3.3150171925156597e-08, 1.5707963336279096, 1.570796330996787, 3.141592631671361, 1.5707963185745841, 3.141592651229878, 3.141592689385726, 4.712388986609118, 4.712389010441532, -5.149657547079881e-09, 1.5707962877804178, 3.14159264587442, 1.5707963267948966, 6.540530187949648e-08]",0.0
258,2.0,"[3.1415926219428636, 3.141592568687712, -6.253013575553101e-09, 2.157338532437847e-08, -6.453138135461359e-08, 3.141592856702759, 3.141592704192652, 1.570796327455115, 1.5707963256922033, -2.1928888460908444e-09, 1.5707963275419212, 1.5707963267948966, 3.141592653589793, 4.712388980532596, -6.248724056274492e-10, 1.57079632646944, 1.5707963273409482, 3.1415926543010704, 1.5707963260950972, 3.1415926553958573, 3.1415926506208685, 4.712388979376604, 4.712388980849293, 3.8243363470182037e-10, 1.5707963244799572, 3.1415926545311796, 1.5707963267948966, -1.0984543997947117e-08]",0.0
259,2.0,"[3.1415926301297388, 3.141592644837037, 1.5789820907959761e-09, -4.708357257081295e-08, -1.694512787323291e-08, 3.141592650196318, 3.141592642742463, 1.5707963241393275, 1.5707963061380898, 4.523162063751345e-09, 1.5707963171094865, 1.5707963267948966, 3.141592653589793, 4.712388957216193, -1.530378959874958e-08, 1.570796299899733, 1.5707962820035712, 3.1415926516554196, 1.570796311320356, 3.1415926518451704, 3.1415926124527553, 4.712388987755517, 4.71238898328408, -1.7136008133028193e-08, 1.570796321981432, 3.141592437339, 1.5707963267948966, 2.120576324029303e-08]",0.0
260,2.0,"[3.1415926292349172, 3.1415926496989535, -3.20392125686776e-08, 4.195328911623514e-09, -4.769643290698939e-09, 3.1415926447547227, 3.141592639590499, 1.570796284745515, 1.5707961867395412, 1.898598014481399e-08, 1.5707963210637512, 1.5707963267948966, 3.141592653589793, 4.712388963727186, -1.606962038478771e-07, 1.570796322398236, 1.5707963288980817, 3.1415926804593997, 1.5707963459595597, 3.1415926785749066, 3.141592644363711, 4.712388986873706, 4.712389001158017, 2.2814421952374015e-08, 1.5707963564025904, 3.141592677085665, 1.5707963267948966, -5.264326032827587e-08]",0.0
261,2.0,"[3.141592658799095, 3.1415926497614155, -1.215870370292772e-08, 5.389878460330201e-09, 6.055245155701103e-09, 3.1415926503887097, 3.1415926578351736, 1.5707963277684456, 1.5707963244178695, -5.959303817057919e-09, 1.5707963279340413, 1.5707963267948966, 3.141592653589793, 4.712388981207139, 1.601772754287577e-09, 1.5707963272697627, 1.5707963291571982, 3.1415926029486365, 1.570796151887094, 3.141592801982479, 3.141592681557921, 4.712388986096748, 4.712388978211953, -8.066536087487612e-09, 1.570796335074565, 3.141592655750875, 1.5707963267948966, -1.9283036641530508e-08]",0.0
262,2.0,"[3.1415926554392164, 3.1415926576146007, 9.478325802595013e-09, 2.6283620109779966e-09, -1.5633752537380194e-09, 3.141592656121699, 3.141592652473208, 1.5707963349686043, 1.5707963314746685, 9.671130300494748e-09, 1.5707962928025765, 1.5707963267948966, 3.141592653589793, 4.712388987337561, 1.4306930617896521e-09, 1.570796323249818, 1.5707963259952498, 3.141592860527665, 1.5707962324058364, 3.141592611078058, 3.1415926893646207, 4.712388976186386, 4.712388978353648, 9.159256987154278e-09, 1.570796315022223, 3.1415926531617178, 1.5707963267948966, 1.586036351434645e-08]",0.0
263,2.0,"[3.1415926768432545, 3.141592677371575, -9.167975528925353e-08, -2.9205936275170266e-08, -4.186155147433661e-09, 3.14159267185907, 3.141592669871382, 1.5707962943989833, 1.5707962883748496, 1.214736676531525e-08, 1.5707963346745326, 1.5707963267948966, 3.141592653589793, 4.712388986674585, -2.766237701761946e-08, 1.5707963350143286, 1.5707963352748002, 3.1415926248488315, 1.570796290554158, 3.141592622849638, 3.1415926362474633, 4.712388970942161, 4.712388961003488, -1.737351295987235e-08, 1.570796300863737, 3.1415926839802752, 1.5707963267948966, 1.9088036078868745e-07]",0.0
264,2.0,"[3.1415926550499162, 3.1415926557437714, 6.73402432054761e-09, 8.853943671866896e-10, -1.2638358120136794e-09, 3.1415926549752395, 3.1415926525971574, 1.570796333021586, 1.570796330322438, 1.4396701092756499e-09, 1.5707963286195281, 1.5707963267948966, 3.141592653589793, 4.712388985812962, 6.382690218186424e-10, 1.5707963238888416, 1.570796325763201, 3.141592657214581, 1.5707963256446962, 3.141592657190856, 3.141592649455475, 4.712388783361955, 4.712389066134876, -6.123875626589179e-08, 1.5707964081996186, 3.1415926520498125, 1.5707963267948966, 9.754665804531439e-09]",0.0
265,2.0,"[3.141592653589793, 3.141592653589793, -2.24127923117815e-23, -1.975763216796322e-08, 8.699239359742198e-08, 3.141592699386853, 3.141592589127064, 1.5707963267948966, 1.5707963267948966, 5.923662159792664e-23, 1.5707963267948966, 1.5707963267948966, 3.141592653589793, 4.71238898038469, 3.752479403201854e-24, 1.5707963267948966, 1.5707963267948966, 3.141592653589793, 1.5707963267948966, 3.141592653589793, 3.141592653589793, 4.71238898038469, 4.71238898038469, -6.65947450968611e-23, 1.5707963267948966, 3.141592653589793, 1.5707963267948966, -3.121056654005469e-23]",0.0
266,2.0,"[3.1415926581849707, 3.14159265557113, 6.104619061472956e-09, 4.2967526951269766e-09, 8.126330325192723e-10, 3.1415926548101814, 3.1415926542365145, 1.5707964359088262, 1.5707962839932366, -6.384458345772775e-10, 1.570796330901921, 1.5707963267948966, 3.141592653589793, 4.71238898875138, 8.312264306060284e-10, 1.5707963247323278, 1.5707963261616982, 3.141592650031546, 1.5707963289149045, 3.1415926560641356, 3.1415926529917657, 4.712388976913584, 4.712388976846698, 6.050718837600768e-09, 1.5707963174970652, 3.1415926546195205, 1.5707963267948966, 1.1168689825245863e-08]",0.0
267,2.0,"[3.141592653863017, 3.141592649701023, -5.895525394885982e-09, -5.474984105007528e-09, -1.932679310782559e-11, 3.1415926513294816, 3.1415926536359566, 1.5707963242973442, 1.5707963248041814, -2.4597338026785002e-08, 1.5707964406793935, 1.5707963267948966, 3.141592653589793, 4.712388979474818, -2.6285020579436743e-09, 1.5707963269689431, 1.5707963255325346, 3.1415926679044626, 1.5707963172007813, 3.1415926430378174, 3.1415926562617953, 4.712388980777145, 4.712388977513261, -4.605428392776831e-09, 1.570796326986088, 3.1415926496741298, 1.5707963267948966, -8.433595734809555e-09]",0.0
268,2.0,"[3.141592653589793, 3.141592653589793, 0.0, 0.0, 0.0, 3.141592653589793, 3.141592653589793, 1.5707963267948966, 1.5707963267948966, 0.0, 1.5707963267948966, 1.570796446004186, 3.141592653589793, 4.71238898038469, 0.0, 1.5707963267948966, 1.5707963267948966, 3.141592653589793, 1.5707963267948966, 3.141592653589793, 3.141592653589793, 4.71238898038469, 4.71238898038469, 0.0, 1.5707963267948966, 3.141592653589793, 1.5707963267948966, 0.0]",0.0
269,2.0,"[3.141592653589793, 3.141592653589793, 0.0, 0.0, 0.0, 3.141592653589793, 3.141592653589793, 1.5707963267948966, 1.5707963267948966, 0.0, 1.5707963267948966, 1.5707963267948966, 3.1415927727990827, 4.71238898038469, 0.0, 1.5707963267948966, 1.5707963267948966, 3.141592653589793, 1.5707963267948966, 3.141592653589793, 3.141592653589793, 4.71238898038469, 4.71238898038469, 0.0, 1.5707963267948966, 3.141592653589793, 1.5707963267948966, 0.0]",0.0
270,2.0,"[3.1415926633251083, 3.1415926590662595, 1.525357318504859e-08, -2.414240885496212e-08, -4.489713439744648e-09, 3.141592657972474, 3.141592658044147, 1.5707963244520957, 1.5707963386596382, -9.384274456941176e-10, 1.570796335949689, 1.5707963267948966, 3.141592653589793, 4.712389000012116, 7.64295815113128e-09, 1.5707963242617495, 1.5707963295764158, 3.1415926834034074, 1.570796351071099, 3.1415927098847534, 3.141592595440554, 4.712388977513297, 4.712388977089084, 5.6540434180652316e-08, 1.570796353377641, 3.1415926589737104, 1.5707963267948966, 2.3289459615412445e-08]",0.0
271,2.0,"[3.141592653589793, 3.141592653589793, 0.0, 0.0, 0.0, 3.141592653589793, 3.141592653589793, 1.5707963267948966, 1.5707963267948966, 0.0, 1.5707963267948966, 1.5707963267948966, 3.141592653589793, 4.71238898038469, 0.0, 1.5707963267948966, 1.5707963267948966, 3.141592653589793, 1.5707963267948966, 3.141592653589793, 3.141592653589793, 4.71238898038469, 4.71238898038469, 0.0, 1.5707963267948966, 3.141592653589793, 1.570796446004186, 0.0]",0.0
272,2.0,"[3.141592615018704, 3.1415926695669647, 1.876073767244973e-09, 3.502000257862873e-09, 6.199063138381419e-10, 3.141592654273826, 3.14159265383897, 1.5707963173874033, 1.5707963011929433, 3.807985479674371e-09, 1.5707963291226594, 1.5707963267948966, 3.141592653589793, 4.7123889827013405, 3.121896096986067e-08, 1.5707963270189083, 1.5707963275752312, 3.14159265517021, 1.5707963278933206, 3.1415926564779726, 3.1415926552189326, 4.7123889821842475, 4.712388982923637, 5.390516406941248e-10, 1.5707963298883467, 3.1415926560360545, 1.5707963267948966, 2.8737325694715414e-09]",0.0
273,2.0,"[3.1415926587469967, 3.141592663863311, -8.792480481641374e-11, 9.323676455241082e-09, -3.4172214359457025e-08, 3.1415926582699982, 3.141592607941759, 1.5707963259383062, 1.5707963277139598, -4.3687022680436285e-09, 1.5707963273300314, 1.5707963267948966, 3.141592653589793, 4.712388983374873, 1.5886688970719148e-09, 1.5707963277089185, 1.5707963278144497, 3.1415926521110493, 1.570796326107897, 3.1415926548897515, 3.1415926552417943, 4.712388979519796, 4.712388980699374, 2.5503629057276368e-09, 1.5707963244084298, 3.1415926543167805, 1.5707963267948966, 2.302682564038594e-09]",0.0
274,2.0,"[3.1415926545291084, 3.1415926569094106, 9.325284207417532e-09, 1.6704371955188125e-09, -2.6524981208236316e-09, 3.141592656165595, 3.1415926513282244, 1.5707963313226698, 1.5707963327767265, 3.584099586299138e-08, 1.5707963345467666, 1.5707963267948966, 3.141592653589793, 4.712388990615736, -4.629058124444508e-09, 1.5707963272427496, 1.5707963268030658, 3.1415926543838206, 1.5707963275692578, 3.141592653532334, 3.1415926568963113, 4.712388998200174, 4.712388972308741, -2.1322002459472947e-08, 1.5707963588221996, 3.1415926536088374, 1.5707963267948966, 5.464906159144155e-09]",0.0
275,2.0,"[3.141592649326978, 3.1415926549650433, -3.845927506140998e-09, 4.5024496433047224e-10, 6.642307153630503e-10, 3.141592653675203, 3.1415926544088517, 1.5707963308811586, 1.5707963278739119, -4.3453890207807746e-08, 1.5707963169883958, 1.5707963267948966, 3.141592653589793, 4.712388981758182, -2.627977658579227e-09, 1.5707963254064428, 1.5707963257616977, 3.141592658051244, 1.5707963302747343, 3.1415926550288504, 3.1415926537412586, 4.71238899829024, 4.712388982226548, -1.772886798269178e-08, 1.570796354732024, 3.1415926553361193, 1.5707963267948966, 6.820949071960705e-09]",0.0
276,2.0,"[3.1415926358277066, 3.1415926046875753, -1.1198729679711757e-09, 4.08292707706627e-09, 7.629450410573715e-10, 3.141592634404359, 3.1415926397378344, 1.570796328016367, 1.5707963290418347, 2.982753223380053e-09, 1.570796327291199, 1.5707963267948966, 3.141592653589793, 4.712388981194427, 2.334503801750777e-09, 1.5707963271475611, 1.5707963276408605, 3.141592654782443, 1.5707963289567504, 3.1415926569368184, 3.1415926566401002, 4.712388981154741, 4.712388982580329, 3.0107688970972317e-09, 1.570796328550159, 3.1415926572221027, 1.5707963267948966, 1.3687415090688491e-08]",0.0
277,2.0,"[3.1415926597270367, 3.1415926551358644, -1.6147100626643423e-08, 6.544132909046889e-09, 2.7521718478410923e-09, 3.1415926543985893, 3.1415926558726923, 1.57079632794086, 1.5707963302194705, 5.177490336972474e-09, 1.5707963290747324, 1.5707963267948966, 3.141592653589793, 4.712389003844854, 3.0490149239395155e-09, 1.5707963265030762, 1.570796325717628, 3.141592654051529, 1.5707963294485623, 3.141592654644591, 3.141592659527411, 4.712388997314667, 4.712389026959379, 6.1660787511858675e-09, 1.5707963226772101, 3.1415926476513336, 1.5707963267948966, 7.968965094260497e-11]",0.0
278,2.0,"[3.1415926544601716, 3.141592652663696, 2.22659477534552e-09, -2.6546933465926204e-08, -6.0638153059238635e-09, 3.1415926548244593, 3.1415926544203945, 1.570796327666741, 1.5707963249044012, -1.5349959623121174e-09, 1.5707963251550299, 1.5707963267948966, 3.141592653589793, 4.712388979330186, 1.8380059924804957e-09, 1.570796328650032, 1.5707963272691372, 3.1415926418162483, 1.5707963189587775, 3.141592636901326, 3.1415926809489028, 4.712388979252854, 4.712388981379266, 3.197826109380944e-08, 1.5707963498305857, 3.141592652101939, 1.5707963267948966, -3.126083368930138e-10]",0.0
279,2.0,"[3.1415926548261774, 3.1415926583369234, 9.57413947046346e-09, 5.4097896358091335e-09, -2.349423330142897e-10, 3.1415926561990597, 3.141592653468388, 1.5707963311448392, 1.5707963315539626, 5.6412336078013305e-09, 1.5707963309063935, 1.5707963267948966, 3.141592653589793, 4.712388930638922, 6.054143167933732e-10, 1.5707963268051754, 1.5707963279666075, 3.1415926564087155, 1.5707963296744643, 3.1415926601385324, 3.1415926564808467, 4.712388990226072, 4.712389002361284, 3.2229533903582084e-09, 1.5707963297940002, 3.141592657297472, 1.5707963267948966, 1.2398675364072032e-08]",0.0
280,2.0,"[3.141592616832168, 3.1415926690209446, 3.586438441101967e-09, 2.223952259311443e-09, 6.664188490072179e-10, 3.141592654504745, 3.1415926544575106, 1.5707963367220965, 1.57079635556859, -1.568271059252198e-09, 1.5707963286698603, 1.5707963267948966, 3.141592653589793, 4.712388986683981, -2.7613535004403727e-08, 1.5707963245386996, 1.5707963265631304, 3.1415926501091014, 1.5707963253875596, 3.141592654242519, 3.1415926579034235, 4.712388976642437, 4.712388981302392, 6.969858884438384e-09, 1.5707963191535927, 3.1415926544939423, 1.5707963267948966, 6.934226528536159e-09]",0.0
281,2.0,"[3.1415926512097947, 3.141592653920269, -1.0800500083834823e-09, -4.9384165401364714e-11, 4.998463341642434e-10, 3.141592653309227, 3.1415926540801453, 1.5707963287159812, 1.5707963272340735, -1.1003724929143983e-09, 1.5707963261212325, 1.5707963267948966, 3.141592653589793, 4.712388979780902, -2.012679068689923e-09, 1.5707963807061887, 1.5707963491803039, 3.1415926555300886, 1.5707963272173795, 3.1415926545398665, 3.1415926511392893, 4.712388980257907, 4.712388980745305, -8.595506281133076e-10, 1.5707963274456729, 3.1415926429213497, 1.5707963267948966, -1.3151966530219864e-09]",0.0
282,2.0,"[3.141592652864936, 3.1415926534982535, -1.0736892493594316e-09, -3.498178523922395e-08, -8.452946632065404e-09, 3.1415926545030315, 3.141592653553164, 1.5707963274811072, 1.5707963268388232, 1.0004695941305686e-09, 1.5707963267471041, 1.5707963267948966, 3.141592653589793, 4.712388981468097, 2.3252002822248533e-10, 1.5707963271120313, 1.5707963280190895, 3.1415926631419095, 1.5707963461681969, 3.1415926765230906, 3.1415926780994847, 4.712388980268885, 4.712388981679557, -1.9591580307167223e-08, 1.5707963107088763, 3.1415926571769544, 1.5707963267948966, 5.782187521205884e-10]",0.0
283,2.0,"[3.141592657292937, 3.1415926527303615, 2.382829139858773e-08, 3.258278321297164e-09, 1.3614106156431806e-09, 3.1415926546156028, 3.141592655157142, 1.5707963211476, 1.5707963207394382, -4.381748643428671e-09, 1.5707963277268007, 1.5707963267948966, 3.141592653589793, 4.71238898729805, -4.143771490644574e-09, 1.570796327649023, 1.5707963273201329, 3.141592650849989, 1.5707963257673574, 3.1415926532948037, 3.1415926580642846, 4.712388981162743, 4.712388984141795, -6.437071933849851e-10, 1.5707963219180867, 3.1415926526253717, 1.5707963267948966, 8.175662734937058e-09]",0.0
284,2.0,"[3.1415926499595535, 3.141592651689277, 5.3856113079655015e-09, -1.5050038136643866e-08, -4.2433771846717665e-09, 3.14159265261671, 3.1415926517848316, 1.570796328444914, 1.5707963267680454, 6.548304519734607e-10, 1.570796325536477, 1.5707963267948966, 3.141592653589793, 4.712388980080527, -2.076726262810607e-10, 1.5707963271124954, 1.5707963281959199, 3.1415926508139393, 1.570796317924473, 3.141592645408742, 3.1415926384093242, 4.71238898434705, 4.712388988152385, -5.796347085757088e-09, 1.5707963238485474, 3.141592661501899, 1.5707963267948966, -4.695724891372687e-09]",0.0
285,2.0,"[3.141592649633927, 3.141592642977033, -7.816266969441377e-10, 2.696673165547309e-09, -8.066422669326699e-09, 3.1415926789789137, 3.1415926599151502, 1.5707963268774239, 1.57079632665706, -2.741111057613555e-10, 1.5707963268882745, 1.5707963267948966, 3.141592653589793, 4.712388980403178, -7.810905070343086e-11, 1.5707963267542144, 1.570796326863153, 3.141592653678703, 1.5707963267074216, 3.141592653815551, 3.1415926532186775, 4.712388980258679, 4.712388980442765, 4.780420433772722e-11, 1.5707963265055291, 3.1415926537074665, 1.5707963267948966, -1.3730679997433898e-09]",0.0
286,2.0,"[3.1415926534212617, 3.1415926537049246, 3.659748719455158e-10, -1.6259114038866765e-10, -1.9092688464466405e-10, 3.141592653691329, 3.1415926534541065, 1.5707963267746194, 1.5707963268597527, 1.8476286488998434e-10, 1.5707963267575837, 1.5707963267948966, 3.141592653589793, 4.712388980360177, -5.6960617514277946e-11, 1.5707963387996788, 1.5707962998605272, 3.141592653779507, 1.5707963268132332, 3.1415926541847052, 3.141592653403499, 4.712388980242394, 4.71238898054148, 3.826189911587287e-10, 1.570796326624381, 3.1415926577805533, 1.5707963267948966, 2.905843389574869e-10]",0.0
287,2.0,"[3.1415926506572864, 3.1415926524956985, 1.9737276134949642e-10, -5.8854465713516206e-09, -2.118140984154114e-09, 3.141592653165609, 3.141592652233877, 1.5707963264629505, 1.5707963242127958, 5.653952579689181e-10, 1.5707963255842203, 1.5707963267948966, 3.141592653589793, 4.712388977488628, -1.912973699843697e-09, 1.5707963234330011, 1.5707963211959808, 3.1415926533479963, 1.570796324860579, 3.141592653371715, 3.1415926484476633, 4.712388981306043, 4.7123889807471135, -2.142001016628525e-09, 1.5707963261932134, 3.141592626558444, 1.5707963267948966, 2.6507204050366277e-09]",0.0
288,2.0,"[3.141592654240956, 3.141592653111246, -1.519837962865965e-09, 6.737348075412752e-10, 7.569056444626381e-10, 3.1415926531896576, 3.1415926541204655, 1.57079632691659, 1.5707963264977682, -7.4491297713224e-10, 1.5707963269372898, 1.5707963267948966, 3.141592653589793, 4.712388980487495, 2.0022159428594722e-10, 1.5707963268542549, 1.5707963270901844, 3.1415926472596487, 1.5707963049314213, 3.141592672138879, 3.141592657085809, 4.712388981098697, 4.712388980113098, -1.0083170109359516e-09, 1.5707963278298551, 3.141592653859928, 1.5707963267948966, -2.410379580191313e-09]",0.0
289,2.0,"[3.141592653820971, 3.1415926540928942, 1.1847907253243768e-09, 3.285452513722508e-10, -1.9542190671725202e-10, 3.1415926539062813, 3.14159265345022, 1.57079632781661, 1.570796327379868, 1.2088912875618433e-09, 1.5707963225458565, 1.5707963267948966, 3.141592653589793, 4.712388981253799, 1.7883663272370677e-10, 1.5707963263517617, 1.5707963266949407, 3.1415926794570272, 1.570796314996264, 3.141592648275826, 3.1415926580616467, 4.7123889798599015, 4.712388980130809, 1.1449071233942861e-09, 1.5707963253233124, 3.141592653536284, 1.5707963267948966, 1.982545439293306e-09]",0.0
290,2.0,"[3.1415926564964756, 3.1415926565625156, -1.1459969411156693e-08, -3.650742034396284e-09, -5.232693934292081e-10, 3.1415926558734526, 3.141592655624992, 1.5707963227454074, 1.5707963219923906, 1.5184208456644053e-09, 1.5707963277798511, 1.5707963267948966, 3.141592653589793, 4.7123889811709265, -3.4577971272024326e-09, 1.5707963278223256, 1.5707963278548844, 3.141592649997173, 1.5707963222648043, 3.141592649747274, 3.141592651422002, 4.712388979204373, 4.712388977962039, -2.1716891199840443e-09, 1.5707963235535016, 3.1415926573886033, 1.5707963267948966, 2.386004509858593e-08]",0.0
291,2.0,"[3.1415926537723085, 3.1415926538590404, 8.417530400684513e-10, 1.106742958983359e-10, -1.5797947650171003e-10, 3.141592653762974, 3.1415926534657137, 1.5707963275732328, 1.5707963272358392, 1.799587636594562e-10, 1.5707963270229754, 1.5707963267948966, 3.141592653589793, 4.712388981063223, 7.978362772733052e-11, 1.5707963264316396, 1.5707963266659346, 3.1415926540428916, 1.5707963266511216, 3.141592654039926, 3.1415926530730034, 4.712388955756848, 4.712388991103463, -7.654844533236476e-09, 1.5707963369704867, 3.1415926533972955, 1.5707963267948966, 1.2193332255664303e-09]",0.0
292,2.0,"[3.1415926505454337, 3.141592653103438, -4.004901571084701e-09, 5.244161139529394e-10, -5.962054113373677e-10, 3.1415926524854094, 3.1415926518398813, 1.570796321538724, 1.570796309287977, 2.373247518101749e-09, 1.5707963260785034, 1.5707963267948966, 3.141592653589793, 4.712388978302502, -2.0087025480984643e-08, 1.570796326245314, 1.5707963270577947, 3.141592656948494, 1.5707963291904794, 3.141592656712932, 3.141592652436533, 4.712388981195817, 4.712388982981356, 2.851802744046754e-09, 1.5707963304958583, 3.141592656526777, 1.5707963267948966, -6.580407541034488e-09]",0.0
293,2.0,"[3.141592653589793, 3.141592653589793, -2.71431383872608e-24, -2.4697040209954027e-09, 1.0874049199677748e-08, 3.1415926593144254, 3.141592645531952, 1.5707963267948966, 1.5707963267948966, 7.353751292222666e-24, 1.5707963267948966, 1.5707963267948966, 3.141592653589793, 4.71238898038469, 5.149802733030743e-25, 1.5707963267948966, 1.5707963267948966, 3.141592653589793, 1.5707963267948966, 3.141592653589793, 3.141592653589793, 4.71238898038469, 4.71238898038469, -8.229414157896226e-24, 1.5707963267948966, 3.141592653589793, 1.5707963267948966, -3.7968488467107295e-24]",0.0
294,2.0,"[3.14159265416419, 3.1415926538374603, 7.630773826841192e-10, 5.37094086890872e-10, 1.0157912906490901e-10, 3.1415926537423418, 3.1415926536706333, 1.5707963404341378, 1.570796321444689, -7.980572932215975e-11, 1.5707963273082746, 1.5707963267948966, 3.141592653589793, 4.712388981430526, 1.0390330382575318e-10, 1.5707963265370755, 1.5707963267157468, 3.1415926531450125, 1.5707963270598975, 3.141592653899086, 3.1415926535150396, 4.712388979950801, 4.712388979942441, 7.563398547000962e-10, 1.5707963256326676, 3.1415926537185093, 1.5707963267948966, 1.3960862281557328e-09]",0.0
295,2.0,"[3.1415926536239462, 3.1415926531036966, -7.369406743607477e-10, -6.84373013125941e-10, -2.4158491384781863e-12, 3.1415926533072542, 3.1415926535955636, 1.5707963264827025, 1.5707963265460572, -3.0746672533481252e-09, 1.5707963410304586, 1.5707963267948966, 3.141592653589793, 4.712388980270956, -3.2856275724295924e-10, 1.5707963268166523, 1.5707963266371012, 3.1415926553791267, 1.570796325595632, 3.141592652270796, 3.1415926539237935, 4.712388980433746, 4.712388980025761, -5.756785490971038e-10, 1.5707963268187954, 3.1415926531003353, 1.5707963267948966, -1.0541994668511942e-09]",0.0
296,2.0,"[3.141592653589793, 3.141592653589793, 0.0, 0.0, 0.0, 3.141592653589793, 3.141592653589793, 1.5707963267948966, 1.5707963267948966, 0.0, 1.5707963267948966, 1.5707963416960578, 3.141592653589793, 4.71238898038469, 0.0, 1.5707963267948966, 1.5707963267948966, 3.141592653589793, 1.5707963267948966, 3.141592653589793, 3.141592653589793, 4.71238898038469, 4.71238898038469, 0.0, 1.5707963267948966, 3.141592653589793, 1.5707963267948966, 0.0]",0.0
297,2.0,"[3.141592653589793, 3.141592653589793, 0.0, 0.0, 0.0, 3.141592653589793, 3.141592653589793, 1.5707963267948966, 1.5707963267948966, 0.0, 1.5707963267948966, 1.5707963267948966, 3.1415926684909543, 4.71238898038469, 0.0, 1.5707963267948966, 1.5707963267948966, 3.141592653589793, 1.5707963267948966, 3.141592653589793, 3.141592653589793, 4.71238898038469, 4.71238898038469, 0.0, 1.5707963267948966, 3.141592653589793, 1.5707963267948966, 0.0]",0.0
298,2.0,"[3.1415926548067077, 3.1415926542743513, 1.9066966481310745e-09, -3.0178011068702652e-09, -5.612141799680811e-10, 3.1415926541376282, 3.1415926541465873, 1.5707963265020464, 1.5707963282779893, -1.173034307117647e-10, 1.5707963279392456, 1.5707963267948966, 3.141592653589793, 4.712388982838118, 9.553697688914098e-10, 1.5707963264782532, 1.5707963271425864, 3.1415926573164947, 1.5707963298294219, 3.1415926606266633, 3.141592646321138, 4.712388980025765, 4.712388979972739, 7.06755427258154e-09, 1.5707963301177397, 3.141592654262783, 1.5707963267948966, 2.911182451926555e-09]",0.0
299,2.0,"[3.141592653589793, 3.141592653589793, 0.0, 0.0, 0.0, 3.141592653589793, 3.141592653589793, 1.5707963267948966, 1.5707963267948966, 0.0, 1.5707963267948966, 1.5707963267948966, 3.141592653589793, 4.71238898038469, 0.0, 1.5707963267948966, 1.5707963267948966, 3.141592653589793, 1.5707963267948966, 3.141592653589793, 3.141592653589793, 4.71238898038469, 4.71238898038469, 0.0, 1.5707963267948966, 3.141592653589793, 1.5707963416960578, 0.0]",0.0
300,2.0,"[3.1415926543569483, 3.141592653783052, -2.0183875783304274e-09, 8.180166136308614e-10, 3.440214809801366e-10, 3.1415926536908927, 3.1415926538751555, 1.570796326938142, 1.5707963272229684, 6.471862921215594e-10, 1.570796327079876, 1.5707963267948966, 3.141592653589793, 4.712388983317211, 3.8112686549243933e-10, 1.570796326758419, 1.570796326660238, 3.14159265364751, 1.5707963271266048, 3.1415926537216428, 3.1415926543319954, 4.712388982500936, 4.712388986206526, 7.707598438982333e-10, 1.5707963262801858, 3.1415926528474856, 1.5707963267948966, 9.961206367825696e-12]",0.0
301,2.0,"[3.141592653499186, 3.1415926535783507, -1.34211156169929e-10, -4.372723154902993e-09, -1.0566183290081753e-09, 3.141592653703948, 3.1415926535852146, 1.5707963268806728, 1.5707963268003875, 1.2505869926632107e-10, 1.5707963267889224, 1.5707963267948966, 3.141592653589793, 4.712388980520116, 2.9065003527810585e-11, 1.5707963268345384, 1.5707963269479206, 3.141592654783808, 1.5707963292165592, 3.141592656456455, 3.1415926566535046, 4.712388980370214, 4.712388980546548, -2.4489475383959025e-09, 1.570796324784144, 3.141592654038188, 1.5707963267948966, 7.227734401507332e-11]",0.0
302,2.0,"[3.141592648768407, 3.1415926555869396, 2.345092209056216e-10, 4.377500322328592e-10, 7.74882892297678e-11, 3.141592653675297, 3.14159265362094, 1.5707963256189599, 1.5707963235946525, 4.759981849592963e-10, 1.570796327085867, 1.5707963267948966, 3.141592653589793, 4.712388980674271, 3.902370121232584e-09, 1.570796326822898, 1.5707963268924383, 3.1415926537873453, 1.5707963269321996, 3.1415926539508154, 3.1415926537934356, 4.712388980609634, 4.712388980702058, 6.738145508676558e-11, 1.570796327181578, 3.1415926538955756, 1.5707963267948966, 3.592165711839429e-10]",0.0
303,2.0,"[3.1415926542344437, 3.1415926548739828, -1.0990600602051694e-11, 1.1654595569051353e-09, -4.271526794932128e-09, 3.141592654174819, 3.141592647883789, 1.5707963266878229, 1.5707963269097796, -5.460877835054536e-10, 1.5707963268617884, 1.5707963267948966, 3.141592653589793, 4.712388980758463, 1.9858361213398942e-10, 1.5707963269091494, 1.5707963269223406, 3.1415926534049503, 1.5707963267090217, 3.141592653752288, 3.1415926537962933, 4.712388980276578, 4.712388980424025, 3.187953632159546e-10, 1.5707963264965883, 3.1415926536806666, 1.5707963267948966, 2.878353205048243e-10]",0.0
304,2.0,"[3.1415926537072076, 3.141592654004745, 1.1656605259271918e-09, 2.0880464943985151e-10, -3.3156226510295395e-10, 3.1415926539117685, 3.141592653307097, 1.5707963273608683, 1.5707963275426253, 4.480124482873922e-09, 1.5707963277638803, 1.5707963267948966, 3.141592653589793, 4.712388981663571, -5.786322655555636e-10, 1.5707963268508782, 1.5707963267959177, 3.1415926536890466, 1.5707963268916918, 3.141592653582611, 3.141592654003108, 4.712388982611626, 4.712388979375196, -2.6652503074341184e-09, 1.5707963307983095, 3.141592653592174, 1.5707963267948966, 6.831132698930195e-10]",0.0
305,2.0,"[3.141592653056941, 3.1415926537616996, -4.807409382676246e-10, 5.6280620541309036e-11, 8.302883942038128e-11, 3.1415926536004695, 3.1415926536921757, 1.5707963273056793, 1.5707963269297736, -5.431736275975968e-09, 1.570796325569084, 1.5707963267948966, 3.141592653589793, 4.712388980556376, -3.2849720732240336e-10, 1.5707963266213398, 1.5707963266657468, 3.1415926541474746, 1.5707963272298762, 3.1415926537696754, 3.1415926536087264, 4.712388982622883, 4.712388980614922, -2.2161084978364723e-09, 1.5707963302870376, 3.141592653808084, 1.5707963267948966, 8.526186339950879e-10]",0.0
306,2.0,"[3.1415926513695323, 3.1415926474770157, -1.3998412099639697e-10, 5.103658846332837e-10, 9.536813013217146e-11, 3.1415926511916137, 3.141592651858298, 1.5707963269475804, 1.5707963270757639, 3.7284415292250666e-10, 1.5707963268569343, 1.5707963267948966, 3.141592653589793, 4.7123889804859065, 2.9181297521884714e-10, 1.5707963268389797, 1.570796326900642, 3.1415926537388743, 1.5707963270651282, 3.1415926540081713, 3.1415926539710815, 4.712388980480946, 4.712388980659145, 3.763461121371539e-10, 1.5707963270143044, 3.1415926540438317, 1.5707963267948966, 1.7109268863360616e-09]",0.0
307,2.0,"[3.1415926536985905, 3.141592653474031, 2.7832434691818996e-10, -3.3183666832407754e-09, -7.579769132404828e-10, 3.1415926537441266, 3.141592653693618, 1.5707963269038772, 1.5707963265585847, -1.9187449528901489e-10, 1.5707963265899132, 1.5707963267948966, 3.141592653589793, 4.712388980252877, 2.29750749060062e-10, 1.5707963270267884, 1.5707963268541767, 3.1415926521181, 1.5707963258153816, 3.1415926515037347, 3.141592657009682, 4.71238898024321, 4.712388980509012, 3.99728263672618e-09, 1.5707963296743577, 3.141592653403811, 1.5707963267948966, -3.9076042111626575e-11]",0.0
308,2.0,"[3.141592653744341, 3.1415926541831842, 1.1967674338079325e-09, 6.762237044761418e-10, -2.936779162678618e-11, 3.1415926539159513, 3.1415926535746177, 1.5707963273386394, 1.5707963273897798, 7.051542009751661e-10, 1.5707963273088337, 1.5707963267948966, 3.141592653589793, 4.712388974166469, 7.567678959917158e-11, 1.5707963267961813, 1.5707963269413605, 3.1415926539421584, 1.5707963271548424, 3.1415926544083854, 3.1415926539511747, 4.712388981614862, 4.712388983131764, 4.0286917379477595e-10, 1.5707963271697845, 3.141592654053253, 1.5707963267948966, 1.5498344205090038e-09]",0.0
309,2.0,"[3.14159264899509, 3.141592655518687, 4.483048051377458e-10, 2.779940324139302e-10, 8.330235612590218e-11, 3.141592653704162, 3.141592653698258, 1.5707963280357966, 1.5707963303916082, -1.9603388240652476e-10, 1.570796327029267, 1.5707963267948966, 3.141592653589793, 4.712388981172102, -3.451691875550466e-09, 1.570796326512872, 1.5707963267659257, 3.1415926531547065, 1.5707963266189795, 3.141592653671384, 3.141592654128997, 4.712388979916908, 4.712388980499402, 8.712323605547977e-10, 1.5707963258397335, 3.1415926537028116, 1.5707963267948966, 8.667783160670198e-10]",0.0
310,2.0,"[3.1415926532922933, 3.1415926536311027, -1.3500625104793527e-10, -6.173020675170665e-12, 6.248079177053041e-11, 3.1415926535547225, 3.141592653651087, 1.5707963270350322, 1.5707963268497938, -1.3754656161429977e-10, 1.5707963267106886, 1.5707963267948966, 3.141592653589793, 4.712388980309216, -2.515848835862404e-10, 1.570796333533808, 1.5707963295930725, 3.14159265383233, 1.570796326847707, 3.1415926537085523, 3.1415926532834804, 4.712388980368842, 4.7123889804297665, -1.0744382851416343e-10, 1.5707963268762435, 3.1415926522562376, 1.5707963267948966, -1.643995816277483e-10]",0.0
311,2.0,"[3.141592653209248, 3.1415926535289986, -5.006126963855875e-10, 6.555201424411738e-11, -7.452567641717091e-11, 3.1415926534517453, 3.1415926533710543, 1.570796326137875, 1.5707963246065317, 2.966559397627186e-10, 1.5707963267053473, 1.5707963267948966, 3.141592653589793, 4.712388980124416, -2.5108781851230795e-09, 1.5707963267261988, 1.5707963268277587, 3.1415926540096306, 1.5707963270943444, 3.1415926539801857, 3.1415926534456355, 4.712388980486081, 4.712388980709273, 3.564753430058441e-10, 1.5707963272575167, 3.1415926539569163, 1.5707963267948966, -8.225509426293109e-10]",0.0
312,2.0,"[3.1415926536126078, 3.141592653623449, 1.0521913000855647e-10, 1.3834286987291897e-11, -1.9747434562713763e-11, 3.1415926536114407, 3.1415926535742833, 1.5707963268921885, 1.5707963268500145, 2.24948454574322e-11, 1.5707963268234064, 1.5707963267948966, 3.141592653589793, 4.712388980469506, 9.972953465916265e-12, 1.5707963267494895, 1.5707963267787763, 3.1415926536464305, 1.5707963267769247, 3.1415926536460597, 3.1415926535251946, 4.712388977306209, 4.712388981724536, -9.568555666545593e-10, 1.5707963280668453, 3.141592653565731, 1.5707963267948966, 1.524166531958037e-10]",0.0
313,2.0,"[3.141592653136013, 3.1415926533522285, 6.732014134956876e-10, -1.881254767080483e-09, -5.304221480839707e-10, 3.141592653468158, 3.1415926533641727, 1.5707963270011487, 1.5707963267915401, 8.185380649668256e-11, 1.5707963266375942, 1.5707963267948966, 3.141592653589793, 4.712388980346669, -2.5959078285132554e-11, 1.5707963268345964, 1.5707963269700245, 3.1415926532428116, 1.5707963256860937, 3.141592652567162, 3.1415926516922346, 4.712388980879985, 4.712388981355652, -7.245433857196358e-10, 1.570796326426603, 3.1415926545788064, 1.5707963267948966, -5.869656114215859e-10]",0.0
314,2.0,"[3.141592654052686, 3.141592653482364, 2.978536424823467e-09, 4.0728479016214555e-10, 1.7017632695539757e-10, 3.1415926537180194, 3.1415926537857115, 1.5707963260889846, 1.5707963260379643, -5.47718580428584e-10, 1.5707963269113845, 1.5707963267948966, 3.141592653589793, 4.71238898124886, -5.179714363305717e-10, 1.5707963269016625, 1.5707963268605512, 3.1415926532473177, 1.5707963266664542, 3.1415926535529195, 3.1415926541491044, 4.712388980481946, 4.712388980854328, -8.046339917312314e-11, 1.5707963261852953, 3.14159265346924, 1.5707963267948966, 1.0219578418671323e-09]",0.0
315,2.0,"[3.14159265309531, 3.1415926522631983, -9.770333711801721e-11, 3.370841456934136e-10, -1.0083028336658373e-09, 3.141592656763433, 3.141592654380463, 1.5707963268052125, 1.570796326777667, -3.4263888220169463e-11, 1.5707963268065688, 1.5707963267948966, 3.141592653589793, 4.712388980387001, -9.763631337928856e-12, 1.5707963267898113, 1.5707963268034286, 3.141592653600907, 1.5707963267839622, 3.1415926536180128, 3.1415926535434036, 4.712388980368939, 4.712388980391949, 5.975525542215956e-12, 1.5707963267587257, 3.1415926536045022, 1.5707963267948966, -1.7163349996792373e-10]",0.0
316,2.0,"[3.141592653568727, 3.1415926536041847, 4.574685899318945e-11, -2.032389254858344e-11, -2.3865860580583007e-11, 3.141592653602485, 3.1415926535728325, 1.570796326792362, 1.5707963268030036, 2.3095358111248052e-11, 1.5707963267902325, 1.5707963267948966, 3.141592653589793, 4.7123889803816255, -7.120077189284762e-12, 1.5707963282954944, 1.5707963234281004, 3.1415926536135075, 1.5707963267971887, 3.141592653664157, 3.1415926535665064, 4.712388980366903, 4.712388980404288, 4.7827373894841085e-11, 1.570796326773582, 3.141592654113638, 1.5707963267948966, 3.63230423696859e-11]",0.0
317,2.0,"[3.14159265322323, 3.1415926534530314, 2.4671595168686988e-11, -7.356808214189526e-10, -2.6476762301926414e-10, 3.14159265353677, 3.1415926534203034, 1.5707963267534033, 1.5707963264721339, 7.067440724611479e-11, 1.570796326643562, 1.5707963267948966, 3.141592653589793, 4.7123889800226815, -2.391217124804621e-10, 1.5707963263746596, 1.5707963260950322, 3.1415926535595684, 1.5707963265531069, 3.1415926535625336, 3.141592652947027, 4.712388980499859, 4.712388980429993, -2.6775012707856557e-10, 1.5707963267196863, 3.1415926502108746, 1.5707963267948966, 3.3134005062957847e-10]",0.0
318,2.0,"[3.1415926536711885, 3.1415926535299747, -1.8997974535824572e-10, 8.421685094265946e-11, 9.461320555782978e-11, 3.1415926535397762, 3.141592653656127, 1.5707963268101082, 1.5707963267577556, -9.311412214153e-11, 1.5707963268126957, 1.5707963267948966, 3.141592653589793, 4.712388980397541, 2.5027699285743413e-11, 1.5707963268023164, 1.5707963268318075, 3.141592652798525, 1.5707963240619622, 3.1415926559084286, 3.141592654026795, 4.712388980473941, 4.712388980350741, -1.2603962636699405e-10, 1.5707963269242664, 3.14159265362356, 1.5707963267948966, -3.012974475239142e-10]",0.0
319,2.0,"[3.1415926536186904, 3.1415926536526806, 1.4809884066554713e-10, 4.106815642153135e-11, -2.44277383396565e-11, 3.1415926536293544, 3.1415926535723466, 1.5707963269226108, 1.570796326868018, 1.511114109452304e-10, 1.5707963262637665, 1.5707963267948966, 3.141592653589793, 4.712388980493328, 2.2354579090463337e-11, 1.5707963267395046, 1.570796326782402, 3.1415926568231973, 1.5707963253200674, 3.141592652925547, 3.141592654148775, 4.7123889803190915, 4.712388980352955, 1.4311339042428577e-10, 1.5707963266109486, 3.1415926535831042, 1.5707963267948966, 2.4781817991166325e-10]",0.0
320,2.0,"[3.1415926539531283, 3.1415926539613834, -1.4324961763945866e-09, -4.563427542995355e-10, -6.540867417865102e-11, 3.1415926538752506, 3.1415926538441927, 1.5707963262887104, 1.5707963261945834, 1.8980260570805058e-10, 1.5707963269180159, 1.5707963267948966, 3.141592653589793, 4.712388980482969, -4.3222464090030387e-10, 1.5707963269233252, 1.570796326927395, 3.1415926531407155, 1.570796326228635, 3.141592653109478, 3.141592653318819, 4.71238898023715, 4.712388980081858, -2.714611399980056e-10, 1.5707963263897222, 3.1415926540646444, 1.5707963267948966, 2.9825056373232414e-09]",0.0
321,2.0,"[3.1415926537419074, 3.141592653675363, 2.3833708101638437e-10, -3.7722513835878315e-10, -7.015177249601013e-11, 3.1415926536582726, 3.1415926536593926, 1.5707963267582903, 1.5707963269802832, -1.466292883897063e-11, 1.5707963269379401, 1.5707963267948966, 3.141592653589793, 4.712388980691368, 1.1942122111142623e-10, 1.5707963267553162, 1.5707963268383578, 3.1415926540556307, 1.5707963271742122, 3.141592654469402, 3.1415926526812115, 4.712388980339824, 4.712388980333196, 8.834442840726925e-10, 1.5707963272102519, 3.141592653673917, 1.5707963267948966, 3.6389780649081945e-10]",0.0
322,2.0,"[3.141592653589793, 3.141592653589793, -3.4762471242969715e-25, -3.0871300262442533e-10, 1.3592561499597185e-09, 3.1415926543053723, 3.141592652582563, 1.5707963267948966, 1.5707963267948966, 9.125340070946305e-25, 1.5707963267948966, 1.5707963267948966, 3.141592653589793, 4.71238898038469, 7.11100842816111e-26, 1.5707963267948966, 1.5707963267948966, 3.141592653589793, 1.5707963267948966, 3.141592653589793, 3.141592653589793, 4.71238898038469, 4.71238898038469, -1.0225552595982605e-24, 1.5707963267948966, 3.141592653589793, 1.5707963267948966, -4.708712416306122e-25]",0.0
323,2.0,"[3.1415926536615926, 3.1415926536207515, 9.538467283551493e-11, 6.713676086135901e-11, 1.2697391133113631e-11, 3.141592653608862, 3.141592653599898, 1.5707963284998017, 1.5707963261261206, -9.975716165269962e-12, 1.5707963268590688, 1.5707963267948966, 3.141592653589793, 4.712388980515419, 1.298791297821917e-11, 1.570796326762669, 1.570796326785003, 3.1415926535341954, 1.5707963268280216, 3.1415926536284546, 3.141592653580449, 4.712388980330454, 4.712388980329409, 9.454248183751205e-11, 1.5707963266496179, 3.1415926536058825, 1.5707963267948966, 1.7451077851946658e-10]",0.0
324,2.0,"[3.141592653594062, 3.141592653529031, -9.211758429509345e-11, -8.554662664074263e-11, -3.019811423097733e-13, 3.1415926535544756, 3.1415926535905143, 1.5707963267558722, 1.5707963267637917, -3.8433340666851566e-10, 1.5707963285743418, 1.5707963267948966, 3.141592653589793, 4.712388980370473, -4.1070344655369905e-11, 1.570796326797616, 1.5707963267751721, 3.14159265381346, 1.5707963266449885, 3.1415926534249183, 3.1415926536315433, 4.712388980390822, 4.712388980339823, -7.195981863713799e-11, 1.570796326797884, 3.141592653528611, 1.5707963267948966, -1.3177493335639927e-10]",0.0
325,2.0,"[3.141592653589793, 3.141592653589793, 0.0, 0.0, 0.0, 3.141592653589793, 3.141592653589793, 1.5707963267948966, 1.5707963267948966, 0.0, 1.5707963267948966, 1.5707963286575417, 3.141592653589793, 4.71238898038469, 0.0, 1.5707963267948966, 1.5707963267948966, 3.141592653589793, 1.5707963267948966, 3.141592653589793, 3.141592653589793, 4.71238898038469, 4.71238898038469, 0.0, 1.5707963267948966, 3.141592653589793, 1.5707963267948966, 0.0]",0.0
326,2.0,"[3.141592653589793, 3.141592653589793, 0.0, 0.0, 0.0, 3.141592653589793, 3.141592653589793, 1.5707963267948966, 1.5707963267948966, 0.0, 1.5707963267948966, 1.5707963267948966, 3.1415926554524383, 4.71238898038469, 0.0, 1.5707963267948966, 1.5707963267948966, 3.141592653589793, 1.5707963267948966, 3.141592653589793, 3.141592653589793, 4.71238898038469, 4.71238898038469, 0.0, 1.5707963267948966, 3.141592653589793, 1.5707963267948966, 0.0]",0.0
327,2.0,"[3.141592653589793, 3.141592653589793, 0.0, 0.0, 0.0, 3.141592653589793, 3.141592653589793, 1.5707963267948966, 1.5707963267948966, 0.0, 1.5707963267948966, 1.5707963267948966, 3.141592653589793, 4.71238898038469, 0.0, 1.5707963267948966, 1.5707963267948966, 3.141592653589793, 1.5707963267948966, 3.141592653589793, 3.141592653589793, 4.71238898038469, 4.71238898038469, 0.0, 1.5707963267948966, 3.141592653589793, 1.5707963286575417, 0.0]",0.0
328,2.0,"[3.1415926533122605, 3.141592652825696, -1.7498015124549598e-11, 6.379573557916045e-11, 1.1921016266521443e-11, 3.141592653290021, 3.1415926533733565, 1.570796326813982, 1.570796326830005, 4.660551911531333e-11, 1.5707963268026512, 1.5707963267948966, 3.141592653589793, 4.712388980397342, 3.6476621902355905e-11, 1.570796326800407, 1.5707963268081147, 3.1415926536084284, 1.5707963268286755, 3.1415926536420904, 3.141592653637454, 4.712388980396722, 4.7123889804189965, 4.7043264017144226e-11, 1.5707963268223226, 3.141592653646548, 1.5707963267948966, 2.1386586079200765e-10]",0.0
329,2.0,"[3.1415926529871196, 3.1415926538394365, 2.931365261320268e-11, 5.471875402910741e-11, 9.686036153720979e-12, 3.141592653600481, 3.1415926535936864, 1.5707963266479046, 1.570796326394866, 5.949977311991204e-11, 1.570796326831268, 1.5707963267948966, 3.141592653589793, 4.712388980420887, 4.87796265154073e-10, 1.5707963267983966, 1.5707963268070892, 3.141592653614487, 1.5707963268120595, 3.141592653634921, 3.1415926536152483, 4.712388980412808, 4.712388980424361, 8.422681885845685e-12, 1.5707963268432317, 3.141592653628016, 1.5707963267948966, 4.490207139799284e-11]",0.0
330,2.0,"[3.1415926536703744, 3.1415926537503167, -1.3738250752564627e-12, 1.4568244461314191e-10, -5.33940849366516e-10, 3.1415926536629213, 3.1415926528765428, 1.5707963267815124, 1.5707963268092568, -6.82609729381817e-11, 1.570796326803258, 1.5707963267948966, 3.141592653589793, 4.712388980431411, 2.4822951516748678e-11, 1.5707963268091782, 1.5707963268108271, 3.1415926535666876, 1.5707963267841623, 3.141592653610105, 3.141592653615606, 4.712388980371176, 4.712388980389607, 3.984942040199433e-11, 1.570796326757608, 3.1415926536011525, 1.5707963267948966, 3.597941506310305e-11]",0.0
331,2.0,"[3.14159265360447, 3.1415926536416623, 1.4570756574089897e-10, 2.6100581179981423e-11, -4.144528313786925e-11, 3.14159265363004, 3.141592653554456, 1.570796326865643, 1.5707963268883627, 5.600155603592403e-10, 1.5707963269160194, 1.5707963267948966, 3.141592653589793, 4.712388980544549, -7.232903319444546e-11, 1.5707963268018943, 1.5707963267950242, 3.1415926536021996, 1.570796326806996, 3.141592653588895, 3.1415926536414576, 4.712388980663056, 4.712388980258503, -3.331562884292648e-10, 1.5707963272953231, 3.1415926535900907, 1.5707963267948966, 8.538915873662744e-11]",0.0
332,2.0,"[3.141592653523187, 3.1415926536112813, -6.00926172834531e-11, 7.0350775676636376e-12, 1.0378604927547659e-11, 3.1415926535911276, 3.141592653602591, 1.5707963268587444, 1.5707963268117562, -6.78967034496996e-10, 1.57079632664167, 1.5707963267948966, 3.141592653589793, 4.712388980406151, -4.106215091530041e-11, 1.570796326773202, 1.5707963267787528, 3.141592653659503, 1.570796326849269, 3.1415926536122782, 3.1415926535921597, 4.712388980664464, 4.712388980413468, -2.7701356222955904e-10, 1.5707963272314143, 3.1415926536170793, 1.5707963267948966, 1.06577329249386e-10]",0.0
333,2.0,"[3.1415926536856875, 3.1415926536139507, -2.522984472913035e-10, 1.0225207670385768e-10, 4.300268512251708e-11, 3.1415926536024306, 3.1415926536254632, 1.5707963268128022, 1.5707963268484055, 8.089828651519495e-11, 1.570796326830519, 1.5707963267948966, 3.141592653589793, 4.712388980751255, 4.7640858186554936e-11, 1.5707963267903369, 1.5707963267780642, 3.141592653597008, 1.57079632683636, 3.141592653606274, 3.1415926536825682, 4.71238898064922, 4.7123889811124196, 9.634498048727919e-11, 1.5707963267305578, 3.1415926534970047, 1.5707963267948966, 1.2451507959782009e-12]",0.0
334,2.0,"[3.141592653603393, 3.141592653575323, 3.479054336477376e-11, -4.147958354050969e-10, -9.474711415506035e-11, 3.141592653609085, 3.141592653602771, 1.5707963268085192, 1.5707963267653575, -2.398431191112684e-11, 1.5707963267692737, 1.5707963267948966, 3.141592653589793, 4.712388980368213, 2.8718843632507762e-11, 1.5707963268238831, 1.5707963268023066, 3.1415926534058314, 1.5707963266724572, 3.141592653329036, 3.141592654017279, 4.712388980367005, 4.71238898040023, 4.996603295907725e-10, 1.5707963271548293, 3.1415926535665455, 1.5707963267948966, -4.8845052639533235e-12]",0.0
335,2.0,"[3.1415926536091114, 3.141592653663967, 1.4959592922599159e-10, 8.452796305951772e-11, -3.670973953348279e-12, 3.1415926536305627, 3.141592653587896, 1.5707963268628644, 1.5707963268692569, 8.814427512189578e-11, 1.5707963268591387, 1.5707963267948966, 3.141592653589793, 4.712388979607412, 9.459598699896444e-12, 1.570796326795057, 1.5707963268132046, 3.1415926536338388, 1.57079632683989, 3.141592653692117, 3.141592653634966, 4.712388980538461, 4.712388980728074, 5.035864672434701e-11, 1.5707963268417575, 3.1415926536477254, 1.5707963267948966, 1.937293025636255e-10]",0.0
336,2.0,"[3.1415926535526055, 3.141592653594957, -1.687578138099191e-11, -7.716275843963327e-13, 7.8100989713163e-12, 3.141592653585409, 3.141592653597455, 1.5707963268249134, 1.5707963268017586, -1.719332020178747e-11, 1.5707963267843705, 1.5707963267948966, 3.141592653589793, 4.712388980375255, -3.144811044828006e-11, 1.5707963276372605, 1.5707963271446685, 3.14159265362011, 1.570796326801498, 3.141592653604638, 3.141592653551504, 4.712388980382709, 4.712388980390324, -1.343047856427043e-11, 1.5707963268050649, 3.141592653423099, 1.5707963267948966, -2.054994770346853e-11]",0.0
337,2.0,"[3.141592653578467, 3.1415926535883627, -1.6776394521241147e-11, -5.46590394362874e-10, -1.320772911260219e-10, 3.1415926536040626, 3.1415926535892207, 1.5707963268056186, 1.570796326795583, 1.563233740829012e-11, 1.5707963267941498, 1.5707963267948966, 3.141592653589793, 4.712388980401618, 3.633125440976346e-12, 1.5707963267998517, 1.5707963268140246, 3.141592653739045, 1.5707963270976044, 3.141592653948126, 3.141592653972757, 4.7123889803828805, 4.712388980404922, -3.0611844229948776e-10, 1.5707963265435525, 3.1415926536458425, 1.5707963267948966, 9.034668001884177e-12]",0.0
338,2.0,"[3.141592653015455, 3.1415926538309047, 5.6038100642218235e-11, 3.474925405174127e-11, 1.041279451573778e-11, 3.1415926536040892, 3.141592653603351, 1.5707963269500091, 1.5707963272444856, -2.4504235300815618e-11, 1.570796326824193, 1.5707963267948966, 3.141592653589793, 4.712388980483116, -4.314614844438083e-10, 1.5707963267596434, 1.5707963267912752, 3.1415926535354073, 1.5707963267729068, 3.141592653599992, 3.1415926536571934, 4.712388980326217, 4.712388980399028, 1.0890404506934972e-10, 1.5707963266755012, 3.1415926536039205, 1.5707963267948966, 1.0834728950837745e-10]",0.0
339,2.0,"[3.141592653647655, 3.1415926535763643, 3.723170531029334e-10, 5.0910598770268206e-11, 2.12720408694247e-11, 3.141592653605821, 3.141592653614283, 1.5707963267066576, 1.57079632670028, -6.8464822553573e-11, 1.5707963268094576, 1.5707963267948966, 3.141592653589793, 4.712388980492711, -6.474642954132148e-11, 1.5707963268082423, 1.5707963268031033, 3.141592653546984, 1.5707963267788412, 3.141592653585184, 3.141592653659707, 4.712388980396847, 4.712388980443395, -1.0057924896640397e-11, 1.5707963267186964, 3.141592653574724, 1.5707963267948966, 1.2774473023339156e-10]",0.0
340,2.0,"[3.1415926535279826, 3.141592653423969, -1.2212917139752154e-11, 4.21355182116767e-11, -1.2603785420822967e-10, 3.141592653986498, 3.141592653688627, 1.570796326796186, 1.570796326792743, -4.282986027521183e-12, 1.5707963267963556, 1.5707963267948966, 3.141592653589793, 4.712388980384978, -1.2204539172411082e-12, 1.5707963267942608, 1.570796326795963, 3.1415926535911822, 1.5707963267935297, 3.1415926535933205, 3.1415926535839946, 4.712388980382721, 4.712388980385597, 7.46940692776995e-13, 1.5707963267903753, 3.1415926535916316, 1.5707963267948966, -2.1454187495990466e-11]",0.0
341,2.0,"[3.1415926535871597, 3.141592653591592, 5.718357374148682e-12, -2.5404865685729293e-12, -2.983232572572875e-12, 3.1415926535913794, 3.141592653587673, 1.5707963267945797, 1.57079632679591, 2.8869197639060074e-12, 1.5707963267943135, 1.5707963267948966, 3.141592653589793, 4.712388980384307, -8.90009648660594e-13, 1.5707963269824712, 1.570796326374047, 3.1415926535927574, 1.570796326795183, 3.141592653599089, 3.141592653586882, 4.712388980382467, 4.712388980387139, 5.978421736855135e-12, 1.5707963267922322, 3.1415926536552736, 1.5707963267948966, 4.540380296210736e-12]",0.0
342,2.0,"[3.141592653543973, 3.141592653572698, 3.0839493960858715e-12, -9.196010267736908e-11, -3.309595287740801e-11, 3.141592653583165, 3.141592653568607, 1.5707963267897098, 1.5707963267545513, 8.83430090576435e-12, 1.5707963267759797, 1.5707963267948966, 3.141592653589793, 4.712388980339439, -2.9890214060057765e-11, 1.570796326742367, 1.5707963267074134, 3.1415926535860152, 1.570796326764673, 3.1415926535863856, 3.141592653509447, 4.712388980399086, 4.712388980390353, -3.346876588482069e-11, 1.5707963267854952, 3.1415926531674283, 1.5707963267948966, 4.141750632869731e-11]",0.0
343,2.0,"[3.141592653542225, 3.141592653582194, -6.257658704819846e-11, 8.194001780514666e-12, -9.315709552146364e-12, 3.141592653572537, 3.1415926535624505, 1.570796326712769, 1.570796326521351, 3.7081992470339836e-11, 1.5707963267837028, 1.5707963267948966, 3.141592653589793, 4.712388980352156, -3.13859773140385e-10, 1.5707963267863094, 1.5707963267990044, 3.141592653642273, 1.5707963268323275, 3.1415926536385923, 3.1415926535717733, 4.712388980397363, 4.7123889804252626, 4.455941787573052e-11, 1.570796326852724, 3.1415926536356835, 1.5707963267948966, -1.0281886782866386e-10]",0.0
344,2.0,"[3.1415926535999676, 3.141592653582316, -2.3747468169780712e-11, 1.0527106367832444e-11, 1.1826650694728727e-11, 3.141592653583541, 3.1415926535980847, 1.570796326796798, 1.5707963267902538, -1.1639265267691256e-11, 1.5707963267971214, 1.5707963267948966, 3.141592653589793, 4.712388980386296, 3.1284624107179314e-12, 1.570796326795824, 1.5707963267995104, 3.1415926534908847, 1.5707963264532798, 3.1415926538796226, 3.1415926536444183, 4.712388980395846, 4.712388980380446, -1.5754953295874263e-11, 1.5707963268110678, 3.141592653594014, 1.5707963267948966, -3.7662180940489293e-11]",0.0
345,2.0,"[3.1415926535934053, 3.141592653597654, 1.8512355083193388e-11, 5.133519552691405e-12, -3.0534672924570668e-12, 3.141592653594738, 3.141592653587612, 1.570796326810861, 1.5707963268040368, 1.8888926368153798e-11, 1.5707963267285052, 1.5707963267948966, 3.141592653589793, 4.71238898039827, 2.79432238630793e-12, 1.5707963267879725, 1.5707963267933347, 3.1415926539939685, 1.570796326610543, 3.141592653506762, 3.1415926536596657, 4.71238898037649, 4.712388980380723, 1.788917380303573e-11, 1.570796326771903, 3.141592653588957, 1.5707963267948966, 3.0977272488957906e-11]",0.0
346,2.0,"[3.14159265363521, 3.1415926536362417, -1.790620220493233e-10, -5.7042844287441926e-11, -8.17608427233138e-12, 3.1415926536254752, 3.141592653621593, 1.5707963267316234, 1.5707963267198575, 2.372532571350633e-11, 1.5707963268102865, 1.5707963267948966, 3.141592653589793, 4.712388980396975, -5.4028080112538e-11, 1.5707963268109502, 1.5707963268114589, 3.1415926535336585, 1.5707963267241138, 3.1415926535297536, 3.1415926535559215, 4.7123889803662475, 4.7123889803468355, -3.393264249975069e-11, 1.5707963267442497, 3.1415926536491496, 1.5707963267948966, 3.7281320466540517e-10]",0.0
347,2.0,"[3.1415926535330705, 3.1415926535600978, 8.415017668696096e-11, -2.351568458850604e-10, -6.630276851049635e-11, 3.141592653574589, 3.141592653561591, 1.5707963268206782, 1.5707963267944771, 1.0231725812085326e-11, 1.5707963267752338, 1.5707963267948966, 3.141592653589793, 4.712388980379937, -3.2448847856415697e-12, 1.570796326799859, 1.5707963268167875, 3.1415926535464203, 1.570796326656296, 3.1415926534619643, 3.1415926533525984, 4.712388980446602, 4.71238898050606, -9.056792321495451e-11, 1.5707963267488598, 3.1415926537134196, 1.5707963267948966, -7.337070142769824e-11]",0.0
348,2.0,"[3.141592653592645, 3.141592653594, 1.3152391251069562e-11, 1.729285873411487e-12, -2.4684293203392228e-12, 3.141592653592499, 3.1415926535878542, 1.5707963268070582, 1.5707963268017864, 2.8118556821790056e-12, 1.5707963267984604, 1.5707963267948966, 3.141592653589793, 4.712388980395292, 1.246619183239535e-12, 1.5707963267892207, 1.5707963267928815, 3.141592653596873, 1.5707963267926501, 3.1415926535968266, 3.1415926535817182, 4.712388979999879, 4.712388980552171, -1.1960694583181993e-10, 1.5707963269538903, 3.1415926535867853, 1.5707963267948966, 1.9052081649475473e-11]",0.0
349,2.0,"[3.1415926536088072, 3.1415926536004894, 2.979213512704805e-11, -4.715314229484789e-11, -8.768971562001263e-12, 3.141592653598353, 3.141592653598493, 1.5707963267903209, 1.5707963268180698, -1.832866104871323e-12, 1.570796326812777, 1.5707963267948966, 3.141592653589793, 4.712388980423024, 1.4927652638928285e-11, 1.570796326789949, 1.5707963268003293, 3.141592653648023, 1.570796326842311, 3.1415926536997443, 3.1415926534762204, 4.712388980379082, 4.712388980378253, 1.1043053550908657e-10, 1.570796326846816, 3.1415926536003087, 1.5707963267948966, 4.548722581135243e-11]",0.0
350,2.0,"[3.141592653589793, 3.141592653589793, -4.3365881027243454e-26, -3.8589125328053167e-11, 1.6990701874496481e-10, 3.1415926536792407, 3.1415926534638894, 1.5707963267948966, 1.5707963267948966, 1.1341814388186523e-25, 1.5707963267948966, 1.5707963267948966, 3.141592653589793, 4.71238898038469, 9.823459360217047e-27, 1.5707963267948966, 1.5707963267948966, 3.141592653589793, 1.5707963267948966, 3.141592653589793, 3.141592653589793, 4.71238898038469, 4.71238898038469, -1.2761665254750597e-25, 1.5707963267948966, 3.141592653589793, 1.5707963267948966, -5.984847858701806e-26]",0.0
351,2.0,"[3.141592653598768, 3.141592653593663, 1.1923084104439368e-11, 8.392095107669874e-12, 1.5871738916392033e-12, 3.1415926535921765, 3.141592653591056, 1.5707963270080096, 1.5707963267112997, -1.2469645206587432e-12, 1.5707963268029181, 1.5707963267948966, 3.141592653589793, 4.712388980401031, 1.6234891222773975e-12, 1.570796326790868, 1.5707963267936598, 3.1415926535828436, 1.5707963267990372, 3.1415926535946257, 3.141592653588625, 4.71238898037791, 4.71238898037778, 1.1817810229689007e-11, 1.5707963267767366, 3.1415926535918044, 1.5707963267948966, 2.1813847314933326e-11]",0.0
352,2.0,"[3.141592653590327, 3.141592653582198, -1.151469803688668e-11, -1.0693328330092829e-11, -3.774764278872179e-14, 3.1415926535853784, 3.1415926535898833, 1.5707963267900185, 1.5707963267910083, -4.804167583356446e-11, 1.5707963270173273, 1.5707963267948966, 3.141592653589793, 4.712388980382912, -5.133793081921239e-12, 1.5707963267952365, 1.570796326792431, 3.1415926536177516, 1.570796326776158, 3.141592653569184, 3.141592653595012, 4.712388980385456, 4.712388980379082, -8.994977329642247e-12, 1.57079632679527, 3.1415926535821455, 1.5707963267948966, -1.647186666954991e-11]",0.0
353,2.0,"[3.141592653589793, 3.141592653589793, 0.0, 0.0, 0.0, 3.141592653589793, 3.141592653589793, 1.5707963267948966, 1.5707963267948966, 0.0, 1.5707963267948966, 1.5707963270277272, 3.141592653589793, 4.71238898038469, 0.0, 1.5707963267948966, 1.5707963267948966, 3.141592653589793, 1.5707963267948966, 3.141592653589793, 3.141592653589793, 4.71238898038469, 4.71238898038469, 0.0, 1.5707963267948966, 3.141592653589793, 1.5707963267948966, 0.0]",0.0
354,2.0,"[3.141592653589793, 3.141592653589793, 0.0, 0.0, 0.0, 3.141592653589793, 3.141592653589793, 1.5707963267948966, 1.5707963267948966, 0.0, 1.5707963267948966, 1.5707963267948966, 3.1415926538226238, 4.71238898038469, 0.0, 1.5707963267948966, 1.5707963267948966, 3.141592653589793, 1.5707963267948966, 3.141592653589793, 3.141592653589793, 4.71238898038469, 4.71238898038469, 0.0, 1.5707963267948966, 3.141592653589793, 1.5707963267948966, 0.0]",0.0
355,2.0,"[3.141592653589793, 3.141592653589793, 0.0, 0.0, 0.0, 3.141592653589793, 3.141592653589793, 1.5707963267948966, 1.5707963267948966, 0.0, 1.5707963267948966, 1.5707963267948966, 3.141592653589793, 4.71238898038469, 0.0, 1.5707963267948966, 1.5707963267948966, 3.141592653589793, 1.5707963267948966, 3.141592653589793, 3.141592653589793, 4.71238898038469, 4.71238898038469, 0.0, 1.5707963267948966, 3.141592653589793, 1.5707963270277272, 0.0]",0.0
356,2.0,"[3.14159265360178, 3.141592653592813, -3.153730591141292e-11, 1.2781509587982212e-11, 5.375335640314636e-12, 3.1415926535913727, 3.1415926535942518, 1.5707963267971348, 1.5707963268015852, 1.0112285814399369e-11, 1.5707963267993494, 1.5707963267948966, 3.141592653589793, 4.71238898043051, 5.9551072733193646e-12, 1.5707963267943266, 1.5707963267927925, 3.141592653590695, 1.5707963268000795, 3.1415926535918532, 3.14159265360139, 4.712388980417756, 4.712388980475656, 1.2043122560909897e-11, 1.570796326786854, 3.1415926535781944, 1.5707963267948966, 1.5564384949727183e-13]",0.0
357,2.0,"[3.141592653592208, 3.141592653599065, 1.8699491153248948e-11, 1.0565995382439714e-11, -4.588717441685352e-13, 3.1415926535948895, 3.141592653589556, 1.5707963268033924, 1.5707963268041916, 1.1018034390236967e-11, 1.5707963268029268, 1.5707963267948966, 3.141592653589793, 4.71238898028753, 1.1824498374870533e-12, 1.5707963267949165, 1.570796326797185, 3.141592653595299, 1.5707963268005207, 3.1415926536025838, 3.1415926535954397, 4.712388980403911, 4.712388980427613, 6.294830840543374e-12, 1.570796326800754, 3.141592653597035, 1.5707963267948966, 2.4216162820453184e-11]",0.0
358,2.0,"[3.141592653514459, 3.1415926536209984, 3.664206576650333e-12, 6.839844253638427e-12, 1.2107545192151225e-12, 3.141592653591129, 3.14159265359028, 1.5707963267765226, 1.5707963267448928, 7.437471639989006e-12, 1.570796326799443, 1.5707963267948966, 3.141592653589793, 4.712388980389214, 6.097453314425912e-11, 1.570796326795334, 1.5707963267964207, 3.14159265359288, 1.570796326797042, 3.141592653595434, 3.141592653592975, 4.712388980388204, 4.712388980389648, 1.0528352357307074e-12, 1.5707963268009384, 3.141592653594571, 1.5707963267948966, 5.612758924749104e-12]",0.0
359,2.0,"[3.141592653599866, 3.1415926536098584, -1.7172813440705797e-13, 1.821030557664274e-11, -6.67426061708145e-11, 3.1415926535989342, 3.141592653500637, 1.5707963267932235, 1.5707963267966916, -8.532621617272712e-12, 1.5707963267959417, 1.5707963267948966, 3.141592653589793, 4.7123889803905294, 3.1028689395935855e-12, 1.5707963267966818, 1.5707963267968879, 3.1415926535869048, 1.5707963267935547, 3.141592653592332, 3.14159265359302, 4.712388980383, 4.712388980385304, 4.981177550249291e-12, 1.5707963267902354, 3.141592653591213, 1.5707963267948966, 4.497426882887879e-12]",0.0
360,2.0,"[3.1415926535916276, 3.141592653596277, 1.821344571761237e-11, 3.2625726474976807e-12, -5.1806603922336554e-12, 3.1415926535948238, 3.141592653585376, 1.57079632680374, 1.5707963268065799, 7.000194504490503e-11, 1.570796326810037, 1.5707963267948966, 3.141592653589793, 4.712388980404672, -9.041129149305683e-12, 1.5707963267957712, 1.5707963267949125, 3.141592653591344, 1.570796326796409, 3.1415926535896808, 3.141592653596251, 4.712388980419486, 4.7123889803689165, -4.16445360536581e-11, 1.5707963268574499, 3.1415926535898304, 1.5707963267948966, 1.0673644842078428e-11]",0.0
361,2.0,"[3.1415926535814673, 3.141592653592479, -7.511577160431634e-12, 8.79384695957955e-13, 1.2973256159434584e-12, 3.14159265358996, 3.1415926535913927, 1.5707963268028775, 1.570796326797004, -8.48708793121245e-11, 1.5707963267757432, 1.5707963267948966, 3.141592653589793, 4.712388980387372, -5.1327688644125525e-12, 1.5707963267921847, 1.5707963267928786, 3.141592653598507, 1.5707963268016931, 3.1415926535926038, 3.141592653590089, 4.712388980419662, 4.712388980388287, -3.462669527869488e-11, 1.5707963268494614, 3.1415926535932037, 1.5707963267948966, 1.3322166156173253e-11]",0.0
362,2.0,"[3.1415926535551018, 3.141592653494281, -2.1872518905686994e-12, 7.974466947395056e-12, 1.4901270333151828e-12, 3.1415926535523218, 3.1415926535627383, 1.5707963267972822, 1.570796326799285, 5.825689889414167e-12, 1.570796326795866, 1.5707963267948966, 3.141592653589793, 4.7123889803862715, 4.559577737794486e-12, 1.5707963267955853, 1.5707963267965488, 3.1415926535921224, 1.570796326799119, 3.14159265359633, 3.1415926535957506, 4.712388980386193, 4.712388980388978, 5.880408002143028e-12, 1.5707963267983247, 3.1415926535968874, 1.5707963267948966, 2.6733232599000956e-11]",0.0
363,2.0,"[3.141592653591493, 3.1415926535879843, 4.348817920596718e-12, -5.1849479425637116e-11, -1.1843389269382546e-11, 3.1415926535922045, 3.1415926535914154, 1.5707963267965994, 1.5707963267912042, -2.9980389888908544e-12, 1.5707963267916938, 1.5707963267948966, 3.141592653589793, 4.71238898038263, 3.5898554540634686e-12, 1.5707963267985199, 1.5707963267958227, 3.1415926535667977, 1.5707963267795917, 3.1415926535571983, 3.141592653643229, 4.712388980382479, 4.712388980386632, 6.245754119884656e-11, 1.5707963268398881, 3.141592653586887, 1.5707963267948966, -6.105631579941663e-13]",0.0
364,2.0,"[3.1415926535180008, 3.141592653619932, 7.004762580277283e-12, 4.343656756467656e-12, 1.301599314467221e-12, 3.14159265359158, 3.1415926535914878, 1.5707963268142857, 1.5707963268510952, -3.0630294126019478e-12, 1.5707963267985585, 1.5707963267948966, 3.141592653589793, 4.712388980396993, -5.393268555547604e-11, 1.5707963267904899, 1.5707963267944438, 3.141592653582995, 1.5707963267921479, 3.141592653591068, 3.1415926535982184, 4.712388980377381, 4.712388980386482, 1.3613005633668718e-11, 1.570796326779972, 3.141592653591559, 1.5707963267948966, 1.3543411188547181e-11]",0.0
365,2.0,"[3.141592653585145, 3.1415926535904384, -2.1094726726239885e-12, -9.645344804954306e-14, 9.762623714145366e-13, 3.141592653589245, 3.141592653590751, 1.5707963267986487, 1.5707963267957543, -2.1491650252234343e-12, 1.5707963267935807, 1.5707963267948966, 3.141592653589793, 4.71238898038351, -3.931013806035007e-12, 1.570796326900192, 1.570796326838618, 3.141592653593583, 1.5707963267957217, 3.1415926535916485, 3.141592653585007, 4.712388980384442, 4.712388980385394, -1.6788098205338034e-12, 1.5707963267961675, 3.1415926535689565, 1.5707963267948966, -2.5687434629335664e-12]",0.0
366,2.0,"[3.1415926535883774, 3.141592653589614, -2.0970493151551385e-12, -6.832379929535925e-11, -1.6509661390752736e-11, 3.1415926535915766, 3.1415926535897216, 1.5707963267962368, 1.5707963267949823, 1.954042176036264e-12, 1.5707963267948033, 1.5707963267948966, 3.141592653589793, 4.712388980386805, 4.5414068012204443e-13, 1.570796326795516, 1.5707963267972875, 3.1415926536084497, 1.570796326832735, 3.141592653634585, 3.1415926536376637, 4.712388980384463, 4.712388980387218, -3.826480528743597e-11, 1.5707963267634786, 3.1415926535967995, 1.5707963267948966, 1.1293335002355231e-12]",0.0
367,2.0,"[3.141592653582703, 3.141592653586081, 1.0518772085870122e-11, -2.939460573563255e-11, -8.287846063812044e-12, 3.1415926535878924, 3.141592653586268, 1.5707963267981193, 1.5707963267948442, 1.2789657265106664e-12, 1.5707963267924387, 1.5707963267948966, 3.141592653589793, 4.7123889803840955, -4.0561059820519545e-13, 1.570796326795517, 1.570796326797633, 3.1415926535843717, 1.5707963267775715, 3.1415926535738143, 3.141592653560144, 4.712388980392428, 4.712388980399861, -1.1320990401869313e-11, 1.570796326789142, 3.1415926536052465, 1.5707963267948966, -9.171337678462282e-12]",0.0
368,2.0,"[3.141592653597026, 3.1415926535881145, 4.6539631637866663e-11, 6.363824846283525e-12, 2.659005108678087e-12, 3.141592653591797, 3.1415926535928542, 1.5707963267838667, 1.5707963267830696, -8.558102819196622e-12, 1.5707963267967167, 1.5707963267948966, 3.141592653589793, 4.712388980398193, -8.093303692665181e-12, 1.5707963267965648, 1.5707963267959224, 3.141592653584442, 1.5707963267928897, 3.141592653589217, 3.1415926535985323, 4.712388980386209, 4.712388980392028, -1.25724061208005e-12, 1.5707963267853715, 3.1415926535879093, 1.5707963267948966, 1.596809127917394e-11]",0.0
369,2.0,"[3.141592653583847, 3.141592653588843, -7.822073381024806e-12, 1.0242502225643327e-12, -1.1644636940182953e-12, 3.141592653587636, 3.1415926535863754, 1.5707963267846305, 1.5707963267607035, 4.635249058792478e-12, 1.5707963267934975, 1.5707963267948966, 3.141592653589793, 4.712388980380623, -3.923247164254812e-11, 1.5707963267938232, 1.57079632679541, 3.141592653596353, 1.5707963267995755, 3.141592653595893, 3.1415926535875407, 4.712388980386274, 4.712388980389761, 5.5699272344663146e-12, 1.570796326802125, 3.1415926535955294, 1.5707963267948966, -1.2852358478582981e-11]",0.0
370,2.0,"[3.141592653591065, 3.1415926535888583, -2.9684335212225894e-12, 1.3158882959790575e-12, 1.478331336841091e-12, 3.1415926535890115, 3.1415926535908296, 1.5707963267951341, 1.5707963267943161, -1.4549081584614072e-12, 1.5707963267951748, 1.5707963267948966, 3.141592653589793, 4.71238898038489, 3.9105780133974077e-13, 1.5707963267950125, 1.5707963267954732, 3.1415926535774297, 1.5707963267521945, 3.141592653626022, 3.1415926535966214, 4.712388980386084, 4.712388980384159, -1.9693691619842844e-12, 1.570796326796918, 3.1415926535903207, 1.5707963267948966, -4.707772617561161e-12]",0.0
371,2.0,"[3.1415926535901497, 3.141592653590319, 1.6440489063836965e-12, 2.161607341764345e-13, -3.085536650424029e-13, 3.1415926535901315, 3.1415926535895506, 1.5707963267964167, 1.5707963267957579, 3.5148196027237904e-13, 1.570796326795342, 1.5707963267948966, 3.141592653589793, 4.712388980386015, 1.558273979049421e-13, 1.5707963267941871, 1.5707963267946448, 3.141592653590678, 1.5707963267946157, 3.1415926535906724, 3.1415926535887837, 4.712388980336589, 4.712388980405625, -1.495086822897749e-11, 1.5707963268147707, 3.141592653589417, 1.5707963267948966, 2.3815102061844338e-12]",0.0
372,2.0,"[3.141592653582067, 3.1415926535690653, -1.526614642469019e-12, 5.266939776459587e-12, -1.5754731776028708e-11, 3.1415926536393814, 3.1415926536021472, 1.5707963267950578, 1.5707963267946274, -5.353732534401481e-13, 1.5707963267950789, 1.5707963267948966, 3.141592653589793, 4.712388980384726, -1.5255673965513913e-13, 1.570796326794817, 1.5707963267950298, 3.1415926535899668, 1.5707963267947258, 3.141592653590234, 3.1415926535890684, 4.712388980384444, 4.712388980384803, 9.336758659712395e-14, 1.5707963267943315, 3.141592653590023, 1.5707963267948966, -2.681773436998809e-12]",0.0
373,2.0,"[3.141592653589464, 3.141592653590018, 7.147946717685855e-13, -3.1756082107161626e-13, -3.729040715716094e-13, 3.1415926535899916, 3.141592653589528, 1.570796326794857, 1.5707963267950231, 3.60864970488251e-13, 1.5707963267948237, 1.5707963267948966, 3.141592653589793, 4.712388980384642, -1.1125120608257419e-13, 1.5707963268183434, 1.5707963267422904, 3.1415926535901635, 1.5707963267949323, 3.141592653590955, 3.1415926535894294, 4.712388980384412, 4.712388980384996, 7.473027171068919e-13, 1.5707963267945635, 3.141592653597978, 1.5707963267948966, 5.675475370263418e-13]",0.0
374,2.0,"[3.1415926535840657, 3.141592653587656, 3.854936745107338e-13, -1.1495012834671136e-11, -4.1369941096760014e-12, 3.1415926535889644, 3.141592653587145, 1.5707963267942482, 1.5707963267898535, 1.1042876132205431e-12, 1.570796326792532, 1.5707963267948966, 3.141592653589793, 4.712388980379033, -3.73627675750722e-12, 1.5707963267883303, 1.570796326783961, 3.141592653589321, 1.5707963267911187, 3.1415926535893672, 3.14159265357975, 4.712388980386489, 4.7123889803853976, -4.183595735602586e-12, 1.5707963267937215, 3.1415926535369976, 1.5707963267948966, 5.177188291087163e-12]",0.0
375,2.0,"[3.1415926535902448, 3.141592653590776, 2.314044385399173e-12, 6.416899440864266e-13, -3.8168341155713294e-13, 3.1415926535904113, 3.1415926535895204, 1.570796326796892, 1.570796326796039, 2.3611157960192235e-12, 1.5707963267865976, 1.5707963267948966, 3.141592653589793, 4.712388980386387, 3.492902982884914e-13, 1.570796326794031, 1.5707963267947014, 3.141592653640315, 1.5707963267718523, 3.1415926535794143, 3.141592653598527, 4.712388980383665, 4.712388980384194, 2.2361467253794663e-12, 1.5707963267920224, 3.1415926535896888, 1.5707963267948966, 3.872159061119738e-12]",0.0
376,2.0,"[3.1415926535954704, 3.141592653595599, -2.2382752756165412e-11, -7.1303555359302416e-12, -1.0220105340414225e-12, 3.1415926535942535, 3.141592653593768, 1.5707963267869873, 1.5707963267855167, 2.9656657141882924e-12, 1.5707963267968204, 1.5707963267948966, 3.141592653589793, 4.712388980386225, -6.753510014067251e-12, 1.5707963267969032, 1.570796326796967, 3.141592653582776, 1.5707963267860487, 3.141592653582288, 3.141592653585559, 4.712388980382384, 4.712388980379958, -4.241580312468836e-12, 1.5707963267885656, 3.1415926535972125, 1.5707963267948966, 4.6601650583175646e-11]",0.0
377,2.0,"[3.14159265359217, 3.1415926535911303, 3.724016890881007e-12, -5.894142786855985e-12, -1.0961214452501577e-12, 3.141592653590863, 3.1415926535908807, 1.5707963267943246, 1.5707963267977931, -2.291082631089154e-13, 1.5707963267971317, 1.5707963267948966, 3.141592653589793, 4.712388980389481, 1.8659565798660357e-12, 1.5707963267942782, 1.5707963267955756, 3.1415926535970717, 1.5707963268008234, 3.141592653603537, 3.1415926535755965, 4.712388980383989, 4.712388980383885, 1.380381693863582e-11, 1.5707963268013865, 3.1415926535911076, 1.5707963267948966, 5.685903226419054e-12]",0.0
378,2.0,"[3.141592653589793, 3.141592653589793, -5.536625320868911e-27, -4.823640666006646e-12, 2.1238377343120602e-11, 3.141592653600974, 3.141592653574055, 1.5707963267948966, 1.5707963267948966, 1.412550973704929e-26, 1.5707963267948966, 1.5707963267948966, 3.141592653589793, 4.71238898038469, 1.197246125254239e-27, 1.5707963267948966, 1.5707963267948966, 3.141592653589793, 1.5707963267948966, 3.141592653589793, 3.141592653589793, 4.71238898038469, 4.71238898038469, -1.5851993424241199e-26, 1.5707963267948966, 3.141592653589793, 1.5707963267948966, -7.37576765965211e-27]",0.0
379,2.0,"[3.141592653590915, 3.1415926535902767, 1.490385513054921e-12, 1.0490118884587343e-12, 1.9839673645490024e-13, 3.141592653590091, 3.141592653589951, 1.5707963268215357, 1.570796326784447, -1.5587056508234296e-13, 1.5707963267958993, 1.5707963267948966, 3.141592653589793, 4.7123889803867325, 2.029361402846744e-13, 1.570796326794393, 1.570796326794742, 3.1415926535889245, 1.5707963267954141, 3.141592653590397, 3.141592653589647, 4.712388980383842, 4.7123889803838255, 1.4772262787111259e-12, 1.5707963267926266, 3.1415926535900445, 1.5707963267948966, 2.726730914366665e-12]",0.0
380,2.0,"[3.1415926535898597, 3.1415926535888437, -1.4393372546108348e-12, -1.3366660412616038e-12, -4.718455348590269e-15, 3.141592653589241, 3.141592653589804, 1.5707963267942868, 1.5707963267944105, -6.005209479195557e-12, 1.5707963268227003, 1.5707963267948966, 3.141592653589793, 4.712388980384468, -6.417241352401549e-13, 1.570796326794939, 1.5707963267945884, 3.141592653593288, 1.5707963267925542, 3.141592653587217, 3.1415926535904455, 4.712388980384786, 4.712388980383989, -1.1243721662052807e-12, 1.5707963267949432, 3.141592653588837, 1.5707963267948966, -2.0589833336937386e-12]",0.0
381,2.0,"[3.141592653589793, 3.141592653589793, 0.0, 0.0, 0.0, 3.141592653589793, 3.141592653589793, 1.5707963267948966, 1.5707963267948966, 0.0, 1.5707963267948966, 1.5707963268240004, 3.141592653589793, 4.71238898038469, 0.0, 1.5707963267948966, 1.5707963267948966, 3.141592653589793, 1.5707963267948966, 3.141592653589793, 3.141592653589793, 4.71238898038469, 4.71238898038469, 0.0, 1.5707963267948966, 3.141592653589793, 1.5707963267948966, 0.0]",0.0
382,2.0,"[3.141592653589793, 3.141592653589793, 0.0, 0.0, 0.0, 3.141592653589793, 3.141592653589793, 1.5707963267948966, 1.5707963267948966, 0.0, 1.5707963267948966, 1.5707963267948966, 3.141592653618897, 4.71238898038469, 0.0, 1.5707963267948966, 1.5707963267948966, 3.141592653589793, 1.5707963267948966, 3.141592653589793, 3.141592653589793, 4.71238898038469, 4.71238898038469, 0.0, 1.5707963267948966, 3.141592653589793, 1.5707963267948966, 0.0]",0.0
383,2.0,"[3.141592653589793, 3.141592653589793, 0.0, 0.0, 0.0, 3.141592653589793, 3.141592653589793, 1.5707963267948966, 1.5707963267948966, 0.0, 1.5707963267948966, 1.5707963267948966, 3.141592653589793, 4.71238898038469, 0.0, 1.5707963267948966, 1.5707963267948966, 3.141592653589793, 1.5707963267948966, 3.141592653589793, 3.141592653589793, 4.71238898038469, 4.71238898038469, 0.0, 1.5707963267948966, 3.141592653589793, 1.5707963268240004, 0.0]",0.0
384,2.0,"[3.141592653580376, 3.141592653593694, 4.580258220812915e-13, 8.549805317048037e-13, 1.5134431490189022e-13, 3.14159265358996, 3.141592653589854, 1.5707963267925997, 1.570796326788646, 9.296839549986258e-13, 1.5707963267954648, 1.5707963267948966, 3.141592653589793, 4.712388980385255, 7.621816643032392e-12, 1.5707963267949512, 1.570796326795087, 3.141592653590179, 1.5707963267951648, 3.1415926535904983, 3.141592653590191, 4.712388980385129, 4.71238898038531, 1.3160440446633868e-13, 1.5707963267956517, 3.1415926535903904, 1.5707963267948966, 7.015948655936379e-13]",0.0
385,2.0,"[3.141592653591052, 3.1415926535923013, -2.146601680088232e-14, 2.2762881970803424e-12, -8.342825771351813e-12, 3.1415926535909358, 3.1415926535786487, 1.5707963267946874, 1.570796326795121, -1.066577702159089e-12, 1.5707963267950271, 1.5707963267948966, 3.141592653589793, 4.71238898038542, 3.878586174491981e-13, 1.5707963267951197, 1.5707963267951455, 3.141592653589432, 1.570796326794729, 3.1415926535901106, 3.1415926535901963, 4.712388980384478, 4.712388980384766, 6.226471937811615e-13, 1.570796326794314, 3.1415926535899708, 1.5707963267948966, 5.621783603609848e-13]",0.0
386,2.0,"[3.1415926535900223, 3.1415926535906036, 2.2766807147015464e-12, 4.078215809372098e-13, -6.475825490292068e-13, 3.141592653590422, 3.141592653589241, 1.570796326796002, 1.570796326796357, 8.750243130613129e-12, 1.570796326796789, 1.5707963267948966, 3.141592653589793, 4.712388980387187, -1.13014114366321e-12, 1.5707963267950058, 1.5707963267948986, 3.141592653589987, 1.5707963267950855, 3.141592653589779, 3.1415926535906005, 4.712388980389039, 4.712388980382718, -5.2055670067072625e-12, 1.5707963268027156, 3.1415926535897976, 1.5707963267948966, 1.3342056052598037e-12]",0.0
387,2.0,"[3.141592653588752, 3.141592653590129, -9.389471450539536e-13, 1.0992308699474431e-13, 1.6216570199293214e-13, 3.141592653589814, 3.141592653589993, 1.5707963267958942, 1.57079632679516, -1.0608859914015563e-11, 1.5707963267925025, 1.5707963267948966, 3.141592653589793, 4.712388980385025, -6.415961080515695e-13, 1.5707963267945575, 1.5707963267946443, 3.1415926535908825, 1.570796326795746, 3.1415926535901444, 3.14159265358983, 4.712388980389061, 4.712388980385139, -4.32833690983686e-12, 1.570796326801717, 3.1415926535902194, 1.5707963267948966, 1.6652707695216568e-12]",0.0
388,2.0,"[3.1415926535854566, 3.141592653577854, -2.7340648632108747e-13, 9.968083684243822e-13, 1.8626587916439795e-13, 3.1415926535851093, 3.1415926535864114, 1.5707963267951948, 1.5707963267954452, 7.28211236176771e-13, 1.5707963267950178, 1.5707963267948966, 3.141592653589793, 4.712388980384888, 5.699472172243106e-13, 1.5707963267949827, 1.570796326795103, 3.1415926535900844, 1.5707963267954244, 3.1415926535906102, 3.141592653590538, 4.712388980384878, 4.712388980385226, 7.350510002678784e-13, 1.570796326795325, 3.14159265359068, 1.5707963267948966, 3.341654074875119e-12]",0.0
389,2.0,"[3.1415926535912915, 3.1415926535901706, -3.942163238926616e-12, 1.5976886984977767e-12, 6.719169550393293e-13, 3.1415926535899907, 3.1415926535903504, 1.5707963267951763, 1.5707963267957326, 1.2640357267999213e-12, 1.5707963267954532, 1.5707963267948966, 3.141592653589793, 4.7123889803904175, 7.443884091649209e-13, 1.5707963267948253, 1.5707963267946337, 3.141592653589906, 1.5707963267955445, 3.1415926535900507, 3.1415926535912426, 4.712388980388823, 4.71238898039606, 1.5053903201137378e-12, 1.5707963267938914, 3.141592653588343, 1.5707963267948966, 1.9455481187159515e-14]",0.0
390,2.0,"[3.1415926535900054, 3.141592653589567, 5.436022400745901e-13, -6.481184928204639e-12, -1.480423658672818e-12, 3.1415926535900947, 3.141592653589996, 1.5707963267951095, 1.570796326794435, -3.747548736113568e-13, 1.5707963267944962, 1.5707963267948966, 3.141592653589793, 4.712388980384432, 4.487319317579338e-13, 1.5707963267953495, 1.5707963267950122, 3.1415926535869185, 1.5707963267929834, 3.1415926535857186, 3.1415926535964727, 4.7123889803844135, 4.712388980384932, 7.80719264985582e-12, 1.5707963268005205, 3.14159265358943, 1.5707963267948966, -7.632039474927101e-14]",0.0
391,2.0,"[3.141592653590095, 3.141592653590952, 2.3374363941561198e-12, 1.3207494228049644e-12, -5.735896802106698e-14, 3.14159265359043, 3.1415926535897634, 1.5707963267959586, 1.5707963267960585, 1.3772542987796209e-12, 1.5707963267959004, 1.5707963267948966, 3.141592653589793, 4.712388980372545, 1.478062296858818e-13, 1.570796326794899, 1.5707963267951826, 3.1415926535904815, 1.5707963267955996, 3.141592653591392, 3.1415926535904988, 4.712388980387092, 4.712388980390055, 7.868538550679219e-13, 1.5707963267956289, 3.141592653590698, 1.5707963267948966, 3.0270203525566472e-12]",0.0
392,2.0,"[3.141592653580819, 3.1415926535935603, 8.755953225346599e-13, 5.42957094558457e-13, 1.6269991430840267e-13, 3.1415926535900165, 3.141592653590005, 1.5707963267973202, 1.5707963268019214, -3.828786765752434e-13, 1.5707963267953544, 1.5707963267948966, 3.141592653589793, 4.712388980386228, -6.741585694434503e-12, 1.5707963267943457, 1.57079632679484, 3.141592653588943, 1.570796326794553, 3.1415926535899525, 3.141592653590846, 4.712388980383776, 4.7123889803849135, 1.7016257042085894e-12, 1.570796326793031, 3.141592653590014, 1.5707963267948966, 1.6929263985683972e-12]",0.0
393,2.0,"[3.1415926535892122, 3.141592653589874, -2.6368408407799857e-13, -1.2056681006192892e-14, 1.2203279642681708e-13, 3.1415926535897247, 3.141592653589913, 1.5707963267953655, 1.5707963267950038, -2.686456281529292e-13, 1.570796326794732, 1.5707963267948966, 3.141592653589793, 4.712388980384542, -4.913767257543759e-13, 1.5707963268080585, 1.5707963268003617, 3.141592653590267, 1.5707963267949998, 3.141592653590025, 3.141592653589195, 4.712388980384659, 4.712388980384778, -2.0985122756672537e-13, 1.5707963267950555, 3.1415926535871885, 1.5707963267948966, -3.2109293286669575e-13]",0.0
394,2.0,"[3.1415926535896164, 3.141592653589771, -2.621311643943927e-13, -8.540474911919907e-12, -2.063707673844092e-12, 3.141592653590016, 3.1415926535897842, 1.570796326795064, 1.5707963267949072, 2.442552720045328e-13, 1.5707963267948848, 1.5707963267948966, 3.141592653589793, 4.712388980384954, 5.676758501525536e-14, 1.570796326794974, 1.5707963267951954, 3.141592653592125, 1.5707963267996263, 3.141592653595392, 3.1415926535957768, 4.712388980384661, 4.712388980385006, -4.783100660929496e-12, 1.5707963267909693, 3.141592653590669, 1.5707963267948966, 1.4116668752944044e-13]",0.0
395,2.0,"[3.1415926535889067, 3.141592653589329, 1.314846510733765e-12, -3.674325716954069e-12, -1.0359807579765055e-12, 3.1415926535895555, 3.1415926535893526, 1.5707963267952993, 1.57079632679489, 1.5987071581383327e-13, 1.5707963267945892, 1.5707963267948966, 3.141592653589793, 4.712388980384615, -5.07013247756494e-14, 1.570796326794974, 1.5707963267952385, 3.1415926535891154, 1.570796326792731, 3.1415926535877956, 3.1415926535860867, 4.712388980385657, 4.712388980386586, -1.4151238002336639e-12, 1.5707963267941771, 3.141592653591725, 1.5707963267948966, -1.1464172098077853e-12]",0.0
396,2.0,"[3.1415926535906973, 3.1415926535895835, 5.817453954733333e-12, 7.954781057854405e-13, 3.323756385847608e-13, 3.1415926535900436, 3.141592653590176, 1.5707963267935179, 1.5707963267934182, -1.069762852399578e-12, 1.5707963267951242, 1.5707963267948966, 3.141592653589793, 4.712388980386377, -1.0116629615831477e-12, 1.570796326795105, 1.570796326795025, 3.1415926535891243, 1.5707963267946456, 3.141592653589721, 3.1415926535908856, 4.71238898038488, 4.712388980385607, -1.571550765100063e-13, 1.570796326793706, 3.1415926535895577, 1.5707963267948966, 1.9960114098967424e-12]",0.0
397,2.0,"[3.141592653588827, 3.1415926535872023, -1.9082683030862736e-13, 6.583674720574484e-13, -1.9693414720035885e-12, 3.1415926535959917, 3.141592653591337, 1.5707963267949168, 1.5707963267948628, -6.69216566800185e-14, 1.5707963267949194, 1.5707963267948966, 3.141592653589793, 4.712388980384694, -1.9069592456892398e-14, 1.5707963267948866, 1.5707963267949132, 3.141592653589815, 1.5707963267948752, 3.141592653589848, 3.1415926535897025, 4.712388980384659, 4.712388980384704, 1.167094832464057e-14, 1.570796326794826, 3.141592653589822, 1.5707963267948966, -3.35221679624851e-13]",0.0
398,2.0,"[3.141592653589752, 3.141592653589821, 8.934933397107319e-14, -3.9695102633952064e-14, -4.6613008946451185e-14, 3.141592653589818, 3.14159265358976, 1.5707963267948917, 1.5707963267949123, 4.5108121311031384e-14, 1.5707963267948875, 1.5707963267948966, 3.141592653589793, 4.7123889803846835, -1.3906400760321756e-14, 1.5707963267978273, 1.5707963267883207, 3.1415926535898393, 1.570796326794901, 3.1415926535899383, 3.141592653589748, 4.712388980384655, 4.712388980384728, 9.341283963836146e-14, 1.570796326794855, 3.1415926535908163, 1.5707963267948966, 7.094344212829271e-14]",0.0
399,2.0,"[3.1415926535890772, 3.141592653589526, 4.818670931384191e-14, -1.436876604333892e-12, -5.171242637095002e-13, 3.1415926535896896, 3.1415926535894623, 1.5707963267948155, 1.5707963267942662, 1.3803595165256792e-13, 1.570796326794601, 1.5707963267948966, 3.141592653589793, 4.712388980383983, -4.670345946884026e-13, 1.5707963267940759, 1.5707963267935297, 3.141592653589734, 1.5707963267944243, 3.14159265358974, 3.1415926535885377, 4.712388980384914, 4.7123889803847785, -5.229494669503232e-13, 1.5707963267947496, 3.1415926535831935, 1.5707963267948966, 6.471485363858951e-13]",0.0
400,2.0,"[3.1415926535898495, 3.141592653589916, 2.892555481748966e-13, 8.021124301080345e-14, -4.771042644464158e-14, 3.1415926535898704, 3.141592653589759, 1.570796326795146, 1.5707963267950393, 2.95139474502403e-13, 1.5707963267938592, 1.5707963267948966, 3.141592653589793, 4.712388980384902, 4.366128728606138e-14, 1.5707963267947884, 1.5707963267948721, 3.1415926535961085, 1.570796326792016, 3.141592653588496, 3.1415926535908847, 4.712388980384562, 4.7123889803846275, 2.7951834067243324e-13, 1.5707963267945373, 3.1415926535897802, 1.5707963267948966, 4.840198826399672e-13]",0.0
401,2.0,"[3.1415926535905028, 3.1415926535905188, -2.7978440945206765e-12, -8.912944419912801e-13, -1.2775131675517783e-13, 3.1415926535903504, 3.14159265359029, 1.570796326793908, 1.5707963267937242, 3.7070821427353655e-13, 1.570796326795137, 1.5707963267948966, 3.141592653589793, 4.7123889803848815, -8.441887517584065e-13, 1.5707963267951475, 1.5707963267951552, 3.141592653588916, 1.5707963267937906, 3.141592653588855, 3.1415926535892638, 4.712388980384402, 4.712388980384098, -5.301975390586043e-13, 1.5707963267941052, 3.1415926535907204, 1.5707963267948966, 5.825206322896956e-12]",0.0
402,2.0,"[3.1415926535898375, 3.141592653589859, 2.055061132979622e-13, 2.702009177205416e-14, -3.8569208130300394e-14, 3.1415926535898353, 3.141592653589763, 1.5707963267950866, 1.5707963267950042, 4.393524503404737e-14, 1.5707963267949523, 1.5707963267948966, 3.141592653589793, 4.712388980384856, 1.9478424738117827e-14, 1.570796326794808, 1.570796326794865, 3.1415926535899037, 1.5707963267948615, 3.141592653589903, 3.141592653589667, 4.712388980378677, 4.712388980387306, -1.868858528622186e-12, 1.5707963267973808, 3.141592653589746, 1.5707963267948966, 2.976887757730542e-13]",0.0
403,2.0,"[3.1415926535890497, 3.1415926535896745, -9.777591726281008e-13, 1.2803127782054169e-13, -1.4555796175228683e-13, 3.1415926535895236, 3.141592653589366, 1.5707963267936134, 1.5707963267906224, 5.794061323490597e-13, 1.5707963267947216, 1.5707963267948966, 3.141592653589793, 4.712388980384182, -4.904058955318515e-12, 1.5707963267947624, 1.5707963267949607, 3.141592653590613, 1.5707963267954814, 3.1415926535905556, 3.1415926535895116, 4.712388980384888, 4.712388980385324, 6.962409043082893e-13, 1.5707963267958, 3.1415926535905103, 1.5707963267948966, -1.6065448098228729e-12]",0.0
404,2.0,"[3.141592653589952, 3.1415926535896763, -3.7105419015282367e-13, 1.6448603699738226e-13, 1.8479141710513643e-13, 3.1415926535896954, 3.141592653589923, 1.5707963267949263, 1.570796326794824, -1.8186351980767588e-13, 1.5707963267949314, 1.5707963267948966, 3.141592653589793, 4.7123889803847145, 4.888222516746764e-14, 1.570796326794911, 1.5707963267949687, 3.1415926535882477, 1.5707963267895588, 3.1415926535943215, 3.1415926535906467, 4.712388980384864, 4.712388980384623, -2.4617114524803565e-13, 1.5707963267951492, 3.1415926535898593, 1.5707963267948966, -5.884715771951453e-13]",0.0
405,2.0,"[3.141592653589793, 3.141592653589793, -6.909399819944093e-28, -6.029550832508307e-13, 2.6547971678900752e-12, 3.1415926535911907, 3.141592653587826, 1.5707963267948966, 1.5707963267948966, 1.7758269528357285e-27, 1.5707963267948966, 1.5707963267948966, 3.141592653589793, 4.71238898038469, 1.605954954010302e-28, 1.5707963267948966, 1.5707963267948966, 3.141592653589793, 1.5707963267948966, 3.141592653589793, 3.141592653589793, 4.71238898038469, 4.71238898038469, -1.9830009599010347e-27, 1.5707963267948966, 3.141592653589793, 1.5707963267948966, -8.942183800315267e-28]",0.0
406,2.0,"[3.1415926535899334, 3.1415926535898535, 1.8629818913186502e-13, 1.3112648605734174e-13, 2.479959205686252e-14, 3.1415926535898304, 3.1415926535898127, 1.5707963267982266, 1.5707963267935903, -1.9483820635292895e-14, 1.5707963267950218, 1.5707963267948966, 3.141592653589793, 4.712388980384945, 2.53670175355843e-14, 1.5707963267948337, 1.5707963267948772, 3.1415926535896843, 1.5707963267949612, 3.1415926535898686, 3.141592653589775, 4.712388980384584, 4.712388980384581, 1.8465328483889076e-13, 1.5707963267946128, 3.1415926535898246, 1.5707963267948966, 3.4084136429583306e-13]",0.0
407,2.0,"[3.1415926535898016, 3.1415926535896745, -1.7991715682635435e-13, -1.670832551577005e-13, -5.898069185737798e-16, 3.1415926535897243, 3.1415926535897944, 1.5707963267948204, 1.5707963267948357, -7.506511848994446e-13, 1.570796326798372, 1.5707963267948966, 3.141592653589793, 4.712388980384662, -8.021551690501935e-14, 1.5707963267949019, 1.5707963267948581, 3.14159265359023, 1.5707963267946037, 3.141592653589471, 3.141592653589875, 4.712388980384701, 4.712388980384602, -1.4054652077566008e-13, 1.5707963267949023, 3.1415926535896737, 1.5707963267948966, -2.573729167117173e-13]",0.0
408,2.0,"[3.141592653589793, 3.141592653589793, 0.0, 0.0, 0.0, 3.141592653589793, 3.141592653589793, 1.5707963267948966, 1.5707963267948966, 0.0, 1.5707963267948966, 1.5707963267985345, 3.141592653589793, 4.71238898038469, 0.0, 1.5707963267948966, 1.5707963267948966, 3.141592653589793, 1.5707963267948966, 3.141592653589793, 3.141592653589793, 4.71238898038469, 4.71238898038469, 0.0, 1.5707963267948966, 3.141592653589793, 1.5707963267948966, 0.0]",0.0
409,2.0,"[3.141592653589793, 3.141592653589793, 0.0, 0.0, 0.0, 3.141592653589793, 3.141592653589793, 1.5707963267948966, 1.5707963267948966, 0.0, 1.5707963267948966, 1.5707963267948966, 3.141592653593431, 4.71238898038469, 0.0, 1.5707963267948966, 1.5707963267948966, 3.141592653589793, 1.5707963267948966, 3.141592653589793, 3.141592653589793, 4.71238898038469, 4.71238898038469, 0.0, 1.5707963267948966, 3.141592653589793, 1.5707963267948966, 0.0]",0.0
410,2.0,"[3.14159265359009, 3.14159265358996, 4.655021113601259e-13, -7.367678483569983e-13, -1.3701518065626976e-13, 3.141592653589927, 3.141592653589929, 1.570796326794825, 1.5707963267952587, -2.863853288861437e-14, 1.570796326795176, 1.5707963267948966, 3.141592653589793, 4.712388980385288, 2.3324457248325446e-13, 1.5707963267948193, 1.5707963267949814, 3.141592653590703, 1.5707963267956373, 3.1415926535915113, 3.1415926535880185, 4.712388980384602, 4.712388980384589, 1.725477117329478e-12, 1.570796326795708, 3.1415926535899574, 1.5707963267948966, 7.107379033023817e-13]",0.0
411,2.0,"[3.141592653589793, 3.141592653589793, 0.0, 0.0, 0.0, 3.141592653589793, 3.141592653589793, 1.5707963267948966, 1.5707963267948966, 0.0, 1.5707963267948966, 1.5707963267948966, 3.141592653589793, 4.71238898038469, 0.0, 1.5707963267948966, 1.5707963267948966, 3.141592653589793, 1.5707963267948966, 3.141592653589793, 3.141592653589793, 4.71238898038469, 4.71238898038469, 0.0, 1.5707963267948966, 3.141592653589793, 1.5707963267985345, 0.0]",0.0
412,2.0,"[3.141592653588616, 3.1415926535902807, 5.725322776016147e-14, 1.0687256646310045e-13, 1.8918039362736274e-14, 3.141592653589814, 3.1415926535898007, 1.5707963267946095, 1.5707963267941152, 1.1621049437482822e-13, 1.5707963267949676, 1.5707963267948966, 3.141592653589793, 4.712388980384761, 9.52727080379049e-13, 1.5707963267949034, 1.5707963267949203, 3.1415926535898415, 1.57079632679493, 3.141592653589881, 3.141592653589843, 4.712388980384745, 4.712388980384767, 1.6450550558292363e-14, 1.570796326794991, 3.1415926535898677, 1.5707963267948966, 8.769935819920476e-14]",0.0
413,2.0,"[3.1415926535899805, 3.14159265358984, -4.927704048658269e-13, 1.9971108731222206e-13, 8.398961937991617e-14, 3.141592653589818, 3.141592653589863, 1.5707963267949316, 1.5707963267950011, 1.5800446584999016e-13, 1.570796326794966, 1.5707963267948966, 3.141592653589793, 4.7123889803854055, 9.304855114561511e-14, 1.5707963267948877, 1.5707963267948637, 3.1415926535898073, 1.5707963267949776, 3.141592653589825, 3.1415926535899743, 4.712388980385207, 4.712388980386111, 1.8817379001421717e-13, 1.5707963267947709, 3.141592653589612, 1.5707963267948966, 2.4319351483949654e-15]",0.0
414,2.0,"[3.1415926535899503, 3.1415926535901066, -2.6832521001103056e-15, 2.845360246350428e-13, -1.0428532214189766e-12, 3.141592653589936, 3.1415926535884, 1.5707963267948704, 1.5707963267949245, -1.333222127698861e-13, 1.570796326794913, 1.5707963267948966, 3.141592653589793, 4.712388980384781, 4.8482327181149755e-14, 1.5707963267949245, 1.5707963267949276, 3.141592653589748, 1.5707963267948757, 3.1415926535898326, 3.1415926535898437, 4.712388980384663, 4.712388980384699, 7.78308992226452e-14, 1.5707963267948237, 3.1415926535898153, 1.5707963267948966, 7.027229504512313e-14]",0.0
415,2.0,"[3.141592653589822, 3.1415926535898944, 2.845850893376933e-13, 5.0977697617151223e-14, -8.094781862865085e-14, 3.1415926535898717, 3.1415926535897243, 1.5707963267950347, 1.570796326795079, 1.0937803913266411e-12, 1.570796326795133, 1.5707963267948966, 3.141592653589793, 4.712388980385002, -1.412676429579013e-13, 1.5707963267949103, 1.5707963267948968, 3.1415926535898175, 1.57079632679492, 3.1415926535897913, 3.141592653589894, 4.712388980385233, 4.712388980384444, -6.506958758384078e-13, 1.570796326795874, 3.1415926535897936, 1.5707963267948966, 1.6677570065747547e-13]",0.0
416,2.0,"[3.141592653589663, 3.1415926535898353, -1.173683931317442e-13, 1.3740385874343025e-14, 2.0270712749116502e-14, 3.141592653589796, 3.141592653589818, 1.5707963267950213, 1.5707963267949294, -1.3261074892519454e-12, 1.5707963267945972, 1.5707963267948966, 3.141592653589793, 4.712388980384731, -8.01995135064462e-14, 1.5707963267948541, 1.570796326794865, 3.1415926535899295, 1.5707963267950027, 3.141592653589837, 3.1415926535897976, 4.712388980385236, 4.712388980384746, -5.410421137296075e-13, 1.5707963267957492, 3.1415926535898464, 1.5707963267948966, 2.0815884619020712e-13]",0.0
417,2.0,"[3.141592653589251, 3.1415926535883005, -3.417581079013595e-14, 1.246010460530478e-13, 2.3283234895549762e-14, 3.141592653589208, 3.1415926535893703, 1.5707963267949339, 1.5707963267949652, 9.102640452209638e-14, 1.5707963267949117, 1.5707963267948966, 3.141592653589793, 4.7123889803847145, 7.12434021530388e-14, 1.5707963267949072, 1.5707963267949223, 3.1415926535898295, 1.5707963267949625, 3.1415926535898953, 3.1415926535898864, 4.712388980384713, 4.712388980384756, 9.188137503348482e-14, 1.57079632679495, 3.141592653589904, 1.5707963267948966, 4.177067593593899e-13]",0.0
418,2.0,"[3.1415926535898198, 3.1415926535897647, 6.795028000932373e-14, -8.101481160255796e-13, -1.850529573341022e-13, 3.141592653589831, 3.1415926535898184, 1.5707963267949232, 1.5707963267948388, -4.6844359201419606e-14, 1.5707963267948466, 1.5707963267948966, 3.141592653589793, 4.712388980384658, 5.60914914697417e-14, 1.5707963267949532, 1.570796326794911, 3.141592653589434, 1.5707963267946574, 3.1415926535892837, 3.141592653590628, 4.712388980384655, 4.71238898038472, 9.758990812319773e-13, 1.5707963267955996, 3.141592653589748, 1.5707963267948966, -9.540049343658936e-15]",0.0
419,2.0,"[3.141592653589831, 3.141592653589938, 2.9217954926951497e-13, 1.6509367785062058e-13, -7.169871002633363e-15, 3.1415926535898726, 3.1415926535897896, 1.5707963267950293, 1.5707963267950418, 1.721567873474526e-13, 1.570796326795022, 1.5707963267948966, 3.141592653589793, 4.712388980383172, 1.8475778710735236e-14, 1.5707963267948968, 1.5707963267949323, 3.1415926535898793, 1.5707963267949845, 3.141592653589993, 3.1415926535898815, 4.71238898038499, 4.71238898038536, 9.835673188349027e-14, 1.570796326794988, 3.1415926535899064, 1.5707963267948966, 3.783775440695809e-13]",0.0
420,2.0,"[3.1415926535886713, 3.141592653590264, 1.0944941531683248e-13, 6.786963681980714e-14, 2.0337489288550346e-14, 3.141592653589821, 3.1415926535898198, 1.5707963267951994, 1.5707963267957747, -4.785983457190543e-14, 1.5707963267949538, 1.5707963267948966, 3.141592653589793, 4.7123889803848815, -8.426982118043129e-13, 1.5707963267948277, 1.5707963267948895, 3.141592653589687, 1.5707963267948537, 3.141592653589813, 3.1415926535899246, 4.712388980384575, 4.712388980384718, 2.1270321302607367e-13, 1.5707963267946634, 3.1415926535898206, 1.5707963267948966, 2.116157998210496e-13]",0.0
421,2.0,"[3.1415926535897203, 3.1415926535898033, -3.296051050974981e-14, -1.5070851257741034e-15, 1.5254099553352135e-14, 3.1415926535897847, 3.141592653589808, 1.5707963267949552, 1.5707963267949099, -3.358070351911614e-14, 1.570796326794876, 1.5707963267948966, 3.141592653589793, 4.712388980384671, -6.142209071929699e-14, 1.570796326796542, 1.5707963267955798, 3.141592653589852, 1.5707963267949094, 3.141592653589822, 3.1415926535897185, 4.712388980384686, 4.7123889803847, -2.6231403445840678e-14, 1.5707963267949163, 3.1415926535894676, 1.5707963267948966, -4.013661660833699e-14]",0.0
422,2.0,"[3.141592653589771, 3.1415926535897905, -3.276639554929904e-14, -1.0675593639899885e-12, -2.5796345923051155e-13, 3.141592653589821, 3.141592653589792, 1.5707963267949174, 1.570796326794898, 3.0531909000566586e-14, 1.570796326794895, 1.5707963267948966, 3.141592653589793, 4.7123889803847225, 7.095948126906965e-15, 1.5707963267949063, 1.5707963267949339, 3.1415926535900844, 1.5707963267954879, 3.141592653590493, 3.141592653590541, 4.712388980384686, 4.712388980384729, -5.97887582616187e-13, 1.5707963267944056, 3.141592653589903, 1.5707963267948966, 1.7645835941180042e-14]",0.0
423,2.0,"[3.1415926535896825, 3.141592653589735, 1.6435581384172063e-13, -4.592907146192586e-13, -1.2949759474706319e-13, 3.1415926535897634, 3.141592653589738, 1.570796326794947, 1.5707963267948957, 1.998383947672916e-14, 1.5707963267948581, 1.5707963267948966, 3.141592653589793, 4.712388980384681, -6.33766559695618e-15, 1.5707963267949063, 1.5707963267949394, 3.1415926535897083, 1.5707963267946259, 3.1415926535895435, 3.14159265358933, 4.7123889803848105, 4.712388980384927, -1.76890475029208e-13, 1.5707963267948066, 3.1415926535900347, 1.5707963267948966, -1.4330215122597313e-13]",0.0
424,2.0,"[3.141592653589813, 3.1415926535897785, -4.6381773769102934e-14, 2.0560754624672776e-14, 2.3098927138142054e-14, 3.141592653589781, 3.141592653589809, 1.5707963267949003, 1.5707963267948875, -2.2732939975959485e-14, 1.570796326794901, 1.5707963267948966, 3.141592653589793, 4.712388980384693, 6.110278145933454e-15, 1.5707963267948983, 1.5707963267949057, 3.1415926535896, 1.5707963267942293, 3.1415926535903593, 3.1415926535898997, 4.712388980384712, 4.712388980384682, -3.0771393156004406e-14, 1.570796326794928, 3.1415926535898016, 1.5707963267948966, -7.355894714939314e-14]",0.0
425,2.0,"[3.141592653589906, 3.141592653589767, 7.271817443416666e-13, 9.943476322318007e-14, 4.1546954823095105e-14, 3.141592653589824, 3.141592653589841, 1.5707963267947243, 1.5707963267947118, -1.3372035654994722e-13, 1.570796326794925, 1.5707963267948966, 3.141592653589793, 4.712388980384901, -1.2645787019789346e-13, 1.5707963267949225, 1.5707963267949125, 3.1415926535897096, 1.5707963267948652, 3.1415926535897842, 3.1415926535899295, 4.712388980384714, 4.712388980384804, -1.9644384563750776e-14, 1.5707963267947478, 3.141592653589764, 1.5707963267948966, 2.495014262370928e-13]",0.0
426,2.0,"[3.1415926535896723, 3.1415926535894694, -2.3853353788578433e-14, 8.229593400718105e-14, -2.4616768400044857e-13, 3.141592653590568, 3.1415926535899863, 1.570796326794899, 1.5707963267948923, -8.365207085002307e-15, 1.5707963267948994, 1.5707963267948966, 3.141592653589793, 4.712388980384691, -2.383699057111549e-15, 1.5707963267948952, 1.5707963267948986, 3.141592653589796, 1.570796326794894, 3.1415926535898, 3.1415926535897816, 4.712388980384686, 4.7123889803846915, 1.458868540580078e-15, 1.5707963267948877, 3.1415926535897967, 1.5707963267948966, -4.1902709953106367e-14]",0.0
427,2.0,"[3.141592653589788, 3.1415926535897967, 1.1168666746384142e-14, -4.9618878292440025e-15, -5.826626118306398e-15, 3.1415926535897962, 3.141592653589789, 1.570796326794896, 1.5707963267948986, 5.6385151638789246e-15, 1.5707963267948954, 1.5707963267948966, 3.141592653589793, 4.712388980384689, -1.7383000950402223e-15, 1.570796326795263, 1.5707963267940745, 3.141592653589799, 1.5707963267948972, 3.1415926535898113, 3.1415926535897873, 4.712388980384685, 4.712388980384694, 1.1676604954795185e-14, 1.5707963267948915, 3.141592653589921, 1.5707963267948966, 8.867930266036597e-15]",0.0
428,2.0,"[3.1415926535897034, 3.14159265358976, 6.0233386642302295e-15, -1.7960957554173652e-13, -6.464053296368753e-14, 3.1415926535897802, 3.141592653589752, 1.5707963267948863, 1.5707963267948177, 1.725449395657099e-14, 1.5707963267948597, 1.5707963267948966, 3.141592653589793, 4.712388980384601, -5.837932433605034e-14, 1.570796326794794, 1.5707963267947256, 3.1415926535897856, 1.5707963267948375, 3.1415926535897865, 3.1415926535896364, 4.712388980384718, 4.7123889803847, -6.536868336879041e-14, 1.5707963267948781, 3.141592653588968, 1.5707963267948966, 8.089356704823689e-14]",0.0
429,2.0,"[3.1415926535897003, 3.1415926535897785, -1.2221989657851257e-13, 1.6003909727567705e-14, -1.8194745219035854e-14, 3.1415926535897594, 3.14159265358974, 1.5707963267947362, 1.5707963267943623, 7.242576654363247e-14, 1.5707963267948748, 1.5707963267948966, 3.141592653589793, 4.712388980384626, -6.130073694148143e-13, 1.5707963267948797, 1.5707963267949046, 3.1415926535898957, 1.5707963267949696, 3.1415926535898886, 3.141592653589758, 4.7123889803847145, 4.712388980384769, 8.703011303853618e-14, 1.5707963267950096, 3.141592653589883, 1.5707963267948966, -2.008181012278591e-13]",0.0
430,2.0,"[3.1415926535898, 3.1415926535898087, 3.615694352186207e-14, 1.0026405376350439e-14, -5.9638033055802e-15, 3.141592653589803, 3.1415926535897887, 1.5707963267949276, 1.5707963267949143, 3.6892434312800374e-14, 1.5707963267947669, 1.5707963267948966, 3.141592653589793, 4.712388980384716, 5.457660910757673e-15, 1.570796326794883, 1.5707963267948934, 3.1415926535905827, 1.5707963267945364, 3.141592653589631, 3.1415926535899295, 4.712388980384674, 4.712388980384682, 3.493979258405414e-14, 1.5707963267948517, 3.1415926535897913, 1.5707963267948966, 6.05024853299959e-14]",0.0
431,2.0,"[3.141592653589882, 3.1415926535898837, -3.497305118150846e-13, -1.1141180524891004e-13, -1.596891459439724e-14, 3.141592653589863, 3.1415926535898553, 1.5707963267947729, 1.57079632679475, 4.6338526784192056e-14, 1.5707963267949265, 1.5707963267948966, 3.141592653589793, 4.712388980384714, -1.0552359396980081e-13, 1.5707963267949279, 1.570796326794929, 3.1415926535896834, 1.5707963267947582, 3.141592653589676, 3.141592653589727, 4.712388980384653, 4.712388980384616, -6.627469238232552e-14, 1.5707963267947977, 3.141592653589909, 1.5707963267948966, 7.281507903621195e-13]",0.0
432,2.0,"[3.141592653589799, 3.1415926535898016, 2.5688264162245255e-14, 3.3775114715067698e-15, -4.82115101628755e-15, 3.1415926535897984, 3.141592653589789, 1.5707963267949203, 1.57079632679491, 5.491905629255921e-15, 1.5707963267949034, 1.5707963267948966, 3.141592653589793, 4.71238898038471, 2.4348030922647395e-15, 1.5707963267948855, 1.5707963267948926, 3.141592653589807, 1.5707963267948921, 3.141592653589807, 3.141592653589777, 4.712388980383938, 4.7123889803850165, -2.3360731607777326e-13, 1.5707963267952072, 3.1415926535897873, 1.5707963267948966, 3.72110969716318e-14]",0.0
433,2.0,"[3.141592653589793, 3.141592653589793, -9.342179451906118e-29, -8.286951563261681e-14, 3.6487254443524143e-13, 3.1415926535899854, 3.1415926535895227, 1.5707963267948966, 1.5707963267948966, 2.4342018483227767e-28, 1.5707963267948966, 1.5707963267948966, 3.141592653589793, 4.71238898038469, 2.49312554392419e-29, 1.5707963267948966, 1.5707963267948966, 3.141592653589793, 1.5707963267948966, 3.141592653589793, 3.141592653589793, 4.71238898038469, 4.71238898038469, -2.7571178521513723e-28, 1.5707963267948966, 3.141592653589793, 1.5707963267948966, -1.2383797033751577e-28]",0.0
434,2.0,"[3.141592653589812, 3.1415926535898016, 2.5604628148012254e-14, 1.802188701618185e-14, 3.4084299788277086e-15, 3.1415926535897984, 3.141592653589796, 1.5707963267953542, 1.570796326794717, -2.677835917750811e-15, 1.5707963267949139, 1.5707963267948966, 3.141592653589793, 4.712388980384725, 3.4864163427965713e-15, 1.570796326794888, 1.570796326794894, 3.141592653589778, 1.5707963267949054, 3.1415926535898033, 3.1415926535897905, 4.7123889803846755, 4.712388980384675, 2.5378554223424268e-14, 1.5707963267948575, 3.1415926535897976, 1.5707963267948966, 4.6844880408788e-14]",0.0
435,2.0,"[3.1415926535897944, 3.1415926535897767, -2.4727625745871843e-14, -2.2963747731569505e-14, -8.106244563932453e-17, 3.141592653589784, 3.141592653589793, 1.5707963267948861, 1.5707963267948881, -1.0316871327509644e-13, 1.5707963267953742, 1.5707963267948966, 3.141592653589793, 4.712388980384686, -1.1024736695641382e-14, 1.5707963267948972, 1.5707963267948912, 3.141592653589853, 1.5707963267948564, 3.1415926535897487, 3.141592653589804, 4.7123889803846915, 4.712388980384677, -1.931656672953743e-14, 1.5707963267948974, 3.1415926535897767, 1.5707963267948966, -3.537306432489465e-14]",0.0
436,2.0,"[3.141592653589793, 3.141592653589793, 0.0, 0.0, 0.0, 3.141592653589793, 3.141592653589793, 1.5707963267948966, 1.5707963267948966, 0.0, 1.5707963267948966, 1.5707963267953966, 3.141592653589793, 4.71238898038469, 0.0, 1.5707963267948966, 1.5707963267948966, 3.141592653589793, 1.5707963267948966, 3.141592653589793, 3.141592653589793, 4.71238898038469, 4.71238898038469, 0.0, 1.5707963267948966, 3.141592653589793, 1.5707963267948966, 0.0]",0.0
437,2.0,"[3.141592653589793, 3.141592653589793, 0.0, 0.0, 0.0, 3.141592653589793, 3.141592653589793, 1.5707963267948966, 1.5707963267948966, 0.0, 1.5707963267948966, 1.5707963267948966, 3.141592653590293, 4.71238898038469, 0.0, 1.5707963267948966, 1.5707963267948966, 3.141592653589793, 1.5707963267948966, 3.141592653589793, 3.141592653589793, 4.71238898038469, 4.71238898038469, 0.0, 1.5707963267948966, 3.141592653589793, 1.5707963267948966, 0.0]",0.0
438,2.0,"[3.141592653589834, 3.141592653589816, 6.39781230243421e-14, -1.0126060203000304e-13, -1.8831223039174736e-14, 3.1415926535898113, 3.1415926535898118, 1.5707963267948868, 1.5707963267949463, -3.936049989184607e-15, 1.570796326794935, 1.5707963267948966, 3.141592653589793, 4.712388980384772, 3.205688994512254e-14, 1.570796326794886, 1.5707963267949083, 3.1415926535899183, 1.5707963267949985, 3.1415926535900294, 3.1415926535895493, 4.712388980384677, 4.7123889803846755, 2.371477692456468e-13, 1.570796326795008, 3.1415926535898158, 1.5707963267948966, 9.768307362276286e-14]",0.0
439,2.0,"[3.141592653589793, 3.141592653589793, 0.0, 0.0, 0.0, 3.141592653589793, 3.141592653589793, 1.5707963267948966, 1.5707963267948966, 0.0, 1.5707963267948966, 1.5707963267948966, 3.141592653589793, 4.71238898038469, 0.0, 1.5707963267948966, 1.5707963267948966, 3.141592653589793, 1.5707963267948966, 3.141592653589793, 3.141592653589793, 4.71238898038469, 4.71238898038469, 0.0, 1.5707963267948966, 3.141592653589793, 1.5707963267953966, 0.0]",0.0
