iteration,energy
1,-0.72900390625
2,-2.751708984375
3,0.452880859375
4,-2.730224609375
5,-5.093994140625001
6,2.524658203125
7,-0.55419921875
8,4.403564453125
9,1.043212890625
10,-1.01806640625
11,-0.6884765625
12,2.906494140625
13,5.109619140625001
14,3.907958984375
15,2.918701171875
16,-13.174072265625
17,6.565185546875
18,-8.88525390625
19,-8.931396484375
20,-1.232177734375
21,2.88134765625
22,-12.4970703125
23,14.601806640625
24,-4.248779296875
25,2.56201171875
26,-10.279052734375
27,3.5009765624999996
28,22.03125
29,4.249267578125
30,0.8996582031250002
31,17.70166015625
32,18.968505859375
33,3.1083984375000004
34,20.327880859375
35,-2.17529296875
36,-1.250732421875
37,-28.793701171875
38,-23.598388671875
39,11.742675781250002
40,10.87939453125
41,-6.80517578125
42,0.083251953125
43,-8.74853515625
44,0.229248046875
45,-4.289794921875
46,-7.834716796875
47,-0.9765625
48,-1.4086914062499998
49,-10.353759765625
50,8.60888671875
51,-6.993896484375
52,37.075927734375
53,11.0458984375
54,-9.3544921875
55,-18.77001953125
56,-9.17236328125
57,23.203125
58,-9.021484375
59,13.673828125
60,-8.731201171875
61,-11.527587890625
62,-16.648681640625
63,15.599365234375
64,14.912841796875
65,3.8994140624999996
66,-6.642578124999999
67,6.6845703125
68,-6.74365234375
69,-5.39404296875
70,14.830810546875
71,-0.8366699218750001
72,-2.9404296875000004
73,9.048095703125
74,-7.091064453125
75,-5.890625
76,14.851806640625
77,0.6142578125
78,-13.3935546875
79,-34.3720703125
80,-15.447509765625
81,77.168212890625
82,95.269775390625
83,19.522705078125
84,8.169677734375
85,6.711669921875
86,-16.023193359375
87,81.14892578125
88,89.529296875
89,18.4912109375
90,-25.997314453125
91,-29.8173828125
92,-12.9560546875
93,55.958984375
94,54.730224609375
95,54.74462890625
96,-3.4580078124999996
97,-3.85107421875
98,-5.49658203125
99,57.40478515625
100,58.93603515625
101,53.50390625
102,-4.9736328125
103,-11.278076171875
104,-8.9384765625
105,-18.2080078125
106,40.56054687499999
107,48.951171875
108,45.687744140625
109,8.560546875
110,-17.490478515625
111,-3.84423828125
112,38.761474609375
113,43.278564453125
114,45.169189453125
115,-0.05078125
116,-27.624267578125
117,-16.27685546875
118,-6.41796875
119,-1.782470703125
120,31.998046875
121,28.505126953125
122,-19.6630859375
123,-12.76025390625
124,-7.924072265625
125,-1.109619140625
126,35.994873046875
127,24.7529296875
128,7.624267578125
129,-8.59765625
130,-7.8486328125
131,9.679931640625
132,-5.2919921875
133,-5.340087890625001
134,-6.5419921875
135,-12.98095703125
136,16.27294921875
137,15.897705078125
138,-2.3291015624999996
139,-7.6044921875
140,-7.092529296875
141,51.114501953125
142,16.045166015625
143,24.830322265625004
144,6.260498046875
145,0.521728515625
146,6.36572265625
147,9.25
148,4.663818359374999
149,-7.417724609374999
150,1.8696289062499998
151,5.888916015625
152,4.627197265625
153,7.849853515625
154,2.61376953125
155,2.800048828125
156,-5.3955078125
157,-0.9079589843750001
158,13.528564453125
159,-1.9497070312499998
160,12.7705078125
161,-3.328857421875
162,-0.157958984375
163,-3.79052734375
164,11.991455078125
165,-3.555908203125
166,10.881591796875
167,-4.33447265625
168,1.9638671875
169,3.1401367187500004
170,21.376953125
171,-4.602294921875
172,8.57373046875
173,36.5205078125
174,-13.441406249999998
175,12.2587890625
176,-9.828857421875
177,-4.18896484375
178,6.423583984375
179,48.24658203125
180,-2.437744140625
181,35.639892578125
182,18.218505859375
183,8.13525390625
184,5.05810546875
185,22.89208984375
186,4.865966796875
187,-8.287109375
188,-13.0537109375
189,-11.072265625
190,10.259033203125
191,26.870361328125
192,9.117431640625
193,-23.86572265625
194,-4.849609375000001
195,-11.923095703125
196,-9.4765625
197,-4.281982421875
198,23.541259765625
199,18.72509765625
200,12.0283203125
201,9.720703125
202,-9.404296875
203,-7.487548828125
204,20.198974609375
205,17.82568359375
206,0.70751953125
207,6.247802734375
208,-12.820556640625
209,13.4404296875
210,-7.22705078125
211,-35.01318359375
212,-48.719482421875
213,35.798583984375
214,0.6657714843750001
215,7.530029296875
216,-4.5166015625
217,-36.55517578125
218,-48.528076171875
219,60.227783203125
220,28.968994140625
221,20.28662109375
222,14.399169921875
223,6.425048828125
224,10.536621093749998
225,18.46923828125
226,6.332275390625001
227,-1.461669921875
228,6.67822265625
229,13.187011718749998
230,6.150878906249998
231,21.718505859375
232,-32.204833984375
233,-39.771728515625
234,-4.318115234375
235,74.5439453125
236,2.043701171875
237,-3.88623046875
238,8.188232421875
239,9.578125
240,10.9443359375
241,66.948486328125
242,3.0244140624999996
243,4.548828124999998
244,4.866455078124998
245,-1.7895507812499998
246,-0.344970703125
247,69.339599609375
248,11.095947265625
249,-0.6970214843750001
250,-2.755615234375
251,-6.125
252,-14.90625
253,11.97802734375
254,15.44970703125
255,1.291015625
256,-2.1396484375
257,-0.180908203125
258,4.96630859375
259,-4.3369140625
260,2.43798828125
261,-14.323486328125
262,-22.495361328125
263,84.7490234375
264,78.23681640625
265,-35.802001953125
266,17.13916015625
267,-9.7802734375
268,-19.580078125
269,80.88330078125
270,80.80126953125
271,-34.0146484375
272,-53.26879882812501
273,0.038574218749998224
274,13.91259765625
275,22.335205078125
276,6.506103515625
277,13.607421875
278,-10.008544921875
279,-6.21044921875
280,-8.115966796875
281,16.78125
282,8.324951171875
283,11.974853515625002
284,-16.95458984375
285,-17.786376953125
286,7.268310546875
287,22.39208984375
288,3.11181640625
289,77.183349609375
290,81.166748046875
291,-10.73681640625
292,4.6982421875
293,10.277343750000002
294,7.73291015625
295,77.257080078125
296,76.75830078125
297,16.151611328125
298,-32.929931640625
299,-34.919677734375
300,-9.111083984375
301,-66.878173828125
302,-25.456787109375
303,13.740234375
304,50.32421875
305,34.823974609375
306,69.861572265625
307,-63.855224609375
308,-18.36865234375
309,17.5576171875
310,-0.151123046875001
311,24.9033203125
312,3.35498046875
313,-29.978759765625
314,69.885009765625
315,61.943359375
316,77.100830078125
317,-16.218505859375
318,-34.556884765625
319,-18.363037109375
320,67.98876953125
321,69.39453125
322,78.587890625
323,-16.1572265625
324,-8.714599609375
325,-8.19189453125
326,-2.86572265625
327,-6.212646484375
328,12.68896484375
329,6.947509765625
330,-12.299072265625
331,-7.644775390625001
332,-0.6479492187500003
333,-10.392333984374998
334,10.716064453125
335,4.021240234375
336,17.449951171875
337,-10.95849609375
338,-3.898193359375
339,-11.9326171875
340,31.15380859375
341,6.239013671875
342,5.76025390625
343,-3.121093750000001
344,-5.468505859374999
345,-3.654296875
346,32.442138671875
347,10.87646484375
348,11.07470703125
349,26.722167968749996
350,-6.806640624999999
351,-6.248779296875
352,2.255126953125
353,11.37744140625
354,-2.957275390625
355,10.268798828125
356,10.27490234375
357,5.090576171875
358,-18.63671875
359,10.428955078125
360,3.72900390625
361,15.821533203125
362,10.407470703125
363,-8.6259765625
364,-6.8701171875
365,-58.977294921875
366,40.171630859375
367,56.55249023437499
368,69.029541015625
369,1.9326171875
370,-31.768310546875
371,-62.673095703125
372,40.90966796875
373,54.51611328125
374,66.62158203125
375,8.02880859375
376,4.506591796874998
377,-54.574462890625
378,14.156005859375
379,12.948486328125
380,-8.156494140625
381,-1.011474609375
382,-5.959716796875
383,7.072509765625
384,31.565917968749996
385,9.157958984375
386,-6.419189453125
387,1.697998046875
388,24.068603515625
389,14.671386718749998
390,17.283203125
391,-5.473876953125
392,9.332275390625
393,10.757080078125
394,19.911865234375
395,6.442138671875
396,-0.82763671875
397,-12.699462890625
398,9.15576171875
399,8.896240234375
400,17.30126953125
401,5.91357421875
402,-4.631591796875
403,-14.485107421875
404,9.56005859375
405,2.660888671875
406,-6.163330078125
407,-3.5830078124999996
408,24.224853515625
409,4.565185546875
410,3.0107421875000004
411,-0.304931640625
412,-11.312988281250002
413,-2.7197265624999996
414,9.288818359375
415,7.340576171875
416,4.953857421875
417,12.365966796875
418,9.544921875
419,3.171875
420,6.344970703125
421,41.36962890625
422,8.351318359375
423,14.167968750000002
424,11.219970703125
425,3.65234375
426,3.142822265625
427,-9.212646484375
428,17.760986328125
429,21.92919921875
430,-15.613281249999998
431,31.451171875
432,27.0048828125
433,28.50927734375
434,-19.877197265625004
435,-15.16259765625
436,-8.950439453125
437,36.414794921875
438,26.170166015625
439,23.9033203125
440,5.78125
441,-17.345947265625
442,-12.531005859375
443,-18.9404296875
444,19.96826171875
445,22.246826171875
446,20.2392578125
447,6.873046875000001
448,5.7666015625
449,-23.417724609375
450,15.73193359375
451,24.358154296875
452,21.219970703125
453,17.50830078125
454,3.236328125
455,-19.422851562500004
456,-16.6337890625
457,-6.68896484375
458,-9.193115234375
459,-5.28955078125
460,-8.10595703125
461,-14.136962890625
462,-12.758056640625
463,-9.69677734375
464,-11.82958984375
465,-0.7482910156249999
466,-6.00537109375
467,-7.54296875
468,-9.771728515625002
469,-2.124267578125
470,29.510498046875
471,27.269042968749996
472,17.10595703125
473,-14.422119140625
474,-0.327392578125
475,-7.33203125
476,26.494873046875
477,25.870849609375
478,11.724365234375
479,-8.55126953125
480,-2.828125
481,-0.62060546875
482,-3.0944824218750004
483,77.5234375
484,83.15478515625
485,53.89306640624999
486,-14.577880859375
487,1.4357910156249998
488,-7.215820312500001
489,77.01513671875001
490,83.308349609375
491,56.3916015625
492,10.744384765625
493,-18.361572265625
494,9.519287109375
495,-1.53515625
496,-10.20654296875
497,-17.028564453125
498,-15.896728515625002
499,-16.975341796875
500,-7.255615234375
501,45.04052734375
502,-4.520751953125
503,-18.708740234375
504,-19.52490234375
505,7.867431640625001
506,5.82666015625
507,-11.806884765625
508,3.217041015625
509,-4.775634765625
510,-1.8935546875
511,-13.4970703125
512,3.67724609375
513,-1.00048828125
514,2.261962890625
515,-4.1376953125
516,-3.62841796875
517,-13.526123046875
518,8.656494140625
519,25.216552734374996
520,20.305419921875
521,-8.726318359375
522,23.378173828125
523,14.927734375
524,58.833251953125
525,-1.690185546875
526,-21.511474609375
527,-16.9541015625
528,21.61376953125
529,18.752685546875
530,61.875732421875
531,1.960205078125
532,-13.908447265625
533,-9.80615234375
534,35.687255859375
535,-14.206298828125
536,-1.649169921875
537,2.1337890625
538,-8.195068359375
539,13.599365234375
540,44.302001953125
541,-9.220703125
542,-7.08740234375
543,3.209716796875
544,-3.279541015625
545,24.069580078125
546,39.47900390625
547,2.886962890625
548,-3.581298828125
549,7.2744140625
550,-11.066650390625
551,4.67626953125
552,7.2080078125
553,2.41943359375
554,0.67724609375
555,-2.96630859375
556,-10.84716796875
557,1.0083007812499996
558,18.37060546875
559,26.03515625
560,-15.177001953125
561,7.283447265625
562,-1.645751953125
563,10.65625
564,-10.733886718749998
565,-13.343261718749998
566,31.245849609375
567,0.83203125
568,-4.342529296875
569,10.531494140625
570,55.592041015625
571,19.20166015625
572,10.488037109375
573,-0.55322265625
574,-2.715576171875
575,3.327880859375
576,0.172119140625
577,4.030029296875
578,-3.072021484375
579,11.161865234375
580,3.89404296875
581,2.0048828125
582,-4.1484375
583,25.118408203124996
584,3.690185546875
585,6.7880859375
586,40.792236328125
587,-29.77587890625
588,-0.6762695312500018
589,14.609374999999996
590,27.696533203124996
591,13.639892578125
592,25.103271484375
593,-29.845458984375
594,0.6765136718750008
595,13.790283203125
596,179.8720703125
597,149.617431640625
598,14.116455078125
599,-28.355957031250004
600,-5.545654296875
601,-15.317626953125
602,-16.6162109375
603,40.61816406250001
604,-19.403564453125
605,-27.541015625
606,-2.385009765625
607,-15.079345703125
608,-14.890869140625
609,-32.28759765625
610,-70.696533203125
611,-28.577392578125
612,50.8349609375
613,-17.190673828125
614,67.6767578125
615,-8.897705078125
616,45.220458984375
617,19.587158203124996
618,36.422607421875
619,-22.911376953125
620,60.880126953125
621,-7.8330078125
622,99.9169921875
623,74.5400390625
624,52.554443359375
625,-0.30419921875
626,-3.51171875
627,6.268798828125
628,-3.736328125
629,6.51171875
630,-1.795166015625
631,-3.239013671875
632,1.3295898437500002
633,-0.26074218750000044
634,-2.409912109375
635,5.962646484375
636,-14.297607421875
637,23.521240234375
638,-15.283447265625
639,-0.9318847656249999
640,3.907958984375
641,-0.0791015625
642,4.05419921875
643,10.809326171875
644,-11.363525390625
645,-2.91748046875
646,2.697265625
647,-1.20703125
648,12.458984375
649,1.6611328125
650,-9.944091796875
651,3.21142578125
652,3.65478515625
653,7.98779296875
654,9.108642578125
655,-22.947021484375
656,8.819580078125
657,2.293701171875
658,4.257080078125
659,7.591796875000001
660,8.90966796875
661,-7.944091796875
662,6.371826171875
663,-1.658935546875
664,3.13037109375
665,6.91064453125
666,-0.7336425781249999
667,0.66943359375
668,0.3994140625
669,2.918212890625
670,0.97314453125
671,11.2744140625
672,0.8620605468750001
673,4.53125
674,-18.595458984375
675,-0.08984374999999978
676,9.7080078125
677,-3.167236328125
678,6.56494140625
679,0.8312988281249999
680,4.977294921875
681,-9.114990234375
682,-1.456787109375
683,7.727783203125
684,7.381591796875
685,-1.462158203125
686,9.177001953125
687,1.040283203125
688,-1.595947265625
689,-0.554931640625
690,8.86669921875
691,-7.636962890625001
692,-18.162353515625
693,-12.2236328125
694,6.738525390625001
695,11.1982421875
696,5.262939453125
697,-3.9609375
698,-14.330810546875
699,-15.511962890625
700,4.75537109375
701,2.625
702,4.245361328125
703,26.081787109375
704,40.87304687499999
705,6.298828124999999
706,16.761474609375
707,14.046142578125
708,21.579833984375
709,24.57666015625
710,40.790283203125
711,6.699462890625001
712,12.218505859375
713,15.586669921875
714,152.742431640625
715,41.044921875
716,-13.386962890625
717,14.777587890625
718,0.18920898437500008
719,9.025634765625
720,-29.371582031250004
721,35.2607421875
722,-20.963623046875
723,15.818603515625002
724,-5.766357421875
725,8.239013671875
726,-0.364501953125
727,7.43994140625
728,-24.648193359375
729,-2.650390625
730,5.39501953125
731,-5.304931640625001
732,-2.11572265625
733,17.0244140625
734,2.72900390625
735,6.973388671875
736,7.51416015625
737,-3.433837890625
738,1.520263671875
739,-15.346435546875
740,-0.46630859375
741,5.2109375
742,-12.531982421875
743,5.84765625
744,-5.001708984375
745,-3.034912109375
746,14.173583984374998
747,22.8701171875
748,-1.2470703125
749,6.80712890625
750,-1.999755859375
751,-3.616943359375
752,-10.913330078125
753,-12.236572265625
754,-7.58447265625
755,3.5458984375000004
756,3.00341796875
757,7.375244140625001
758,9.982666015625002
759,9.17724609375
760,17.701171875
761,-3.93994140625
762,2.66064453125
763,8.831787109375
764,9.2802734375
765,6.292236328125
766,5.09619140625
767,-5.55078125
768,-19.042724609375
769,-22.98876953125
770,-28.82177734375
771,39.642578125
772,-24.433837890625
773,1.769287109375
774,-29.368408203124996
775,-22.552978515625
776,-21.7841796875
777,43.437744140625
778,-13.097412109375
779,-3.0966796875000004
780,-5.400390624999999
781,27.068115234375
782,-19.23291015625
783,-1.4948730468750002
784,-16.90576171875
785,5.347900390625001
786,16.22314453125
787,23.055908203124996
788,-14.47412109375
789,-10.369140625
790,-17.091796875
791,-1.7314453124999996
792,9.06884765625
793,34.2744140625
794,-5.129150390625001
795,8.4423828125
796,-17.504638671875
797,1.682373046875
798,7.436279296875
799,15.325927734375
800,7.082763671875
801,9.893798828125
802,-16.24853515625
803,8.3154296875
804,8.633544921875
805,13.607666015625002
806,6.544677734375
807,-12.876220703125
808,19.6533203125
809,21.990966796875004
810,20.41259765625
811,-7.235107421875
812,-6.461669921875
813,-7.328857421875
814,14.728515625
815,22.840576171875
816,21.572998046875
817,10.345947265625
818,-13.717529296875
819,-9.19677734375
820,-3.542236328125
821,4.547119140625
822,6.5166015625
823,1.733642578125
824,21.468505859375
825,7.662353515625
826,10.006591796875
827,3.247314453125
828,13.774658203125
829,3.794677734375
830,1.300537109375
831,9.00634765625
832,3.38671875
833,-3.345458984375
834,10.81396484375
835,7.083984375000001
836,13.016113281250002
837,-2.2294921875
838,-19.265869140625
839,11.691406249999998
840,16.18212890625
841,6.301513671875
842,12.094238281250002
843,-6.39990234375
844,8.580322265625
845,-6.5830078125
846,32.649169921875
847,-4.360107421875
848,2.502685546875
849,1.826904296875
850,-24.255126953125
851,-22.758544921875
852,-25.972900390625
853,1.1840820312499998
854,1.4194335937500002
855,7.716796875000001
856,-12.265625
857,-9.9794921875
858,10.5400390625
859,2.404052734375
860,-5.823486328125
861,-10.340087890625
862,-14.248779296875
863,10.542968750000002
864,5.242431640625001
865,6.793212890625001
866,-4.75048828125
867,-13.076416015625002
868,-14.931640625
869,-2.133544921875
870,0.442626953125
871,6.489013671875
872,-7.465332031250001
873,77.179931640625
874,77.71240234374999
875,81.020751953125
876,-16.537353515625
877,-9.233154296875
878,-22.9150390625
879,81.93505859375001
880,73.337646484375
881,82.800048828125
882,9.53564453125
883,-15.83447265625
884,-16.236572265625
885,2.0400390625
886,5.61767578125
887,6.925537109374999
888,3.904541015625
889,-2.44677734375
890,-5.806640624999999
891,12.73095703125
892,5.36474609375
893,5.04443359375
894,2.962646484375
895,3.58447265625
896,0.98779296875
897,4.7900390625
898,-2.363037109375
899,7.010498046875
900,-19.4130859375
901,-7.64404296875
902,3.1123046875000004
903,2.26513671875
904,4.279541015625
905,3.423828125
906,-20.55419921875
907,-1.6806640624999996
908,37.159423828125
909,26.74560546875
910,18.141845703125
911,3.494384765624999
912,56.52929687499999
913,10.97216796875
914,27.223876953125
915,-0.3330078125
916,-3.9091796875000004
917,-6.493408203125
918,65.79248046875
919,8.110595703125
920,24.266601562500004
921,-8.322998046875
922,35.513427734375
923,16.32666015625
924,-2.458740234375
925,-28.08203125
926,-17.46484375
927,-0.018310546875
928,73.54443359375
929,49.1171875
930,7.868408203125
931,-25.885986328125
932,-19.14453125
933,-0.4462890624999997
934,19.53857421875
935,15.387939453125
936,18.133056640625
937,1.01123046875
938,6.49365234375
939,11.921386718749998
940,4.318603515625
941,-7.333984375000001
942,-2.574462890625
943,1.5229492187500002
944,2.60595703125
945,9.87060546875
946,-0.8942871093750001
947,1.968017578125
948,7.5966796875
949,-0.12426757812499996
950,-5.116455078125
951,6.26611328125
952,-1.575439453125
953,-0.5830078125
954,7.83740234375
955,-6.559326171875
956,-2.572509765625
957,9.914550781250002
958,0.134521484375
959,3.170166015625
960,4.153076171875
961,-7.43310546875
962,-4.78173828125
963,11.7041015625
964,39.245849609375
965,-11.37158203125
966,14.471435546875
967,17.688720703125
968,7.765869140625001
969,-21.83349609375
970,31.942626953125
971,-9.2841796875
972,13.130126953125
973,-11.194091796875
974,-14.71533203125
975,4.925537109374999
976,83.85693359375
977,31.438720703125
978,-36.840576171875
979,-35.939208984375
980,-16.26220703125
981,78.56591796875
982,81.2294921875
983,30.58349609375
984,-34.1171875
985,-35.801513671875
986,76.87548828125
987,24.84912109375
988,8.80322265625
989,-3.744140625
990,-8.3408203125
991,-23.474365234375
992,10.6220703125
993,6.813232421875
994,2.35546875
995,-0.7233886718750001
996,0.04833984375
997,-27.5732421875
998,17.491455078125
999,-8.5390625
1000,-5.8994140625
1001,-3.996826171875
1002,17.848876953125
1003,14.513916015625002
1004,16.078857421875
1005,-3.538330078125
1006,6.140380859374999
1007,9.184326171875
1008,6.918701171875
1009,18.113037109375
1010,16.87158203125
1011,-2.204345703125
1012,-3.232421875
1013,-10.823974609375
1014,-5.403564453125
1015,29.741943359375
1016,44.645263671875
1017,9.01953125
1018,-14.978515625
1019,21.181640625
1020,30.385986328125
1021,9.765380859375
1022,48.95703125
1023,4.97119140625
1024,-10.09375
1025,68.5205078125
1026,-20.789794921875
1027,70.42236328125
1028,-15.5546875
1029,-31.632812499999996
1030,-18.35205078125
1031,-25.71923828125
1032,8.681640625
1033,60.834228515625
1034,-22.641845703125
1035,-28.14453125
1036,-20.92724609375
1037,-23.58740234375
1038,-89.55078125
1039,8.78466796875
1040,15.923583984374998
1041,3.24755859375
1042,0.476806640625
1043,-0.177490234375
1044,4.25732421875
1045,29.692626953125
1046,11.34521484375
1047,3.293701171875
1048,-1.079833984375
1049,0.40087890625
1050,7.744873046875
1051,1.6396484375
1052,4.693115234375
1053,8.23974609375
1054,-16.081298828125
1055,61.91625976562501
1056,60.847412109375
1057,72.9873046875
1058,-7.907958984375
1059,-11.035888671875
1060,3.4541015625000004
1061,61.6064453125
1062,57.624267578125
1063,68.7138671875
1064,1.731689453125
1065,-6.769775390625001
1066,-15.117919921875
1067,-1.362060546875
1068,6.29638671875
1069,-3.296875
1070,-2.55908203125
1071,1.794921875
1072,0.322021484375
1073,-2.170654296875
1074,8.3798828125
1075,-4.34716796875
1076,-3.7373046875000004
1077,10.17333984375
1078,2.3427734375000004
1079,-3.018310546875
1080,4.1318359375
1081,11.808837890625
1082,-5.46533203125
1083,-6.8857421875
1084,-0.9201660156249999
1085,5.020263671875
1086,-6.11962890625
1087,8.336181640625
1088,-5.32666015625
1089,-6.55078125
1090,60.423095703125
1091,61.62695312500001
1092,58.77001953125
1093,2.28515625
1094,4.467041015625
1095,-0.5974121093750002
1096,-0.9912109375
1097,10.617919921875
1098,3.05517578125
1099,-1.929443359375
1100,7.9375
1101,-5.518798828125
1102,1.350830078125
1103,3.2705078124999996
1104,16.16064453125
1105,14.119873046875
1106,-14.855468750000002
1107,0.170654296875
1108,9.78759765625
1109,10.558593750000002
1110,-6.08544921875
1111,-10.55126953125
1112,-12.094970703125
1113,2.966552734375
1114,7.191162109374999
1115,10.555419921875
1116,75.62841796875
1117,55.306884765625
1118,-10.730224609375
1119,-35.314453125
1120,36.1640625
1121,21.70703125
1122,3.4697265624999996
1123,9.07373046875
1124,-38.357177734375
1125,-46.37622070312499
1126,28.66259765625
1127,21.294189453125
1128,6.11962890625
1129,-47.290771484375
1130,-32.534423828125
1131,-32.854736328125
1132,14.973388671875
1133,-9.546630859375
1134,-18.0849609375
1135,-20.642822265625004
1136,77.122314453125
1137,15.670654296875
1138,14.02685546875
1139,-7.72216796875
1140,-17.418701171875
1141,-21.95068359375
1142,28.85400390625
1143,4.0986328125
1144,8.0283203125
1145,61.232421875
1146,106.22119140625
1147,84.107666015625
1148,47.98291015625
1149,7.83349609375
1150,7.858154296874997
1151,20.235107421875
1152,105.86572265625
1153,88.05322265625
1154,42.78247070312499
1155,-2.4794921875000004
1156,45.6748046875
1157,7.328124999999999
1158,-0.49121093749999994
1159,0.7634277343750001
1160,-2.017333984375
1161,1.434326171875
1162,6.23779296875
1163,0.12548828125
1164,-0.076416015625
1165,0.20263671875
1166,-0.069580078125
1167,-5.088134765625
1168,2.6875
1169,-1.857421875
1170,-3.2919921875000004
1171,-2.387939453125
1172,0.175537109375
1173,-5.223876953125
1174,0.9108886718749996
1175,1.447021484375
1176,7.876708984375
1177,1.8315429687500002
1178,6.39453125
1179,-5.359130859374999
1180,-4.665283203125
1181,21.2138671875
1182,36.43017578125
1183,1.00927734375
1184,12.73876953125
1185,-2.7275390624999996
1186,-4.19580078125
1187,10.1142578125
1188,10.789550781250002
1189,11.906982421875
1190,8.62109375
1191,-2.09423828125
1192,0.277099609375
1193,8.580078125
1194,5.284423828125
1195,33.63525390625
1196,21.185302734374996
1197,38.164794921875
1198,78.11621093749999
1199,-12.035888671875
1200,-1.9528808593750018
1201,59.9208984375
1202,5.27490234375
1203,60.51171875
1204,84.80712890625
1205,-5.778320312500002
1206,-4.706298828125
1207,-13.999511718749998
1208,141.422119140625
1209,44.704833984375
1210,82.791748046875
1211,46.596435546875
1212,-35.259033203125
1213,-29.959716796875004
1214,20.732177734374996
1215,61.492919921875
1216,66.95751953125
1217,57.6748046875
1218,-38.049560546875
1219,-28.007080078125
1220,17.7373046875
1221,44.0478515625
1222,77.5380859375
1223,-4.702392578125
1224,12.178955078125
1225,4.050048828125
1226,-8.69775390625
1227,2.39404296875
1228,5.90185546875
1229,3.596435546875
1230,17.197998046875
1231,7.02978515625
1232,-3.548828125
1233,23.392578125
1234,10.272705078125
1235,8.141357421875
1236,-10.539306640625
1237,3.66162109375
1238,19.753173828125
1239,6.76171875
1240,-9.833740234375
1241,2.3974609375000004
1242,-1.902099609375
1243,0.012451171875
1244,17.725341796875
1245,11.525146484374998
1246,23.378173828125
1247,13.023925781250002
1248,-3.0605468749999996
1249,-21.10400390625
1250,64.771728515625
1251,47.693115234375
1252,44.563232421875
1253,0.039306640624999445
1254,-1.668701171875
1255,-16.875244140625
1256,60.46191406250001
1257,50.43505859375
1258,51.082275390625
1259,33.171875
1260,-32.28515625
1261,-18.273193359375
1262,18.008544921875
1263,69.392822265625
1264,70.809326171875
1265,65.0537109375
1266,-2.509033203125
1267,24.444091796875004
1268,18.814697265625004
1269,68.509033203125
1270,63.5888671875
1271,63.415771484375
1272,10.572265625
1273,19.746582031250004
1274,18.964111328125
1275,0.422607421875
1276,6.474853515625
1277,-2.09228515625
1278,-0.6638183593750001
1279,-1.170166015625
1280,-10.733886718749998
1281,2.88818359375
1282,8.078857421875
1283,-0.487060546875
1284,-4.476318359375
1285,0.9865722656249999
1286,-11.078125
1287,3.269775390625
1288,-0.1337890625
1289,2.123291015625
1290,1.9428710937500002
1291,-3.693115234375
1292,-26.86083984375
1293,-28.66796875
1294,-2.83740234375
1295,-5.4296875
1296,0.53564453125
1297,-3.15625
1298,28.0068359375
1299,31.206542968749996
1300,-4.70654296875
1301,-9.718261718749998
1302,19.09375
1303,-6.454345703125
1304,7.1064453125
1305,-7.798583984375
1306,-11.991943359375
1307,-18.797119140625
1308,16.621826171875
1309,-11.353271484374998
1310,-1.10693359375
1311,9.26416015625
1312,5.523193359374999
1313,-6.4296875
1314,20.507080078125
1315,13.620849609375
1316,9.6376953125
1317,-10.568115234375
1318,-0.9069824218750001
1319,-23.769042968749996
1320,-0.179443359375
1321,9.992675781250002
1322,14.377197265625
1323,-11.402343750000002
1324,-11.883544921875
1325,-1.445068359375
1326,15.1943359375
1327,21.840332031250004
1328,-6.518310546875
1329,-0.21923828125
1330,-1.1616210937500002
1331,-15.124755859375
1332,-13.10791015625
1333,4.27490234375
1334,-11.83251953125
1335,-5.16943359375
1336,-0.124755859375
1337,55.928955078125
1338,57.869873046875
1339,8.28369140625
1340,4.5185546875
1341,5.3916015625
1342,1.014892578125
1343,3.681396484375
1344,14.892822265625
1345,-1.929443359375
1346,-2.962646484375
1347,6.012939453125
1348,1.290771484375
1349,7.41259765625
1350,5.86474609375
1351,-4.239013671875
1352,0.830078125
1353,17.63427734375
1354,-1.8471679687500002
1355,13.836669921875
1356,-11.95849609375
1357,-5.5380859375
1358,-8.640869140625
1359,-10.019287109375
1360,-0.9060058593750001
1361,12.05615234375
1362,-7.65966796875
1363,-0.530029296875
1364,1.667236328125
1365,9.925048828125
1366,63.39404296875
1367,-19.438232421875
1368,-22.922119140625
1369,-19.079345703125
1370,31.722412109375
1371,117.126220703125
1372,0.413330078125
1373,-16.9794921875
1374,-30.769775390625
1375,-17.273193359375
1376,7.77685546875
1377,66.89453125
1378,48.852783203125
1379,-5.292236328125
1380,4.188720703125
1381,14.8642578125
1382,11.458251953125
1383,-11.3662109375
1384,-11.707275390625
1385,-16.6298828125
1386,3.82763671875
1387,10.267578125
1388,8.0849609375
1389,11.255859375
1390,-15.63427734375
1391,10.649658203125
1392,6.334716796875
1393,-28.898437500000004
1394,7.87060546875
1395,10.56494140625
1396,-2.823486328125
1397,-1.3779296875
1398,4.421875
1399,-28.290283203124996
1400,5.54052734375
1401,12.75146484375
1402,4.70068359375
1403,6.720703124999999
1404,9.683349609375
1405,45.88623046875
1406,0.7805175781249999
1407,-19.298095703125
1408,-7.75048828125
1409,-2.38232421875
1410,38.130859375
1411,36.538818359375
1412,10.316162109375
1413,-19.537353515625
1414,-0.7297363281250004
1415,48.150634765625
1416,12.751953125
1417,41.950927734375
1418,-9.3564453125
1419,27.919677734374996
1420,22.26416015625
1421,22.392822265625004
1422,-6.85546875
1423,2.70703125
1424,-5.830078124999999
1425,21.977783203124996
1426,25.628417968749996
1427,30.823974609375
1428,-6.1513671875
1429,4.55322265625
1430,2.6711425781249996
1431,-32.733642578125
1432,-41.24877929687501
1433,42.34179687499999
1434,40.421142578125
1435,-20.001220703125
1436,-20.15625
1437,2.07568359375
1438,-46.12158203125
1439,37.557373046875
1440,46.903564453125
1441,-19.311523437499996
1442,-10.104736328125
1443,-20.645751953125
1444,11.844970703125
1445,26.353759765625
1446,16.859375
1447,39.42993164062499
1448,3.555908203125
1449,9.311279296875
1450,2.95458984375
1451,32.666748046875
1452,18.597167968749996
1453,38.95849609375
1454,-9.233886718749998
1455,-4.232177734375
1456,-9.598388671875
1457,-0.4130859375
1458,29.496337890625
1459,30.51416015625
1460,32.342041015625
1461,-14.902587890625
1462,-7.200439453125
1463,-4.211669921875
1464,30.689453125
1465,33.734130859375
1466,34.68017578125
1467,-11.723876953125
1468,-4.46337890625
1469,-4.887451171875
1470,94.955810546875
1471,121.732666015625
1472,3.91455078125
1473,1.2202148437499984
1474,97.25927734375
1475,20.05615234375
1476,119.00732421875
1477,116.65307617187499
1478,2.70849609375
1479,4.462158203125
1480,102.4072265625
1481,113.98974609375
1482,104.65673828125
1483,38.8017578125
1484,48.44189453125001
1485,-34.139404296875
1486,-23.462890625
1487,14.78564453125
1488,23.054931640625
1489,2.416259765625
1490,50.664306640625
1491,-29.820068359375
1492,-24.920898437499996
1493,125.623046875
1494,129.712158203125
1495,84.070556640625
1496,4.308349609375
1497,24.3154296875
1498,2.030517578125
1499,-15.2138671875
1500,65.64404296875
1501,22.211669921875
1502,48.375732421875
1503,27.790283203124996
1504,2.12890625
1505,-13.665771484374998
1506,0.6032714843750001
1507,10.413330078125
1508,11.293701171875
1509,13.475341796875
1510,15.931884765625
1511,14.9814453125
1512,20.01953125
1513,-9.577392578125
1514,1.488037109375
1515,3.95263671875
1516,10.225830078125
1517,15.095703125
1518,16.36181640625
1519,3.473388671875
1520,9.28466796875
1521,20.423828125
1522,3.5849609375000004
1523,-33.903076171875
1524,14.390625
1525,23.927734375
1526,1.517333984375
1527,11.282958984374998
1528,-0.099365234375
1529,-27.921875
1530,12.263427734375
1531,13.33740234375
1532,17.570068359375
1533,15.161865234375
1534,-1.8120117187500002
1535,-7.44140625
1536,1.912841796875
1537,-1.650634765625
1538,8.095703125
1539,-1.4833984375
1540,60.577392578125
1541,29.242431640625
1542,-0.4365234375
1543,-3.114501953125
1544,13.32470703125
1545,15.522949218749998
1546,24.54296875
1547,40.3134765625
1548,78.225830078125
1549,-43.050537109375
1550,9.17626953125
1551,-19.3232421875
1552,29.14892578125
1553,160.505859375
1554,69.91943359375
1555,-41.9287109375
1556,6.920166015625
1557,-15.95556640625
1558,26.272216796875004
1559,19.525634765625
1560,93.409912109375
1561,69.39892578125
1562,-19.828125
1563,10.79345703125
1564,8.75830078125
1565,95.86450195312501
1566,57.38916015625
1567,35.246337890625
1568,-19.976562499999996
1569,14.510986328125
1570,10.080322265625
1571,0.69384765625
1572,33.63818359375
1573,-1.9213867187500002
1574,12.568603515625002
1575,5.208740234375
1576,-8.419677734375
1577,-1.3520507812499998
1578,12.689208984374998
1579,21.044677734374996
1580,24.172607421875
1581,-3.074951171875
1582,-8.295654296875
1583,4.697998046875
1584,-3.6962890624999996
1585,13.405517578125
1586,0.6496582031249999
1587,-13.618896484374998
1588,-3.2783203124999996
1589,15.386474609375
1590,15.415771484374998
1591,4.6015625
1592,-9.74365234375
1593,-10.63134765625
1594,-1.468017578125
1595,10.913574218749998
1596,11.67431640625
1597,-12.691406249999998
1598,-21.326416015625
1599,-10.730712890625
1600,-11.538330078125
1601,34.192138671875
1602,-4.02392578125
1603,53.71435546874999
1604,-29.167724609375
1605,-3.5849609375000004
1606,2.29443359375
1607,37.176513671875
1608,-4.335205078125
1609,60.91162109375
1610,-4.3447265625
1611,1.146484375
1612,-3.54541015625
1613,2.444580078125
1614,-2.890625
1615,11.551025390625
1616,10.91162109375
1617,-6.34326171875
1618,-15.816650390625
1619,5.378662109374999
1620,-1.235595703125
1621,17.702392578125
1622,9.21875
1623,-10.008300781250002
1624,-22.824707031250004
1625,-2.336181640625
1626,-5.740966796875
1627,-5.900634765625
1628,0.8771972656249999
1629,0.7783203125
1630,4.00537109375
1631,-2.58544921875
1632,-7.898681640625001
1633,-3.610107421875
1634,0.3173828125
1635,1.05224609375
1636,1.04345703125
1637,-8.33642578125
1638,-6.70556640625
1639,-1.370361328125
1640,-2.5556640624999996
1641,-6.242431640625001
1642,-4.1455078125
1643,15.7744140625
1644,-6.333251953125
1645,-1.1821289062499998
1646,-0.7314453125
1647,-4.135498046875
1648,-2.105224609375
1649,-1.9033203125000004
1650,-1.3466796875
1651,-25.118896484375
1652,-1.3208007812499998
1653,-2.09619140625
1654,22.144287109375
1655,-7.913330078125
1656,9.590576171875
1657,-11.272949218749998
1658,13.594970703125
1659,-2.2373046875000004
1660,23.080078125
1661,-7.89697265625
1662,3.9208984375000004
1663,-0.5625
1664,28.522216796875004
1665,7.907470703125
1666,41.2841796875
1667,-15.466796875
1668,-13.59716796875
1669,14.12744140625
1670,10.733642578125
1671,35.21142578125
1672,43.82568359375001
1673,-13.609130859375
1674,-13.449951171875
1675,49.47558593749999
1676,-1.740966796875
1677,46.5078125
1678,25.76513671875
1679,-12.984375
1680,-16.184814453125
1681,-7.744873046875
1682,-5.85693359375
1683,18.541748046875
1684,17.600830078125
1685,-12.359130859375
1686,-10.13134765625
1687,-10.169189453125
1688,2.89404296875
1689,21.697509765625
1690,26.109130859375
1691,43.283447265625
1692,-36.078857421875
1693,-24.735595703125
1694,-22.550048828125
1695,26.756103515625
1696,26.572265625
1697,36.614501953125
1698,-38.07421875
1699,-21.5673828125
1700,-16.365478515625
1701,4.8359375
1702,26.071044921875
1703,47.88671875
1704,7.974365234375
1705,-3.80712890625
1706,0.19775390625
1707,10.875488281250002
1708,-3.38427734375
1709,-20.969970703125
1710,-20.02734375
1711,-7.666748046875
1712,1.7106933593749996
1713,13.529296875
1714,13.553466796875
1715,-6.974853515625
1716,-10.759521484374998
1717,0.245361328125
1718,9.697021484374998
1719,19.365966796875004
1720,8.068359375
1721,-3.47607421875
1722,2.492919921875
1723,-10.619140625
1724,14.02587890625
1725,15.640136718749998
1726,5.781005859374999
1727,-0.5778808593750001
1728,7.249267578125
1729,7.667236328125
1730,-7.261962890625001
1731,-12.052978515625002
1732,7.21337890625
1733,10.0732421875
1734,20.204101562500004
1735,15.62939453125
1736,17.7021484375
1737,-8.979736328125
1738,7.627197265625
1739,12.927978515625002
1740,7.770751953125
1741,-0.64453125
1742,3.09716796875
1743,21.0830078125
1744,-49.24365234375
1745,-0.17163085937499978
1746,-6.7470703125
1747,9.9306640625
1748,18.83642578125
1749,23.946044921875
1750,-45.196533203125
1751,2.38720703125
1752,-4.777099609374999
1753,63.10546875
1754,4.485351562499999
1755,9.949462890625
1756,5.3974609375
1757,3.597412109375
1758,-2.421630859375
1759,1.074951171875
1760,-0.3505859375
1761,-1.2719726562499998
1762,3.2939453124999996
1763,4.322998046875
1764,-0.330078125
1765,8.216552734375
1766,-1.6381835937500002
1767,4.383544921875
1768,9.087646484375
1769,10.214111328125
1770,7.328369140625001
1771,-7.07763671875
1772,-5.3046875
1773,34.82080078125
1774,7.18115234375
1775,38.719482421875
1776,0.14306640625
1777,-11.1220703125
1778,-6.94384765625
1779,11.099365234375
1780,16.634765625
1781,10.142822265625
1782,-10.549560546875
1783,-20.449707031250004
1784,48.1689453125
1785,71.529052734375
1786,-5.31494140625
1787,41.525146484375
1788,2.785888671875
1789,-18.66943359375
1790,52.32275390625
1791,72.21484375
1792,-6.982421875000001
1793,-9.430908203125
1794,-27.570556640625
1795,9.05810546875
1796,41.805419921875
1797,2.649658203125
1798,-10.169677734375
1799,-3.007568359375
1800,-8.915283203125
1801,3.746826171875
1802,34.32958984375
1803,-0.29882812499999983
1804,-6.146240234375
1805,66.81005859375
1806,56.31884765625
1807,80.5185546875
1808,2.011962890625
1809,-3.198974609375
1810,9.597412109375
1811,-2.49755859375
1812,-1.448486328125
1813,2.67138671875
1814,11.749511718749998
1815,7.955078124999999
1816,12.26025390625
1817,-4.9580078125
1818,0.3603515625
1819,9.636718750000002
1820,1.13623046875
1821,45.9599609375
1822,-26.496337890625
1823,-6.02001953125
1824,-6.26416015625
1825,42.30712890625
1826,33.9443359375
1827,50.9501953125
1828,-22.1748046875
1829,-10.539550781250002
1830,-12.73095703125
1831,18.549072265625004
1832,48.3046875
1833,50.79736328125
1834,-2.174072265625
1835,10.646240234375
1836,8.035400390625
1837,11.61279296875
1838,-13.709228515625002
1839,11.462646484374998
1840,7.482666015625
1841,7.227783203125
1842,12.545654296875
1843,4.530029296875
1844,3.29833984375
1845,-18.662841796875004
1846,-22.734619140625
1847,-2.0341796875
1848,4.057373046875
1849,5.03173828125
1850,12.711669921875
1851,2.69482421875
1852,4.86767578125
1853,10.299072265625
1854,3.79248046875
1855,1.770751953125
1856,5.5224609375
1857,-1.904052734375
1858,-1.9138183593750002
1859,25.223876953125
1860,-2.240966796875
1861,-0.7629394531249999
1862,4.25390625
1863,-8.272216796875
1864,0.34912109375
1865,0.9736328125
1866,3.040771484375
1867,3.0107421875000004
1868,2.0107421875
1869,-8.060546875
1870,-7.459716796875
1871,-5.52490234375
1872,-13.052978515625002
1873,-3.46337890625
1874,2.527099609375
1875,-4.222412109375
1876,-3.472900390625
1877,4.14013671875
1878,3.637451171875
1879,-7.415771484375
1880,9.765869140625
1881,-3.815673828125
1882,-10.093017578125
1883,-11.127685546875
1884,-14.164550781250002
1885,-3.451904296875
1886,9.943115234375
1887,3.642822265625
1888,6.1162109375
1889,9.49853515625
1890,9.63916015625
1891,-2.037109375
1892,10.4501953125
1893,3.537841796875
1894,7.86376953125
1895,6.15478515625
1896,7.567138671875
1897,-2.371337890625
1898,12.141113281250002
1899,-13.108154296875
1900,-3.71630859375
1901,-8.206787109375
1902,-5.005126953125
1903,3.56982421875
1904,-9.951171875
1905,-10.768798828125
1906,-2.90087890625
1907,-5.32080078125
1908,-2.542236328125
1909,4.0185546875
1910,-21.522705078125
1911,-19.466552734374996
1912,0.7873535156249999
1913,22.11328125
1914,-10.8115234375
1915,21.348388671875
1916,-26.686523437499996
1917,-32.535888671875
1918,32.14404296875
1919,27.560791015625
1920,-13.6064453125
1921,20.347412109375
1922,-14.031005859375
1923,-25.235595703125
1924,-31.737060546875
1925,-0.37841796875
1926,11.4013671875
1927,2.248291015625
1928,2.391357421875
1929,3.40966796875
1930,-4.0244140625
1931,-6.80517578125
1932,15.1240234375
1933,7.73974609375
1934,1.810791015625
1935,-9.369384765625
1936,-7.001220703125
1937,-7.1904296875
1938,8.7392578125
1939,7.124755859374999
1940,20.777587890625
1941,18.31298828125
1942,26.279296875
1943,15.71240234375
1944,8.85400390625
1945,4.13037109375
1946,16.940185546875
1947,17.743408203125
1948,6.742431640625001
1949,7.72998046875
1950,5.95068359375
1951,-13.241699218749998
1952,14.26904296875
1953,15.122802734375
1954,-8.96240234375
1955,4.512451171875
1956,-5.656005859374999
1957,-5.24072265625
1958,13.871337890625
1959,16.84326171875
1960,-11.780761718749998
1961,22.527832031250004
1962,8.707763671875
1963,-7.116455078125
1964,-42.147705078125
1965,106.169189453125
1966,21.412109375
1967,22.36865234375
1968,49.573486328125
1969,1.0961914062499987
1970,-30.250244140625
1971,105.44677734375
1972,26.000976562500004
1973,22.769042968749996
1974,-9.29833984375
1975,-19.743408203124996
1976,-27.64794921875
1977,-14.543212890625
1978,81.15234375
1979,39.7421875
1980,50.505859375
1981,9.054931640625
1982,8.704345703125
1983,-10.829345703125
1984,79.839599609375
1985,40.01318359375001
1986,60.80859375
1987,34.5693359375
1988,23.080810546875
1989,-0.6330566406249999
1990,16.766357421875
1991,6.63037109375
1992,-5.6513671875
1993,-4.228515625000001
1994,25.8935546875
1995,20.124023437499996
1996,23.689208984375
1997,9.37158203125
1998,-5.361572265625
1999,-10.800781249999998
2000,22.780273437499996
2001,34.61767578125
2002,28.624267578125
2003,-0.516845703125
2004,-14.565185546875
2005,19.781494140625
2006,23.092773437499996
2007,-18.516845703125
2008,-16.134765625
2009,8.852294921875
2010,-18.982177734374996
2011,18.249267578125
2012,20.402587890625
2013,-11.353759765625
2014,-4.429443359375
2015,-13.0498046875
2016,3.752685546875
2017,-1.6811523437500002
2018,8.029541015625
2019,3.744873046875
2020,9.261474609375
2021,14.132324218749998
2022,-2.40087890625
2023,-2.125
2024,12.3740234375
2025,0.75634765625
2026,-0.8278808593750001
2027,-6.25537109375
2028,22.20703125
2029,9.422607421875
2030,15.729248046875
2031,7.33984375
2032,0.97216796875
2033,-7.475341796875
2034,-7.92822265625
2035,-3.2841796875000004
2036,9.1328125
2037,13.615234375
2038,-2.924560546875
2039,0.76318359375
2040,0.35986328124999983
2041,-11.370361328125
2042,0.98046875
2043,2.757080078125
2044,10.427001953125
2045,10.926513671875
2046,0.018310546875
2047,4.60009765625
2048,-8.612060546875
2049,4.8154296875
2050,11.584716796875
2051,14.165283203125
2052,-6.827392578125
2053,10.106689453125
2054,-6.66015625
2055,9.416259765625
2056,76.406005859375
2057,85.26220703125
2058,29.16748046875
2059,-10.745361328125
2060,11.110107421875
2061,11.241455078125
2062,78.265625
2063,81.72509765625001
2064,22.1533203125
2065,13.252197265625
2066,2.9423828124999982
2067,3.453857421874998
2068,8.4755859375
2069,34.354248046875
2070,23.35498046875
2071,42.85107421875
2072,27.765625
2073,-10.509033203125
2074,17.05029296875
2075,34.5859375
2076,25.0263671875
2077,45.29345703125
2078,-4.5380859375
2079,2.96875
2080,13.043701171875
2081,1.1552734375
2082,-1.75
2083,3.069580078125
2084,2.950439453125
2085,19.310546875
2086,17.252197265625
2087,2.18896484375
2088,-2.446533203125
2089,2.269287109375
2090,5.463134765625
2091,-9.260009765625
2092,-10.768798828125
2093,7.003173828125
2094,15.22412109375
2095,102.066162109375
2096,5.23486328125
2097,3.2333984375000004
2098,20.989013671875
2099,65.493896484375
2100,7.453125
2101,105.255126953125
2102,4.36328125
2103,3.165771484375
2104,-49.724609375
2105,-43.32812499999999
2106,7.590576171875
2107,3.314208984375
2108,22.706787109375
2109,25.0751953125
2110,56.876708984375
2111,15.841064453125
2112,15.128906249999998
2113,-0.15795898437499956
2114,30.697021484375
2115,26.216064453125
2116,59.42578125
2117,-14.438232421875
2118,-20.079833984375
2119,-5.10693359375
2120,-12.031982421875
2121,-0.8395996093750001
2122,1.753173828125
2123,2.980712890625
2124,-0.85205078125
2125,-1.840087890625
2126,-10.558593750000002
2127,2.06494140625
2128,1.218017578125
2129,5.35888671875
2130,2.449951171875
2131,27.293212890625
2132,-11.751220703125
2133,9.789794921875
2134,-16.635986328125
2135,27.17431640625
2136,22.414794921875
2137,13.19873046875
2138,-15.35009765625
2139,67.638427734375
2140,-22.950439453125
2141,24.11767578125
2142,24.209716796875004
2143,25.793701171875
2144,43.490966796875
2145,-16.495849609375
2146,13.1240234375
2147,8.865234375
2148,6.243896484375
2149,-5.75830078125
2150,10.739013671875
2151,9.20703125
2152,18.94580078125
2153,6.58935546875
2154,9.285400390625
2155,-3.40234375
2156,4.300537109375
2157,-3.80224609375
2158,10.990966796875
2159,12.773193359375
2160,-53.1982421875
2161,-65.728515625
2162,-67.14599609375
2163,14.328857421875
2164,1.211181640625
2165,23.572509765625
2166,-59.072998046875
2167,-64.75390625
2168,-67.57470703125
2169,8.54150390625
2170,4.67529296875
2171,10.399169921875
2172,18.17333984375
2173,11.229248046875
2174,0.7001953125000003
2175,1.7490234375
2176,26.420166015625
2177,21.331542968749996
2178,11.7109375
2179,3.309326171875
2180,6.583251953125
2181,-0.496826171875
2182,0.9074707031249999
2183,14.738281249999998
2184,16.586181640625
2185,50.51245117187499
2186,14.427490234375
2187,70.81396484375
2188,-4.618408203125
2189,95.08837890625
2190,73.295654296875
2191,-12.605468750000002
2192,24.96142578125
2193,65.75341796875
2194,-1.8930664062500009
2195,-0.7414550781249999
2196,-7.18212890625
2197,29.02197265625
2198,4.8369140625
2199,-11.5205078125
2200,7.616943359374999
2201,7.70068359375
2202,-60.78271484375
2203,12.462158203125
2204,8.785400390625
2205,-11.650634765625
2206,11.177490234375
2207,3.09912109375
2208,54.92504882812501
2209,21.2783203125
2210,4.499267578125
2211,19.039062499999996
2212,1.833984375
2213,-2.425537109375
2214,1.642333984375
2215,5.114990234375
2216,25.036865234375
2217,22.745849609375
2218,3.7109375
2219,-3.56591796875
2220,-0.164306640625
2221,49.83129882812501
2222,35.341064453125
2223,21.76416015625
2224,40.72265625
2225,6.701416015625
2226,-7.3173828125
2227,-10.85498046875
2228,-11.40966796875
2229,17.6787109375
2230,22.59814453125
2231,2.41162109375
2232,-9.64208984375
2233,-4.5380859375
2234,10.218017578125
2235,-2.2177734375
2236,43.662841796875
2237,-4.775390624999999
2238,17.555419921875
2239,27.35791015625
2240,9.8203125
2241,14.28369140625
2242,16.4833984375
2243,8.670654296875
2244,12.152343750000002
2245,20.4306640625
2246,15.2685546875
2247,-32.857421875
2248,-35.671142578125
2249,-36.02978515625
2250,7.420166015625
2251,-3.021484375
2252,-5.970947265625
2253,-4.12158203125
2254,13.105468750000002
2255,4.4638671875
2256,9.093994140625
2257,-3.093017578125
2258,-5.609619140625001
2259,-0.3916015625
2260,2.1220703125
2261,4.6357421875
2262,9.20458984375
2263,0.43212890624999944
2264,-20.1494140625
2265,-12.285888671875
2266,62.634033203125
2267,17.60498046875
2268,21.387451171875
2269,19.344970703125
2270,-10.892578125
2271,-18.01123046875
2272,62.363037109375
2273,-7.039306640625001
2274,-10.920654296875
2275,-10.29150390625
2276,-10.125488281250002
2277,17.2587890625
2278,9.648681640625
2279,11.79052734375
2280,7.146484375000001
2281,-11.162109375
2282,-9.189208984375
2283,20.357666015625
2284,6.219482421875
2285,12.734375
2286,-19.1318359375
2287,-4.041748046875
2288,-4.108154296875
2289,73.60400390625
2290,-30.980712890625
2291,-34.68212890625
2292,-34.76220703125
2293,-8.774658203125
2294,85.473388671875
2295,95.85498046874999
2296,-30.4169921875
2297,-37.72265625
2298,-36.65673828125
2299,54.955078125
2300,17.470703125
2301,77.987548828125
2302,1.158447265625
2303,51.612060546875
2304,-18.984130859375
2305,-23.15869140625
2306,-0.519287109375
2307,-8.819580078125
2308,3.57861328125
2309,47.082275390625
2310,-20.220458984375
2311,-19.32080078125
2312,9.82958984375
2313,4.100830078125
2314,6.85205078125
2315,15.466064453125
2316,-15.02880859375
2317,9.632568359375
2318,-0.685546875
2319,12.627197265625
2320,-14.223876953125
2321,-12.972656249999998
2322,-9.256591796875
2323,4.06298828125
2324,-1.1337890625
2325,21.38232421875
2326,42.935791015625
2327,7.399658203125
2328,36.749755859375
2329,17.234619140625
2330,-2.4694824218750018
2331,6.05615234375
2332,13.830078125
2333,20.563476562500004
2334,46.96337890625
2335,14.03759765625
2336,-3.25390625
2337,0.9250488281249999
2338,-18.22802734375
2339,-9.001708984375
2340,41.027587890625
2341,1.3813476562499998
2342,-6.282470703125
2343,3.58740234375
2344,-8.77783203125
2345,0.767578125
2346,-0.98583984375
2347,6.377685546875
2348,0.9250488281249999
2349,8.54052734375
2350,0.623046875
2351,2.187744140625
2352,9.130859375
2353,10.71533203125
2354,0.79833984375
2355,-0.04296875
2356,1.896484375
2357,8.250732421875
2358,-1.0927734375
2359,7.654296875000001
2360,-13.60498046875
2361,5.721923828125
2362,2.588134765625
2363,5.116455078125
2364,-3.19140625
2365,-1.5102539062499998
2366,3.436279296875
2367,-17.766845703125
2368,-12.455322265625
2369,27.694091796875004
2370,92.67700195312501
2371,-26.71044921875
2372,-33.645263671875
2373,-10.275390625
2374,-11.016113281250002
2375,26.226318359375
2376,93.36621093749999
2377,17.302001953125
2378,-15.9453125
2379,18.391845703125
2380,23.576171875
2381,-21.583984375
2382,-24.819091796875004
2383,-20.5556640625
2384,8.28369140625
2385,37.242919921875
2386,47.3466796875
2387,-22.010009765625
2388,-22.78955078125
2389,-18.890625
2390,12.514404296875
2391,38.874755859375
2392,14.804931640625
2393,-10.508056640625
2394,-12.8359375
2395,4.811279296875
2396,21.69921875
2397,-22.595458984375
2398,-38.338623046875
2399,-21.640869140625
2400,-12.140625
2401,0.166748046875
2402,22.12744140625
2403,11.030029296875
2404,-1.6477050781250002
2405,1.137939453125
2406,-4.729736328125
2407,56.183837890625
2408,36.08984375
2409,50.80493164062499
2410,-12.79150390625
2411,-9.8671875
2412,-3.908447265625
2413,58.03955078125
2414,32.590576171875
2415,49.082275390625
2416,-0.88525390625
2417,3.194580078125
2418,-9.227050781250002
2419,7.33056640625
2420,-5.5703125
2421,2.538818359375
2422,-13.826904296875
2423,-7.596435546875
2424,21.69873046875
2425,16.62158203125
2426,-11.048828125
2427,0.07495117187499956
2428,-15.000488281250002
2429,9.91845703125
2430,8.553466796875
2431,8.806640625
2432,-12.921875
2433,33.029052734375
2434,3.593017578125
2435,5.61572265625
2436,1.039306640625
2437,-2.293212890625
2438,-12.730468750000002
2439,28.95361328125
2440,6.086669921875
2441,9.440185546875
2442,28.31787109375
2443,3.2416992187499996
2444,-6.23828125
2445,-10.83935546875
2446,8.256591796875
2447,6.142822265625
2448,10.711425781250002
2449,19.010498046875
2450,21.678466796875004
2451,-10.05322265625
2452,5.93798828125
2453,11.2802734375
2454,7.645263671875
2455,-14.3466796875
2456,-14.001953125
2457,-19.68603515625
2458,-17.55859375
2459,-6.259521484375
2460,-16.46240234375
2461,54.56787109375
2462,-18.93359375
2463,18.61083984375
2464,17.728271484375
2465,-6.58251953125
2466,-14.980224609375
2467,48.81591796875
2468,-9.406982421875
2469,-2.6474609375000004
2470,-1.2890625
2471,-5.431640624999999
2472,10.024658203125
2473,11.149658203125
2474,8.854248046875
2475,11.152587890625
2476,-27.048583984375
2477,-1.460205078125
2478,14.682861328125
2479,12.213623046875
2480,10.160400390625
2481,-2.77490234375
2482,32.57763671875
2483,-0.8564453125
2484,35.45556640625
2485,-21.365478515625
2486,-11.351074218749998
2487,3.54931640625
2488,9.049560546875
2489,1.6708984375
2490,49.599853515625
2491,-19.955810546875
2492,-1.0246582031249996
2493,1.7846679687500002
2494,-8.12158203125
2495,10.089599609375
2496,66.190673828125
2497,-6.29248046875
2498,5.3994140625
2499,11.617431640625
2500,8.275634765625
2501,-2.800048828125
2502,-3.762939453125
2503,-5.422119140625001
2504,4.636962890625001
2505,14.764404296875
2506,11.422607421875
2507,2.39697265625
2508,-5.672119140625001
2509,0.4479980468749999
2510,-12.909423828125
2511,44.4140625
2512,48.317626953125
2513,76.179443359375
2514,-30.7392578125
2515,8.062744140625
2516,-7.671875
2517,48.269775390625
2518,51.666015625
2519,69.914794921875
2520,-13.383056640625
2521,-8.145263671875
2522,-11.394287109375
2523,-35.22705078125
2524,118.928955078125
2525,20.284423828125
2526,74.6240234375
2527,-12.476318359375
2528,-8.660400390625
2529,-21.732177734374996
2530,117.370361328125
2531,11.841064453125
2532,71.021728515625
2533,14.129150390625
2534,-55.222412109375
2535,-38.1142578125
2536,-2.02685546875
2537,20.860107421875
2538,0.041259765625
2539,4.04541015625
2540,16.67724609375
2541,4.41748046875
2542,-19.8095703125
2543,13.15087890625
2544,-2.02783203125
2545,5.011962890625001
2546,2.41015625
2547,-3.172607421875
2548,-5.132080078125
2549,3.34716796875
2550,13.15869140625
2551,3.11083984375
2552,16.697265625
2553,-2.314453125
2554,-5.7783203125
2555,-0.36865234375
2556,7.6435546875
2557,6.10205078125
2558,13.987060546875
2559,-4.169921875
2560,-1.7456054687500002
2561,-11.115966796875
2562,30.590087890625
2563,-2.29736328125
2564,6.254638671875
2565,-0.05126953125
2566,43.01611328125
2567,29.130859375
2568,27.6806640625
2569,1.2973632812499998
2570,2.52197265625
2571,-1.3432617187499998
2572,-8.23291015625
2573,29.659667968749996
2574,30.6298828125
2575,-0.75439453125
2576,14.257568359375
2577,3.9921875
2578,16.276611328125
2579,0.119140625
2580,2.12255859375
2581,10.15478515625
2582,14.271484375
2583,6.08837890625
2584,13.841796875
2585,-2.990234375
2586,-4.920166015625
2587,3.1364746093749996
2588,-8.319091796875
2589,-12.22900390625
2590,1.1416015625
2591,5.710205078125
2592,-4.7333984375
2593,-7.36962890625
2594,-2.7958984375000004
2595,-13.500732421875
2596,6.023193359374999
2597,3.00927734375
2598,-1.6215820312499998
2599,-8.2822265625
2600,-4.04296875
2601,76.63671875
2602,-36.308837890625
2603,-35.692626953125
2604,-37.97900390625
2605,56.27685546874999
2606,65.047119140625
2607,84.61083984375
2608,-36.59521484375
2609,-33.67138671875
2610,-34.616455078125
2611,19.331787109375
2612,37.85009765625
2613,29.966064453125
2614,-9.576171875
2615,-3.27099609375
2616,11.3330078125
2617,-1.80078125
2618,15.923095703125
2619,7.503662109374999
2620,-2.84033203125
2621,-1.543701171875
2622,7.826171875000001
2623,-6.19140625
2624,-5.394287109374999
2625,6.4443359375
2626,-11.33837890625
2627,15.567138671875
2628,145.75146484375
2629,75.66259765625001
2630,-65.115478515625
2631,1.5446777343749984
2632,7.8662109375
2633,113.503173828125
2634,142.0771484375
2635,70.233154296875
2636,-63.97558593749999
2637,86.806640625
2638,96.38330078125
2639,-8.756591796875
2640,34.39111328125
2641,7.064208984375
2642,-29.37255859375
2643,-24.692626953125
2644,12.931884765625
2645,-3.52783203125
2646,24.218505859375
2647,8.55322265625
2648,-23.670898437499996
2649,-24.5966796875
2650,12.544921875
2651,-2.207763671875
2652,52.3564453125
2653,4.148193359375
2654,13.764892578125
2655,6.773681640625001
2656,8.692138671875
2657,4.7490234375
2658,4.27294921875
2659,10.269287109375
2660,14.418212890625
2661,16.162841796875
2662,9.680175781250002
2663,16.337646484375
2664,10.40478515625
2665,1.5126953125
2666,7.240478515625
2667,3.505126953125
2668,-6.26904296875
2669,-6.9052734375
2670,-15.491699218749998
2671,7.662353515625
2672,4.096435546875
2673,-1.6904296875
2674,-7.696533203125
2675,-7.3876953125
2676,35.5107421875
2677,7.861572265625
2678,4.522216796875
2679,13.390380859375
2680,-8.479248046875
2681,-4.89111328125
2682,-15.630615234375
2683,37.4658203125
2684,16.0595703125
2685,14.062744140625
2686,-16.468505859375
2687,-12.290771484374998
2688,-14.369384765625
2689,5.0654296875
2690,21.1650390625
2691,9.2412109375
2692,20.691650390625
2693,6.52587890625
2694,6.32080078125
2695,20.20068359375
2696,17.308837890625
2697,14.535400390625
2698,17.54345703125
2699,10.305419921875
2700,5.553955078125
2701,14.968261718749998
2702,-11.291259765625
2703,4.491455078125
2704,12.690673828125
2705,35.223388671875
2706,-18.324951171875
2707,-15.002197265625
2708,-18.925048828125
2709,12.244873046875
2710,29.402099609375
2711,36.494140625
2712,-18.000732421875
2713,-19.107177734374996
2714,-16.466064453125
2715,59.133544921875
2716,32.747802734375
2717,35.094482421875
2718,11.642333984374998
2719,2.217041015625
2720,-10.925048828125
2721,-14.92529296875
2722,21.699951171875
2723,5.79638671875
2724,9.7626953125
2725,1.8872070312499998
2726,-12.068115234375
2727,-16.6015625
2728,16.250732421875
2729,5.55126953125
2730,13.394287109375
2731,6.89453125
2732,26.530273437499996
2733,-0.59716796875
2734,-4.91552734375
2735,-7.294189453125
2736,3.521484375
2737,4.32666015625
2738,23.030029296875
2739,-3.250732421875
2740,3.112060546875
2741,22.26318359375
2742,11.885986328125
2743,5.037353515625
2744,85.07934570312499
2745,93.51123046875
2746,-31.675048828125
2747,86.78662109375
2748,0.4863281250000011
2749,6.360595703125005
2750,71.909912109375
2751,97.626708984375
2752,-30.765380859375
2753,84.5302734375
2754,36.004150390625
2755,49.18627929687501
2756,29.16943359375
2757,12.178466796875
2758,24.741943359375
2759,-11.628662109375
2760,-30.294189453125
2761,64.447509765625
2762,6.65380859375
2763,10.549560546875
2764,25.8798828125
2765,-9.390136718749998
2766,-30.479248046875
2767,13.461181640625
2768,26.03759765625
2769,38.002197265625
2770,1.741943359375
2771,34.998779296875
2772,-0.6345214843749996
2773,40.1396484375
2774,4.93701171875
2775,-3.4982910156249982
2776,50.849609375
2777,40.633544921875
2778,-9.772216796875
2779,38.3095703125
2780,-3.28759765625
2781,-5.17431640625
2782,-8.471923828125
2783,-8.784423828125
2784,8.358154296875
2785,16.39208984375
2786,4.832275390625001
2787,1.8305664062499998
2788,3.9755859375000004
2789,0.8645019531249999
2790,13.794921875
2791,8.09130859375
2792,6.26611328125
2793,-24.29052734375
2794,-6.7099609375
2795,-4.234619140625
2796,27.5712890625
2797,3.443359375
2798,27.48828125
2799,-12.943359375
2800,5.4248046875
2801,-0.253173828125
2802,6.287841796875
2803,3.870849609375
2804,24.107666015625
2805,-13.343505859375
2806,10.2041015625
2807,20.926513671875
2808,18.14453125
2809,-14.913330078125
2810,-3.877197265625
2811,2.67919921875
2812,4.41650390625
2813,-4.964599609374999
2814,-10.783935546875
2815,17.711181640625
2816,-5.505126953125
2817,2.66552734375
2818,-2.040283203125
2819,0.7150878906249999
2820,-2.2783203125000004
2821,5.0947265625
2822,20.477783203124996
2823,-10.228515625
2824,-8.123046875
2825,-7.31005859375
2826,-5.208251953125
2827,7.028076171875
2828,18.510009765625
2829,-10.720458984374998
2830,-11.536865234375
2831,-5.91259765625
2832,25.517578125
2833,12.375244140625
2834,22.65869140625
2835,-2.480224609375
2836,1.680908203125
2837,5.45166015625
2838,5.051025390625001
2839,-13.557373046875
2840,13.363281249999998
2841,6.42919921875
2842,11.2734375
2843,5.97509765625
2844,7.789306640625001
2845,-0.338623046875
2846,-2.340087890625
2847,-2.26611328125
2848,6.511474609374999
2849,5.50390625
2850,7.2197265625
2851,3.546875
2852,-3.128662109375
2853,17.655029296875
2854,5.707275390625001
2855,4.825927734375
2856,3.063232421875
2857,-0.245849609375
2858,-5.96337890625
2859,6.1748046875
2860,4.22314453125
2861,-32.054443359375
2862,34.38525390625
2863,93.87060546875
2864,40.11279296875
2865,2.5161132812499982
2866,-6.868896484375
2867,52.50341796875001
2868,34.285888671875
2869,91.718505859375
2870,35.002197265625
2871,16.447998046875
2872,-13.042724609375
2873,14.828857421875
2874,15.5
2875,-15.0439453125
2876,-17.08544921875
2877,4.228759765625
2878,-6.520263671875
2879,13.9267578125
2880,14.550781249999998
2881,-23.47509765625
2882,-14.28125
2883,-2.32861328125
2884,32.052978515625
2885,93.804931640625
2886,88.11376953125
2887,-53.71191406250001
2888,68.881591796875
2889,60.716552734375
2890,154.483642578125
2891,-19.507812499999996
2892,53.05224609375
2893,-41.68359375
2894,56.869873046875
2895,64.337890625
2896,161.8876953125
2897,-4.589111328125002
2898,18.034912109375
2899,-36.607666015625
2900,-25.562744140625
2901,-7.61865234375
2902,-1.820556640625
2903,16.36767578125
2904,2.320068359375
2905,22.34521484375
2906,-11.140136718749998
2907,-1.5727539062499998
2908,-2.8046875
2909,4.39453125
2910,-16.708251953125
2911,6.965576171875
2912,2.6923828124999996
2913,27.338623046875
2914,29.94287109375
2915,8.705078125
2916,5.0654296875
2917,-0.896484375
2918,3.58642578125
2919,20.181396484375
2920,30.773437500000004
2921,10.651123046875
2922,10.820556640625
2923,-0.03369140625
2924,2.004638671875
2925,21.19482421875
2926,3.18115234375
2927,0.8132324218750002
2928,-6.376953124999999
2929,-7.713623046875
2930,36.593017578125
2931,-0.02734375
2932,2.6259765624999996
2933,4.50927734375
2934,-1.275634765625
2935,-8.06689453125
2936,-23.080322265625004
2937,-8.15234375
2938,-10.269287109375
2939,22.89111328125
2940,-29.5849609375
2941,-15.702636718749998
2942,-12.167968750000002
2943,-55.5654296875
2944,3.831787109375
2945,26.47900390625
2946,-25.128173828125
2947,-19.66064453125
2948,-13.366943359375
2949,71.003173828125
2950,21.7861328125
2951,37.8125
2952,26.610595703125
2953,-22.34814453125
2954,-5.06982421875
2955,-0.2333984375
2956,-20.294189453125
2957,-6.126953124999999
2958,14.34130859375
2959,-22.775390625
2960,-9.041259765625
2961,-1.5434570312499998
2962,-16.5703125
2963,-21.127685546875
2964,17.40576171875
2965,-31.065673828125
2966,-1.7590332031249998
2967,-26.334716796875004
2968,47.802734375
2969,44.517578125
2970,-9.075439453125
2971,7.597900390625001
2972,-5.911132812499999
2973,-18.2861328125
2974,46.136962890625
2975,-62.397705078125
2976,93.098876953125
2977,9.615478515625002
2978,32.572265625
2979,-0.351806640625
2980,-2.6220703124999996
2981,-11.096435546875
2982,-6.46728515625
2983,25.434814453125
2984,35.053466796875
2985,-0.685546875
2986,-7.050537109374999
2987,-18.514648437499996
2988,24.8173828125
2989,14.372802734375
2990,13.522705078125
2991,-2.35400390625
2992,2.86083984375
2993,1.3217773437500002
2994,0.89013671875
2995,30.440917968749996
2996,16.96240234375
2997,-5.614013671875
2998,3.010986328125
2999,-0.8076171875
3000,0.9208984375
3001,16.16650390625
3002,12.78662109375
3003,1.4741210937500002
3004,54.810791015625
3005,-16.31298828125
3006,93.654052734375
3007,-27.681884765625
3008,2.667724609375
3009,-10.487060546875
3010,-11.0712890625
3011,-18.144287109375
3012,91.74169921875
3013,-23.992431640625
3014,22.78125
3015,29.987548828125
3016,33.009521484375
3017,35.54833984375
3018,-22.680419921875
3019,-24.319091796875004
3020,-33.052978515625
3021,18.293212890625
3022,29.677490234375
3023,65.3134765625
3024,-26.211669921875
3025,-21.949707031250004
3026,-39.418212890625
3027,40.1689453125
3028,32.15283203125
3029,35.0390625
3030,18.722900390625
3031,38.48095703125
3032,53.10986328125
3033,54.01025390625
3034,6.96484375
3035,-11.422363281250002
3036,20.400634765625
3037,35.724853515625
3038,53.20751953125
3039,44.00732421875
3040,31.439697265625004
3041,69.31689453125
3042,30.375
3043,-0.875
3044,117.7470703125
3045,72.687255859375
3046,56.9169921875
3047,8.03076171875
3048,-35.887451171875
3049,-1.9023437500000013
3050,117.94140625000001
3051,70.6181640625
3052,62.512939453125
3053,75.3974609375
3054,-4.468017578125
3055,38.860107421875
3056,58.335693359375
3057,-41.86254882812501
3058,-29.251220703125
3059,6.371826171875
3060,-16.717041015625
3061,86.21557617187499
3062,103.141357421875
3063,-39.103271484375
3064,-30.421142578125
3065,11.7099609375
3066,37.110595703125
3067,-11.5791015625
3068,62.951416015625
3069,14.595947265625
3070,8.502197265625
3071,0.90087890625
3072,-2.88720703125
3073,-3.2841796874999996
3074,-2.36376953125
3075,40.5126953125
3076,6.16357421875
3077,-5.5869140625
3078,-1.966064453125
3079,-6.919189453125
3080,-13.9521484375
3081,5.40087890625
3082,-5.62890625
3083,1.06005859375
3084,10.373046875
3085,1.8334960937500002
3086,14.614990234375
3087,-4.1083984375
3088,0.015625
3089,4.538330078125
3090,14.231201171875
3091,-1.455810546875
3092,10.18505859375
3093,-15.2060546875
3094,-1.9370117187500002
3095,13.980224609375
3096,-13.3837890625
3097,-11.831298828125
3098,-10.118408203125
3099,-3.51904296875
3100,8.744140625
3101,7.182373046875
3102,-9.3486328125
3103,-5.17138671875
3104,-11.958740234375
3105,-7.4150390625
3106,15.3828125
3107,9.484863281250002
3108,20.830810546875
3109,-20.5029296875
3110,-2.552490234375
3111,-14.921142578125
3112,-11.439208984374998
3113,6.177978515625
3114,13.7333984375
3115,-14.09716796875
3116,-5.19580078125
3117,-13.630859375
3118,-11.072021484374998
3119,17.33154296875
3120,6.5185546875
3121,-12.971923828125
3122,50.0126953125
3123,15.163818359375
3124,25.43701171875
3125,-54.38330078125
3126,-23.6064453125
3127,-23.930419921875
3128,44.053955078125
3129,10.98583984375
3130,23.15380859375
3131,-12.310791015625002
3132,-16.833740234375
3133,-23.324951171875
3134,-0.90625
3135,59.572998046875
3136,-49.381103515625
3137,-46.02001953125
3138,-39.330322265625
3139,-25.00927734375
3140,75.759033203125
3141,61.502685546875
3142,-51.990478515625
3143,-45.1103515625
3144,68.745361328125
3145,22.267822265625004
3146,57.819091796875
3147,10.377197265625
3148,27.034667968749996
3149,11.99560546875
3150,5.592529296875
3151,-14.581787109375
3152,1.9912109374999996
3153,-2.21044921875
3154,31.983398437499996
3155,6.20654296875
3156,6.862060546875
3157,21.904296875
3158,-3.45654296875
3159,-33.80810546875
3160,-4.887939453125003
3161,-19.54541015625
3162,40.95166015625
3163,43.50683593749999
3164,-36.155029296875
3165,10.589599609375
3166,0.2265625
3167,-21.786865234375
3168,39.16748046875
3169,44.61572265625
3170,-7.58154296875
3171,-30.340087890625
3172,15.740966796875
3173,90.235595703125
3174,-7.45703125
3175,-13.5947265625
3176,-8.33984375
3177,2.296630859375
3178,92.0078125
3179,94.73632812500001
3180,-12.23291015625
3181,-13.703613281250002
3182,-13.584228515625002
3183,26.425292968749996
3184,96.99072265625
3185,87.674072265625
3186,2.914794921875
3187,38.930908203125
3188,18.800537109375
3189,20.255859375
3190,3.04541015625
3191,-17.27294921875
3192,12.568115234375
3193,37.102294921875
3194,14.71337890625
3195,26.2001953125
3196,-0.8525390625
3197,-19.070556640625
3198,18.676513671875
3199,-5.519775390625001
3200,5.697021484375
3201,8.107421875
3202,11.831787109375
3203,-11.298828125
3204,-23.64990234375
3205,-4.685791015625
3206,5.985595703125
3207,11.159423828125
3208,5.88525390625
3209,2.65234375
3210,-9.1591796875
3211,-5.82275390625
3212,111.443603515625
3213,-25.611083984375
3214,-32.090087890625
3215,-22.922607421875
3216,20.75439453125
3217,104.097412109375
3218,81.5400390625
3219,-24.56787109375
3220,-36.094482421875
3221,-28.169189453125
3222,23.452392578125
3223,104.7783203125
3224,61.830078125
3225,14.915283203125
3226,-0.273681640625
3227,-4.43896484375
3228,5.404052734375
3229,18.467773437499996
3230,35.756103515625
3231,-1.138427734375
3232,0.287109375
3233,-4.296875
3234,6.12158203125
3235,7.47314453125
3236,-2.54150390625
3237,-19.735107421875
3238,7.310791015625
3239,4.311767578125
3240,7.53759765625
3241,8.3271484375
3242,-3.82275390625
3243,-11.087158203125
3244,8.42236328125
3245,9.280517578125
3246,9.003173828125
3247,12.442626953125
3248,4.255126953125
3249,-6.802978515625
3250,6.546630859374999
3251,-18.326416015625
3252,20.250244140625
3253,-11.056884765625
3254,-8.8583984375
3255,26.557861328125
3256,1.139404296875
3257,-20.99609375
3258,19.752197265625004
3259,-8.682373046875
3260,-4.7529296875
3261,0.48779296875
3262,13.29052734375
3263,-16.15673828125
3264,-17.874267578125
3265,26.19873046875
3266,13.185546875
3267,15.680419921875
3268,9.937988281250002
3269,-15.790283203125
3270,-16.232177734375
3271,27.022705078125
3272,15.408203125
3273,13.9208984375
3274,10.41845703125
3275,-28.450439453125
3276,-13.528564453125
3277,-25.906494140625
3278,15.20654296875
3279,31.07958984375
3280,32.6708984375
3281,6.002685546875
3282,-17.5380859375
3283,-21.11328125
3284,15.099853515625002
3285,33.858154296875
3286,31.118408203124996
3287,-1.992431640625
3288,-11.785156249999998
3289,-21.328369140625
3290,57.87744140625
3291,60.833251953125
3292,5.158447265625
3293,-57.525146484375
3294,12.215576171875
3295,63.5576171875
3296,26.644287109375
3297,56.2265625
3298,2.4267578124999996
3299,-55.80419921875
3300,58.86083984375
3301,-12.927001953125
3302,27.216552734374996
3303,23.141845703125
3304,-18.28564453125
3305,-22.6923828125
3306,-21.428466796875004
3307,23.7216796875
3308,20.049072265625004
3309,19.602294921875
3310,-16.685302734375
3311,-18.613037109375
3312,-27.4013671875
3313,99.582275390625
3314,23.475830078125
3315,22.342041015625
3316,1.4135742187500002
3317,0.87939453125
3318,5.7529296875
3319,-9.50341796875
3320,3.02978515625
3321,9.180419921875
3322,-0.48876953125
3323,-0.9812011718750001
3324,3.092529296875
3325,-9.006103515625
3326,-7.5625
3327,17.591796875
3328,14.530029296875
3329,-5.094970703125
3330,45.28369140625
3331,-2.635498046875
3332,44.081787109375
3333,-4.823486328125
3334,6.229736328125
3335,-5.126708984375
3336,48.36767578125
3337,-5.9208984375
3338,39.41845703125
3339,-4.3818359375
3340,7.486572265625
3341,-3.983154296875
3342,-38.899658203125
3343,114.62353515625
3344,88.7568359375
3345,22.624023437499996
3346,-1.867431640625
3347,-3.52783203125
3348,-36.440673828125
3349,111.907470703125
3350,84.50390625000001
3351,21.246582031250004
3352,-12.529541015625002
3353,89.62573242187501
3354,-33.0478515625
3355,6.55908203125
3356,0.8937988281249999
3357,-7.937744140625001
3358,31.468017578125
3359,28.277832031250004
3360,67.881103515625
3361,-6.991455078125
3362,1.503662109375
3363,-6.75634765625
3364,28.941650390625
3365,15.060546875
3366,14.972656249999998
3367,0.038330078125
3368,-8.546630859375
3369,38.174072265625
3370,24.44873046875
3371,18.657226562500004
3372,10.057373046875
3373,-40.581787109375
3374,-2.699462890625
3375,39.510498046875
3376,30.078857421875
3377,18.2685546875
3378,-3.330078125
3379,-14.6533203125
3380,2.309326171875
3381,0.5515136718750004
3382,-3.34619140625
3383,14.144287109375
3384,1.373291015625
3385,-4.0009765625
3386,6.97607421875
3387,-6.511962890625001
3388,-7.7041015625
3389,16.026123046875
3390,5.2607421875
3391,7.225830078125
3392,-6.8310546875
3393,1.6965332031249998
3394,13.3271484375
3395,2.300537109375
3396,1.3481445312499998
3397,3.792236328125
3398,7.0771484375
3399,7.50439453125
3400,6.073974609374999
3401,0.8225097656249999
3402,2.743896484375
3403,-0.12548828124999997
3404,4.004638671875
3405,36.941650390625
3406,7.843505859374999
3407,13.422607421875
3408,-9.8251953125
3409,1.486572265625
3410,5.347412109374999
3411,-15.596923828125
3412,30.98828125
3413,6.990234375000001
3414,-5.29736328125
3415,1.802001953125
3416,1.1259765625
3417,-17.07568359375
3418,21.720947265625004
3419,21.860351562500004
3420,13.356201171875
3421,13.294189453125
3422,12.278076171875
3423,5.37548828125
3424,1.024658203125
3425,13.382324218749998
3426,-5.426513671875
3427,12.009033203125
3428,11.0576171875
3429,2.1015625
3430,7.30322265625
3431,9.547607421875
3432,0.307861328125
3433,-11.8583984375
3434,-4.413818359375
3435,-16.86669921875
3436,-5.30712890625
3437,7.871337890625001
3438,4.31689453125
3439,8.25146484375
3440,-8.71533203125
3441,-11.1357421875
3442,0.5859375000000002
3443,2.94189453125
3444,-2.00537109375
3445,8.779052734375
3446,12.247802734375
3447,119.230712890625
3448,-35.102783203125
3449,55.224609375
3450,-37.712158203125
3451,48.5888671875
3452,15.386718750000002
3453,109.49438476562501
3454,-35.96240234375
3455,53.251708984375
3456,25.523193359375
3457,-20.233154296875
3458,52.49072265625
3459,-6.876708984375
3460,-0.1264648437499999
3461,-7.353759765625
3462,0.1884765625
3463,11.295166015625002
3464,-0.3203125
3465,5.81298828125
3466,-5.6904296875
3467,-5.60009765625
3468,6.076171875000001
3469,9.544921875
3470,1.20703125
3471,-0.60107421875
3472,-6.636474609374999
3473,-12.839843750000002
3474,-13.908447265625
3475,0.531494140625
3476,-3.5625
3477,-4.431884765625
3478,-0.42138671875000044
3479,-16.046875
3480,-14.218261718749998
3481,0.146728515625
3482,-6.2216796875
3483,-2.0009765625
3484,-4.232666015625
3485,0.46826171875
3486,9.647949218749998
3487,9.798095703125
3488,15.84521484375
3489,13.6796875
3490,-2.614013671875
3491,1.9663085937500002
3492,7.473388671875
3493,6.109619140625001
3494,14.341064453125
3495,-2.81640625
3496,-5.466796875000001
3497,-2.000732421875
3498,-0.8823242187499999
3499,17.85009765625
3500,6.7099609375
3501,4.94091796875
3502,8.5283203125
3503,-5.5390625
3504,-14.896728515625002
3505,19.91357421875
3506,-0.82421875
3507,4.88525390625
3508,-9.280761718749998
3509,-7.729736328125
3510,2.2763671875
3511,-2.034423828125
3512,2.618896484375
3513,10.9306640625
3514,-0.056640625
3515,3.528564453125
3516,10.00537109375
3517,0.30419921875
3518,3.944580078125
3519,11.534912109375
3520,-0.5185546875
3521,9.718261718749998
3522,0.796875
3523,0.039794921875
3524,18.975341796875004
3525,14.787353515625002
3526,0.3212890625
3527,11.353271484374998
3528,-0.10888671875
3529,40.478515625
3530,23.985107421875
3531,11.52001953125
3532,-2.386474609375
3533,11.109375
3534,-0.12060546875
3535,0.0908203125
3536,6.105224609374999
3537,5.263427734374999
3538,42.53662109375
3539,-22.287109375
3540,60.37377929687501
3541,-22.994140625
3542,7.745849609374998
3543,6.306640624999997
3544,38.637939453125
3545,-23.268798828125
3546,59.468505859375
3547,-0.6037597656250001
3548,-7.923095703125
3549,-6.945068359374999
3550,53.312255859375
3551,-35.07470703125
3552,-13.73681640625
3553,-8.129150390625
3554,-10.001708984374998
3555,-1.6254882812499998
3556,35.615234375
3557,-35.4423828125
3558,-15.380859375
3559,-6.6298828125
3560,14.708251953125
3561,56.30908203125
3562,45.394287109375
3563,27.880859375
3564,-19.176513671875
3565,38.688232421875
3566,38.608642578125
3567,-25.048828125
3568,9.116943359375
3569,-20.390380859375
3570,-22.607421875
3571,35.86962890625
3572,37.141357421875
3573,10.525634765625
3574,-43.72216796875
3575,33.940673828125
3576,47.7177734375
3577,-34.711669921875
3578,112.452880859375
3579,86.31811523437499
3580,60.325439453125
3581,39.967041015625
3582,-28.381591796875004
3583,-28.420654296875004
3584,108.78124999999999
3585,81.61767578125
3586,-17.656005859375
3587,-26.1044921875
3588,-31.51416015625
3589,2.80859375
3590,-36.022216796875
3591,-24.972167968749996
3592,-23.398681640625
3593,-38.095458984375
3594,-7.230224609374999
3595,7.318603515625
3596,-36.392578125
3597,-21.999023437499996
3598,-23.905517578125
3599,12.31005859375
3600,28.742187500000004
3601,-1.210205078125
3602,-0.320556640625
3603,9.66845703125
3604,0.76806640625
3605,-7.174560546875
3606,-12.829345703125
3607,-1.9270019531249998
3608,13.981201171875
3609,10.725830078125
3610,-0.460693359375
3611,-9.873779296875
3612,20.571044921875
3613,5.07177734375
3614,-16.791259765625
3615,-14.642578125
3616,-0.9079589843750001
3617,18.81982421875
3618,6.579345703125
3619,9.950927734375
3620,-9.373291015625002
3621,-7.189453124999999
3622,1.732177734375
3623,15.18603515625
3624,6.701416015625
3625,-9.65771484375
3626,8.8486328125
3627,-14.377197265625
3628,-52.120361328125
3629,-34.173828125
3630,-11.055419921875
3631,78.2099609375
3632,39.880615234375
3633,18.510986328125
3634,-17.377197265625
3635,-31.9248046875
3636,-20.046875
3637,78.00341796875
3638,-3.074218750000001
3639,-19.692138671875
3640,15.99658203125
3641,5.621826171875
3642,-4.81640625
3643,0.76318359375
3644,12.839843750000002
3645,-3.84326171875
3646,2.291259765625
3647,-16.24169921875
3648,-3.524658203125
3649,-1.2358398437499996
3650,13.233154296875
3651,3.35107421875
3652,-1.9638671875
3653,0.8474121093750001
3654,-0.8078613281249999
3655,-3.00341796875
3656,-8.640380859375
3657,-9.781494140625
3658,-5.820068359374999
3659,16.512451171875
3660,10.90771484375
3661,-0.99560546875
3662,-4.4189453125
3663,-8.678466796875
3664,-2.0595703125
3665,11.863037109375
3666,3.996826171875
3667,-32.185546875
3668,78.69189453125
3669,4.943115234375
3670,2.885986328125
3671,39.19750976562501
3672,-72.847900390625
3673,-41.50390625
3674,70.989501953125
3675,2.58984375
3676,-2.322265625
3677,-15.7216796875
3678,-51.098876953125
3679,-30.138916015625
3680,4.355712890625
3681,-2.947998046875
3682,4.53662109375
3683,10.9580078125
3684,-0.112548828125
3685,-6.787353515625
3686,17.270751953125
3687,-5.966796875000001
3688,6.922607421875
3689,10.607666015625002
3690,-1.4946289062499998
3691,-9.360107421875
3692,12.854248046875
3693,14.77099609375
3694,15.581298828125
3695,-3.156982421875
3696,32.043212890625
3697,-3.1650390624999996
3698,-10.468505859375
3699,-12.77099609375
3700,12.859130859375
3701,1.3186035156250002
3702,34.667236328125
3703,-41.052734375
3704,-20.090332031250004
3705,-12.2392578125
3706,4.84716796875
3707,-13.619873046875
3708,-5.67333984375
3709,-5.55810546875
3710,-22.044189453125
3711,-0.359619140625
3712,1.2182617187500002
3713,-9.255126953125
3714,-5.1923828125
3715,-5.09716796875
3716,51.8720703125
3717,6.09423828125
3718,4.42529296875
3719,47.24243164062499
3720,16.22265625
3721,-14.257568359375
3722,-4.787109375000001
3723,35.599853515625
3724,19.5263671875
3725,47.73046875
3726,14.787353515625002
3727,-19.595703125
3728,-8.471435546875
3729,30.42333984375
3730,-40.84765625
3731,79.57299804687499
3732,19.33740234375
3733,-5.43798828125
3734,-15.1650390625
3735,-15.107666015625002
3736,23.59423828125
3737,-8.845947265625
3738,4.65673828125
3739,-0.43994140625
3740,-11.230224609375
3741,-15.86865234375
3742,6.6142578125
3743,23.318359375
3744,12.179443359375
3745,1.55078125
3746,-3.936279296875
3747,-7.540283203125
3748,-4.927734375000001
3749,32.15283203125
3750,2.756103515625
3751,-2.681640625
3752,-2.474365234375
3753,-9.403076171875
3754,-9.26708984375
3755,-11.533935546875
3756,-5.368896484375
3757,1.8491210937500004
3758,8.299072265625
3759,26.744873046875
3760,86.92065429687501
3761,68.870361328125
3762,-14.93994140625
3763,-26.6962890625
3764,18.60009765625
3765,34.607177734375
3766,88.6123046875
3767,62.61254882812501
3768,-29.79052734375
3769,6.816162109374999
3770,23.654052734374996
3771,-23.920654296875
3772,22.77392578125
3773,15.135009765625
3774,18.245849609375
3775,-15.078369140625
3776,12.481201171875
3777,-31.082275390625
3778,29.759765625
3779,18.021240234375
3780,22.80859375
3781,-33.65478515625
3782,-27.720458984375
3783,-26.034423828125
3784,-18.2666015625
3785,8.949462890625
3786,24.935546875
3787,11.1376953125
3788,29.6435546875
3789,0.7282714843749999
3790,-24.728759765625
3791,5.155517578125
3792,22.898437500000004
3793,15.558349609375
3794,-11.29443359375
3795,-33.59912109375
3796,-22.23828125
3797,-12.994384765625
3798,-12.0078125
3799,-11.1689453125
3800,-12.270263671875
3801,19.947998046875
3802,37.86328125
3803,-10.55322265625
3804,-5.647216796875
3805,-8.21435546875
3806,-9.236572265625
3807,9.07763671875
3808,34.525146484375
3809,-12.866699218749998
3810,2.92138671875
3811,-5.513671875000001
3812,13.749267578125
3813,18.558837890625
3814,-46.147216796875
3815,-16.25439453125
3816,-5.0712890625
3817,-3.1171875
3818,12.836669921875
3819,11.304443359375
3820,6.861328124999999
3821,-1.4873046875
3822,-3.628173828125
3823,-25.195068359375
3824,-7.920166015625
3825,-28.25390625
3826,30.498779296875
3827,-18.038330078125
3828,-7.09375
3829,-3.693847656250001
3830,-1.995849609375
3831,-32.93359375
3832,24.4482421875
3833,7.083740234375
3834,13.6884765625
3835,-4.003662109375
3836,-5.29833984375
3837,77.64013671875001
3838,121.447509765625
3839,45.705322265625
3840,-4.699951171875
3841,-5.879150390625001
3842,15.498291015625002
3843,82.87353515625
3844,115.947509765625
3845,45.746337890625
3846,-28.025390625
3847,95.4716796875
3848,-44.479248046875
3849,-1.7490234375
3850,-4.16943359375
3851,6.3505859375
3852,9.649658203125
3853,32.6064453125
3854,-11.210693359375
3855,-0.83154296875
3856,-4.25390625
3857,9.644287109375
3858,7.009033203125
3859,-1.1616210937500002
3860,7.330078124999999
3861,-2.3884277343749996
3862,-28.927734375
3863,-15.284912109375
3864,31.922607421875
3865,51.347900390625
3866,-20.511474609375
3867,-17.083984375
3868,-10.010009765625
3869,-15.702392578125
3870,43.15771484375
3871,58.2216796875
3872,-2.838623046875
3873,-20.98388671875
3874,25.901123046875
3875,-2.124267578125
3876,-17.566162109375
3877,2.20703125
3878,-1.548095703125
3879,26.857666015625
3880,4.97021484375
3881,-3.865966796875
3882,-22.778076171875
3883,-2.437255859375
3884,-0.7604980468750001
3885,-14.88623046875
3886,11.175537109375
3887,-2.455078125
3888,2.30810546875
3889,1.9721679687500002
3890,-0.049072265625
3891,5.466796875000001
3892,4.6142578125
3893,-0.71875
3894,-1.3203125
3895,7.50341796875
3896,1.9887695312499998
3897,6.64208984375
3898,3.521240234375
3899,1.0390625
3900,0.183349609375
3901,-8.82763671875
3902,17.275634765625
3903,-8.844970703125
3904,-4.090576171875
3905,9.204345703125
3906,-9.005615234375
3907,-6.532958984375
3908,17.352783203125
3909,-11.94970703125
3910,-2.106201171875
3911,-12.429199218749998
3912,11.77880859375
3913,-15.902587890625
3914,-16.025390625
3915,-4.6162109375
3916,1.3823242187499998
3917,44.154052734375
3918,5.54345703125
3919,-13.1416015625
3920,-15.795654296875
3921,-3.741943359375
3922,5.5986328125
3923,40.059814453125
3924,-5.2900390625
3925,1.03466796875
3926,-8.0166015625
3927,-7.69580078125
3928,7.334716796875
3929,24.274169921875
3930,56.988037109375
3931,-0.9020996093750001
3932,14.106689453125
3933,-1.884033203125
3934,6.343017578125
3935,26.225830078125
3936,56.134033203125
3937,5.79931640625
3938,-35.890380859375
3939,-9.121826171875
3940,-39.59130859375
3941,-17.3935546875
3942,16.150146484375
3943,25.964111328125
3944,25.193359375
3945,-12.76123046875
3946,-39.6826171875
3947,-15.381103515625002
3948,23.878662109375
3949,27.286376953125
3950,-4.1484375
3951,51.5947265625
3952,-31.82861328125
3953,6.376953124999999
3954,8.579345703125
3955,9.7041015625
3956,2.8037109375000004
3957,0.2841796875
3958,1.763427734375
3959,-5.04736328125
3960,6.9443359375
3961,10.415771484374998
3962,7.085205078125
3963,1.31640625
3964,3.756103515625
3965,-3.701171875
3966,11.272216796875
3967,-5.005126953125003
3968,18.843994140625
3969,39.618408203125
3970,-42.05224609375
3971,-27.4873046875
3972,-26.188232421875
3973,0.12207031249999739
3974,21.823486328125
3975,34.32177734375
3976,-21.080810546875
3977,10.345703125
3978,9.6943359375
3979,-2.1005859375
3980,-15.32666015625
3981,-3.8046875
3982,-5.53369140625
3983,36.667724609375
3984,12.726318359375
3985,37.912841796875
3986,-16.388427734375
3987,-8.13916015625
3988,-10.759521484374998
3989,3.215576171875
3990,2.355224609375
3991,7.809326171875
3992,-40.350341796875
3993,7.146484375000001
3994,66.345947265625
3995,61.36767578125
3996,-32.209716796875
3997,-32.570068359375
3998,-45.32495117187499
3999,5.787841796875
4000,71.273681640625
4001,60.572265625
4002,3.189453125
4003,-45.6591796875
4004,-40.245849609375
4005,48.710693359375
4006,4.51025390625
4007,-25.33544921875
4008,9.1318359375
4009,-6.806396484375
4010,-9.817626953125
4011,-9.8046875
4012,9.47900390625
4013,-25.717773437499996
4014,5.95654296875
4015,75.830810546875
4016,74.696044921875
4017,3.790771484375
4018,4.263427734375
4019,27.754638671875
4020,-7.5888671875
4021,-6.81396484375
4022,14.642333984374998
4023,18.8623046875
4024,8.68359375
4025,25.416015625
4026,-7.9853515625
4027,-8.827880859375
4028,0.0625
4029,-5.985107421875
4030,9.572998046875
4031,7.937255859374999
4032,-6.466552734375
4033,1.377685546875
4034,-4.162353515625
4035,12.136718750000002
4036,21.170898437499996
4037,14.359130859375
4038,-0.75048828125
4039,2.540283203125
4040,-6.000732421875
4041,5.787841796874999
4042,24.532958984375
4043,22.648193359375
4044,-4.84228515625
4045,36.046142578125
4046,38.20629882812501
4047,41.468505859375
4048,5.412353515625
4049,-15.25439453125
4050,-0.8864746093750004
4051,33.916748046875
4052,39.03662109375
4053,47.35546875
4054,-3.48779296875
4055,-12.488281249999998
4056,-3.162841796875
4057,27.01416015625
4058,-11.2548828125
4059,10.234375
4060,13.440185546875
4061,43.465087890625
4062,58.54052734375
4063,28.04833984375
4064,-15.8076171875
4065,7.64697265625
4066,16.37109375
4067,-3.919677734375
4068,-0.6704101562499998
4069,-21.018310546875
4070,-0.29296875
4071,21.797119140625
4072,-4.16845703125
4073,34.887451171875
4074,-5.190673828125
4075,-7.295166015625
4076,-1.8251953125000004
4077,27.283935546875
4078,-3.904052734375
4079,32.019775390625
4080,-15.132324218749998
4081,-13.0751953125
4082,-29.441650390625
4083,-11.704833984374998
4084,26.649658203124996
4085,-0.4453125
4086,-7.56591796875
4087,42.48291015625
4088,29.73974609375
4089,-8.11279296875
4090,25.815185546875
4091,0.8615722656249999
4092,-1.474853515625
4093,3.7001953124999996
4094,1.921630859375
4095,-18.9638671875
4096,-4.508544921875
4097,-4.166015625
4098,19.47509765625
4099,0.311279296875
4100,2.533203125
4101,5.49365234375
4102,0.6711425781249999
4103,0.8488769531249999
4104,19.32568359375
4105,3.49951171875
4106,-16.4638671875
4107,-19.130126953125
4108,2.69677734375
4109,-15.947509765625
4110,2.618408203125
4111,3.842529296875
4112,5.78466796875
4113,5.56298828125
4114,-3.5419921875000004
4115,5.047607421875
4116,-2.24462890625
4117,12.747314453125
4118,4.40673828125
4119,-5.633056640625001
4120,-9.6669921875
4121,13.008300781250002
4122,5.919921875000001
4123,-8.61083984375
4124,5.16015625
4125,-13.7197265625
4126,19.8076171875
4127,12.3310546875
4128,13.955810546875
4129,-11.903564453125
4130,11.74072265625
4131,-22.92919921875
4132,-2.305419921875
4133,-4.62890625
4134,3.669921875
4135,24.676513671875
4136,-1.656494140625
4137,-39.576416015625
4138,-46.6552734375
4139,64.70361328125
4140,15.94970703125
4141,21.9169921875
4142,-3.892333984375
4143,-35.626953125
4144,-43.594482421875
4145,4.156494140625
4146,-8.64599609375
4147,-1.255126953125
4148,8.571044921875
4149,5.557373046875
4150,-4.52978515625
4151,-1.828369140625
4152,-4.7421875
4153,-4.29736328125
4154,-0.8293457031249999
4155,4.068115234375
4156,-0.107666015625
4157,1.490478515625
4158,-1.9838867187500002
4159,0.9353027343750001
4160,-0.7138671875
4161,0.4658203124999999
4162,1.652587890625
4163,-6.68408203125
4164,4.985107421875
4165,-14.7802734375
4166,-14.8623046875
4167,-6.816162109374999
4168,2.543701171875
4169,-4.586181640625
4170,8.49462890625
4171,3.714599609375
4172,1.737060546875
4173,-4.78662109375
4174,-1.557373046875
4175,7.186279296875
4176,1.152099609375
4177,-0.143798828125
4178,15.133544921875
4179,18.246826171875
4180,-1.5673828125
4181,-1.0395507812499998
4182,-1.423583984375
4183,3.358154296875
4184,17.625732421875
4185,19.837158203124996
4186,2.1591796875
4187,109.32666015625
4188,43.74804687499999
4189,61.25927734375
4190,-38.23974609375
4191,27.588134765625
4192,33.672607421875
4193,-34.58447265625
4194,40.58056640624999
4195,59.217041015625
4196,-37.512939453125
4197,11.023925781250002
4198,26.410400390625
4199,82.462158203125
4200,-19.96630859375
4201,3.23974609375
4202,12.525634765625
4203,3.77978515625
4204,7.8037109375
4205,22.705322265625004
4206,-13.36962890625
4207,1.505126953125
4208,12.3681640625
4209,7.595947265625
4210,5.423095703125
4211,-3.221435546875
4212,-15.790771484374998
4213,-0.093017578125
4214,9.205078125
4215,-9.481201171875
4216,-6.220703124999999
4217,-5.441650390625001
4218,-5.44873046875
4219,-6.5380859375
4220,11.582031249999998
4221,-7.20458984375
4222,-1.4375
4223,69.9326171875
4224,82.86279296875
4225,10.346435546875
4226,-14.697998046875
4227,53.875244140625
4228,69.7099609375
4229,47.2587890625
4230,-23.786865234375
4231,-9.55322265625
4232,-19.942138671875
4233,60.49951171875
4234,67.796142578125
4235,41.8564453125
4236,-1.836181640625
4237,-20.130126953125
4238,-23.75146484375
4239,1.998046875
4240,-1.8417968749999998
4241,8.7880859375
4242,13.046386718749998
4243,-11.9345703125
4244,-10.430908203125
4245,2.0244140625
4246,-2.952392578125
4247,13.616455078125
4248,13.135986328125
4249,9.44287109375
4250,8.37255859375
4251,-0.569091796875
4252,25.42626953125
4253,10.725341796875
4254,-10.1015625
4255,0.7180175781249999
4256,-1.539306640625
4257,-13.461425781250002
4258,17.29248046875
4259,10.3046875
4260,-11.83935546875
4261,-3.666748046875
4262,5.373046875000001
4263,30.9326171875
4264,21.293701171875
4265,15.988281249999998
4266,25.348388671875
4267,29.76025390625
4268,30.142333984375
4269,9.47216796875
4270,-4.964599609374999
4271,20.047851562500004
4272,23.4091796875
4273,32.48876953125
4274,31.0888671875
4275,14.4462890625
4276,-17.727294921875
4277,27.651123046875
4278,11.054443359375
4279,-13.448486328125
4280,-7.3642578125
4281,-11.961669921875
4282,0.576416015625
4283,12.1220703125
4284,11.33154296875
4285,-15.32470703125
4286,-11.274658203125
4287,-12.8662109375
4288,-6.551513671875
4289,11.395751953125
4290,13.07275390625
4291,-3.78955078125
4292,-2.54248046875
4293,-8.956787109375
4294,3.860595703125
4295,-9.1328125
4296,-6.06005859375
4297,-11.089111328125
4298,-6.09521484375
4299,-11.001953125
4300,2.515380859375
4301,-6.085205078125
4302,9.57568359375
4303,-3.3330078124999996
4304,3.052001953125
4305,9.048828125
4306,4.716552734375
4307,-1.485595703125
4308,-1.918701171875
4309,6.00830078125
4310,7.0126953125
4311,11.684326171875
4312,4.070068359375
4313,-2.290771484375
4314,-0.16796875000000006
4315,2.656005859375
4316,8.6748046875
4317,10.371826171875
4318,12.02685546875
4319,10.430908203125
4320,11.614990234375
4321,5.142578124999999
4322,7.234375
4323,1.12255859375
4324,5.109619140625001
4325,11.316162109375
4326,15.7978515625
4327,24.68896484375
4328,11.993896484374998
4329,7.439208984375
4330,-37.031982421875
4331,-8.09814453125
4332,3.48291015625
4333,10.002197265625
4334,-9.357666015625002
4335,-0.408203125
4336,-37.99560546874999
4337,-5.4404296875
4338,4.36083984375
4339,8.58935546875
4340,12.944824218749998
4341,10.706787109375
4342,-32.69873046875
4343,2.98876953125
4344,1.997314453125
4345,12.726318359375
4346,10.554199218749998
4347,5.89306640625
4348,-9.124755859375
4349,0.52001953125
4350,4.90283203125
4351,11.232666015625002
4352,5.225097656249999
4353,16.012939453125
4354,5.381103515625
4355,-6.954833984375
4356,10.187744140625
4357,6.73681640625
4358,-28.56982421875
4359,54.986328125
4360,17.69677734375
4361,22.768310546875
4362,-3.35693359375
4363,4.6259765625
4364,-27.992431640625
4365,52.603271484375
4366,22.373291015625
4367,39.82861328125
4368,20.566162109375
4369,-5.92724609375
4370,-23.08642578125
4371,28.484375
4372,40.838623046875
4373,6.553466796875
4374,0.185791015625
4375,0.5693359375
4376,-28.187255859375
4377,29.45458984375
4378,34.170166015625
4379,-6.510986328125
4380,-1.7548828125
4381,24.424072265625004
4382,6.759521484375
4383,7.986328124999999
4384,7.395263671875
4385,14.8134765625
4386,-8.942626953125
4387,-5.416015624999999
4388,6.130126953125
4389,10.1787109375
4390,9.09716796875
4391,17.48193359375
4392,3.477783203125
4393,3.98583984375
4394,2.467041015625
4395,-3.419189453125
4396,15.712890625
4397,17.1748046875
4398,8.86572265625
4399,-15.189453125
4400,5.757080078125
4401,1.330810546875
4402,19.673828125
4403,14.572021484374998
4404,12.301025390625
4405,12.614501953125
4406,11.22412109375
4407,0.9064941406249999
4408,8.194580078125
4409,19.198486328125
4410,-3.4375
4411,-9.984375
4412,-12.366943359375
4413,8.5185546875
4414,13.595458984374998
4415,15.862060546875
4416,-4.115478515625
4417,-2.35888671875
4418,8.474365234375
4419,11.147705078125
4420,5.331298828125
4421,-9.857421875
4422,-19.514404296875
4423,-17.181640625
4424,-18.987792968749996
4425,-31.64892578125
4426,51.913330078125
4427,-11.794677734375
4428,-22.072509765625
4429,-19.6435546875
4430,-16.04296875
4431,-4.707763671875
4432,-10.475341796875
4433,-13.24462890625
4434,1.721435546875
4435,1.5830078125
4436,-10.1220703125
4437,-6.668701171875
4438,-8.5380859375
4439,-5.259765624999999
4440,3.775634765625
4441,-2.775146484375
4442,-8.597900390625
4443,-6.4892578125
4444,17.119140625
4445,-8.380615234375
4446,-4.414794921875
4447,7.155029296875
4448,-2.327392578125
4449,-8.081787109375
4450,10.722412109375
4451,-9.9150390625
4452,-11.954345703125
4453,-7.692138671875
4454,4.1787109375
4455,-10.911376953125
4456,12.032470703125
4457,34.543701171875
4458,9.239501953125
4459,3.559814453125
4460,23.826904296875
4461,-9.23193359375
4462,-1.068115234375
4463,-8.733642578125
4464,60.933349609375
4465,6.326416015625
4466,21.030029296875
4467,-1.363525390625
4468,-10.327392578125
4469,-6.04541015625
4470,-3.39794921875
4471,19.827392578125
4472,25.86669921875
4473,36.19970703125
4474,19.623046875
4475,12.265625
4476,18.66064453125
4477,-2.671875
4478,26.642578125
4479,15.609863281250002
4480,31.362060546875
4481,20.558837890625
4482,14.150634765625
4483,114.09619140625
4484,-0.161376953125
4485,5.883056640625001
4486,-3.50244140625
4487,-21.599365234375
4488,-0.41552734375
4489,4.87158203125
4490,15.256103515625002
4491,36.104736328125
4492,18.412841796875
4493,-23.331787109375
4494,1.681640625
4495,9.515136718749998
4496,-16.559326171875
4497,-15.7734375
4498,-15.4833984375
4499,21.195556640625
4500,9.50537109375
4501,-3.12548828125
4502,1.4790039062499998
4503,-13.744140625
4504,-0.196533203125
4505,3.8291015624999996
4506,0.24267578125
4507,-3.3095703124999996
4508,-0.067138671875
4509,16.63134765625
4510,-3.091552734375
4511,-9.100830078125
4512,-3.074951171875
4513,20.53515625
4514,26.01171875
4515,16.939453125
4516,-12.98291015625
4517,-19.366455078125
4518,18.565917968749996
4519,20.694091796875004
4520,23.756103515625
4521,17.158935546875
4522,10.262451171875
4523,4.514404296875
4524,14.499755859375
4525,125.59033203125
4526,121.83935546875
4527,33.5498046875
4528,-49.761962890625
4529,105.78173828125
4530,16.619140625
4531,58.891357421875
4532,114.78564453125
4533,40.443115234375
4534,-54.48437500000001
4535,39.240478515625
4536,62.49804687499999
4537,-1.099853515625
4538,14.374755859375
4539,6.245361328125
4540,20.5693359375
4541,-16.11181640625
4542,27.773437500000004
4543,11.155029296875
4544,57.36743164062499
4545,12.48681640625
4546,24.5556640625
4547,-17.00634765625
4548,37.06298828125
4549,8.10498046875
4550,5.56396484375
4551,0.25463867187499956
4552,73.749755859375
4553,102.26513671875001
4554,84.06103515625
4555,23.110351562500004
4556,-15.146240234375
4557,4.134765625000002
4558,71.91455078125
4559,97.12060546875
4560,87.669677734375
4561,90.8828125
4562,-13.138916015625002
4563,-1.8129882812499996
4564,9.535156249999998
4565,-15.069824218749998
4566,-3.89404296875
4567,18.702392578125
4568,-4.387939453125
4569,10.882568359375
4570,-0.324951171875
4571,-15.755859375
4572,5.13330078125
4573,12.040771484374998
4574,-1.047119140625
4575,10.10595703125
4576,2.766845703125
4577,0.313232421875
4578,-4.303955078125
4579,10.48779296875
4580,-11.506591796875
4581,-8.93408203125
4582,8.8828125
4583,15.676513671875
4584,-0.9506835937499998
4585,4.54833984375
4586,-15.064697265625
4587,3.8232421875000004
4588,11.73779296875
4589,44.230712890625
4590,-4.335205078125
4591,11.839111328125
4592,12.3974609375
4593,12.94384765625
4594,-7.190185546875
4595,21.62060546875
4596,-8.969482421875
4597,3.5869140624999996
4598,11.2646484375
4599,11.8076171875
4600,-13.788818359375
4601,-1.3828125
4602,-7.359130859374999
4603,-12.13623046875
4604,-2.0949707031250013
4605,-9.295166015625002
4606,48.116455078125
4607,-7.04541015625
4608,-29.7744140625
4609,-38.19970703125
4610,4.5654296875
4611,-17.284423828125
4612,44.32275390625
4613,2.416259765625
4614,16.1806640625
4615,-10.567626953125
4616,7.28271484375
4617,9.151611328125
4618,7.765380859374999
4619,0.3671875
4620,21.141601562500004
4621,31.631591796875004
4622,7.11865234375
4623,12.512451171875
4624,6.48681640625
4625,0.7365722656249999
4626,3.9248046875000004
4627,8.8427734375
4628,-6.626708984375
4629,-1.81640625
4630,20.656494140625
4631,-14.797363281250002
4632,3.36669921875
4633,4.827392578125
4634,16.96435546875
4635,3.699951171875
4636,20.39453125
4637,-9.628906249999998
4638,0.7370605468750001
4639,6.59326171875
4640,12.542236328125
4641,7.220947265625
4642,-4.874267578125
4643,2.966552734375
4644,-1.345458984375
4645,-2.594482421875
4646,-3.6572265624999996
4647,-7.36962890625
4648,-12.227294921875
4649,4.135498046875
4650,-2.063720703125
4651,2.40283203125
4652,1.3852539062499998
4653,-1.9594726562499998
4654,0.6291503906249999
4655,-2.7548828124999996
4656,11.93115234375
4657,8.8154296875
4658,5.131103515625
4659,-7.19677734375
4660,9.7685546875
4661,-0.9436035156249999
4662,11.991699218749998
4663,15.937011718749998
4664,6.8095703125
4665,6.0029296875
4666,1.5830078125
4667,4.742919921875
4668,-2.59765625
4669,23.983398437499996
4670,23.775634765625
4671,30.105712890625
4672,-11.11083984375
4673,-15.515380859375
4674,0.7209472656249999
4675,23.76123046875
4676,20.999755859375
4677,30.7001953125
4678,-6.00830078125
4679,-10.383056640625
4680,-1.4924316406250004
4681,-22.38232421875
4682,28.037841796875004
4683,7.998779296875
4684,23.163818359375
4685,3.105712890625
4686,-21.673828125
4687,-8.49267578125
4688,30.71875
4689,0.34375
4690,24.237792968749996
4691,1.2802734375000004
4692,-24.5751953125
4693,-6.003173828125
4694,6.703857421875
4695,-6.512939453125
4696,-11.879150390625
4697,-11.8740234375
4698,3.271240234375
4699,3.98095703125
4700,3.322265625
4701,-4.729736328125
4702,-10.736572265625
4703,-10.12939453125
4704,16.985595703125
4705,20.0537109375
4706,8.21240234375
4707,1.7846679687499996
4708,11.214599609375
4709,9.032958984375
4710,11.021728515625002
4711,-7.044677734375
4712,-4.245849609375
4713,-13.796386718749998
4714,12.609130859375
4715,4.64306640625
4716,10.970703125
4717,-17.708984375
4718,-8.56298828125
4719,-22.71630859375
4720,-12.97509765625
4721,14.783203125
4722,19.21142578125
4723,31.66650390625
4724,-4.482177734375
4725,-2.003173828125
4726,8.059326171875
4727,14.425537109375
4728,19.869140625
4729,25.115478515625
4730,-10.268798828125
4731,-6.647705078125
4732,1.2761230468749996
4733,-31.050537109375
4734,-25.65673828125
4735,32.798828125
4736,38.24560546874999
4737,12.547607421875
4738,16.37451171875
4739,-30.62451171875
4740,-23.7568359375
4741,32.856689453125
4742,35.145751953125
4743,-29.06884765625
4744,-0.7602539062500003
4745,-32.179931640625
4746,2.405517578125
4747,-3.234130859375
4748,7.898193359374999
4749,-2.697265625
4750,17.33251953125
4751,-3.53662109375
4752,0.58984375
4753,0.27636718750000017
4754,17.0234375
4755,0.9169921875
4756,8.873779296875
4757,7.0869140625
4758,17.85107421875
4759,46.22900390625
4760,-7.42041015625
4761,50.10058593749999
4762,-26.226318359375
4763,21.853271484375
4764,20.626953125
4765,32.820068359375
4766,-8.17138671875
4767,53.259033203125
4768,-18.57080078125
4769,9.392578125
4770,20.053955078125
4771,16.96923828125
4772,-1.949951171875
4773,-8.04736328125
4774,13.544921875
4775,-5.614013671875
4776,0.4736328125
4777,13.610107421875
4778,-18.595703125
4779,-2.377197265625
4780,11.883300781250002
4781,-5.603515624999999
4782,13.206787109375
4783,-21.046875
4784,-5.447998046875
4785,-8.67919921875
4786,10.652343750000002
4787,6.24072265625
4788,-1.975830078125
4789,-0.78173828125
4790,4.72265625
4791,2.592041015625
4792,8.619140625
4793,3.548828125
4794,-5.135498046875
4795,-10.908935546875
4796,-2.884765625
4797,2.375732421875
4798,11.373291015625002
4799,5.677734375000001
4800,-2.7119140624999996
4801,-11.47509765625
4802,20.101562499999996
4803,25.789062499999996
4804,19.221435546875
4805,-0.37890625
4806,2.008056640625
4807,-12.77490234375
4808,19.724609375
4809,14.38623046875
4810,13.583984375
4811,-24.20947265625
4812,5.27587890625
4813,40.036376953125
4814,38.232177734375
4815,14.5341796875
4816,-10.605224609375
4817,-25.515625
4818,6.17919921875
4819,45.71142578125
4820,39.167236328125
4821,12.399169921875
4822,-9.3955078125
4823,-21.20849609375
4824,-9.49462890625
4825,25.143310546875
4826,27.740966796875004
4827,23.1494140625
4828,-7.2958984375
4829,1.640380859375
4830,-11.318359375
4831,31.98876953125
4832,23.674560546875
4833,30.78076171875
4834,-13.1728515625
4835,-9.3974609375
4836,-15.53271484375
4837,11.271240234375
4838,15.85595703125
4839,4.912353515625
4840,27.869140625
4841,-25.19921875
4842,-12.162841796875
4843,15.084716796875
4844,16.154541015625
4845,11.09521484375
4846,22.2919921875
4847,-28.976806640625
4848,-13.761962890625
4849,-4.881103515625
4850,10.556884765625
4851,42.36669921875
4852,8.67431640625
4853,0.31689453125
4854,59.071044921875
4855,57.908935546875
4856,5.33056640625
4857,46.8046875
4858,6.4775390625
4859,-2.55224609375
4860,17.010009765625
4861,-1.634521484375
4862,8.992431640625
4863,4.76611328125
4864,6.471923828125
4865,11.0693359375
4866,7.083740234375
4867,-0.434814453125
4868,-5.43212890625
4869,3.75537109375
4870,4.586181640625
4871,9.455322265625
4872,5.99560546875
4873,-4.85009765625
4874,-4.537353515625
4875,5.0
4876,4.525146484375
4877,4.135986328125
4878,22.279541015625
4879,16.010498046875
4880,31.3095703125
4881,14.041748046875
4882,5.685791015625
4883,4.449218749999999
4884,20.783447265625004
4885,14.336425781250002
4886,3.3154296875000004
4887,11.241699218749998
4888,74.781982421875
4889,7.043701171875
4890,-23.447265625
4891,-0.2451171875
4892,6.657470703125
4893,-7.685546875000001
4894,-3.03466796875
4895,10.4345703125
4896,-15.64501953125
4897,1.548828125
4898,0.84228515625
4899,25.677978515625
4900,8.025634765625
4901,5.3125
4902,4.5048828125
4903,34.397705078125
4904,-10.36279296875
4905,11.7119140625
4906,27.358642578125
4907,2.518798828125
4908,126.1376953125
4909,35.57763671875
4910,-6.891845703125003
4911,9.875488281250002
4912,-9.72412109375
4913,3.988525390625
4914,-10.517333984374998
4915,2.959716796875
4916,11.4794921875
4917,-10.598876953125
4918,-6.474853515625
4919,-19.18017578125
4920,-8.952880859375
4921,-2.75927734375
4922,13.81005859375
4923,-10.00927734375
4924,-5.283447265625
4925,20.560302734374996
4926,26.013427734374996
4927,10.064453125
4928,-7.651611328125
4929,33.169677734375
4930,9.31689453125
4931,15.240478515625002
4932,-12.772216796875
4933,-19.923095703125
4934,-13.771728515625002
4935,32.363037109375
4936,4.85791015625
4937,23.073974609375
4938,-11.278076171875
4939,-19.78515625
4940,-19.24462890625
4941,36.616455078125
4942,-14.515625
4943,-12.243896484374998
4944,-7.6083984375
4945,12.06884765625
4946,48.87060546874999
4947,86.769287109375
4948,-14.221923828125
4949,-10.318603515625002
4950,-1.7475585937500004
4951,86.89599609375
4952,56.619873046875
4953,2.578857421875
4954,6.216552734375
4955,6.406982421875
4956,1.373779296875
4957,5.375244140625001
4958,3.177001953125
4959,-0.19287109375
4960,4.229248046875
4961,4.349609375
4962,5.576416015625
4963,10.653564453125
4964,-10.059326171875
4965,-10.224365234375
4966,11.90283203125
4967,0.6132812500000002
4968,-10.2119140625
4969,15.4248046875
4970,15.44970703125
4971,-2.547607421875
4972,8.541748046875
4973,-4.172119140625
4974,-5.153564453125
4975,18.4560546875
4976,9.935546875
4977,11.72509765625
4978,-3.51904296875
4979,-2.5732421875000004
4980,6.84912109375
4981,3.444580078125
4982,-9.0986328125
4983,-5.624267578125
4984,1.8798828125
4985,6.3330078125
4986,1.162353515625
4987,1.6252441406249998
4988,-7.39306640625
4989,-5.140869140625001
4990,23.52880859375
4991,-2.52294921875
4992,3.19921875
4993,-10.802001953125
4994,13.188232421875
4995,21.466552734374996
4996,39.435302734375
4997,-38.901123046875
4998,-43.37158203125
4999,-28.938476562500004
5000,14.85302734375
5001,16.575927734375
5002,40.229736328125
5003,-3.306396484375
5004,-4.87890625
5005,-16.240966796875
5006,19.4814453125
5007,15.499267578125
5008,-1.827880859375
5009,-9.84619140625
5010,2.541259765625
5011,7.784912109374999
5012,-5.07080078125
5013,20.347167968749996
5014,2.364990234375
5015,-12.34375
5016,-7.298095703125
5017,10.959716796875
5018,16.75390625
5019,27.98291015625
5020,6.22412109375
5021,1.54296875
5022,-6.7548828125
5023,-24.976562499999996
5024,24.255859375
5025,38.27587890625
5026,5.149414062499999
5027,-5.324462890625001
5028,-7.9267578125
5029,54.98095703125
5030,47.72607421875
5031,11.012451171875
5032,42.71679687499999
5033,-15.181396484374998
5034,2.016357421875
5035,-16.72607421875
5036,-25.058349609375
5037,44.307373046875
5038,18.909423828125
5039,-19.942626953125
5040,3.135009765625
5041,-21.743896484375
5042,19.503662109375
5043,52.833251953125
5044,21.38818359375
5045,15.2158203125
5046,100.524658203125
5047,0.48925781250000017
5048,4.197021484375
5049,106.205322265625
5050,30.09423828125
5051,5.512451171875
5052,101.05615234375
5053,-0.558349609375
5054,4.224609375
5055,36.780029296875
5056,-53.50390625
5057,19.923095703125
5058,-3.6057128906250004
5059,15.225341796875
5060,13.571533203125
5061,20.127685546875
5062,-13.54052734375
5063,-10.093261718749998
5064,-13.016357421875
5065,13.30615234375
5066,15.2666015625
5067,20.102294921875
5068,-13.096923828125
5069,-6.51220703125
5070,-9.043701171875
5071,7.489990234375
5072,1.8291015625
5073,-2.052734375
5074,-1.8559570312499998
5075,42.0810546875
5076,34.40625
5077,-13.460449218749998
5078,4.989501953125
5079,-0.169677734375
5080,1.125
5081,9.422119140625
5082,8.22900390625
5083,-5.021484375000001
5084,-9.081787109375
5085,30.062744140625
5086,18.487548828125
5087,6.54248046875
5088,-11.68115234375
5089,-22.710205078125
5090,-17.24951171875
5091,23.04736328125
5092,25.478515625
5093,10.0263671875
5094,15.205078125
5095,-22.590576171875
5096,-5.318115234375
5097,-5.33349609375
5098,-7.023193359374999
5099,-4.351318359375
5100,5.358642578125
5101,20.99951171875
5102,8.207275390625
5103,1.524658203125
5104,-5.009033203125
5105,-6.784423828125
5106,1.504638671875
5107,-18.904296875
5108,29.937255859375
5109,-7.03759765625
5110,1.364013671875
5111,11.866699218749998
5112,12.9951171875
5113,5.599609375000001
5114,7.1015625
5115,-1.875732421875
5116,13.990234375
5117,17.388671875
5118,16.75
5119,8.301025390625
5120,-10.039550781250002
5121,0.142578125
5122,8.422119140625
5123,18.39208984375
5124,11.373779296875
5125,14.747314453125
5126,-16.85986328125
5127,38.09521484375
5128,-0.57470703125
5129,17.722900390625
5130,19.481201171875
5131,8.634521484375
5132,-20.47412109375
5133,37.42431640624999
5134,-10.165283203125
5135,42.471435546875
5136,5.761962890625001
5137,7.251953124999999
5138,33.1240234375
5139,-14.053466796875
5140,26.215087890625
5141,16.4638671875
5142,12.80126953125
5143,12.392822265625
5144,20.53173828125
5145,-13.058593750000002
5146,55.49877929687501
5147,12.970703125
5148,6.19970703125
5149,6.269287109374999
5150,2.624755859375
5151,-1.490234375
5152,19.89013671875
5153,-15.931884765625
5154,3.15966796875
5155,7.722412109374999
5156,9.58154296875
5157,2.874267578125
5158,22.696533203124996
5159,5.99072265625
5160,-0.9636230468750001
5161,-2.24072265625
5162,22.27587890625
5163,97.26904296875
5164,38.479736328125
5165,70.0986328125
5166,61.803955078125
5167,19.8193359375
5168,22.044189453125
5169,97.09057617187499
5170,34.967529296875
5171,76.38916015625
5172,43.3779296875
5173,19.336181640625
5174,102.8935546875
5175,76.619873046875
5176,-9.82275390625
5177,9.612548828124996
5178,20.75830078125
5179,6.39306640625
5180,57.7373046875
5181,77.504638671875
5182,-9.515869140625
5183,21.01123046875
5184,12.3935546875
5185,96.666259765625
5186,75.4599609375
5187,78.790283203125
5188,-7.660888671875
5189,5.793212890625001
5190,9.023193359375
5191,12.9833984375
5192,-2.56396484375
5193,-3.65380859375
5194,5.0947265625
5195,8.04150390625
5196,16.224853515625
5197,16.143310546875
5198,-1.048828125
5199,-10.97412109375
5200,-15.2333984375
5201,19.440917968749996
5202,-3.73193359375
5203,-12.099853515625002
5204,-12.422607421875
5205,13.964843750000002
5206,15.794189453125
5207,-26.4462890625
5208,3.876708984375
5209,-14.851318359375
5210,-12.7802734375
5211,39.24658203125
5212,33.36328125
5213,81.710205078125
5214,-7.28466796875
5215,-9.93603515625
5216,10.2109375
5217,4.01220703125
5218,1.731201171875
5219,-4.135498046875
5220,24.54931640625
5221,-8.917724609375
5222,4.68798828125
5223,9.523681640625
5224,3.006103515625
5225,1.983642578125
5226,6.758544921875
5227,-30.71435546875
5228,28.28662109375
5229,30.383544921875
5230,26.2998046875
5231,-34.953857421875
5232,-18.34765625
5233,-26.296142578125
5234,22.466552734374996
5235,20.924560546875
5236,27.273193359375
5237,79.9482421875
5238,-14.320068359375
5239,-32.23828125
5240,2.1162109375
5241,-1.509765625
5242,-6.904052734375
5243,-4.638916015625
5244,2.163818359375
5245,8.57177734375
5246,-0.80517578125
5247,-5.940185546875
5248,-1.98828125
5249,-5.91650390625
5250,10.25634765625
5251,9.14453125
5252,-0.02978515624999989
5253,-9.65966796875
5254,54.323486328125
5255,31.9599609375
5256,34.90869140625
5257,-2.369384765625
5258,-7.8466796875
5259,-5.515625
5260,57.3203125
5261,29.888671875
5262,43.159423828125
5263,-7.5380859375
5264,-1.6083984375
5265,3.341552734375
5266,4.72705078125
5267,8.975830078125
5268,-2.634033203125
5269,-3.124755859375
5270,7.527587890625001
5271,7.242919921875
5272,-2.63671875
5273,4.12939453125
5274,1.1376953125
5275,-4.12451171875
5276,18.193359375
5277,-3.974609375
5278,11.854736328125
5279,9.869384765625
5280,-10.039306640625
5281,16.64794921875
5282,8.659912109375
5283,-0.437744140625
5284,-10.066162109375
5285,-11.01318359375
5286,-11.833740234375
5287,14.194580078125
5288,6.7177734375
5289,-5.76025390625
5290,-5.849853515625
5291,-14.830078125
5292,-14.2939453125
5293,5.102783203125
5294,4.804931640625001
5295,10.4638671875
5296,48.493896484375
5297,-7.61181640625
5298,-17.401123046875
5299,-0.394775390625
5300,2.256591796875
5301,11.427001953125
5302,-0.2614746093749998
5303,-11.375
5304,-12.138427734375
5305,12.091064453125
5306,30.06982421875
5307,4.945556640625001
5308,2.953125
5309,-3.77734375
5310,-4.99072265625
5311,-11.864013671875
5312,23.10693359375
5313,7.072998046875
5314,7.533447265625
5315,17.876220703125
5316,-5.49169921875
5317,10.60595703125
5318,3.796875
5319,-4.20556640625
5320,9.626708984374998
5321,-6.9267578125
5322,5.485107421875
5323,-1.8364257812500004
5324,9.34521484375
5325,-2.914794921875
5326,12.510498046875
5327,-6.663818359374999
5328,25.026611328125
5329,9.874267578125
5330,25.310302734374996
5331,14.363525390625
5332,3.148681640625
5333,0.42041015625
5334,-12.249511718749998
5335,5.799072265625
5336,-0.94677734375
5337,60.275390625
5338,2.017578125
5339,7.1015625
5340,-9.007568359375
5341,4.386474609375
5342,14.369873046875
5343,23.780273437499996
5344,-5.104980468750001
5345,4.538818359375
5346,65.541259765625
5347,29.407958984375
5348,-1.958984375
5349,16.157958984375
5350,11.102050781250002
5351,-0.9038085937500003
5352,71.01318359375
5353,26.079345703125
5354,30.503662109375
5355,-18.819580078125
5356,-18.17138671875
5357,13.072265625
5358,-10.928466796875
5359,-11.321044921875
5360,-9.919189453125
5361,-13.702392578125
5362,-2.943359375
5363,10.783203125
5364,-3.38037109375
5365,-10.271240234375
5366,-14.4052734375
5367,42.638671875
5368,2.11376953125
5369,11.833740234375
5370,-11.792236328125
5371,6.683837890625001
5372,28.817626953125
5373,40.61328125
5374,2.659912109375
5375,-4.597900390625
5376,-9.427734375
5377,7.837158203125
5378,34.2236328125
5379,37.995361328125
5380,-4.72509765625
5381,6.761962890625001
5382,-11.65771484375
5383,38.47802734375
5384,-10.703369140625
5385,-4.899658203125
5386,-5.1201171875
5387,3.437255859375
5388,51.665283203125
5389,46.9541015625
5390,-11.31103515625
5391,-3.559326171875
5392,-11.25146484375
5393,58.782958984375
5394,47.11328125
5395,43.79296875
5396,1.4672851562499998
5397,0.163330078125
5398,10.251708984374998
5399,0.495361328125
5400,21.489501953125
5401,1.2785644531250002
5402,-5.718994140625001
5403,-4.513427734375
5404,4.989990234375
5405,4.68798828125
5406,-2.568603515625
5407,1.783447265625
5408,3.243408203125
5409,72.56298828125
5410,3.2978515624999996
5411,-9.997314453125
5412,8.260253906249998
5413,84.07421875
5414,49.35107421875
5415,18.971923828125
5416,5.021728515625
5417,-10.562744140625
5418,1.3068847656249982
5419,13.702392578125
5420,66.08544921875
5421,35.334716796875
5422,28.897705078125
5423,4.949951171875
5424,-12.148681640625
5425,2.216064453125
5426,26.7587890625
5427,23.3818359375
5428,8.776123046875
5429,0.137939453125
5430,-16.0537109375
5431,1.876708984375
5432,5.487548828125
5433,40.21240234375
5434,19.221435546875
5435,11.751953125
5436,-23.203857421875
5437,-17.84521484375
5438,-17.173828125
5439,-2.3662109375000004
5440,18.400146484375
5441,14.15087890625
5442,-20.94482421875
5443,-19.6005859375
5444,-22.4111328125
5445,-6.678955078125
5446,19.447265625
5447,21.742431640625
5448,-1.925537109375
5449,-5.84619140625
5450,-6.303955078125
5451,19.33251953125
5452,34.51025390625
5453,8.462890625
5454,-17.220947265625
5455,-4.0859375
5456,-8.798095703125
5457,17.64697265625
5458,-0.234619140625
5459,-2.251953125
5460,-2.49169921875
5461,-6.9580078125
5462,-9.288818359375
5463,-13.227294921875
5464,-2.2763671875
5465,14.43212890625
5466,15.854248046875
5467,23.36083984375
5468,-7.189208984375
5469,-19.6337890625
5470,6.11767578125
5471,-23.39501953125
5472,-8.62255859375
5473,22.652099609375
5474,31.204101562500004
5475,-6.000732421875
5476,54.41015625
5477,-13.326171875
5478,14.027343750000002
5479,16.894775390625
5480,2.70654296875
5481,-2.2629394531250004
5482,51.77490234375
5483,-10.764404296875
5484,39.683837890625
5485,23.955078125
5486,49.2080078125
5487,0.0205078125
5488,7.569091796875
5489,-5.900390624999999
5490,-5.7412109375
5491,-0.55078125
5492,11.526123046875
5493,-3.872314453125
5494,0.47900390625
5495,-8.7822265625
5496,-6.365234375000001
5497,21.510986328125
5498,21.3310546875
5499,24.85546875
5500,10.429443359375
5501,-0.08837890625
5502,-1.11572265625
5503,-3.13818359375
5504,-8.60205078125
5505,2.044921875
5506,6.67578125
5507,1.308349609375
5508,-4.57177734375
5509,-2.389404296875
5510,31.697021484375
5511,7.89404296875
5512,3.6318359375000004
5513,-10.62353515625
5514,10.3740234375
5515,33.811279296875
5516,25.73828125
5517,11.503906249999998
5518,-11.65380859375
5519,-10.2841796875
5520,16.260986328125
5521,32.487060546875
5522,29.59521484375
5523,-3.849853515625
5524,-17.671875
5525,-15.252197265625
5526,-8.866943359375
5527,9.614990234375
5528,103.70361328125
5529,99.3916015625
5530,-4.160888671875
5531,-23.842529296875
5532,-8.05810546875
5533,14.626708984374998
5534,105.253173828125
5535,107.04150390625
5536,-25.18603515625
5537,-48.22412109375
5538,-14.977050781250002
5539,14.953125
5540,10.31005859375
5541,0.84033203125
5542,-2.395263671875
5543,9.01611328125
5544,0.426025390625
5545,14.305908203125
5546,4.353027343749998
5547,-1.317626953125
5548,2.22998046875
5549,-10.080078125
5550,21.243408203124996
5551,14.45849609375
5552,-6.471435546875
5553,10.54931640625
5554,2.673828125
5555,-0.7734375
5556,1.774658203125
5557,-28.298583984375
5558,-15.923095703125
5559,12.74560546875
5560,3.57177734375
5561,6.107421875000001
5562,7.53564453125
5563,28.850830078125
5564,9.281005859375
5565,-2.322021484375
5566,5.305419921875
5567,-5.3427734375
5568,1.9460449218750002
5569,-3.704345703125
5570,-2.50146484375
5571,-2.43798828125
5572,4.4873046875
5573,-7.257080078125
5574,-1.245361328125
5575,-1.4799804687500002
5576,-8.2890625
5577,-4.900634765625
5578,7.78564453125
5579,1.01171875
5580,-0.11328125
5581,0.5920410156249999
5582,5.6826171875
5583,11.23291015625
5584,11.343505859375
5585,7.901123046875
5586,-1.1547851562499998
5587,-0.53662109375
5588,18.42041015625
5589,10.354248046875
5590,26.1787109375
5591,51.08374023437499
5592,-13.2783203125
5593,-45.13183593749999
5594,-57.3251953125
5595,21.046630859375
5596,18.006591796875
5597,57.80810546874999
5598,-13.141357421875
5599,-47.25634765625
5600,-53.234619140625
5601,17.2353515625
5602,18.408935546875
5603,55.385498046875
5604,-6.446533203125
5605,14.00634765625
5606,17.903076171875
5607,16.8037109375
5608,-18.941650390625
5609,-15.323974609375
5610,-5.362060546875
5611,17.3681640625
5612,18.93310546875
5613,16.098876953125
5614,-3.052734375
5615,-9.851318359375
5616,-8.271240234375
5617,-17.168701171875
5618,95.78124999999999
5619,89.373779296875
5620,81.77172851562499
5621,-5.870849609374999
5622,-15.370849609375
5623,-20.408935546875
5624,91.7197265625
5625,77.09326171875
5626,80.56323242187501
5627,42.664306640625
5628,-20.297119140625
5629,-20.85400390625
5630,6.827880859374999
5631,16.108642578125
5632,13.40380859375
5633,7.221435546875
5634,5.257080078125
5635,2.382568359375
5636,8.516357421875
5637,22.5712890625
5638,13.683593750000002
5639,12.765136718749998
5640,-16.461669921875
5641,6.40087890625
5642,12.528564453125
5643,5.715087890625001
5644,-7.27392578125
5645,-0.61083984375
5646,-3.748291015625
5647,29.30517578125
5648,32.1240234375
5649,8.14404296875
5650,-14.828125
5651,-2.930419921875
5652,-0.70849609375
5653,15.024169921875
5654,11.125
5655,10.73193359375
5656,-3.1591796875000004
5657,2.73974609375
5658,-2.852294921875
5659,3.49560546875
5660,-2.4970703124999996
5661,1.178955078125
5662,-1.443115234375
5663,4.820068359374999
5664,-2.539794921875
5665,-0.07080078125
5666,-5.41796875
5667,0.5803222656249999
5668,-1.586669921875
5669,-23.39697265625
5670,89.00561523437499
5671,20.892333984375
5672,39.099853515625
5673,-5.88671875
5674,-35.246826171875
5675,-9.6357421875
5676,83.915283203125
5677,19.332763671875
5678,43.47021484375
5679,35.65869140625
5680,-17.174072265625
5681,9.8974609375
5682,-10.773681640625
5683,25.482177734374996
5684,29.916015625
5685,32.095947265625
5686,-6.232421875000001
5687,-3.4375
5688,-5.404541015625
5689,30.068603515625
5690,32.670654296875
5691,29.1787109375
5692,-3.238525390625
5693,2.11865234375
5694,-17.629150390625
5695,-11.530029296875
5696,-8.702880859375
5697,-0.6376953125
5698,9.675048828125
5699,3.15234375
5700,5.61865234375
5701,-10.837890625
5702,-11.310546875
5703,-2.33935546875
5704,4.97119140625
5705,1.6489257812499998
5706,18.77685546875
5707,-12.76220703125
5708,3.251953125
5709,-6.558349609374999
5710,6.493408203125
5711,8.43212890625
5712,18.162841796875
5713,25.20263671875
5714,2.321044921875
5715,-5.381591796875
5716,1.943603515625
5717,0.35229492187499994
5718,17.098388671875
5719,26.26025390625
5720,-6.395751953125
5721,19.151123046875
5722,13.327392578125
5723,-1.047119140625
5724,2.475830078125
5725,-8.75927734375
5726,-16.200927734375
5727,-3.864013671875
5728,11.78564453125
5729,-2.670166015625
5730,2.34033203125
5731,8.830322265625
5732,4.470947265625
5733,20.6611328125
5734,-1.5078125
5735,26.700439453125
5736,2.80419921875
5737,11.5361328125
5738,3.0693359375000004
5739,7.964599609374999
5740,11.835693359375
5741,20.511962890625
5742,8.92236328125
5743,8.060302734375
5744,-12.578857421875
5745,-8.353759765625
5746,5.740234375000001
5747,16.815185546875
5748,-10.472412109375
5749,-21.534667968749996
5750,-0.23681640625
5751,27.599365234375
5752,26.91259765625
5753,-6.482666015625
5754,-9.19287109375
5755,-16.79736328125
5756,1.797119140625
5757,-6.3095703125
5758,-20.030517578125
5759,-2.056396484375
5760,37.13623046875
5761,34.52978515625
5762,-68.16064453125
5763,-64.602783203125
5764,-7.741455078125
5765,-14.4677734375
5766,35.79931640625
5767,34.3037109375
5768,-68.315673828125
5769,-64.804931640625
5770,25.215576171875
5771,18.097900390625
5772,35.13818359375
5773,21.169921875
5774,-17.59228515625
5775,-5.16796875
5776,-9.313720703125
5777,62.96826171875
5778,61.071044921875
5779,30.046630859375
5780,-13.332763671875
5781,-8.708984375
5782,-7.717041015625
5783,-2.6923828124999996
5784,-2.505859375
5785,28.708984375
5786,-34.755126953125
5787,-7.5908203125
5788,17.23095703125
5789,28.459716796875004
5790,8.20166015625
5791,-1.127685546875
5792,-26.06640625
5793,-6.6728515625
5794,13.619140625
5795,23.70458984375
5796,4.79736328125
5797,-13.777099609375
5798,-28.44677734375
5799,94.420166015625
5800,-24.94580078125
5801,7.233642578125
5802,-19.5068359375
5803,27.964599609375
5804,90.13696289062501
5805,32.15283203125
5806,-25.73974609375
5807,5.692138671875
5808,-26.017333984375
5809,24.732177734374996
5810,70.975341796875
5811,-11.879150390625
5812,10.80712890625
5813,-3.087890625
5814,-8.26708984375
5815,-3.23095703125
5816,10.760986328125
5817,6.9921875
5818,9.800537109375
5819,-3.095947265625
5820,-6.0263671875
5821,-2.1474609375
5822,17.6943359375
5823,2.236572265625
5824,-1.435546875
5825,4.38720703125
5826,-7.060546875000001
5827,-0.281982421875
5828,3.547119140625
5829,-11.62158203125
5830,-1.0627441406250002
5831,2.439208984375
5832,-6.886962890625001
5833,-0.197998046875
5834,5.76708984375
5835,13.925048828125
5836,0.91748046875
5837,0.7888183593750001
5838,5.309814453125
5839,6.77001953125
5840,-3.931640625
5841,-8.396728515625
5842,13.572265625
5843,6.483642578125
5844,5.218505859374999
5845,9.511474609375
5846,-6.024169921875
5847,-8.87060546875
5848,-0.276123046875
5849,2.315673828125
5850,2.801025390625
5851,7.07861328125
5852,13.8994140625
5853,-20.7060546875
5854,-29.423095703125
5855,2.33740234375
5856,-8.93212890625
5857,-3.2900390624999996
5858,7.04296875
5859,-16.8515625
5860,-28.335205078125
5861,10.352050781250002
5862,17.272705078125
5863,22.072998046875
5864,28.83935546875
5865,-7.53173828125
5866,-2.816162109375
5867,5.64013671875
5868,-6.04833984375
5869,14.14697265625
5870,10.266113281250002
5871,-7.03564453125
5872,-0.3095703125
5873,2.42626953125
5874,63.04052734375
5875,12.980224609375
5876,22.504638671875
5877,-6.715087890625001
5878,22.171875
5879,31.168457031250004
5880,37.01708984375
5881,-31.489990234375
5882,-9.39208984375
5883,-13.938232421875
5884,28.13671875
5885,31.57080078125
5886,40.040283203125
5887,-0.9104003906249999
5888,-10.736328125
5889,-2.46826171875
5890,-12.143798828125
5891,13.970947265625
5892,15.085205078125
5893,16.9013671875
5894,-2.564208984375001
5895,-14.883056640625
5896,-15.240478515625002
5897,11.752685546875
5898,10.27197265625
5899,13.090576171875
5900,-10.918212890625
5901,-7.39892578125
5902,-15.1015625
5903,-11.633300781250002
5904,-2.35107421875
5905,-1.9069824218750002
5906,-16.66259765625
5907,9.043212890625
5908,-7.870849609374999
5909,-1.057373046875
5910,-5.400390624999999
5911,-5.493408203125
5912,-16.07177734375
5913,80.128173828125
5914,3.306884765625
5915,10.596923828125
5916,9.087646484375
5917,2.10302734375
5918,-1.018310546875
5919,3.29443359375
5920,12.631591796875
5921,6.7353515625
5922,-2.567626953125
5923,6.65966796875
5924,-5.568603515625
5925,1.349609375
5926,12.70654296875
5927,-6.610107421875
5928,5.734375
5929,12.656738281250002
5930,5.908447265625
5931,6.202880859374999
5932,7.287353515625
5933,-2.852783203125
5934,-3.68701171875
5935,12.279052734375
5936,5.79736328125
5937,5.153076171875
5938,3.7705078124999996
5939,1.701416015625
5940,-1.828125
5941,10.944824218749998
5942,5.572509765625
5943,-6.02392578125
5944,-4.21923828125
5945,1.916259765625
5946,-10.452636718749998
5947,-6.38232421875
5948,-6.314208984375
5949,-6.5849609375
5950,-3.09423828125
5951,-0.78173828125
5952,-8.92041015625
5953,-8.045654296875
5954,-12.673828125
5955,11.807861328125
5956,9.683837890625
5957,36.188232421875
5958,34.283447265625
5959,0.7951660156249999
5960,-3.1708984375000013
5961,0.219482421875
5962,8.255615234375
5963,38.365478515625
5964,32.61767578125
5965,-36.774169921875
5966,0.0107421875
5967,1.2368164062499998
5968,13.562255859375
5969,18.796630859375
5970,2.3916015624999996
5971,1.53125
5972,-8.138427734375
5973,2.755126953125
5974,6.043701171875
5975,12.9033203125
5976,6.708251953125
5977,4.697265624999999
5978,2.31787109375
5979,-12.611572265625
5980,7.42626953125
5981,-23.524658203124996
5982,-32.118408203125
5983,35.760986328125
5984,86.239013671875
5985,-17.6181640625
5986,-25.3623046875
5987,-16.92431640625
5988,-25.70068359375
5989,39.858154296875
5990,97.90576171875
5991,6.401123046875
5992,1.4748535156250004
5993,-24.867187500000004
5994,-5.62451171875
5995,30.357177734374996
5996,49.3017578125
5997,22.815185546875
5998,71.3046875
5999,-39.28173828125
6000,78.038818359375
6001,34.955810546875
6002,57.029052734375
6003,23.467773437499996
6004,10.879638671875
6005,29.4658203125
6006,3.1884765624999996
6007,7.82421875
6008,5.414306640625001
6009,7.156494140625001
6010,9.406738281250002
6011,12.5546875
6012,1.734130859375
6013,-0.8566894531249999
6014,3.1708984375000004
6015,6.9560546875
6016,7.8095703125
6017,-3.59912109375
6018,-0.476318359375
6019,-6.22998046875
6020,10.01318359375
6021,-5.548828124999999
6022,-16.793212890625
6023,-9.501708984374998
6024,-6.1796875
6025,3.240234375
6026,9.985107421875
6027,-13.142822265625
6028,-9.859130859375
6029,-13.543212890625
6030,-6.277587890625001
6031,9.626708984374998
6032,4.76611328125
6033,4.208984375
6034,1.1669921875
6035,2.20751953125
6036,8.501953125
6037,9.522705078125
6038,12.201904296875
6039,3.72607421875
6040,4.393798828125
6041,3.718017578125
6042,4.3779296875
6043,11.855468750000002
6044,11.009765625
6045,4.22998046875
6046,2.056640625
6047,12.674560546875
6048,4.790283203125
6049,13.44091796875
6050,9.607177734375
6051,4.281494140625
6052,8.39501953125
6053,13.6513671875
6054,9.94091796875
6055,5.677978515625
6056,-5.611572265625
6057,3.220703125
6058,0.47509765625
6059,-4.9716796875
6060,10.738281249999998
6061,16.30419921875
6062,8.25927734375
6063,30.70166015625
6064,19.034912109375
6065,-0.67919921875
6066,9.333251953125
6067,11.266113281250002
6068,7.258544921875
6069,-10.383544921875
6070,40.381591796875
6071,0.54931640625
6072,14.8642578125
6073,11.8310546875
6074,-18.817138671875
6075,-10.93115234375
6076,-23.781494140625
6077,9.186279296875
6078,7.561767578125
6079,3.511474609374999
6080,-22.978271484375
6081,-7.904541015625
6082,12.330322265625
6083,8.19482421875
6084,19.648193359375
6085,8.589111328125
6086,15.315673828125
6087,-2.017333984375
6088,-12.218017578125
6089,12.79541015625
6090,13.143798828125
6091,16.480712890625
6092,15.3837890625
6093,-2.4384765624999996
6094,-8.157470703125
6095,28.132568359375
6096,32.73291015625
6097,11.897216796875
6098,32.689453125
6099,-27.736328125
6100,-24.179687500000004
6101,-27.684814453125
6102,38.255126953125
6103,44.9384765625
6104,33.457763671875
6105,-23.9306640625
6106,-20.52978515625
6107,-24.840087890625
6108,1.1689453125
6109,17.437255859375
6110,28.5673828125
6111,-6.005859375000001
6112,-13.18310546875
6113,-35.753662109375
6114,6.94677734375
6115,-26.10986328125
6116,18.392578125
6117,18.82958984375
6118,-4.392822265625
6119,-34.890625
6120,11.136474609375
6121,42.2646484375
6122,2.502197265625
6123,1.937744140625
6124,-13.228759765625
6125,-5.485595703125
6126,-8.262939453125
6127,5.796875
6128,-1.809326171875
6129,-12.817626953125
6130,-3.774169921875
6131,-3.77978515625
6132,-13.54443359375
6133,0.42236328125
6134,13.561279296875
6135,55.511962890625
6136,-0.8662109375
6137,19.8798828125
6138,-6.478759765625
6139,-13.281005859375
6140,-6.7236328125
6141,-7.988525390625001
6142,26.311767578125
6143,24.29052734375
6144,-5.03369140625
6145,-13.557861328125
6146,-10.447509765625
6147,12.679443359375
6148,36.34228515625
6149,21.807861328125
6150,64.971923828125
6151,-7.9365234375
6152,17.254150390625
6153,20.544921875
6154,18.956787109375
6155,76.137939453125
6156,59.26879882812501
6157,-6.869140624999999
6158,19.33740234375
6159,16.435791015625
6160,14.682373046875
6161,37.85400390625
6162,66.6123046875
6163,-11.231689453125
6164,31.81982421875
6165,15.007324218749998
6166,12.984863281250002
6167,9.947998046875
6168,17.931396484375
6169,-1.7797851562499998
6170,26.548583984375
6171,16.919189453125
6172,9.739013671875
6173,-17.3349609375
6174,-2.330078125
6175,-2.64404296875
6176,12.675048828125
6177,50.337158203125
6178,8.507080078125
6179,14.3974609375
6180,5.83447265625
6181,6.001708984375
6182,1.18359375
6183,48.767578125
6184,7.427978515625
6185,21.89599609375
6186,-22.497314453125
6187,-30.047119140625
6188,-30.519042968749996
6189,-48.222900390625
6190,33.85546875
6191,26.55419921875
6192,25.483154296875
6193,94.745361328125
6194,-50.423828125
6195,-26.010009765625
6196,29.29541015625
6197,21.58740234375
6198,27.935546875
6199,-52.061767578125
6200,-42.7041015625
6201,-30.994384765625
6202,-5.82080078125
6203,1.630126953125
6204,-2.464599609375
6205,2.010498046875
6206,-13.034423828125
6207,-16.879638671875
6208,-4.27685546875
6209,0.222900390625
6210,-5.8955078125
6211,0.51513671875
6212,7.3427734375
6213,-1.4750976562499998
6214,-7.013671875000001
6215,45.465576171875
6216,52.961669921875
6217,-11.314697265625
6218,-9.995361328125
6219,15.763427734375
6220,33.975830078125
6221,47.056884765625
6222,53.63818359375001
6223,-1.0830078125000018
6224,-3.2011718750000013
6225,36.316162109375
6226,23.969482421875
6227,35.346435546875
6228,-11.252685546875
6229,-2.812255859375
6230,-7.753662109374999
6231,-5.086669921875
6232,4.270751953125
6233,2.62109375
6234,-2.07421875
6235,0.9560546875
6236,1.6474609375
6237,-5.777099609374999
6238,15.41162109375
6239,7.14501953125
6240,3.23974609375
6241,-17.530517578125
6242,9.0380859375
6243,27.796875
6244,2.861083984375
6245,22.9501953125
6246,-43.409423828125
6247,-7.006103515625
6248,6.482666015625
6249,25.300292968749996
6250,2.6640625
6251,-8.808349609375
6252,7.216552734375
6253,-2.614501953125
6254,0.6054687500000002
6255,-7.7158203125
6256,-18.5908203125
6257,-19.4560546875
6258,2.233154296875
6259,3.363037109375
6260,6.93310546875
6261,-5.272216796875
6262,-12.957763671875
6263,-19.792236328125
6264,90.740234375
6265,86.6171875
6266,16.996826171875
6267,-4.3564453125
6268,-6.015869140625001
6269,-6.151611328125
6270,3.171142578125
6271,5.85546875
6272,-5.575439453125
6273,-7.55615234375
6274,-11.072998046875
6275,-5.990478515625
6276,5.115478515625
6277,8.783935546875
6278,8.5068359375
6279,0.02197265625
6280,28.921875
6281,16.5751953125
6282,-6.5908203125
6283,6.84619140625
6284,3.08251953125
6285,-7.107177734375
6286,3.86767578125
6287,8.3046875
6288,-5.127197265625
6289,7.212890624999999
6290,44.83349609375
6291,-3.135498046875
6292,0.29541015625
6293,4.029296875
6294,7.678466796875
6295,5.775634765625
6296,-2.805908203125
6297,8.088623046875
6298,0.04907226562500022
6299,9.792724609375
6300,10.5576171875
6301,7.465087890625001
6302,4.953125
6303,6.341064453125
6304,-9.173095703125
6305,12.022216796875
6306,-10.743896484374998
6307,0.48095703125
6308,-1.442626953125
6309,-6.4677734375
6310,-13.030029296875
6311,8.538818359375
6312,0.11669921875
6313,2.13818359375
6314,-2.927001953125
6315,-7.964599609374999
6316,-2.375732421875
6317,-4.945556640625001
6318,3.889892578125
6319,-15.131103515625002
6320,45.57812499999999
6321,-9.790283203125
6322,40.17724609375
6323,-26.77490234375
6324,5.93798828125
6325,6.873779296875
6326,46.244140625
6327,-8.130615234375
6328,37.32421875
6329,-3.42431640625
6330,-8.212890625
6331,-6.84765625
6332,7.216552734375
6333,-16.75146484375
6334,9.047607421875
6335,11.498291015625002
6336,-3.77001953125
6337,-0.05322265625
6338,17.20263671875
6339,-21.679443359375
6340,14.454345703125
6341,12.266357421875
6342,48.32421875
6343,41.4599609375
6344,-12.988037109375
6345,25.281494140625
6346,-6.591064453125
6347,-9.21484375
6348,-16.44482421875
6349,-11.850830078125
6350,-10.757324218749998
6351,7.825439453125
6352,-7.959228515625
6353,-7.791748046875
6354,-20.585693359375
6355,10.281738281250002
6356,-1.06591796875
6357,11.5908203125
6358,12.949218750000002
6359,-7.28173828125
6360,-4.865966796875
6361,3.73828125
6362,-5.162841796875
6363,17.626953125
6364,3.380615234375
6365,-9.342041015625002
6366,-4.647216796875
6367,2.893798828125
6368,25.827880859375
6369,12.9599609375
6370,6.888671875000001
6371,0.7734375
6372,8.359375
6373,12.912109375
6374,4.373779296875
6375,3.501953125
6376,6.698974609374999
6377,-2.8095703124999996
6378,8.85498046875
6379,8.15185546875
6380,10.934814453125
6381,5.79052734375
6382,1.654296875
6383,3.744873046875
6384,2.443359375
6385,5.718017578125
6386,2.36181640625
6387,5.986572265625
6388,11.80712890625
6389,-10.300048828125
6390,5.953857421875
6391,3.998046875
6392,1.6567382812499998
6393,5.844482421875
6394,6.624267578125
6395,-5.451416015625
6396,6.322265624999999
6397,2.6396484375000004
6398,48.880615234375
6399,53.22265625
6400,58.432373046875
6401,-6.805419921875
6402,6.504638671875
6403,4.209228515625
6404,42.597900390625
6405,50.827880859375
6406,55.819580078125
6407,2.498046875
6408,-4.952392578125
6409,-5.009521484375
6410,6.7802734375
6411,43.71484375
6412,11.011474609375
6413,19.94140625
6414,-41.683349609375
6415,-24.47998046875
6416,14.352294921875
6417,35.83642578125
6418,16.524169921875
6419,17.4375
6420,-3.900390625
6421,-17.99072265625
6422,-14.98583984375
6423,9.208740234375
6424,20.9033203125
6425,17.13134765625
6426,14.437255859375
6427,1.9633789062499996
6428,5.065673828125
6429,7.945556640625001
6430,16.608642578125
6431,18.010009765625
6432,17.2646484375
6433,-9.6962890625
6434,15.057861328125
6435,6.341308593749998
6436,5.608642578125
6437,-7.23486328125
6438,1.548828125
6439,-13.353759765625
6440,5.635009765625
6441,2.978759765625
6442,3.859375
6443,-7.898681640625001
6444,-0.1083984375000009
6445,-15.915283203125
6446,7.77685546875
6447,18.31689453125
6448,14.212646484374998
6449,-26.389648437499996
6450,19.474609375
6451,2.2958984375
6452,0.2490234375
6453,-60.192138671875
6454,-12.605712890625
6455,-30.245849609375
6456,16.209716796875
6457,2.892822265625
6458,-0.190185546875
6459,-11.025146484374998
6460,18.64990234375
6461,-25.895263671875
6462,6.394287109374999
6463,4.5927734375
6464,-9.598876953125
6465,5.6787109375
6466,-2.162841796875
6467,26.68896484375
6468,30.729736328125
6469,5.194580078125
6470,-8.301513671875
6471,1.362060546875
6472,2.52587890625
6473,15.917724609375
6474,11.404541015625002
6475,26.043701171875
6476,-1.970703125
6477,50.96435546874999
6478,-3.23876953125
6479,10.867919921875
6480,20.879150390625
6481,20.7099609375
6482,-2.0908203125
6483,39.899169921875
6484,-2.90625
6485,-16.808837890625
6486,-4.914306640625001
6487,-18.26171875
6488,-9.030029296875
6489,26.98388671875
6490,11.2060546875
6491,3.3896484375000004
6492,-2.11279296875
6493,-0.6745605468750001
6494,-5.5546875
6495,20.278564453125
6496,9.8564453125
6497,3.013916015625
6498,-13.946044921875
6499,-7.595703124999999
6500,-8.5458984375
6501,17.76806640625
6502,36.028564453125
6503,43.211669921875
6504,10.942138671875
6505,51.346435546875
6506,55.392822265625
6507,46.41064453125001
6508,38.955810546875
6509,42.689208984375
6510,12.597412109375
6511,-1.168701171875
6512,5.087158203125
6513,3.7568359375000004
6514,1.248046875
6515,16.7783203125
6516,-13.35595703125
6517,41.108642578125
6518,22.4169921875
6519,-4.9462890625
6520,2.08984375
6521,12.0771484375
6522,-11.018310546875
6523,46.077392578125
6524,-5.978759765625
6525,-4.059326171875
6526,1.3793945312499998
6527,50.5048828125
6528,-28.75244140625
6529,-20.187255859375
6530,-15.188720703125
6531,-7.018310546875
6532,1.670654296875
6533,46.28002929687501
6534,-24.054687500000004
6535,-20.322509765625
6536,-16.333740234375
6537,47.38500976562501
6538,75.312744140625
6539,46.23876953125
6540,35.22509765625
6541,-3.1640625
6542,-13.191162109375
6543,-14.66943359375
6544,54.392578125
6545,31.617187500000004
6546,39.41650390625
6547,-2.169677734375
6548,-13.584716796875
6549,-12.4580078125
6550,3.157470703125
6551,46.11669921875
6552,37.38183593749999
6553,-21.678955078125
6554,-24.290283203124996
6555,-16.767822265625
6556,48.93212890625
6557,-14.468017578125
6558,-4.134765625
6559,-22.03515625
6560,-22.284667968749996
6561,-14.722412109375
6562,50.46118164062499
6563,-9.54345703125
6564,-17.924560546875
6565,-14.091064453125
6566,-13.2265625
6567,47.7392578125
6568,46.489013671875
6569,45.848876953125
6570,-16.204833984375
6571,-17.85302734375
6572,-13.689453125
6573,55.09497070312499
6574,44.78466796875
6575,44.860595703125
6576,-58.359619140625
6577,-13.101318359375
6578,-13.782470703125
6579,-32.527587890625
6580,11.6298828125
6581,13.565673828125
6582,13.261718750000002
6583,-10.931884765625
6584,-23.941162109375
6585,-31.498779296875
6586,9.8154296875
6587,12.728515625
6588,18.519775390625
6589,33.37890625
6590,-10.902343750000002
6591,-25.717773437499996
6592,-7.1474609375
6593,22.927978515625
6594,22.238037109375
6595,17.78955078125
6596,37.29931640624999
6597,-12.843017578125
6598,-14.880126953125
6599,16.283203125
6600,21.384033203124996
6601,14.539794921875
6602,7.89599609375
6603,-6.74609375
6604,-13.5078125
6605,2.450439453125
6606,-5.563720703125
6607,1.8891601562499998
6608,15.20751953125
6609,3.5146484375000004
6610,-1.514404296875
6611,-9.76904296875
6612,-5.220458984375
6613,6.67138671875
6614,13.341064453125
6615,7.91162109375
6616,3.138916015625
6617,-13.061279296875
6618,28.250976562500004
6619,8.28759765625
6620,4.709716796875
6621,-3.671875
6622,31.9443359375
6623,41.091064453125
6624,5.83544921875
6625,4.243896484375
6626,6.04541015625
6627,-4.144287109375
6628,-43.895263671875
6629,0.7272949218750001
6630,11.416015625
6631,-14.840087890625
6632,12.698486328125
6633,-4.474853515625
6634,8.322265625
6635,-23.255126953125
6636,-34.53515625
6637,-3.264892578125
6638,10.302001953125
6639,-2.86474609375
6640,10.960449218749998
6641,96.85107421875
6642,-34.39111328125
6643,-21.6611328125
6644,43.31494140625
6645,4.492431640624999
6646,-15.257324218749998
6647,-2.4704589843750004
6648,110.756103515625
6649,36.278564453125
6650,-20.95458984375
6651,2.291259765625
6652,-20.073974609375
6653,3.1506347656249996
6654,-5.2880859375
6655,9.61572265625
6656,6.58642578125
6657,-4.169921875
6658,87.21875000000001
6659,74.27587890625
6660,74.263427734375
6661,-16.86328125
6662,5.2333984375
6663,8.384521484375002
6664,77.879150390625
6665,65.497802734375
6666,64.235107421875
6667,-60.13232421875
6668,-61.855224609375
6669,5.066650390625001
6670,-38.420166015625
6671,-17.088623046875
6672,-25.10205078125
6673,16.030029296875
6674,16.83203125
6675,-32.28564453125
6676,-40.483642578125
6677,-16.81884765625
6678,-25.820068359375
6679,20.231689453125
6680,-31.16162109375
6681,10.54052734375
6682,9.811767578125
6683,8.287841796875
6684,-21.284667968749996
6685,20.843505859375
6686,43.882080078125
6687,0.3154296875
6688,5.59912109375
6689,29.4111328125
6690,-23.23291015625
6691,17.33740234375
6692,50.60937500000001
6693,-28.545166015625
6694,-27.531982421875
6695,7.34912109375
6696,-18.910400390625
6697,32.193359375
6698,16.325927734375
6699,17.466796875
6700,-18.385009765625
6701,42.75830078125
6702,-20.968505859375
6703,30.993408203124996
6704,12.588623046875
6705,25.177490234375
6706,141.7509765625
6707,-28.547607421875
6708,-15.484375
6709,35.176025390625
6710,-27.984130859375
6711,-10.803466796875
6712,18.327392578125
6713,18.403076171875
6714,5.8388671875
6715,18.51513671875
6716,-32.819091796875
6717,-15.867919921875
6718,17.45947265625
6719,-11.155761718749998
6720,30.568603515625
6721,-11.135498046875
6722,6.98828125
6723,4.580322265625
6724,-8.74560546875
6725,-12.822509765625
6726,17.348388671875
6727,0.8095703125000001
6728,11.34716796875
6729,7.067626953125
6730,-5.313232421875
6731,-15.146728515625002
6732,12.18115234375
6733,10.598876953125
6734,11.29931640625
6735,46.009033203125
6736,-22.347900390625
6737,28.382568359375
6738,0.6130371093750001
6739,0.71240234375
6740,6.270751953125
6741,1.583740234375
6742,-17.794677734375
6743,20.771240234375
6744,-3.667724609375
6745,-6.899658203125
6746,-5.606689453125
6747,34.793701171875
6748,21.35205078125
6749,-5.887939453125
6750,0.7138671875
6751,3.53955078125
6752,9.752685546875
6753,3.200439453125
6754,25.36376953125
6755,-7.240234375000001
6756,-2.1552734375
6757,-0.9265136718750002
6758,9.06201171875
6759,7.800537109374999
6760,23.512207031250004
6761,0.96044921875
6762,99.066650390625
6763,28.875
6764,-2.127197265625
6765,55.452880859375
6766,-31.180908203124996
6767,11.3515625
6768,101.45922851562499
6769,31.9716796875
6770,3.615234375
6771,-34.532470703125
6772,-49.779541015625
6773,-16.40576171875
6774,7.581298828125
6775,94.1484375
6776,-48.607177734375
6777,28.091552734374996
6778,70.552734375
6779,21.647705078125
6780,48.14794921875
6781,94.063720703125
6782,-46.40502929687501
6783,29.322509765625
6784,-8.33349609375
6785,-31.61572265625
6786,0.36865234375
6787,-16.2978515625
6788,27.363037109375
6789,22.720458984375
6790,27.3564453125
6791,4.39892578125
6792,-1.83203125
6793,-12.523193359375
6794,31.60791015625
6795,24.698974609375
6796,20.342773437499996
6797,1.412353515625
6798,-18.016357421875
6799,-13.5361328125
6800,17.33251953125
6801,18.431884765625
6802,5.68701171875
6803,0.736328125
6804,-9.991943359375
6805,-20.928466796875004
6806,-3.453613281250001
6807,19.265625
6808,1.606689453125
6809,-4.37939453125
6810,-0.31152343749999994
6811,41.67236328125
6812,2.47802734375
6813,-1.524169921875
6814,83.89794921875
6815,77.122802734375
6816,28.545166015625
6817,-4.25048828125
6818,-1.905517578125
6819,-11.33251953125
6820,79.80419921875
6821,75.0654296875
6822,28.497802734374996
6823,47.12939453125001
6824,-7.5595703125
6825,7.116455078125
6826,2.645751953125
6827,8.568115234375
6828,22.74853515625
6829,22.893798828125
6830,-30.764892578125
6831,-15.466552734375
6832,-7.86962890625
6833,0.86962890625
6834,18.1591796875
6835,24.02880859375
6836,-5.875
6837,-11.12646484375
6838,-14.2587890625
6839,55.713134765625
6840,-10.195556640625
6841,1.4536132812500004
6842,-3.793701171875
6843,3.83935546875
6844,30.38037109375
6845,64.875732421875
6846,-16.946044921875
6847,0.5568847656249996
6848,-3.8688964843749996
6849,-23.254638671875
6850,42.38232421875
6851,61.531005859375
6852,2.638916015625
6853,-2.743896484375
6854,-1.552734375
6855,-1.9506835937500002
6856,-8.12744140625
6857,7.260009765625
6858,3.123291015625
6859,0.307373046875
6860,-0.857421875
6861,-5.0478515625
6862,-19.815185546875
6863,-6.35498046875
6864,-1.4946289062499998
6865,90.1103515625
6866,-15.009521484375005
6867,-9.2587890625
6868,-20.28955078125
6869,-24.874755859375
6870,101.757568359375
6871,67.076416015625
6872,-19.742919921875
6873,-3.7966308593750018
6874,-21.36474609375
6875,59.96533203125
6876,74.526123046875
6877,50.31127929687501
6878,51.809814453125
6879,-19.397705078125
6880,-25.22998046875
6881,-17.64453125
6882,41.83056640624999
6883,55.1162109375
6884,71.81982421875
6885,-23.021484375
6886,-27.819580078125
6887,-17.27197265625
6888,6.035888671875
6889,49.27978515625
6890,55.26708984375
6891,20.360351562500004
6892,35.38671875
6893,-4.65966796875
6894,4.400634765625
6895,2.0830078125
6896,10.9541015625
6897,2.2109375
6898,33.4765625
6899,-3.994384765625
6900,2.5966796875000004
6901,4.685302734375
6902,29.77490234375
6903,10.7001953125
6904,45.829833984375
6905,-28.722900390625
6906,-23.496337890625
6907,-16.528076171875
6908,28.634521484375
6909,54.9296875
6910,44.343994140625
6911,-29.225830078125
6912,-21.89208984375
6913,-13.84521484375
6914,26.388916015625
6915,53.09619140625
6916,-22.656005859375
6917,-29.550292968749996
6918,-7.740478515625
6919,18.0107421875
6920,12.696533203125
6921,7.3154296875
6922,-30.239013671875
6923,-22.250244140625
6924,-3.240966796875
6925,23.499267578125
6926,15.83349609375
6927,45.72998046875
6928,-9.825439453125
6929,-12.55712890625
6930,1.0615234375
6931,21.0537109375
6932,20.375732421875
6933,14.78125
6934,-5.26416015625
6935,-6.48388671875
6936,-8.27099609375
6937,23.12060546875
6938,23.35888671875
6939,15.32470703125
6940,-11.01806640625
6941,-1.656982421875
6942,-10.1416015625
6943,1.6704101562499998
6944,1.783935546875
6945,1.742431640625
6946,-9.4921875
6947,-4.671142578125
6948,26.529541015625
6949,4.89404296875
6950,-2.18212890625
6951,-1.818359375
6952,-2.51611328125
6953,-21.0693359375
6954,11.189697265625
6955,4.037841796875
6956,48.287109375
6957,-30.50732421875
6958,-29.54931640625
6959,-24.97998046875
6960,-18.879150390625
6961,39.115478515625
6962,54.1787109375
6963,-26.64697265625
6964,-29.149169921875
6965,-28.434814453125
6966,-1.8212890625
6967,4.841064453125
6968,53.6982421875
6969,167.31469726562503
6970,95.94311523437499
6971,-86.919921875
6972,-65.702880859375
6973,49.38500976562501
6974,106.762939453125
6975,65.700439453125
6976,92.36572265625
6977,-83.629638671875
6978,-65.219970703125
6979,122.794189453125
6980,51.268310546875
6981,131.285888671875
6982,13.430419921875
6983,-12.1826171875
6984,-3.5634765624999996
6985,-14.851806640625
6986,16.033447265625
6987,22.236572265625004
6988,20.510986328125
6989,-7.6767578125
6990,2.4794921875000004
6991,-18.879150390625
6992,1.004638671875
6993,14.546630859375
6994,1.2612304687500002
6995,-0.5029296875
6996,2.37890625
6997,10.778076171875
6998,0.9606933593750001
6999,1.7622070312499998
7000,2.866943359375
7001,5.01123046875
7002,2.517578125
7003,6.43798828125
7004,4.345947265625
7005,6.898681640625001
7006,2.20849609375
7007,12.525146484374998
7008,11.71435546875
7009,3.275634765625
7010,3.1896972656250004
7011,5.30810546875
7012,-2.173583984375
7013,14.698486328125
7014,7.18408203125
7015,7.6982421875
7016,3.864013671875
7017,2.163330078125
7018,-10.001220703125
7019,14.841552734375
7020,10.7412109375
7021,18.113525390625
7022,4.598388671875
7023,7.36767578125
7024,3.52978515625
7025,14.531494140625
7026,-1.8212890625
7027,3.66455078125
7028,0.302001953125
7029,5.77099609375
7030,0.921875
7031,6.35302734375
7032,2.8623046875000004
7033,-2.865234375
7034,-0.8466796875
7035,4.468505859375
7036,2.554443359375
7037,-6.990966796875
7038,-1.0512695312500004
7039,-4.056884765625
7040,5.861572265625
7041,6.458251953125
7042,3.358154296875
7043,-2.999755859375
7044,-9.812255859375
7045,-11.347900390625
7046,5.163330078125
7047,6.98974609375
7048,11.876953125
7049,-3.244384765625
7050,14.416748046875
7051,-2.5412597656250004
7052,-10.172119140625
7053,3.34814453125
7054,7.97802734375
7055,-3.423095703125
7056,11.318603515625002
7057,1.5693359375
7058,-5.34521484375
7059,-2.3200683593750004
7060,12.871826171875
7061,7.09130859375
7062,10.5869140625
7063,8.170654296875
7064,-26.934082031250004
7065,-12.406982421875
7066,15.304931640625
7067,2.68359375
7068,9.98974609375
7069,4.4326171875
7070,-4.8779296875
7071,-8.447509765625
7072,10.2421875
7073,-14.329345703125
7074,10.298095703125
7075,45.26562499999999
7076,45.052001953125
7077,-17.557861328125
7078,-24.532470703125
7079,-19.081542968749996
7080,13.712890625
7081,46.400390625
7082,43.0498046875
7083,4.597412109375
7084,14.358886718749998
7085,-9.119384765625
7086,61.90429687499999
7087,71.064697265625
7088,-58.61669921875
7089,-28.622314453125
7090,16.87744140625
7091,21.62255859375
7092,20.5126953125
7093,74.38232421875
7094,-62.23876953125
7095,-26.9091796875
7096,-1.8637695312499998
7097,-63.618896484375
7098,83.859130859375
7099,-0.1513671875
7100,3.015625
7101,-8.663330078125
7102,-7.016357421875
7103,16.47412109375
7104,6.896240234375
7105,2.585693359375
7106,6.04833984375
7107,-6.56201171875
7108,0.89453125
7109,18.953125
7110,9.186279296875
7111,6.438720703125
7112,-10.421875
7113,-21.399169921875
7114,16.567626953125
7115,15.61865234375
7116,17.1767578125
7117,-10.76708984375
7118,-13.19970703125
7119,-24.25439453125
7120,14.51708984375
7121,6.0703125
7122,-35.3125
7123,3.193359375
7124,-13.118896484374998
7125,5.2158203125
7126,-3.133544921875
7127,-5.90869140625
7128,6.022705078125
7129,-5.529296875000001
7130,-11.460205078125
7131,-24.45361328125
7132,0.27392578125
7133,-5.497802734375
7134,8.6171875
7135,1.7294921875
7136,6.8154296875
7137,19.083984375
7138,17.107666015625
7139,-15.14306640625
7140,2.5498046875000004
7141,-2.715576171875
7142,-8.927734375
7143,11.322998046875
7144,1.495361328125
7145,-12.4013671875
7146,1.883544921875
7147,-2.173828125
7148,-0.09814453125
7149,5.19580078125
7150,-4.339599609375
7151,-14.18994140625
7152,11.498779296875
7153,-15.384521484374998
7154,-11.7314453125
7155,10.18212890625
7156,13.8837890625
7157,-4.626708984375
7158,11.70458984375
7159,-13.784912109375
7160,-15.370361328125
7161,-1.758056640625
7162,2.4150390624999996
7163,-16.345458984375
7164,-58.927734375
7165,14.555175781250002
7166,23.475341796875004
7167,32.0908203125
7168,-10.724609375
7169,-72.59326171875
7170,-59.34814453125001
7171,16.878662109375
7172,24.287109375
7173,30.045166015625
7174,41.958984375
7175,-66.020263671875
7176,-57.485107421875
7177,5.6064453125
7178,5.797607421875
7179,2.46875
7180,-2.56787109375
7181,-10.111572265625
7182,-6.8583984375
7183,0.38671875
7184,11.094238281250002
7185,6.846923828125
7186,0.032470703125
7187,9.891845703125
7188,-1.556884765625
7189,-3.35888671875
7190,60.09252929687501
7191,-38.03076171875
7192,61.486572265625
7193,30.4443359375
7194,7.8251953125
7195,9.2021484375
7196,16.879638671875
7197,-40.665283203125
7198,58.672119140625
7199,28.607666015625
7200,30.560791015625
7201,27.829345703125
7202,47.96337890625
7203,-24.583740234375
7204,-7.475341796875
7205,16.367431640625
7206,72.325439453125
7207,-7.716064453125
7208,-3.8349609375000004
7209,-5.49072265625
7210,-12.42822265625
7211,7.795166015625
7212,65.7060546875
7213,22.05322265625
7214,14.673339843749996
7215,-25.976318359375
7216,52.794189453125
7217,-6.53759765625
7218,-21.050537109375
7219,-21.630615234375
7220,14.917236328125
7221,20.583984375
7222,1.708251953125
7223,-12.140624999999998
7224,-15.2607421875
7225,-19.16748046875
7226,7.715087890625001
7227,29.48876953125
7228,12.376708984374998
7229,13.297363281250002
7230,4.7236328125
7231,-6.224609375000001
7232,-4.3828125
7233,-3.438232421875
7234,-1.3295898437500002
7235,12.93408203125
7236,3.3857421875000004
7237,-7.546630859374999
7238,-5.2568359375
7239,4.020751953125
7240,10.900634765625
7241,9.836669921875
7242,-14.668212890625
7243,14.887451171875
7244,27.085693359375
7245,16.409423828125
7246,13.179199218749998
7247,7.13916015625
7248,-22.02880859375
7249,14.596435546875
7250,23.3466796875
7251,19.330322265625004
7252,2.2202148437499982
7253,8.087158203125
7254,-8.674560546875
7255,-7.5263671875
7256,-3.420166015625
7257,-0.46093750000000044
7258,9.253173828125
7259,13.336181640625
7260,10.828125
7261,-9.35498046875
7262,0.9792480468750001
7263,-0.90087890625
7264,11.99072265625
7265,15.97412109375
7266,9.364013671875
7267,-5.15869140625
7268,7.408447265625
7269,7.075439453125
7270,-3.355224609375
7271,-8.38720703125
7272,4.307861328125
7273,20.525390625
7274,12.7744140625
7275,8.703125
7276,1.2963867187500002
7277,-4.091064453125001
7278,14.517333984374998
7279,18.908203125
7280,14.464843750000002
7281,-9.19091796875
7282,-3.864013671875
7283,-14.53271484375
7284,11.372314453125
7285,4.79443359375
7286,5.587158203125
7287,21.123291015625
7288,-7.34033203125
7289,-13.0751953125
7290,6.8505859375
7291,6.8251953125
7292,10.842041015625002
7293,4.264404296875
7294,38.222900390625
7295,-3.2114257812500018
7296,1.1508789062500004
7297,-11.129638671875
7298,27.148681640625
7299,79.11962890625
7300,64.259765625
7301,-5.724609375000001
7302,-2.680419921875
7303,-8.908935546875
7304,69.154541015625
7305,18.455810546875
7306,16.971923828125
7307,7.152587890625001
7308,41.468505859375
7309,58.6220703125
7310,55.669189453125
7311,46.8173828125
7312,8.535400390625
7313,11.550048828125
7314,40.137939453125
7315,60.868896484375
7316,62.406005859375
7317,4.960693359374999
7318,3.71240234375
7319,9.024658203125
7320,13.176513671875
7321,37.763427734375
7322,-9.438720703125
7323,34.818603515625
7324,-0.80908203125
7325,72.616455078125
7326,-9.387939453125
7327,33.10693359375
7328,-12.29443359375
7329,27.045898437499996
7330,2.477783203125
7331,0.537353515625
7332,21.743408203124996
7333,60.821044921875
7334,126.197509765625
7335,64.0712890625
7336,14.245361328125
7337,46.563232421875
7338,44.970947265625
7339,18.70068359375
7340,129.182373046875
7341,69.223388671875
7342,8.865966796875
7343,84.6884765625
7344,87.32275390625
7345,202.259033203125
7346,26.397705078125
7347,8.213134765625
7348,4.75048828125
7349,-1.593994140625
7350,13.520263671875
7351,22.98388671875
7352,19.490478515625
7353,9.412353515625002
7354,3.77197265625
7355,1.8425292968750002
7356,1.0498046875
7357,20.376708984375
7358,21.060302734374996
7359,4.69189453125
7360,4.22216796875
7361,-5.21630859375
7362,-17.764404296875
7363,2.71240234375
7364,9.472656249999998
7365,12.094970703125
7366,3.05419921875
7367,-2.1787109375
7368,-17.046142578125
7369,-6.46728515625
7370,17.51611328125
7371,18.282958984375
7372,-5.686767578125
7373,-5.541259765625
7374,8.156005859375
7375,1.673583984375
7376,-11.5771484375
7377,-3.724609375
7378,8.474609375
7379,-6.62353515625
7380,4.71484375
7381,5.66845703125
7382,8.334228515625
7383,-2.239990234375
7384,-2.46435546875
7385,4.369140625
7386,44.4541015625
7387,52.433837890625
7388,29.581787109375
7389,85.924560546875
7390,13.662353515625002
7391,-8.297119140625
7392,49.34033203125
7393,48.83129882812501
7394,25.396484375
7395,-1.5458984375
7396,12.43505859375
7397,-8.334228515625
7398,20.844482421875
7399,-15.707031249999998
7400,-13.058837890625
7401,-17.296875
7402,7.97607421875
7403,-11.65771484375
7404,26.03955078125
7405,-13.5673828125
7406,-13.955322265625
7407,-14.922363281250002
7408,37.9599609375
7409,8.255859375
7410,40.91015625
7411,-7.832763671875
7412,1.1494140625
7413,-5.204833984375
7414,-7.073486328125
7415,0.8596191406250002
7416,-2.230712890625
7417,-2.606689453125
7418,3.66015625
7419,-5.579345703125
7420,-7.68505859375
7421,26.89208984375
7422,17.138427734375
7423,-1.581787109375
7424,19.857421875
7425,-6.709716796875
7426,38.615966796875
7427,47.139404296875
7428,52.763671875
7429,-23.859130859375
7430,16.195556640625
7431,-12.016357421875
7432,42.067138671875
7433,45.057861328125
7434,-4.05712890625
7435,-3.6630859375000004
7436,20.021728515625
7437,16.964599609375
7438,-9.165283203125
7439,5.06787109375
7440,-9.811279296875
7441,43.267822265625
7442,40.9765625
7443,48.665771484375
7444,-7.824951171875
7445,12.432861328125
7446,-9.27880859375
7447,22.776611328125
7448,22.881591796875004
7449,6.0478515625
7450,-15.377197265625
7451,1.5097656250000004
7452,-11.18505859375
7453,-13.019775390625
7454,-9.635498046875
7455,-6.597900390625001
7456,11.16845703125
7457,2.465576171875
7458,-8.213134765625
7459,-15.04541015625
7460,-3.25732421875
7461,-4.846923828125
7462,-11.1005859375
7463,18.233154296875
7464,31.934326171875
7465,-4.1640625
7466,-4.75
7467,44.25244140625
7468,37.787109375
7469,22.215576171875
7470,31.8623046875
7471,-1.2309570312499998
7472,-1.656982421875
7473,15.787353515625002
7474,55.81591796875
7475,14.55810546875
7476,12.4033203125
7477,13.79150390625
7478,6.276123046875
7479,5.089111328125
7480,0.8740234375
7481,11.078857421875
7482,-11.312255859375
7483,11.009033203125
7484,10.868408203125
7485,4.2724609375
7486,-14.5263671875
7487,-6.2841796875
7488,-1.353271484375
7489,1.084228515625
7490,7.72998046875
7491,1.5615234375
7492,17.30517578125
7493,7.076416015625
7494,-8.912353515625
7495,-4.1904296875
7496,6.988037109374999
7497,2.892578125
7498,15.117675781250002
7499,5.847412109374999
7500,-0.8112792968750001
7501,2.841064453125
7502,4.121826171875
7503,30.53564453125
7504,26.68896484375
7505,26.759033203124996
7506,-4.5625
7507,9.61962890625
7508,8.8427734375
7509,31.8076171875
7510,24.405029296875
7511,22.4482421875
7512,53.589599609375
7513,-24.163330078125
7514,-0.514404296875
7515,38.453857421875
7516,-8.273193359375
7517,-22.164794921875
7518,-14.629150390625
7519,6.932373046875
7520,33.451416015625
7521,36.2958984375
7522,-13.11474609375
7523,-18.28759765625
7524,-16.370849609375
7525,60.618408203125
7526,28.519042968749996
7527,29.289306640625
7528,-17.81494140625
7529,78.459716796875
7530,84.46630859375
7531,84.341796875
7532,-2.11572265625
7533,-11.314208984374998
7534,-12.634521484374998
7535,80.968017578125
7536,85.31689453125
7537,82.337646484375
7538,-45.099365234375
7539,-23.233398437499996
7540,-28.385986328125
7541,23.660888671875
7542,35.926025390625
7543,-9.3603515625
7544,-17.0751953125
7545,34.71142578125
7546,11.079345703125
7547,2.509765625
7548,37.44384765625
7549,-9.80712890625
7550,-15.52197265625
7551,-10.775146484374998
7552,38.097412109375
7553,38.10888671875
7554,-9.459228515625002
7555,3.8603515624999996
7556,29.037109375
7557,43.678466796875
7558,-27.47705078125
7559,-9.95166015625
7560,-7.9267578125
7561,5.4248046875
7562,29.755859375
7563,39.5830078125
7564,4.81689453125
7565,-3.9611816406250018
7566,14.288818359375
7567,9.737548828125
7568,2.81103515625
7569,3.623046875
7570,2.99267578125
7571,11.783935546875
7572,9.47802734375
7573,2.811279296875
7574,0.133056640625
7575,3.49755859375
7576,9.226806640625
7577,6.55859375
7578,-0.025146484375
7579,0.6384277343750001
7580,23.535888671875
7581,9.818115234375
7582,8.960693359375
7583,15.6552734375
7584,-22.155273437499996
7585,-13.72802734375
7586,18.21728515625
7587,4.08740234375
7588,8.798095703125
7589,17.860107421875
7590,-12.969482421875
7591,3.395751953125
7592,12.84375
7593,1.000244140625
7594,11.749267578125
7595,-12.092529296875
7596,-15.706298828125
7597,-19.483642578125
7598,15.791015625
7599,11.45654296875
7600,11.3115234375
7601,-7.908447265625
7602,-12.898681640625
7603,32.3857421875
7604,14.004150390625
7605,-5.008544921875
7606,-8.98486328125
7607,59.80566406250001
7608,53.468505859375
7609,53.601806640625
7610,-3.689208984375
7611,-13.067138671875
7612,3.8154296875000004
7613,58.784912109375
7614,47.58447265625
7615,52.77929687499999
7616,5.208496093749998
7617,-20.992431640625
7618,-14.959228515625002
7619,-15.36474609375
7620,16.783447265625
7621,14.22119140625
7622,-12.228759765625
7623,-6.306884765625
7624,-0.81982421875
7625,-4.080322265625
7626,15.59033203125
7627,18.94384765625
7628,-12.195800781250002
7629,24.124755859375
7630,-24.482666015625
7631,-49.137939453125
7632,-13.635498046875
7633,12.701416015625002
7634,8.521728515625
7635,10.328125
7636,-10.444091796875
7637,-6.271240234375
7638,-14.317138671875
7639,14.78662109375
7640,3.550537109375
7641,8.909912109375
7642,13.193359375
7643,-8.645751953125
7644,-11.408447265625
7645,-14.324218750000002
7646,89.80126953125
7647,34.607421875
7648,47.114013671875
7649,3.6806640624999996
7650,-0.7414550781249999
7651,6.553955078125
7652,84.74609374999999
7653,38.614013671875
7654,45.724853515625
7655,-14.8056640625
7656,-22.71484375
7657,-23.144042968749996
7658,12.093261718749998
7659,-44.139892578125
7660,-39.68872070312499
7661,-52.419921875
7662,20.945556640625
7663,28.109130859375
7664,19.010498046875
7665,-44.596435546875
7666,-42.036376953125
7667,-52.71728515625
7668,-16.686279296875
7669,32.916748046875
7670,11.351318359375
7671,51.110595703125
7672,-7.2578125
7673,-5.307373046875
7674,-22.037109375
7675,82.841064453125
7676,30.4775390625
7677,57.845947265625
7678,-7.1064453125
7679,-4.23681640625
7680,-20.593017578125
7681,7.384521484375
7682,34.91455078125
7683,53.920166015625
7684,-8.047119140625
7685,20.579833984375
7686,1.485595703125
7687,3.576904296875
7688,-0.5063476562499998
7689,11.65771484375
7690,-9.071533203125
7691,19.1025390625
7692,-0.9733886718750001
7693,-2.209716796875
7694,-9.958251953125
7695,-17.435546875
7696,-1.621337890625
7697,16.264404296875
7698,10.638671875
7699,-4.631103515625
7700,0.343017578125
7701,-6.16845703125
7702,5.117919921875
7703,4.1484375
7704,10.59521484375
7705,-6.64306640625
7706,-1.882568359375
7707,41.02880859375
7708,14.461425781250002
7709,13.705810546875
7710,-1.9951171875
7711,-6.892333984375
7712,-10.35791015625
7713,-8.73681640625
7714,-8.35986328125
7715,9.0380859375
7716,0.104248046875
7717,-3.80859375
7718,-12.031982421875
7719,-10.97119140625
7720,19.378417968749996
7721,3.56787109375
7722,2.8447265624999996
7723,42.386474609375
7724,-18.30908203125
7725,-15.992431640625
7726,-15.98291015625
7727,113.808349609375
7728,57.921142578125
7729,49.484130859375
7730,-20.92919921875
7731,-20.487792968749996
7732,-13.804931640625
7733,22.7158203125
7734,36.127197265625
7735,51.80029296875
7736,26.767333984375
7737,3.89404296875
7738,-1.2104492187500002
7739,-2.014892578125
7740,-9.072998046875
7741,10.92333984375
7742,9.2060546875
7743,-0.9143066406249999
7744,-0.9467773437500003
7745,2.221435546875
7746,13.953125
7747,7.226806640625001
7748,18.0439453125
7749,-25.772216796875004
7750,24.31396484375
7751,14.023925781250002
7752,3.569091796875
7753,44.10620117187499
7754,43.9658203125
7755,-24.01416015625
7756,31.786376953125
7757,15.4248046875
7758,0.6330566406249999
7759,-3.59033203125
7760,-23.51171875
7761,-27.331542968749996
7762,7.673583984375
7763,-0.26806640625
7764,-7.18798828125
7765,2.258544921875
7766,14.625488281250002
7767,-25.75830078125
7768,1.859619140625
7769,-2.71337890625
7770,-6.035400390625001
7771,0.23876953125
7772,6.337890624999999
7773,37.256103515625
7774,3.07958984375
7775,64.30029296875
7776,38.595947265625
7777,-30.04638671875
7778,-20.696533203124996
7779,104.397705078125
7780,30.324462890625
7781,36.79931640625
7782,38.7236328125
7783,-26.557373046875
7784,-25.267822265625004
7785,14.15625
7786,10.909423828125
7787,9.8115234375
7788,-11.773681640625
7789,7.945068359374999
7790,-13.4208984375
7791,-5.48876953125
7792,67.02587890625
7793,-7.432373046875
7794,58.20166015625
7795,1.7016601562499998
7796,-13.412109375
7797,-7.772216796875
7798,28.946533203124996
7799,10.927734375
7800,5.9150390625
7801,-10.2314453125
7802,3.284423828125
7803,8.590576171875
7804,-0.9267578125
7805,7.370361328125
7806,-3.085205078125
7807,-5.6787109375
7808,2.34228515625
7809,12.245849609375
7810,-0.37890625
7811,11.14697265625
7812,1.982421875
7813,-1.477783203125
7814,5.417724609374999
7815,37.72607421875
7816,104.365234375
7817,37.496337890625
7818,50.420654296875
7819,108.93701171875
7820,71.093505859375
7821,47.487060546875
7822,107.505126953125
7823,27.072021484375
7824,9.995361328125
7825,20.9326171875
7826,12.574462890625
7827,2.077392578125
7828,6.495849609374999
7829,-6.5654296875
7830,-8.607177734375
7831,29.954833984375
7832,-11.339111328125
7833,2.867431640625
7834,2.51611328125
7835,1.556396484375
7836,-5.734619140625001
7837,1.457763671875
7838,5.263916015625
7839,8.18798828125
7840,48.02880859375
7841,8.8125
7842,-12.31787109375
7843,0.71630859375
7844,18.10302734375
7845,-6.930419921875
7846,53.447265625
7847,8.1982421875
7848,-9.035888671875
7849,-5.755615234375
7850,21.7998046875
7851,49.09716796875
7852,51.8291015625
7853,-15.216552734375
7854,9.460449218749998
7855,13.004150390625
7856,13.678466796875
7857,26.567626953125
7858,9.900634765625
7859,-5.578369140625001
7860,12.988281249999998
7861,10.5283203125
7862,19.631591796875004
7863,4.845458984375
7864,2.68017578125
7865,16.25
7866,11.4873046875
7867,6.729736328125
7868,-0.77734375
7869,3.875
7870,0.8244628906249999
7871,16.20458984375
7872,12.5341796875
7873,7.99755859375
7874,3.417724609375
7875,-0.2951660156249999
7876,11.381103515625002
7877,9.92529296875
7878,-4.17236328125
7879,-14.653076171875
7880,-46.753173828125
7881,-2.332275390625
7882,-22.198974609375
7883,-10.339843750000002
7884,-9.951416015625002
7885,-1.6787109375
7886,-40.652587890625
7887,-2.760986328125
7888,-21.335693359375
7889,-26.48974609375
7890,-4.046630859375
7891,-42.20703125
7892,-5.8486328125
7893,6.6015625
7894,18.231201171875
7895,21.043701171875
7896,36.756591796875
7897,-7.216552734375
7898,4.099853515625
7899,4.283935546875
7900,12.5
7901,23.616943359375
7902,6.103515624999999
7903,-8.7060546875
7904,-21.255126953125
7905,-28.734375
7906,-15.1181640625
7907,-21.804931640625
7908,86.341796875
7909,6.148681640625001
7910,3.221435546875
7911,-9.151611328125
7912,-12.79931640625
7913,-18.32861328125
7914,84.496337890625
7915,4.276123046875001
7916,12.349853515625002
7917,18.578369140625
7918,13.07568359375
7919,3.237060546875
7920,0.8098144531249999
7921,1.1630859375
7922,-5.3447265625
7923,-8.423095703125
7924,9.975830078125
7925,-0.31884765625
7926,0.9401855468750001
7927,3.407958984375
7928,6.93408203125
7929,4.653076171875
7930,7.579345703125
7931,40.283447265625
7932,-27.179443359375
7933,-25.6923828125
7934,-8.751220703125
7935,39.680419921875
7936,44.203369140625
7937,46.941650390625
7938,-28.492431640625
7939,-24.219726562500004
7940,-13.004150390625
7941,34.50439453125
7942,29.878173828125
7943,73.878662109375
7944,-1.7915039062499998
7945,3.08740234375
7946,7.030029296875
7947,5.0283203125
7948,-1.628662109375
7949,5.2802734375
7950,4.529541015625
7951,12.411376953125
7952,8.782958984375
7953,7.29296875
7954,-29.793701171875
7955,4.503173828125
7956,-4.971435546875
7957,7.69970703125
7958,-7.443603515625
7959,-9.00634765625
7960,-8.080078125
7961,29.09326171875
7962,29.501220703125
7963,-0.955078125
7964,-0.04101562499999955
7965,-8.0126953125
7966,-1.330078125
7967,-17.701904296875
7968,-16.626708984375
7969,5.597412109374999
7970,32.497802734375
7971,122.921142578125
7972,-1.5356445312500016
7973,123.59692382812501
7974,24.626953125
7975,23.954833984375
7976,31.3798828125
7977,130.966552734375
7978,-3.409179687500002
7979,128.205078125
7980,-12.160400390625
7981,18.38671875
7982,24.27099609375
7983,6.092041015625
7984,4.613525390625001
7985,4.93310546875
7986,8.45458984375
7987,0.040283203125
7988,1.9106445312499998
7989,7.95703125
7990,3.847900390625
7991,10.180908203125
7992,3.26806640625
7993,11.7421875
7994,0.7463378906249999
7995,6.58251953125
7996,-3.271484375
7997,8.401123046875
7998,18.53759765625
7999,-11.789306640625
8000,7.299072265625
8001,-2.545166015625
8002,3.49609375
8003,4.758544921875
8004,15.042724609375
8005,-14.264404296875
8006,38.21118164062499
8007,1.528564453125
8008,21.3818359375
8009,5.07666015625
8010,57.152099609375
8011,-17.70947265625
8012,10.63525390625
8013,1.1542968749999998
8014,9.594238281250002
8015,35.40283203125
8016,51.53515625
8017,-18.0869140625
8018,11.7900390625
8019,-1.3469238281249998
8020,52.97875976562501
8021,26.684082031250004
8022,-4.540771484375
8023,26.879638671875
8024,18.731689453125
8025,43.558349609375
8026,-5.955078124999999
8027,-15.14404296875
8028,-18.5205078125
8029,23.871582031250004
8030,23.661865234375
8031,39.78857421875
8032,-37.1416015625
8033,-11.132324218749998
8034,-15.4365234375
8035,-1.222900390625
8036,-2.80322265625
8037,-4.8720703125
8038,-5.73779296875
8039,-19.78515625
8040,-2.07861328125
8041,-2.0634765625
8042,-6.595458984375
8043,-6.329833984375
8044,-4.5087890625
8045,31.5361328125
8046,1.8125
8047,-7.329833984375
8048,-0.8151855468750001
8049,19.77490234375
8050,21.800292968749996
8051,22.1279296875
8052,9.490478515625002
8053,-4.3046875
8054,-7.95556640625
8055,20.882568359375
8056,21.729248046875
8057,22.346435546875
8058,12.958740234375
8059,-5.0244140625
8060,-7.28466796875
8061,39.61816406250001
8062,-58.66381835937501
8063,-70.80615234375
8064,-64.93505859375
8065,-16.327392578125
8066,36.80810546875
8067,48.2607421875
8068,-60.294677734375
8069,-71.391357421875
8070,-66.968017578125
8071,24.7763671875
8072,33.8349609375
8073,35.05908203125
8074,10.390869140625
8075,24.46435546875
8076,8.5078125
8077,22.1630859375
8078,1.2993164062499991
8079,29.99951171875
8080,7.49462890625
8081,25.31982421875
8082,6.7236328125
8083,19.76611328125
8084,24.78173828125
8085,-3.0263671875000004
8086,12.2802734375
8087,54.556396484375
8088,45.656005859375
8089,140.88330078125
8090,91.3505859375
8091,-34.111083984375
8092,13.533935546875
8093,37.211669921875
8094,45.96752929687501
8095,147.72802734375
8096,90.44384765625
8097,1.7504882812499998
8098,-33.227294921875
8099,39.516845703125
8100,13.751220703125
8101,-35.680908203125
8102,102.16796875
8103,-44.843017578125
8104,105.1201171875
8105,8.296386718749998
8106,27.43017578125
8107,-34.293212890625
8108,104.54736328124999
8109,-45.64941406250001
8110,-9.59912109375
8111,97.664794921875
8112,110.64599609375
8113,42.29443359375001
8114,-16.891845703125
8115,-27.719482421875
8116,-16.4599609375
8117,123.47509765625001
8118,22.344970703125
8119,36.23486328125
8120,-20.97265625
8121,-26.893310546875
8122,-16.669677734375
8123,19.389404296875
8124,19.11767578125
8125,28.468017578125
8126,-11.612548828125
8127,41.059326171875
8128,23.59814453125
8129,25.658447265625004
8130,7.31982421875
8131,-11.625
8132,-14.315673828125
8133,36.028564453125
8134,26.195556640625
8135,25.824462890625
8136,-1.959228515625
8137,-13.135009765625
8138,-16.778564453125
8139,-2.479248046875
8140,2.604736328125
8141,-1.22265625
8142,3.495849609375
8143,-7.3935546875
8144,8.226318359375
8145,1.5234375
8146,1.036376953125
8147,3.04638671875
8148,2.989501953125
8149,1.939697265625
8150,3.913330078125
8151,-2.505126953125
8152,6.517578124999999
8153,-7.836181640625001
8154,-13.867431640625
8155,-3.22900390625
8156,3.76611328125
8157,8.095703125
8158,-3.645751953125
8159,1.10693359375
8160,-14.111572265625
8161,-6.817138671875
8162,61.01318359375001
8163,8.546875
8164,6.779296875000001
8165,40.4599609375
8166,71.127197265625
8167,-27.33984375
8168,-26.98486328125
8169,56.187744140625
8170,113.75048828125
8171,41.80810546874999
8172,71.986328125
8173,-30.60009765625
8174,-24.93701171875
8175,33.983642578125
8176,41.05004882812501
8177,40.131103515625
8178,34.716552734375
8179,-9.049560546875
8180,-25.65478515625
8181,-38.91162109375
8182,51.58935546874999
8183,-6.208740234375
8184,84.899658203125
8185,-14.581787109375
8186,-25.070556640625
8187,-38.806884765625
8188,-4.61279296875
8189,15.47021484375
8190,-1.5581054687500002
8191,79.323974609375
8192,2.34423828125
8193,32.058349609375
8194,-2.2219238281250013
8195,114.12426757812499
8196,122.59619140625
8197,61.570556640625
8198,8.433837890625
8199,32.656982421875
8200,-2.932128906250002
8201,50.340576171875
8202,96.86132812500001
8203,-5.960205078125
8204,-11.556396484374998
8205,39.15380859375
8206,28.473876953125
8207,15.507568359375
8208,-24.889648437499996
8209,-38.784423828125
8210,-27.371582031250004
8211,33.377685546875
8212,29.815673828125
8213,12.112060546875
8214,11.90283203125
8215,-15.9345703125
8216,16.021240234375
8217,109.86132812500001
8218,-7.465576171875002
8219,12.8837890625
8220,-19.200927734374996
8221,43.86328125
8222,49.736328125
8223,44.902099609375
8224,-9.840087890625
8225,5.62890625
8226,-20.44580078125
8227,131.196533203125
8228,121.41015625
8229,129.0732421875
8230,119.191650390625
8231,38.989501953125
8232,-7.633544921875
8233,-13.957275390625
8234,32.067138671875
8235,37.8291015625
8236,109.8916015625
8237,30.911376953125
8238,-10.357666015625002
8239,-14.503662109375
8240,27.586181640625
8241,61.133056640625
8242,117.087158203125
8243,-4.274169921875
8244,-4.000244140625
8245,0.110595703125
8246,-6.197265624999999
8247,7.447021484375
8248,1.9135742187500002
8249,-2.6689453124999996
8250,-1.755126953125
8251,-2.560302734375
8252,-4.061767578125
8253,16.656494140625
8254,-7.582275390625001
8255,5.3759765625
8256,35.149658203125
8257,-14.5185546875
8258,-29.734130859375
8259,-35.712890625
8260,-6.239990234375
8261,3.414794921875
8262,36.360107421875
8263,-11.937011718749998
8264,-32.0341796875
8265,-33.62060546875
8266,-1.685546875
8267,-2.47900390625
8268,40.0283203125
8269,4.654296875000001
8270,12.135498046875
8271,1.247314453125
8272,4.77978515625
8273,-15.56494140625
8274,10.97998046875
8275,-2.979248046875
8276,14.69873046875
8277,-1.309814453125
8278,6.70849609375
8279,-6.756591796875
8280,-2.416015625
8281,-4.15380859375
8282,-42.818603515625
8283,13.344238281250002
8284,105.21923828125
8285,72.36865234375
8286,57.757080078125
8287,-14.441650390625
8288,-19.804443359375
8289,15.853515625
8290,111.15136718750001
8291,72.671630859375
8292,11.783447265624998
8293,-9.158447265625
8294,-17.30419921875
8295,-2.642578125
8296,-4.90869140625
8297,15.651123046875
8298,3.83642578125
8299,8.428955078125
8300,15.712890625
8301,10.2587890625
8302,-3.312744140625
8303,15.551025390625
8304,2.390869140625
8305,19.440185546875
8306,4.84814453125
8307,14.103515625
8308,17.3447265625
8309,46.5048828125
8310,43.265380859375
8311,52.575927734375
8312,-8.809326171875
8313,-7.363037109374999
8314,12.251220703125
8315,43.730224609375
8316,42.01562499999999
8317,54.9150390625
8318,16.294677734375
8319,-6.10595703125
8320,33.603515625
8321,38.60693359375001
8322,-18.946044921875
8323,26.495849609375
8324,-8.5234375
8325,-5.7734375
8326,10.394287109375
8327,-8.443603515625
8328,-24.851562499999996
8329,19.82177734375
8330,1.07763671875
8331,33.275634765625
8332,64.014404296875
8333,16.2158203125
8334,3.79833984375
8335,-2.859130859375
8336,2.559814453125
8337,3.14892578125
8338,-9.395263671875
8339,5.36767578125
8340,1.658203125
8341,-6.54296875
8342,-0.174560546875
8343,1.4399414062499998
8344,8.9296875
8345,-0.8642578125
8346,0.086669921875
8347,0.539794921875
8348,14.515625
8349,-0.6474609375
8350,-6.953857421875
8351,-10.060302734375
8352,-1.521484375
8353,-5.873779296875
8354,15.682373046875
8355,1.400390625
8356,-3.681396484375
8357,4.204345703125
8358,1.8237304687500002
8359,-4.4560546875
8360,-0.6496582031249993
8361,50.7548828125
8362,23.413818359375
8363,50.0595703125
8364,-7.94384765625
8365,-8.58349609375
8366,-19.749267578125
8367,50.82470703125
8368,18.3447265625
8369,48.195556640625
8370,5.740966796875
8371,0.056152343749999944
8372,-2.156494140625
8373,1.443603515625
8374,12.30224609375
8375,-10.963623046875
8376,-12.90283203125
8377,1.022705078125
8378,2.18701171875
8379,4.873046875000001
8380,16.34814453125
8381,-13.159423828125
8382,-12.714599609375
8383,-1.5424804687500002
8384,14.522705078125
8385,1.0402832031250004
8386,19.030029296875
8387,-6.133544921875
8388,-9.2412109375
8389,-16.6162109375
8390,-6.519775390625001
8391,10.991699218749998
8392,19.976318359375
8393,-9.114990234375
8394,-8.7138671875
8395,-16.147705078125
8396,26.999023437499996
8397,19.376220703125
8398,2.554443359375
8399,39.151123046875
8400,13.4111328125
8401,-4.356201171875
8402,-4.229736328125
8403,-5.121826171875
8404,47.33935546874999
8405,33.2490234375
8406,13.838623046875
8407,-8.394775390625
8408,-4.5498046875
8409,67.4287109375
8410,55.599609375
8411,42.6826171875
8412,-0.554443359375
8413,-10.333984375
8414,-22.812744140625
8415,-18.284423828125
8416,16.198486328125
8417,7.87255859375
8418,-3.09375
8419,-17.540283203125
8420,-23.250732421875
8421,-19.922851562500004
8422,-55.109130859375
8423,62.72875976562501
8424,-5.080078124999999
8425,-1.663818359375
8426,-3.76025390625
8427,-7.06884765625
8428,-3.760009765625
8429,-1.8193359375
8430,13.385498046875
8431,11.843505859375
8432,-6.969970703125
8433,-0.001953125
8434,0.84326171875
8435,14.266357421875
8436,9.629638671875
8437,7.162841796875
8438,-60.923583984375
8439,-36.853759765625
8440,21.850341796875004
8441,51.542724609375
8442,-13.323974609375
8443,-14.1220703125
8444,47.27929687499999
8445,-34.940185546875
8446,21.284423828125
8447,50.10620117187499
8448,80.335205078125
8449,91.4609375
8450,0.818359374999999
8451,6.012939453125
8452,-9.907958984374998
8453,-7.787109375000001
8454,-0.5498046874999999
8455,-4.525146484375
8456,-3.098388671875
8457,-13.05810546875
8458,-5.698974609374999
8459,-11.484375
8460,10.919921875
8461,8.47900390625
8462,3.75244140625
8463,-12.119384765625
8464,-4.207275390625
8465,49.79833984375
8466,-15.173095703125
8467,-5.177246093750001
8468,-45.425537109375
8469,152.618896484375
8470,-0.25927734375
8471,50.672119140625
8472,-14.760986328125
8473,-4.099853515625
8474,45.5927734375
8475,27.35888671875
8476,8.888671875
8477,22.8369140625
8478,-11.519531249999998
8479,-2.27587890625
8480,11.73291015625
8481,-14.03369140625
8482,26.617187500000004
8483,22.35693359375
8484,-7.964599609374999
8485,-5.112060546875
8486,8.155517578125
8487,6.090087890625001
8488,8.515869140625
8489,13.0234375
8490,-36.011962890625
8491,-34.509521484375
8492,-21.085937500000004
8493,68.4111328125
8494,-17.017333984375
8495,-15.71435546875
8496,-15.49755859375
8497,-37.312744140625
8498,-20.546630859375
8499,72.700439453125
8500,87.152587890625
8501,-13.133056640625
8502,12.455810546875
8503,-5.6005859375
8504,-7.400390624999999
8505,-22.657226562500004
8506,24.19677734375
8507,-21.044921875
8508,-23.858398437499996
8509,38.017333984375
8510,-5.655517578125
8511,-21.8408203125
8512,24.775146484375
8513,56.548095703125
8514,36.26708984375
8515,40.22314453125001
8516,-4.545654296875
8517,11.948486328125
8518,6.725341796875
8519,34.113525390625
8520,3.5439453124999996
8521,-5.853271484375
8522,-8.412109375
8523,12.590576171875
8524,-0.388916015625
8525,27.029052734374996
8526,6.8544921875
8527,-3.906005859375
8528,-8.115478515625
8529,-15.578369140625
8530,19.728271484375
8531,24.307861328125
8532,42.006591796875
8533,-3.945556640625
8534,-34.2998046875
8535,-14.876220703125
8536,23.368408203124996
8537,21.28173828125
8538,43.411865234375
8539,-56.63500976562501
8540,-27.168457031250004
8541,-10.09228515625
8542,112.319091796875
8543,-9.353271484375004
8544,-3.78271484375
8545,-5.070556640625002
8546,59.96044921875
8547,104.810546875
8548,101.053955078125
8549,-5.342041015625
8550,-6.625244140625001
8551,-7.812255859374999
8552,18.34912109375
8553,107.891357421875
8554,103.48291015625
8555,38.42187500000001
8556,-7.687255859374999
8557,-6.391357421875
8558,-11.558349609375
8559,4.598876953125
8560,-5.681640624999999
8561,-5.652099609374999
8562,-10.286865234375
8563,-8.283935546875
8564,-12.436767578125
8565,51.57812499999999
8566,56.552001953125
8567,68.421630859375
8568,1.5419921875
8569,-3.1123046875000004
8570,2.763916015625
8571,2.5927734375000004
8572,-12.709716796875
8573,0.310546875
8574,0.43603515625
8575,2.030029296875
8576,13.071044921875
8577,5.54736328125
8578,2.27978515625
8579,0.70947265625
8580,6.817138671875
8581,2.912109375
8582,-3.03369140625
8583,-14.279296875
8584,-10.688232421875
8585,9.855712890625
8586,12.381591796875
8587,-0.286865234375
8588,-0.147216796875
8589,-19.863037109375
8590,-9.6865234375
8591,-3.6157226562500004
8592,-7.197998046875
8593,0.478759765625
8594,-7.42236328125
8595,31.159912109375
8596,51.48999023437499
8597,48.138916015625
8598,7.257080078125
8599,-10.219970703125
8600,-13.5869140625
8601,32.021484375
8602,51.37255859375
8603,53.29052734375
8604,1.181396484375
8605,-9.167236328125
8606,-8.943359375
8607,-21.291015625
8608,-29.000244140625
8609,26.639648437499996
8610,16.954833984375
8611,-12.799072265625
8612,-14.931396484374998
8613,33.64404296875
8614,-28.159912109375
8615,25.008056640625
8616,24.25
8617,-23.324462890625
8618,-20.64013671875
8619,-6.113525390625001
8620,0.407470703125
8621,-5.454345703125
8622,-7.518310546875
8623,9.839843750000002
8624,32.347900390625
8625,-3.657470703125
8626,6.326904296875
8627,-10.204833984374998
8628,-9.2412109375
8629,8.02587890625
8630,-6.29248046875
8631,-3.829833984375
8632,4.342529296875
8633,5.808349609374999
8634,-16.27099609375
8635,6.17138671875
8636,-5.940185546875
8637,9.19775390625
8638,3.290283203125
8639,-8.13037109375
8640,-12.638427734375
8641,-4.1376953125
8642,-3.142578125
8643,-6.462646484375
8644,-12.41162109375
8645,0.258056640625
8646,-1.3564453125
8647,21.135986328125
8648,2.211181640625
8649,8.485107421875
8650,32.4287109375
8651,4.79931640625
8652,12.253173828125
8653,22.443603515625
8654,-1.260498046875
8655,3.445556640625
8656,-4.918701171875
8657,-3.670166015625
8658,-4.735595703125
8659,86.762451171875
8660,69.806884765625
8661,-27.605957031250004
8662,-38.107177734375
8663,-1.604736328125
8664,66.148193359375
8665,89.2919921875
8666,70.728759765625
8667,-26.346435546875
8668,-36.520263671875
8669,12.778564453125
8670,17.956787109375
8671,107.099853515625
8672,-4.424560546875
8673,24.517578125
8674,20.319091796875004
8675,50.995849609375
8676,-25.9560546875
8677,-17.001220703125
8678,-26.30810546875
8679,17.61474609375
8680,30.082763671875
8681,55.593017578125
8682,-37.256103515625
8683,-15.1181640625
8684,6.7548828125
8685,-4.1962890625
8686,-9.01904296875
8687,-21.533935546875
8688,-12.318603515625002
8689,14.835449218749998
8690,12.816162109375
8691,17.666748046875
8692,-12.281738281250002
8693,-22.029541015625
8694,-10.5625
8695,-1.072265625
8696,-12.759765625
8697,-18.938476562500004
8698,4.443603515625
8699,-5.554443359374999
8700,-14.306884765625
8701,-15.132080078125
8702,28.623291015625
8703,58.6240234375
8704,-0.5537109375
8705,-8.023193359375
8706,-13.797363281250002
8707,-11.65185546875
8708,-14.7568359375
8709,27.69384765625
8710,0.85546875
8711,3.291748046875
8712,5.397216796875
8713,-12.309326171875
8714,-9.2001953125
8715,-8.115966796875
8716,-25.569580078125
8717,6.71435546875
8718,2.381591796875
8719,-7.72021484375
8720,-7.719482421875
8721,-16.311279296875
8722,-15.516845703125
8723,2.451904296875
8724,-5.9384765625
8725,4.732177734375
8726,3.228759765625
8727,1.484375
8728,0.22021484375
8729,-2.38916015625
8730,-11.039550781250002
8731,3.07177734375
8732,2.906005859375
8733,3.076171875
8734,-24.58349609375
8735,-5.697998046875
8736,-13.9287109375
8737,5.489013671875
8738,17.56494140625
8739,15.5712890625
8740,16.510986328125
8741,-36.51513671875
8742,0.2441406249999991
8743,-4.432373046875
8744,24.668457031250004
8745,13.863525390625
8746,15.28125
8747,-2.502685546875
8748,-4.41064453125
8749,-4.4921875
8750,65.11376953125
8751,-9.236328125
8752,-14.699951171875
8753,-18.264892578125
8754,51.272705078125
8755,52.639404296875
8756,58.733642578125
8757,-4.638916015625001
8758,-16.183837890625
8759,-16.61376953125
8760,5.059814453125
8761,3.85107421875
8762,59.17431640624999
8763,3.993408203125
8764,-1.2788085937500002
8765,2.33251953125
8766,-1.615478515625
8767,-29.0205078125
8768,10.286865234375
8769,3.641845703125
8770,1.935546875
8771,-2.482666015625
8772,-4.340576171875
8773,-1.955810546875
8774,22.829101562500004
8775,-6.72314453125
8776,-7.123779296875001
8777,39.23046875
8778,53.968017578125
8779,55.61474609375
8780,-18.824951171875
8781,-16.36865234375
8782,-9.05029296875
8783,43.99243164062499
8784,54.475830078125
8785,58.11669921875
8786,-5.85546875
8787,-25.081787109375
8788,-13.23583984375
8789,9.62255859375
8790,8.46044921875
8791,-5.79736328125
8792,2.96728515625
8793,-7.757568359374999
8794,-10.813232421875
8795,-33.849609375
8796,10.7099609375
8797,-5.34326171875
8798,3.432373046875
8799,-5.22607421875
8800,-0.127197265625
8801,13.550537109375
8802,-2.187255859375
8803,51.276611328125
8804,47.178955078125
8805,-5.878173828125
8806,31.373291015625
8807,0.39379882812499983
8808,-3.699462890625
8809,58.17041015625
8810,45.417236328125
8811,-8.700439453125
8812,17.252197265625
8813,75.20458984375
8814,50.135986328125
8815,2.9077148437499987
8816,-13.223388671875
8817,57.409423828125
8818,58.3779296875
8819,8.2373046875
8820,-23.99609375
8821,5.527099609374999
8822,-15.089599609375
8823,55.224365234375
8824,53.427978515625
8825,-1.849853515625001
8826,55.952880859375
8827,6.00146484375
8828,-6.837646484375
8829,-0.38134765625
8830,3.47802734375
8831,8.934326171875
8832,-10.53369140625
8833,4.68994140625
8834,-7.955078124999999
8835,-6.866455078125
8836,-0.49755859375
8837,12.391113281250002
8838,2.873046875
8839,-18.225341796875
8840,0.83935546875
8841,15.050048828125
8842,-4.973876953125
8843,8.07080078125
8844,5.88525390625
8845,-10.09130859375
8846,8.232421875
8847,15.0869140625
8848,-1.0986328125
8849,6.08935546875
8850,5.33544921875
8851,-18.123779296875
8852,3.361083984375
8853,22.752685546875
8854,0.01171875
8855,51.84497070312499
8856,-14.54248046875
8857,-15.278564453125
8858,-22.952148437499996
8859,-23.705078125
8860,-3.21728515625
8861,43.406005859375
8862,-8.790283203125
8863,-16.039306640625
8864,44.8720703125
8865,31.84228515625
8866,-6.625732421875
8867,4.400390625
8868,-6.146240234375
8869,-3.096923828125
8870,0.38427734375
8871,1.515869140625
8872,4.6796875
8873,-0.4501953125
8874,-4.46337890625
8875,2.900634765625
8876,-3.285400390625
8877,-0.5986328125
8878,6.087890624999999
8879,9.496337890625
8880,-21.642822265625004
8881,89.348388671875
8882,-4.081298828125
8883,2.146484375
8884,-36.9248046875
8885,-41.566650390625
8886,-25.58447265625
8887,89.081787109375
8888,-7.786865234375
8889,-3.81884765625
8890,78.278564453125
8891,80.08447265625
8892,-23.7119140625
8893,-8.963623046875
8894,-3.884765625
8895,-39.53759765625
8896,7.580078124999999
8897,-16.321533203125
8898,0.16284179687499997
8899,62.548095703125
8900,-4.029052734375
8901,-38.86865234375
8902,7.29150390625
8903,19.21484375
8904,23.779541015625
8905,65.9423828125
8906,-10.80615234375
8907,-3.449951171875
8908,-4.07373046875
8909,12.621826171875
8910,-4.332275390625
8911,-8.562988281250002
8912,-10.404296875
8913,-6.180419921875
8914,-7.44873046875
8915,16.718994140625
8916,27.940185546875
8917,80.22021484375
8918,-24.6513671875
8919,-0.8835449218750001
8920,42.8017578125
8921,42.34716796875
8922,8.344482421875
8923,-21.01513671875
8924,-27.78125
8925,-10.939697265625
8926,47.45361328125
8927,41.61474609375
8928,7.165283203125
8929,0.9592285156250002
8930,11.3662109375
8931,-8.701171875
8932,-22.774658203124996
8933,-12.656494140625
8934,32.755859375
8935,17.017333984375
8936,13.061279296875
8937,13.884521484374998
8938,20.512451171875
8939,-12.326904296875
8940,34.1123046875
8941,28.052490234375
8942,11.294189453125
8943,0.2702636718749998
8944,6.686279296875
8945,7.681396484375
8946,19.864013671875
8947,6.624755859374999
8948,7.784912109374999
8949,0.091552734375
8950,14.836669921875
8951,-0.407470703125
8952,8.86376953125
8953,7.187255859374999
8954,9.039794921875
8955,6.8955078125
8956,23.255859375
8957,-7.154052734375
8958,6.505859375000001
8959,40.54125976562501
8960,22.32421875
8961,27.715087890625
8962,-22.284912109375
8963,-13.734375
8964,-4.5537109375
8965,46.270751953125
8966,21.666259765625
8967,28.527587890625
8968,1.2138671875
8969,-3.25341796875
8970,2.776611328125
8971,-31.981201171875
8972,15.0732421875
8973,33.81591796875
8974,19.04541015625
8975,-21.36865234375
8976,-0.19677734375
8977,-9.176513671875
8978,16.972412109375
8979,35.37158203125
8980,22.05615234375
8981,116.9072265625
8982,-23.832275390625
8983,-4.624755859374999
8984,-12.5146484375
8985,25.299072265625004
8986,44.07275390625
8987,20.075927734374996
8988,21.030029296875
8989,18.497314453125
8990,39.8671875
8991,21.04638671875
8992,48.020263671875
8993,21.806884765625
8994,20.82958984375
8995,2.74169921875
8996,1.3393554687500002
8997,105.07446289062501
8998,24.506103515625
8999,29.392578125
9000,19.440917968749996
9001,14.173583984374998
9002,109.60693359375
9003,91.88720703125
9004,36.02099609375
9005,32.153076171875
9006,23.670898437499996
9007,-69.790771484375
9008,171.902587890625
9009,104.8701171875
9010,30.19775390625
9011,-7.9814453125
9012,20.0439453125
9013,-1.638427734375
9014,8.12255859375
9015,13.002685546875
9016,22.7548828125
9017,-6.9755859375
9018,21.213623046875
9019,-0.05249023437499978
9020,38.650390625
9021,24.771240234375
9022,-3.056640625
9023,-4.849609375000001
9024,7.05029296875
9025,16.8740234375
9026,18.344482421875
9027,2.0063476562499996
9028,-0.497802734375
9029,0.34716796875
9030,3.965087890625
9031,10.010009765625
9032,12.16552734375
9033,4.881103515625
9034,-9.234863281250002
9035,-5.151123046875
9036,16.228271484375
9037,3.077392578125
9038,29.77197265625
9039,-1.145751953125
9040,-18.956542968749996
9041,-7.28466796875
9042,-18.10302734375
9043,1.9892578125
9044,29.71923828125
9045,-1.904541015625
9046,-13.524169921875
9047,-5.458740234375
9048,58.98779296875
9049,8.37158203125
9050,51.948974609375
9051,66.690673828125
9052,77.4443359375
9053,-43.552734375
9054,-44.798583984375
9055,2.99951171875
9056,43.45068359375001
9057,68.66455078125
9058,82.780517578125
9059,-19.318115234375
9060,-15.976318359375
9061,1.1184082031249987
9062,-19.23828125
9063,15.884033203125
9064,11.755126953125
9065,11.474853515625002
9066,-0.10449218750000022
9067,-29.44873046875
9068,-21.527832031250004
9069,20.35009765625
9070,11.823486328125
9071,13.13525390625
9072,38.8486328125
9073,-19.195556640625
9074,-15.0126953125
9075,13.2734375
9076,-7.58154296875
9077,-0.132080078125
9078,-0.94677734375
9079,42.7353515625
9080,10.422607421875
9081,16.52392578125
9082,-1.7817382812499998
9083,-0.18627929687499994
9084,-0.316650390625
9085,8.466064453125
9086,0.094482421875
9087,11.970703125
9088,14.8095703125
9089,6.36083984375
9090,-3.7431640624999996
9091,-8.528076171875
9092,-2.31787109375
9093,8.019775390625
9094,11.6728515625
9095,7.416259765625
9096,1.7250976562499998
9097,-6.498046875000001
9098,13.948974609375
9099,17.40087890625
9100,20.461669921875
9101,4.0087890625
9102,15.244873046875
9103,11.951416015625002
9104,20.034423828125
9105,6.424560546875
9106,2.574462890625
9107,-2.23974609375
9108,13.397705078125
9109,13.817626953125
9110,12.2763671875
9111,-3.995849609375
9112,-1.012451171875
9113,-4.016845703125
9114,11.43994140625
9115,-14.586669921875
9116,27.212890625
9117,-41.16748046875
9118,65.98779296875
9119,10.801025390625
9120,3.759765625
9121,-14.30224609375
9122,28.679687500000004
9123,-41.31298828125
9124,-43.285888671875
9125,14.453125
9126,17.063720703125
9127,7.087646484375
9128,54.809814453125
9129,50.2109375
9130,41.38525390625
9131,38.2333984375
9132,-24.5361328125
9133,-30.466796875
9134,54.92504882812501
9135,53.63671875
9136,41.60791015625
9137,-15.079345703125
9138,28.401611328125
9139,-37.76562499999999
9140,2.51416015625
9141,11.8740234375
9142,0.80322265625
9143,9.313232421875
9144,-2.83837890625
9145,6.02099609375
9146,-8.349609375
9147,6.514404296875
9148,1.736328125
9149,9.877197265625
9150,-1.581298828125
9151,4.6416015625
9152,0.9465332031249999
9153,-3.008544921875
9154,-13.798095703125
9155,-27.822998046875
9156,-24.171142578125
9157,9.600341796875
9158,-10.056396484374998
9159,-7.849853515625
9160,-12.312255859375
9161,-27.188720703125
9162,-21.456787109375
9163,18.900390625
9164,-2.5053710937500004
9165,14.473388671875
9166,24.211669921875
9167,5.145263671875
9168,22.047607421875
9169,-0.5087890625
9170,18.2734375
9171,7.470458984375
9172,-14.700927734375
9173,6.668212890625001
9174,23.182373046875
9175,-0.023193359375
9176,7.247802734375
9177,3.372802734375
9178,1.6313476562499998
9179,17.41162109375
9180,-19.010986328125
9181,29.05859375
9182,14.021728515625002
9183,-8.5732421875
9184,12.393798828125
9185,-27.187255859375
9186,-19.40087890625
9187,29.24951171875
9188,13.13427734375
9189,1.911865234375
9190,15.5625
9191,2.454833984375
9192,-13.39501953125
9193,3.731201171875
9194,32.404541015625
9195,15.952636718749998
9196,-12.7666015625
9197,2.3173828124999996
9198,0.91796875
9199,10.416259765625
9200,34.130615234375
9201,18.33349609375
9202,4.921142578125
9203,-4.023193359375
9204,6.0869140625
9205,-18.432373046875
9206,-26.533935546875
9207,59.42431640624999
9208,54.816162109375
9209,-12.2822265625
9210,-20.878173828125
9211,-10.047119140625
9212,-29.719970703125
9213,53.884521484375
9214,58.735107421875
9215,11.901123046875
9216,0.9177246093750001
9217,-25.771728515625
9218,5.580078124999999
9219,5.932373046875
9220,10.453369140625
9221,3.939697265625
9222,12.0517578125
9223,5.41455078125
9224,8.3251953125
9225,10.2255859375
9226,8.406494140625
9227,5.719482421875
9228,34.89453125
9229,5.907470703125
9230,8.630615234375
9231,-4.703857421875
9232,37.198486328125
9233,55.16748046875
9234,37.45312499999999
9235,1.6245117187500002
9236,-13.25634765625
9237,-11.558349609375
9238,31.637939453125
9239,50.5419921875
9240,40.19580078125
9241,-16.6396484375
9242,-19.665283203124996
9243,-9.93994140625
9244,-33.316650390625
9245,-18.5966796875
9246,36.4404296875
9247,83.116455078125
9248,-11.404052734375
9249,19.067626953125
9250,-36.720703125
9251,-19.458007812500004
9252,36.138427734375
9253,80.5283203125
9254,-15.042480468750002
9255,-2.92724609375
9256,-12.538330078125
9257,-8.20751953125
9258,21.168212890625
9259,29.95703125
9260,21.259521484375
9261,-21.324707031250004
9262,-2.783935546875
9263,-14.42822265625
9264,20.5888671875
9265,33.76318359375
9266,17.17431640625
9267,-17.007568359375
9268,-4.505615234375
9269,-6.60400390625
9270,-8.77294921875
9271,-10.29052734375
9272,3.677490234375
9273,-0.023681640625
9274,26.131591796875004
9275,-2.08251953125
9276,-13.222900390625
9277,-12.36181640625
9278,-2.165283203125
9279,-2.13232421875
9280,6.183837890625001
9281,-0.79052734375
9282,-6.279541015625
9283,28.187255859375
9284,58.27978515625
9285,26.79541015625
9286,68.2216796875
9287,-13.053466796875
9288,-4.500244140625
9289,-7.39306640625
9290,60.02294921875
9291,21.35009765625
9292,69.2861328125
9293,-4.99755859375
9294,-0.23193359375
9295,-10.0390625
9296,-12.674560546875
9297,-4.777587890625001
9298,-4.058349609375
9299,-2.41943359375
9300,4.839111328125
9301,7.718505859374999
9302,13.606201171875
9303,0.6682128906249999
9304,-5.16357421875
9305,1.503173828125
9306,-11.40625
9307,-3.461669921875
9308,3.0009765624999996
9309,-3.7412109375000004
9310,37.7099609375
9311,6.500732421875
9312,2.95654296875
9313,0.8122558593750001
9314,7.5595703125
9315,-6.971923828125
9316,32.575439453125
9317,10.661865234375
9318,8.179931640625
9319,-3.623046875
9320,-2.8798828124999996
9321,-6.42236328125
9322,7.333984375000001
9323,12.60302734375
9324,-7.618896484375
9325,-1.963623046875
9326,-10.8466796875
9327,25.884765625
9328,-1.733642578125
9329,10.470703125
9330,-4.885986328125
9331,-8.091796875
9332,54.087646484375
9333,60.733154296875
9334,4.474365234375
9335,26.85009765625
9336,60.418212890625
9337,116.268798828125
9338,6.292724609374999
9339,112.012939453125
9340,132.11474609375
9341,-33.289306640625
9342,56.30126953125
9343,121.028564453125
9344,6.824462890625001
9345,-7.675537109374999
9346,-14.918212890625
9347,-12.919677734375
9348,-4.251953125
9349,-34.123291015625
9350,42.27929687499999
9351,15.338134765625
9352,15.52587890625
9353,23.342773437499996
9354,13.72900390625
9355,-31.6044921875
9356,40.51879882812501
9357,18.864990234375
9358,49.09716796875
9359,-20.96826171875
9360,-24.35205078125
9361,5.185302734375
9362,7.97021484375
9363,-7.267578124999999
9364,-2.176513671875
9365,20.873291015625
9366,-5.6630859375
9367,27.31494140625
9368,9.01171875
9369,-6.961181640625001
9370,-3.001708984375
9371,-3.4658203124999996
9372,2.136474609375
9373,-20.092529296875
9374,7.662109375000001
9375,-10.123046875
9376,4.37890625
9377,2.34375
9378,13.854736328125
9379,-7.7314453125
9380,-7.98388671875
9381,-7.977783203125
9382,3.888427734375
9383,5.867919921875
9384,5.079345703125
9385,-5.626953124999999
9386,-0.30078125
9387,0.9089355468750001
9388,-28.510986328125
9389,-32.4306640625
9390,-25.2138671875
9391,1.5117187500000002
9392,-4.562255859375
9393,31.86083984375
9394,-31.03369140625
9395,-29.685791015625
9396,-23.854248046875
9397,9.07373046875
9398,0.4306640625
9399,18.55810546875
9400,10.835693359375
9401,71.68505859375
9402,33.7470703125
9403,-15.943115234375
9404,63.9150390625
9405,57.107177734375
9406,38.135498046875
9407,69.676025390625
9408,32.818603515625
9409,-14.20849609375
9410,4.543212890625
9411,7.904296875000001
9412,-21.630859375
9413,10.680419921875
9414,-14.402343750000002
9415,27.0908203125
9416,2.599365234375
9417,-3.32666015625
9418,51.72021484375
9419,39.73681640624999
9420,-9.451416015625002
9421,23.588134765625
9422,6.81591796875
9423,4.113525390625
9424,-4.4287109375
9425,13.154052734375
9426,5.03955078125
9427,7.869873046875
9428,5.658935546875
9429,5.663818359374999
9430,14.53125
9431,5.9521484375
9432,1.240234375
9433,16.8828125
9434,3.4599609375000004
9435,6.942138671875
9436,7.962158203125
9437,2.415283203125
9438,-5.551025390625001
9439,2.83935546875
9440,-7.21240234375
9441,-0.875
9442,-5.467041015625
9443,-3.1611328124999996
9444,23.112548828125
9445,-6.523681640625001
9446,-0.001220703125
9447,-5.768798828125
9448,-4.85546875
9449,-9.4765625
9450,12.4375
9451,8.384033203125
9452,5.488525390625001
9453,-11.12939453125
9454,10.666259765625
9455,1.9592285156250004
9456,-6.778076171875
9457,-7.549072265625
9458,-3.82275390625
9459,-12.485595703125
9460,14.247314453125
9461,5.05615234375
9462,-2.4169921875000004
9463,-7.302734375000001
9464,-15.940673828125
9465,12.84814453125
9466,-24.31640625
9467,12.628906249999998
9468,51.577392578125
9469,24.960693359375
9470,6.03271484375
9471,-14.70947265625
9472,-26.10302734375
9473,15.12353515625
9474,49.49951171875
9475,-15.157470703125
9476,-29.343017578125
9477,-45.375732421875
9478,25.20556640625
9479,53.65502929687501
9480,-27.28076171875
9481,-24.91748046875
9482,46.006591796875
9483,2.244140625
9484,20.488525390625
9485,43.710693359375
9486,-28.994873046875
9487,-24.583251953125
9488,11.12646484375
9489,42.381591796875
9490,20.179931640625
9491,19.347167968749996
9492,4.091552734375
9493,-1.8569335937500004
9494,3.2041015624999996
9495,28.58837890625
9496,19.756591796875004
9497,18.505859375
9498,8.415771484375
9499,1.805419921875
9500,0.13818359374999933
9501,4.022216796875
9502,38.495361328125
9503,24.808349609375
9504,25.821044921875
9505,-0.3310546875
9506,-7.536376953125
9507,-19.685546875
9508,-25.351806640625
9509,13.52001953125
9510,16.505615234375
9511,1.2680664062499998
9512,-3.85400390625
9513,-23.646484375
9514,5.468505859374999
9515,18.583251953125
9516,-0.98388671875
9517,6.9052734375
9518,43.03857421875
9519,28.32275390625
9520,37.59716796875
9521,-67.359619140625
9522,4.395751953125
9523,1.976318359375
9524,40.00244140625
9525,26.196533203124996
9526,36.0966796875
9527,15.848876953125
9528,-7.08154296875
9529,5.6494140625
9530,15.599609375
9531,-7.2265625
9532,4.70166015625
9533,-4.60791015625
9534,-5.29541015625
9535,15.96630859375
9536,14.96337890625
9537,-4.175048828125
9538,-0.412109375
9539,-6.551025390625001
9540,9.346435546875
9541,16.29345703125
9542,16.086181640625
9543,30.6279296875
9544,-5.946533203125
9545,1.664794921875
9546,-1.13037109375
9547,72.3017578125
9548,67.55224609375
9549,6.367919921875
9550,-0.24609375
9551,7.492431640625001
9552,-1.9062500000000004
9553,-2.404296875
9554,14.29833984375
9555,6.15478515625
9556,5.567626953125
9557,0.7353515625
9558,46.999755859375
9559,5.727783203125
9560,16.4189453125
9561,14.811279296875
9562,29.440673828125
9563,-0.2197265625
9564,44.51806640624999
9565,5.186279296875
9566,51.173583984375
9567,-15.54931640625
9568,-28.4306640625
9569,-23.174072265625004
9570,-13.545166015625002
9571,27.058349609375
9572,16.513916015625
9573,52.4921875
9574,35.687744140625
9575,-16.82861328125
9576,-11.679931640625
9577,31.028076171875
9578,20.32373046875
9579,9.285400390625
9580,17.723876953125
9581,0.164794921875
9582,-6.524658203125
9583,-1.5180664062499998
9584,2.666015625
9585,-1.07958984375
9586,-4.0205078125
9587,6.751953124999999
9588,-1.4584960937500002
9589,-1.9326171875
9590,0.358154296875
9591,2.4189453124999996
9592,-6.17724609375
9593,10.507080078125
9594,-5.26220703125
9595,-34.299560546875
9596,17.9765625
9597,84.1865234375
9598,47.795654296875
9599,158.02197265625
9600,-51.20629882812501
9601,-51.47875976562501
9602,23.568115234375
9603,84.43823242187501
9604,47.65673828125
9605,-23.403564453125
9606,-43.59570312500001
9607,-44.965087890625
9608,5.140625
9609,-2.4521484375000004
9610,-3.44970703125
9611,-2.83154296875
9612,19.1279296875
9613,4.30224609375
9614,11.2294921875
9615,2.2412109375
9616,1.747314453125
9617,0.428955078125
9618,14.427001953125
9619,22.91650390625
9620,19.797607421875
9621,19.812255859375
9622,38.39868164062499
9623,2.39892578125
9624,5.29345703125
9625,-10.85009765625
9626,-2.82568359375
9627,18.3974609375
9628,37.3740234375
9629,0.9440917968750001
9630,3.04638671875
9631,10.397949218749998
9632,15.765136718749998
9633,13.617431640625
9634,13.44873046875
9635,-3.913330078125
9636,-11.716796875
9637,3.403076171875
9638,26.05615234375
9639,13.23876953125
9640,14.280761718749998
9641,-2.37744140625
9642,-8.998046875
9643,5.22900390625
9644,-12.18115234375
9645,17.90576171875
9646,17.47119140625
9647,22.778564453125
9648,-5.970458984375
9649,-5.957763671875
9650,-3.673583984375
9651,0.9006347656249999
9652,6.68505859375
9653,11.772216796875
9654,-5.8818359375
9655,-8.316650390625
9656,-8.437744140625
9657,11.97998046875
9658,35.788818359375
9659,-1.3823242187500002
9660,2.829833984375
9661,-16.517333984375
9662,-7.410400390625001
9663,-16.1728515625
9664,-3.007080078125
9665,26.477294921875
9666,-11.908203125
9667,-13.031005859375
9668,-15.796630859375
9669,-18.9345703125
9670,16.42578125
9671,18.068359375
9672,-2.9833984375000004
9673,0.6193847656249999
9674,4.0986328125
9675,11.970947265625
9676,-4.3427734375
9677,-15.2158203125
9678,-11.122802734375
9679,-2.17724609375
9680,0.103271484375
9681,11.28759765625
9682,-5.459228515625
9683,-9.503906249999998
9684,5.56689453125
9685,-14.030029296875
9686,1.034423828125
9687,3.54541015625
9688,-1.633056640625
9689,2.758056640625
9690,-5.786865234375
9691,-11.82470703125
9692,-0.448486328125
9693,-1.6469726562499998
9694,-2.721923828125
9695,1.7719726562499998
9696,-10.313720703125
9697,-15.07275390625
9698,6.652587890625001
9699,13.827636718749998
9700,4.01025390625
9701,20.016357421875
9702,-2.947998046875
9703,-2.553955078125
9704,11.5380859375
9705,1.673828125
9706,-2.400634765625
9707,14.482421875
9708,-3.879638671875
9709,12.939697265625
9710,-4.332763671875
9711,0.9748535156249999
9712,9.542724609375
9713,4.14453125
9714,3.825927734375
9715,-4.596435546875
9716,17.53369140625
9717,8.340576171875
9718,10.787353515625002
9719,3.98876953125
9720,-3.1884765624999996
9721,0.9289550781249999
9722,-1.2744140625
9723,5.918212890625001
9724,5.211181640625001
9725,-2.843994140625
9726,8.75927734375
9727,13.29248046875
9728,3.133544921875
9729,18.3037109375
9730,9.090576171875
9731,-7.401611328125
9732,1.4311523437500002
9733,16.952392578125
9734,12.914550781250002
9735,22.030273437499996
9736,-12.41162109375
9737,5.9384765625
9738,4.216064453125
9739,35.219482421875
9740,38.43505859375
9741,38.489501953125
9742,-5.271240234375
9743,16.489990234375
9744,2.713134765625
9745,30.7255859375
9746,45.27294921875
9747,44.077880859375
9748,13.5283203125
9749,1.0805664062499998
9750,0.7365722656250003
9751,-48.11816406250001
9752,10.737548828125
9753,50.11279296875
9754,51.84375
9755,11.916748046875
9756,-39.434814453125
9757,-50.205322265625
9758,13.443359375
9759,50.222900390625
9760,48.261474609375
9761,-55.506591796875
9762,-35.36572265625
9763,-40.59375
9764,55.03857421875
9765,12.298583984374998
9766,-20.011962890625
9767,-4.960205078125
9768,-2.3583984375000004
9769,12.91845703125
9770,37.06396484375
9771,11.116455078125
9772,-23.224609375
9773,-4.45068359375
9774,16.1650390625
9775,23.223876953125
9776,41.255615234375
9777,45.02124023437499
9778,-13.4072265625
9779,-25.5654296875
9780,2.48974609375
9781,4.58251953125
9782,-13.83154296875
9783,28.81884765625
9784,-7.20849609375
9785,-26.270263671875
9786,-3.130126953125
9787,10.602050781250002
9788,9.5849609375
9789,46.3837890625
9790,25.210693359375
9791,51.108642578125
9792,26.3837890625
9793,-2.2170410156250004
9794,40.4970703125
9795,80.87255859375001
9796,42.657958984375
9797,52.307861328125
9798,25.38671875
9799,1.4853515625
9800,20.75927734375
9801,15.2763671875
9802,28.861083984375
9803,-37.650390625
9804,33.707763671875
9805,14.525634765625
9806,34.916748046875
9807,-37.402587890625
9808,-36.552490234375
9809,-33.800537109375
9810,30.9716796875
9811,17.868408203125
9812,36.672119140625
9813,88.457763671875
9814,-47.655517578125
9815,-32.44677734375
9816,14.936767578125
9817,15.031982421875
9818,3.077880859375
9819,9.595458984374998
9820,-8.88671875
9821,2.10888671875
9822,-0.1767578125
9823,16.465576171875
9824,4.507568359375
9825,11.56005859375
9826,5.5302734375
9827,10.646240234375
9828,9.867431640625
9829,-8.678466796875
9830,35.404541015625
9831,28.652099609375
9832,19.22998046875
9833,-2.40771484375
9834,-4.031005859375
9835,-5.237060546875
9836,32.8251953125
9837,18.383544921875
9838,31.619873046875
9839,11.758300781250002
9840,-19.333740234375
9841,-4.153076171875
9842,-16.00048828125
9843,2.4697265624999996
9844,6.637939453125
9845,16.842529296875
9846,13.702392578125
9847,21.32080078125
9848,14.712158203125
9849,2.1435546875
9850,3.357177734375
9851,17.4111328125
9852,-7.699951171875
9853,16.694091796875
9854,9.815673828125
9855,-9.246093750000002
9856,-29.06982421875
9857,3.037841796875
9858,15.564453125
9859,0.7736816406249997
9860,20.994140625
9861,-3.811279296875
9862,-22.222412109375
9863,7.178466796875
9864,10.22412109375
9865,0.31640624999999983
9866,-0.368408203125
9867,-6.165771484375
9868,-10.501708984374998
9869,-1.5151367187500004
9870,20.4375
9871,25.911865234375
9872,-6.737060546875
9873,-17.09375
9874,-17.498046875
9875,5.7724609375
9876,22.418701171875
9877,23.3720703125
9878,30.556884765625
9879,-11.5546875
9880,-12.565673828125
9881,72.65625
9882,23.580322265625004
9883,-17.060302734375
9884,-19.01953125
9885,32.62255859375
9886,71.3359375
9887,97.519775390625
9888,15.923583984374998
9889,-10.927001953125
9890,-17.202880859375
9891,-9.439697265625
9892,53.097900390625
9893,53.22070312500001
9894,27.341064453125
9895,-16.28369140625
9896,-14.555175781250002
9897,14.227050781250002
9898,15.308349609375
9899,1.9321289062499998
9900,26.552978515625
9901,-16.362548828125
9902,-15.548095703125
9903,4.52001953125
9904,3.827392578125
9905,18.3359375
9906,28.27734375
9907,1.1533203125
9908,10.86083984375
9909,-1.792236328125
9910,-3.177734375
9911,-7.701904296875
9912,35.161376953125
9913,5.8154296875
9914,1.422119140625
9915,-4.130859375
9916,-6.220947265625
9917,6.824462890625001
9918,-4.150634765625
9919,1.174072265625
9920,29.855957031250004
9921,-8.228515625
9922,-15.4716796875
9923,-7.517578124999999
9924,6.9794921875
9925,22.696044921875
9926,30.361328125
9927,-10.307861328125
9928,-13.536376953125
9929,-9.892822265625
9930,102.5498046875
9931,25.1376953125
9932,21.916015625
9933,19.395751953125
9934,-23.730224609375
9935,23.1669921875
9936,20.84130859375
9937,4.053466796875
9938,6.3447265625
9939,20.57275390625
9940,-16.212646484375
9941,21.099853515625
9942,15.221435546875
9943,-25.82373046875
9944,8.60009765625
9945,16.369384765625
9946,21.7998046875
9947,8.326171875
9948,29.05224609375
9949,-2.860595703125
9950,28.409912109375
9951,29.2705078125
9952,28.0185546875
9953,8.791748046875
9954,32.634033203125
9955,-5.042236328125
9956,10.795166015625002
9957,9.196044921875
9958,2.9208984375000004
9959,8.4443359375
9960,13.0537109375
9961,7.202880859374999
9962,-0.70263671875
9963,15.9560546875
9964,11.606201171875
9965,9.728759765625
9966,11.49365234375
9967,5.99462890625
9968,3.658447265625
9969,7.888916015625
9970,16.271484375
9971,4.77880859375
9972,7.16650390625
9973,13.903564453125
9974,-9.2431640625
9975,-25.490234375
9976,-7.92236328125
9977,13.295166015625002
9978,5.730224609374999
9979,10.09912109375
9980,-3.2041015624999996
9981,-23.315673828125
9982,-12.262939453125
9983,6.49560546875
9984,10.187744140625
9985,6.019775390625001
9986,16.239013671875
9987,6.66259765625
9988,13.256591796875
9989,12.125488281250002
9990,4.055419921875
9991,5.12158203125
9992,13.0615234375
9993,4.397216796875
9994,2.550537109375
9995,1.76953125
9996,8.184326171875
9997,9.054931640625
9998,-18.2138671875
9999,-4.1103515625
10000,0.7395019531249999
10001,7.806396484375
10002,4.289794921875
10003,16.294677734375
10004,13.430908203125
10005,-9.714599609375
10006,3.16943359375
10007,6.888671875000001
10008,-26.584716796875004
10009,19.912841796875004
10010,8.53759765625
10011,33.367431640625
10012,44.93359375
10013,6.307373046875
10014,10.322021484374998
10015,31.110595703125
10016,-18.787353515625
10017,12.610595703125
10018,41.95361328125
10019,9.555175781250002
10020,8.706298828125
10021,30.201416015625
10022,29.035400390625
10023,45.368896484375
10024,12.074218750000002
10025,-2.4580078124999996
10026,1.486572265625
10027,-3.909912109375
10028,-0.82666015625
10029,6.786376953125
10030,13.7548828125
10031,0.8942871093750001
10032,-1.739013671875
10033,-1.4565429687500002
10034,-3.621337890625
10035,8.025634765625
10036,12.312255859375
10037,-16.178466796875
10038,20.279541015625
10039,-16.3623046875
10040,-2.190185546875
10041,4.20263671875
10042,61.1279296875
10043,-0.365234375
10044,18.128662109375
10045,-17.7470703125
10046,-1.667236328125
10047,21.21337890625
10048,25.726562499999996
10049,19.503417968749996
10050,11.385009765625
10051,6.0478515625
10052,13.585449218749998
10053,15.69775390625
10054,-6.154296875000001
10055,5.505126953125
10056,4.097412109375
10057,3.25390625
10058,16.35498046875
10059,16.974365234375
10060,-9.104736328125
10061,4.681884765625
10062,33.1689453125
10063,8.824462890625
10064,0.74072265625
10065,18.885498046875
10066,19.009521484375
10067,-21.744873046875
10068,-17.23779296875
10069,8.0400390625
10070,0.8190917968750001
10071,13.677001953125
10072,16.722412109375
10073,-1.041259765625
10074,-6.936767578125
10075,4.533203125
10076,33.27734375
10077,-4.92919921875
10078,-6.567871093750001
10079,-22.90087890625
10080,-6.896484375000001
10081,14.843017578125
10082,32.426513671875
10083,-6.849609375000001
10084,-2.70556640625
10085,-23.35693359375
10086,34.289794921875
10087,66.463134765625
10088,9.29931640625
10089,-1.615966796875
10090,13.173828125
10091,3.482666015625
10092,-2.013916015625
10093,1.144775390625
10094,13.1884765625
10095,9.660400390625
10096,6.937255859374999
10097,4.776611328125
10098,-6.858642578125
10099,1.800048828125
10100,-3.0927734375000004
10101,5.744384765625
10102,34.44482421875
10103,54.18408203125
10104,-9.7958984375
10105,55.93212890625
10106,-21.58935546875
10107,-15.248779296875
10108,-21.300537109375
10109,61.51708984375
10110,-14.612548828125
10111,42.626708984375
10112,52.90087890625
10113,-23.068359375
10114,39.9892578125
10115,15.065185546875
10116,16.174072265625
10117,17.37841796875
10118,21.933837890625
10119,40.22314453125001
10120,-17.785888671875
10121,-4.772705078125
10122,24.995849609375
10123,21.2099609375
10124,24.2275390625
10125,-8.261474609375
10126,7.625
10127,28.631591796875004
10128,-3.694091796875
10129,-3.183837890625
10130,8.315185546875
10131,-0.91650390625
10132,1.6201171875
10133,5.7470703125
10134,-3.10791015625
10135,-2.565185546875
10136,16.679931640625
10137,1.638427734375
10138,-1.6269531250000007
10139,8.7724609375
10140,-10.044677734375
10141,7.29296875
10142,-16.44580078125
10143,34.613525390625
10144,36.147216796875
10145,-12.125244140625
10146,-8.286865234375
10147,-0.230712890625
10148,-12.915771484374998
10149,33.33203125
10150,32.48583984375
10151,1.134033203125
10152,-0.560546875
10153,1.812744140625
10154,90.017578125
10155,44.531005859375
10156,-12.118896484374998
10157,-40.32812499999999
10158,19.61474609375
10159,-13.399658203125
10160,24.269042968749996
10161,47.194580078125
10162,-5.642578124999999
10163,-38.107421875
10164,-13.667968750000002
10165,45.00634765625
10166,-0.66015625
10167,-2.043701171875
10168,0.875
10169,3.309814453125
10170,-1.3056640625
10171,-16.40576171875
10172,-15.158935546875
10173,9.016845703125
10174,6.5537109375
10175,9.38623046875
10176,3.75
10177,17.884033203125
10178,10.5166015625
10179,3.952392578125
10180,7.580078124999999
10181,-10.24365234375
10182,-14.78271484375
10183,-13.554931640625
10184,-5.783447265625
10185,11.848388671875
10186,10.05810546875
10187,-11.77783203125
10188,-14.37158203125
10189,-11.89208984375
10190,-1.213134765625
10191,14.473388671875
10192,5.1025390625
10193,29.318603515625
10194,-2.02978515625
10195,-5.0205078125
10196,-11.339111328125
10197,-1.9677734375
10198,10.884033203125
10199,19.01953125
10200,-0.016845703125
10201,-3.087646484375
10202,-13.40966796875
10203,27.367919921875
10204,15.6015625
10205,15.39306640625
10206,-12.9052734375
10207,-3.747802734375
10208,11.7861328125
10209,7.99951171875
10210,-24.35546875
10211,-19.131591796875004
10212,3.66015625
10213,-11.4306640625
10214,7.64501953125
10215,6.859619140625001
10216,-1.3422851562499998
10217,4.082763671875
10218,4.342041015624999
10219,-3.317138671875
10220,-0.132568359375
10221,1.618408203125
10222,-3.231689453125
10223,0.63037109375
10224,7.505615234375
10225,0.06103515625
10226,0.8681640625
10227,3.96630859375
10228,-2.68359375
10229,-4.365966796875
10230,-2.805419921875
10231,-5.472412109374999
10232,-25.27099609375
10233,28.2705078125
10234,13.433593750000002
10235,34.724853515625
10236,89.158447265625
10237,-31.818115234375
10238,-34.87451171875
10239,29.720703125
10240,17.022705078125
10241,29.685546875
10242,-58.54345703125
10243,-41.677734375
10244,-22.35791015625
10245,46.43554687499999
10246,-12.194091796875
10247,-32.6806640625
10248,-11.7451171875
10249,40.5625
10250,46.954345703125
10251,28.505126953125
10252,-6.51611328125
10253,-36.92187500000001
10254,-12.583984375
10255,2.4008789062499996
10256,35.98388671875
10257,30.26416015625
10258,36.4013671875
10259,67.304443359375
10260,38.077880859375
10261,-5.7021484375
10262,98.3154296875
10263,85.785400390625
10264,51.778564453125
10265,69.805908203125
10266,35.207275390625
10267,-11.24658203125
10268,1.7172851562499998
10269,-0.481689453125
10270,15.944824218749998
10271,-15.683837890625
10272,1.560302734375
10273,-15.523681640625
10274,-21.470458984375
10275,-20.9375
10276,17.253173828125
10277,-18.808837890625
10278,3.347412109375
10279,-14.312011718749998
10280,-18.041259765625
10281,-12.94677734375
10282,21.85888671875
10283,-16.379150390625
10284,27.15380859375
10285,8.39501953125
10286,-0.343994140625
10287,6.712158203125
10288,17.689697265625
10289,33.1123046875
10290,9.080810546875
10291,12.36962890625
10292,3.88134765625
10293,2.774414062499999
10294,12.07666015625
10295,34.165283203125
10296,-2.782958984375
10297,0.282958984375
10298,14.635498046875
10299,-1.798828125
10300,1.457275390625
10301,12.722412109375
10302,12.330322265625
10303,2.32958984375
10304,7.960693359374999
10305,-3.12939453125
10306,1.924072265625
10307,13.179443359375
10308,9.845947265625
10309,12.65869140625
10310,4.538818359375
10311,6.94140625
10312,13.583984375
10313,-1.637451171875
10314,13.345947265625
10315,9.418212890625
10316,-3.986572265625
10317,6.393798828125
10318,11.927978515625002
10319,1.212890625
10320,8.0322265625
10321,12.025146484374998
10322,11.268310546875
10323,-3.93212890625
10324,16.560791015625
10325,22.58544921875
10326,-4.94970703125
10327,11.980468750000002
10328,-13.251953125
10329,-11.3759765625
10330,17.685546875
10331,18.95361328125
10332,-4.072509765625
10333,-6.725341796875
10334,-34.715576171875
10335,8.220947265625
10336,136.087890625
10337,45.227294921875
10338,-36.784423828125
10339,-40.88037109375
10340,-10.4951171875
10341,62.0439453125
10342,61.250244140625
10343,40.9453125
10344,-39.53002929687501
10345,-39.858154296875
10346,82.741943359375
10347,-4.99658203125
10348,-8.66796875
10349,-19.688232421875
10350,11.316650390625
10351,13.383300781250002
10352,-0.6511230468750001
10353,19.11083984375
10354,-17.782470703125
10355,-18.096923828125
10356,9.980224609375
10357,9.705810546875
10358,2.649658203125
10359,-15.3818359375
10360,-21.01953125
10361,-32.3095703125
10362,11.751953125
10363,3.40576171875
10364,2.8447265624999996
10365,-1.881103515625
10366,21.396484375
10367,0.322021484375
10368,5.9306640625
10369,2.802490234375
10370,-0.6689453125
10371,-2.966796875
10372,-16.11669921875
10373,10.908447265625
10374,1.2365722656249998
10375,-10.492675781250002
10376,24.1875
10377,22.233398437499996
10378,11.046386718749998
10379,-13.558593750000002
10380,-46.858154296875
10381,-22.077148437499996
10382,20.653076171875
10383,32.20166015625
10384,15.628173828125
10385,-9.6748046875
10386,-28.83203125
10387,-25.86328125
10388,-1.089111328125
10389,-6.49755859375
10390,-5.747802734375
10391,-0.8723144531250001
10392,-3.595947265625
10393,5.5439453125
10394,3.210205078125
10395,-6.22021484375
10396,-6.8720703125
10397,4.548828125
10398,71.258056640625
10399,24.202880859375
10400,6.5361328125
10401,31.516845703125
10402,-40.109130859375
10403,-41.352783203125
10404,6.95751953125
10405,-32.130859375
10406,-1.7348632812500004
10407,-16.513916015625
10408,-41.222900390625
10409,-39.906005859375
10410,8.386962890625
10411,38.92187500000001
10412,22.6279296875
10413,18.67919921875
10414,-4.91455078125
10415,0.43603515625
10416,-9.817138671875
10417,-10.807373046875
10418,-21.098388671875
10419,0.77734375
10420,-7.829833984375
10421,0.6362304687499998
10422,-6.94140625
10423,-6.390380859374999
10424,70.080810546875
10425,59.55249023437499
10426,-5.205322265625
10427,-0.569091796875
10428,20.23828125
10429,-1.5327148437500002
10430,3.185302734375
10431,-7.867919921875
10432,-1.939697265625
10433,-0.6853027343750001
10434,20.3876953125
10435,-2.5439453124999996
10436,2.640625
10437,21.99365234375
10438,15.70166015625
10439,-5.833251953125
10440,17.20361328125
10441,22.847167968749996
10442,16.49609375
10443,-5.484130859374999
10444,-4.623779296875
10445,6.61865234375
10446,8.974853515625
10447,15.933349609375
10448,10.555908203125
10449,-0.538330078125
10450,8.53759765625
10451,34.395751953125
10452,7.658935546875
10453,-13.422607421875
10454,-18.394775390625
10455,-12.336181640625
10456,23.776123046875
10457,-11.40478515625
10458,-15.68115234375
10459,-3.15869140625
10460,-21.6376953125
10461,-12.72509765625
10462,19.161865234375
10463,17.014404296875
10464,2.0051269531249996
10465,-7.424072265625
10466,108.0693359375
10467,52.7177734375
10468,-20.104736328125
10469,-30.19580078125
10470,103.31787109375
10471,96.554931640625
10472,106.37426757812499
10473,53.56127929687501
10474,-25.44287109375
10475,-30.463134765625004
10476,40.240478515625
10477,11.656494140625
10478,115.01318359375
10479,0.2568359375
10480,-27.606201171875
10481,-24.647216796875004
10482,-11.650390625
10483,4.8681640625
10484,18.19384765625
10485,15.566162109375
10486,-26.829101562500004
10487,-23.357421875
10488,-10.791015625
10489,-7.486083984375
10490,18.931884765625
10491,4.61376953125
10492,-6.503662109374999
10493,9.3212890625
10494,-6.097412109374999
10495,3.001953125
10496,-22.200439453125
10497,-2.574462890625
10498,-29.00244140625
10499,-2.6416015624999996
10500,-7.506591796875
10501,4.86328125
10502,14.805908203125
10503,-12.971923828125
10504,-4.642822265625
10505,-6.306640624999999
10506,-2.905517578125
10507,10.199218750000002
10508,12.193603515625002
10509,-46.25634765625
10510,-12.571044921875
10511,0.441650390625
10512,2.5769042968749982
10513,5.625
10514,12.488525390625
10515,30.359375
10516,10.97314453125
10517,-2.480224609375
10518,3.03955078125
10519,10.369140625
10520,-6.43212890625
10521,-6.710693359374999
10522,9.7685546875
10523,12.646728515625002
10524,10.484619140625
10525,11.01123046875
10526,-4.1953125
10527,-3.10107421875
10528,27.72021484375
10529,11.029541015625002
10530,7.685546875000001
10531,38.461669921875
10532,30.918457031250004
10533,-25.9443359375
10534,10.963623046875
10535,38.31884765625
10536,38.3359375
10537,36.213134765625
10538,31.371826171875
10539,-23.08935546875
10540,14.559814453125
10541,-4.013427734375
10542,-21.464599609375
10543,13.9638671875
10544,34.224609375
10545,-9.94189453125
10546,10.714111328125
10547,6.161865234375
10548,12.73779296875
10549,27.47998046875
10550,8.018798828125
10551,-12.806396484374998
10552,8.95361328125
10553,-2.2607421875
10554,35.779296875
10555,-20.600341796875004
10556,94.56982421875
10557,9.764892578125
10558,-0.7988281249999998
10559,-2.648193359375
10560,-39.19580078125
10561,20.763427734374996
10562,26.452880859375
10563,19.280517578125
10564,-6.322998046875
10565,-6.34326171875
10566,-35.1064453125
10567,4.38134765625
10568,66.249267578125
10569,35.098388671875
10570,5.743896484375
10571,3.751708984375
10572,-1.736572265625
10573,10.512939453125
10574,-0.5107421875
10575,-2.211669921875
10576,5.1005859375
10577,-2.02685546875
10578,-2.0712890625
10579,6.2724609375
10580,-9.02685546875
10581,-3.986572265625
10582,-8.315673828125
10583,13.116699218749998
10584,6.556640624999999
10585,0.4326171875
10586,4.111572265625
10587,13.65625
10588,-15.797363281250002
10589,-3.27392578125
10590,4.47216796875
10591,2.984375
10592,-5.36083984375
10593,-9.90869140625
10594,1.6101074218750002
10595,-2.0302734375
10596,-6.54150390625
10597,10.978271484374998
10598,0.21142578125
10599,3.47412109375
10600,10.466552734375
10601,-14.341552734375
10602,-16.392578125
10603,7.17529296875
10604,-2.79248046875
10605,-3.2587890624999996
10606,5.089599609374999
10607,-3.955810546875
10608,-13.245361328125
10609,-15.749755859375
10610,3.218994140625
10611,1.1083984375
10612,11.33154296875
10613,4.0107421875
10614,-2.114501953125
10615,2.86669921875
10616,2.02783203125
10617,0.66259765625
10618,10.624755859375
10619,5.1315917968749964
10620,-3.754638671875
10621,-13.1787109375
10622,47.722412109375
10623,-16.978515625
10624,-20.475341796875004
10625,-25.699707031250004
10626,-18.520263671875
10627,33.684814453125
10628,54.70703125
10629,-15.695556640625
10630,-21.40673828125
10631,-24.18896484375
10632,11.023925781250002
10633,39.389892578125
10634,48.55615234375
10635,-6.23681640625
10636,-12.2568359375
10637,2.093994140625
10638,1.795166015625
10639,-3.363037109375
10640,-19.462158203124996
10641,4.591064453125
10642,-12.677001953125
10643,5.811279296875
10644,5.617919921875
10645,12.944824218749998
10646,11.057861328125
10647,3.09228515625
10648,-10.138427734375
10649,-21.88818359375
10650,-15.597656249999998
10651,-11.18115234375
10652,-54.76025390625
10653,104.147705078125
10654,-13.880615234375
10655,-22.767578125
10656,-21.202148437499996
10657,-10.013427734375
10658,-5.720947265625
10659,-13.442138671875
10660,-2.99755859375
10661,2.860107421875
10662,7.889892578125
10663,-1.435302734375
10664,10.502685546875
10665,5.582763671875
10666,-6.062255859374999
10667,-7.2900390625
10668,-2.6630859375000004
10669,-2.87255859375
10670,10.14306640625
10671,-1.2194824218750002
10672,22.356689453125
10673,20.53955078125
10674,0.275634765625
10675,0.3818359375
10676,8.29248046875
10677,8.305908203125
10678,17.95263671875
10679,19.845703125
10680,-7.740234375000001
10681,0.17431640625
10682,7.592041015625
10683,8.692626953125
10684,10.945556640625
10685,2.938720703125
10686,6.3798828125
10687,-2.32763671875
10688,0.035400390625
10689,-0.125732421875
10690,0.036865234375
10691,-1.7243652343750009
10692,-3.95166015625
10693,-6.358154296875
10694,2.1982421875
10695,3.24365234375
10696,-2.331298828125
10697,-15.9423828125
10698,-5.72509765625
10699,-8.246826171875
10700,3.5185546875000004
10701,-7.2626953125
10702,-4.08056640625
10703,-21.888427734374996
10704,-6.031982421875
10705,-3.865966796875
10706,12.738525390625
10707,-12.154541015625002
10708,-10.352783203125
10709,-20.28662109375
10710,1.976806640625
10711,-3.053466796875
10712,-5.10791015625
10713,1.539794921875
10714,2.4970703124999996
10715,5.507568359374999
10716,9.7392578125
10717,-5.8662109375
10718,4.25732421875
10719,-3.880859375
10720,5.535400390625001
10721,2.9638671875000004
10722,6.846435546875
10723,-3.723876953125
10724,3.6376953124999996
10725,-2.989990234375
10726,-4.777099609374999
10727,-4.251953125
10728,19.041748046875
10729,8.859619140625
10730,14.76123046875
10731,9.150634765625
10732,-5.7197265625
10733,-6.180908203125
10734,19.83984375
10735,10.204345703125
10736,-0.80419921875
10737,17.863037109375
10738,-10.105224609375
10739,128.162353515625
10740,24.231689453125
10741,-16.828369140625004
10742,-21.358154296875
10743,19.882568359375
10744,39.48999023437499
10745,144.27001953125
10746,15.751708984374998
10747,-15.404296875
10748,-17.6708984375
10749,69.82470703125
10750,18.858154296875
10751,140.21435546875
10752,3.107666015625
10753,-16.531494140625
10754,-31.679687500000004
10755,-36.220947265625
10756,63.891845703125
10757,-43.390380859375
10758,6.76025390625
10759,-20.1025390625
10760,-31.58349609375
10761,-35.830078125
10762,8.7939453125
10763,23.96044921875
10764,-12.885009765625
10765,28.39306640625
10766,-5.557373046875
10767,-16.847412109375
10768,6.82958984375
10769,60.326416015625
10770,21.82568359375
10771,18.8095703125
10772,-3.4599609375000004
10773,-11.470458984374998
10774,7.60546875
10775,6.489501953125
10776,14.234130859375
10777,21.6123046875
10778,-3.052734375
10779,4.68017578125
10780,-3.55615234375
10781,2.5625
10782,-6.441162109374999
10783,6.425537109374999
10784,0.9934082031249999
10785,-1.01025390625
10786,2.03369140625
10787,2.49609375
10788,2.498291015625
10789,-2.377197265625
10790,1.244140625
10791,-8.607421875
10792,-5.740234375000001
10793,2.55859375
10794,-0.80322265625
10795,13.589599609375
10796,3.048828125
10797,-13.609375
10798,-3.660400390625
10799,-8.675537109375
10800,-0.298095703125
10801,43.810302734375
10802,32.75341796875
10803,47.75244140625
10804,-6.192138671875
10805,0.115478515625
10806,9.5380859375
10807,2.99609375
10808,4.465576171875
10809,2.807373046875
10810,1.00537109375
10811,0.0419921875
10812,5.2919921875
10813,3.686279296875
10814,9.16845703125
10815,9.2734375
10816,12.796630859375
10817,-43.85375976562501
10818,107.38134765625
10819,85.20263671875001
10820,83.00341796875
10821,75.43188476562501
10822,-37.473388671875
10823,-35.50830078125
10824,107.43994140624999
10825,84.217041015625
10826,81.704833984375
10827,-4.3955078125
10828,-61.46630859375
10829,-45.857177734375
10830,81.13696289062501
10831,-18.32861328125
10832,3.426025390625
10833,-10.035888671875002
10834,75.305419921875
10835,89.520263671875
10836,58.35620117187499
10837,-18.70263671875
10838,-0.014404296875000444
10839,-7.9169921875
10840,28.27294921875
10841,69.20703125
10842,51.952880859375
10843,3.802734375
10844,-1.482666015625
10845,-12.4697265625
10846,-10.84619140625
10847,10.11376953125
10848,19.059326171875
10849,3.11767578125
10850,-1.263671875
10851,-12.436767578125
10852,-5.7333984375
10853,3.638671875
10854,16.0400390625
10855,8.150390625
10856,10.18994140625
10857,-0.7956542968749998
10858,-0.7507324218750001
10859,-2.3291015624999996
10860,14.224609375
10861,10.741943359375
10862,9.98095703125
10863,0.23583984375
10864,-0.1572265625
10865,-5.169189453125
10866,-3.71875
10867,11.017822265625
10868,3.31982421875
10869,6.74365234375
10870,-2.551025390625
10871,5.103759765625
10872,1.3071289062499998
10873,10.4541015625
10874,5.6533203125
10875,-1.7397460937500002
10876,-3.21240234375
10877,0.126953125
10878,-3.582763671875
10879,5.116943359374999
10880,2.953369140625
10881,3.195068359375
10882,53.43212890625
10883,-27.1982421875
10884,-38.010498046875
10885,-27.226318359375
10886,66.654296875
10887,61.815673828125
10888,51.04931640624999
10889,-22.081787109375
10890,-35.13037109375
10891,-29.998779296875
10892,19.6220703125
10893,60.12255859375
10894,84.16015625
10895,-17.96923828125
10896,7.216796875000001
10897,22.70166015625
10898,5.584228515625
10899,-12.911865234375
10900,-4.802734375000001
10901,-7.876953124999999
10902,3.559814453125
10903,21.9638671875
10904,2.861328125
10905,-0.040771484375
10906,-13.792236328125
10907,-11.314697265625
10908,25.821044921875
10909,-20.61376953125
10910,-8.223876953125
10911,-12.699462890625
10912,3.285888671875
10913,17.047607421875
10914,21.836669921875
10915,-21.32861328125
10916,-8.906494140625
10917,-11.494140625
10918,126.8466796875
10919,-12.364990234375
10920,25.82421875
10921,-2.527099609375
10922,1.04248046875
10923,-1.8774414062499998
10924,-1.6713867187499998
10925,-11.2216796875
10926,10.6728515625
10927,-1.30078125
10928,7.679931640625001
10929,-3.594970703125
10930,-4.945068359374999
10931,32.16796875
10932,-12.002685546875
10933,-1.5600585937500002
10934,16.73876953125
10935,-8.944091796875
10936,-10.294189453125
10937,-0.90234375
10938,-5.326171875000001
10939,23.0048828125
10940,9.6640625
10941,-2.1865234375
10942,-13.323974609375
10943,0.078857421875
10944,-4.2041015625
10945,30.61572265625
10946,34.713134765625
10947,15.07470703125
10948,-1.5112304687500002
10949,10.025390625
10950,9.622314453125
10951,54.564697265625
10952,16.792724609375
10953,11.344238281250002
10954,2.689453125
10955,11.36181640625
10956,9.79345703125
10957,13.5537109375
10958,7.386474609374999
10959,1.30859375
10960,11.176513671875
10961,16.88232421875
10962,-6.038330078125
10963,-9.734130859375
10964,5.444580078125
10965,-11.345703125
10966,-13.102294921875
10967,19.857177734374996
10968,-0.4560546875
10969,-7.349853515625
10970,-5.524658203125
10971,-4.1318359375
10972,-20.203369140625
10973,166.435791015625
10974,91.22119140625
10975,-31.217529296875
10976,-35.94482421875
10977,62.298095703125
10978,17.129150390625
10979,162.37744140625
10980,94.232666015625
10981,-27.209228515625004
10982,-35.82421875
10983,11.097412109375
10984,14.10595703125
10985,160.306396484375
10986,7.406494140625001
10987,19.85009765625
10988,10.939697265625
10989,18.13671875
10990,11.123779296875
10991,35.833740234375
10992,2.5166015624999996
10993,18.66650390625
10994,12.537109375
10995,18.581542968749996
10996,12.968017578125
10997,17.522216796875
10998,9.10302734375
10999,-15.014404296875
11000,-28.935791015625
11001,26.550048828125
11002,52.82080078125
11003,-7.62939453125
11004,-8.787353515625
11005,-10.5830078125
11006,-30.814208984375
11007,32.4228515625
11008,45.792236328125
11009,28.013916015625
11010,61.784912109375
11011,2.140869140625
11012,8.285400390625
11013,2.6318359375000004
11014,17.029052734375
11015,9.10595703125
11016,-4.47314453125
11017,9.9130859375
11018,-2.299560546875
11019,1.107421875
11020,16.552001953125
11021,13.222412109375
11022,-10.689453125
11023,7.222900390625001
11024,-1.5825195312499998
11025,-0.8232421874999998
11026,3.4921875
11027,27.62353515625
11028,22.095703125
11029,68.58642578125
11030,-1.0322265625000002
11031,-0.282958984375
11032,4.10009765625
11033,27.025146484375
11034,20.8125
11035,10.29541015625
11036,23.30615234375
11037,6.4482421875
11038,99.64501953125001
11039,79.0634765625
11040,-51.630615234375
11041,-53.39306640624999
11042,62.761962890625
11043,31.73291015625
11044,114.89013671875001
11045,81.31005859375001
11046,-52.169677734375
11047,-53.51318359375001
11048,64.833740234375
11049,43.71435546874999
11050,109.180419921875
11051,29.84228515625
11052,-2.98291015625
11053,-4.56689453125
11054,-5.8779296875
11055,29.65234375
11056,30.228271484375
11057,36.4521484375
11058,-5.818603515625
11059,-7.464599609374999
11060,-3.615234375
11061,-3.75830078125
11062,26.6455078125
11063,33.68896484375
11064,44.541015625
11065,2.872314453125
11066,12.76904296875
11067,-6.139892578125
11068,113.47509765625001
11069,4.66162109375
11070,10.703613281250002
11071,-2.475830078125
11072,6.973388671875
11073,-7.21728515625
11074,7.526611328125
11075,5.671630859374999
11076,25.03515625
11077,-5.94189453125
11078,11.585693359375
11079,13.007324218749998
11080,27.94140625
11081,-0.0068359375
11082,-6.556396484375
11083,-6.69677734375
11084,14.767333984374998
11085,17.793701171875
11086,26.294189453125
11087,-11.697998046875
11088,3.652587890625
11089,7.7470703125
11090,-24.079345703125
11091,85.50927734375
11092,30.000732421875
11093,40.80004882812501
11094,29.483398437499996
11095,21.98291015625
11096,-31.2705078125
11097,79.96386718750001
11098,35.093505859375
11099,43.54248046875
11100,-23.367187500000004
11101,-32.15869140625
11102,20.103515625
11103,-13.231201171875
11104,4.735595703125
11105,5.385986328125
11106,0.303466796875
11107,6.228759765625
11108,20.8623046875
11109,21.918212890625
11110,5.022216796875
11111,9.367431640625
11112,3.90185546875
11113,12.961669921875
11114,26.125732421875
11115,25.185546875
11116,7.157470703125
11117,3.850830078125
11118,5.156494140625001
11119,8.173828125
11120,-0.11645507812499996
11121,2.38232421875
11122,11.343994140625
11123,11.6005859375
11124,2.098876953125
11125,-2.65966796875
11126,-4.21923828125
11127,7.955322265625
11128,-0.42138671875
11129,-15.0087890625
11130,29.597167968749996
11131,16.915283203125
11132,18.35400390625
11133,75.7451171875
11134,-23.313476562500004
11135,-33.525634765625
11136,30.09326171875
11137,18.72607421875
11138,20.543457031250004
11139,-35.72607421875
11140,-36.651611328125
11141,-22.7587890625
11142,18.279052734375
11143,-23.409667968749996
11144,15.445556640625
11145,7.14892578125
11146,45.915283203125
11147,-8.05126953125
11148,16.727294921875
11149,-16.214111328125
11150,14.65966796875
11151,9.396728515625002
11152,8.46044921875
11153,5.704833984375
11154,17.840576171875
11155,9.287109375
11156,-5.57861328125
11157,6.653564453125
11158,18.9951171875
11159,2.425537109375
11160,5.56005859375
11161,-7.12451171875
11162,-5.12548828125
11163,0.181396484375
11164,18.835205078125
11165,-13.2724609375
11166,-4.640380859374999
11167,-11.7392578125
11168,12.719970703125
11169,7.87060546875
11170,-3.055419921875
11171,-0.051025390625
11172,41.214111328125
11173,13.321044921875
11174,45.75122070312499
11175,7.738525390625001
11176,-9.292724609375
11177,-1.902587890625
11178,1.063232421875
11179,27.450927734374996
11180,13.045654296875
11181,-6.415283203125001
11182,11.89306640625
11183,96.144287109375
11184,151.26220703125
11185,22.232421875
11186,-9.8232421875
11187,-31.301025390625
11188,12.058837890625
11189,93.88061523437499
11190,149.73828125
11191,7.17822265625
11192,-46.29370117187499
11193,-24.914794921875
11194,-15.15966796875
11195,42.1455078125
11196,24.850341796875004
11197,29.456298828125
11198,3.846923828125
11199,1.344970703125
11200,-6.4423828125
11201,43.08056640624999
11202,29.379150390625
11203,30.568359375
11204,-0.271484375
11205,12.068603515625002
11206,-9.528076171875
11207,-1.2734375
11208,-2.218017578125
11209,-2.146240234375
11210,-10.332031249999998
11211,-15.712890625
11212,-5.347412109374999
11213,1.8012695312499998
11214,-1.522216796875
11215,-2.483154296875
11216,-11.56103515625
11217,21.8369140625
11218,6.743408203125
11219,3.135498046875
11220,2.90478515625
11221,-11.739013671875
11222,-12.1953125
11223,7.46630859375
11224,-13.4619140625
11225,-2.04833984375
11226,-5.957275390625001
11227,-12.867431640625
11228,-7.116943359374999
11229,10.251953125
11230,-4.200439453125
11231,-4.901123046875
11232,-26.999267578125
11233,-8.889404296875
11234,71.1533203125
11235,29.787353515625
11236,64.1875
11237,-14.45654296875
11238,-58.03857421875
11239,-14.579345703125
11240,72.274169921875
11241,32.443603515625
11242,67.7314453125
11243,17.595703125
11244,-40.81005859375
11245,-27.76416015625
11246,8.32275390625
11247,7.559814453125
11248,2.867431640625
11249,-3.011962890625
11250,-26.617919921875
11251,-29.85302734375
11252,0.363037109375
11253,6.741943359374999
11254,10.6787109375
11255,2.7861328124999996
11256,-12.068359375
11257,1.375
11258,32.974365234375
11259,20.246582031250004
11260,0.16821289062499972
11261,2.8564453124999996
11262,0.499755859375
11263,30.216796875
11264,14.278564453125
11265,12.2548828125
11266,-1.754150390625
11267,-1.6953125
11268,1.806396484375
11269,-6.168212890625001
11270,26.197509765625
11271,25.0400390625
11272,20.279541015625
11273,-8.876708984375
11274,6.947265624999999
11275,-3.509765625
11276,-5.920654296875
11277,16.4912109375
11278,7.62255859375
11279,-1.15185546875
11280,0.385009765625
11281,-2.847412109375
11282,-0.437744140625
11283,12.4462890625
11284,0.8403320312500001
11285,5.683837890625001
11286,12.2998046875
11287,27.655029296875
11288,37.00146484375
11289,8.5966796875
11290,4.48486328125
11291,1.0673828125
11292,14.847412109375
11293,26.99951171875
11294,34.9677734375
11295,-7.831787109374999
11296,61.19775390625
11297,-3.47802734375
11298,-8.177490234375
11299,-1.476318359375
11300,8.1142578125
11301,-5.317138671875
11302,-26.678955078125
11303,-27.98291015625
11304,1.8564453125
11305,4.8525390625
11306,6.557373046875
11307,-5.769287109374999
11308,34.519775390625
11309,26.679687500000004
11310,-19.06884765625
11311,-1.672607421875
11312,26.75830078125
11313,15.96728515625
11314,10.42333984375
11315,1.078857421875
11316,-9.852050781250002
11317,-7.51123046875
11318,25.6123046875
11319,13.91943359375
11320,10.992431640625
11321,3.350341796875
11322,-2.436767578125
11323,9.400390625
11324,-15.224609375
11325,14.33154296875
11326,34.29150390625
11327,16.813720703125
11328,-7.29345703125
11329,-8.55517578125
11330,0.6628417968750001
11331,17.775390625
11332,39.8935546875
11333,14.000244140625
11334,-7.30078125
11335,-6.97607421875
11336,-2.447998046875
11337,-34.880615234375
11338,4.68310546875
11339,5.2041015625
11340,11.154541015625002
11341,30.49560546875
11342,-42.9814453125
11343,-5.8515625
11344,6.198974609374999
11345,3.98046875
11346,9.522705078125
11347,9.8349609375
11348,-0.6862792968750001
11349,-14.8037109375
11350,38.1162109375
11351,31.216552734374996
11352,1.429931640625
11353,14.616455078125
11354,-7.337890624999999
11355,-38.584716796875
11356,29.715576171875
11357,30.260009765625
11358,5.2138671875
11359,14.216552734375
11360,37.82958984375
11361,39.862060546875
11362,5.62451171875
11363,14.511962890625
11364,-18.828125
11365,-13.23291015625
11366,-16.394287109375
11367,-2.052490234375
11368,14.119873046875
11369,12.847412109375
11370,-16.7734375
11371,-9.736083984374998
11372,-13.656494140625
11373,95.90380859375
11374,15.20751953125
11375,14.437011718749998
11376,-11.4501953125
11377,-29.413330078125
11378,-6.1806640625
11379,23.090576171875
11380,5.62744140625
11381,-13.050781249999998
11382,5.32861328125
11383,-27.76025390625
11384,-7.108154296875
11385,23.470458984375
11386,-27.415283203124996
11387,-10.626953125
11388,-6.5126953125
11389,-18.930419921875
11390,77.240966796875
11391,111.38867187499999
11392,70.168212890625
11393,-11.4248046875
11394,-23.062744140625
11395,26.62939453125
11396,76.418212890625
11397,109.0439453125
11398,88.142822265625
11399,1.6171875
11400,-6.483886718750001
11401,-2.0668945312500004
11402,0.48559570312499956
11403,33.690185546875
11404,37.65478515625
11405,39.1162109375
11406,-15.638916015625002
11407,-10.628662109375
11408,11.557861328125
11409,36.104248046875
11410,37.661376953125
11411,41.87353515625
11412,-2.4404296875000004
11413,-3.53857421875
11414,6.099853515625
11415,8.538330078125
11416,-7.512939453125
11417,3.8857421875000004
11418,1.835693359375
11419,-21.515869140625
11420,-9.185791015625
11421,6.25390625
11422,-11.656494140625
11423,7.33203125
11424,2.869384765625
11425,-1.486328125
11426,-21.80859375
11427,10.555175781250002
11428,-36.568359375
11429,29.531005859375
11430,-14.781738281250002
11431,62.0419921875
11432,41.04687500000001
11433,45.419677734375
11434,2.217773437499998
11435,34.501220703125
11436,-15.419189453125002
11437,69.0625
11438,5.002197265625
11439,6.970703124999999
11440,12.136474609375
11441,3.35400390625
11442,-1.9716796875
11443,5.373046875000001
11444,-8.177978515625
11445,5.146484375000001
11446,1.356689453125
11447,-5.02099609375
11448,-2.074951171875
11449,8.81396484375
11450,-7.35009765625
11451,-2.6572265624999996
11452,2.835693359375
11453,18.648193359375
11454,-17.753662109375
11455,34.859619140625
11456,10.0009765625
11457,12.0703125
11458,-8.866455078125
11459,-4.259765625
11460,-20.40087890625
11461,28.06396484375
11462,13.755126953125
11463,5.6181640625
11464,46.22070312500001
11465,-15.104736328125
11466,-10.74365234375
11467,-11.933837890625
11468,6.76953125
11469,2.2734375
11470,28.0380859375
11471,-0.00341796875
11472,-3.810302734375
11473,-12.4755859375
11474,4.402587890625
11475,2.94482421875
11476,20.858642578125
11477,10.8779296875
11478,-6.86767578125
11479,-16.98291015625
11480,-7.793701171875
11481,-17.03662109375
11482,23.7158203125
11483,4.44921875
11484,1.994384765625
11485,11.895751953125
11486,-6.4677734375
11487,-12.061279296875
11488,20.60888671875
11489,0.64111328125
11490,-0.56396484375
11491,23.951171875
11492,-0.024658203124999833
11493,-1.390869140625
11494,-4.974609375000001
11495,-4.278076171875
11496,-5.0478515625
11497,0.5979003906249999
11498,-6.8359375
11499,-1.679443359375
11500,-3.579345703125
11501,-2.45556640625
11502,-9.03271484375
11503,-4.333251953125
11504,-2.53125
11505,4.721435546875
11506,-9.510009765625
11507,0.022705078125
11508,-13.1533203125
11509,-6.82666015625
11510,9.86376953125
11511,11.36376953125
11512,-7.511474609374999
11513,5.44970703125
11514,-10.315185546875
11515,-8.970703125
11516,-10.588623046875
11517,7.671630859374999
11518,-9.086181640625
11519,0.05859375
11520,29.935302734374996
11521,19.7431640625
11522,25.31298828125
11523,12.0693359375
11524,-3.5361328124999996
11525,-8.41357421875
11526,22.607177734374996
11527,19.3837890625
11528,24.4873046875
11529,-17.1474609375
11530,-3.5546875
11531,-0.90283203125
11532,15.135498046875
11533,6.65673828125
11534,21.3349609375
11535,-8.244384765625
11536,9.45166015625
11537,18.045654296875
11538,40.5458984375
11539,3.232177734375
11540,30.79296875
11541,-11.247802734375
11542,-9.14697265625
11543,-23.7275390625
11544,-35.335205078125
11545,26.9736328125
11546,-12.700439453125
11547,10.960693359375
11548,1.2690429687500002
11549,3.93212890625
11550,4.39599609375
11551,20.980224609375
11552,-13.298828125
11553,6.2978515625
11554,3.974853515625
11555,25.66259765625
11556,108.15136718750001
11557,23.25634765625
11558,25.201416015625
11559,-17.82177734375
11560,17.221435546875
11561,-2.323974609375
11562,-48.60107421875
11563,34.5009765625
11564,41.8857421875
11565,-15.727783203125
11566,13.42041015625
11567,-2.79931640625
11568,19.452880859375
11569,12.482177734375
11570,13.260986328125
11571,-10.619873046875
11572,-6.902587890625001
11573,-20.755615234375
11574,-12.765625
11575,3.772705078124999
11576,18.1630859375
11577,12.320800781250002
11578,-8.310302734375
11579,-20.7783203125
11580,-14.464111328125
11581,16.140869140625
11582,-17.261962890625
11583,16.619873046875
11584,-19.234375
11585,-0.7404785156249999
11586,35.52490234375
11587,59.797119140625
11588,3.931396484375
11589,10.85791015625
11590,-18.651123046875
11591,-2.802978515625
11592,39.11865234375
11593,62.915771484375
11594,45.7470703125
11595,6.63916015625
11596,-20.050292968749996
11597,-6.1640625
11598,-0.404296875
11599,-9.758544921875
11600,-1.4165039062499998
11601,42.73120117187499
11602,20.55712890625
11603,-12.584716796875
11604,0.00732421875
11605,-6.525634765625
11606,-1.14453125
11607,0.62353515625
11608,14.056396484374998
11609,-1.519775390625
11610,20.611572265625004
11611,-6.02880859375
11612,18.892578125
11613,19.084228515625
11614,-14.12939453125
11615,-23.87109375
11616,16.72998046875
11617,-8.354248046875
11618,20.774658203124996
11619,14.065185546875
11620,13.920166015625002
11621,6.835205078125
11622,3.62939453125
11623,11.886230468750004
11624,37.415283203125
11625,50.958251953125
11626,101.659912109375
11627,-3.650390625
11628,-36.884765625
11629,-49.60620117187499
11630,41.383056640625
11631,45.60620117187499
11632,104.36303710937499
11633,-33.340576171875
11634,-21.421875
11635,-21.35107421875
11636,-32.55419921875
11637,13.75537109375
11638,8.9404296875
11639,18.872802734374996
11640,6.775146484374998
11641,-27.792236328125
11642,-31.332763671875
11643,12.861328125
11644,8.474365234375
11645,17.057373046875
11646,114.524169921875
11647,-29.0107421875
11648,-35.96240234375
11649,1.09814453125
11650,-2.660888671875
11651,10.765136718749998
11652,12.580078125
11653,-0.35058593749999994
11654,-1.607421875
11655,3.01708984375
11656,-2.583984375
11657,9.939697265625
11658,13.98876953125
11659,8.029541015625
11660,5.146240234375
11661,0.456298828125
11662,1.2868652343749996
11663,17.501220703125
11664,10.5302734375
11665,7.35302734375
11666,-44.9287109375
11667,7.477294921875
11668,0.8466796875
11669,16.64306640625
11670,6.46728515625
11671,11.029296875
11672,-1.1596679687500002
11673,-2.16064453125
11674,2.56689453125
11675,-23.138671875
11676,-9.53125
11677,11.146484375
11678,-4.025146484375
11679,5.720458984374998
11680,33.328125
11681,4.83544921875
11682,-8.8984375
11683,6.9677734375
11684,0.556884765625
11685,-25.13037109375
11686,-16.667236328125
11687,-17.294189453125
11688,-15.2177734375
11689,19.396240234375
11690,65.12548828125
11691,47.64599609375
11692,-41.656005859375
11693,-12.6484375
11694,-10.22900390625
11695,21.855957031250004
11696,58.71997070312499
11697,50.47705078125
11698,-7.3447265625
11699,-9.923583984374998
11700,-0.5744628906250011
11701,-4.472900390625
11702,18.20849609375
11703,-11.010986328125
11704,8.9853515625
11705,18.7626953125
11706,-3.881103515625
11707,11.41748046875
11708,22.837646484375
11709,-5.958251953125
11710,6.52783203125
11711,-19.604736328125
11712,44.359619140625
11713,-19.57861328125
11714,6.463134765625
11715,-1.740478515625
11716,-4.572265625
11717,-10.8271484375
11718,59.74609375
11719,51.99243164062499
11720,41.220458984375
11721,2.660400390625
11722,-4.12939453125
11723,-6.218505859374999
11724,-20.51611328125
11725,-10.6767578125
11726,14.303466796875
11727,-25.91943359375
11728,90.739013671875
11729,91.923095703125
11730,87.93823242187501
11731,7.8623046875
11732,-23.839111328125
11733,-18.3544921875
11734,87.52490234374999
11735,94.0419921875
11736,84.332275390625
11737,-19.240234375
11738,-20.494873046875
11739,-14.389892578125
11740,5.3212890625
11741,-9.56591796875
11742,29.47705078125
11743,9.0546875
11744,12.654052734375
11745,54.27197265625
11746,3.005615234375
11747,-8.377197265625
11748,32.304443359375
11749,5.93701171875
11750,-4.3681640625
11751,3.524169921875
11752,9.303466796875
11753,-5.753662109374999
11754,-4.346923828125
11755,5.690673828125
11756,8.906982421875
11757,-16.585205078125
11758,-12.48779296875
11759,13.2939453125
11760,-12.66259765625
11761,2.1059570312499996
11762,13.175781249999998
11763,-8.27490234375
11764,-5.685302734375
11765,3.969970703125
11766,-1.475341796875
11767,-25.20068359375
11768,-4.1591796875
11769,-8.314697265625
11770,22.752197265625004
11771,11.285888671875
11772,21.832275390625
11773,-23.361083984375
11774,-6.80712890625
11775,-11.24658203125
11776,114.109375
11777,21.340332031250004
11778,26.237792968749996
11779,12.722900390625
11780,-18.214111328125
11781,18.684814453125
11782,14.52978515625
11783,10.0634765625
11784,-2.48876953125
11785,-1.189697265625
11786,-15.749267578125
11787,11.0185546875
11788,11.684814453125
11789,63.652099609375
11790,22.05224609375
11791,16.514404296875
11792,6.449462890625001
11793,71.143798828125
11794,23.531494140625
11795,55.37109375
11796,-16.043701171875
11797,-5.4033203125
11798,-3.79345703125
11799,66.66162109375
11800,27.298095703125
11801,55.30566406250001
11802,-18.482666015625
11803,-12.82568359375
11804,-7.015625
11805,3.904052734375
11806,-17.798095703125
11807,-14.971923828125
11808,1.513916015625
11809,-1.8481445312499998
11810,-0.0517578125
11811,8.3349609375
11812,-15.534912109375
11813,-10.406982421875
11814,-2.311279296875
11815,6.42529296875
11816,28.316162109375
11817,14.484375
11818,6.879638671875
11819,3.4853515624999996
11820,1.1110839843749996
11821,-4.486083984375
11822,5.768798828125
11823,-14.4580078125
11824,7.212890624999999
11825,4.927734375000001
11826,2.53076171875
11827,2.77490234375
11828,6.682373046875
11829,12.215087890625
11830,14.082275390625
11831,6.54443359375
11832,-0.37646484375
11833,4.104736328125
11834,10.461425781250002
11835,0.13818359375
11836,6.02099609375
11837,-4.03076171875
11838,2.38916015625
11839,2.139404296875
11840,10.508056640625
11841,6.301025390625001
11842,19.704345703125
11843,-4.023193359375
11844,25.3330078125
11845,-1.4272460937500004
11846,3.13232421875
11847,-0.267822265625
11848,-0.047119140625
11849,14.711425781250002
11850,12.110595703125
11851,2.655517578125
11852,2.17333984375
11853,-2.103271484375
11854,-3.9638671875000004
11855,3.063720703125
11856,2.890380859375
11857,4.42529296875
11858,-3.859619140625
11859,-2.0546875
11860,0.525146484375
11861,-8.970458984375
11862,0.270751953125
11863,5.95263671875
11864,-2.76806640625
11865,0.11523437499999989
11866,-1.157470703125
11867,-11.68408203125
11868,-3.56884765625
11869,1.5649414062499998
11870,4.16064453125
11871,8.087158203125
11872,-11.280517578125
11873,-10.416015625
11874,11.484863281250002
11875,-0.2392578125
11876,4.753662109374999
11877,6.2314453125
11878,-9.947509765625
11879,-11.429931640625
11880,27.398437500000004
11881,6.77587890625
11882,9.161865234375
11883,-5.230712890625001
11884,4.0986328125
11885,1.999755859375
11886,4.591552734375
11887,-5.668212890625001
11888,5.4345703125
11889,3.786376953125
11890,6.104248046875
11891,-1.5903320312499998
11892,3.368408203125
11893,9.02392578125
11894,13.653076171875
11895,-4.129638671875
11896,-8.72412109375
11897,30.08251953125
11898,-1.1889648437500002
11899,5.25537109375
11900,-34.733642578125
11901,-1.841064453125
11902,2.1774902343749996
11903,31.80517578125
11904,4.284912109375
11905,0.407470703125
11906,39.098876953125
11907,12.3125
11908,-12.707275390625
11909,-2.706787109375
11910,15.974609375
11911,8.785888671875
11912,-7.82763671875
11913,-5.156982421875
11914,-5.791015624999999
11915,5.80517578125
11916,7.1884765625
11917,12.18896484375
11918,-1.645263671875
11919,10.716552734375
11920,13.62353515625
11921,-7.361328124999999
11922,33.126953125
11923,-49.094482421875
11924,-53.26562499999999
11925,-36.45654296875
11926,14.7607421875
11927,23.274658203124996
11928,29.69580078125
11929,-49.6884765625
11930,-55.3779296875
11931,-42.804443359375
11932,-26.556640625
11933,18.302490234375
11934,18.601806640625
11935,32.427978515625
11936,61.17041015625
11937,66.005615234375
11938,-30.981201171875
11939,11.89599609375
11940,36.948486328125
11941,23.85498046875
11942,58.48828125
11943,76.278564453125
11944,-28.253662109375
11945,-17.893310546875
11946,-1.9174804687500002
11947,-14.6748046875
11948,74.432373046875
11949,-26.474609375
11950,-17.12353515625
11951,-16.391845703125
11952,57.697265625
11953,68.140869140625
11954,76.61938476562501
11955,-28.24267578125
11956,-20.125244140625
11957,-18.20556640625
11958,-4.724365234375
11959,85.554931640625
11960,71.892578125
11961,9.5830078125
11962,64.399658203125
11963,23.798828125
11964,-4.955322265625
11965,-3.006591796875
11966,-7.5078125
11967,-18.382568359375
11968,62.14453125
11969,22.74267578125
11970,4.06982421875
11971,61.700927734375
11972,26.37109375
11973,21.779296875
11974,-21.2685546875
11975,25.037841796875004
11976,44.451904296875
11977,56.5859375
11978,-15.493896484374998
11979,-9.986083984374998
11980,-28.85498046875
11981,26.69921875
11982,46.48437500000001
11983,53.100830078125
11984,-3.858642578125
11985,-1.084228515625
11986,-23.103271484375
11987,0.2766113281249998
11988,10.58935546875
11989,-6.361572265625
11990,11.749267578125
11991,23.581787109375
11992,6.41845703125
11993,17.4580078125
11994,9.059814453125
11995,-3.130859375
11996,9.440185546875
11997,26.093994140625
11998,12.37939453125
11999,0.8210449218750002
12000,-10.291015625
12001,-11.9130859375
12002,4.16650390625
12003,2.469482421875
12004,-24.77294921875
12005,-30.20263671875
12006,-9.2001953125
12007,-13.347900390625
12008,7.324951171875
12009,3.472412109375
12010,-2.037841796875
12011,0.021484375
12012,3.740478515625
12013,-11.709228515625002
12014,-0.67236328125
12015,-4.08837890625
12016,5.35107421875
12017,29.41748046875
12018,-3.387939453125
12019,-9.0888671875
12020,0.30224609375
12021,3.104736328125
12022,2.642578125
12023,3.38427734375
12024,-7.92626953125
12025,-6.5546875
12026,15.3251953125
12027,-62.2900390625
12028,-61.97900390625
12029,-38.629150390625
12030,12.257080078125
12031,30.009521484375
12032,36.660400390625
12033,-67.540771484375
12034,-59.00634765625
12035,-40.45947265625
12036,-17.08837890625
12037,1.474853515625
12038,6.154296875000001
12039,54.80712890625
12040,-17.392333984375
12041,-31.764648437499996
12042,-19.769775390625
12043,1.4609375
12044,25.695312499999996
12045,38.84252929687501
12046,-17.66650390625
12047,-31.872314453125
12048,-20.237060546875
12049,7.239501953125
12050,44.634521484375
12051,27.756591796875004
12052,-9.5087890625
12053,6.333740234375
12054,5.520751953125
12055,8.513916015625
12056,3.927001953125
12057,3.929443359375
12058,-24.364501953125
12059,10.193115234375
12060,5.77685546875
12061,11.10302734375
12062,5.145751953125
12063,4.4296875
12064,-2.97314453125
12065,-10.1611328125
12066,-4.942626953125
12067,-9.068359375
12068,-12.212646484374998
12069,23.598876953125
12070,32.216064453125
12071,-4.343994140625
12072,-2.18359375
12073,-11.681640625
12074,-5.737060546875
12075,7.007568359374999
12076,-2.53173828125
12077,-3.39111328125
12078,10.2021484375
12079,-1.909912109375
12080,-5.66943359375
12081,2.2705078125
12082,-12.590087890625
12083,-26.283935546875
12084,-16.70849609375
12085,0.023681640625
12086,-0.8571777343750001
12087,-1.7856445312499998
12088,5.205078124999999
12089,-4.424072265625
12090,-5.26220703125
12091,-26.94482421875
12092,108.515869140625
12093,116.286865234375
12094,128.1435546875
12095,21.40478515625
12096,-24.722167968749996
12097,-23.822265625
12098,116.41455078125
12099,116.684326171875
12100,127.24853515625
12101,-22.30419921875
12102,-18.15234375
12103,-20.96044921875
12104,10.049560546875
12105,-3.208251953125
12106,-1.837158203125
12107,-0.265625
12108,3.034912109375
12109,0.143310546875
12110,8.837890625
12111,-1.4853515625
12112,-2.282470703125
12113,2.42236328125
12114,7.3701171875
12115,1.362548828125
12116,12.323974609375
12117,3.293212890625
12118,-3.79052734375
12119,-5.76318359375
12120,1.376708984375
12121,8.103515625
12122,0.506591796875
12123,4.2978515625
12124,-5.69287109375
12125,-4.5595703125
12126,-1.220458984375
12127,17.406494140625
12128,4.345947265625
12129,-0.16381835937499997
12130,-12.20458984375
12131,-17.849365234375
12132,-3.5319824218750004
12133,22.319091796875004
12134,30.459716796875004
12135,-17.524169921875
12136,0.235107421875
12137,-16.5888671875
12138,-2.135009765625
12139,28.116943359375
12140,20.872314453125
12141,-0.12255859375
12142,1.247314453125
12143,111.5224609375
12144,-24.340087890625
12145,-17.299072265625
12146,-24.815185546875
12147,-23.98291015625
12148,113.557373046875
12149,106.70703125
12150,-25.855712890625
12151,-21.697265625
12152,-26.749755859375
12153,29.38671875
12154,104.92626953125
12155,108.424560546875
12156,-31.314208984375
12157,10.175781249999998
12158,15.913574218749998
12159,-3.2744140624999996
12160,-6.75732421875
12161,-13.685302734375
12162,-16.025390625
12163,7.447998046875
12164,8.876953125
12165,2.09912109375
12166,-7.91455078125
12167,-29.754638671875
12168,-21.00537109375
12169,33.216796875
12170,-19.891845703125
12171,-24.954101562500004
12172,-26.707275390625
12173,24.562744140625
12174,31.082275390625
12175,28.64013671875
12176,-17.617431640625
12177,-22.6279296875
12178,-26.3818359375
12179,114.776123046875
12180,23.249755859375
12181,25.125732421875
12182,-30.40234375
12183,62.29833984375
12184,12.152587890625
12185,-3.12744140625
12186,20.62353515625
12187,20.453125
12188,0.8376464843749982
12189,66.453857421875
12190,12.837158203125
12191,-5.493408203125
12192,-44.285888671875
12193,-3.772216796875
12194,29.08544921875
12195,-13.313232421875
12196,-1.473876953125
12197,-1.13232421875
12198,-2.1494140625
12199,5.441650390625001
12200,-6.20068359375
12201,-10.9814453125
12202,4.6279296875
12203,-3.29345703125
12204,-0.96435546875
12205,-1.773193359375
12206,18.231689453125
12207,-13.496337890625
12208,-0.66796875
12209,-6.5732421875
12210,-3.289794921875
12211,-5.41357421875
12212,36.41845703125
12213,0.00439453125
12214,-1.6811523437500002
12215,-3.591552734375
12216,-0.43994140625
12217,-9.383544921875
12218,-15.172363281250002
12219,9.445556640625
12220,12.905761718749998
12221,39.899658203125
12222,-19.346435546875
12223,-39.490966796875
12224,-2.8271484375000004
12225,-4.12646484375
12226,27.1904296875
12227,58.94384765625
12228,-21.455810546875
12229,-40.66455078125
12230,-9.3095703125
12231,5.114501953125
12232,0.35791015625000006
12233,45.73681640624999
12234,9.946044921875
12235,-2.0520019531249996
12236,-1.721923828125
12237,0.36645507812500017
12238,-3.702880859375
12239,0.93994140625
12240,-1.783203125
12241,-5.75537109375
12242,-1.049072265625
12243,2.1640625
12244,12.39697265625
12245,3.36474609375
12246,-4.658203124999999
12247,5.037353515625
12248,11.511474609375
12249,11.608154296875
12250,7.814453124999999
12251,8.276123046875
12252,7.170654296875
12253,-3.211669921875
12254,16.577392578125
12255,8.022216796875
12256,8.196533203125
12257,-7.551025390625001
12258,-7.238525390625001
12259,0.03784179687500002
12260,0.377685546875
12261,17.984130859375
12262,18.423828125
12263,-8.28076171875
12264,-0.88427734375
12265,11.1572265625
12266,5.635498046875
12267,14.3359375
12268,15.8896484375
12269,-11.023681640625
12270,-5.50390625
12271,11.903564453125
12272,20.29443359375
12273,-19.86669921875
12274,-24.343994140625
12275,17.330322265625
12276,9.376953125
12277,-24.3154296875
12278,-15.5361328125
12279,-20.654296875
12280,-24.300292968749996
12281,10.737548828125
12282,11.182373046875
12283,45.80810546874999
12284,42.25390625
12285,-16.338134765625
12286,1.3994140624999996
12287,-34.773193359375
12288,-21.388916015625
12289,56.70312499999999
12290,-1.4768066406250018
12291,41.523193359375
12292,46.33203125
12293,-35.875
12294,-21.923828125
12295,52.64501953125
12296,27.406982421875
12297,47.756103515625
12298,43.999755859375
12299,3.053955078125
12300,24.354736328125
12301,14.4736328125
12302,-5.975341796875
12303,-9.43505859375
12304,5.1962890625
12305,-4.440673828125
12306,23.18798828125
12307,12.876708984374998
12308,-2.76416015625
12309,11.425781249999998
12310,14.1689453125
12311,19.188232421875
12312,-1.199951171875
12313,4.8642578125
12314,11.561279296875
12315,17.000244140625
12316,-5.4521484375
12317,-3.389892578125
12318,4.869384765625
12319,6.6767578125
12320,16.791259765625
12321,17.131591796875
12322,3.38525390625
12323,0.357177734375
12324,11.173828125
12325,9.5390625
12326,14.804443359375
12327,15.545166015625002
12328,13.745361328125
12329,-18.479248046875
12330,7.12744140625
12331,6.549072265625
12332,12.9755859375
12333,16.358642578125
12334,15.419677734375
12335,-10.874511718749998
12336,11.38037109375
12337,8.059326171875
12338,7.717529296875
12339,3.84130859375
12340,24.625732421875
12341,29.569580078125
12342,-7.49560546875
12343,-0.252197265625
12344,6.82275390625
12345,8.385009765625
12346,29.994384765625
12347,27.933837890625
12348,-9.59521484375
12349,3.740478515625
12350,-3.54443359375
12351,12.01416015625
12352,-44.134033203125
12353,19.673583984375
12354,-35.632568359375
12355,-1.6455078125
12356,-48.113037109375
12357,11.314208984374998
12358,-43.197998046875
12359,15.186767578125
12360,-33.39501953125
12361,82.103759765625
12362,40.025390625
12363,-7.35693359375
12364,11.03759765625
12365,-0.7629394531249999
12366,5.600341796875
12367,3.378662109375
12368,-9.63427734375
12369,0.7736816406249999
12370,3.07373046875
12371,-4.322021484375
12372,3.345703125
12373,8.2099609375
12374,-10.736083984374998
12375,1.6235351562499998
12376,5.025146484375
12377,-17.537109375
12378,-22.25146484375
12379,13.9892578125
12380,18.199462890625
12381,-3.68359375
12382,-25.104736328125
12383,-20.648193359375
12384,-24.055908203124996
12385,16.55078125
12386,12.63427734375
12387,-13.4541015625
12388,-3.296630859375
12389,-20.85302734375
12390,6.50537109375
12391,42.95947265625
12392,40.6650390625
12393,14.87841796875
12394,-8.30322265625
12395,-7.005615234375
12396,-9.12890625
12397,46.31787109375
12398,41.076904296875
12399,18.35400390625
12400,34.033447265625
12401,-6.80859375
12402,0.50390625
12403,5.65771484375
12404,37.965576171875
12405,-14.649658203125
12406,-2.1064453125
12407,-2.229736328125
12408,9.5869140625
12409,-11.478515625
12410,34.24755859375
12411,-13.116455078125
12412,-5.978759765625
12413,-3.169189453125
12414,0.63720703125
12415,-0.11206054687499996
12416,3.29638671875
12417,8.934814453125
12418,1.9897460937500002
12419,11.546875
12420,-23.769287109375
12421,-3.033935546875
12422,-4.795654296875
12423,5.916015624999999
12424,8.52197265625
12425,6.06298828125
12426,-6.443359375000001
12427,1.1591796875
12428,2.497314453125
12429,-7.383544921875
12430,49.662353515625
12431,23.249755859375
12432,25.639648437499996
12433,78.820556640625
12434,-27.77587890625
12435,-29.523193359375
12436,51.8125
12437,24.306884765625
12438,31.66015625
12439,-3.99755859375
12440,2.552001953125
12441,-15.989013671875
12442,9.123779296875
12443,3.783203125
12444,1.933349609375
12445,-0.03076171875
12446,9.4833984375
12447,4.713134765625
12448,8.38427734375
12449,1.229248046875
12450,2.61962890625
12451,7.020263671875
12452,0.0751953125
12453,2.97216796875
12454,4.792236328125
12455,11.169921874999998
12456,137.835205078125
12457,85.984619140625
12458,101.2041015625
12459,-47.18017578125
12460,-46.554443359375
12461,-42.52001953125
12462,138.3037109375
12463,87.3544921875
12464,104.952392578125
12465,-5.16162109375
12466,-6.287109375000001
12467,-33.850830078125
12468,21.287841796875004
12469,-17.48486328125
12470,-13.407958984374998
12471,-7.3447265625
12472,8.388916015625
12473,8.4345703125
12474,8.148681640625
12475,-16.381103515625
12476,-17.583251953125
12477,-6.89501953125
12478,8.17919921875
12479,3.1931152343749996
12480,10.668212890625
12481,21.66796875
12482,-5.928955078125
12483,18.50927734375
12484,27.1494140625
12485,-2.53515625
12486,24.428466796875004
12487,6.489013671875
12488,-4.033447265625
12489,10.2919921875
12490,23.550292968749996
12491,56.2900390625
12492,-22.96875
12493,14.2734375
12494,7.9755859375
12495,-5.235107421875
12496,2.49853515625
12497,0.29541015625
12498,-8.74658203125
12499,2.833740234375
12500,4.160888671875
12501,-4.9365234375
12502,8.47607421875
12503,1.6508789062499998
12504,10.780761718749998
12505,5.768798828125
12506,-1.566162109375
12507,1.750244140625
12508,4.026611328125
12509,14.303466796875
12510,-4.72607421875
12511,0.66015625
12512,2.1357421875
12513,-1.15283203125
12514,5.7626953125
12515,16.199462890625
12516,-3.3896484375000004
12517,7.2607421875
12518,-1.429931640625
12519,-1.938232421875
12520,49.842041015625
12521,-34.739990234375
12522,2.1696777343749996
12523,-2.314208984375
12524,63.174072265625
12525,43.14501953125
12526,57.88037109375
12527,-30.009765625
12528,8.40283203125
12529,-2.1843261718750004
12530,-59.592041015625
12531,43.6689453125
12532,65.27099609375
12533,-8.3583984375
12534,5.5302734375
12535,-1.050537109375
12536,-4.08154296875
12537,0.81201171875
12538,-0.9826660156249999
12539,-3.08544921875
12540,6.626220703125
12541,-6.24853515625
12542,-2.740478515625
12543,-4.143798828125
12544,-5.04345703125
12545,-6.752197265625
12546,5.893798828125
12547,12.004150390625
12548,11.50244140625
12549,-0.034423828124999944
12550,13.08349609375
12551,-11.866943359375
12552,-0.150390625
12553,13.365234375
12554,11.923095703125
12555,-3.654541015625
12556,32.633544921875
12557,49.869140625
12558,7.568115234375
12559,-5.1181640625
12560,1.202392578125
12561,1.2875976562499998
12562,3.6630859375000004
12563,11.2236328125
12564,12.26904296875
12565,-3.99951171875
12566,4.28564453125
12567,2.0673828125
12568,8.49755859375
12569,0.41748046875
12570,6.587646484375
12571,-0.401123046875
12572,-4.77197265625
12573,-10.113037109375
12574,-11.4453125
12575,25.74853515625
12576,2.19482421875
12577,-6.47216796875
12578,-9.801025390625
12579,-4.1396484375
12580,-10.1240234375
12581,20.216064453125
12582,4.870361328125
12583,-2.18310546875
12584,-9.002197265625
12585,6.093994140625001
12586,7.75
12587,11.5927734375
12588,11.428955078125
12589,-6.697021484375
12590,-0.223876953125
12591,-10.593505859375
12592,15.414550781250002
12593,15.589111328125
12594,21.332763671875
12595,7.1474609375
12596,3.482666015625
12597,3.052490234375
12598,-1.3393554687500002
12599,4.59619140625
12600,2.9228515624999996
12601,-0.174072265625
12602,2.42626953125
12603,0.564208984375
12604,2.763427734375
12605,3.742431640625
12606,3.46728515625
12607,1.66796875
12608,1.561279296875
12609,1.224609375
12610,-2.785400390625
12611,5.990234375000001
12612,8.3671875
12613,1.713623046875
12614,1.486328125
12615,-21.04443359375
12616,6.97314453125
12617,-4.171630859375
12618,7.09423828125
12619,3.5078125
12620,2.123779296875
12621,13.746337890625
12622,-1.4038085937500002
12623,3.717041015625
12624,-4.260986328125
12625,6.90771484375
12626,57.859619140625
12627,61.1298828125
12628,-21.62451171875
12629,-21.94580078125
12630,-9.484130859375
12631,6.35693359375
12632,51.980712890625
12633,57.304443359375
12634,61.33251953125
12635,-1.5314941406250004
12636,-13.7060546875
12637,-3.915283203125
12638,-6.6416015625
12639,-5.392333984375
12640,-9.125244140625
12641,-21.96435546875
12642,-5.294677734375
12643,-7.817138671875
12644,-3.679443359375
12645,-13.597656249999998
12646,-12.8115234375
12647,-19.756591796875004
12648,-9.372802734375
12649,-6.55712890625
12650,-6.65185546875
12651,17.20654296875
12652,18.663818359375
12653,16.154052734375
12654,21.6533203125
12655,-6.183837890625001
12656,-13.820800781250002
12657,18.97900390625
12658,16.60546875
12659,15.566406249999998
12660,-8.359130859375
12661,-5.083984375000001
12662,-15.895263671875
12663,-45.568115234375
12664,-12.14697265625
12665,-3.4755859375000004
12666,65.714599609375
12667,-5.047607421875
12668,31.241455078125
12669,-0.26708984375000067
12670,-11.782958984374998
12671,-1.5327148437500002
12672,70.03857421875
12673,-13.326171875
12674,-18.229248046875
12675,2.23291015625
12676,159.196044921875
12677,-35.29296875
12678,76.689453125
12679,-15.4833984375
12680,-26.684326171875
12681,-12.927490234375
12682,45.416015625
12683,-32.948486328125
12684,69.154541015625
12685,-14.069580078125
12686,47.658447265625
12687,45.184814453125
12688,-13.71240234375
12689,18.257568359375
12690,3.95654296875
12691,17.188232421875
12692,8.153076171875
12693,-13.137939453125
12694,17.637451171875
12695,18.02294921875
12696,10.48681640625
12697,9.01025390625
12698,10.0859375
12699,37.44091796875
12700,23.186279296875
12701,26.529296875
12702,45.879638671875
12703,-2.33544921875
12704,-5.563232421875
12705,-11.023193359375
12706,17.080322265625
12707,32.568359375
12708,33.737060546875
12709,4.131103515625
12710,-8.7236328125
12711,-6.77197265625
12712,11.126220703125
12713,23.24609375
12714,-4.34765625
12715,-10.688232421875
12716,-11.398925781250002
12717,22.831787109375
12718,45.165771484375
12719,3.259521484375
12720,-3.144287109375
12721,-9.419189453125
12722,-16.23681640625
12723,20.55078125
12724,38.087890625
12725,-5.465087890625001
12726,-11.3828125
12727,-15.655029296875
12728,-9.165283203125
12729,24.860595703125
12730,37.088134765625
12731,16.99072265625
12732,-0.229248046875
12733,-21.4375
12734,0.62744140625
12735,28.467773437499996
12736,38.1708984375
12737,14.10009765625
12738,-14.58935546875
12739,-17.10888671875
12740,-21.75048828125
12741,-0.505615234375
12742,36.119873046875
12743,21.8662109375
12744,5.121337890625001
12745,34.012939453125
12746,16.3515625
12747,8.593505859375
12748,28.61767578125
12749,26.684326171875
12750,0.0693359375
12751,0.6874999999999998
12752,-2.911865234375
12753,-8.84130859375
12754,-6.361572265625
12755,25.92724609375
12756,14.66259765625
12757,21.129150390625
12758,-12.0595703125
12759,6.196533203125
12760,-2.252685546875
12761,23.429687500000004
12762,15.158935546875
12763,27.466064453125
12764,-14.501953125
12765,3.085693359375
12766,-1.5200195312499998
12767,52.64062499999999
12768,2.499755859375
12769,5.01904296875
12770,3.89404296875
12771,84.600830078125
12772,49.794921875
12773,49.544677734375
12774,3.0244140624999996
12775,7.64697265625
12776,4.083251953125
12777,-0.2919921875
12778,49.910400390625
12779,53.66162109375
12780,-0.11523437500000044
12781,8.417236328125
12782,9.220703125
12783,6.058349609374999
12784,-15.625
12785,6.962890624999999
12786,2.3037109375
12787,2.512939453125
12788,3.80126953125
12789,5.88330078125
12790,24.36572265625
12791,-3.47998046875
12792,6.031005859374999
12793,31.171630859375
12794,24.857421875
12795,42.938232421875
12796,2.944091796875
12797,12.903076171875
12798,5.504150390625001
12799,19.8388671875
12800,23.713623046875
12801,36.396484375
12802,9.0205078125
12803,51.884033203125
12804,37.964111328125
12805,36.59375
12806,-2.32080078125
12807,5.38623046875
12808,-4.926513671875
12809,-0.32275390625
12810,30.019287109375
12811,1.5166015625
12812,-1.297119140625
12813,8.17626953125
12814,-1.688720703125
12815,-0.8623046875
12816,-15.786376953125
12817,-1.256103515625
12818,3.974365234375
12819,61.1259765625
12820,47.77929687499999
12821,-17.073974609375
12822,-9.897216796875
12823,37.9912109375
12824,52.020751953125
12825,71.923095703125
12826,44.589111328125
12827,-13.308593750000002
12828,-21.882812499999996
12829,-10.587158203125
12830,1.596923828125
12831,66.035888671875
12832,33.923095703125
12833,-11.1318359375
12834,7.5498046875
12835,-12.265625
12836,-19.165283203124996
12837,34.308349609375
12838,5.677001953125
12839,-12.7333984375
12840,6.85205078125
12841,-15.28466796875
12842,-1.740478515625
12843,-4.854736328125
12844,2.180419921875
12845,4.708251953125
12846,13.94775390625
12847,16.91748046875
12848,19.78173828125
12849,-13.458984375
12850,-21.195556640625
12851,1.977294921875
12852,11.5029296875
12853,23.92236328125
12854,17.15576171875
12855,-0.9812011718750001
12856,-18.896484375
12857,1.783935546875
12858,-28.75537109375
12859,33.626220703125
12860,6.0712890625
12861,9.433593750000002
12862,10.709228515625002
12863,10.337646484374998
12864,-21.126220703125
12865,39.82495117187499
12866,3.098388671875
12867,4.83935546875
12868,-36.637939453125
12869,-37.577392578125
12870,-28.368896484375
12871,45.33984375
12872,-0.7595214843750024
12873,-19.030517578125
12874,19.973388671875
12875,-42.139892578125
12876,32.194580078125
12877,0.14868164062499978
12878,-5.319580078125008
12879,-21.5986328125
12880,17.05322265625
12881,64.06982421875
12882,7.81494140625
12883,154.56982421875
12884,-4.655517578125
12885,2.909912109375
12886,-7.900390624999999
12887,3.03955078125
12888,8.177734375
12889,-3.361328125
12890,2.01904296875
12891,6.3671875
12892,-8.604248046875
12893,2.57275390625
12894,-10.88525390625
12895,3.821533203125
12896,2.258056640625
12897,-14.853271484374998
12898,19.0244140625
12899,37.37255859375
12900,53.505859375
12901,7.350830078125
12902,-14.843994140625
12903,-5.545654296875
12904,19.962890625
12905,39.08203125
12906,50.471435546875
12907,-21.978759765625
12908,-20.38037109375
12909,-13.476318359375
12910,-1.625
12911,8.902587890625
12912,8.01904296875
12913,10.4853515625
12914,-3.62255859375
12915,-2.501220703125
12916,1.10400390625
12917,12.148681640625
12918,8.328857421875
12919,11.908447265625
12920,9.802490234375
12921,-11.695556640625
12922,-12.501708984374998
12923,8.505859375
12924,1.2348632812499996
12925,-2.730224609375
12926,-3.342041015625
12927,9.350830078125
12928,8.285888671875
12929,3.195556640625
12930,2.54638671875
12931,-2.70068359375
12932,2.168701171875
12933,1.4184570312499998
12934,-1.765625
12935,14.058349609375
12936,-1.934814453125
12937,22.240966796875004
12938,30.303955078125
12939,42.72216796875
12940,9.835693359375
12941,13.5205078125
12942,0.23901367187500008
12943,16.70947265625
12944,29.836669921875
12945,38.55859375
12946,21.170898437499996
12947,-18.279541015625
12948,-34.45947265625
12949,1.097412109375
12950,5.971435546875
12951,-9.061767578125
12952,-5.03857421875
12953,10.6650390625
12954,2.15087890625
12955,-14.6982421875
12956,5.0107421875
12957,-6.4619140625
12958,-3.865478515625
12959,-20.612548828125
12960,20.783447265625004
12961,22.563476562500004
12962,-0.07568359375
12963,10.93408203125
12964,10.255126953125
12965,4.180419921875
12966,-4.480712890625
12967,15.778076171875
12968,0.9396972656249999
12969,12.782470703125
12970,15.748046875
12971,0.74072265625
12972,21.690673828125
12973,7.700439453125
12974,4.337890625
12975,1.339111328125
12976,-0.53955078125
12977,2.23828125
12978,3.7744140624999996
12979,8.39697265625
12980,4.414306640625
12981,-3.03955078125
12982,2.756591796875
12983,-4.59423828125
12984,0.5998535156249999
12985,0.7053222656249999
12986,4.83837890625
12987,1.521484375
12988,15.009521484374998
12989,-26.010009765625
12990,-0.293701171875
12991,-11.575439453125
12992,-15.930175781250002
12993,8.84765625
12994,-0.8488769531249996
12995,-24.902587890625
12996,-2.4287109375000004
12997,-10.671142578125
12998,2.1220703125
12999,18.750976562500004
13000,-10.447265625
