iteration,energy
1,32.215087890625
2,-41.208984375
3,35.699951171875
4,51.4150390625
5,-189.426025390625
6,-163.853271484375
7,-173.55590820312503
8,-0.896484375
9,116.862548828125
10,972.201904296875
11,1120.628173828125
12,-688.119873046875
13,-546.966064453125
14,-1011.404541015625
15,1086.81005859375
16,-790.908447265625
17,354.61865234374994
18,306.45166015625006
19,-320.888916015625
20,795.989501953125
21,1052.243408203125
22,-41.848144531249986
23,-338.986328125
24,877.783447265625
25,949.4150390625
26,730.246337890625
27,-362.56372070312506
28,901.5153808593751
29,111.2373046875
30,305.89794921875
31,-107.71069335937501
32,1090.703369140625
33,26.0087890625
34,280.365966796875
35,1831.24560546875
36,751.495361328125
37,1652.276123046875
38,-686.657958984375
39,-1245.47021484375
40,801.90771484375
41,1548.54541015625
42,-531.3623046875
43,-1298.4794921875
44,-1359.90869140625
45,1766.3623046875
46,625.81396484375
47,-1064.1884765625
48,-560.2890625
49,-245.47119140625
50,-192.45654296875003
51,-977.2783203125
52,-440.02246093749994
53,-414.80029296875
54,-596.172119140625
55,463.409423828125
56,1105.705322265625
57,491.699462890625
58,-157.22265625000003
59,-631.94140625
60,1106.76416015625
61,386.37182617187494
62,-300.75048828125
63,-102.759521484375
64,467.497802734375
65,-157.477294921875
66,-363.10546875000006
67,806.081298828125
68,605.781982421875
69,-189.22119140625
70,-329.797119140625
71,-421.693603515625
72,-380.25
73,763.0908203125
74,1029.04248046875
75,-532.958984375
76,-170.8330078125
77,-416.362548828125
78,1062.274658203125
79,-497.066162109375
80,533.23095703125
81,1663.6962890625
82,128.708740234375
83,-287.39306640625
84,-146.306396484375
85,11.77197265625
86,-16.69482421875
87,-379.427490234375
88,-329.20214843749994
89,-187.78515625
90,-333.03271484375
91,-181.636474609375
92,-496.290771484375
93,-516.7607421875
94,-1434.70849609375
95,-1271.43359375
96,-392.40576171875
97,-534.116455078125
98,742.899658203125
99,588.858154296875
100,1940.413818359375
101,-730.662353515625
102,-23.97998046875
103,-136.59521484375
104,269.078125
105,-577.518798828125
106,-2.3974609375000004
107,-1173.18212890625
108,1696.171630859375
109,1776.52490234375
110,-862.43115234375
111,-1276.27197265625
112,752.681640625
113,1077.228515625
114,-783.962890625
115,-1493.3408203125
116,3733.1904296875005
117,2140.673583984375
118,-894.4223632812501
119,-704.79931640625
120,967.655517578125
121,-302.48974609375
122,-433.697509765625
123,-641.032470703125
124,975.158203125
125,2051.449462890625
126,3920.183837890625
127,-28.062744140625
128,-63.82080078125
129,122.134033203125
130,680.302978515625
131,-178.861083984375
132,104.767822265625
133,196.887939453125
134,-1286.84228515625
135,1475.895263671875
136,-49.73583984375
137,755.63232421875
138,353.484619140625
139,115.645263671875
140,-233.65185546875
141,553.49755859375
142,304.53369140625
143,-536.538818359375
144,97.5771484375
145,457.0810546875
146,-286.87744140625
147,181.84375
148,1294.660888671875
149,-9.390625
150,-235.505126953125
151,257.02783203125
152,319.69189453125
153,183.750732421875
154,-1023.376708984375
155,-2098.213134765625
156,-80.18359374999999
157,-550.180908203125
158,718.408447265625
159,-1974.901123046875
160,-104.697265625
161,1259.8291015625
162,2051.281494140625
163,-1279.520263671875
164,1473.36962890625
165,3753.83203125
166,-895.228271484375
167,-1162.929931640625
168,1402.9130859375
169,4110.4423828125
170,2255.00439453125
171,-2486.8850097656255
172,-202.318603515625
173,369.5048828125
174,409.37939453125
175,-924.021240234375
176,-386.863525390625
177,312.588623046875
178,363.521484375
179,202.84130859375003
180,0.6340332031249999
181,-705.86865234375
182,693.24755859375
183,909.802978515625
184,-958.084716796875
185,-437.978515625
186,800.9963378906251
187,981.113525390625
188,171.62988281249997
189,-685.190185546875
190,185.95703125
191,919.02685546875
192,785.497802734375
193,-599.706298828125
194,189.670654296875
195,829.0290527343749
196,870.1416015625
197,836.1875
198,202.72802734375
199,272.966796875
200,-168.689453125
201,-670.357666015625
202,265.306640625
203,86.31787109375
204,-64.06640625
205,-631.4140625
206,-302.54736328125
207,222.69189453125
208,-216.96923828125
209,-56.08129882812501
210,644.576904296875
211,-371.951171875
212,-378.5185546875
213,134.792236328125
214,714.282958984375
215,44.00634765625
216,-454.600341796875
217,818.0595703125
218,-181.14575195312503
219,431.14453124999994
220,827.949462890625
221,1665.496337890625
222,-167.85400390625003
223,530.409423828125
224,-37.4716796875
225,-266.7392578125
226,868.211669921875
227,-177.065185546875
228,-11.004150390625
229,2099.42724609375
230,1697.191650390625
231,-327.74560546875
232,293.41064453125
233,-1145.692138671875
234,764.7587890625
235,2364.235595703125
236,5811.03564453125
237,-1656.494384765625
238,1713.96826171875
239,1828.640380859375
240,5862.135009765625
241,-1781.45068359375
242,-548.128662109375
243,-637.270263671875
244,-389.287109375
245,106.266357421875
246,-560.34619140625
247,-1212.914794921875
248,-1457.195068359375
249,173.005126953125
250,-489.10888671875
251,1088.47314453125
252,1016.02685546875
253,627.65576171875
254,-766.0576171875001
255,691.322509765625
256,357.575439453125
257,235.51782226562497
258,-853.128173828125
259,601.010986328125
260,574.368408203125
261,384.205078125
262,-1944.5244140625
263,959.017333984375
264,3991.313232421875
265,3061.50341796875
266,2993.632080078125
267,717.6696777343751
268,3874.7236328125
269,-87.16430664062499
270,-286.051025390625
271,-242.7734375
272,717.25244140625
273,1143.696533203125
274,-352.83374023437494
275,-430.44384765625
276,932.910400390625
277,1222.085205078125
278,-1255.085693359375
279,-455.97412109375
280,-657.588623046875
281,446.11499023437506
282,97.012939453125
283,-592.140625
284,-1173.8720703125
285,584.014404296875
286,247.929931640625
287,843.31884765625
288,243.485107421875
289,368.58154296875
290,-89.614990234375
291,-78.907958984375
292,201.4013671875
293,-425.408935546875
294,-16.4248046875
295,-157.302001953125
296,1045.58740234375
297,935.0634765625
298,-750.536376953125
299,-628.5166015625
300,1180.998779296875
301,432.708740234375
302,1210.984619140625
303,-531.435546875
304,1410.77001953125
305,352.91015625
306,168.52734374999997
307,901.819580078125
308,-187.782958984375
309,-414.35205078125
310,3389.702392578125
311,886.56982421875
312,-258.277587890625
313,-431.125244140625
314,108.649658203125
315,1057.854248046875
316,516.559326171875
317,16.3447265625
318,13.947998046875
319,-1018.0888671875
320,172.775634765625
321,-213.90576171875
322,-166.17773437500003
323,436.76513671875
324,314.115234375
325,977.369873046875
326,866.4609375
327,-1093.372802734375
328,774.145751953125
329,477.1962890625
330,787.166015625
331,-985.384033203125
332,2111.271240234375
333,2149.308837890625
334,1281.87548828125
335,-164.75244140625
336,-959.241455078125
337,-185.331298828125
338,1113.7939453125
339,-121.314208984375
340,-1003.735107421875
341,1928.463623046875
342,720.594970703125
343,-556.066162109375
344,172.92797851562497
345,220.8466796875
346,-528.933349609375
347,-234.7666015625
348,167.537841796875
349,29.42626953125
350,339.848876953125
351,-505.39697265625
352,-687.1738281249999
353,-1321.5771484375
354,652.54052734375
355,339.12939453125
356,1773.532470703125
357,-1339.835693359375
358,683.544189453125
359,-123.592529296875
360,452.395263671875
361,-769.488037109375
362,383.657470703125
363,236.11962890625
364,2016.864990234375
365,433.263671875
366,541.457275390625
367,221.77294921875
368,-548.900390625
369,-9.478515625
370,34.474853515625
371,-962.6455078125
372,28.9033203125
373,2975.41748046875
374,3285.6533203125
375,-925.939697265625
376,-277.57958984375
377,-2059.029296875
378,-2035.0656738281252
379,225.493408203125
380,-1386.98046875
381,-34.2646484375
382,-799.9138183593749
383,868.175537109375
384,-1242.4365234374998
385,-300.131591796875
386,327.49975585937506
387,-91.897705078125
388,1366.275634765625
389,-878.85009765625
390,-1306.333740234375
391,-1709.9091796875
392,2544.1218261718755
393,-753.46630859375
394,-1259.61474609375
395,374.648193359375
396,796.040771484375
397,-641.72119140625
398,900.05517578125
399,1490.72509765625
400,-464.68798828125
401,-148.662109375
402,815.718994140625
403,1516.800537109375
404,-783.5681152343749
405,1154.413818359375
406,-118.19580078125
407,344.541748046875
408,-588.45068359375
409,71.3896484375
410,-524.76708984375
411,566.34326171875
412,-664.9265136718749
413,1112.3564453125
414,-1267.891845703125
415,407.47998046875
416,-614.8828125
417,1259.903076171875
418,-519.0869140625
419,752.361083984375
420,-443.754638671875
421,1176.824462890625
422,1119.0556640625
423,442.55126953125
424,-1612.6384277343748
425,1124.884521484375
426,1381.5712890625
427,2745.89892578125
428,2819.1220703125
429,863.049560546875
430,1172.990966796875
431,-314.836669921875
432,-255.804443359375
433,-246.0166015625
434,44.951416015625
435,422.50244140625
436,760.115234375
437,-288.867431640625
438,155.439453125
439,358.615234375
440,191.59765625000003
441,-442.287109375
442,-58.0234375
443,692.5734863281251
444,121.400146484375
445,730.219482421875
446,360.398193359375
447,705.2431640625
448,148.17919921875
449,115.7275390625
450,-244.516357421875
451,143.108154296875
452,164.77075195312503
453,-288.668701171875
454,517.778076171875
455,639.213623046875
456,236.203125
457,-464.01953125
458,129.30517578125
459,-174.43896484375
460,126.29248046874999
461,-1511.291015625
462,-503.42724609375
463,435.23779296875
464,251.32543945312497
465,-1426.33203125
466,-673.77490234375
467,-266.86669921875
468,52.1220703125
469,1691.3896484375
470,1668.684814453125
471,-380.2587890625
472,860.4140625
473,38.430419921875
474,1538.025146484375
475,-721.464111328125
476,2512.94091796875
477,2633.24658203125
478,-30.967773437499996
479,647.765625
480,605.735595703125
481,711.530517578125
482,910.10888671875
483,584.854248046875
484,685.80908203125
485,-498.296875
486,81.59106445312501
487,146.8583984375
488,15.012451171875
489,187.85205078125
490,-222.56909179687497
491,198.43115234374997
492,-42.697265625
493,531.04736328125
494,-107.778564453125
495,-125.0634765625
496,-2315.480224609375
497,2595.793212890625
498,2120.499755859375
499,-579.63427734375
500,-2920.70703125
501,2664.918212890625
502,2096.57275390625
503,1218.688720703125
504,-1270.01318359375
505,1419.0993652343748
506,708.639404296875
507,-409.52587890625
508,284.61376953125
509,558.2138671875
510,700.506103515625
511,-462.467041015625
512,-313.696044921875
513,-435.5205078125
514,-379.179931640625
515,-147.37109375
516,-226.440185546875
517,1097.643798828125
518,175.80615234374997
519,-313.964599609375
520,152.650634765625
521,-269.590576171875
522,248.2509765625
523,361.279541015625
524,181.1142578125
525,95.573486328125
526,-1686.683349609375
527,994.145751953125
528,-36.42529296875
529,33.295166015625
530,1795.330810546875
531,402.212890625
532,-283.998779296875
533,798.086669921875
534,-132.312744140625
535,155.38037109375
536,-569.326904296875
537,763.8740234375
538,-240.218505859375
539,1128.400390625
540,-686.623046875
541,1520.3666992187498
542,-504.77246093749994
543,-343.220703125
544,1266.700439453125
545,1782.203369140625
546,-425.83935546875
547,-508.64404296875006
548,429.157470703125
549,1791.4296875
550,1589.420166015625
551,1634.32177734375
552,-372.63500976562494
553,170.57763671875
554,470.06494140625
555,1658.524169921875
556,-352.733642578125
557,512.56298828125
558,-391.3310546875
559,-106.568359375
560,251.450927734375
561,212.917236328125
562,108.778564453125
563,382.45800781250006
564,408.58544921875
565,362.30151367187494
566,239.63671875
567,-25.16455078125
568,-423.90478515625
569,-16.393798828125
570,166.054443359375
571,621.171630859375
572,-743.01171875
573,155.94726562499997
574,106.468017578125
575,-109.32275390625
576,-43.755859375
577,814.376953125
578,-145.788330078125
579,-273.03125
580,-281.368896484375
581,933.65966796875
582,-455.753173828125
583,-475.869384765625
584,2270.12646484375
585,1489.039794921875
586,-84.83154296875
587,189.018798828125
588,909.82177734375
589,169.89257812500003
590,-375.594482421875
591,-41.81445312500001
592,851.373779296875
593,681.324462890625
594,-799.17578125
595,-793.77783203125
596,737.67529296875
597,1180.3359375
598,2865.65673828125
599,-710.46337890625
600,844.33203125
601,1014.870361328125
602,-226.24194335937503
603,-541.0908203125
604,-24.24853515625
605,-791.87939453125
606,58.180419921875
607,14.575439453125
608,-303.639404296875
609,-772.4462890625
610,3.8798828124999996
611,-252.150390625
612,98.05053710937499
613,-7.09619140625
614,-828.05029296875
615,330.626708984375
616,-74.30712890625
617,153.2041015625
618,-926.4580078125
619,252.31201171875
620,774.2658691406251
621,330.274658203125
622,-175.089599609375
623,512.25390625
624,-520.9560546875
625,-132.59521484375
626,-411.277587890625
627,737.957275390625
628,-388.7626953125
629,-231.3154296875
630,-240.970458984375
631,737.125732421875
632,-313.313232421875
633,153.315185546875
634,1794.74609375
635,805.0
636,-344.39599609375
637,146.357666015625
638,1.1997070312499998
639,710.732666015625
640,459.95214843749994
641,12.462158203125
642,32.5595703125
643,2.746337890625
644,471.251953125
645,-36.332275390625
646,21.81005859375
647,-384.90478515625
648,-246.38330078125
649,-141.637939453125
650,-264.71826171875
651,86.158447265625
652,602.268310546875
653,-79.27734375
654,-193.053466796875
655,-136.423828125
656,-701.747314453125
657,-158.367919921875
658,1196.805908203125
659,-600.9697265625
660,-214.83056640625
661,3372.2216796875
662,1640.554931640625
663,-155.296142578125
664,-88.781982421875
665,-76.168701171875
666,827.76318359375
667,-346.73437499999994
668,546.9453125
669,280.737548828125
670,-453.311767578125
671,-300.091064453125
672,522.545166015625
673,233.000244140625
674,-260.6396484375
675,-221.351806640625
676,-259.32763671875
677,239.22119140625
678,504.396728515625
679,160.342529296875
680,73.39013671875
681,459.5380859375
682,536.139892578125
683,402.73876953125
684,226.453125
685,1425.234130859375
686,-780.620361328125
687,-923.3779296875001
688,-1223.57763671875
689,1136.538818359375
690,-908.157470703125
691,-888.388671875
692,21.128417968749996
693,1085.82763671875
694,-900.697509765625
695,2511.028076171875
696,2330.451416015625
697,-374.447509765625
698,-866.68310546875
699,2220.72900390625
700,2281.772216796875
701,2185.80322265625
702,-815.54052734375
703,-532.146240234375
704,685.8095703125
705,485.899658203125
706,-901.41748046875
707,-444.252685546875
708,458.50048828125
709,426.309326171875
710,-27.279052734374996
711,-441.52001953125
712,-788.09814453125
713,753.96728515625
714,-722.512451171875
715,-634.328125
716,-234.20703125
717,661.431396484375
718,-725.5195312499999
719,2629.83642578125
720,-1961.2136230468752
721,413.7822265625
722,-124.5615234375
723,23.949707031250004
724,1002.3979492187499
725,136.46728515625
726,-317.8212890625
727,-33.490478515625
728,-810.237548828125
729,373.321533203125
730,-561.223876953125
731,114.357421875
732,1200.190673828125
733,-1226.313232421875
734,-1191.9450683593752
735,342.33349609375
736,1125.713134765625
737,-568.2236328125
738,-557.788818359375
739,-37.100341796875
740,563.60791015625
741,1737.994873046875
742,-323.138916015625
743,-410.990966796875
744,660.9638671875
745,1593.84375
746,491.689208984375
747,-416.62060546875
748,-45.340576171875
749,-667.286376953125
750,-723.895263671875
751,-370.398681640625
752,-114.428466796875
753,-567.6669921875
754,-852.489013671875
755,-139.13671875
756,-81.78271484375
757,1837.557373046875
758,-1260.193603515625
759,1360.99951171875
760,896.679931640625
761,1012.015625
762,-1231.455078125
763,1137.594482421875
764,1443.103515625
765,698.8095703125
766,370.91943359375
767,-272.782470703125
768,-355.320068359375
769,-73.656494140625
770,371.66064453125
771,-136.14013671875
772,-430.6201171875
773,294.67919921875
774,132.308349609375
775,661.909423828125
776,-394.587646484375
777,-80.183349609375
778,84.98974609375
779,63.21044921875
780,-631.162109375
781,-140.787841796875
782,545.013916015625
783,639.7802734375
784,-344.0390625
785,509.68798828125
786,-244.95849609375
787,690.82421875
788,-166.071044921875
789,495.729736328125
790,-12.408447265625
791,743.3356933593751
792,-145.22802734375
793,1885.56396484375
794,39.00732421875
795,-696.338623046875
796,-306.39453124999994
797,1102.60107421875
798,56.76220703125
799,-696.14794921875
800,855.62255859375
801,3232.430908203125
802,271.5947265625
803,36.9248046875
804,-2.482421875
805,-342.739990234375
806,187.9609375
807,-157.428955078125
808,39.857421875
809,191.637939453125
810,255.365966796875
811,-525.5927734375
812,438.7939453125
813,509.52563476562506
814,450.546875
815,-766.353271484375
816,616.8789062499999
817,519.61376953125
818,362.819580078125
819,-763.071533203125
820,275.388427734375
821,528.920654296875
822,469.88452148437506
823,215.44921875
824,39.5537109375
825,525.12841796875
826,541.985595703125
827,-397.71533203125
828,-219.199462890625
829,250.4091796875
830,-194.56884765625003
831,1695.038818359375
832,-1208.159423828125
833,1109.8056640625
834,4.125244140625
835,1298.904052734375
836,302.21142578125
837,-356.971923828125
838,2685.70068359375
839,-109.147216796875
840,-129.158447265625
841,991.9609375
842,2591.513427734375
843,74.212158203125
844,-146.35986328125
845,568.3779296875
846,-1153.117431640625
847,-204.346435546875
848,515.140869140625
849,398.85278320312494
850,426.140380859375
851,-156.95849609375
852,628.523193359375
853,466.923828125
854,258.174072265625
855,863.638427734375
856,866.117431640625
857,-244.016357421875
858,78.041259765625
859,112.554931640625
860,844.18359375
861,-38.9921875
862,-148.720703125
863,2466.37158203125
864,821.706787109375
865,87.2529296875
866,3223.082763671875
867,2128.474365234375
868,-1062.2861328125
869,298.96484374999994
870,3104.1091308593755
871,2028.85400390625
872,-227.595947265625
873,4.013916015625
874,759.191650390625
875,290.093505859375
876,532.506591796875
877,-1054.30419921875
878,773.421142578125
879,73.7236328125
880,604.9990234375
881,-10.759521484374998
882,198.45703125
883,2998.6650390625
884,3615.81298828125
885,-665.296630859375
886,501.94921875
887,1365.84326171875
888,3488.6691894531255
889,-861.838623046875
890,2209.371337890625
891,1121.288818359375
892,1104.924072265625
893,-1221.342041015625
894,-1487.9560546875
895,443.123779296875
896,1344.47216796875
897,-1368.5859375
898,-1533.466552734375
899,-680.459228515625
900,1339.35107421875
901,-121.666259765625
902,-113.683349609375
903,141.79833984375
904,-141.134765625
905,-207.448486328125
906,-174.52075195312503
907,267.2646484375
908,2093.513427734375
909,-118.223876953125
910,-79.631591796875
911,190.72998046875
912,-93.29150390625
913,-614.7578125
914,-329.580322265625
915,5.83740234375
916,57.971435546875
917,-225.07568359375
918,25.305419921875
919,-69.06982421875
920,-94.70361328125
921,7.922119140625001
922,72.92724609375
923,499.401123046875
924,146.325439453125
925,195.9072265625
926,89.54345703125
927,96.77734375
928,-339.718505859375
929,-719.8652343750001
930,-872.4501953125
931,-539.7001953125
932,472.615234375
933,-813.6953125
934,-854.943603515625
935,-59.821533203125
936,-641.978759765625
937,1145.489501953125
938,3984.1875
939,-788.799072265625
940,1782.926513671875
941,-551.64892578125
942,3805.43701171875
943,-818.2861328125
944,84.424560546875
945,1792.35791015625
946,-1494.655029296875
947,3325.28466796875
948,5146.622802734376
949,3629.0539550781255
950,-2691.38623046875
951,3350.813720703125
952,5146.974853515625
953,-1026.2685546875
954,-1338.1882324218752
955,-1723.048828125
956,2249.832275390625
957,2749.513671875
958,2705.8996582031255
959,-1779.934814453125
960,2377.873779296875
961,2814.3740234374995
962,-698.851806640625
963,-1836.901611328125
964,-839.79150390625
965,644.845947265625
966,406.984130859375
967,2141.4990234375
968,-660.3747558593751
969,886.0390625
970,424.65722656249994
971,257.788330078125
972,495.148193359375
973,1492.440673828125
974,1736.85595703125
975,-739.23291015625
976,-116.998779296875
977,-131.11376953125
978,1591.7294921875
979,-735.3642578125
980,1303.01513671875
981,-1505.11279296875
982,1833.306640625
983,2049.842041015625
984,-575.266845703125
985,252.293701171875
986,1244.14794921875
987,2064.779541015625
988,-627.778076171875
989,1779.040771484375
990,2671.82958984375
991,235.8916015625
992,97.77172851562499
993,1463.12451171875
994,1838.415283203125
995,99.283203125
996,380.9931640625
997,1373.713623046875
998,-281.997314453125
999,178.92529296875
1000,-639.673583984375
1001,381.62890625
1002,337.06372070312506
1003,-249.362060546875
1004,-960.739013671875
1005,227.076416015625
1006,440.784912109375
1007,-1899.15673828125
1008,-481.05615234375
1009,81.125
1010,-594.853515625
1011,-508.657470703125
1012,-1605.065185546875
1013,525.744384765625
1014,-485.2626953125
1015,-588.99951171875
1016,-261.289794921875
1017,483.39990234375
1018,1388.71337890625
1019,324.9599609375
1020,-321.123291015625
1021,-640.600830078125
1022,1084.929931640625
1023,473.45068359375
1024,-814.80322265625
1025,-440.61181640625006
1026,277.01708984375
1027,674.8046875
1028,-173.638427734375
1029,-248.333740234375
1030,-36.41357421875
1031,442.059814453125
1032,26.621337890625
1033,-283.600341796875
1034,-128.524658203125
1035,503.71752929687506
1036,-1636.6511230468748
1037,311.90283203125
1038,1685.1362304687498
1039,-287.16845703125
1040,-129.9990234375
1041,77.866943359375
1042,1727.5556640625
1043,-274.466796875
1044,-222.03051757812497
1045,433.497314453125
1046,-279.454833984375
1047,-743.4638671875
1048,16.875244140625
1049,-69.413818359375
1050,-378.32861328125
1051,-890.821533203125
1052,-769.9208984375
1053,-244.96240234375
1054,-253.253662109375
1055,398.56982421875
1056,157.8544921875
1057,-242.38305664062497
1058,303.18310546874994
1059,381.798583984375
1060,62.37622070312499
1061,393.458984375
1062,-37.58740234375
1063,1018.7587890625
1064,414.576416015625
1065,305.322021484375
1066,1727.4326171875
1067,1689.3139648437502
1068,204.35205078125
1069,5.0146484375
1070,119.04296875
1071,841.051513671875
1072,622.986328125
1073,-700.1284179687499
1074,-542.29052734375
1075,-91.557861328125
1076,553.93701171875
1077,-806.78466796875
1078,-324.82568359375
1079,-235.124755859375
1080,468.474853515625
1081,691.552490234375
1082,662.333740234375
1083,-639.008056640625
1084,-1115.451904296875
1085,1127.373779296875
1086,824.7045898437501
1087,-799.891357421875
1088,1300.457763671875
1089,983.80615234375
1090,3900.94580078125
1091,-86.655517578125
1092,424.51562500000006
1093,954.057861328125
1094,3828.692626953125
1095,58.630615234375
1096,215.45849609375
1097,-139.572509765625
1098,4299.42578125
1099,-406.05737304687506
1100,-489.11230468749994
1101,622.501220703125
1102,107.057373046875
1103,-42.922119140625
1104,-563.978759765625
1105,431.548095703125
1106,388.162353515625
1107,367.171875
1108,3840.107666015625
1109,13.307617187500014
1110,-397.30908203125
1111,1865.296142578125
1112,4346.963623046875
1113,-262.33154296875
1114,-468.39013671875
1115,1178.12109375
1116,3716.594970703125
1117,-97.7783203125
1118,1416.960693359375
1119,-670.531494140625
1120,-1683.052734375
1121,1627.4746093749998
1122,1147.815185546875
1123,-646.052490234375
1124,-117.67431640625
1125,-40.028076171875
1126,4331.376708984375
1127,-331.06103515624994
1128,-276.746826171875
1129,-786.348388671875
1130,-569.55322265625
1131,-308.30834960937506
1132,-552.54052734375
1133,800.57470703125
1134,972.523193359375
1135,310.798583984375
1136,-22.53564453125
1137,-685.93701171875
1138,155.58178710937497
1139,288.080322265625
1140,-254.1533203125
1141,-484.15722656249994
1142,-204.075927734375
1143,-77.479248046875
1144,-1105.268310546875
1145,3450.9130859375
1146,2947.970458984375
1147,-1635.9374999999998
1148,-1282.1103515625
1149,3634.39599609375
1150,3162.654052734375
1151,-373.875732421875
1152,-309.55786132812494
1153,648.314208984375
1154,171.42138671875003
1155,15.600341796875
1156,-926.4501953125
1157,1361.605712890625
1158,294.383056640625
1159,-122.72607421875
1160,-195.56640625
1161,425.92626953125006
1162,9.592529296875
1163,-384.6181640625
1164,-202.542724609375
1165,1230.766845703125
1166,1266.1123046875
1167,-494.91308593750006
1168,-53.93359375
1169,-97.99609374999999
1170,-77.86279296875
1171,366.080322265625
1172,361.76025390625
1173,-145.919921875
1174,743.0546875
1175,-87.095458984375
1176,271.21044921875
1177,-39.18554687499999
1178,48.570556640625
1179,283.19384765625
1180,106.81494140624999
1181,-418.691650390625
1182,187.54931640625
1183,1058.053955078125
1184,271.53173828125
1185,-200.8837890625
1186,119.951416015625
1187,-512.7236328125
1188,180.550537109375
1189,-941.95654296875
1190,105.941650390625
1191,181.62939453125
1192,976.239501953125
1193,1194.7529296875
1194,90.025146484375
1195,122.2001953125
1196,-708.074951171875
1197,27.739501953125
1198,90.583740234375
1199,-40.247802734375
1200,19.830322265625004
1201,-218.01611328125
1202,-213.478271484375
1203,-94.708740234375
1204,-66.695556640625
1205,990.91650390625
1206,108.6845703125
1207,-604.4404296875
1208,1068.01416015625
1209,345.496337890625
1210,174.3837890625
1211,336.8310546875
1212,970.114013671875
1213,497.933837890625
1214,-1980.081787109375
1215,-1772.4677734375
1216,-2251.00439453125
1217,1839.0739746093748
1218,1614.4228515625
1219,-535.33837890625
1220,-2242.207763671875
1221,1777.96875
1222,1684.251220703125
1223,4166.202392578125
1224,-1614.9323730468752
1225,714.2119140624999
1226,-390.73828125
1227,-4.515625
1228,896.99462890625
1229,57.6845703125
1230,-169.56640625
1231,-9.010986328125
1232,-54.3671875
1233,315.96435546875006
1234,-394.427734375
1235,-553.240966796875
1236,-300.64453124999994
1237,-337.579833984375
1238,-350.677001953125
1239,-871.378662109375
1240,-213.614501953125
1241,1068.007568359375
1242,722.036865234375
1243,237.23291015625
1244,618.53271484375
1245,211.0185546875
1246,-255.78515625
1247,760.006103515625
1248,386.990966796875
1249,164.9609375
1250,363.751220703125
1251,163.69067382812503
1252,-171.392333984375
1253,718.673583984375
1254,-171.296875
1255,381.36547851562494
1256,607.149169921875
1257,607.9868164062501
1258,-123.671875
1259,-919.869873046875
1260,326.74389648437494
1261,307.741943359375
1262,1373.7990722656248
1263,884.57421875
1264,387.578125
1265,83.16455078125
1266,1439.052490234375
1267,810.98974609375
1268,526.01806640625
1269,678.614013671875
1270,-993.91259765625
1271,-953.504150390625
1272,371.091796875
1273,-94.94970703125
1274,78.4072265625
1275,-866.039794921875
1276,487.29248046875
1277,153.167724609375
1278,369.958984375
1279,538.59228515625
1280,-461.58374023437494
1281,-559.23779296875
1282,-682.536376953125
1283,468.29443359375
1284,-338.58691406249994
1285,-598.219482421875
1286,382.278564453125
1287,1191.0849609375
1288,789.173095703125
1289,-340.145263671875
1290,-372.281005859375
1291,2563.215576171875
1292,1147.03271484375
1293,-527.497802734375
1294,-356.3671875
1295,-472.92578125
1296,212.135498046875
1297,265.614501953125
1298,-235.429931640625
1299,-145.349853515625
1300,1114.962890625
1301,61.72216796875
1302,-335.87255859375
1303,-55.42724609375
1304,-694.734375
1305,454.17578125
1306,531.260009765625
1307,-299.618896484375
1308,-164.958984375
1309,1187.5876464843748
1310,429.138671875
1311,-264.54345703125
1312,-220.083740234375
1313,116.1279296875
1314,651.1315917968749
1315,324.244384765625
1316,-114.331298828125
1317,-1669.66015625
1318,177.508544921875
1319,289.913818359375
1320,100.47192382812501
1321,-1565.271240234375
1322,-246.73486328125
1323,84.700439453125
1324,-14.168701171875
1325,501.667724609375
1326,811.831787109375
1327,960.1396484375
1328,40.10693359375001
1329,593.19384765625
1330,731.09326171875
1331,-314.12255859375
1332,-83.169189453125
1333,-326.392578125
1334,-75.14306640625
1335,155.50170898437497
1336,252.67578125
1337,-4.073974609375
1338,161.786376953125
1339,-81.120361328125
1340,69.93310546875
1341,-188.026123046875
1342,547.327880859375
1343,-288.318603515625
1344,-738.7436523437499
1345,-45.778076171875
1346,450.91015625
1347,-392.787109375
1348,-583.91943359375
1349,239.826904296875
1350,365.83959960937506
1351,841.5849609375
1352,-189.2333984375
1353,-416.24609375
1354,380.592041015625
1355,1378.66796875
1356,-210.62109375
1357,-464.96142578125
1358,2477.93115234375
1359,752.8759765625
1360,457.19921875
1361,-449.51806640625
1362,-1061.7626953125
1363,464.589111328125
1364,528.900146484375
1365,-450.809326171875
1366,-777.014404296875
1367,-748.2470703125
1368,1172.875732421875
1369,-599.067626953125
1370,826.71435546875
1371,749.98486328125
1372,-1927.520751953125
1373,-557.427001953125
1374,789.9255371093751
1375,952.004150390625
1376,-224.74951171875
1377,-153.868408203125
1378,164.52490234375
1379,714.95263671875
1380,577.313232421875
1381,1170.185302734375
1382,-280.173095703125
1383,480.596923828125
1384,452.4345703125
1385,-1026.617919921875
1386,45.23437500000001
1387,-1542.904296875
1388,-649.141845703125
1389,4664.90380859375
1390,-467.918212890625
1391,-615.630126953125
1392,-597.848876953125
1393,4275.416748046875
1394,-1368.370361328125
1395,-1846.219482421875
1396,-2157.45361328125
1397,1739.936767578125
1398,1171.29736328125
1399,-799.288330078125
1400,-2698.056640625
1401,1659.943603515625
1402,1133.84521484375
1403,3688.306396484375
1404,-2325.805419921875
1405,558.348388671875
1406,-1236.8623046875
1407,466.2744140625
1408,1880.777099609375
1409,205.26123046874997
1410,-1199.05224609375
1411,663.56005859375
1412,-650.031982421875
1413,793.33154296875
1414,1057.25732421875
1415,-877.7158203125
1416,-465.20483398437506
1417,-1241.74755859375
1418,1359.596923828125
1419,-831.774169921875
1420,-489.68115234375
1421,20.161865234375
1422,923.979248046875
1423,529.39306640625
1424,184.7919921875
1425,483.740966796875
1426,654.81787109375
1427,759.59765625
1428,141.944580078125
1429,465.172119140625
1430,-848.869140625
1431,115.743408203125
1432,2844.48095703125
1433,-1326.815185546875
1434,-1081.583251953125
1435,-1255.3889160156248
1436,2479.427978515625
1437,-1366.2644042968752
1438,-1231.365478515625
1439,268.904541015625
1440,4116.635498046875
1441,349.413818359375
1442,102.088134765625
1443,5.862060546875
1444,72.878662109375
1445,69.3603515625
1446,122.809326171875
1447,167.21948242187503
1448,816.120849609375
1449,108.1455078125
1450,544.820556640625
1451,56.789306640625
1452,-1289.939697265625
1453,-777.52978515625
1454,286.9755859375
1455,174.39575195312503
1456,-1205.369140625
1457,1295.0625000000002
1458,129.023193359375
1459,154.94287109375
1460,-9.632568359375
1461,61.13818359375001
1462,517.577392578125
1463,196.196533203125
1464,-8.847412109375
1465,-11.344238281250002
1466,65.921875
1467,201.901611328125
1468,-92.563720703125
1469,-44.10058593749999
1470,-67.2255859375
1471,307.443359375
1472,398.58154296875
1473,-58.952392578125
1474,63.47509765625
1475,-430.283935546875
1476,-84.471435546875
1477,421.568603515625
1478,-508.575439453125
1479,245.35009765625
1480,-385.244140625
1481,287.033447265625
1482,-472.921142578125
1483,189.794921875
1484,-1163.66845703125
1485,87.13061523437499
1486,108.845703125
1487,-22.779052734374996
1488,366.468505859375
1489,-334.327880859375
1490,557.561279296875
1491,15.259521484374998
1492,475.0390625
1493,-35.155029296875
1494,335.99462890625
1495,-478.738037109375
1496,614.39306640625
1497,-115.77636718750001
1498,1154.044189453125
1499,-611.828125
1500,718.665283203125
1501,-151.89990234375
1502,-498.01416015625
1503,-76.62109374999999
1504,540.041015625
1505,249.99829101562503
1506,60.7275390625
1507,-257.037841796875
1508,802.893310546875
1509,279.90234375
1510,31.840332031250004
1511,413.328125
1512,151.572998046875
1513,214.52490234375
1514,-280.15771484375
1515,-285.36669921875
1516,30.568359375
1517,156.143798828125
1518,-426.344482421875
1519,-474.44213867187506
1520,19.11376953125
1521,271.721435546875
1522,259.88330078125
1523,-182.69873046875
1524,-892.988037109375
1525,57.712890625
1526,233.844970703125
1527,-142.625244140625
1528,-806.97216796875
1529,540.017333984375
1530,221.646484375
1531,-581.39208984375
1532,-44.45263671875
1533,559.68994140625
1534,581.79345703125
1535,-328.26904296875
1536,-96.99926757812499
1537,771.676513671875
1538,355.38427734375
1539,-535.60498046875
1540,1093.205078125
1541,2121.4462890625
1542,-15.72216796875
1543,-1843.279541015625
1544,2093.39501953125
1545,1985.15283203125
1546,-44.49804687499999
1547,1019.27783203125
1548,715.4521484375
1549,1399.86474609375
1550,-183.777587890625
1551,-119.5029296875
1552,409.33251953125
1553,189.95849609375
1554,-271.6630859375
1555,-361.752197265625
1556,4318.287353515625
1557,1788.140380859375
1558,-550.926025390625
1559,4126.52978515625
1560,4434.585693359375
1561,-283.30419921875
1562,-609.376708984375
1563,4111.166015625
1564,4099.874267578125
1565,809.623779296875
1566,-931.812744140625
1567,-2116.431884765625
1568,4774.703369140625
1569,4829.827880859376
1570,5518.111083984375
1571,-2070.568603515625
1572,4833.460693359375
1573,5049.31982421875
1574,-966.576904296875
1575,-2001.012939453125
1576,-181.259033203125
1577,-2.65283203125
1578,-153.9638671875
1579,-243.42138671875003
1580,365.439697265625
1581,-195.679931640625
1582,-235.130615234375
1583,1353.1184082031252
1584,686.9782714843749
1585,1000.276611328125
1586,-664.14453125
1587,-21.31982421875
1588,-50.076416015625
1589,-385.606689453125
1590,-664.0671386718751
1591,93.044189453125
1592,-856.649658203125
1593,-1015.739501953125
1594,-1874.831787109375
1595,367.68603515625
1596,4115.0732421875
1597,5818.122314453125
1598,6107.326904296875
1599,202.45996093749997
1600,4008.10400390625
1601,-600.220703125
1602,-901.271484375
1603,-781.986083984375
1604,1914.940185546875
1605,1698.116455078125
1606,-591.03369140625
1607,-346.246826171875
1608,1800.734130859375
1609,1869.79248046875
1610,169.25146484375003
1611,-973.6823730468751
1612,1729.671875
1613,154.40478515625
1614,-1800.08740234375
1615,18.49951171875
1616,-244.55029296875
1617,417.87890625
1618,-1749.730712890625
1619,104.509765625
1620,408.729248046875
1621,-19.54541015625
1622,-549.438720703125
1623,-452.3212890625
1624,-122.60595703125
1625,104.39306640625
1626,-546.037109375
1627,-607.26318359375
1628,-351.521240234375
1629,614.80859375
1630,1255.92626953125
1631,1623.08935546875
1632,-586.10888671875
1633,-384.556640625
1634,-211.630126953125
1635,1609.32470703125
1636,-698.7919921875
1637,2425.09619140625
1638,1927.0771484374998
1639,571.828125
1640,-429.43603515625
1641,-538.594970703125
1642,365.7802734375
1643,277.107666015625
1644,-726.923828125
1645,-411.25146484375
1646,815.288818359375
1647,1573.343017578125
1648,831.0458984375
1649,-244.93750000000003
1650,-764.8884277343749
1651,256.822998046875
1652,-473.20800781250006
1653,-268.0029296875
1654,-858.019775390625
1655,-266.031494140625
1656,-481.0634765625
1657,193.155029296875
1658,-403.44580078124994
1659,-731.5227050781249
1660,227.710205078125
1661,843.372802734375
1662,-281.626953125
1663,-798.375244140625
1664,149.28125
1665,108.8134765625
1666,-122.55224609375
1667,2493.395263671875
1668,2449.39208984375
1669,26.528564453125
1670,-92.913818359375
1671,2359.805908203125
1672,2448.4113769531255
1673,383.527587890625
1674,407.805908203125
1675,-89.288330078125
1676,2068.53076171875
1677,2284.056640625
1678,744.072998046875
1679,87.748779296875
1680,2037.959228515625
1681,2257.703125
1682,-86.862548828125
1683,-513.60791015625
1684,-689.427734375
1685,1882.4174804687498
1686,1687.27197265625
1687,2749.695068359375
1688,-759.13818359375
1689,1633.9545898437502
1690,1919.470947265625
1691,-182.61059570312497
1692,-433.88916015625
1693,-817.1982421875001
1694,-1023.2563476562501
1695,494.958984375
1696,1151.3173828125
1697,1763.273193359375
1698,-1004.138427734375
1699,796.5163574218749
1700,194.29638671875003
1701,88.025634765625
1702,551.849853515625
1703,-618.1928710937499
1704,-755.6240234375
1705,40.774169921875
1706,86.86962890625
1707,-637.741943359375
1708,-660.4645996093751
1709,-18.029052734375
1710,-81.521484375
1711,-185.500732421875
1712,1862.065185546875
1713,1973.96875
1714,-347.015380859375
1715,-310.02490234375
1716,1704.9697265625
1717,2004.97509765625
1718,69.53662109375
1719,740.088134765625
1720,-445.319580078125
1721,-312.39794921875
1722,-484.494140625
1723,448.365966796875
1724,-231.259521484375
1725,-246.08837890625
1726,-401.802734375
1727,-489.694091796875
1728,-591.388671875
1729,-1951.68359375
1730,4134.1953125
1731,4681.931884765625
1732,-813.8725585937499
1733,-1602.1923828125
1734,4394.662841796875
1735,4230.82421875
1736,4848.248291015625
1737,-1408.623046875
1738,1699.583251953125
1739,-1962.419189453125
1740,-1730.97802734375
1741,1711.390869140625
1742,1904.333740234375
1743,-1878.5947265625
1744,-1784.071533203125
1745,627.8525390625001
1746,1323.8984375
1747,771.109619140625
1748,-201.207275390625
1749,-265.697509765625
1750,1865.67724609375
1751,1008.508544921875
1752,-150.776611328125
1753,-372.8251953125
1754,189.80908203125
1755,1071.02490234375
1756,-627.187255859375
1757,-836.50146484375
1758,-189.284423828125
1759,-654.4741210937501
1760,785.830078125
1761,-871.0224609375
1762,-434.224609375
1763,-254.1533203125
1764,-47.52685546874999
1765,571.764404296875
1766,-2289.48095703125
1767,-184.032470703125
1768,-19.89697265625
1769,624.854248046875
1770,-2423.114501953125
1771,-140.283447265625
1772,106.112548828125
1773,4411.869384765625
1774,1041.3115234375
1775,-106.74169921875
1776,45.36181640624999
1777,601.62158203125
1778,1503.560791015625
1779,-114.716796875
1780,-123.262939453125
1781,140.271484375
1782,173.5458984375
1783,-391.7939453125
1784,632.5639648437501
1785,24.47900390625
1786,80.53124999999999
1787,-292.409423828125
1788,753.017822265625
1789,5.08935546875
1790,-649.333251953125
1791,-255.26904296875
1792,-379.21826171875
1793,1458.4282226562502
1794,1501.739013671875
1795,-210.19580078125
1796,-326.27880859375006
1797,1303.560546875
1798,1624.115966796875
1799,-1835.590576171875
1800,-315.0166015625
1801,496.8828125
1802,-671.7470703125
1803,-281.30322265625
1804,553.10791015625
1805,554.084716796875
1806,-830.36279296875
1807,-262.49755859375
1808,-234.6669921875
1809,-16.85498046875
1810,345.3583984375
1811,-156.967041015625
1812,349.170166015625
1813,773.3176269531249
1814,543.8544921875
1815,67.922607421875
1816,554.700439453125
1817,-183.94018554687497
1818,-305.73095703125
1819,-2189.324951171875
1820,2752.2578125
1821,2619.784912109375
1822,4772.6689453125
1823,-1669.6428222656252
1824,2641.963623046875
1825,2660.331787109375
1826,-1000.960205078125
1827,-2665.8044433593755
1828,-2225.96875
1829,1145.447265625
1830,992.05517578125
1831,2888.283935546875
1832,1947.8779296875
1833,875.5227050781249
1834,945.25341796875
1835,-296.43212890625
1836,-1002.65087890625
1837,479.43627929687494
1838,400.5732421875
1839,527.435302734375
1840,1616.1152343750002
1841,244.463623046875
1842,517.043701171875
1843,569.66162109375
1844,-995.236572265625
1845,494.87939453125
1846,291.678955078125
1847,-1080.791748046875
1848,-667.32861328125
1849,-1463.32470703125
1850,1004.1513671875
1851,-1244.7666015625
1852,-594.335205078125
1853,-181.67138671875003
1854,948.909423828125
1855,255.554931640625
1856,2937.8908691406245
1857,-1479.381591796875
1858,817.027099609375
1859,-6.676025390625001
1860,2436.81640625
1861,-1308.482666015625
1862,-205.056396484375
1863,2438.2001953125
1864,-43.35131835937501
1865,1759.432861328125
1866,-191.11083984375
1867,589.005615234375
1868,-25.441650390625
1869,1747.979736328125
1870,-42.546630859375
1871,50.20849609375
1872,-443.71118164062506
1873,21.298583984375
1874,377.348388671875
1875,544.87158203125
1876,-174.9326171875
1877,-111.2421875
1878,376.4052734375
1879,701.9560546875
1880,676.962890625
1881,-145.450439453125
1882,-342.92529296875
1883,-57.03369140625
1884,992.763427734375
1885,-1211.1220703125
1886,-59.58447265625
1887,84.5751953125
1888,759.702880859375
1889,3349.626220703125
1890,-1043.434814453125
1891,-22.109130859375
1892,-559.38916015625
1893,-876.03466796875
1894,158.05078125
1895,414.87939453125
1896,-437.01318359375
1897,-872.123291015625
1898,0.289794921875
1899,-50.53857421875
1900,-149.8291015625
1901,-756.733642578125
1902,-537.308837890625
1903,-473.476806640625
1904,-502.840576171875
1905,-533.83935546875
1906,-606.97802734375
1907,-356.146728515625
1908,220.65551757812497
1909,-2005.009765625
1910,1462.32373046875
1911,844.017333984375
1912,-1330.268798828125
1913,-2090.008056640625
1914,1444.6542968749998
1915,810.6708984375
1916,3341.2412109375005
1917,-2035.6650390625002
1918,3077.26220703125
1919,241.51318359375
1920,119.06396484375
1921,-2068.06787109375
1922,3337.1467285156245
1923,50.005859375
1924,392.003173828125
1925,1406.0073242187498
1926,3212.07275390625
1927,-86.47216796875
1928,-317.9248046875
1929,-31.797607421875
1930,-35.409912109375
1931,-38.221435546875
1932,-113.72192382812501
1933,-74.103515625
1934,130.404296875
1935,184.51757812500003
1936,1495.966552734375
1937,-872.351806640625
1938,242.6923828125
1939,11.865478515625002
1940,1089.93701171875
1941,-948.94482421875
1942,231.513671875
1943,4285.642578125
1944,939.1791992187501
1945,654.664794921875
1946,70.712158203125
1947,-101.946044921875
1948,1176.49755859375
1949,193.97900390625003
1950,252.67041015625
1951,-140.8056640625
1952,586.401611328125
1953,13.6630859375
1954,1164.42431640625
1955,2775.0603027343755
1956,2616.444580078125
1957,1389.7482910156248
1958,1876.0021972656252
1959,2985.091064453125
1960,2545.951904296875
1961,1367.18994140625
1962,1046.001953125
1963,-592.55224609375
1964,365.83251953125
1965,60.48095703125
1966,313.015869140625
1967,289.16748046875
1968,234.5458984375
1969,-37.340087890625
1970,288.106201171875
1971,31.556884765625
1972,2853.686767578125
1973,-1375.494140625
1974,-1180.6669921874998
1975,777.068603515625
1976,2879.44921875
1977,-1372.94970703125
1978,-1245.724365234375
1979,2966.7111816406245
1980,2965.970458984375
1981,2497.000732421875
1982,49.25341796875
1983,-1551.275146484375
1984,1348.63427734375
1985,2237.66943359375
1986,2.293212890625
1987,-1502.284912109375
1988,-915.5341796875
1989,1338.3505859375
1990,-390.31005859375
1991,1210.31201171875
1992,865.109130859375
1993,-1787.6523437500002
1994,-402.981201171875
1995,1299.68798828125
1996,920.471435546875
1997,-561.869384765625
1998,-428.11547851562494
1999,-109.74169921875
2000,-339.872314453125
2001,-286.15771484375
2002,-887.584228515625
2003,-227.03466796875
2004,-354.18310546874994
2005,-354.42138671875
2006,882.46826171875
2007,-288.496826171875
2008,4408.009765625
2009,-1707.1247558593752
2010,-1746.4951171875
2011,1673.108642578125
2012,3957.5688476562505
2013,-1725.381591796875
2014,-1873.56298828125
2015,-346.4248046875
2016,4300.023193359375
2017,423.47705078125
2018,244.216796875
2019,-55.49365234375
2020,249.33935546875
2021,1242.0993652343748
2022,158.125
2023,-91.308349609375
2024,909.966064453125
2025,511.48388671875006
2026,315.1162109375
2027,-425.651123046875
2028,-265.853515625
2029,-378.235595703125
2030,334.7431640625
2031,-414.4306640625
2032,-2.92041015625
2033,94.255126953125
2034,440.581298828125
2035,-1153.433349609375
2036,1379.10498046875
2037,1440.482177734375
2038,-2374.05224609375
2039,-1140.64599609375
2040,1658.3818359375
2041,1436.84814453125
2042,52.0576171875
2043,-1057.448486328125
2044,455.01904296875
2045,72.593505859375
2046,-172.066650390625
2047,216.44482421875
2048,279.076171875
2049,291.382568359375
2050,-139.342041015625
2051,349.919677734375
2052,176.79663085937497
2053,60.105224609375
2054,227.05932617187497
2055,204.38720703125
2056,1486.610595703125
2057,-148.59472656249997
2058,287.50244140625
2059,381.185546875
2060,-357.33544921875
2061,290.70263671875
2062,4975.344482421875
2063,-276.362548828125
2064,-2152.3544921875
2065,2162.602783203125
2066,-1083.338623046875
2067,-285.041259765625
2068,-2154.351318359375
2069,-194.073486328125
2070,2263.00146484375
2071,888.325439453125
2072,260.796630859375
2073,-33.34716796875
2074,744.802734375
2075,761.809326171875
2076,176.11181640625
2077,-296.43310546874994
2078,1133.975830078125
2079,-59.43115234375
2080,-297.007568359375
2081,-182.407470703125
2082,-75.03955078125
2083,1738.988525390625
2084,-612.9519042968751
2085,13.429931640625
2086,-219.07421875
2087,-164.31103515625
2088,643.521484375
2089,216.0341796875
2090,254.974365234375
2091,107.49658203125
2092,-604.655517578125
2093,123.763427734375
2094,280.507080078125
2095,-25.78759765625
2096,311.74340820312506
2097,373.20361328125
2098,-84.828857421875
2099,-230.603515625
2100,-427.69970703125
2101,331.869873046875
2102,178.76757812500003
2103,-296.251220703125
2104,-482.51318359375
2105,-1073.1337890625
2106,94.787109375
2107,4084.255126953125
2108,-2507.734130859375
2109,-2463.28125
2110,-475.70800781250006
2111,3845.41455078125
2112,-2452.609375
2113,-2479.7412109375
2114,1898.5952148437502
2115,4001.3308105468745
2116,-478.30126953125
2117,889.027587890625
2118,1000.916748046875
2119,552.463623046875
2120,-617.566162109375
2121,561.3955078125
2122,1037.31396484375
2123,873.843994140625
2124,-983.595458984375
2125,-522.66357421875
2126,1381.340576171875
2127,1528.1328125
2128,710.853515625
2129,-699.857177734375
2130,1253.019775390625
2131,1288.780517578125
2132,641.65673828125
2133,-603.59765625
2134,-735.744384765625
2135,76.814697265625
2136,1992.48828125
2137,306.004150390625
2138,-327.64453124999994
2139,145.781005859375
2140,1985.920166015625
2141,2270.888671875
2142,1334.972900390625
2143,1872.715087890625
2144,-2577.46826171875
2145,-1421.495361328125
2146,-12.1669921875
2147,2048.890380859375
2148,-2519.057373046875
2149,-1516.9343261718748
2150,1215.454345703125
2151,1601.893798828125
2152,2870.650390625
2153,-1614.3291015625
2154,-1720.874755859375
2155,991.980712890625
2156,2832.5322265625
2157,-1768.09912109375
2158,-1607.885009765625
2159,1072.250732421875
2160,2831.6323242187505
2161,521.61328125
2162,970.066650390625
2163,-438.572021484375
2164,855.269287109375
2165,1129.772216796875
2166,830.916259765625
2167,-348.09716796875
2168,-231.44091796875
2169,-29.93212890625
2170,520.145751953125
2171,493.36230468749994
2172,-988.062255859375
2173,-63.73388671875
2174,-775.970703125
2175,627.268798828125
2176,-847.2734375
2177,-11.382568359375
2178,78.190185546875
2179,1491.987548828125
2180,18.491943359375
2181,113.820556640625
2182,4400.909423828125
2183,1965.652099609375
2184,153.1044921875
2185,-82.2919921875
2186,-164.3720703125
2187,891.959716796875
2188,688.767333984375
2189,1457.205322265625
2190,-1211.5368652343748
2191,-459.6025390625
2192,-360.72509765625
2193,1533.5244140625
2194,-1303.222412109375
2195,-192.137451171875
2196,-583.3056640625
2197,358.57861328125
2198,-418.427734375
2199,-168.17333984375
2200,1213.482177734375
2201,211.925048828125
2202,-545.383544921875
2203,-356.1943359375
2204,-1142.841796875
2205,386.062744140625
2206,734.744384765625
2207,137.777587890625
2208,-993.8828125
2209,-137.83056640625
2210,295.213623046875
2211,233.842529296875
2212,-968.0009765625
2213,-147.52734375
2214,18.0498046875
2215,-261.17431640625
2216,3.022705078125
2217,442.470703125
2218,293.42236328125
2219,-8.058837890625
2220,272.52099609375
2221,365.017822265625
2222,-557.962646484375
2223,-161.671875
2224,-353.00634765625
2225,1432.529052734375
2226,802.859130859375
2227,-268.790771484375
2228,170.470703125
2229,1563.233642578125
2230,974.266357421875
2231,1379.673583984375
2232,-992.208984375
2233,-160.174072265625
2234,-128.12890625
2235,143.08984375
2236,-65.126953125
2237,-219.407958984375
2238,-377.5703125
2239,112.711669921875
2240,438.7958984375
2241,15.257568359375
2242,-627.632080078125
2243,-197.3720703125
2244,-798.05615234375
2245,476.94921875
2246,-1045.028076171875
2247,-227.1220703125
2248,-643.81640625
2249,-256.0478515625
2250,-1036.038330078125
2251,1107.56982421875
2252,40.67431640624999
2253,-169.630859375
2254,103.594970703125
2255,561.536376953125
2256,72.931640625
2257,-151.25341796875
2258,998.9191894531251
2259,242.112060546875
2260,3.95751953125
2261,-61.73828125
2262,2950.124267578125
2263,731.637451171875
2264,-125.103515625
2265,-71.118896484375
2266,2741.224853515625
2267,-1345.84228515625
2268,1258.5517578125
2269,-278.40380859375
2270,827.428466796875
2271,-86.76367187499999
2272,-262.331787109375
2273,-95.70263671875001
2274,878.061279296875
2275,-118.589111328125
2276,1592.71630859375
2277,-2146.673583984375
2278,1250.69140625
2279,-448.6904296875
2280,-966.69091796875
2281,3505.2783203125
2282,1574.889892578125
2283,-642.14599609375
2284,-835.245361328125
2285,432.970947265625
2286,-69.27099609375
2287,2064.748779296875
2288,-239.311767578125
2289,-365.85229492187506
2290,5092.137451171875
2291,1921.496337890625
2292,-279.782958984375
2293,-304.625732421875
2294,509.104736328125
2295,2302.853759765625
2296,-360.396484375
2297,-409.74560546875
2298,-356.45532226562494
2299,923.871337890625
2300,-508.886474609375
2301,-322.87841796875
2302,-531.220703125
2303,-712.30859375
2304,-491.802734375
2305,-1632.97509765625
2306,5156.166748046875
2307,6040.385009765625
2308,-640.721923828125
2309,-314.7294921875
2310,5385.707763671875
2311,6037.09521484375
2312,2850.27978515625
2313,-1662.76611328125
2314,925.9248046875
2315,-222.631591796875
2316,-1305.130126953125
2317,305.994384765625
2318,-1115.156982421875
2319,-211.01782226562497
2320,-1347.93896484375
2321,-703.6904296875
2322,-1420.583984375
2323,410.796630859375
2324,120.21728515625
2325,94.224365234375
2326,172.702880859375
2327,-212.52978515625
2328,71.5009765625
2329,-225.55419921875
2330,499.821044921875
2331,18.769287109375
2332,3999.052734375
2333,2002.12255859375
2334,-1827.974853515625
2335,1147.368896484375
2336,6736.963623046875
2337,1983.627197265625
2338,-1809.052490234375
2339,2404.7421875000005
2340,1296.7609863281248
2341,1836.627685546875
2342,-404.268798828125
2343,175.9091796875
2344,596.929443359375
2345,761.5280761718751
2346,-433.047607421875
2347,334.72265625
2348,1652.79150390625
2349,975.8588867187501
2350,124.467041015625
2351,-428.23486328125
2352,-344.5859375
2353,110.47119140625
2354,1157.149169921875
2355,-363.92309570312494
2356,-368.669677734375
2357,-166.1005859375
2358,266.51123046875
2359,-779.219970703125
2360,1324.155517578125
2361,1206.4377441406252
2362,-403.688232421875
2363,-254.84521484375
2364,1273.954345703125
2365,1228.959228515625
2366,848.6396484375
2367,-688.905029296875
2368,482.388916015625
2369,-1966.924560546875
2370,-1702.968505859375
2371,-271.530517578125
2372,903.662109375
2373,-1806.38232421875
2374,-1777.802490234375
2375,372.093505859375
2376,784.609130859375
2377,407.64135742187494
2378,-468.230224609375
2379,-726.28466796875
2380,778.5607910156251
2381,846.7827148437499
2382,-519.2919921875
2383,-812.416748046875
2384,-179.759521484375
2385,678.43017578125
2386,313.578125
2387,312.7783203125
2388,379.5
2389,341.338134765625
2390,64.839599609375
2391,129.01318359375
2392,439.945068359375
2393,603.796630859375
2394,-45.763916015625
2395,-1440.306640625
2396,766.321533203125
2397,1226.837646484375
2398,-862.410400390625
2399,739.95703125
2400,871.1806640625
2401,1356.918701171875
2402,-210.657470703125
2403,1446.01611328125
2404,1318.7802734375
2405,-2186.781982421875
2406,-2157.69677734375
2407,114.900390625
2408,1205.868408203125
2409,-2133.958984375
2410,-2003.06689453125
2411,613.077880859375
2412,1234.176513671875
2413,-16.731689453125
2414,297.74609375
2415,338.73876953125
2416,309.53173828125
2417,694.287353515625
2418,337.627197265625
2419,263.985595703125
2420,-285.959228515625
2421,388.58642578125006
2422,-2.773681640625
2423,-128.153076171875
2424,345.974609375
2425,859.945068359375
2426,-16.148193359375
2427,-42.373291015625
2428,516.04248046875
2429,123.78515625
2430,-394.60546875000006
2431,932.17431640625
2432,40.22265625
2433,-405.845703125
2434,-84.359375
2435,485.995361328125
2436,63.5263671875
2437,-492.794189453125
2438,2459.15966796875
2439,1517.3037109375
2440,-403.606689453125
2441,-336.31298828125
2442,-337.99365234375
2443,9.889404296875
2444,-138.330322265625
2445,-513.541259765625
2446,-254.132568359375
2447,-147.75463867187503
2448,352.184326171875
2449,-431.112060546875
2450,1690.41357421875
2451,3202.178466796875
2452,-986.960205078125
2453,-1010.4128417968751
2454,1793.35302734375
2455,3406.231201171875
2456,79.0654296875
2457,-1200.62646484375
2458,2709.37255859375
2459,300.567626953125
2460,-1710.863037109375
2461,880.0830078125001
2462,451.9306640625
2463,218.93212890625
2464,-1786.5971679687498
2465,391.52587890625
2466,2766.454345703125
2467,19.3349609375
2468,20.959716796875004
2469,-8.378173828125
2470,172.512451171875
2471,-20.741455078125
2472,154.28369140624997
2473,-107.56982421875
2474,626.86572265625
2475,-124.662841796875
2476,236.349853515625
2477,91.381591796875
2478,-94.466796875
2479,-233.522705078125
2480,563.711669921875
2481,-65.398193359375
2482,-16.474853515625
2483,1035.42333984375
2484,298.399658203125
2485,-270.102783203125
2486,216.48828125
2487,531.900390625
2488,-125.44140625000001
2489,-235.580810546875
2490,115.694580078125
2491,442.51904296875
2492,1257.122802734375
2493,-260.91455078125
2494,-798.53515625
2495,169.84472656249997
2496,172.855224609375
2497,-1651.1337890625
2498,-691.01708984375
2499,122.85180664062499
2500,228.45263671875
2501,-130.595703125
2502,-588.65576171875
2503,-42.1142578125
2504,120.033935546875
2505,30.117919921875
2506,134.369384765625
2507,237.394287109375
2508,-5.864013671875
2509,271.072265625
2510,176.908935546875
2511,63.75634765625
2512,805.988525390625
2513,-326.63232421875
2514,-136.835693359375
2515,511.58374023437494
2516,1174.206787109375
2517,-280.295166015625
2518,-345.03198242187506
2519,1674.8125
2520,965.314208984375
2521,743.324462890625
2522,270.430419921875
2523,493.01171875
2524,1434.958740234375
2525,612.5004882812499
2526,294.826904296875
2527,463.609375
2528,-427.485107421875
2529,230.757080078125
2530,-2364.653076171875
2531,1649.52978515625
2532,2625.631591796875
2533,62.120361328125
2534,-1588.376953125
2535,1508.898193359375
2536,2616.1318359375
2537,1746.864013671875
2538,-2055.275390625
2539,4585.67578125
2540,-2723.73583984375
2541,-1531.4677734375
2542,-887.48583984375
2543,3051.495361328125
2544,-2560.30908203125
2545,-1505.50830078125
2546,2618.224609375
2547,3723.11083984375
2548,1224.64306640625
2549,-480.33837890625
2550,-989.00439453125
2551,-648.08203125
2552,916.83056640625
2553,-300.178955078125
2554,-1021.1025390625
2555,-118.390869140625
2556,1356.6364746093752
2557,266.4853515625
2558,-296.272216796875
2559,207.218017578125
2560,1136.555419921875
2561,501.190673828125
2562,-253.694580078125
2563,152.321044921875
2564,-741.017333984375
2565,243.37963867187503
2566,-43.41455078125
2567,-506.47998046875
2568,-666.3620605468751
2569,-1232.5244140625
2570,-4.160888671875
2571,-535.06298828125
2572,-535.34375
2573,1069.532958984375
2574,-86.462158203125
2575,-899.194580078125
2576,585.145751953125
2577,1147.072021484375
2578,1147.986083984375
2579,-1087.2509765625
2580,495.5341796875
2581,1080.954345703125
2582,-175.230712890625
2583,-465.798828125
2584,-1083.37353515625
2585,680.574951171875
2586,438.076171875
2587,-1256.108642578125
2588,-986.9658203125
2589,737.342529296875
2590,215.6513671875
2591,78.989990234375
2592,-1320.969482421875
2593,92.922607421875
2594,-405.8359375
2595,-565.103515625
2596,-269.9052734375
2597,326.568115234375
2598,-301.09423828125
2599,-625.427001953125
2600,254.587158203125
2601,-364.559814453125
2602,-642.74267578125
2603,725.837890625
2604,755.73291015625
2605,934.173583984375
2606,-257.164306640625
2607,785.11181640625
2608,519.85986328125
2609,619.752197265625
2610,-455.857177734375
2611,1355.773193359375
2612,-270.726318359375
2613,-307.810302734375
2614,1259.9438476562498
2615,885.546630859375
2616,-126.028564453125
2617,-393.036376953125
2618,649.43896484375
2619,751.87353515625
2620,62.45312499999999
2621,4392.362060546875
2622,4876.01708984375
2623,-381.300048828125
2624,-307.2880859375
2625,4299.700439453125
2626,5380.6025390625
2627,3903.259033203125
2628,1285.068115234375
2629,-1025.61865234375
2630,-825.14990234375
2631,658.339599609375
2632,1123.406494140625
2633,866.654296875
2634,-861.23779296875
2635,807.924072265625
2636,37.165283203125
2637,199.456298828125
2638,72.34716796875
2639,-365.4091796875
2640,-327.49560546875
2641,-111.76416015625
2642,-73.208740234375
2643,-603.3193359375
2644,-418.278564453125
2645,-164.578857421875
2646,-23.5576171875
2647,-139.502197265625
2648,-476.162353515625
2649,-491.877197265625
2650,-1371.8115234375
2651,-434.490966796875
2652,-607.60986328125
2653,-690.42138671875
2654,855.52392578125
2655,-167.451416015625
2656,4127.92333984375
2657,-1443.999755859375
2658,-1651.8098144531252
2659,7617.71875
2660,2527.357421875
2661,-1465.5432128906248
2662,-1694.304931640625
2663,1036.88623046875
2664,1479.856689453125
2665,394.455810546875
2666,-166.931884765625
2667,-240.6826171875
2668,23.07177734375
2669,204.0126953125
2670,-177.1787109375
2671,-162.8857421875
2672,1074.556396484375
2673,588.069091796875
2674,-284.92529296875
2675,306.657470703125
2676,1114.807861328125
2677,-543.007568359375
2678,311.309326171875
2679,263.14111328125
2680,1052.368896484375
2681,-181.511962890625
2682,-600.7141113281251
2683,-216.619873046875
2684,54.598388671875
2685,190.663818359375
2686,-117.78271484375
2687,-144.01513671875
2688,303.412353515625
2689,244.45654296875003
2690,753.853515625
2691,-25.121826171875
2692,-280.111083984375
2693,-326.00634765625
2694,832.2045898437501
2695,1483.02197265625
2696,-870.01416015625
2697,-306.573974609375
2698,854.138916015625
2699,-125.40576171875
2700,-245.312255859375
2701,-986.384521484375
2702,-571.28173828125
2703,-173.20361328124997
2704,384.454345703125
2705,-997.4064941406251
2706,-387.91674804687494
2707,-171.24755859375
2708,78.27685546875
2709,546.66455078125
2710,329.209228515625
2711,466.904541015625
2712,-349.464111328125
2713,-39.32177734375
2714,433.01171875
2715,317.509521484375
2716,-422.931640625
2717,61.980712890625
2718,-44.131103515625
2719,18.130859375
2720,2975.8515625
2721,1584.04052734375
2722,-171.21655273437497
2723,622.3857421875
2724,2863.990234375
2725,1385.8955078125
2726,5128.0791015625
2727,-1396.17919921875
2728,1305.051513671875
2729,-1445.07421875
2730,238.15527343750003
2731,1313.970703125
2732,665.616943359375
2733,-1513.57763671875
2734,144.3623046875
2735,461.802978515625
2736,1453.93701171875
2737,760.818603515625
2738,19.3486328125
2739,404.0458984375
2740,800.2277832031249
2741,1970.375
2742,29.163330078125
2743,276.278564453125
2744,-1511.563720703125
2745,1390.9482421875002
2746,383.2060546875
2747,91.308837890625
2748,-129.229736328125
2749,-732.16357421875
2750,690.392333984375
2751,-181.74755859375
2752,-139.156494140625
2753,45.01245117187499
2754,314.510009765625
2755,924.890869140625
2756,-2037.358154296875
2757,-2252.480712890625
2758,40.388427734375
2759,811.898193359375
2760,-1967.8046875
2761,-2124.396728515625
2762,407.67529296875
2763,917.07275390625
2764,905.291748046875
2765,-1175.729736328125
2766,-1234.260498046875
2767,39.013671875
2768,1182.686279296875
2769,-1184.13916015625
2770,-1391.001220703125
2771,494.06372070312506
2772,879.646240234375
2773,-151.2060546875
2774,70.937744140625
2775,1223.05908203125
2776,181.04638671875003
2777,-302.23388671875006
2778,27.618408203124996
2779,1294.40625
2780,158.95751953125
2781,-340.3134765625
2782,-262.880615234375
2783,240.676513671875
2784,195.7509765625
2785,-73.14111328125
2786,-275.313232421875
2787,422.31689453125006
2788,161.26416015625
2789,33.20263671875
2790,-170.25781250000003
2791,-857.88623046875
2792,1298.543701171875
2793,1025.066650390625
2794,245.752685546875
2795,-872.583251953125
2796,1240.758056640625
2797,1042.15283203125
2798,582.689453125
2799,-1080.23876953125
2800,-617.1833496093749
2801,-290.379150390625
2802,-386.285400390625
2803,878.287841796875
2804,-514.8681640625
2805,-373.96630859375
2806,-109.320556640625
2807,-871.201171875
2808,-501.890380859375
2809,-423.81738281249994
2810,197.5859375
2811,442.119873046875
2812,1550.2485351562502
2813,793.794921875
2814,154.227294921875
2815,559.640869140625
2816,-66.77978515625
2817,-386.989501953125
2818,-2106.5205078125
2819,1695.91064453125
2820,970.278076171875
2821,2206.540283203125
2822,708.051513671875
2823,1585.7324218749998
2824,1013.173095703125
2825,-753.640869140625
2826,-1626.83935546875
2827,-101.47216796875
2828,-200.34472656249997
2829,-185.97314453125
2830,304.7177734375
2831,300.1748046875
2832,-277.838623046875
2833,-120.21557617187499
2834,143.3564453125
2835,634.41943359375
2836,-251.82470703125
2837,270.70068359375
2838,300.542724609375
2839,506.38452148437506
2840,-44.1416015625
2841,565.611572265625
2842,207.06005859375
2843,261.75537109375
2844,16.77099609375
2845,-1577.603271484375
2846,-1235.591552734375
2847,1179.9072265625
2848,1323.222412109375
2849,423.552001953125
2850,-1185.8974609374998
2851,1281.13037109375
2852,738.9931640625001
2853,187.91186523437497
2854,570.251953125
2855,-415.22753906250006
2856,232.22216796875
2857,128.213623046875
2858,5.291748046875
2859,-413.30908203125
2860,370.6328125
2861,-499.5322265625
2862,229.00537109375
2863,-466.45166015625006
2864,1376.087890625
2865,1252.427734375
2866,641.019287109375
2867,-585.070556640625
2868,1339.1416015625
2869,1293.9462890625
2870,-883.269287109375
2871,-520.484375
2872,1642.586669921875
2873,-63.47607421875
2874,-2688.946533203125
2875,-612.90625
2876,1274.6733398437498
2877,-11.207031249999998
2878,-2646.3291015625
2879,1789.551513671875
2880,1131.107666015625
2881,394.343505859375
2882,5.49755859375
2883,92.927734375
2884,514.255126953125
2885,168.788818359375
2886,-110.856689453125
2887,-290.888916015625
2888,-493.366455078125
2889,866.8747558593751
2890,1781.00244140625
2891,-910.0280761718751
2892,-540.202880859375
2893,129.450927734375
2894,1082.841064453125
2895,-822.185302734375
2896,-726.391357421875
2897,-1344.482177734375
2898,645.969970703125
2899,129.666748046875
2900,-523.7763671875
2901,443.851318359375
2902,2647.4990234375005
2903,538.858154296875
2904,-533.865478515625
2905,510.66845703125
2906,-720.232177734375
2907,-51.58984375
2908,-392.513671875
2909,330.322998046875
2910,211.377197265625
2911,98.353759765625
2912,-834.275146484375
2913,531.674560546875
2914,90.993896484375
2915,417.11474609375
2916,-763.6674804687499
2917,553.417236328125
2918,-260.302001953125
2919,-541.493408203125
2920,987.088134765625
2921,-65.764892578125
2922,-584.92822265625
2923,-676.77099609375
2924,-588.890869140625
2925,1109.579345703125
2926,-200.021240234375
2927,1319.015625
2928,1056.254150390625
2929,360.9052734375
2930,-52.39062499999999
2931,1032.74462890625
2932,943.885498046875
2933,560.89404296875
2934,-111.5439453125
2935,653.0009765625
2936,-6.98046875
2937,-430.4248046875
2938,96.414794921875
2939,936.655517578125
2940,-213.062744140625
2941,-461.03466796875
2942,218.671875
2943,541.342529296875
2944,592.6806640625
2945,1028.9326171875
2946,-1167.09814453125
2947,90.903564453125
2948,252.14404296875
2949,1020.9951171875
2950,-1014.734375
2951,1156.7373046875
2952,-1360.07763671875
2953,2786.4296875
2954,-954.164794921875
2955,-315.671142578125
2956,-1191.846923828125
2957,2246.53173828125
2958,-781.739990234375
2959,-306.248046875
2960,1261.5498046875
2961,2734.470947265625
2962,-1363.931884765625
2963,235.46533203125
2964,236.60009765625
2965,-397.1708984375
2966,-1462.341796875
2967,366.99267578125
2968,1.6611328125
2969,1397.0041503906248
2970,-1622.487060546875
2971,-886.3176269531249
2972,2639.621337890625
2973,1629.0546875
2974,-645.556884765625
2975,333.748779296875
2976,2995.6037597656255
2977,1969.3173828125
2978,9324.778564453125
2979,-1469.88671875
2980,539.44189453125
2981,-1464.755126953125
2982,-845.0280761718751
2983,-186.947998046875
2984,413.117431640625
2985,-1525.085205078125
2986,-912.865478515625
2987,172.55297851562497
2988,585.03076171875
2989,-321.169189453125
2990,796.64892578125
2991,974.91552734375
2992,723.708984375
2993,-407.651123046875
2994,842.315185546875
2995,1012.837890625
2996,-33.101318359375
2997,-190.85717773437503
2998,-889.258056640625
2999,1008.4106445312499
3000,1263.64892578125
3001,-558.059326171875
3002,-782.0122070312501
3003,940.76953125
3004,1045.683837890625
3005,665.41162109375
3006,-952.00732421875
3007,170.606201171875
3008,-275.387451171875
3009,-17.26123046875
3010,-603.802734375
3011,-24.02197265625
3012,-409.606201171875
3013,-24.850830078125
3014,-37.475830078125
3015,112.930908203125
3016,647.468017578125
3017,-476.203125
3018,-337.7744140625
3019,-429.31372070312506
3020,-615.418701171875
3021,-492.546630859375
3022,-204.10400390625003
3023,-253.33642578125
3024,1.068115234375
3025,36.651123046875
3026,1139.854736328125
3027,663.3095703125
3028,-503.86962890625
3029,-714.5654296875
3030,1102.908447265625
3031,497.61328125
3032,400.101806640625
3033,455.655517578125
3034,363.003173828125
3035,1312.701416015625
3036,-18.90380859375
3037,299.275390625
3038,1378.673095703125
3039,1297.53125
3040,-55.499755859375
3041,-405.9287109375
3042,107.149169921875
3043,-953.94775390625
3044,1738.9692382812498
3045,625.72216796875
3046,-144.943359375
3047,-724.521484375
3048,1697.526611328125
3049,811.47705078125
3050,2358.144287109375
3051,-668.84912109375
3052,-274.65576171875
3053,990.516845703125
3054,924.100341796875
3055,661.06689453125
3056,-611.3969726562501
3057,1139.2421875
3058,827.2944335937501
3059,64.47607421875
3060,-396.1669921875
3061,-532.01171875
3062,115.49609374999999
3063,1074.99609375
3064,488.97900390625
3065,392.05712890625
3066,240.921875
3067,938.0
3068,215.21484375
3069,127.56005859375001
3070,1468.06640625
3071,-423.673828125
3072,-330.91552734375
3073,300.148681640625
3074,2242.742431640625
3075,-324.3671875
3076,-361.8076171875
3077,4527.515380859375
3078,1676.608154296875
3079,-182.087890625
3080,1589.3425292968752
3081,1061.268310546875
3082,1125.2900390625
3083,-621.6918945312501
3084,1266.20068359375
3085,1292.922607421875
3086,-469.455078125
3087,-932.562744140625
3088,-626.8369140625
3089,-263.41943359375
3090,529.172119140625
3091,-424.978515625
3092,23.078125
3093,89.670166015625
3094,539.962646484375
3095,454.128662109375
3096,599.258544921875
3097,626.883544921875
3098,-618.9138183593749
3099,-522.179443359375
3100,-814.67578125
3101,531.99462890625
3102,-469.9501953125
3103,-483.71240234375
3104,-191.85424804687497
3105,813.83837890625
3106,31.729736328125
3107,-195.015380859375
3108,-337.98388671875006
3109,344.433349609375
3110,-315.40869140625
3111,-73.034912109375
3112,-612.760498046875
3113,-77.19580078125
3114,96.089599609375
3115,-431.85546875000006
3116,1000.585205078125
3117,910.5607910156251
3118,586.4375
3119,-619.520263671875
3120,1055.827880859375
3121,794.99169921875
3122,-993.211669921875
3123,-189.53027343750003
3124,1447.5458984375
3125,849.940185546875
3126,-514.724365234375
3127,-687.52099609375
3128,628.299072265625
3129,876.0903320312499
3130,-712.32177734375
3131,-427.015869140625
3132,1136.330322265625
3133,368.270751953125
3134,-1217.5361328125
3135,-1510.266845703125
3136,-108.3603515625
3137,125.47998046874999
3138,-1072.286376953125
3139,-1603.359375
3140,189.794921875
3141,412.81103515624994
3142,-573.175537109375
3143,476.908935546875
3144,-39.443359375
3145,381.231689453125
3146,-248.8203125
3147,427.57421875
3148,72.491943359375
3149,-362.945068359375
3150,-310.554443359375
3151,-205.201904296875
3152,2903.29052734375
3153,3055.281982421875
3154,-241.445068359375
3155,-98.26611328125
3156,3121.64794921875
3157,3014.42578125
3158,65.9384765625
3159,-167.27880859375
3160,-1059.956787109375
3161,843.634521484375
3162,847.031494140625
3163,88.762939453125
3164,-975.6630859375
3165,767.82568359375
3166,929.9169921874999
3167,-2523.798583984375
3168,-1147.690185546875
3169,280.29150390625
3170,-120.646484375
3171,256.828369140625
3172,1776.31201171875
3173,208.62255859375
3174,-206.429443359375
3175,145.55908203125
3176,-653.823486328125
3177,469.75634765625
3178,8.95556640625
3179,1065.60888671875
3180,1191.99560546875
3181,-599.707275390625
3182,-339.5966796875
3183,1001.91650390625
3184,1166.738525390625
3185,-1591.884033203125
3186,-290.954833984375
3187,82.64672851562499
3188,2118.8935546875
3189,1594.04248046875
3190,-26.23681640625
3191,78.978759765625
3192,1990.341064453125
3193,1824.20751953125
3194,83.5107421875
3195,-168.28076171875
3196,-277.949462890625
3197,1505.497314453125
3198,637.610107421875
3199,216.19482421875
3200,175.303955078125
3201,1540.843994140625
3202,926.0693359375
3203,489.2158203125
3204,542.386962890625
3205,-453.9267578125
3206,-1033.495361328125
3207,352.97998046875
3208,928.325439453125
3209,335.84326171874994
3210,-1021.09912109375
3211,402.70947265625
3212,-481.56640625
3213,-273.41259765625
3214,2707.262939453125
3215,-2899.91748046875
3216,-768.302734375
3217,3602.2431640625005
3218,3577.3740234375
3219,-2887.4450683593755
3220,-927.863037109375
3221,-1128.777587890625
3222,-719.15625
3223,-196.490966796875
3224,-43.159912109375
3225,155.56103515625
3226,-1431.968017578125
3227,-1489.98779296875
3228,-1.4853515625
3229,371.72607421875
3230,886.464111328125
3231,767.611083984375
3232,-370.92626953125006
3233,4043.737548828125
3234,4839.87353515625
3235,2460.93701171875
3236,4191.578369140625
3237,4208.8876953125
3238,4507.47412109375
3239,-338.75024414062494
3240,71.850830078125
3241,-329.79150390625006
3242,1000.447265625
3243,999.453857421875
3244,-689.760986328125
3245,-279.510009765625
3246,838.54638671875
3247,871.681396484375
3248,876.090576171875
3249,-434.84594726562506
3250,575.80810546875
3251,-248.782470703125
3252,-1006.509521484375
3253,-930.849853515625
3254,-90.3671875
3255,-378.97900390625
3256,-1065.11376953125
3257,555.910400390625
3258,381.4951171875
3259,73.8173828125
3260,-721.749755859375
3261,-706.84033203125
3262,-171.7958984375
3263,45.115478515625
3264,-495.535888671875
3265,-824.173095703125
3266,456.381103515625
3267,490.750732421875
3268,-342.6884765625
3269,1075.885986328125
3270,1439.4440917968752
3271,174.725341796875
3272,-285.644287109375
3273,1389.56591796875
3274,1210.923583984375
3275,502.17431640625
3276,-134.492431640625
3277,-807.1992187499999
3278,1089.45654296875
3279,1028.7646484375
3280,205.733642578125
3281,449.154541015625
3282,1089.726318359375
3283,1111.883544921875
3284,-967.6162109375
3285,208.433349609375
3286,-400.21118164062506
3287,516.122802734375
3288,909.45703125
3289,667.693115234375
3290,-27.888427734374996
3291,497.15673828125006
3292,565.165771484375
3293,-719.014404296875
3294,16.175048828125
3295,1123.40478515625
3296,1907.512939453125
3297,-421.760986328125
3298,756.006591796875
3299,3224.342041015625
3300,2088.417236328125
3301,-593.9064941406251
3302,1092.554931640625
3303,552.386474609375
3304,1511.939453125
3305,-505.683349609375
3306,-131.723388671875
3307,363.690185546875
3308,765.0244140625
3309,-339.398681640625
3310,-518.043701171875
3311,2195.47900390625
3312,1610.429931640625
3313,-216.52734374999997
3314,442.12255859375
3315,398.1337890625
3316,-1134.14208984375
3317,-112.33203125
3318,698.04931640625
3319,634.3603515625
3320,1079.239501953125
3321,57.781005859375
3322,389.11865234374994
3323,-1025.040283203125
3324,440.095458984375
3325,761.75830078125
3326,551.45166015625
3327,-1135.255126953125
3328,225.10400390625003
3329,75.67382812500001
3330,528.193359375
3331,-718.576171875
3332,-1033.257080078125
3333,-520.80859375
3334,771.58447265625
3335,558.49853515625
3336,-1045.22216796875
3337,-511.467041015625
3338,-1974.61865234375
3339,1830.615234375
3340,965.610107421875
3341,1002.6896972656249
3342,-661.16162109375
3343,505.28515625000006
3344,-534.631103515625
3345,880.436767578125
3346,-584.14697265625
3347,-415.695556640625
3348,-412.68701171875
3349,-1021.03076171875
3350,-229.480224609375
3351,1563.43310546875
3352,-1747.11669921875
3353,41.553466796875
3354,-312.3681640625
3355,1759.5476074218752
3356,-300.981201171875
3357,-1485.823486328125
3358,4743.24267578125
3359,41.647705078125
3360,-602.7490234375
3361,2136.463134765625
3362,3900.845947265625
3363,-241.455078125
3364,-790.8493652343749
3365,-2078.9365234375
3366,4637.717041015625
3367,-375.639404296875
3368,789.691650390625
3369,793.1252441406249
3370,22.602294921875
3371,-349.640380859375
3372,824.0195312499999
3373,811.846923828125
3374,-990.99609375
3375,-338.65478515625
3376,1711.52197265625
3377,-749.540771484375
3378,-1292.36083984375
3379,-430.777099609375
3380,1072.401123046875
3381,-721.626220703125
3382,-1189.6523437500002
3383,-481.332763671875
3384,1283.6828613281248
3385,-932.8820800781249
3386,3233.54248046875
3387,2936.822998046875
3388,-309.478759765625
3389,-1348.296875
3390,3298.088623046875
3391,2926.616943359375
3392,5062.579833984374
3393,-1456.047607421875
3394,-2240.16259765625
3395,2808.71630859375
3396,2361.6354980468755
3397,-498.922119140625
3398,-2140.737060546875
3399,2893.868896484375
3400,2503.832275390625
3401,5587.83935546875
3402,-1314.063720703125
3403,-301.08203125
3404,-234.34814453125
3405,1259.43798828125
3406,-860.681884765625
3407,-1614.8308105468748
3408,-245.2607421875
3409,1216.03759765625
3410,-446.09521484375
3411,-181.24951171875
3412,168.80859375
3413,296.93359375
3414,733.7912597656251
3415,-853.15966796875
3416,-779.927001953125
3417,227.14575195312503
3418,893.66162109375
3419,1318.1120605468752
3420,879.209228515625
3421,25.10302734375
3422,388.15234375
3423,516.04296875
3424,-957.68115234375
3425,-593.333740234375
3426,439.171142578125
3427,461.89013671875
3428,69.990234375
3429,440.554443359375
3430,-307.710205078125
3431,420.806396484375
3432,317.449951171875
3433,45.454345703125
3434,-482.5537109375
3435,215.4296875
3436,386.964599609375
3437,-356.895263671875
3438,-370.46118164062506
3439,6816.70751953125
3440,-451.336181640625
3441,-646.79150390625
3442,2639.347412109375
3443,6248.933837890625
3444,-466.154296875
3445,-734.1328125
3446,-1675.6748046875
3447,7141.29345703125
3448,179.125
3449,663.4072265625
3450,828.493408203125
3451,-196.990234375
3452,337.818603515625
3453,460.9990234375
3454,717.1064453125
3455,691.18505859375
3456,-129.705810546875
3457,1679.258544921875
3458,1676.3488769531252
3459,-1115.16162109375
3460,110.51513671875001
3461,424.31054687500006
3462,1745.278564453125
3463,-1049.321044921875
3464,1865.243408203125
3465,-1116.437255859375
3466,1358.821533203125
3467,856.172119140625
3468,704.9375
3469,1665.185302734375
3470,138.35595703125
3471,693.642578125
3472,915.86865234375
3473,-557.303955078125
3474,733.41845703125
3475,-929.2731933593749
3476,4158.1640625
3477,6142.753173828125
3478,-708.296875
3479,-839.8974609375
3480,4175.25390625
3481,6028.15966796875
3482,4026.752685546875
3483,-880.126220703125
3484,1932.685546875
3485,-1459.67578125
3486,-1351.383544921875
3487,3853.8139648437505
3488,2024.21337890625
3489,-1310.2453613281252
3490,-1466.564453125
3491,648.80615234375
3492,1887.644287109375
3493,340.7177734375
3494,2572.4526367187505
3495,-445.34008789062494
3496,-7.915283203125
3497,549.849609375
3498,2451.25439453125
3499,-404.486328125
3500,2930.293701171875
3501,-648.445068359375
3502,-130.295654296875
3503,555.918701171875
3504,709.599609375
3505,399.98706054687506
3506,-400.34130859375
3507,468.260498046875
3508,461.135498046875
3509,30.78564453125
3510,-179.43896484375
3511,1356.116943359375
3512,33.32421875
3513,-86.66064453125
3514,181.863525390625
3515,1482.946044921875
3516,-11.404541015625002
3517,-368.398681640625
3518,3055.951416015625
3519,1007.755126953125
3520,235.506103515625
3521,894.617431640625
3522,538.896728515625
3523,1495.3369140625
3524,1144.1640625
3525,850.2404785156249
3526,455.857421875
3527,121.80688476562501
3528,-672.927001953125
3529,276.9423828125
3530,847.5122070312501
3531,-1684.726806640625
3532,263.182861328125
3533,631.7150878906249
3534,1005.466796875
3535,-1700.248779296875
3536,99.99169921875
3537,103.43212890625
3538,-46.807373046875
3539,-299.50732421875
3540,371.9033203125
3541,83.14990234374999
3542,-43.406494140625
3543,-304.2353515625
3544,348.013427734375
3545,-21.902099609375
3546,-15.723876953125
3547,959.698486328125
3548,686.120849609375
3549,-747.397705078125
3550,-87.995849609375
3551,194.131103515625
3552,822.180908203125
3553,-733.9877929687499
3554,57.01513671875
3555,-51.98754882812501
3556,660.851806640625
3557,-662.4328613281249
3558,730.07470703125
3559,-1218.1691894531252
3560,1891.13037109375
3561,-579.936279296875
3562,782.93896484375
3563,51.947998046875
3564,828.146728515625
3565,-1636.603759765625
3566,1525.357666015625
3567,796.3583984375
3568,-619.83642578125
3569,-239.453857421875
3570,1575.760009765625
3571,734.467529296875
3572,4367.739013671875
3573,-727.55419921875
3574,-234.64404296875
3575,-8.72705078125
3576,48.732666015625
3577,1045.87353515625
3578,-669.99267578125
3579,160.17431640625
3580,81.460205078125
3581,-221.31103515625
3582,902.8564453125
3583,676.703125
3584,-498.934814453125
3585,-393.834716796875
3586,16.54248046875
3587,687.1379394531249
3588,-305.323974609375
3589,-274.546875
3590,-118.96484375
3591,740.823486328125
3592,-159.2353515625
3593,-263.953857421875
3594,-193.0673828125
3595,127.778564453125
3596,-310.8896484375
3597,-222.2783203125
3598,-392.197509765625
3599,-333.76708984375
3600,-366.09521484375
3601,176.92041015625
3602,-101.341552734375
3603,-19.943603515625
3604,-380.61181640625006
3605,173.789306640625
3606,12.00439453125
3607,67.4365234375
3608,698.045166015625
3609,557.849365234375
3610,-1574.92138671875
3611,1048.194091796875
3612,1104.0693359375
3613,-134.847412109375
3614,-692.1801757812499
3615,720.12939453125
3616,848.2563476562501
3617,338.74267578125
3618,-919.7268066406251
3619,-1463.1933593749998
3620,-735.553466796875
3621,598.633544921875
3622,-1417.328857421875
3623,-2310.823486328125
3624,-776.289794921875
3625,638.24072265625
3626,-29.376708984375
3627,-475.476806640625
3628,445.32666015625
3629,-276.439697265625
3630,-290.460205078125
3631,4214.587158203125
3632,1074.438720703125
3633,-295.985595703125
3634,-501.624755859375
3635,-342.6435546875
3636,721.078369140625
3637,77.43115234375
3638,-204.53369140624997
3639,-55.189697265625
3640,-141.040283203125
3641,-91.3154296875
3642,-292.85595703125
3643,95.455810546875
3644,128.37109375
3645,173.65087890625
3646,-802.537353515625
3647,5335.418212890625
3648,3505.735107421875
3649,-166.505126953125
3650,-1893.551025390625
3651,4875.47607421875
3652,3326.005615234375
3653,3352.181640625
3654,-1638.989990234375
3655,24.451416015625
3656,177.049072265625
3657,281.169677734375
3658,191.8720703125
3659,116.216552734375
3660,292.4208984375
3661,439.59619140625
3662,-90.1806640625
3663,-293.253173828125
3664,-449.516357421875
3665,578.508056640625
3666,-392.015380859375
3667,-789.1115722656251
3668,-280.183349609375
3669,455.545654296875
3670,-274.8798828125
3671,272.181640625
3672,-116.59716796875
3673,-103.30908203125
3674,-46.777099609375
3675,43.840576171875
3676,94.01708984375
3677,-393.29296875
3678,32.041015625
3679,181.7021484375
3680,-139.55712890625
3681,3.235107421875
3682,-497.49365234375
3683,-352.420654296875
3684,879.471435546875
3685,55.032958984375
3686,7.647705078125
3687,-257.295654296875
3688,821.9614257812501
3689,869.781982421875
3690,558.056884765625
3691,-1087.62353515625
3692,-1319.161376953125
3693,292.812744140625
3694,612.215576171875
3695,1716.4396972656248
3696,-1256.256103515625
3697,366.98754882812494
3698,392.174560546875
3699,110.006103515625
3700,390.062255859375
3701,-419.959228515625
3702,73.122802734375
3703,-208.0478515625
3704,289.42822265625
3705,-450.64892578125
3706,46.42187500000001
3707,44.67822265625
3708,308.54516601562494
3709,1852.688720703125
3710,603.6062011718749
3711,-1847.292236328125
3712,3481.2529296875
3713,1220.874267578125
3714,715.0671386718751
3715,-1673.1494140625
3716,345.24975585937506
3717,2055.36669921875
3718,758.2976074218751
3719,-194.66650390625
3720,-280.257080078125
3721,3317.574462890625
3722,845.13330078125
3723,-312.54833984374994
3724,-303.55615234375
3725,-254.239501953125
3726,1027.9169921875
3727,3592.169189453125
3728,-427.353759765625
3729,-278.703125
3730,4746.5986328125
3731,3596.31103515625
3732,-342.4697265625
3733,-283.513427734375
3734,868.447998046875
3735,3758.7978515625
3736,-1142.9775390625
3737,173.33056640625
3738,466.984130859375
3739,378.297607421875
3740,-1195.680908203125
3741,396.6513671875
3742,331.2001953125
3743,1140.152587890625
3744,-1345.2631835937498
3745,-156.68701171875
3746,201.368408203125
3747,-311.34228515625
3748,183.37646484375003
3749,-151.02075195312503
3750,-31.730224609375
3751,-409.98754882812494
3752,-1031.3017578125
3753,192.91552734375
3754,-559.928955078125
3755,-1162.061279296875
3756,-356.513427734375
3757,-1871.568359375
3758,5098.010498046875
3759,-1164.01220703125
3760,-184.640869140625
3761,75.60009765625001
3762,-834.5478515625
3763,416.0693359375
3764,260.754150390625
3765,-640.7204589843751
3766,1881.6728515625
3767,137.26708984375
3768,15.5322265625
3769,-560.492431640625
3770,-1314.301513671875
3771,543.6416015625
3772,48.24877929687501
3773,320.05151367187494
3774,402.665283203125
3775,-245.959716796875
3776,-67.90771484375
3777,408.32666015625
3778,379.75634765625
3779,308.05078125
3780,-104.9765625
3781,63.19580078125
3782,468.2177734375
3783,330.0087890625
3784,433.68310546874994
3785,-9.99462890625
3786,368.2841796875
3787,305.17822265625
3788,-160.131103515625
3789,102.60400390625
3790,219.444580078125
3791,-441.91455078125
3792,-283.6396484375
3793,50.81689453125001
3794,242.002685546875
3795,-504.706787109375
3796,-266.3203125
3797,-26.990478515625
3798,44.597412109375
3799,-757.2490234375
3800,1471.470703125
3801,1186.1064453125
3802,1260.9597167968748
3803,-565.47412109375
3804,1398.48193359375
3805,1288.813232421875
3806,-482.431396484375
3807,-409.009521484375
3808,1447.876708984375
3809,-1222.283203125
3810,-860.36279296875
3811,2189.27783203125
3812,983.83154296875
3813,-1204.766845703125
3814,-759.0195312499999
3815,-871.928466796875
3816,2402.51513671875
3817,7.113525390625001
3818,13.0498046875
3819,585.01708984375
3820,122.48950195312501
3821,-14.665283203125
3822,125.962890625
3823,678.070068359375
3824,-90.08447265625
3825,-50.517333984375
3826,1576.953125
3827,-120.55029296875
3828,-401.724609375
3829,-352.30737304687506
3830,1444.37158203125
3831,-55.065185546875
3832,-621.994873046875
3833,-67.130615234375
3834,708.79345703125
3835,962.76953125
3836,151.134521484375
3837,-148.058349609375
3838,2509.421142578125
3839,2032.783935546875
3840,89.203369140625
3841,10.133544921875
3842,-641.514892578125
3843,-752.90380859375
3844,-2032.310302734375
3845,3593.6240234375
3846,3429.0244140625
3847,-673.59814453125
3848,-678.0146484375
3849,3427.380859375
3850,2990.627197265625
3851,2351.87451171875
3852,1615.122314453125
3853,-994.8461914062499
3854,-123.783935546875
3855,1827.81201171875
3856,365.74340820312506
3857,119.587646484375
3858,4.2998046875
3859,1804.197021484375
3860,-86.45849609375
3861,-595.03466796875
3862,-373.213623046875
3863,174.773193359375
3864,343.302978515625
3865,282.8388671875
3866,646.640380859375
3867,259.028564453125
3868,404.41259765625
3869,8.729248046875
3870,283.85595703125
3871,2264.766357421875
3872,428.923583984375
3873,-933.61865234375
3874,602.657470703125
3875,927.126953125
3876,296.46411132812506
3877,-921.10595703125
3878,-1797.9597167968748
3879,-1637.859619140625
3880,1696.445556640625
3881,956.69873046875
3882,-349.306396484375
3883,1776.0048828125
3884,1106.34912109375
3885,947.315673828125
3886,-360.291015625
3887,2560.0673828125
3888,3698.501220703125
3889,-62.23437500000001
3890,301.95214843749994
3891,-172.81396484375
3892,136.338134765625
3893,76.870849609375
3894,317.395263671875
3895,364.73071289062506
3896,90.400146484375
3897,-160.136474609375
3898,-3585.103759765625
3899,-604.323486328125
3900,3617.2744140625
3901,-412.075927734375
3902,-2583.038330078125
3903,-419.314697265625
3904,4024.12646484375
3905,300.51171875
3906,442.51806640625
3907,-411.54541015625
3908,838.83642578125
3909,710.52099609375
3910,-20.062744140625
3911,-279.981201171875
3912,926.3747558593751
3913,648.63037109375
3914,495.08740234375
3915,-634.202880859375
3916,3735.648681640625
3917,-2016.367431640625
3918,-135.7958984375
3919,-1727.1152343750002
3920,2610.97509765625
3921,-1911.5095214843752
3922,-118.27978515625
3923,1479.531982421875
3924,3446.4843750000005
3925,-347.791259765625
3926,313.3310546875
3927,502.77563476562506
3928,586.631591796875
3929,-230.34619140625
3930,217.81787109375
3931,528.6640625
3932,-143.082275390625
3933,381.06103515624994
3934,-685.39501953125
3935,691.925048828125
3936,2450.563232421875
3937,-169.77783203125
3938,-815.705810546875
3939,678.59375
3940,2624.6240234375
3941,232.49365234375
3942,-836.27197265625
3943,52.167724609375
3944,711.14697265625
3945,431.03466796875
3946,-177.646728515625
3947,212.077880859375
3948,609.9233398437499
3949,382.9052734375
3950,1133.911376953125
3951,382.501953125
3952,671.7246093749999
3953,-594.34765625
3954,-613.314208984375
3955,313.048583984375
3956,1794.98779296875
3957,-310.540771484375
3958,-727.8662109374999
3959,2475.55810546875
3960,260.03173828125
3961,-324.917724609375
3962,439.11083984375
3963,-423.603271484375
3964,457.6142578125
3965,-330.12109375
3966,429.966552734375
3967,-339.776123046875
3968,885.885986328125
3969,-694.1533203125
3970,3880.17919921875
3971,4868.149169921876
3972,-1805.709716796875
3973,3580.2216796875
3974,7920.73486328125
3975,4703.38818359375
3976,-1903.01904296875
3977,2162.31591796875
3978,603.3430175781249
3979,136.586669921875
3980,-15.407958984374998
3981,319.170654296875
3982,559.701171875
3983,-218.650146484375
3984,177.18701171875
3985,211.376953125
3986,-811.95703125
3987,130.136474609375
3988,-558.743408203125
3989,823.890869140625
3990,388.8984375
3991,220.040283203125
3992,-279.154541015625
3993,886.014404296875
3994,139.180419921875
3995,-145.446044921875
3996,-507.049560546875
3997,1917.210205078125
3998,-110.910400390625
3999,-1241.691650390625
4000,5111.97802734375
4001,-9.34912109375
4002,-46.28271484374998
4003,-1342.98974609375
4004,81.124755859375
4005,476.47436523437494
4006,-1040.82470703125
4007,1310.313720703125
4008,1075.855224609375
4009,-233.89404296875
4010,-1330.966796875
4011,1385.696044921875
4012,1489.8942871093748
4013,887.96630859375
4014,-1201.747314453125
4015,-311.99755859375
4016,682.265380859375
4017,859.908203125
4018,-1204.747314453125
4019,-351.488525390625
4020,625.6125488281249
4021,785.34912109375
4022,-529.298583984375
4023,-315.868896484375
4024,-180.526611328125
4025,-246.1767578125
4026,-363.58691406249994
4027,-639.26220703125
4028,-44.9052734375
4029,-333.32470703125
4030,-324.25537109375
4031,1356.737060546875
4032,-44.43212890625
4033,494.794189453125
4034,391.2236328125
4035,64.09912109375
4036,-358.1943359375
4037,539.2470703125
4038,166.378173828125
4039,49.753173828125
4040,743.026123046875
4041,608.452392578125
4042,-768.822265625
4043,427.9501953125
4044,1836.298583984375
4045,-325.7333984375
4046,-1722.8752441406248
4047,409.34716796875
4048,1812.01513671875
4049,1015.779052734375
4050,-942.02392578125
4051,-172.243408203125
4052,105.091796875
4053,497.4951171875
4054,-1723.43408203125
4055,-285.355712890625
4056,-17.675048828125
4057,464.411865234375
4058,4169.244140625
4059,-397.05151367187494
4060,393.8486328125
4061,-207.20703125
4062,-232.531982421875
4063,1101.897705078125
4064,411.24340820312506
4065,-99.33837890625
4066,-50.96435546874999
4067,-673.7436523437499
4068,616.073974609375
4069,321.52099609375
4070,830.07470703125
4071,-405.03564453124994
4072,-224.19921875
4073,-463.12182617187494
4074,728.187744140625
4075,-88.73681640625
4076,1366.436279296875
4077,168.884521484375
4078,746.0400390625
4079,65.066650390625
4080,-750.613037109375
4081,710.2646484375
4082,1331.365966796875
4083,198.351806640625
4084,-841.3198242187501
4085,-649.149658203125
4086,1228.779052734375
4087,-184.801513671875
4088,-345.66162109375
4089,-125.788818359375
4090,369.169677734375
4091,-157.313720703125
4092,-269.622802734375
4093,-305.98974609375
4094,739.891845703125
4095,-428.297119140625
4096,565.88623046875
4097,2905.235107421875
4098,3661.6728515625
4099,2179.662841796875
4100,1166.69287109375
4101,2889.0107421875
4102,3784.0126953125
4103,60.08056640624999
4104,358.982666015625
4105,213.77490234375
4106,-127.599365234375
4107,-586.953369140625
4108,612.40771484375
4109,230.862060546875
4110,-249.115234375
4111,-561.385986328125
4112,-289.095458984375
4113,85.57763671875001
4114,-476.58374023437494
4115,-451.24169921875
4116,-287.845947265625
4117,-1132.71728515625
4118,-385.017822265625
4119,-476.383056640625
4120,-396.18994140625
4121,818.67236328125
4122,-504.422607421875
4123,2642.960205078125
4124,-624.408203125
4125,-974.91015625
4126,933.932373046875
4127,2727.565185546875
4128,-621.199951171875
4129,-722.490478515625
4130,-2335.5087890625
4131,1878.836669921875
4132,-112.6474609375
4133,2108.426025390625
4134,2245.489013671875
4135,989.814697265625
4136,266.7509765625
4137,2031.954345703125
4138,2174.0185546875
4139,-540.4521484375
4140,-217.276611328125
4141,-681.11767578125
4142,-265.826904296875
4143,0.90185546875
4144,-1481.873291015625
4145,-348.669677734375
4146,-225.552490234375
4147,17.359130859375
4148,638.537353515625
4149,734.63916015625
4150,1366.7050781250002
4151,364.64013671875
4152,-444.78759765625
4153,949.654296875
4154,1284.446533203125
4155,284.1015625
4156,-461.052978515625
4157,996.9995117187501
4158,-195.3095703125
4159,-2261.717529296875
4160,4385.38916015625
4161,2604.280029296875
4162,4266.0595703125
4163,4458.612060546875
4164,4346.528564453125
4165,2562.997802734375
4166,-1494.855224609375
4167,-1655.62744140625
4168,416.18579101562506
4169,-229.1796875
4170,-712.62451171875
4171,252.177001953125
4172,-196.7783203125
4173,-393.93212890625
4174,-648.6240234375
4175,1657.531005859375
4176,2891.4814453125
4177,-600.01708984375
4178,1071.4384765625
4179,652.256103515625
4180,-197.7080078125
4181,604.02197265625
4182,1244.284912109375
4183,547.746826171875
4184,156.2392578125
4185,-420.369140625
4186,3281.896728515625
4187,-148.415283203125
4188,-613.152099609375
4189,-1490.561767578125
4190,3056.309326171875
4191,-100.36279296875
4192,-430.95703125
4193,1848.312744140625
4194,2995.748291015625
4195,516.614501953125
4196,-672.81494140625
4197,-839.757080078125
4198,-519.229248046875
4199,-242.92529296875
4200,-757.9677734375001
4201,-860.713623046875
4202,-448.34423828125
4203,-403.85278320312494
4204,918.987060546875
4205,614.3144531249999
4206,312.82080078125
4207,-494.46435546875006
4208,-211.24072265625
4209,657.205078125
4210,452.85864257812506
4211,760.994384765625
4212,854.281005859375
4213,663.5634765625
4214,-617.68212890625
4215,-462.21166992187494
4216,107.014892578125
4217,426.558349609375
4218,-495.379150390625
4219,-451.263671875
4220,1357.424072265625
4221,916.875244140625
4222,792.525146484375
4223,-1704.40673828125
4224,-2034.413818359375
4225,11.20458984375
4226,713.896484375
4227,-1799.173095703125
4228,-1817.2255859375
4229,157.97509765625
4230,860.788818359375
4231,-1046.843994140625
4232,92.487548828125
4233,664.705322265625
4234,632.3937988281251
4235,563.262939453125
4236,-36.102294921875
4237,520.239501953125
4238,1190.895263671875
4239,1110.1240234375
4240,-153.5361328125
4241,110.408203125
4242,-156.624267578125
4243,197.48193359375
4244,270.789306640625
4245,143.640869140625
4246,-185.28344726562503
4247,221.015380859375
4248,197.951416015625
4249,486.657470703125
4250,626.9423828124999
4251,1086.423583984375
4252,663.29931640625
4253,-166.3056640625
4254,616.426025390625
4255,1157.623046875
4256,1.3798828125
4257,174.34814453125
4258,-108.642333984375
4259,-1364.99853515625
4260,-1568.012939453125
4261,-269.841064453125
4262,669.987060546875
4263,-1426.1044921875
4264,-1381.3571777343748
4265,-59.64599609375
4266,1799.30908203125
4267,-232.5068359375
4268,-1880.4060058593752
4269,-58.573486328125
4270,-977.38818359375
4271,865.9736328125
4272,-1956.921142578125
4273,-209.4912109375
4274,3161.3815917968745
4275,2095.783447265625
4276,-14.697021484374998
4277,345.577880859375
4278,-123.43115234375
4279,600.14794921875
4280,-157.05029296875
4281,372.246337890625
4282,3.750244140625
4283,418.109375
4284,294.48046875
4285,864.118408203125
4286,-452.848388671875
4287,-58.129638671875
4288,2621.233154296875
4289,209.97802734375
4290,-426.4951171875
4291,-162.70996093749997
4292,-466.87255859375
4293,553.490234375
4294,171.86718749999997
4295,276.131103515625
4296,247.29663085937497
4297,840.6640625
4298,-231.541748046875
4299,293.76318359375
4300,360.64135742187494
4301,-363.377685546875
4302,-213.478271484375
4303,-110.27490234374999
4304,2167.351318359375
4305,1519.735107421875
4306,-233.6279296875
4307,-508.09130859375
4308,2167.74072265625
4309,1416.24560546875
4310,814.025146484375
4311,-327.85278320312494
4312,1616.931640625
4313,-47.653564453125
4314,-579.087890625
4315,1404.507080078125
4316,924.980712890625
4317,108.46142578125
4318,-292.780029296875
4319,331.127685546875
4320,78.83740234374999
4321,-47.44140625
4322,151.35424804687497
4323,17.064453125
4324,141.0048828125
4325,-152.06689453125
4326,-8.86669921875
4327,143.46484375
4328,-189.7939453125
4329,211.420654296875
4330,831.06298828125
4331,-749.53955078125
4332,-875.0869140625
4333,-269.607177734375
4334,1046.09912109375
4335,-724.1669921875
4336,-883.571533203125
4337,-930.509521484375
4338,669.23974609375
4339,62.866455078125
4340,569.20654296875
4341,730.807861328125
4342,-365.797119140625
4343,175.234130859375
4344,676.76708984375
4345,682.135009765625
4346,1407.7399902343752
4347,204.360107421875
4348,521.72509765625
4349,-1783.45947265625
4350,-202.656982421875
4351,-297.479736328125
4352,570.717529296875
4353,-1676.605224609375
4354,-66.320556640625
4355,-699.91015625
4356,-38.968505859375
4357,201.0029296875
4358,508.17431640625
4359,-327.212646484375
4360,54.705810546875
4361,-12.155517578125
4362,510.521484375
4363,-361.89111328125
4364,-247.484619140625
4365,-57.8623046875
4366,478.08642578125006
4367,440.868408203125
4368,1256.6279296875
4369,737.224853515625
4370,398.01953125
4371,365.063232421875
4372,1309.6044921875
4373,48.443359375
4374,788.1259765625
4375,1611.905517578125
4376,-161.0458984375
4377,-1846.254150390625
4378,392.572998046875
4379,265.899169921875
4380,-135.748779296875
4381,-1921.244384765625
4382,435.933837890625
4383,518.822265625
4384,241.7822265625
4385,585.056640625
4386,-660.910400390625
4387,-139.416015625
4388,-79.9453125
4389,640.576171875
4390,-757.289306640625
4391,-107.509033203125
4392,-163.61572265625
4393,-228.7021484375
4394,-437.701171875
4395,366.362060546875
4396,280.92822265625
4397,377.14794921875
4398,-549.8330078125
4399,470.363037109375
4400,0.52099609375
4401,-108.517822265625
4402,-18.39306640625
4403,272.759033203125
4404,315.41796875
4405,176.4267578125
4406,-92.991943359375
4407,357.0498046875
4408,183.85546875
4409,161.460693359375
4410,-184.324462890625
4411,394.736083984375
4412,-405.00341796874994
4413,-121.319580078125
4414,160.738525390625
4415,8.874755859375
4416,-305.970703125
4417,-137.703125
4418,65.143798828125
4419,216.80078125
4420,244.167724609375
4421,-7.2255859375
4422,-173.05322265625
4423,465.89135742187494
4424,569.928955078125
4425,-73.693115234375
4426,-77.3798828125
4427,171.56787109375
4428,27.766601562500004
4429,332.834716796875
4430,-291.1181640625
4431,7.425048828125
4432,-194.89892578125003
4433,119.365966796875
4434,-261.5673828125
4435,-183.29052734375
4436,420.5712890625
4437,173.791015625
4438,-235.019287109375
4439,-22.30712890625
4440,227.55908203125
4441,-276.6982421875
4442,19.030517578125
4443,60.34228515625
4444,346.213623046875
4445,784.363037109375
4446,-416.746337890625
4447,1176.540283203125
4448,-815.0634765625
4449,-1032.3525390625
4450,-676.47314453125
4451,325.081787109375
4452,-804.58837890625
4453,-1181.94091796875
4454,904.73779296875
4455,1332.9345703125
4456,-550.95068359375
4457,1682.00439453125
4458,2180.994140625
4459,-1072.040771484375
4460,-524.40673828125
4461,1394.48388671875
4462,1951.030029296875
4463,388.601318359375
4464,-598.57177734375
4465,847.953857421875
4466,941.976318359375
4467,-297.466796875
4468,-307.804931640625
4469,-430.56982421875
4470,789.884521484375
4471,-110.6943359375
4472,-634.070068359375
4473,-18.28466796875
4474,655.694091796875
4475,-1142.435791015625
4476,-755.470703125
4477,-183.337646484375
4478,706.600830078125
4479,-1138.763671875
4480,-827.17626953125
4481,2932.4111328125
4482,701.202880859375
4483,-58.465576171875
4484,-777.40283203125
4485,-491.51416015625
4486,1063.044921875
4487,-223.148681640625
4488,-851.847900390625
4489,-543.1982421875
4490,-35.833984375
4491,340.678466796875
4492,2317.581298828125
4493,-1983.5537109375
4494,-1514.795654296875
4495,853.2277832031249
4496,-435.57470703125
4497,-2124.46484375
4498,-1733.427490234375
4499,1834.572509765625
4500,2962.4921875
4501,5569.611083984375
4502,-263.90283203125
4503,-237.744140625
4504,-2011.057861328125
4505,6411.958984375
4506,-237.1240234375
4507,-362.8935546875
4508,2620.413330078125
4509,4681.3173828125
4510,1880.221435546875
4511,-403.190673828125
4512,-609.1708984375
4513,1163.098876953125
4514,1258.452880859375
4515,-445.91943359375
4516,-710.18994140625
4517,1148.472412109375
4518,2150.7734375
4519,2077.70458984375
4520,-112.681640625
4521,-155.906982421875
4522,467.51708984375
4523,1297.709228515625
4524,-157.250244140625
4525,-196.3759765625
4526,6240.670654296875
4527,188.3193359375
4528,-831.906982421875
4529,1480.1064453125
4530,2160.98828125
4531,-2179.24755859375
4532,-645.762451171875
4533,1508.845947265625
4534,2043.148681640625
4535,257.304931640625
4536,-761.7700195312499
4537,-292.505859375
4538,1087.0791015625
4539,1098.772216796875
4540,-1238.116455078125
4541,-50.960693359375
4542,903.00634765625
4543,896.9912109375
4544,-203.5986328125
4545,-309.63037109375
4546,449.401123046875
4547,-653.943359375
4548,237.97314453125
4549,55.10205078125
4550,215.67724609375
4551,-430.070068359375
4552,333.68261718750006
4553,-240.58984375
4554,-179.40380859375
4555,1594.0927734375
4556,-483.292724609375
4557,-530.44921875
4558,-959.395751953125
4559,1345.16015625
4560,-450.57373046874994
4561,-553.78857421875
4562,438.178955078125
4563,1416.43408203125
4564,1637.680908203125
4565,-608.825927734375
4566,1862.9799804687502
4567,-1234.88427734375
4568,1469.9541015625
4569,-668.68115234375
4570,1947.1171875
4571,-93.552490234375
4572,1655.193115234375
4573,-713.1787109375
4574,-1311.83251953125
4575,1848.060791015625
4576,650.576416015625
4577,992.208984375
4578,-1297.483642578125
4579,2212.367919921875
4580,-821.01123046875
4581,1125.180908203125
4582,-419.88623046875
4583,-231.567138671875
4584,-8.58251953125
4585,9.7177734375
4586,842.80419921875
4587,-252.955078125
4588,-131.97705078125
4589,-393.494384765625
4590,20.075927734374996
4591,248.46240234375
4592,-336.685546875
4593,-622.46533203125
4594,662.659912109375
4595,1716.1015625
4596,-555.7861328125
4597,-663.09130859375
4598,-606.8303222656249
4599,2303.340576171875
4600,1758.956298828125
4601,1012.2795410156249
4602,-567.190185546875
4603,369.16455078125
4604,-41.512939453125
4605,1189.46533203125
4606,-451.034423828125
4607,-1192.8562011718748
4608,-1019.188232421875
4609,-40.724609375
4610,493.308837890625
4611,229.132568359375
4612,1111.516845703125
4613,-1.818115234375
4614,366.947509765625
4615,137.020751953125
4616,-146.13134765625
4617,170.12988281249997
4618,1496.607421875
4619,7187.974853515625
4620,-289.08349609375
4621,4001.2216796875
4622,3865.278564453125
4623,6900.177490234375
4624,-242.05029296875
4625,-1703.04052734375
4626,-1634.62548828125
4627,520.94140625
4628,-31.7216796875
4629,12.813232421875
4630,-463.332275390625
4631,133.096923828125
4632,130.296630859375
4633,34.587890625
4634,549.52392578125
4635,738.170166015625
4636,331.16040039062494
4637,411.505859375
4638,107.31591796875
4639,-94.02392578125
4640,275.52490234375
4641,418.662353515625
4642,11.409423828125
4643,269.659423828125
4644,169.14306640625
4645,86.302734375
4646,290.9873046875
4647,245.867431640625
4648,-490.07055664062494
4649,-153.32421875
4650,269.05322265625
4651,200.59155273437497
4652,-379.85498046875
4653,-73.48583984375
4654,910.0810546875
4655,177.91845703124997
4656,246.537353515625
4657,2053.4423828125
4658,791.342041015625
4659,284.964599609375
4660,178.426025390625
4661,-810.711181640625
4662,439.27099609375
4663,908.823486328125
4664,208.351806640625
4665,276.926025390625
4666,1312.736328125
4667,353.43896484375006
4668,189.2734375
4669,176.874755859375
4670,-1059.45751953125
4671,415.216552734375
4672,-500.521728515625
4673,436.189697265625
4674,1410.2431640625
4675,176.17138671875003
4676,-321.96533203125
4677,562.0029296875
4678,1631.726318359375
4679,-753.5595703125
4680,-1500.518798828125
4681,-174.81567382812503
4682,290.618408203125
4683,423.792236328125
4684,-1408.890380859375
4685,-1252.26513671875
4686,391.804443359375
4687,457.02246093749994
4688,385.017578125
4689,-183.260986328125
4690,-43.603271484375
4691,385.91845703125
4692,274.4345703125
4693,-824.886962890625
4694,-24.40869140625
4695,480.33935546875
4696,187.634521484375
4697,1325.548583984375
4698,-19.362060546875
4699,-65.654541015625
4700,-1048.25830078125
4701,-1010.26953125
4702,-146.07861328125
4703,1382.942626953125
4704,-1239.6384277343748
4705,-993.186279296875
4706,-1128.204345703125
4707,738.304443359375
4708,-106.579833984375
4709,-72.4248046875
4710,261.48779296875
4711,617.77783203125
4712,-388.982666015625
4713,-238.275146484375
4714,203.855712890625
4715,-405.44287109375
4716,110.094970703125
4717,-402.760986328125
4718,715.4228515625
4719,817.19091796875
4720,-81.57373046875
4721,-230.26440429687503
4722,593.4001464843751
4723,580.81201171875
4724,-1635.69580078125
4725,-221.271728515625
4726,496.8896484375
4727,-245.664306640625
4728,324.029296875
4729,192.83349609375
4730,483.80151367187494
4731,-201.7978515625
4732,274.499267578125
4733,1536.534423828125
4734,303.16552734375
4735,-442.481201171875
4736,942.498779296875
4737,558.71337890625
4738,682.628662109375
4739,-805.18359375
4740,534.833251953125
4741,848.076171875
4742,546.723388671875
4743,-334.6083984375
4744,2139.716796875
4745,-1295.07568359375
4746,-480.853759765625
4747,657.731201171875
4748,2102.5751953125
4749,-1118.521484375
4750,-401.054931640625
4751,-1724.39697265625
4752,1452.7373046875
4753,-205.438720703125
4754,-160.16796875
4755,-101.12548828125
4756,209.54345703124997
4757,-401.74658203125006
4758,-206.02709960937503
4759,-6.551025390625001
4760,1106.2783203125
4761,-526.697265625
4762,-664.111083984375
4763,-936.0537109375
4764,1656.480224609375
4765,-1375.056640625
4766,-41.797119140625
4767,-1056.276611328125
4768,1656.678955078125
4769,-258.20263671875
4770,-619.3447265625
4771,717.379638671875
4772,-1988.022705078125
4773,-578.035400390625
4774,547.10986328125
4775,1161.290771484375
4776,-2184.72119140625
4777,-863.6435546875
4778,-1442.94482421875
4779,-641.957763671875
4780,-323.65087890624994
4781,990.9836425781251
4782,868.356689453125
4783,-431.0908203125
4784,-302.02880859375006
4785,1017.531982421875
4786,757.198486328125
4787,-883.404541015625
4788,-117.254638671875
4789,211.009765625
4790,-181.375244140625
4791,291.826171875
4792,102.59619140625
4793,-409.542724609375
4794,-237.71240234375
4795,284.393310546875
4796,-5.62646484375
4797,286.308349609375
4798,2278.798828125
4799,-690.165283203125
4800,-1245.022705078125
4801,668.184326171875
4802,1398.12744140625
4803,-687.857421875
4804,-1218.3615722656252
4805,-364.57690429687506
4806,3335.7158203125
4807,1159.05078125
4808,-329.63232421875
4809,-336.71728515625
4810,750.482666015625
4811,1491.61474609375
4812,-417.28881835937494
4813,-235.611328125
4814,2523.90380859375
4815,1064.399169921875
4816,1497.4912109375
4817,2042.238525390625
4818,-381.064697265625
4819,833.303466796875
4820,1253.129638671875
4821,1836.77880859375
4822,-550.2392578125
4823,749.71533203125
4824,744.27685546875
4825,-23.534912109375
4826,38.9345703125
4827,138.869873046875
4828,636.548828125
4829,110.533447265625
4830,134.68701171875
4831,112.283447265625
4832,-21.260986328125
4833,-174.096923828125
4834,-660.3947753906249
4835,21.417236328125
4836,136.72705078125
4837,-1.4106445312499998
4838,-369.587646484375
4839,61.48754882812501
4840,155.255859375
4841,281.38330078125
4842,-634.7468261718749
4843,106.32080078125
4844,314.994140625
4845,383.65185546875
4846,245.58349609375
4847,-392.564697265625
4848,245.359130859375
4849,690.17041015625
4850,-1529.2421875000002
4851,-16.56494140625
4852,-1084.677490234375
4853,-525.22900390625
4854,2672.423095703125
4855,-1014.1865234374999
4856,-188.686279296875
4857,-399.336669921875
4858,2933.443115234375
4859,-431.28247070312494
4860,-1451.803955078125
4861,1510.34423828125
4862,-465.074462890625
4863,-66.632080078125
4864,1836.0612792968748
4865,2140.59228515625
4866,-475.593994140625
4867,-201.32226562499997
4868,-251.502197265625
4869,248.16186523437497
4870,-449.4228515625
4871,1278.155517578125
4872,5788.36767578125
4873,2469.62939453125
4874,-699.72119140625
4875,1307.671630859375
4876,5688.90087890625
4877,-258.39306640625
4878,2647.40185546875
4879,-343.728759765625
4880,-58.541015625
4881,-49.195556640625
4882,-906.6887207031251
4883,891.827392578125
4884,-234.55273437500003
4885,-63.7802734375
4886,601.173095703125
4887,205.199462890625
4888,680.661865234375
4889,-343.39135742187494
4890,-667.05908203125
4891,60.30224609375
4892,518.64013671875
4893,-422.48437499999994
4894,-731.13525390625
4895,90.328369140625
4896,494.90991210937506
4897,805.556884765625
4898,154.70043945312497
4899,-291.503173828125
4900,4235.687744140625
4901,1445.150390625
4902,239.2666015625
4903,-290.488525390625
4904,-1090.274658203125
4905,585.789794921875
4906,-656.910400390625
4907,1124.564208984375
4908,1451.916259765625
4909,765.413330078125
4910,-852.318603515625
4911,1132.775146484375
4912,1314.918212890625
4913,-31.468994140625
4914,-873.7080078125
4915,68.451171875
4916,198.45458984375
4917,892.480712890625
4918,-431.48193359375
4919,-103.536865234375
4920,412.116455078125
4921,829.6884765625
4922,821.155517578125
4923,-21.976318359375
4924,262.46728515625
4925,821.19775390625
4926,173.388427734375
4927,-1925.459228515625
4928,444.234619140625
4929,713.28662109375
4930,196.497802734375
4931,-137.6923828125
4932,-189.5771484375
4933,-644.3095703125
4934,1214.0751953125
4935,-416.91015625
4936,5514.857666015626
4937,-365.077392578125
4938,1134.6328125
4939,-251.44921875
4940,-305.061767578125
4941,-115.36181640625
4942,986.245849609375
4943,-1317.20361328125
4944,-697.082275390625
4945,92.87158203125
4946,456.986328125
4947,-1385.154052734375
4948,-715.022216796875
4949,2843.607177734375
4950,185.998779296875
4951,-153.0439453125
4952,871.4096679687501
4953,606.963623046875
4954,-679.33203125
4955,-177.08984375
4956,756.226318359375
4957,683.635009765625
4958,-175.250732421875
4959,-33.4052734375
4960,5593.5
4961,60.32080078125
4962,247.4892578125
4963,2260.37109375
4964,5039.062255859374
4965,342.374755859375
4966,44.533935546875
4967,-2235.00537109375
4968,5336.436279296874
4969,-208.80810546875
4970,-590.936279296875
4971,1456.0576171875
4972,550.263671875
4973,-732.052734375
4974,-597.1950683593751
4975,1573.270263671875
4976,-855.872314453125
4977,648.55615234375
4978,-63.939208984375
4979,-57.0400390625
4980,-475.207275390625
4981,-193.038818359375
4982,283.749267578125
4983,-70.0185546875
4984,-302.522705078125
4985,-1392.116943359375
4986,1958.684326171875
4987,480.68994140625
4988,-431.28369140625
4989,-682.86181640625
4990,93.741455078125
4991,-251.452392578125
4992,-477.574462890625
4993,-678.599609375
4994,420.4833984375
4995,-607.270751953125
4996,-148.51708984375
4997,-200.70654296875003
4998,721.101806640625
4999,-6.363037109374999
5000,-456.45068359375
5001,-160.433349609375
5002,528.741943359375
5003,463.3515625
5004,-546.7646484375
5005,-297.363037109375
5006,410.017822265625
5007,349.59228515625
5008,-208.372802734375
5009,630.61767578125
5010,507.759033203125
5011,526.5087890625
5012,-209.31396484375
5013,-281.995361328125
5014,898.289306640625
5015,40.42919921875
5016,-1424.890869140625
5017,289.427734375
5018,185.89501953125
5019,190.75170898437497
5020,-1354.24658203125
5021,638.412109375
5022,1605.912353515625
5023,347.567138671875
5024,170.247314453125
5025,576.267333984375
5026,232.30712890625
5027,388.3056640625
5028,-144.37451171875
5029,505.457763671875
5030,887.5776367187499
5031,-611.610595703125
5032,3107.649658203125
5033,4430.065673828125
5034,-1366.484619140625
5035,1810.4765625
5036,298.11181640625006
5037,4460.20849609375
5038,-1351.512939453125
5039,1628.089599609375
5040,6198.611083984375
5041,210.875244140625
5042,-390.32470703125
5043,1299.41455078125
5044,3010.4406738281245
5045,219.986083984375
5046,-311.113037109375
5047,1281.51220703125
5048,-286.754638671875
5049,81.03515625
5050,1427.16845703125
5051,1302.2919921875
5052,-41.82861328125
5053,456.299072265625
5054,-39.728271484375
5055,1312.185302734375
5056,-127.3330078125
5057,1586.60107421875
5058,-1395.3520507812502
5059,107.640625
5060,-74.5400390625
5061,-490.564697265625
5062,190.063232421875
5063,-59.298095703125
5064,-80.95068359375
5065,-660.245849609375
5066,-101.997802734375
5067,312.902099609375
5068,627.61279296875
5069,1045.438232421875
5070,-489.403076171875
5071,1725.389404296875
5072,916.111328125
5073,1012.47607421875
5074,-482.873291015625
5075,-590.857177734375
5076,524.5107421875
5077,-461.725830078125
5078,-13.954833984374998
5079,-642.0361328125
5080,-1685.4333496093748
5081,1735.429443359375
5082,-20.4873046875
5083,-560.16650390625
5084,-42.63745117187499
5085,-281.1728515625
5086,1203.4250488281252
5087,1082.3154296875
5088,1427.90478515625
5089,3571.946533203125
5090,-59.256347656249986
5091,842.9609375
5092,1473.565185546875
5093,-840.032958984375
5094,512.892822265625
5095,-1044.888427734375
5096,1206.42333984375
5097,943.3984375
5098,-2187.43212890625
5099,-631.906005859375
5100,1068.72216796875
5101,731.251708984375
5102,450.73876953125
5103,-698.998779296875
5104,145.365478515625
5105,62.35888671875
5106,333.734619140625
5107,1106.222412109375
5108,1047.966796875
5109,34.365478515625
5110,194.391357421875
5111,-553.6171875
5112,-488.091064453125
5113,160.60400390625003
5114,4539.776611328125
5115,4684.461181640625
5116,3206.4907226562505
5117,-350.046630859375
5118,4827.1416015625
5119,4668.779052734375
5120,-269.89306640625
5121,-324.434814453125
5122,192.664794921875
5123,498.0556640625
5124,529.973388671875
5125,836.832763671875
5126,277.623779296875
5127,594.939453125
5128,391.645263671875
5129,-196.038818359375
5130,154.85888671875
5131,-1110.0771484375
5132,-254.905029296875
5133,430.29199218749994
5134,-233.4755859375
5135,2124.91845703125
5136,-102.3095703125
5137,559.860107421875
5138,-245.24194335937503
5139,1162.81298828125
5140,-582.92919921875
5141,91.15673828125
5142,452.07080078125
5143,1058.30224609375
5144,-720.748779296875
5145,102.6923828125
5146,485.577880859375
5147,643.8693847656249
5148,737.154296875
5149,-357.226806640625
5150,460.27392578125
5151,-109.82958984375
5152,1249.403076171875
5153,-575.627197265625
5154,609.508056640625
5155,43.625
5156,158.03344726562503
5157,-690.488525390625
5158,1054.33251953125
5159,-1074.228271484375
5160,-2081.186767578125
5161,-141.8935546875
5162,-76.445556640625
5163,-1032.509521484375
5164,-2198.126220703125
5165,115.87841796875
5166,1143.512451171875
5167,-3.957275390625
5168,121.217529296875
5169,-82.01684570312499
5170,-153.2666015625
5171,-53.72607421875
5172,227.640869140625
5173,-80.14453125
5174,190.592529296875
5175,-39.730224609375
5176,-174.717041015625
5177,-391.908935546875
5178,188.087890625
5179,544.873046875
5180,-197.16064453125
5181,-185.706298828125
5182,73.025390625
5183,-194.070556640625
5184,-68.0576171875
5185,-130.49755859375
5186,1376.5341796875
5187,1681.6875
5188,60.80566406250001
5189,-375.598876953125
5190,1458.2485351562502
5191,1823.217529296875
5192,-998.225341796875
5193,1983.42138671875
5194,2545.043701171875
5195,-151.706298828125
5196,-24.279296875
5197,1266.05419921875
5198,2374.34375
5199,-305.24340820312506
5200,20.132080078125
5201,-2654.280029296875
5202,2829.750244140625
5203,-1.317138671875
5204,-412.35791015625
5205,-2.984375
5206,395.48437499999994
5207,-227.028564453125
5208,-131.796630859375
5209,-91.736083984375
5210,-774.7783203125
5211,48.26171875
5212,-889.125732421875
5213,1162.02294921875
5214,1213.71533203125
5215,827.444091796875
5216,-894.052490234375
5217,1121.55810546875
5218,1238.772705078125
5219,-28.791259765625
5220,-1048.603271484375
5221,-444.854736328125
5222,1017.78466796875
5223,1065.6474609375
5224,-857.21630859375
5225,-343.86669921875
5226,912.302001953125
5227,789.2214355468749
5228,-341.876708984375
5229,-378.584716796875
5230,-445.77978515625
5231,322.44677734375
5232,473.3037109375
5233,-280.16845703125
5234,-503.87939453125
5235,331.79296875
5236,694.877197265625
5237,1215.43115234375
5238,887.79638671875
5239,-204.070556640625
5240,595.2548828125
5241,649.859375
5242,-389.157958984375
5243,591.91357421875
5244,384.328369140625
5245,532.176025390625
5246,635.076171875
5247,-120.08886718750001
5248,88.416015625
5249,617.811767578125
5250,-595.15478515625
5251,737.5087890625
5252,-814.11181640625
5253,615.582275390625
5254,-653.489501953125
5255,707.59765625
5256,1388.832763671875
5257,-207.32177734375
5258,678.48583984375
5259,904.03564453125
5260,-535.3076171875
5261,-252.0107421875
5262,729.350830078125
5263,844.681884765625
5264,639.451171875
5265,-122.984130859375
5266,642.3564453125
5267,405.349853515625
5268,394.85888671875
5269,2.958740234375
5270,153.678466796875
5271,359.685302734375
5272,566.143310546875
5273,189.7255859375
5274,110.672607421875
5275,963.27783203125
5276,431.03173828125
5277,-67.987060546875
5278,533.3232421875
5279,-229.50488281249997
5280,512.943115234375
5281,-8.05029296875
5282,-250.9306640625
5283,1513.1435546875
5284,-78.53515625
5285,408.66943359375
5286,755.15771484375
5287,1164.331298828125
5288,15.105468750000002
5289,614.5195312499999
5290,736.424072265625
5291,-1083.88525390625
5292,506.870361328125
5293,-353.5625
5294,287.906982421875
5295,379.3671875
5296,1261.0810546875
5297,-726.5544433593751
5298,503.41650390625
5299,468.19091796875
5300,392.528076171875
5301,608.778076171875
5302,0.03466796875
5303,-391.357177734375
5304,113.933837890625
5305,10.04052734375
5306,4.05615234375
5307,-293.18798828125
5308,206.792236328125
5309,190.628662109375
5310,25.680419921875
5311,928.368896484375
5312,-1232.883056640625
5313,-1006.1379394531249
5314,-932.235595703125
5315,597.879638671875
5316,-1201.722412109375
5317,-1050.982666015625
5318,-116.62353515625
5319,1199.277099609375
5320,-855.561767578125
5321,925.348876953125
5322,870.06884765625
5323,572.626708984375
5324,-1102.54296875
5325,772.94580078125
5326,1079.7880859375
5327,905.11279296875
5328,-955.537841796875
5329,-2207.970458984375
5330,752.425048828125
5331,154.88720703125
5332,-839.716796875
5333,-1278.547119140625
5334,631.421630859375
5335,467.43310546874994
5336,2888.180908203125
5337,4680.086181640625
5338,-521.508544921875
5339,562.72216796875
5340,82.327880859375
5341,347.933837890625
5342,565.47509765625
5343,461.34423828125
5344,-27.26416015625
5345,234.867431640625
5346,458.15283203125
5347,1896.2421875000002
5348,-289.5634765625
5349,-787.12646484375
5350,-138.230712890625
5351,-189.68359375
5352,-287.024658203125
5353,-799.443603515625
5354,466.646240234375
5355,-510.20483398437506
5356,985.91552734375
5357,1281.556396484375
5358,-50.31591796875
5359,129.687255859375
5360,-357.620849609375
5361,1166.0576171875
5362,-29.0498046875
5363,825.58154296875
5364,-974.61865234375
5365,178.555419921875
5366,-985.877197265625
5367,-86.752197265625
5368,-950.343505859375
5369,1704.87939453125
5370,-1055.19677734375
5371,-261.8310546875
5372,435.58325195312506
5373,-4.1123046875
5374,189.955322265625
5375,-78.13525390625
5376,-164.459716796875
5377,35.1259765625
5378,132.4765625
5379,-34.970458984375
5380,43.617919921875
5381,200.894775390625
5382,-139.404296875
5383,61.64404296875
5384,1087.23388671875
5385,-137.141357421875
5386,-401.504638671875
5387,733.4912109375
5388,1115.342529296875
5389,-180.53759765625
5390,-935.572998046875
5391,1065.782470703125
5392,501.799560546875
5393,-476.443603515625
5394,145.26171875
5395,201.6923828125
5396,601.57861328125
5397,-186.61474609375
5398,28.827148437499996
5399,-1940.80712890625
5400,1778.917236328125
5401,-749.31591796875
5402,493.611572265625
5403,535.640869140625
5404,293.41650390625
5405,-737.306640625
5406,419.637939453125
5407,544.523681640625
5408,-1366.2695312499998
5409,-478.01293945312494
5410,737.283203125
5411,-80.90234375
5412,21.79248046875
5413,885.54052734375
5414,-166.72900390625003
5415,-37.703857421875
5416,89.744873046875
5417,-1217.6240234375
5418,2.055419921875
5419,-861.027587890625
5420,-560.358642578125
5421,95.966796875
5422,534.7529296875
5423,1659.814453125
5424,-470.94897460937494
5425,284.650634765625
5426,-313.5830078125
5427,52.133544921875
5428,-182.2626953125
5429,36.048583984375
5430,1271.825927734375
5431,441.6533203125
5432,16.2373046875
5433,67.678955078125
5434,1011.60009765625
5435,489.585205078125
5436,537.521728515625
5437,-1002.7802734375
5438,802.444091796875
5439,1056.6953125
5440,-1746.6064453125
5441,-1872.9306640625
5442,917.5068359374999
5443,1305.588134765625
5444,77.207275390625
5445,-1054.07568359375
5446,284.628662109375
5447,465.2861328125
5448,45.822021484375
5449,145.6748046875
5450,227.540283203125
5451,248.0576171875
5452,-148.10009765625
5453,-304.341064453125
5454,444.851318359375
5455,-506.021240234375
5456,1974.9990234375002
5457,228.899658203125
5458,666.117431640625
5459,486.111572265625
5460,1858.92041015625
5461,127.4794921875
5462,144.987060546875
5463,-332.31420898437494
5464,3571.3623046875
5465,-244.079345703125
5466,-108.82055664062497
5467,243.78369140624997
5468,3641.345703125
5469,-44.724609374999986
5470,-175.091064453125
5471,1123.7890625
5472,4007.6484375
5473,-221.515380859375
5474,531.56787109375
5475,-410.605712890625
5476,848.571044921875
5477,1058.13818359375
5478,551.7353515625
5479,-182.320068359375
5480,-113.888427734375
5481,-424.863525390625
5482,2740.837646484375
5483,1094.332275390625
5484,-1416.531982421875
5485,983.213134765625
5486,2880.687255859375
5487,1063.642822265625
5488,-1626.481689453125
5489,-847.6005859375
5490,-1155.0234375
5491,-599.56298828125
5492,388.185546875
5493,291.713134765625
5494,-1326.57666015625
5495,99.961669921875
5496,395.38500976562494
5497,135.60009765625
5498,375.170654296875
5499,-583.419677734375
5500,92.150146484375
5501,-872.753662109375
5502,2.306640625
5503,327.791015625
5504,-456.57861328125
5505,-691.302490234375
5506,22.130615234375
5507,67.013671875
5508,34.24609375
5509,304.379150390625
5510,71.559814453125
5511,-1003.87548828125
5512,145.257080078125
5513,-834.051025390625
5514,60.574462890625
5515,-1025.88525390625
5516,-74.275634765625
5517,490.446044921875
5518,-16.64794921875
5519,-130.651123046875
5520,507.00146484375
5521,98.9658203125
5522,81.806396484375
5523,-157.47314453125
5524,288.3330078125
5525,704.744140625
5526,-142.654052734375
5527,97.21069335937501
5528,429.05419921875006
5529,298.84765625
5530,1118.081298828125
5531,-72.94140625
5532,485.707763671875
5533,379.18994140625
5534,-904.504638671875
5535,31.32568359375
5536,3251.783935546875
5537,-766.010498046875
5538,-967.128173828125
5539,-1961.50048828125
5540,3566.716552734375
5541,-936.403564453125
5542,-830.405517578125
5543,562.47216796875
5544,2770.3388671875
5545,930.784423828125
5546,213.71655273437497
5547,170.86181640625
5548,2450.22509765625
5549,622.501220703125
5550,-31.1123046875
5551,165.509521484375
5552,-763.3081054687499
5553,627.15283203125
5554,-659.732666015625
5555,383.844482421875
5556,282.132080078125
5557,-29.83544921875
5558,-464.947265625
5559,676.487548828125
5560,394.772705078125
5561,-374.5986328125
5562,-439.654541015625
5563,935.0751953125
5564,1212.73193359375
5565,-634.691162109375
5566,99.13037109375
5567,204.895263671875
5568,1199.3964843750002
5569,-634.6513671875
5570,224.521240234375
5571,33.842529296875
5572,-568.947509765625
5573,210.331298828125
5574,961.09130859375
5575,-610.661865234375
5576,-18.257080078125
5577,-114.25634765625
5578,891.575439453125
5579,-130.50634765625
5580,-121.515380859375
5581,-305.93579101562506
5582,277.435302734375
5583,664.10400390625
5584,-125.931396484375
5585,75.3798828125
5586,172.623779296875
5587,527.69384765625
5588,998.626220703125
5589,353.95361328125
5590,136.950439453125
5591,-361.21801757812494
5592,-349.291015625
5593,-1038.27490234375
5594,-114.1318359375
5595,-337.761474609375
5596,-432.997314453125
5597,140.510986328125
5598,-120.662353515625
5599,1829.39306640625
5600,-173.402587890625
5601,-94.48632812500001
5602,1204.813720703125
5603,723.057861328125
5604,47.95947265625
5605,-39.63525390625
5606,-82.435791015625
5607,2078.9501953125
5608,-720.20849609375
5609,1625.0390624999998
5610,1530.930419921875
5611,-743.857666015625
5612,-784.483154296875
5613,1430.09912109375
5614,1500.943359375
5615,-419.90234375
5616,-396.324951171875
5617,-277.933349609375
5618,367.18603515625
5619,-128.25244140625
5620,-486.59594726562506
5621,57.250732421875
5622,461.290771484375
5623,-90.52490234374999
5624,1010.677490234375
5625,-521.74072265625
5626,481.45654296875
5627,-64.585205078125
5628,-421.28662109375
5629,361.426513671875
5630,456.93359375
5631,-41.512939453125
5632,-244.092529296875
5633,-962.883056640625
5634,350.67138671875
5635,-260.263916015625
5636,287.224853515625
5637,332.5205078125
5638,-487.304443359375
5639,-239.739990234375
5640,442.87109375
5641,363.44580078124994
5642,433.165283203125
5643,-28.26318359375
5644,698.3461914062499
5645,379.995361328125
5646,27.53125
5647,2641.7211914062505
5648,2863.208251953125
5649,286.047607421875
5650,-179.79956054687503
5651,-1118.154052734375
5652,-951.208984375
5653,755.904052734375
5654,-1522.53271484375
5655,-1306.397705078125
5656,254.09130859375003
5657,753.8330078125
5658,-1702.650634765625
5659,-1058.86572265625
5660,825.81005859375
5661,567.068359375
5662,403.131591796875
5663,483.951904296875
5664,352.899169921875
5665,202.28686523437497
5666,275.04931640625
5667,304.377197265625
5668,282.90673828125
5669,26.73681640625
5670,-367.0859375
5671,164.482666015625
5672,-120.18823242187501
5673,-673.76708984375
5674,81.7939453125
5675,52.1171875
5676,-279.352783203125
5677,-586.930908203125
5678,2787.488525390625
5679,-580.6728515625
5680,1208.09716796875
5681,2596.944580078125
5682,19.679443359375
5683,2631.04736328125
5684,-154.79833984375
5685,2289.0498046875
5686,150.53759765625
5687,-71.52197265625
5688,-294.3759765625
5689,1688.149169921875
5690,-647.73388671875
5691,-494.1142578125
5692,4198.625244140625
5693,1703.70947265625
5694,-716.82421875
5695,-387.0244140625
5696,650.933349609375
5697,1525.070556640625
5698,241.3154296875
5699,431.34814453125
5700,474.516845703125
5701,1539.5444335937502
5702,851.78369140625
5703,157.824462890625
5704,573.512451171875
5705,-1091.750732421875
5706,1045.975830078125
5707,-247.4677734375
5708,668.786865234375
5709,555.04541015625
5710,-104.607177734375
5711,-601.96533203125
5712,871.47216796875
5713,476.22607421875
5714,174.746337890625
5715,128.453125
5716,652.2744140625
5717,1492.0849609375
5718,-195.814453125
5719,105.027587890625
5720,1227.5888671875002
5721,1409.986083984375
5722,-145.96240234375
5723,5616.671874999999
5724,-793.548828125
5725,-1635.65966796875
5726,1467.5556640625
5727,1890.96240234375
5728,-443.338134765625
5729,-1249.763427734375
5730,1549.853271484375
5731,1815.308837890625
5732,1907.0
5733,-930.96240234375
5734,1043.02099609375
5735,1973.390625
5736,-544.922607421875
5737,835.53369140625
5738,351.7451171875
5739,2105.972900390625
5740,-538.314697265625
5741,1121.922607421875
5742,3404.548095703125
5743,-372.611572265625
5744,2733.9033203125
5745,1000.79150390625
5746,-74.0673828125
5747,498.357177734375
5748,2779.5693359375
5749,1165.19580078125
5750,-1817.382080078125
5751,-97.91796874999999
5752,1482.812255859375
5753,-348.971435546875
5754,-288.70556640625
5755,539.0830078125
5756,1189.8129882812502
5757,-289.660400390625
5758,-425.970703125
5759,2875.966552734375
5760,1329.315673828125
5761,-423.17724609375
5762,884.0195312499999
5763,371.83740234375
5764,957.587890625
5765,-805.857666015625
5766,906.071533203125
5767,467.704345703125
5768,-192.264892578125
5769,257.394775390625
5770,4500.644287109375
5771,-983.005615234375
5772,-1191.130615234375
5773,1831.890869140625
5774,4430.85400390625
5775,-1062.412109375
5776,-1145.1123046875
5777,-1545.141845703125
5778,4509.20703125
5779,1371.70947265625
5780,-671.74560546875
5781,-599.141845703125
5782,427.194091796875
5783,1226.302490234375
5784,-526.890869140625
5785,-683.90625
5786,-1352.2441406249998
5787,1324.7119140625
5788,2751.86279296875
5789,-586.306396484375
5790,-1065.435546875
5791,900.993896484375
5792,3181.5810546875
5793,-835.591064453125
5794,-1036.6982421875
5795,1648.61279296875
5796,2418.6755371093755
5797,-7.127685546875
5798,63.674560546875
5799,735.9814453124999
5800,21.176025390625
5801,247.27734374999997
5802,-170.16162109375
5803,898.89990234375
5804,105.158447265625
5805,-170.595458984375
5806,97.81298828125
5807,569.073974609375
5808,348.2880859375
5809,627.308837890625
5810,123.224365234375
5811,727.65185546875
5812,298.27685546875
5813,-187.321044921875
5814,-26.78759765625
5815,-289.474365234375
5816,336.865234375
5817,1555.7216796875
5818,-456.886474609375
5819,-322.70654296875
5820,83.745849609375
5821,1613.510498046875
5822,312.900146484375
5823,402.862060546875
5824,-813.703857421875
5825,762.643310546875
5826,668.96484375
5827,397.687744140625
5828,551.576171875
5829,680.8896484375
5830,598.15869140625
5831,-491.578125
5832,-638.77880859375
5833,366.25634765625
5834,296.69091796875
5835,-1022.1884765625
5836,311.911865234375
5837,-226.812744140625
5838,147.92822265625
5839,-1073.919921875
5840,48.08129882812501
5841,407.620361328125
5842,-1261.4814453125
5843,1514.3552246093752
5844,1554.829345703125
5845,-2473.183837890625
5846,-1494.852783203125
5847,1360.6257324218748
5848,1724.27490234375
5849,-55.089599609375
5850,-1102.43115234375
5851,-446.88134765625006
5852,672.28466796875
5853,159.281494140625
5854,-185.00781250000003
5855,623.799560546875
5856,515.349853515625
5857,56.68945312500001
5858,-1013.832763671875
5859,2174.636474609375
5860,-327.07861328125
5861,107.191162109375
5862,11.796630859375
5863,1093.135986328125
5864,-56.87548828125
5865,-108.791748046875
5866,-238.619873046875
5867,-389.049560546875
5868,-821.230712890625
5869,248.741455078125
5870,763.978515625
5871,520.34619140625
5872,620.869140625
5873,1097.779296875
5874,937.0607910156251
5875,574.37744140625
5876,333.191650390625
5877,-9.340576171875
5878,1159.556396484375
5879,204.62841796875
5880,-220.20068359375
5881,-119.70654296875
5882,-200.60083007812503
5883,100.743896484375
5884,-348.169189453125
5885,3410.3962402343745
5886,3287.314697265625
5887,681.2404785156249
5888,-337.42138671875
5889,98.16430664062499
5890,1199.712890625
5891,-365.47705078125
5892,-336.447265625
5893,68.99609375
5894,558.201171875
5895,1239.869384765625
5896,-94.1474609375
5897,905.037353515625
5898,266.4482421875
5899,1075.1806640625
5900,-32.6865234375
5901,694.307373046875
5902,287.32568359375
5903,-249.049072265625
5904,200.87939453125
5905,835.0344238281251
5906,-1431.720458984375
5907,-692.52783203125
5908,-1504.511474609375
5909,-76.284912109375
5910,-1436.690673828125
5911,-561.984130859375
5912,280.6767578125
5913,863.34228515625
5914,-768.303466796875
5915,-948.953857421875
5916,1141.4912109375
5917,917.375244140625
5918,-999.443359375
5919,-933.2783203125
5920,1293.931884765625
5921,-413.769775390625
5922,230.9833984375
5923,-231.9443359375
5924,177.7041015625
5925,89.344970703125
5926,267.918701171875
5927,-62.841552734375
5928,342.11328125
5929,174.233154296875
5930,-339.02783203125
5931,-185.961669921875
5932,639.1052246093751
5933,-310.913818359375
5934,-122.231689453125
5935,92.2451171875
5936,653.45068359375
5937,-379.87817382812506
5938,-203.24462890625
5939,1634.1691894531252
5940,445.646728515625
5941,6245.3349609375
5942,-865.5839843749999
5943,436.991943359375
5944,2207.6708984375
5945,5557.770263671875
5946,-670.79736328125
5947,451.14453124999994
5948,-2101.79833984375
5949,5132.7802734375
5950,-28.51171875
5951,-111.214111328125
5952,331.66650390625
5953,44.44482421875
5954,213.35205078125
5955,-133.3486328125
5956,397.936767578125
5957,130.226318359375
5958,265.5048828125
5959,-369.2685546875
5960,-28.447509765625
5961,1027.745849609375
5962,605.427734375
5963,611.44921875
5964,96.9794921875
5965,870.730712890625
5966,66.860107421875
5967,-107.550048828125
5968,-286.03125
5969,247.88305664062497
5970,483.667236328125
5971,130.4365234375
5972,-347.803955078125
5973,329.04443359375
5974,579.25732421875
5975,-95.4296875
5976,-214.4404296875
5977,-1243.02197265625
5978,6027.39013671875
5979,6026.39111328125
5980,-638.1494140625
5981,-958.7023925781249
5982,6440.09814453125
5983,6312.271240234374
5984,4661.345458984375
5985,-1209.085693359375
5986,5991.14013671875
5987,-1715.0478515625
5988,-755.37646484375
5989,-2371.711181640625
5990,4132.2568359375
5991,-1519.757080078125
5992,-687.77685546875
5993,2158.268310546875
5994,3651.6323242187505
5995,-958.2499999999999
5996,1044.92822265625
5997,1130.670654296875
5998,-2245.257080078125
5999,-1264.813720703125
6000,1219.614990234375
6001,1081.367919921875
6002,285.47705078125
6003,-961.1052246093751
6004,-213.20263671875
6005,1390.31689453125
6006,1328.4921875
6007,-602.72705078125
6008,126.75561523437499
6009,1274.6640625
6010,1336.5495605468748
6011,-304.1806640625
6012,-157.134033203125
6013,643.7353515625
6014,-164.06689453125
6015,87.970947265625
6016,-397.856201171875
6017,598.5766601562501
6018,-26.132812499999996
6019,-147.742919921875
6020,809.589111328125
6021,627.6259765625
6022,-128.836669921875
6023,437.3759765625
6024,-1088.0673828125
6025,-757.249267578125
6026,807.07568359375
6027,379.322265625
6028,-860.443359375
6029,558.7685546875
6030,-683.392333984375
6031,44.221923828125
6032,294.292724609375
6033,-3.165283203125
6034,-141.2626953125
6035,131.951171875
6036,373.310302734375
6037,45.5205078125
6038,27.488525390625
6039,-23.185302734374996
6040,-234.60302734375
6041,129.83154296875
6042,6.349609375000001
6043,-1424.25732421875
6044,1780.94970703125
6045,30.134033203124996
6046,-75.009765625
6047,-425.15991210937506
6048,619.793212890625
6049,-3.091552734375
6050,-469.11376953125
6051,-489.3779296875
6052,152.204345703125
6053,703.43115234375
6054,-599.931396484375
6055,-382.05224609375
6056,245.841064453125
6057,230.828857421875
6058,-1080.787841796875
6059,-302.488525390625
6060,919.90234375
6061,257.358154296875
6062,1177.826171875
6063,-495.472900390625
6064,945.66943359375
6065,-499.88037109375
6066,-315.7314453125
6067,2123.816162109375
6068,2633.5419921875
6069,-137.552001953125
6070,915.07861328125
6071,627.717529296875
6072,2508.3515625
6073,-348.482421875
6074,5309.5068359375
6075,5611.88623046875
6076,-445.764404296875
6077,-667.04833984375
6078,-480.531005859375
6079,1245.706298828125
6080,-391.17944335937506
6081,-514.91943359375
6082,-618.30908203125
6083,-839.7431640625
6084,-295.23388671875006
6085,54.27929687499999
6086,802.385498046875
6087,1636.916015625
6088,610.82958984375
6089,1003.59912109375
6090,1007.48876953125
6091,1642.4296875
6092,-712.3811035156251
6093,-327.113525390625
6094,-571.823974609375
6095,2075.414306640625
6096,2267.1259765625
6097,45.48291015625
6098,127.39208984375
6099,1892.8308105468748
6100,2307.946533203125
6101,1853.031005859375
6102,-357.45556640625
6103,9.13427734375
6104,545.364501953125
6105,-778.848876953125
6106,1047.83349609375
6107,839.0925292968751
6108,671.73486328125
6109,-712.847412109375
6110,-559.1845703125
6111,-1178.644775390625
6112,433.25244140625
6113,-860.211669921875
6114,282.42529296875
6115,59.518310546875
6116,913.1306152343751
6117,-717.5888671875
6118,316.364013671875
6119,-1438.61474609375
6120,-1096.59375
6121,1114.92626953125
6122,563.709228515625
6123,-1030.2705078125
6124,-240.901123046875
6125,3012.001708984375
6126,493.889892578125
6127,-1024.720947265625
6128,-229.638916015625
6129,702.8740234375
6130,33.552490234375
6131,296.37158203125
6132,182.811767578125
6133,-795.348388671875
6134,364.7890625
6135,119.301513671875
6136,-50.4462890625
6137,731.130859375
6138,-366.72436523437494
6139,-441.79248046875
6140,2769.427978515625
6141,1885.7768554687498
6142,910.784423828125
6143,-280.127685546875
6144,3020.668701171875
6145,1943.0148925781252
6146,1698.669189453125
6147,-634.072509765625
6148,-1372.537109375
6149,1254.3044433593752
6150,1732.19091796875
6151,-356.902587890625
6152,-1744.785400390625
6153,1402.05419921875
6154,1676.7927246093748
6155,906.68115234375
6156,-1421.408935546875
6157,100.33056640625
6158,-460.400146484375
6159,-125.939453125
6160,-788.546875
6161,246.947998046875
6162,-352.408447265625
6163,-219.973876953125
6164,1218.51953125
6165,271.577392578125
6166,1958.521240234375
6167,-693.163818359375
6168,-748.0280761718751
6169,571.7392578125
6170,1912.3486328125
6171,-789.852294921875
6172,-754.167236328125
6173,3627.1594238281245
6174,1758.50048828125
6175,961.270751953125
6176,-817.946044921875
6177,-506.10205078125
6178,-112.46557617187499
6179,935.504150390625
6180,-880.031494140625
6181,-560.01171875
6182,-895.7421875
6183,1242.850341796875
6184,1056.03125
6185,-61.779541015625
6186,-458.34643554687494
6187,1145.59765625
6188,713.807373046875
6189,-245.65283203125
6190,-529.38720703125
6191,-818.65283203125
6192,717.800048828125
6193,87.10888671875
6194,-14.250488281250002
6195,-408.684814453125
6196,721.18896484375
6197,-410.2880859375
6198,-13.312744140625
6199,-450.01245117187506
6200,101.457275390625
6201,-163.933837890625
6202,-456.78955078125
6203,-196.153564453125
6204,102.298095703125
6205,-633.78564453125
6206,4758.442626953125
6207,-163.119873046875
6208,152.067138671875
6209,-2518.9047851562495
6210,1186.861572265625
6211,-267.2421875
6212,77.33251953125001
6213,-268.740966796875
6214,-519.3447265625
6215,475.72265625
6216,316.96044921875
6217,-364.766845703125
6218,527.41064453125
6219,900.402587890625
6220,334.7734375
6221,409.317138671875
6222,-167.201171875
6223,742.950927734375
6224,613.461181640625
6225,114.328369140625
6226,-98.078125
6227,-431.30151367187494
6228,174.0830078125
6229,14.575927734375
6230,28.914062499999996
6231,-185.978515625
6232,-581.150634765625
6233,131.32470703125
6234,81.06982421875
6235,-50.93701171875
6236,0.03173828125
6237,1068.174072265625
6238,-920.521484375
6239,1724.311767578125
6240,1201.320556640625
6241,19.88623046875
6242,-1965.829345703125
6243,1799.88671875
6244,1376.511474609375
6245,1818.995361328125
6246,-966.225341796875
6247,-154.103759765625
6248,211.464599609375
6249,543.084716796875
6250,-559.97314453125
6251,125.94921875
6252,252.3974609375
6253,303.92578125
6254,653.644775390625
6255,-386.14404296875006
6256,1833.385986328125
6257,464.5732421875
6258,-1818.2099609375
6259,422.00830078125
6260,747.22119140625
6261,435.058349609375
6262,-1610.255615234375
6263,-672.053955078125
6264,424.786376953125
6265,40.460205078125
6266,-35.479248046875
6267,-14.937744140625
6268,294.0517578125
6269,160.76611328125
6270,285.66015625
6271,-251.238525390625
6272,153.612548828125
6273,-255.2666015625
6274,610.1923828125
6275,1151.31103515625
6276,385.1923828125
6277,91.324951171875
6278,1180.26611328125
6279,1093.956298828125
6280,377.447998046875
6281,127.685302734375
6282,13.874267578125
6283,158.826171875
6284,229.048828125
6285,207.98876953125003
6286,85.279052734375
6287,-554.77978515625
6288,92.24853515625
6289,282.27294921875
6290,806.590576171875
6291,546.318603515625
6292,-1171.24853515625
6293,-197.354736328125
6294,1334.516357421875
6295,7.4619140625
6296,138.868896484375
6297,-70.40234375
6298,1080.61865234375
6299,90.5
6300,-459.867431640625
6301,-303.17822265625
6302,-680.037841796875
6303,-512.355712890625
6304,848.630126953125
6305,-183.696044921875
6306,-421.058349609375
6307,-420.357666015625
6308,-1297.852294921875
6309,-454.91674804687494
6310,-1224.078369140625
6311,976.094482421875
6312,606.300537109375
6313,1370.65966796875
6314,-1289.9958496093752
6315,762.736572265625
6316,737.705322265625
6317,402.411865234375
6318,-1215.242431640625
6319,86.43310546875
6320,902.39306640625
6321,-29.975830078125
6322,753.161376953125
6323,659.6787109375
6324,956.5417480468749
6325,55.64794921875
6326,-756.8203125
6327,-859.453857421875
6328,843.43310546875
6329,1184.802490234375
6330,-1035.753662109375
6331,512.985595703125
6332,475.09765625
6333,844.02783203125
6334,-1114.888916015625
6335,2020.49755859375
6336,1584.876220703125
6337,-664.512451171875
6338,35.98291015625
6339,472.65991210937506
6340,763.5966796874999
6341,-388.287109375
6342,107.220703125
6343,599.962158203125
6344,173.814697265625
6345,30.681396484375
6346,767.03076171875
6347,-239.5068359375
6348,-320.65087890624994
6349,-227.5341796875
6350,963.56884765625
6351,-168.8193359375
6352,-507.967041015625
6353,3005.81787109375
6354,392.7490234375
6355,-41.97875976562501
6356,240.41943359375
6357,475.48779296875
6358,132.437255859375
6359,135.602294921875
6360,371.981201171875
6361,246.024658203125
6362,384.420166015625
6363,88.92065429687501
6364,2896.348876953125
6365,446.73095703125
6366,-719.094482421875
6367,213.055419921875
6368,4699.12255859375
6369,477.45947265625
6370,-638.19677734375
6371,1005.285400390625
6372,3493.754638671875
6373,1297.1259765625
6374,511.393310546875
6375,-331.06884765625
6376,1336.848388671875
6377,2479.8266601562505
6378,709.45849609375
6379,-485.974609375
6380,156.423095703125
6381,613.70361328125
6382,294.219482421875
6383,-738.251953125
6384,120.60546875
6385,-95.388427734375
6386,258.55908203125
6387,-782.201171875
6388,125.80419921875
6389,-170.37670898437497
6390,1919.344970703125
6391,118.926513671875
6392,110.96533203125
6393,734.918212890625
6394,424.629150390625
6395,-36.29150390625
6396,245.498046875
6397,1011.0681152343749
6398,-936.0766601562501
6399,-339.687255859375
6400,66.5634765625
6401,-214.27783203125
6402,-198.279541015625
6403,-127.4345703125
6404,611.541259765625
6405,-494.412109375
6406,-523.059814453125
6407,68.753662109375
6408,519.66015625
6409,-458.772705078125
6410,568.2734375
6411,578.645263671875
6412,-237.951416015625
6413,656.400390625
6414,806.140380859375
6415,542.48095703125
6416,174.560546875
6417,-1324.782470703125
6418,1178.39404296875
6419,-310.8701171875
6420,-187.122802734375
6421,-800.3969726562501
6422,1087.97021484375
6423,-294.331298828125
6424,-446.264404296875
6425,121.360595703125
6426,774.0122070312501
6427,660.73974609375
6428,-681.7197265625
6429,-542.74072265625
6430,724.112060546875
6431,-515.238525390625
6432,-456.831298828125
6433,-557.049072265625
6434,244.89575195312503
6435,955.141845703125
6436,631.4255371093751
6437,-521.232666015625
6438,-387.535888671875
6439,-230.98193359375
6440,487.9384765625
6441,-465.443115234375
6442,-307.579833984375
6443,-298.975341796875
6444,1703.4375
6445,-228.51220703125
6446,-423.661865234375
6447,734.315185546875
6448,-225.618896484375
6449,-303.65722656249994
6450,-307.4287109375
6451,968.467041015625
6452,100.21630859375
6453,112.260009765625
6454,-27.297607421875
6455,-521.602783203125
6456,-566.586669921875
6457,51.873291015625
6458,-10.878662109375
6459,-443.872802734375
6460,-463.337158203125
6461,-162.5361328125
6462,-263.329345703125
6463,-353.30517578125
6464,-225.65551757812497
6465,64.217041015625
6466,1030.1552734375
6467,301.9228515625
6468,-162.7890625
6469,64.569580078125
6470,-549.88232421875
6471,90.764892578125
6472,-105.769287109375
6473,-717.987060546875
6474,-435.22436523437494
6475,554.467529296875
6476,1688.0966796875
6477,-871.208251953125
6478,-480.14770507812494
6479,-21.55078125
6480,-155.8515625
6481,2632.515380859375
6482,2625.475830078125
6483,-680.9306640625
6484,-211.112060546875
6485,-729.78125
6486,3052.50048828125
6487,-562.035888671875
6488,3090.07275390625
6489,2873.902099609375
6490,1443.823486328125
6491,2769.539794921875
6492,617.6669921875
6493,1378.7255859375
6494,1707.29736328125
6495,2561.10888671875
6496,754.6601562500001
6497,1244.895263671875
6498,633.17822265625
6499,375.748291015625
6500,2216.359375
6501,87.16430664062499
6502,697.131103515625
6503,-734.616943359375
6504,2259.248291015625
6505,51.42749023437499
6506,671.28466796875
6507,1730.82470703125
6508,408.633056640625
6509,406.141845703125
6510,42.07568359375001
6511,249.041748046875
6512,156.26171875
6513,288.222900390625
6514,-28.375
6515,306.27685546875
6516,-527.937744140625
6517,-771.3046875
6518,-252.538330078125
6519,-363.848388671875
6520,-296.661865234375
6521,-478.81738281249994
6522,-504.559814453125
6523,-322.60229492187506
6524,601.717529296875
6525,-582.816162109375
6526,-1041.290771484375
6527,-298.70556640625
6528,-17.9716796875
6529,1291.7216796875
6530,1014.21142578125
6531,-418.263916015625
6532,-147.146728515625
6533,-888.5791015625
6534,-501.9814453125
6535,406.223388671875
6536,-281.877685546875
6537,-192.32543945312497
6538,-945.918212890625
6539,898.4995117187501
6540,-215.7265625
6541,-368.10278320312494
6542,-366.729736328125
6543,826.4833984375
6544,1193.15234375
6545,-1351.2390136718752
6546,-1726.32421875
6547,740.289306640625
6548,1833.64892578125
6549,-1323.639404296875
6550,-1506.167724609375
6551,-1082.31640625
6552,3139.84765625
6553,-1687.789794921875
6554,-425.3056640625
6555,2076.22265625
6556,136.454345703125
6557,-156.501953125
6558,-348.439697265625
6559,1938.131591796875
6560,460.49658203125006
6561,-873.97705078125
6562,-226.54003906250003
6563,500.188232421875
6564,1427.41357421875
6565,-919.89306640625
6566,-440.20800781250006
6567,631.9868164062501
6568,1284.671875
6569,210.76513671875
6570,-471.014892578125
6571,-333.98583984375
6572,841.51513671875
6573,306.73193359375
6574,184.992431640625
6575,-203.63305664062497
6576,700.491455078125
6577,537.64501953125
6578,0.261474609375
6579,-433.29345703125
6580,286.5380859375
6581,1013.0935058593749
6582,-1064.807861328125
6583,-83.44189453125
6584,-153.935302734375
6585,968.129150390625
6586,-954.791015625
6587,-277.910400390625
6588,51.796142578125
6589,-570.4384765625
6590,1234.4189453125
6591,515.90234375
6592,-368.543212890625
6593,-158.3935546875
6594,1197.588134765625
6595,376.79150390625006
6596,-885.95458984375
6597,-404.395751953125
6598,814.99609375
6599,-258.577392578125
6600,58.56103515625
6601,2291.112548828125
6602,515.4677734375
6603,-56.603515625
6604,14.33935546875
6605,355.90625
6606,1029.83203125
6607,670.822265625
6608,961.828857421875
6609,-80.607177734375
6610,1662.60498046875
6611,1912.7099609375
6612,789.173095703125
6613,-148.166748046875
6614,-679.055419921875
6615,-813.239013671875
6616,52.957275390625
6617,-232.38818359375
6618,457.731689453125
6619,-49.63183593749999
6620,277.6083984375
6621,-43.08056640624999
6622,689.466064453125
6623,71.684814453125
6624,140.06396484375
6625,-2145.07080078125
6626,349.90576171875
6627,1166.8173828125
6628,1290.061767578125
6629,-750.353271484375
6630,332.432861328125
6631,1278.43994140625
6632,41.293212890625
6633,-873.0004882812499
6634,1998.056640625
6635,-284.110107421875
6636,-572.209228515625
6637,-182.480224609375
6638,1136.346923828125
6639,-274.53125
6640,-466.52978515625
6641,-1534.55126953125
6642,495.657958984375
6643,-212.328857421875
6644,-429.09008789062494
6645,670.5546875
6646,-848.5671386718751
6647,-697.375244140625
6648,-628.016845703125
6649,620.353759765625
6650,-432.177001953125
6651,-353.355712890625
6652,65.218505859375
6653,-238.560302734375
6654,-386.9140625
6655,-84.174072265625
6656,-176.71337890625
6657,-414.109619140625
6658,-545.0625
6659,125.900146484375
6660,-137.225830078125
6661,2549.921142578125
6662,-2142.016357421875
6663,-3130.6630859375
6664,-61.869140625
6665,2661.0285644531255
6666,-2213.681884765625
6667,-3195.370361328125
6668,1095.799560546875
6669,3362.9841308593745
6670,-507.96923828125
6671,-427.85229492187506
6672,-452.96630859375
6673,324.52880859375006
6674,-780.245361328125
6675,-190.886474609375
6676,-371.994873046875
6677,-380.8232421875
6678,-132.476806640625
6679,2039.015869140625
6680,-794.93310546875
6681,-858.235107421875
6682,4633.63720703125
6683,2065.68505859375
6684,-767.877685546875
6685,-860.037109375
6686,597.025146484375
6687,1800.6015625000002
6688,1388.3505859375
6689,-185.04833984375
6690,-590.29541015625
6691,4749.862060546875
6692,1337.1755371093752
6693,-212.578857421875
6694,-549.52099609375
6695,155.53027343750003
6696,1565.0283203125
6697,1211.49658203125
6698,-94.903564453125
6699,-105.31323242187501
6700,4463.57861328125
6701,1179.517822265625
6702,-293.0458984375
6703,-136.7158203125
6704,-9.12255859375
6705,1202.972900390625
6706,102.592529296875
6707,-1228.47216796875
6708,-1222.728515625
6709,-423.89208984375
6710,819.5615234375
6711,-1279.255859375
6712,-1423.804443359375
6713,-70.023193359375
6714,318.36865234374994
6715,-682.55224609375
6716,-778.3525390625001
6717,-145.7265625
6718,870.980712890625
6719,1482.541748046875
6720,-525.8251953125
6721,-145.33349609375
6722,396.025146484375
6723,-435.7685546875
6724,330.754638671875
6725,59.080810546875
6726,-290.3681640625
6727,-354.38769531250006
6728,61.686767578125
6729,247.214111328125
6730,-233.601318359375
6731,0.7370605468750001
6732,187.07080078125
6733,-664.58056640625
6734,-654.341796875
6735,825.3125
6736,922.890380859375
6737,892.744873046875
6738,-499.400146484375
6739,717.635498046875
6740,413.09643554687494
6741,449.813232421875
6742,415.53515625000006
6743,-585.796142578125
6744,-315.52294921875
6745,-627.583251953125
6746,1100.209228515625
6747,-517.80615234375
6748,-494.03857421875
6749,-31.3095703125
6750,35.70263671875
6751,1370.69921875
6752,-14.7939453125
6753,-904.18896484375
6754,4758.485107421875
6755,1351.929931640625
6756,22.937744140625
6757,-851.72021484375
6758,116.181640625
6759,966.54833984375
6760,1168.536865234375
6761,-273.74267578125
6762,941.8232421875
6763,246.81640625
6764,2261.504150390625
6765,-123.76611328125
6766,798.255859375
6767,335.21484374999994
6768,-184.58642578125
6769,603.826416015625
6770,271.956787109375
6771,48.474365234375
6772,186.617431640625
6773,239.98681640625
6774,399.1015625
6775,151.066650390625
6776,441.9658203125
6777,366.5830078125
6778,262.156005859375
6779,560.9033203125
6780,-135.24462890625
6781,-315.07421875
6782,-659.560546875
6783,712.2509765625
6784,18.28564453125
6785,412.87841796875
6786,807.6455078125
6787,-252.654541015625
6788,1391.1374511718752
6789,1002.46728515625
6790,366.25830078125
6791,-422.14892578125
6792,1290.586669921875
6793,1118.310546875
6794,528.54345703125
6795,-199.718994140625
6796,-694.764892578125
6797,3181.582763671875
6798,3830.137451171875
6799,-193.72802734375
6800,-318.01904296875
6801,3382.74072265625
6802,3858.9555664062495
6803,1068.9990234375
6804,1561.74267578125
6805,-86.1669921875
6806,1270.0275878906252
6807,192.236083984375
6808,-452.428955078125
6809,-279.735595703125
6810,1247.5859375
6811,71.27001953125
6812,89.92871093749999
6813,-9.1044921875
6814,-1617.682373046875
6815,1940.852294921875
6816,3274.982421875
6817,-1379.6572265625
6818,-1264.0478515625
6819,2068.542236328125
6820,3195.4584960937495
6821,1781.0537109375
6822,-2517.548095703125
6823,388.14111328125
6824,-120.77099609375
6825,-261.541259765625
6826,-500.26953125
6827,235.546142578125
6828,-292.254638671875
6829,-362.572265625
6830,339.11474609375
6831,-58.03808593749999
6832,972.084716796875
6833,-607.9899902343751
6834,-375.34960937499994
6835,-1452.178466796875
6836,1161.87158203125
6837,-791.90478515625
6838,-419.33056640625
6839,-44.439697265625
6840,1197.648193359375
6841,-284.486328125
6842,86.338134765625
6843,612.434814453125
6844,216.2744140625
6845,-101.62744140624999
6846,340.318603515625
6847,575.52783203125
6848,524.674072265625
6849,921.353515625
6850,-212.66821289062503
6851,-241.046142578125
6852,-62.777099609375
6853,22.585937500000004
6854,-127.515380859375
6855,235.78564453125
6856,-222.5595703125
6857,-13.352050781250002
6858,172.205078125
6859,1.337890625
6860,-122.26171875
6861,-305.5205078125
6862,147.679443359375
6863,-125.45117187499999
6864,-124.768310546875
6865,75.957275390625
6866,-17.386962890625
6867,552.065185546875
6868,80.596435546875
6869,368.720458984375
6870,1411.39599609375
6871,-123.33642578125
6872,90.56787109375
6873,352.878662109375
6874,1494.43798828125
6875,268.0732421875
6876,94.32299804687499
6877,464.23388671875006
6878,947.140625
6879,147.05517578125
6880,852.62548828125
6881,931.953125
6882,1121.746826171875
6883,21.711181640625
6884,872.6455078125
6885,165.606689453125
6886,-236.849853515625
6887,-93.538330078125
6888,-169.332275390625
6889,1199.90087890625
6890,-344.369140625
6891,-131.89111328125
6892,-128.710693359375
6893,-268.086669921875
6894,-172.02880859375
6895,1113.89794921875
6896,-716.569580078125
6897,-981.5908203125
6898,-1189.95263671875
6899,1365.4904785156248
6900,-700.4201660156249
6901,-933.34814453125
6902,-24.07373046875
6903,1772.4536132812502
6904,3207.249755859375
6905,-136.8681640625
6906,-1345.349609375
6907,-727.240234375
6908,2726.080078125
6909,-42.0966796875
6910,-1145.05517578125
6911,1167.49853515625
6912,2309.38037109375
6913,-733.485595703125
6914,-428.17236328125
6915,353.026611328125
6916,22.425048828125
6917,324.9609375
6918,-369.91552734375
6919,501.87158203125
6920,-297.624267578125
6921,212.910888671875
6922,-1009.4482421875
6923,-1068.359619140625
6924,-1139.225341796875
6925,-2014.7646484375
6926,2935.944580078125
6927,-1020.7785644531251
6928,-899.1259765625
6929,-146.998046875
6930,56.264892578125
6931,272.197998046875
6932,247.130615234375
6933,386.59130859375
6934,-1179.40869140625
6935,307.58349609375
6936,313.321533203125
6937,151.26318359375
6938,2006.517578125
6939,179.8544921875
6940,1227.79150390625
6941,543.318603515625
6942,-732.3896484375
6943,131.773193359375
6944,594.4130859375
6945,625.76611328125
6946,-820.204345703125
6947,406.865234375
6948,-113.485107421875
6949,-173.166015625
6950,-1357.7294921875
6951,110.687255859375
6952,1333.1755371093752
6953,736.5517578125
6954,-1595.98876953125
6955,13.56884765625
6956,-2752.928955078125
6957,-821.120849609375
6958,1111.97216796875
6959,-2046.95947265625
6960,-1816.348388671875
6961,-74.67236328124999
6962,1034.1650390625
6963,-2035.815673828125
6964,-1851.575439453125
6965,613.0859375
6966,654.687255859375
6967,-821.44140625
6968,504.324951171875
6969,-175.622802734375
6970,275.673583984375
6971,-598.080078125
6972,681.16259765625
6973,-181.606201171875
6974,-537.984619140625
6975,342.641845703125
6976,-287.01025390625
6977,460.6455078125
6978,133.712890625
6979,685.300537109375
6980,-298.11547851562494
6981,520.268798828125
6982,228.01171875
6983,-994.6328125
6984,-393.008056640625
6985,2718.33544921875
6986,-77.17236328124999
6987,-78.244140625
6988,5644.186523437501
6989,2634.276611328125
6990,-119.04833984375
6991,-6.385498046875
6992,283.70751953125
6993,1904.56591796875
6994,750.927978515625
6995,-89.38720703125
6996,-143.588134765625
6997,3503.420654296875
6998,994.4655761718749
6999,-151.7138671875
7000,-397.9931640625
7001,73.330810546875
7002,1169.544189453125
7003,-91.14990234374999
7004,186.5390625
7005,-84.35815429687501
7006,105.001220703125
7007,167.637451171875
7008,158.19067382812503
7009,-255.643310546875
7010,-688.59814453125
7011,-363.3095703125
7012,-1963.353515625
7013,4875.0634765625
7014,4905.42919921875
7015,6030.3017578125
7016,-1685.4482421875
7017,4903.6826171875
7018,4883.4599609375
7019,-889.81787109375
7020,-1769.622314453125
7021,-700.15087890625
7022,884.075439453125
7023,811.302734375
7024,1317.039794921875
7025,-879.8408203125
7026,712.793212890625
7027,733.6569824218751
7028,811.78466796875
7029,-739.287353515625
7030,1840.4716796875
7031,2533.7631835937495
7032,-1786.750732421875
7033,-506.77587890625
7034,998.1240234375
7035,2501.8964843750005
7036,-1930.123291015625
7037,2507.431640625
7038,-1547.980224609375
7039,466.61865234374994
7040,-715.398681640625
7041,-32.907958984375
7042,842.06640625
7043,-1220.396240234375
7044,-840.165771484375
7045,60.921142578125
7046,-257.115234375
7047,-501.162353515625
7048,9.925537109375
7049,-8.2373046875
7050,127.147705078125
7051,353.04736328125
7052,64.15673828125
7053,167.42529296875
7054,263.051513671875
7055,774.358642578125
7056,83.707763671875
7057,-2324.895263671875
7058,1013.746337890625
7059,2381.5117187500005
7060,367.89453124999994
7061,-1801.8173828125
7062,1122.986572265625
7063,2498.91845703125
7064,2382.19287109375
7065,-659.738037109375
7066,-596.0263671875
7067,828.546875
7068,343.92626953125006
7069,-2237.29541015625
7070,-307.058837890625
7071,947.4443359375
7072,575.658203125
7073,-57.30566406250001
7074,-63.444580078125
7075,126.19970703125
7076,159.081298828125
7077,-310.27001953125
7078,2437.597900390625
7079,884.30224609375
7080,39.716064453125
7081,-308.200439453125
7082,-777.378662109375
7083,496.29785156250006
7084,-156.011962890625
7085,250.35986328125
7086,35.7060546875
7087,347.33154296875
7088,-152.840087890625
7089,280.974365234375
7090,381.56396484375
7091,-592.37646484375
7092,-211.451416015625
7093,846.334716796875
7094,-60.517578125
7095,-1583.40625
7096,39.56494140625
7097,805.2055664062499
7098,-7.616943359374999
7099,-1495.3916015625
7100,-309.849365234375
7101,421.85498046875
7102,305.710693359375
7103,5916.19384765625
7104,8381.02294921875
7105,3938.36669921875
7106,-815.367431640625
7107,5617.841796875
7108,8533.42138671875
7109,-143.635498046875
7110,286.203369140625
7111,882.524169921875
7112,-288.738525390625
7113,16.911376953125
7114,-146.59521484375
7115,-828.141845703125
7116,-406.4990234375
7117,21.015380859375
7118,3538.645263671875
7119,1181.229248046875
7120,2294.91015625
7121,-391.51513671875
7122,-520.23974609375
7123,767.333984375
7124,2558.779541015625
7125,-273.16650390625
7126,-424.7646484375
7127,6509.48876953125
7128,2172.963623046875
7129,3569.9833984375
7130,-2130.930419921875
7131,-2008.6682128906252
7132,2313.4345703125
7133,4388.64111328125
7134,-2132.2587890625
7135,-1881.9150390625
7136,-451.26123046875
7137,4278.855712890625
7138,1268.527587890625
7139,570.517578125
7140,-635.344482421875
7141,637.0249023437501
7142,533.8095703125
7143,533.998779296875
7144,-699.69775390625
7145,158.121826171875
7146,960.478515625
7147,-368.1025390625
7148,-37.610595703125
7149,284.28125
7150,-17.12646484375
7151,223.51025390625
7152,207.52197265625
7153,595.30126953125
7154,34.636474609375
7155,-747.151611328125
7156,-815.52783203125
7157,131.991943359375
7158,825.1442871093749
7159,-668.718505859375
7160,-396.283447265625
7161,86.6806640625
7162,754.615234375
7163,778.077880859375
7164,-695.34033203125
7165,1372.093505859375
7166,-460.9140625
7167,-528.720947265625
7168,52.71679687499999
7169,876.535888671875
7170,-500.330322265625
7171,-649.5344238281251
7172,-1267.486572265625
7173,1234.123291015625
7174,-752.114013671875
7175,-379.904541015625
7176,1181.1691894531252
7177,280.406982421875
7178,-144.8125
7179,-331.894775390625
7180,1104.7744140625
7181,-509.4384765625
7182,-208.307373046875
7183,148.4423828125
7184,536.881103515625
7185,1350.669677734375
7186,-360.52246093749994
7187,-16.8974609375
7188,527.06640625
7189,1320.75830078125
7190,1000.921630859375
7191,685.174072265625
7192,-616.84521484375
7193,64.978759765625
7194,425.273193359375
7195,296.46875
7196,-822.5
7197,15.870361328125
7198,589.2041015625
7199,310.19140625
7200,-394.1494140625
7201,582.279052734375
7202,187.37329101562503
7203,-478.47509765625
7204,-174.17529296875
7205,681.82275390625
7206,253.993408203125
7207,-197.9140625
7208,-559.558837890625
7209,336.316650390625
7210,-427.20483398437506
7211,-380.8447265625
7212,222.651123046875
7213,618.64501953125
7214,334.13671875
7215,-369.585693359375
7216,257.6015625
7217,854.3208007812499
7218,-770.481689453125
7219,810.076904296875
7220,-811.70751953125
7221,90.0244140625
7222,-495.10913085937494
7223,954.0312500000001
7224,-553.780517578125
7225,96.123291015625
7226,375.97900390625
7227,1030.546630859375
7228,443.585693359375
7229,-120.940185546875
7230,11.433837890625
7231,-857.7722167968751
7232,607.951171875
7233,-63.15087890625
7234,34.736328125
7235,-1020.02783203125
7236,-481.49707031249994
7237,80.7060546875
7238,-386.530517578125
7239,-379.49365234375
7240,-1169.154296875
7241,-123.735107421875
7242,-395.558349609375
7243,-355.485107421875
7244,503.234619140625
7245,-93.54638671875
7246,1388.52685546875
7247,10.378173828125
7248,-409.919677734375
7249,364.997314453125
7250,1465.468017578125
7251,-201.49072265625
7252,-282.50244140625
7253,3725.25830078125
7254,1446.2707519531252
7255,-737.006103515625
7256,68.583740234375
7257,625.654296875
7258,1008.850830078125
7259,23.830810546875
7260,116.52319335937501
7261,867.9853515625
7262,329.888671875
7263,-147.41650390625
7264,-404.969482421875
7265,65.19189453125
7266,47.9697265625
7267,-340.77294921875
7268,-567.03271484375
7269,234.12963867187503
7270,-14.347656249999998
7271,288.30029296875
7272,-502.75390625
7273,133.427490234375
7274,-981.9423828124999
7275,269.078369140625
7276,-76.48486328124999
7277,-154.0546875
7278,-929.118408203125
7279,181.5791015625
7280,-30.932373046875
7281,241.45556640625
7282,1238.67822265625
7283,-1008.180419921875
7284,-1061.5244140625
7285,-184.576171875
7286,1485.7324218749998
7287,-792.1643066406249
7288,-713.28662109375
7289,499.07080078125
7290,1358.633056640625
7291,-647.21484375
7292,-276.87109375
7293,3746.61865234375
7294,-446.255615234375
7295,-507.952880859375
7296,-560.719482421875
7297,4128.364990234375
7298,-1658.507080078125
7299,-2156.645751953125
7300,31.451904296875
7301,2144.026123046875
7302,1655.6364746093752
7303,165.440185546875
7304,-187.455810546875
7305,2103.324951171875
7306,1628.548095703125
7307,-496.439208984375
7308,42.986572265625
7309,323.768310546875
7310,-118.014404296875
7311,-243.1142578125
7312,520.66845703125
7313,337.065185546875
7314,-321.20263671875
7315,-120.6650390625
7316,304.18994140625
7317,555.6220703125
7318,579.80908203125
7319,-862.36328125
7320,-776.156005859375
7321,267.068603515625
7322,489.18212890625
7323,-684.4736328125
7324,-582.113525390625
7325,-284.27734375
7326,346.2822265625
7327,209.701416015625
7328,458.279052734375
7329,306.972900390625
7330,1873.6455078125
7331,965.2214355468749
7332,627.290283203125
7333,409.136474609375
7334,-1855.850341796875
7335,-1093.88525390625
7336,2.036376953125
7337,565.238525390625
7338,1579.569091796875
7339,284.04345703125
7340,68.22900390625
7341,558.670654296875
7342,1647.12939453125
7343,-179.88281250000003
7344,-610.3811035156251
7345,-66.732666015625
7346,290.747314453125
7347,668.285400390625
7348,7.357666015625
7349,8.375732421875
7350,102.68798828125
7351,1151.175537109375
7352,-32.167236328125
7353,124.4169921875
7354,563.216552734375
7355,649.645751953125
7356,-584.062744140625
7357,2109.40576171875
7358,2179.35009765625
7359,469.366455078125
7360,-317.53564453124994
7361,-446.4677734375
7362,-310.92138671875
7363,-1029.35791015625
7364,-351.223876953125
7365,1592.593505859375
7366,2294.190673828125
7367,2364.1376953125005
7368,-319.16357421874994
7369,1752.97509765625
7370,-1462.203125
7371,-1101.063232421875
7372,71.778564453125
7373,-249.833984375
7374,-386.003662109375
7375,-1015.870361328125
7376,72.4404296875
7377,-162.01782226562497
7378,-312.38452148437506
7379,818.853515625
7380,-110.025390625
7381,415.988525390625
7382,-413.809326171875
7383,79.650390625
7384,-109.631591796875
7385,154.076171875
7386,-304.2578125
7387,48.02001953125
7388,49.0966796875
7389,-193.460205078125
7390,-729.3757324218749
7391,-1005.810546875
7392,1907.1455078125
7393,-487.2490234375
7394,9.6005859375
7395,-783.03173828125
7396,1933.3806152343752
7397,2150.304443359375
7398,2453.383056640625
7399,25.125976562500004
7400,194.182861328125
7401,269.004638671875
7402,-138.533203125
7403,-155.3466796875
7404,233.31567382812503
7405,247.34619140625
7406,389.199951171875
7407,367.97412109375
7408,-486.38623046875
7409,-426.911865234375
7410,29.37451171875
7411,450.3076171875
7412,-169.4267578125
7413,-245.92919921875
7414,-88.22998046874999
7415,-969.084228515625
7416,72.080322265625
7417,-9.492919921875007
7418,1449.41796875
7419,136.871337890625
7420,2080.848388671875
7421,-868.501220703125
7422,1387.685302734375
7423,191.1796875
7424,-329.817626953125
7425,105.45190429687499
7426,515.969482421875
7427,1644.491943359375
7428,130.15380859375
7429,2112.822509765625
7430,2332.2783203125
7431,1532.361328125
7432,51.4521484375
7433,212.341064453125
7434,-710.397216796875
7435,751.71337890625
7436,188.04541015625
7437,-1026.027587890625
7438,-430.859375
7439,189.693115234375
7440,259.906494140625
7441,-1199.93017578125
7442,838.7077636718751
7443,538.441162109375
7444,-940.2578125
7445,515.890625
7446,945.338623046875
7447,-397.002685546875
7448,-835.205322265625
7449,435.227294921875
7450,1339.719482421875
7451,-172.07666015625
7452,-544.315673828125
7453,-1917.3583984375002
7454,1180.3984375
7455,1811.599609375
7456,-653.7299804687501
7457,461.327392578125
7458,1357.0371093750002
7459,1978.8193359375002
7460,244.062744140625
7461,885.141357421875
7462,-102.92236328124999
7463,458.568359375
7464,686.687255859375
7465,1376.561767578125
7466,-91.976318359375
7467,283.6064453125
7468,467.818603515625
7469,-1063.195068359375
7470,321.5966796875
7471,-899.189208984375
7472,-336.399169921875
7473,-500.145263671875
7474,-740.9191894531251
7475,-270.7373046875
7476,-292.7646484375
7477,-623.149658203125
7478,-1246.37060546875
7479,1154.9541015625
7480,-557.98095703125
7481,18.77001953125
7482,80.56323242187501
7483,-391.075927734375
7484,601.177490234375
7485,-213.353759765625
7486,158.406005859375
7487,1503.662841796875
7488,-1010.807373046875
7489,914.94775390625
7490,860.331787109375
7491,109.404296875
7492,1108.363037109375
7493,867.170166015625
7494,813.417724609375
7495,55.99462890625
7496,677.822509765625
7497,400.463623046875
7498,339.404541015625
7499,476.285400390625
7500,400.864501953125
7501,453.100830078125
7502,583.257080078125
7503,551.276123046875
7504,400.275390625
7505,-309.138916015625
7506,364.15673828125006
7507,1043.48095703125
7508,224.949462890625
7509,-778.594970703125
7510,-157.122314453125
7511,106.4326171875
7512,157.8984375
7513,-1053.83935546875
7514,-290.21337890625
7515,107.99853515625
7516,99.260986328125
7517,-186.42578125
7518,-221.281005859375
7519,610.76806640625
7520,167.05590820312503
7521,-29.253417968749996
7522,-205.563720703125
7523,-273.45263671875
7524,78.778564453125
7525,404.771484375
7526,-191.966064453125
7527,15.991455078125
7528,492.31201171875
7529,269.65185546875
7530,-49.064697265625
7531,-99.580322265625
7532,-572.8564453125
7533,443.050537109375
7534,-844.205810546875
7535,654.15966796875
7536,-661.514892578125
7537,95.1875
7538,667.9638671875
7539,839.7138671875
7540,-468.331298828125
7541,-1722.998291015625
7542,1512.7802734375
7543,1050.38671875
7544,-144.8701171875
7545,128.593017578125
7546,174.136474609375
7547,1264.05517578125
7548,-205.5908203125
7549,48.247802734375
7550,2448.31884765625
7551,708.7976074218751
7552,859.4951171875
7553,106.32934570312499
7554,-176.381103515625
7555,-299.239501953125
7556,157.068603515625
7557,225.30615234374997
7558,-343.642578125
7559,358.729248046875
7560,265.28955078125
7561,-2468.22998046875
7562,1126.937255859375
7563,1585.21630859375
7564,-955.471435546875
7565,-3045.1103515625
7566,968.984130859375
7567,1524.1437988281252
7568,2395.015380859375
7569,-1852.1711425781248
7570,-709.9995117187501
7571,2105.163330078125
7572,2175.0947265625
7573,457.444091796875
7574,-644.749267578125
7575,2024.853759765625
7576,2025.708740234375
7577,-566.122314453125
7578,-575.38818359375
7579,95.81787109375
7580,-118.782958984375
7581,88.408447265625
7582,432.33349609375
7583,-442.1962890625
7584,-81.718994140625
7585,-121.626953125
7586,494.3798828125
7587,200.21313476562503
7588,-898.2204589843751
7589,178.380615234375
7590,872.136962890625
7591,-1814.4663085937502
7592,-703.63427734375
7593,301.701171875
7594,1113.094482421875
7595,471.63525390625
7596,-558.343017578125
7597,924.3408203125
7598,-40.642822265625
7599,-5.23486328125
7600,-131.880615234375
7601,600.299560546875
7602,-168.766845703125
7603,30.542724609375
7604,974.966064453125
7605,537.582275390625
7606,75.884765625
7607,-182.197509765625
7608,510.066162109375
7609,-80.934326171875
7610,-93.6005859375
7611,-201.863525390625
7612,851.03466796875
7613,450.164794921875
7614,-102.8291015625
7615,-48.14111328125
7616,-369.431884765625
7617,1155.260498046875
7618,820.171630859375
7619,-1172.345947265625
7620,-357.544921875
7621,1160.150634765625
7622,-404.12499999999994
7623,247.236572265625
7624,75.23291015625
7625,-529.085205078125
7626,-209.3759765625
7627,1373.461669921875
7628,-1284.104736328125
7629,-417.3837890625
7630,-234.283935546875
7631,-482.723876953125
7632,401.81396484375
7633,744.927978515625
7634,-219.29003906250003
7635,-717.679931640625
7636,203.70678710937497
7637,1107.951416015625
7638,-309.214111328125
7639,-261.49072265625
7640,151.39404296875
7641,743.01416015625
7642,85.604736328125
7643,-68.777099609375
7644,125.365478515625
7645,807.656005859375
7646,-177.4033203125
7647,188.44140625
7648,121.571044921875
7649,-28.17041015625
7650,764.14208984375
7651,1489.8154296875
7652,-965.7890624999999
7653,-288.7001953125
7654,-237.821533203125
7655,-1392.136474609375
7656,-812.6791992187501
7657,-33.319580078125
7658,460.492431640625
7659,887.12646484375
7660,258.21875
7661,-508.4423828125
7662,-166.029296875
7663,-312.676513671875
7664,33.92529296875
7665,-482.208251953125
7666,57.60791015625
7667,367.265380859375
7668,534.365234375
7669,1669.167236328125
7670,-17.844970703125
7671,-424.306640625
7672,2578.962890625
7673,1318.815673828125
7674,-144.04638671875
7675,-557.477294921875
7676,19.068115234375
7677,1773.47998046875
7678,1610.238525390625
7679,-830.4658203125
7680,-776.096923828125
7681,3947.01220703125
7682,1497.5615234375
7683,-999.558349609375
7684,-329.368896484375
7685,605.7099609375
7686,1925.520751953125
7687,-2532.77197265625
7688,-928.3955078125
7689,1099.930908203125
7690,3307.51513671875
7691,2971.94384765625
7692,-1150.23388671875
7693,999.09814453125
7694,-633.37939453125
7695,-1685.689453125
7696,514.2578125
7697,-1863.212646484375
7698,-1692.53662109375
7699,-456.13452148437506
7700,1548.53857421875
7701,-2021.20654296875
7702,-1805.7265625
7703,-176.514892578125
7704,60.892333984375
7705,920.565673828125
7706,-211.086181640625
7707,-408.661376953125
7708,344.26928710937494
7709,1072.652099609375
7710,-282.59912109375
7711,-221.113037109375
7712,2169.688720703125
7713,1223.8034667968752
7714,877.94775390625
7715,-575.794677734375
7716,-12.017578125
7717,-532.8427734375
7718,737.7421875
7719,-277.165771484375
7720,-54.71142578125
7721,4206.8134765625
7722,352.2060546875
7723,152.57519531250003
7724,300.525146484375
7725,346.699462890625
7726,1477.158203125
7727,-121.22412109375
7728,229.099853515625
7729,315.61181640625006
7730,946.098388671875
7731,-1203.903564453125
7732,-552.8505859375
7733,-245.995849609375
7734,-279.381591796875
7735,81.82177734375
7736,-441.146728515625
7737,-203.339111328125
7738,-289.350341796875
7739,-1332.917236328125
7740,1339.7399902343752
7741,-64.453125
7742,555.21826171875
7743,903.956298828125
7744,-665.261474609375
7745,106.435546875
7746,576.796875
7747,669.9223632812501
7748,154.760009765625
7749,479.972412109375
7750,271.05859375
7751,-1551.118896484375
7752,202.097412109375
7753,-647.72705078125
7754,2836.8251953125
7755,-1479.880615234375
7756,136.76318359375
7757,2059.565673828125
7758,1035.3330078125
7759,828.1760253906251
7760,-259.411376953125
7761,-714.523681640625
7762,-62.77783203125
7763,1026.165283203125
7764,-322.517822265625
7765,-629.87451171875
7766,-572.329833984375
7767,621.549072265625
7768,277.53125
7769,256.021728515625
7770,24.265869140625
7771,460.07763671875
7772,269.511474609375
7773,92.01049804687499
7774,128.0302734375
7775,49.59570312500001
7776,109.60400390625
7777,-692.0100097656249
7778,1231.95751953125
7779,-1138.02392578125
7780,-167.67236328125
7781,2075.068115234375
7782,1192.980224609375
7783,-1113.939208984375
7784,-136.279541015625
7785,-413.6748046875
7786,-703.3857421875
7787,2422.0791015625
7788,2887.718994140625
7789,2449.5854492187495
7790,-1241.405029296875
7791,2653.22705078125
7792,2882.1279296875
7793,-221.86083984375
7794,-1185.06494140625
7795,-231.55908203125
7796,897.40771484375
7797,403.89770507812494
7798,-647.203857421875
7799,1.343994140625
7800,1030.812255859375
7801,441.548095703125
7802,-360.463623046875
7803,658.8037109375
7804,-97.129638671875
7805,521.373291015625
7806,712.673095703125
7807,1231.518798828125
7808,39.90747070312499
7809,780.31689453125
7810,556.833984375
7811,11.913818359375
7812,-186.54150390625
7813,-433.2763671875
7814,425.563232421875
7815,474.5244140625
7816,470.0322265625
7817,-77.453369140625
7818,326.296875
7819,384.24707031249994
7820,316.065185546875
7821,-943.925048828125
7822,2821.829345703125
7823,-1287.693115234375
7824,-1515.34814453125
7825,-2153.317138671875
7826,1537.2390136718752
7827,-1125.752197265625
7828,-1703.365234375
7829,1544.4755859375
7830,2211.6318359375
7831,-462.7958984375
7832,970.46484375
7833,-22.4775390625
7834,-649.021240234375
7835,-672.674072265625
7836,914.75048828125
7837,-232.586181640625
7838,782.4487304687499
7839,-755.246337890625
7840,394.923583984375
7841,-824.34814453125
7842,-953.8173828125
7843,-422.639892578125
7844,12.550048828125
7845,-832.0893554687501
7846,-1053.59912109375
7847,-648.466796875
7848,438.708984375
7849,526.6171875
7850,413.00537109375
7851,-310.41040039062494
7852,401.778076171875
7853,331.95068359375
7854,371.601318359375
7855,-204.609619140625
7856,-424.9736328125
7857,89.586181640625
7858,-407.400634765625
7859,-448.74975585937506
7860,-362.233154296875
7861,-215.19482421875
7862,-494.197021484375
7863,-518.7353515625
7864,-395.542724609375
7865,703.55224609375
7866,-388.39794921875
7867,677.56298828125
7868,-11.621093750000002
7869,52.733154296875
7870,-1376.14208984375
7871,266.06396484375
7872,39.55908203125
7873,242.314697265625
7874,2845.7470703125
7875,899.95361328125
7876,2908.418212890625
7877,-1174.2646484375
7878,-48.64013671875
7879,1449.381103515625
7880,1523.509033203125
7881,-1344.9658203125
7882,-84.996337890625
7883,-935.484130859375
7884,3866.180419921875
7885,-179.69970703125
7886,1008.31787109375
7887,721.5859375
7888,-1495.51953125
7889,-1573.635009765625
7890,926.9169921874999
7891,748.875244140625
7892,791.051025390625
7893,936.33740234375
7894,45.255615234375
7895,39.401123046875
7896,406.82861328125
7897,65.58251953125
7898,148.86572265625
7899,-42.43066406250001
7900,307.3251953125
7901,708.93212890625
7902,-330.701904296875
7903,3780.26513671875
7904,-503.696533203125
7905,-704.515869140625
7906,4894.150390625
7907,1946.167724609375
7908,-590.492919921875
7909,-929.674560546875
7910,921.3857421875
7911,3743.904541015625
7912,-84.2939453125
7913,178.708740234375
7914,315.1259765625
7915,732.60693359375
7916,410.47900390625
7917,-1.212646484375
7918,328.1083984375
7919,126.636474609375
7920,-229.072509765625
7921,-377.43994140625
7922,-60.1826171875
7923,182.736083984375
7924,110.4951171875
7925,709.07568359375
7926,39.478515625
7927,272.425048828125
7928,134.22705078125
7929,-230.121337890625
7930,-344.969482421875
7931,1525.2880859375
7932,-40.84252929687501
7933,-125.08837890625
7934,959.315673828125
7935,1431.96240234375
7936,-121.65380859375
7937,430.838134765625
7938,-206.44726562499997
7939,-493.49267578125
7940,-219.66186523437497
7941,204.83203125
7942,-460.805419921875
7943,-230.28271484375
7944,-183.025390625
7945,-145.716064453125
7946,-173.048828125
7947,92.974609375
7948,2976.811279296875
7949,-340.31640625
7950,-844.70654296875
7951,-444.721435546875
7952,2285.092529296875
7953,-232.211669921875
7954,-866.02294921875
7955,1576.379150390625
7956,3018.25
7957,4554.362548828125
7958,-2546.7390136718755
7959,-1630.2294921875002
7960,7161.454101562499
7961,3948.785400390625
7962,-2537.277587890625
7963,-1578.423583984375
7964,1902.27001953125
7965,98.27587890625
7966,-298.770263671875
7967,-658.796875
7968,-229.5146484375
7969,1016.8166503906251
7970,-258.695068359375
7971,-553.898681640625
7972,-200.65771484375
7973,-705.26416015625
7974,783.3662109374999
7975,-772.22314453125
7976,-662.564697265625
7977,1301.683349609375
7978,-986.713134765625
7979,1361.16650390625
7980,-541.2451171875
7981,1045.825439453125
7982,-171.260009765625
7983,341.779541015625
7984,744.168212890625
7985,-522.64453125
7986,-515.641845703125
7987,-442.98583984375
7988,885.0354003906249
7989,-543.755126953125
7990,-587.503173828125
7991,-310.09716796875
7992,806.251953125
7993,291.27880859375
7994,75.676025390625
7995,239.74169921875
7996,469.28833007812506
7997,-459.000732421875
7998,56.790771484375
7999,322.276611328125
8000,-586.612060546875
8001,-30.921142578125
8002,-1658.82958984375
8003,3320.036376953125
8004,2508.100830078125
8005,-780.703857421875
8006,-1477.0275878906252
8007,3205.7099609375
8008,2216.16357421875
8009,5575.7099609375
8010,-1452.904541015625
8011,-966.453369140625
8012,87.216064453125
8013,144.08056640625
8014,264.256591796875
8015,-958.8291015625
8016,223.390625
8017,164.6025390625
8018,639.82421875
8019,-951.832275390625
8020,-605.1181640625
8021,-6.142822265625
8022,-320.8642578125
8023,-358.844970703125
8024,-560.70263671875
8025,-124.609130859375
8026,-148.953125
8027,589.65673828125
8028,-631.9392089843749
8029,488.68603515625
8030,75.845703125
8031,-131.254150390625
8032,-535.82470703125
8033,374.83007812500006
8034,48.2060546875
8035,105.04931640625
8036,130.548828125
8037,484.34277343750006
8038,-71.45556640624999
8039,480.686767578125
8040,431.895263671875
8041,671.3564453125
8042,-269.678955078125
8043,398.975830078125
8044,616.511962890625
8045,15.730712890625
8046,-354.831787109375
8047,498.77392578125
8048,2090.886962890625
8049,1570.728759765625
8050,876.8837890625
8051,-411.962646484375
8052,2004.749755859375
8053,1669.451416015625
8054,3409.1809082031255
8055,-720.7509765625
8056,1085.260009765625
8057,-133.6279296875
8058,-201.384033203125
8059,-1003.555908203125
8060,1265.02880859375
8061,53.682373046875
8062,-61.18212890625
8063,-257.775146484375
8064,1044.71533203125
8065,-68.547607421875
8066,1042.47265625
8067,682.3759765625
8068,-897.99755859375
8069,894.61328125
8070,1043.45166015625
8071,684.88232421875
8072,818.1767578125
8073,646.18798828125
8074,-431.1923828125
8075,423.32421875
8076,728.880859375
8077,125.089111328125
8078,-254.667236328125
8079,409.912353515625
8080,397.334228515625
8081,-476.581787109375
8082,-253.492431640625
8083,596.85693359375
8084,191.07763671875
8085,-262.183837890625
8086,67.909423828125
8087,803.4892578125
8088,317.359619140625
8089,-338.739013671875
8090,1607.21142578125
8091,218.986083984375
8092,802.4306640625
8093,-499.752197265625
8094,224.69384765625003
8095,1195.7099609375
8096,1116.930908203125
8097,-391.76513671875
8098,376.823974609375
8099,816.976318359375
8100,899.160888671875
8101,-150.60595703125
8102,-1287.36572265625
8103,1079.317626953125
8104,1238.20947265625
8105,1097.734375
8106,-1354.221435546875
8107,526.566650390625
8108,-670.206298828125
8109,206.04345703124997
8110,1049.765625
8111,339.971923828125
8112,-543.728759765625
8113,-657.460693359375
8114,-737.492431640625
8115,227.99951171875
8116,-490.3212890625
8117,754.816162109375
8118,398.441650390625
8119,-15.46533203125
8120,114.16259765625001
8121,70.871826171875
8122,171.771484375
8123,-523.37451171875
8124,-39.760986328125
8125,-71.727294921875
8126,-171.93090820312503
8127,280.2314453125
8128,1007.873291015625
8129,-74.526123046875
8130,487.9189453125
8131,-808.2041015625
8132,2.288330078125
8133,-408.92333984375
8134,251.25927734375
8135,-190.621826171875
8136,-204.771728515625
8137,-1254.669677734375
8138,-12.300048828125
8139,494.103515625
8140,735.308349609375
8141,1071.6669921875
8142,-144.094970703125
8143,462.3583984375
8144,883.1357421875
8145,571.37744140625
8146,5938.94677734375
8147,-334.75830078125
8148,-260.7939453125
8149,-2197.6103515625
8150,6129.817138671875
8151,-454.75732421875
8152,-454.79638671875
8153,2484.57470703125
8154,6942.06201171875
8155,-1348.5285644531252
8156,1542.073486328125
8157,1146.390625
8158,2552.412841796875
8159,-1331.362060546875
8160,1931.56201171875
8161,1424.45458984375
8162,251.25732421875
8163,-466.44921875
8164,463.8955078125
8165,-277.64013671875
8166,-14.78271484375
8167,-155.9130859375
8168,-399.64599609375
8169,-437.35791015625
8170,51.40502929687501
8171,-81.70751953125001
8172,-148.916259765625
8173,-1406.4541015625
8174,937.181396484375
8175,389.49462890625
8176,3842.83544921875
8177,2431.185546875
8178,990.197509765625
8179,288.933837890625
8180,-1315.867919921875
8181,-1131.212158203125
8182,2675.425048828125
8183,788.9741210937501
8184,-59.072021484375
8185,-827.8198242187501
8186,1919.0498046875002
8187,851.254638671875
8188,220.709716796875
8189,423.923583984375
8190,782.68701171875
8191,-538.195556640625
8192,109.9033203125
8193,1463.2451171875
8194,-430.213623046875
8195,-192.072998046875
8196,305.8193359375
8197,1205.361083984375
8198,921.69140625
8199,142.56591796875
8200,1847.83740234375
8201,-1918.6171875
8202,-579.794677734375
8203,1578.26025390625
8204,-1157.735595703125
8205,-1901.99755859375
8206,-404.323974609375
8207,-1288.241455078125
8208,1335.2326660156252
8209,1072.43896484375
8210,2696.686767578125
8211,-309.06103515624994
8212,194.4306640625
8213,958.5107421875
8214,2625.958740234375
8215,-155.64404296875
8216,4086.2548828125
8217,-1247.04931640625
8218,-106.18676757812499
8219,704.2861328125
8220,588.72412109375
8221,1120.4619140625
8222,-116.972412109375
8223,554.77734375
8224,776.621826171875
8225,-1035.099365234375
8226,-246.07543945312497
8227,-191.639892578125
8228,323.9853515625
8229,-447.798095703125
8230,964.9750976562499
8231,435.94897460937494
8232,363.28198242187506
8233,-397.599365234375
8234,-103.122802734375
8235,41.1826171875
8236,556.076904296875
8237,-217.717041015625
8238,135.0517578125
8239,-895.0625
8240,164.513916015625
8241,-232.8857421875
8242,281.8203125
8243,3269.1594238281245
8244,1259.475341796875
8245,-616.255615234375
8246,5069.26708984375
8247,2053.3193359375
8248,2659.4323730468755
8249,-419.40283203125
8250,5262.915771484375
8251,1929.853759765625
8252,-976.854248046875
8253,-3098.00341796875
8254,-149.755615234375
8255,1354.042724609375
8256,987.022216796875
8257,447.697509765625
8258,-303.912841796875
8259,1266.97216796875
8260,754.861083984375
8261,178.78051757812497
8262,-352.982666015625
8263,-232.974365234375
8264,770.525390625
8265,1060.314697265625
8266,257.3447265625
8267,185.8359375
8268,719.34716796875
8269,1089.714599609375
8270,-385.80517578125
8271,-635.1284179687499
8272,398.160888671875
8273,-680.3701171875
8274,-412.043212890625
8275,-507.65039062500006
8276,167.71630859375003
8277,-524.37060546875
8278,-465.799560546875
8279,-69.326904296875
8280,747.8857421875
8281,22.837890625
8282,740.42041015625
8283,-230.609375
8284,115.660400390625
8285,229.78564453125
8286,680.87646484375
8287,-127.345458984375
8288,345.782958984375
8289,-461.887451171875
8290,517.802001953125
8291,74.474853515625
8292,-254.48242187499997
8293,228.13134765625
8294,-8.21435546875
8295,106.61450195312501
8296,112.408447265625
8297,270.35546875
8298,426.62817382812506
8299,364.23876953125
8300,838.306884765625
8301,-159.763427734375
8302,-1040.33154296875
8303,-86.23876953125
8304,508.832275390625
8305,-140.4892578125
8306,659.6650390625
8307,1263.327392578125
8308,-789.13720703125
8309,-741.8261718750001
8310,1277.4248046875
8311,767.59765625
8312,746.3356933593751
8313,-788.551025390625
8314,1198.6064453125
8315,502.484130859375
8316,657.463623046875
8317,-35.383544921875
8318,293.18701171875
8319,458.379638671875
8320,-190.0205078125
8321,16.53466796875
8322,451.37548828125
8323,528.129638671875
8324,143.443359375
8325,-126.32934570312499
8326,-430.72802734375
8327,403.77001953125
8328,-123.74658203125
8329,-475.65185546875
8330,-602.208251953125
8331,466.441162109375
8332,-252.500732421875
8333,907.926025390625
8334,1037.809326171875
8335,182.576904296875
8336,-490.5107421875
8337,432.22900390625
8338,-462.528076171875
8339,-1088.31982421875
8340,-722.63232421875
8341,347.037353515625
8342,-636.943359375
8343,518.971435546875
8344,2059.716552734375
8345,-435.47802734375
8346,-215.295654296875
8347,4543.848388671875
8348,2093.966796875
8349,-171.57373046875
8350,-426.54248046875
8351,1011.2827148437499
8352,2413.4287109375
8353,703.142578125
8354,-610.281005859375
8355,-413.7802734375
8356,-519.671875
8357,-334.076171875
8358,-483.606201171875
8359,-523.212158203125
8360,1903.23876953125
8361,1660.7099609375
8362,-1080.382568359375
8363,561.980224609375
8364,603.745361328125
8365,357.346923828125
8366,-994.404052734375
8367,398.24023437500006
8368,490.01293945312494
8369,1194.49755859375
8370,-1128.66357421875
8371,-0.005615234375
8372,-468.54785156250006
8373,-346.04199218749994
8374,-247.92236328125
8375,99.888427734375
8376,-473.20214843749994
8377,-310.6220703125
8378,-224.583984375
8379,280.71337890625
8380,-343.365234375
8381,-497.69384765625
8382,139.74462890625
8383,91.515625
8384,-237.53125
8385,-620.1474609374999
8386,117.4990234375
8387,262.41357421875
8388,48.82250976562501
8389,2608.623046875
8390,2816.6787109375005
8391,-2066.856201171875
8392,1208.5507812500002
8393,1350.278564453125
8394,2830.171142578125
8395,-2042.1455078125
8396,328.74609375
8397,204.102294921875
8398,-276.48779296875
8399,-432.093994140625
8400,873.814697265625
8401,391.375244140625
8402,387.62451171875
8403,-424.707763671875
8404,1136.355712890625
8405,520.827880859375
8406,18.110107421875
8407,399.828369140625
8408,1274.193115234375
8409,-1035.749267578125
8410,-893.2014160156251
8411,-507.54199218749994
8412,1240.7641601562498
8413,-934.3310546875
8414,409.641845703125
8415,451.52001953125
8416,3939.877197265625
8417,-774.73974609375
8418,-454.73706054687506
8419,-1711.451171875
8420,-1106.537841796875
8421,-874.5153808593751
8422,-521.045654296875
8423,1248.298828125
8424,2367.26123046875
8425,515.635009765625
8426,-679.209716796875
8427,-816.4128417968751
8428,-909.387939453125
8429,489.010498046875
8430,-617.864013671875
8431,-934.33154296875
8432,-82.593505859375
8433,146.98291015625
8434,-406.42626953125006
8435,-314.25610351562506
8436,646.4096679687501
8437,467.31591796875
8438,-34.21923828125
8439,-403.786865234375
8440,611.96533203125
8441,15.699951171875
8442,-333.283203125
8443,-1540.044189453125
8444,1999.18603515625
8445,3300.671142578125
8446,1279.19091796875
8447,-774.903076171875
8448,1863.870849609375
8449,3217.32275390625
8450,-646.23681640625
8451,1102.038818359375
8452,699.574951171875
8453,-138.095947265625
8454,5.70166015625
8455,-210.64990234375
8456,801.738037109375
8457,-23.53955078125
8458,-52.20361328125
8459,-854.154052734375
8460,715.330078125
8461,-875.92578125
8462,761.249267578125
8463,417.467041015625
8464,1086.023193359375
8465,-861.6142578125
8466,685.67236328125
8467,426.383544921875
8468,304.739501953125
8469,-621.6738281249999
8470,-360.84008789062494
8471,408.099853515625
8472,1194.63232421875
8473,674.10107421875
8474,-250.00048828125
8475,458.10278320312494
8476,1461.0048828125
8477,-408.14453124999994
8478,269.44677734375
8479,-408.453369140625
8480,1015.35107421875
8481,367.831298828125
8482,120.96386718750001
8483,196.304443359375
8484,1027.119140625
8485,440.670654296875
8486,42.180908203125
8487,-167.73095703125
8488,222.7880859375
8489,-172.9775390625
8490,-174.625
8491,497.212646484375
8492,1139.898681640625
8493,-238.229736328125
8494,-25.467773437499996
8495,-593.48193359375
8496,453.66162109375
8497,-347.518310546875
8498,776.267333984375
8499,794.0078125
8500,-205.63281250000003
8501,-116.91796875
8502,899.2309570312499
8503,913.918212890625
8504,879.3623046875
8505,-407.64794921875
8506,1069.931884765625
8507,990.982421875
8508,-551.65478515625
8509,216.8271484375
8510,1210.67919921875
8511,699.745361328125
8512,-523.580078125
8513,1283.7895507812498
8514,153.67797851562497
8515,-239.17041015625
8516,-567.40625
8517,115.23974609375
8518,1664.791748046875
8519,174.752197265625
8520,-637.199951171875
8521,-119.15624999999999
8522,117.901123046875
8523,542.266845703125
8524,3339.844482421875
8525,-941.4638671875
8526,-1760.46728515625
8527,831.08544921875
8528,2718.510009765625
8529,-979.46337890625
8530,-1739.124267578125
8531,-650.78076171875
8532,4911.642333984375
8533,-731.9423828124999
8534,970.0283203125
8535,752.190185546875
8536,828.4001464843751
8537,2.386474609375
8538,948.6787109375
8539,792.69677734375
8540,975.17236328125
8541,419.084228515625
8542,233.209716796875
8543,-8.1728515625
8544,881.4191894531251
8545,-1135.394287109375
8546,90.11132812500001
8547,19.89990234375
8548,1223.129150390625
8549,1961.5476074218752
8550,958.388671875
8551,-164.858154296875
8552,-116.49365234375
8553,-43.681640625
8554,944.722900390625
8555,-185.659912109375
8556,-182.372314453125
8557,-129.34716796875
8558,116.60546875
8559,-249.584716796875
8560,397.076416015625
8561,-310.424072265625
8562,-428.156005859375
8563,215.358154296875
8564,365.212158203125
8565,-415.009521484375
8566,-226.919189453125
8567,-9.692626953125
8568,131.60498046875
8569,-542.431640625
8570,-729.53515625
8571,1976.5576171875
8572,-240.7109375
8573,278.541259765625
8574,-756.2373046874999
8575,1927.333984375
8576,-1028.093994140625
8577,-1679.808837890625
8578,-186.340087890625
8579,545.09228515625
8580,388.94140625
8581,362.196533203125
8582,567.495361328125
8583,624.77197265625
8584,528.560302734375
8585,-237.98828125
8586,-459.864013671875
8587,-957.736328125
8588,-180.904052734375
8589,66.90234375
8590,750.7014160156251
8591,-206.98486328125
8592,-117.45117187499999
8593,185.5615234375
8594,952.055908203125
8595,-649.4921875
8596,-1642.33349609375
8597,-1312.582763671875
8598,1816.11962890625
8599,3388.4443359375
8600,3486.2626953125
8601,-1394.019287109375
8602,1882.1982421875
8603,-143.732177734375
8604,-438.604248046875
8605,437.0205078125
8606,-280.84326171875
8607,-250.13720703125
8608,-1202.3701171875
8609,-943.353759765625
8610,-236.22412109375
8611,-604.20166015625
8612,1517.43701171875
8613,1987.11328125
8614,-48.61181640624999
8615,-327.34326171874994
8616,22.68603515625
8617,-500.806640625
8618,-711.033935546875
8619,-265.806396484375
8620,7.7529296875
8621,547.62646484375
8622,292.478515625
8623,-671.2246093749999
8624,82.67041015625
8625,603.66357421875
8626,-373.767578125
8627,-41.672119140625
8628,-3.070068359375
8629,628.883056640625
8630,-691.319580078125
8631,-1011.68212890625
8632,-659.796875
8633,3.398681640625
8634,2218.99853515625
8635,159.6083984375
8636,218.88037109375
8637,-211.6015625
8638,2179.47216796875
8639,-1374.84814453125
8640,-1631.71533203125
8641,-1442.40771484375
8642,-710.081787109375
8643,1468.9150390625
8644,215.67333984375
8645,-352.76513671875
8646,-607.801513671875
8647,1231.4396972656248
8648,-258.969970703125
8649,160.74072265625
8650,680.52294921875
8651,-568.700439453125
8652,-551.6259765625
8653,-150.173583984375
8654,825.732666015625
8655,-487.062255859375
8656,-605.030029296875
8657,-302.265380859375
8658,533.43896484375
8659,2142.584228515625
8660,-488.5654296875
8661,-471.796142578125
8662,336.09130859375
8663,562.73779296875
8664,-784.53271484375
8665,-382.303466796875
8666,1874.5322265625
8667,1110.766845703125
8668,-235.00830078125
8669,-330.6787109375
8670,-616.45947265625
8671,1896.6201171875
8672,-1729.779052734375
8673,-174.56396484375
8674,-552.409423828125
8675,-313.9052734375
8676,614.614990234375
8677,-257.7841796875
8678,615.673095703125
8679,118.71435546875
8680,-691.8046875
8681,-327.845458984375
8682,722.957275390625
8683,-82.905029296875
8684,-153.081298828125
8685,-338.052001953125
8686,143.44287109375
8687,-146.990966796875
8688,-170.891845703125
8689,-556.67724609375
8690,179.294921875
8691,-221.70166015625
8692,-184.339111328125
8693,357.2265625
8694,1357.296875
8695,-1069.37939453125
8696,694.7700195312499
8697,1122.55126953125
8698,133.76318359375
8699,-408.5966796875
8700,297.348388671875
8701,984.892578125
8702,-206.46142578125
8703,-594.62158203125
8704,-317.65478515625
8705,1170.356689453125
8706,1176.1953125
8707,-1258.811279296875
8708,-271.601318359375
8709,1009.70263671875
8710,1051.550537109375
8711,-506.41650390625
8712,-121.3115234375
8713,1053.54150390625
8714,985.02392578125
8715,-1001.543212890625
8716,-1107.29345703125
8717,-937.0234375
8718,820.1875
8719,-819.623046875
8720,-85.207275390625
8721,-121.257080078125
8722,-298.640625
8723,3504.99951171875
8724,3184.691650390625
8725,-240.69067382812503
8726,-102.295166015625
8727,3329.4541015625
8728,3105.709716796875
8729,13.906738281250002
8730,-220.2119140625
8731,-1996.412109375
8732,-178.34423828125
8733,5028.924316406251
8734,-240.62646484375003
8735,-1255.985595703125
8736,-167.552001953125
8737,5009.1015625
8738,-1036.64990234375
8739,2674.397216796875
8740,685.964111328125
8741,-1203.919189453125
8742,-468.466552734375
8743,628.103271484375
8744,860.1845703125
8745,-1307.2155761718748
8746,-494.740966796875
8747,-2114.6962890625
8748,2756.68017578125
8749,721.1689453125
8750,265.092041015625
8751,0.451904296875
8752,26.374267578125
8753,115.394287109375
8754,68.55126953125
8755,102.612060546875
8756,36.144287109375
8757,103.23779296875
8758,936.1240234375
8759,516.916015625
8760,316.66845703125
8761,2392.1533203125
8762,782.55029296875
8763,498.3828125
8764,396.19775390625
8765,-431.5341796875
8766,565.99365234375
8767,-322.73437499999994
8768,943.979736328125
8769,949.1083984375001
8770,-194.256591796875
8771,-395.218505859375
8772,863.2060546875
8773,849.180908203125
8774,-480.651123046875
8775,-460.513671875
8776,80.9716796875
8777,894.40625
8778,673.139404296875
8779,1029.010498046875
8780,317.27563476562506
8781,712.251220703125
8782,702.4995117187501
8783,-390.6982421875
8784,17.1259765625
8785,153.408935546875
8786,-440.650146484375
8787,-779.35986328125
8788,-121.368896484375
8789,-235.33813476562503
8790,-314.873046875
8791,-706.47998046875
8792,204.663818359375
8793,989.1923828125
8794,-144.3515625
8795,147.68115234374997
8796,-92.617431640625
8797,-77.26367187499999
8798,417.6728515625
8799,172.23242187499997
8800,-365.282958984375
8801,-850.372314453125
8802,66.458984375
8803,788.024658203125
8804,-307.9140625
8805,-480.290771484375
8806,1391.886962890625
8807,327.615234375
8808,-428.844970703125
8809,-285.0380859375
8810,984.2563476562501
8811,-223.737060546875
8812,298.613037109375
8813,788.0029296875
8814,902.890869140625
8815,1356.156005859375
8816,589.49609375
8817,718.91943359375
8818,720.345458984375
8819,-1116.01123046875
8820,941.9233398437499
8821,-603.033203125
8822,221.44921875
8823,687.013671875
8824,138.724853515625
8825,-25.447509765625
8826,104.4306640625
8827,936.026611328125
8828,622.7468261718749
8829,-1106.920654296875
8830,1561.1520996093748
8831,-788.149169921875
8832,-714.418212890625
8833,-192.36474609375
8834,1642.3571777343748
8835,-937.85498046875
8836,-682.359619140625
8837,-1315.751220703125
8838,1455.314453125
8839,-1564.127685546875
8840,-407.42431640625
8841,254.52075195312503
8842,-908.19482421875
8843,-241.81689453125
8844,-245.2431640625
8845,379.872802734375
8846,-511.74658203125006
8847,-192.59448242187503
8848,423.374267578125
8849,-185.35546875
8850,-507.82080078125
8851,-47.752685546875
8852,-525.013916015625
8853,-234.265625
8854,-401.90380859375
8855,1532.2885742187498
8856,2091.226318359375
8857,685.083251953125
8858,-258.17041015625
8859,-54.79296875
8860,932.728271484375
8861,289.766357421875
8862,-272.167236328125
8863,-51.5087890625
8864,118.28759765625001
8865,573.809326171875
8866,-36.629638671875
8867,103.729248046875
8868,-342.774658203125
8869,486.850830078125
8870,23.271484375
8871,-60.8310546875
8872,-198.384521484375
8873,-151.256103515625
8874,-8.124267578125
8875,-108.297607421875
8876,-143.181396484375
8877,-173.403564453125
8878,-51.36962890625
8879,-326.5
8880,-217.03271484375
8881,9.496337890625
8882,-223.39794921875
8883,-583.956787109375
8884,-346.851318359375
8885,1146.73681640625
8886,1367.371826171875
8887,-694.70166015625
8888,-187.373046875
8889,1123.66845703125
8890,1409.2441406249998
8891,-1313.7304687500002
8892,-599.4265136718749
8893,-64.192138671875
8894,2602.552734375
8895,2608.140380859375
8896,-45.85546875
8897,-43.66625976562501
8898,2795.4599609375
8899,2726.40869140625
8900,-3.982177734375
8901,-271.9560546875
8902,-77.38232421875
8903,-252.92236328125
8904,-127.32934570312499
8905,-197.958740234375
8906,1835.379150390625
8907,-232.710205078125
8908,-40.41845703125
8909,153.99951171875
8910,842.778076171875
8911,311.7197265625
8912,3085.851318359375
8913,1748.828125
8914,1593.526611328125
8915,960.776123046875
8916,2717.4423828125
8917,1621.0185546875
8918,148.64575195312503
8919,-428.549560546875
8920,438.908203125
8921,501.66064453125
8922,483.124755859375
8923,-956.671142578125
8924,713.798828125
8925,484.376953125
8926,591.9360351562499
8927,2473.14111328125
8928,-565.152587890625
8929,1809.19287109375
8930,-414.939208984375
8931,-491.64990234375
8932,6933.255615234375
8933,2032.675048828125
8934,-434.72265625
8935,-803.21630859375
8936,-50.943115234375
8937,883.7978515625
8938,33.77880859375
8939,659.921630859375
8940,452.668212890625
8941,232.9794921875
8942,145.213623046875
8943,844.33837890625
8944,483.20166015625006
8945,621.53173828125
8946,-153.923583984375
8947,-390.424072265625
8948,851.208251953125
8949,657.572021484375
8950,-467.949462890625
8951,-556.58349609375
8952,967.055908203125
8953,617.185791015625
8954,-248.810302734375
8955,63.967041015625
8956,-1327.703369140625
8957,2443.4680175781245
8958,3017.4870605468745
8959,-319.381591796875
8960,-1036.504638671875
8961,2464.065185546875
8962,3278.932373046875
8963,2409.769775390625
8964,-956.0808105468749
8965,-364.70483398437506
8966,2225.927490234375
8967,698.91162109375
8968,-300.0361328125
8969,-1180.7861328125
8970,2303.9287109375
8971,669.6252441406249
8972,1150.237548828125
8973,-1017.28076171875
8974,929.6669921875
8975,-118.25732421875
8976,-242.492919921875
8977,-815.173095703125
8978,-272.966552734375
8979,-141.5615234375
8980,-362.67236328125
8981,2048.905517578125
8982,1566.1328125
8983,396.49365234375
8984,918.543701171875
8985,-178.83740234375
8986,193.815185546875
8987,-843.636962890625
8988,861.263916015625
8989,-106.58984375
8990,2775.92041015625
8991,2055.511962890625
8992,2598.6044921875
8993,390.05517578125
8994,379.8310546875
8995,1425.411376953125
8996,276.338623046875
8997,199.9658203125
8998,-204.204345703125
8999,-218.79003906250003
9000,1159.784423828125
