iteration,energy
1,-0.532470703125
2,0.20751953125
3,-1.439453125
4,1.890380859375
5,1.5747070312499998
6,-2.595703125
7,1.014892578125
8,2.1474609375
9,3.99462890625
10,-4.274658203125
11,2.5419921875000004
12,20.130615234375
13,-5.47900390625
14,-0.019775390625
15,6.8818359375
16,17.8994140625
17,-0.7033691406250004
18,11.094970703125
19,34.248291015625
20,-14.853515625
21,-8.46630859375
22,2.357177734375
23,29.45166015625
24,-19.13818359375
25,-6.391845703125
26,15.6767578125
27,33.9287109375
28,29.080810546875
29,-12.5185546875
30,-13.046142578125
31,16.68701171875
32,35.39697265625
33,-13.773681640625
34,-9.568603515625002
35,-17.429931640625
36,56.46679687499999
37,122.669921875
38,10.678466796874998
39,-9.801025390625002
40,-5.4208984375
41,3.084228515625
42,7.3212890625
43,-7.617431640625002
44,77.0244140625
45,54.64501953125
46,-5.430908203125
47,27.709716796875004
48,29.832275390625
49,-65.75439453125
50,-64.113525390625
51,22.547851562500004
52,26.382080078125
53,-11.246826171875
54,-11.1875
55,7.28662109375
56,47.406494140625
57,28.81884765625
58,38.21142578125
59,-14.651123046875
60,46.652099609375
61,25.142578125
62,-6.525146484375
63,8.036376953125
64,-11.953369140625
65,-10.171875
66,-4.874267578125
67,-10.157470703125
68,-15.418701171875
69,-7.64306640625
70,-10.257080078125
71,-6.575439453125
72,-9.631103515625002
73,57.29833984375
74,-29.907958984375
75,-32.197998046875
76,31.634765625
77,49.733642578125
78,-29.253417968749996
79,-28.155029296875
80,5.898681640625001
81,62.892578125
82,-2.61669921875
83,-1.8305664062499998
84,-6.58447265625
85,11.759765625
86,15.052978515625002
87,3.029052734375
88,-8.019287109375
89,9.652343750000002
90,7.457275390625001
91,33.6337890625
92,-16.793212890625
93,-26.089599609375
94,10.03466796875
95,24.216064453125
96,-18.6787109375
97,-26.280029296875
98,5.0068359375
99,6.15087890625
100,20.462646484375
101,-28.186767578125
102,-30.45556640625
103,41.045654296875
104,-20.060546875
105,-30.50634765625
106,-26.96875
107,26.01513671875
108,33.3173828125
109,6.371337890625001
110,6.998046875000001
111,0.7297363281249999
112,-1.4663085937500002
113,7.682373046875
114,3.01318359375
115,3.912353515625
116,-7.549560546875001
117,-7.534423828125
118,-5.74609375
119,19.58349609375
120,-4.27392578125
121,9.3408203125
122,9.673828125
123,12.329345703125
124,-0.9697265625
125,-4.431884765625
126,5.071533203125
127,-37.9462890625
128,30.849365234375
129,14.009765625
130,-20.230224609375
131,8.283447265625
132,33.929931640625
133,18.215576171875
134,-7.662841796875
135,-4.21435546875
136,-15.6962890625
137,2.02880859375
138,2.710693359375
139,-8.21240234375
140,3.897705078125
141,4.148681640625
142,0.2802734375
143,39.85058593749999
144,-28.5625
145,10.027343750000002
146,6.222900390625001
147,-16.759033203125
148,12.7646484375
149,16.1962890625
150,11.260986328125
151,-15.703613281250002
152,6.941650390625001
153,18.68701171875
154,26.24755859375
155,54.24951171875
156,14.278564453125
157,53.513427734375
158,17.823486328125
159,62.511474609375
160,11.267333984374998
161,15.263671875
162,34.44677734375
163,37.41162109375
164,-34.766845703125
165,0.404541015625
166,-40.21679687499999
167,87.0380859375
168,-32.02685546875
169,-5.33642578125
170,35.349853515625
171,47.883056640625
172,24.24365234375
173,-20.694580078125
174,6.307373046875
175,5.832275390625001
176,12.429931640625
177,-16.065185546875
178,0.58203125
179,12.865478515625002
180,23.10009765625
181,69.979248046875
182,29.836181640625
183,-13.91943359375
184,-1.831298828125
185,75.28271484375
186,31.50390625
187,-15.337646484374998
188,-3.187255859375
189,22.180419921875
190,-20.67041015625
191,8.86376953125
192,22.927734375
193,105.6318359375
194,112.388427734375
195,13.141357421875
196,20.976562499999996
197,-2.534912109375
198,-16.27490234375
199,8.135498046875
200,0.8198242187500002
201,-5.76171875
202,8.706298828125
203,22.935302734374996
204,-3.6533203124999996
205,-3.246337890625
206,3.04248046875
207,12.742919921875
208,-22.017578125
209,-4.279541015625002
210,14.393310546875
211,20.370849609375
212,6.998291015625
213,-8.1611328125
214,15.78271484375
215,-52.1240234375
216,5.178466796875
217,-9.743408203125
218,21.12353515625
219,0.3271484375
220,-14.4033203125
221,-11.542968750000002
222,16.6806640625
223,10.19189453125
224,13.518798828125
225,13.012939453125
226,8.112060546875
227,4.461669921875
228,0.10522460937499978
229,27.88037109375
230,31.072509765625
231,6.210693359374999
232,-2.15966796875
233,2.14013671875
234,-0.153564453125
235,52.00683593749999
236,-20.864501953125
237,-8.72119140625
238,61.232177734375
239,48.483154296875
240,-22.352783203124996
241,-13.7958984375
242,15.11474609375
243,16.832275390625
244,-2.969970703125
245,33.01220703125
246,38.25
247,-8.931640625
248,-25.921630859375
249,38.337158203125
250,41.638427734375
251,-58.87451171875
252,-21.553955078125
253,3.305419921875
254,53.641357421875
255,78.9130859375
256,-23.431640625
257,-23.641601562500004
258,55.8349609375
259,83.71875000000001
260,-48.482177734375
261,-39.44384765625
262,-21.992919921875
263,27.107666015625
264,33.410400390625
265,4.371826171875
266,-23.887939453125
267,22.476562499999996
268,33.09423828125
269,-21.669921875
270,-25.269042968749996
271,22.740966796875004
272,102.850341796875
273,56.878662109375
274,87.411865234375
275,19.953125
276,105.095947265625
277,61.988525390625
278,29.255859375
279,40.6533203125
280,11.51318359375
281,7.588134765625
282,2.9716796875000004
283,-9.839843750000002
284,-17.07666015625
285,2.303466796875
286,3.22998046875
287,-20.77197265625
288,13.531494140625
289,49.0791015625
290,-22.251953125
291,-1.182373046875
292,20.993408203124996
293,14.220703125
294,-22.033935546875
295,1.11767578125
296,-8.697998046875
297,6.227783203125
298,76.044189453125
299,53.09033203125
300,-2.241210937500001
301,81.02392578125
302,7.718994140625001
303,57.44384765625
304,-9.990234375
305,19.5029296875
306,-17.549072265625
307,-5.56787109375
308,-16.108154296875
309,-3.6865234375000004
310,-12.897216796875
311,-1.052734375
312,-17.032470703125
313,-8.0322265625
314,2.599609375
315,-4.73681640625
316,0.484130859375
317,-8.2802734375
318,2.919189453125
319,2.7282714843750004
320,16.113525390625
321,-12.2001953125
322,2.90185546875
323,9.9580078125
324,7.6787109375
325,8.785400390625
326,137.327880859375
327,139.186767578125
328,36.125732421875
329,5.31640625
330,141.631591796875
331,141.833251953125
332,-6.9853515625
333,12.510986328125
334,-3.637451171875
335,-0.12939453125
336,-3.912109375
337,15.20068359375
338,9.42724609375
339,-3.254150390625
340,-3.492919921875
341,13.40966796875
342,8.38330078125
343,22.703857421875
344,-15.320068359375002
345,-14.40185546875
346,-68.64453125
347,-68.89697265625
348,-13.6162109375
349,-13.524169921875
350,54.921142578125
351,49.78662109375
352,-44.491943359375
353,42.690185546875
354,34.491455078125
355,-11.517333984374998
356,-40.003662109375
357,39.66796875
358,42.36328125
359,-5.388427734375
360,-39.92431640624999
361,-30.732177734374996
362,37.071044921875
363,40.522216796875
364,0.0810546875
365,-28.690917968749996
366,35.426513671875
367,37.787109375
368,-16.37841796875
369,-32.890869140625
370,-6.2900390625
371,9.869140625
372,-3.76611328125
373,12.53271484375
374,7.69140625
375,15.688232421875
376,-1.8813476562499998
377,-40.44775390625
378,24.166015625
379,62.005126953125
380,-12.491699218749998
381,-33.547119140625
382,35.68603515625
383,45.42504882812501
384,-8.1884765625
385,-27.157470703125
386,9.662353515625002
387,135.68603515625
388,12.27685546875
389,6.094482421875
390,-5.00341796875
391,-1.361572265625
392,11.75
393,6.70458984375
394,-2.237060546875
395,-8.587890625
396,15.163818359375
397,-9.626708984374998
398,8.806640625
399,0.36328125
400,-7.533447265625
401,-5.501708984375
402,8.45654296875
403,4.64306640625
404,2.528564453125
405,-0.80419921875
406,15.068359375
407,9.655761718749998
408,3.10302734375
409,-6.716552734375
410,-1.325927734375
411,5.66845703125
412,11.43212890625
413,24.087890625
414,45.77392578125
415,34.05078125
416,40.30712890625
417,-16.568603515625
418,2.962158203125
419,-4.3115234375
420,35.875732421875
421,-12.843261718749998
422,2.38818359375
423,47.72631835937501
424,-26.331542968749996
425,5.4423828125
426,2.527099609375
427,4.922607421875
428,-26.646484375
429,1.676513671875
430,6.15673828125
431,-16.515869140625
432,-26.18505859375
433,-23.26025390625
434,31.312255859375
435,19.39501953125
436,4.084228515625
437,-13.96533203125
438,31.209716796875004
439,19.970703125
440,-4.56689453125
441,-1.052490234375
442,9.329833984374998
443,17.821533203125
444,10.302001953125
445,-12.30810546875
446,2.309326171875
447,16.068603515625
448,5.661865234375
449,4.669921875000001
450,5.779541015625
451,52.881103515625
452,9.021728515625
453,-3.1420898437500004
454,24.15576171875
455,34.159423828125
456,11.636474609375
457,-10.206787109375
458,53.59814453125001
459,31.1357421875
460,-3.02734375
461,17.52978515625
462,-17.950927734375
463,1.886474609375
464,-3.88037109375
465,18.178466796875
466,-15.406982421875
467,-3.5302734375000004
468,-6.6982421875
469,90.4189453125
470,-26.920654296875
471,6.551025390624996
472,-38.59375
473,91.454833984375
474,-32.56396484375
475,0.6740722656249992
476,21.131103515625
477,85.948486328125
478,-20.034912109375
479,60.339599609375
480,35.0478515625
481,-10.347412109375002
482,19.63525390625
483,63.885986328125
484,37.007080078125
485,-11.873046875
486,14.531494140625
487,5.074951171875
488,2.602783203125
489,20.566162109375
490,3.9794921875000004
491,8.059814453125
492,4.931396484375
493,19.949951171875
494,-20.658935546875
495,-21.34326171875
496,9.845703125
497,-1.8198242187500002
498,-4.059326171875
499,-14.146484375
500,2.259033203125
501,-8.97705078125
502,-4.32177734375
503,-5.7890625
504,-4.982666015625
505,14.4375
506,2.26806640625
507,8.1279296875
508,-37.12744140625
509,13.53369140625
510,-2.808837890625
511,3.677001953125
512,-5.277099609374999
513,-12.670166015625002
514,-36.614990234375
515,35.98974609375
516,100.995361328125
517,-13.462646484374998
518,-64.599609375
519,32.69921875
520,96.384521484375
521,-50.5078125
522,-18.999267578125
523,14.862060546875
524,6.74560546875
525,-6.047119140625001
526,30.050048828125
527,29.6689453125
528,-0.4111328125
529,1.221923828125
530,-2.61962890625
531,12.0908203125
532,-33.37109375
533,23.0263671875
534,43.353271484375
535,17.136962890625
536,-44.186767578125
537,26.285400390625
538,36.24609375
539,-13.391113281250002
540,-26.02294921875
541,7.549072265625
542,22.120849609375
543,20.599853515625
544,4.445068359375
545,17.200439453125
546,20.176513671875
547,24.37744140625
548,-16.064453125
549,10.167724609375
550,-3.737548828125
551,26.105224609375
552,-5.734619140625001
553,24.284423828125
554,38.458251953125
555,23.433349609375
556,-5.59130859375
557,0.104736328125
558,-12.037841796875
559,27.85009765625
560,-48.837890625
561,-42.022705078125
562,-58.797607421875
563,22.5537109375
564,-50.545166015625
565,-42.2021484375
566,1.393310546875
567,204.533203125
568,-8.7724609375
569,94.02734375
570,103.009033203125
571,-35.523193359375
572,-10.755859375
573,102.16552734375
574,99.458251953125
575,-12.459228515625002
576,-6.54443359375
577,-37.43872070312499
578,-4.981689453125
579,21.625
580,-6.753417968750001
581,-16.872314453125
582,-3.8994140624999996
583,19.640869140625
584,72.543212890625
585,-37.32421875
586,29.1513671875
587,165.095458984375
588,108.99169921875
589,-10.302001953125
590,22.751708984375
591,169.5419921875
592,109.84423828125
593,31.607177734374996
594,3.8796386718749982
595,0.34130859375
596,0.303466796875
597,-6.568603515625
598,23.29150390625
599,4.726318359374999
600,0.48583984375
601,-6.904541015625
602,21.614501953125
603,-0.23291015625
604,-15.927001953125
605,38.327880859375
606,31.616455078125
607,-21.642333984375
608,-7.929931640625001
609,39.758544921875
610,32.513427734375
611,-9.742919921875
612,-1.916015625
613,70.9638671875
614,-0.16650390625000167
615,3.414062499999999
616,155.60693359375
617,55.42822265625
618,0.02124023437500011
619,-1.7275390625000007
620,16.968017578125
621,-0.088134765625
622,-41.121337890625
623,77.89208984375
624,94.163818359375
625,46.93994140625
626,-40.120361328125
627,75.09716796875
628,94.768310546875
629,1.8679199218749996
630,-10.211425781250002
631,4.56640625
632,3.855224609375
633,2.988525390625
634,-3.859130859375
635,1.597900390625
636,5.81640625
637,6.46484375
638,18.266845703125
639,3.98876953125
640,15.358886718749998
641,26.899658203124996
642,8.49072265625
643,1.4287109375
644,3.923828125
645,17.59765625
646,4.410888671875
647,1.9897460937500002
648,2.583251953125
649,-7.371826171875
650,-3.60888671875
651,-3.842041015625
652,2.08935546875
653,-0.6418457031249999
654,-2.2216796875
655,-2.06640625
656,-10.347900390625
657,-0.117431640625
658,20.0888671875
659,4.60693359375
660,-2.411376953125
661,8.26708984375
662,16.404052734375
663,-1.701904296875
664,-5.492919921875
665,29.435791015625
666,45.39111328125
667,32.5048828125
668,-7.325439453125
669,-7.5498046875
670,20.822265625
671,11.377685546875
672,-4.183837890625
673,-8.63525390625
674,-21.604248046875
675,23.927001953125
676,-1.3862304687500002
677,-19.94384765625
678,5.382568359374999
679,-55.5361328125
680,67.339599609375
681,-21.268798828125
682,-0.853515625
683,78.68603515625
684,12.552001953125
685,-0.1962890625
686,4.189453125
687,-14.53564453125
688,11.164550781250002
689,9.455810546875
690,5.47802734375
691,-14.505126953125
692,-1.12548828125
693,6.214599609374999
694,0.15527343750000008
695,-12.35693359375
696,-13.84814453125
697,81.91748046874999
698,-5.251220703125
699,-9.568359375
700,-10.615234375
701,-0.10205078125000004
702,-8.2998046875
703,3.489746093749999
704,89.59912109375
705,89.01953125
706,-2.9597167968750004
707,-2.6904296875000004
708,94.15185546875
709,86.33544921875
710,0.516357421875
711,15.234130859375
712,-3.727783203125
713,3.564208984375
714,6.452880859374999
715,28.236328125
716,-12.980468750000002
717,1.092041015625
718,-4.097412109375
719,0.2021484375
720,31.710937500000004
721,2.173095703125
722,10.759765625
723,4.617431640625001
724,5.414794921875
725,2.629638671875
726,8.361083984375
727,0.404296875
728,15.641357421875
729,2.50830078125
730,11.040283203125
731,4.815185546875
732,-4.083740234375
733,4.965576171875
734,14.6669921875
735,1.1762695312499998
736,2.43701171875
737,22.2587890625
738,14.239501953125
739,34.53662109375
740,-44.975341796875
741,-28.82421875
742,-1.606689453125
743,21.204345703125
744,-40.316162109375
745,-32.023193359375
746,-2.78857421875
747,28.380126953125
748,7.565185546875
749,51.77392578125
750,14.5458984375
751,-2.286376953125
752,-4.685791015625
753,51.932373046875
754,15.959716796875
755,15.587158203125
756,-8.01318359375
757,-38.278076171875
758,27.594482421875
759,28.529541015625
760,-34.496826171875
761,-32.06201171875
762,21.43603515625
763,27.106689453125
764,75.567626953125
765,-31.01416015625
766,-5.190185546875
767,-1.807861328125
768,-4.147216796875
769,20.851562499999996
770,3.576416015625
771,1.1987304687500002
772,-3.8974609375000004
773,15.232177734375
774,7.263916015625
775,-15.041015625
776,21.504638671875
777,3.5869140624999996
778,6.4375
779,18.992431640625
780,25.259521484375
781,0.47509765625000017
782,27.718994140625
783,12.426025390625
784,-23.730224609375
785,12.11181640625
786,17.526611328125
787,1.1142578124999991
788,1.7797851562499998
789,15.357177734375
790,19.587646484375
791,-1.716552734375
792,-16.852783203125
793,4.748779296875
794,16.153564453125
795,-0.4658203125
796,-12.87255859375
797,1.700927734375
798,12.260009765625
799,-1.5825195312499998
800,7.39501953125
801,3.6005859375000004
802,11.32275390625
803,0.88525390625
804,2.130615234375
805,4.2158203125
806,4.4384765625
807,0.516845703125
808,12.96875
809,-7.18603515625
810,7.566650390625001
811,-12.850830078125
812,21.208251953125
813,65.733154296875
814,0.21508789062500044
815,40.127685546875
816,16.876708984375
817,65.947509765625
818,-11.376953125
819,2.32861328125
820,49.465576171875
821,-56.9462890625
822,4.751953124999999
823,19.50537109375
824,27.646728515625
825,-57.050537109375
826,3.473388671875
827,-21.194091796875004
828,24.043701171875
829,35.28662109375
830,-9.982421875
831,-16.156494140625
832,5.580078124999999
833,35.842529296875
834,-16.012939453125
835,-13.253906249999998
836,60.680908203125
837,32.681884765625
838,53.0634765625
839,-33.2265625
840,11.014892578125
841,85.625244140625
842,55.554443359375
843,-31.07958984375
844,17.358154296875
845,16.05712890625
846,20.564208984375
847,28.302734375
848,-9.326416015625002
849,-16.251708984375
850,-13.940185546875
851,-7.903564453125
852,-12.708251953125
853,-18.921142578125
854,-11.204345703125
855,-11.12841796875
856,98.6005859375
857,8.452392578125
858,-2.1318359375
859,73.661376953125
860,87.515625
861,7.516357421875
862,-1.6474609374999998
863,-1.3481445312500009
864,91.2294921875
865,21.873779296875
866,3.801025390624999
867,-10.922363281250002
868,34.802490234375
869,36.599609375
870,4.14892578125
871,-13.2763671875
872,23.72119140625
873,62.252685546875
874,-27.423828125
875,38.603271484375
876,14.461425781250002
877,7.49072265625
878,-0.315673828125
879,41.161376953125
880,18.05517578125
881,-21.981689453125
882,11.042724609374998
883,34.67333984375
884,24.328369140625
885,-1.7163085937500002
886,77.010009765625
887,16.132080078125
888,29.840576171875
889,0.9396972656249998
890,-2.13916015625
891,4.61572265625
892,17.239990234375
893,-23.845458984375
894,32.108642578125
895,80.908935546875
896,-36.183349609375
897,-20.503417968749996
898,37.42993164062499
899,-7.902099609374999
900,22.499267578125
901,21.952392578125
902,55.21191406250001
903,1.765625
904,48.349853515625
905,33.537841796875
906,56.647216796875
907,0.853515625
908,-16.262451171875
909,-23.709228515625
910,-7.97265625
911,9.524658203125
912,53.9287109375
913,-7.28759765625
914,-4.681396484375
915,14.6875
916,49.880126953125
917,-7.34228515625
918,-1.5244140625000004
919,3.564208984375
920,4.50048828125
921,2.93408203125
922,-0.5993652343750001
923,-1.687255859375
924,5.634033203125
925,5.09765625
926,-4.04443359375
927,-1.845703125
928,0.048095703125000056
929,16.60595703125
930,11.201416015625002
931,12.12158203125
932,7.02685546875
933,12.292236328125
934,3.843505859375
935,-8.130615234375
936,4.264892578125
937,-15.12060546875
938,74.763427734375
939,34.471435546875
940,15.80810546875
941,-5.84033203125
942,80.942138671875
943,32.6240234375
944,113.44287109375
945,90.303955078125
946,-16.2587890625
947,13.539794921875
948,3.49560546875
949,5.323486328125
950,10.81689453125
951,10.402099609375
952,-1.507568359375
953,-16.031494140625
954,19.896240234375
955,3.034423828125
956,29.148437500000004
957,17.159912109375
958,6.80078125
959,-3.67724609375
960,28.63330078125
961,17.189208984375
962,-24.363037109375
963,-4.151611328125
964,-3.79052734375
965,-4.117919921875
966,-9.625732421875
967,47.46240234375
968,-5.702880859374999
969,-5.36474609375
970,-11.986083984374998
971,1.91015625
972,-6.2646484375
973,-27.291015625
974,-70.599365234375
975,36.3349609375
976,97.911376953125
977,98.65942382812501
978,-71.798583984375
979,31.2880859375
980,-24.716796875
981,-27.80078125
982,31.542236328125
983,-18.578125
984,-17.2900390625
985,19.8466796875
986,32.14208984375
987,-18.063232421875
988,-15.46337890625
989,45.888427734375
990,39.613525390625
991,-0.82958984375
992,38.56445312500001
993,32.301513671875
994,-4.494873046875
995,3.0166015624999996
996,41.880859375
997,33.934814453125
998,0.2080078125
999,2.952392578125
1000,6.318603515625
1001,1.2526855468749996
1002,-7.2001953125
1003,31.752197265625004
1004,8.7451171875
1005,-1.3076171875
1006,-9.37841796875
1007,0.5312500000000002
1008,3.375
1009,3.59814453125
1010,0.306884765625
1011,2.85009765625
1012,-0.7661132812500003
1013,2.456787109375
1014,-4.790283203125
1015,2.17041015625
1016,-0.1826171875
1017,4.9169921875
1018,11.397949218749998
1019,-2.995849609375
1020,-9.340087890625
1021,52.04296875
1022,2.78369140625
1023,-2.291259765625
1024,-10.601806640625
1025,14.18505859375
1026,25.43603515625
1027,11.074218750000002
1028,0.476806640625
1029,-14.58447265625
1030,5.9697265625
1031,15.65869140625
1032,-0.09399414062500044
1033,-11.84814453125
1034,39.75341796875
1035,12.479736328125
1036,-28.480224609375
1037,35.052001953125
1038,33.341552734375
1039,-1.0859375
1040,-26.47119140625
1041,34.259521484375
1042,36.973876953125
1043,1.2470703125
1044,-26.973388671875
1045,-2.602783203125
1046,19.681396484375
1047,8.43359375
1048,-12.392578125
1049,-9.607177734375
1050,13.171875
1051,11.3564453125
1052,18.98388671875
1053,-6.300048828125
1054,-4.06494140625
1055,-6.444091796875
1056,-5.02685546875
1057,40.010986328125
1058,-6.405029296875
1059,-7.727783203125
1060,-4.903564453125
1061,27.737792968749996
1062,-9.085693359375
1063,1.060546875
1064,22.763427734374996
1065,16.385498046875
1066,20.75439453125
1067,14.423828125
1068,23.198486328125
1069,15.093017578125
1070,4.53662109375
1071,1.719970703125
1072,1.6665039062499998
1073,24.861083984375
1074,23.792724609375
1075,9.392333984374998
1076,-9.0029296875
1077,25.6904296875
1078,25.504638671875
1079,-3.591552734375
1080,-4.19482421875
1081,-13.386962890625
1082,89.23486328124999
1083,39.121337890625
1084,6.1201171875
1085,1.55859375
1086,90.234619140625
1087,44.535888671875
1088,19.36572265625
1089,31.458740234375
1090,8.04833984375
1091,5.5947265625
1092,19.237792968749996
1093,12.088623046875
1094,0.5905761718750001
1095,8.755859375
1096,11.325927734375
1097,-12.06884765625
1098,-1.7734375
1099,-4.761962890625001
1100,13.6953125
1101,9.291015625
1102,-30.561279296875
1103,-16.14453125
1104,17.84326171875
1105,8.2744140625
1106,-7.895751953125
1107,-23.866455078125
1108,3.076904296875
1109,43.927001953125
1110,61.69140625
1111,13.6318359375
1112,-13.4091796875
1113,40.020263671875
1114,60.647216796875
1115,-3.37255859375
1116,-7.14013671875
1117,-18.32177734375
1118,24.157470703125
1119,10.668701171875
1120,12.3115234375
1121,-6.726806640625001
1122,25.460205078125
1123,11.1005859375
1124,-55.568603515625
1125,-15.986083984374998
1126,0.10888671875
1127,-7.385009765625
1128,-1.187255859375
1129,10.30615234375
1130,-5.995361328125
1131,-8.947265625
1132,2.326171875
1133,0.00830078125
1134,11.749511718749998
1135,-47.11083984375
1136,68.8125
1137,46.17529296875
1138,50.7158203125
1139,-37.490478515625
1140,68.7216796875
1141,52.055419921875
1142,0.9658203124999982
1143,-51.75
1144,3.091552734375
1145,-8.148681640625
1146,-13.233642578125
1147,2.995361328125
1148,12.749267578125
1149,-4.896728515625
1150,-16.2275390625
1151,7.27978515625
1152,11.785156249999998
1153,6.554199218749999
1154,-14.206298828125
1155,-8.993408203125
1156,-3.737548828125
1157,1.5908203125
1158,-19.843994140625
1159,-6.18701171875
1160,3.43701171875
1161,10.269287109375
1162,-24.279052734374996
1163,-9.218505859375
1164,-14.21337890625
1165,19.135986328125
1166,-47.340087890625
1167,-5.61376953125
1168,-13.428466796875
1169,-4.679443359374999
1170,-10.01708984375
1171,-0.294921875
1172,14.05224609375
1173,17.838134765625
1174,-5.2529296875
1175,-1.8969726562499998
1176,13.338623046875
1177,24.537841796875004
1178,-1.901123046875
1179,-4.612060546875
1180,-2.512451171875
1181,-4.250244140625
1182,7.037353515625
1183,-0.556884765625
1184,-11.355712890625
1185,-12.97216796875
1186,1.3500976562499998
1187,-25.998291015625
1188,-3.275390625
1189,40.13500976562501
1190,-21.318359375
1191,-20.732177734374996
1192,39.869140625
1193,46.23046875
1194,-20.415771484375
1195,-19.193115234375
1196,-10.404052734375
1197,39.792724609375
1198,3.784912109375
1199,5.89111328125
1200,4.819091796875
1201,-4.5107421875
1202,-0.572509765625
1203,2.8359375
1204,2.2861328125
1205,0.72021484375
1206,-2.310546875
1207,11.162109375
1208,8.663818359375
1209,-2.12890625
1210,-0.363037109375
1211,-1.8608398437500002
1212,11.60791015625
1213,4.949462890625001
1214,-4.37841796875
1215,7.91064453125
1216,7.590087890625001
1217,-8.40625
1218,-2.759521484375
1219,20.731201171875
1220,6.430908203125
1221,-5.431640624999999
1222,-0.49755859375
1223,-3.00732421875
1224,7.982177734375
1225,16.139404296875
1226,-7.726806640625001
1227,2.27197265625
1228,85.438720703125
1229,1.808349609375
1230,-7.52001953125
1231,-0.8137207031249999
1232,-4.894287109374999
1233,18.47998046875
1234,2.4709472656249996
1235,-26.07373046875
1236,49.294677734375
1237,-17.7548828125
1238,-12.33447265625
1239,-26.152587890625
1240,50.511474609375
1241,69.155029296875
1242,66.880126953125
1243,-27.021728515625
1244,81.912841796875
1245,79.618896484375
1246,-3.042724609375
1247,2.946044921875
1248,82.618408203125
1249,80.315673828125
1250,-37.72705078125
1251,-37.8271484375
1252,-30.799560546875
1253,2.739013671875
1254,5.028076171875
1255,20.627197265625004
1256,1.538818359375
1257,7.788330078125
1258,0.9338378906249999
1259,-12.52587890625
1260,-28.329833984375
1261,-3.77294921875
1262,2.576416015625
1263,8.5361328125
1264,-2.29541015625
1265,2.03759765625
1266,5.773193359374999
1267,8.09375
1268,-28.3681640625
1269,5.616943359374999
1270,-14.706787109375
1271,31.2158203125
1272,-1.0244140625
1273,7.4072265625
1274,-16.818359375
1275,27.60302734375
1276,-0.0712890625
1277,-6.51318359375
1278,-0.6623535156249999
1279,72.618408203125
1280,-31.385986328125
1281,-36.223388671875
1282,22.99755859375
1283,38.51513671875
1284,-30.612060546875
1285,-42.771728515625
1286,21.708251953125
1287,39.91796875
1288,0.541259765625
1289,22.550537109375
1290,-45.042236328125
1291,-13.5
1292,-8.13720703125
1293,27.268310546875
1294,-44.78662109375
1295,7.960205078125
1296,11.88818359375
1297,-2.912353515625
1298,14.76708984375
1299,61.63720703125
1300,27.852294921875
1301,-12.3427734375
1302,14.072509765625
1303,60.43066406250001
1304,-40.030517578125
1305,43.10937500000001
1306,-3.8173828124999996
1307,-2.2907714843750004
1308,-12.383056640625
1309,-2.4619140624999996
1310,-6.505126953125
1311,0.035400390625
1312,-12.386718750000002
1313,38.68408203125
1314,2.56982421875
1315,49.335205078125
1316,18.661376953125
1317,-17.74560546875
1318,0.9519042968750001
1319,3.011474609375
1320,17.333740234375
1321,-19.994140625
1322,48.72314453125001
1323,95.31884765625
1324,-55.119140625
1325,35.61767578125
1326,43.56396484375
1327,10.82958984375
1328,-17.879638671875
1329,30.339599609375
1330,40.419189453125
1331,37.30029296875
1332,-58.86181640624999
1333,16.59326171875
1334,-23.48046875
1335,-19.65380859375
1336,5.458984374999997
1337,7.06689453125
1338,-16.73291015625
1339,-19.9248046875
1340,64.4091796875
1341,13.5595703125
1342,0.8078613281249999
1343,7.078369140625001
1344,3.07470703125
1345,-6.150390624999999
1346,2.5732421875000004
1347,11.916259765625
1348,-2.371826171875
1349,24.60546875
1350,-1.008544921875
1351,149.329833984375
1352,-14.808349609375
1353,-58.937255859375
1354,88.34716796875
1355,42.113525390625
1356,-16.2119140625
1357,-64.051025390625
1358,7.537841796875
1359,84.44677734375
1360,14.845458984374998
1361,-18.55419921875
1362,-25.64453125
1363,70.168212890625
1364,66.442626953125
1365,-19.392333984375
1366,-21.845458984375
1367,25.197265625
1368,-4.404541015625
1369,-9.3857421875
1370,25.999267578125
1371,11.0673828125
1372,-42.19873046875
1373,-2.73486328125
1374,24.746337890625
1375,15.964111328125
1376,12.58056640625
1377,8.47607421875
1378,-3.69482421875
1379,-19.217041015625
1380,9.43212890625
1381,22.737792968749996
1382,14.799560546875
1383,-20.842041015625
1384,11.028076171875
1385,4.82373046875
1386,-0.037109375
1387,-9.82373046875
1388,16.4521484375
1389,12.68505859375
1390,-10.225341796875
1391,-45.426025390625
1392,17.314208984375
1393,13.593994140625
1394,12.455322265625
1395,-17.26171875
1396,9.921142578125
1397,24.832763671875
1398,3.927978515625
1399,-9.2861328125
1400,-7.337158203125
1401,17.3505859375
1402,12.141113281250002
1403,-12.10009765625
1404,-5.429443359374999
1405,45.558349609375
1406,60.20166015625
1407,-33.316650390625
1408,40.0078125
1409,43.64624023437499
1410,62.82080078125
1411,-27.16259765625
1412,18.519042968749996
1413,-5.22607421875
1414,2.354736328125
1415,1.3735351562499998
1416,-0.024169921875000056
1417,1.787109375
1418,-1.620849609375
1419,5.244873046875
1420,-1.016845703125
1421,-0.42822265625
1422,2.74169921875
1423,-3.71337890625
1424,-8.392822265625
1425,-1.984619140625
1426,8.17138671875
1427,-6.0908203125
1428,-8.856201171875
1429,-6.45458984375
1430,41.19287109375
1431,-5.73095703125
1432,4.093505859375
1433,-0.0751953125
1434,-4.2587890625
1435,-11.044921875
1436,-10.947998046875
1437,4.2880859375
1438,-1.2260742187500002
1439,-9.76123046875
1440,-6.175048828125
1441,9.929199218749998
1442,-19.307373046875
1443,21.64794921875
1444,-24.869873046875
1445,-17.962890625
1446,-15.90380859375
1447,15.60400390625
1448,-18.868896484375
1449,4.674072265625
1450,-15.89990234375
1451,9.375
1452,5.368896484375
1453,-1.508056640625
1454,-13.468505859375
1455,6.8115234375
1456,6.887451171875
1457,8.619140625
1458,-8.62353515625
1459,-7.73291015625
1460,-3.628173828125
1461,4.5673828125
1462,-8.538330078125
1463,-7.439697265625
1464,-0.54541015625
1465,4.35888671875
1466,-14.233154296875
1467,-11.980224609375
1468,6.46875
1469,2.918701171875
1470,0.6047363281249999
1471,-1.7314453125
1472,5.16796875
1473,4.594482421875
1474,3.099365234375
1475,-10.409912109375
1476,15.774658203125
1477,-16.611328125
1478,0.198486328125
1479,-4.633056640625001
1480,19.703857421875
1481,67.8330078125
1482,-6.92529296875
1483,-4.53369140625
1484,8.4970703125
1485,-21.394287109375
1486,11.73681640625
1487,-22.500732421875
1488,20.705322265625004
1489,-36.556640625
1490,-2.567626953125
1491,-25.59130859375
1492,24.31787109375
1493,-33.17333984375
1494,10.7431640625
1495,-14.537841796875
1496,17.843994140625
1497,48.926513671875
1498,-5.2744140625
1499,-6.343994140625001
1500,18.133056640625
1501,47.827880859375
1502,-10.235107421875
1503,-12.04931640625
1504,49.55126953125
1505,12.477783203125
1506,-6.3251953125
1507,0.09228515625
1508,6.343505859374999
1509,11.6357421875
1510,-11.388916015625002
1511,59.36743164062499
1512,24.09765625
1513,23.132812499999996
1514,16.12158203125
1515,-7.86181640625
1516,5.56640625
1517,10.39990234375
1518,16.268798828125
1519,-3.815185546875
1520,1.356689453125
1521,2.799560546875
1522,128.3681640625
1523,-37.319580078125
1524,-13.911376953125
1525,-42.583251953125
1526,85.030517578125
1527,-35.4052734375
1528,-9.40380859375
1529,44.282958984375
1530,133.157958984375
1531,47.490966796875
1532,-20.360107421875
1533,-52.03955078125
1534,0.94287109375
1535,-2.755615234375
1536,-15.734130859375
1537,-57.08691406250001
1538,24.14599609375
1539,23.667724609375
1540,-2.2548828125
1541,-1.654541015625
1542,9.92041015625
1543,3.217529296875
1544,1.103271484375
1545,-4.771484375000001
1546,9.776123046875
1547,17.98828125
1548,-9.684814453125
1549,40.71118164062499
1550,-16.42919921875
1551,-8.870849609375
1552,40.3720703125
1553,-17.833740234375
1554,-17.998046875
1555,-13.6884765625
1556,-14.37744140625
1557,31.9091796875
1558,-2.2045898437500004
1559,90.94970703125
1560,84.407958984375
1561,-17.44189453125
1562,0.10693359374999978
1563,89.12890625000001
1564,84.57470703125
1565,4.880126953125
1566,-8.416015625
1567,-8.591064453125
1568,8.227783203125
1569,8.27783203125
1570,-5.94384765625
1571,-13.097656249999998
1572,8.2919921875
1573,7.85107421875
1574,9.025146484375
1575,11.60595703125
1576,16.61328125
1577,-1.0637207031250004
1578,-4.433837890625
1579,-3.1904296875000004
1580,-3.335693359375
1581,-7.64013671875
1582,-6.072021484375
1583,20.379638671875
1584,24.891601562500004
1585,5.54638671875
1586,25.870849609375
1587,-12.044677734375
1588,30.38671875
1589,30.66259765625
1590,28.94873046875
1591,-5.927490234375
1592,-53.96142578125
1593,-57.66552734375
1594,25.480712890625
1595,21.8564453125
1596,-3.3291015624999996
1597,30.64794921875
1598,10.926513671875
1599,19.429931640625
1600,-1.8330078125000002
1601,8.0224609375
1602,29.5498046875
1603,36.314453125
1604,39.608642578125
1605,7.79638671875
1606,30.605957031250004
1607,23.949707031250004
1608,41.607177734375
1609,2.5986328124999996
1610,-15.891357421875
1611,-7.485595703125
1612,8.2099609375
1613,-6.987548828125
1614,-1.388427734375
1615,7.694091796875
1616,-3.152587890625
1617,-4.927978515625
1618,3.194091796875
1619,4.845703124999999
1620,4.015625
1621,-8.55126953125
1622,12.1103515625
1623,20.79736328125
1624,16.03955078125
1625,-13.431396484374998
1626,14.1826171875
1627,21.31103515625
1628,5.16552734375
1629,-16.165283203125
1630,-4.427978515625
1631,29.247314453125
1632,24.8642578125
1633,6.971923828125
1634,-14.590576171875
1635,24.594482421875
1636,27.054443359375
1637,17.15625
1638,6.199462890625001
1639,-12.003662109375
1640,-2.35693359375
1641,36.924560546875
1642,-12.192626953125
1643,-4.49462890625
1644,-7.563232421875
1645,38.984619140625
1646,93.2783203125
1647,-13.55615234375
1648,131.68505859375
1649,139.950927734375
1650,-42.77197265625
1651,125.56811523437499
1652,65.141845703125
1653,148.633544921875
1654,-43.065185546875
1655,30.108398437499996
1656,51.55908203125
1657,-70.589111328125
1658,-10.445800781250002
1659,51.139404296875
1660,23.025390625
1661,-40.087890625
1662,-12.013427734375
1663,53.347900390625
1664,-34.419677734375
1665,32.051513671875
1666,-14.949951171875
1667,-1.044921875
1668,-7.702392578125
1669,-14.68212890625
1670,-16.3232421875
1671,2.291748046875
1672,-10.085205078125
1673,0.9018554687500003
1674,-7.588623046875
1675,9.246093750000002
1676,-7.985107421875
1677,-9.314697265625
1678,-30.681884765625
1679,25.530029296875
1680,-8.369384765625
1681,-11.24560546875
1682,45.32177734375
1683,46.035888671875
1684,-2.2600097656249996
1685,1.708251953125
1686,-2.322265625
1687,86.7880859375
1688,-3.531494140625
1689,3.1064453124999996
1690,0.7800292968750001
1691,-4.692138671875002
1692,-5.6513671875
1693,-49.75732421875
1694,-31.1875
1695,26.778564453125
1696,9.4716796875
1697,16.381103515625
1698,-31.57958984375
1699,25.700439453125
1700,-47.3662109375
1701,-48.894775390625
1702,105.698974609375
1703,-16.341796875
1704,-12.80126953125
1705,-23.076416015625
1706,-31.077880859375
1707,-18.360595703125
1708,-17.251953125
1709,68.200439453125
1710,68.55029296875
1711,-2.580078125
1712,7.270263671874998
1713,16.786376953125
1714,41.33935546874999
1715,65.75732421875
1716,8.595947265625
1717,16.695556640625
1718,-31.680419921875
1719,21.5517578125
1720,67.011474609375
1721,10.304443359375
1722,-9.236083984374998
1723,-11.963134765625
1724,69.918701171875
1725,6.930419921875
1726,-8.354248046875
1727,16.435302734375
1728,92.640625
1729,158.2734375
1730,-47.368408203125
1731,-23.124755859375
1732,50.544677734375
1733,124.372314453125
1734,-49.18408203125
1735,-25.316162109375004
1736,46.58251953125
1737,21.671142578125
1738,-2.64990234375
1739,-20.548828125
1740,-17.701904296875
1741,10.169677734375
1742,-13.378906249999998
1743,-22.19580078125
1744,-11.150634765625
1745,14.737548828125
1746,0.55859375
1747,2.427001953125
1748,-1.7783203125
1749,-6.556396484375
1750,11.452880859375
1751,-8.06201171875
1752,-1.343017578125
1753,-4.93896484375
1754,-4.190673828125
1755,-8.943603515625
1756,-17.598388671875
1757,24.443115234375
1758,15.602294921875
1759,0.3818359375
1760,-11.252685546875
1761,23.652587890625
1762,18.26904296875
1763,-41.339599609375
1764,-12.66650390625
1765,-19.59814453125
1766,13.516113281250002
1767,16.608642578125
1768,6.36865234375
1769,-21.165283203124996
1770,12.952392578125
1771,14.382568359375
1772,13.166259765625
1773,-23.758544921875
1774,24.826416015625
1775,-9.580810546875
1776,-12.210693359375
1777,5.095947265625
1778,20.226318359375
1779,-13.024169921875
1780,-12.042968750000002
1781,-11.94091796875
1782,38.177734375
1783,11.532470703125
1784,-9.2294921875
1785,-2.957275390625
1786,-22.53564453125
1787,17.122314453125
1788,-16.975341796875
1789,-2.16796875
1790,3.614013671875
1791,13.916015625
1792,2.29736328125
1793,8.861083984375
1794,9.087646484375
1795,5.881103515625
1796,-2.197998046875
1797,5.53369140625
1798,10.3974609375
1799,-4.183837890625
1800,5.732177734375
1801,5.172607421875
1802,5.0322265625
1803,10.616943359375
1804,-21.894287109375
1805,2.123779296875
1806,3.317138671875
1807,5.185546875000001
1808,8.76416015625
1809,4.333740234375
1810,-2.175537109375
1811,9.645263671875
1812,21.23828125
1813,-50.0087890625
1814,-6.5283203125
1815,11.720703125
1816,19.42578125
1817,-3.353759765625
1818,-8.959716796875
1819,52.01806640624999
1820,-2.0632324218749996
1821,0.6491699218749998
1822,49.44140625
1823,54.690673828125
1824,0.007324218750000444
1825,8.7802734375
1826,16.231689453125
1827,41.76245117187499
1828,-2.771728515625
1829,8.471435546875
1830,9.605224609375
1831,-43.275390625
1832,0.480224609375
1833,13.885009765625
1834,9.063720703125
1835,-9.266357421875
1836,-0.396484375
1837,1.263427734375
1838,-0.3095703125
1839,11.26806640625
1840,20.248779296875
1841,-3.580322265625
1842,2.087890625
1843,6.272705078125
1844,1.088623046875
1845,-12.849365234375
1846,33.8095703125
1847,-8.023193359375
1848,-16.828125
1849,47.27880859375
1850,48.52368164062499
1851,-13.29833984375
1852,-23.144775390625
1853,-1.84765625
1854,63.90185546874999
1855,56.790283203125
1856,-1.544189453125
1857,-53.6357421875
1858,86.0546875
1859,117.16430664062499
1860,0.970703125
1861,-56.23681640624999
1862,74.86181640625
1863,-62.238525390625
1864,-8.2080078125
1865,41.669921875
1866,21.360595703125
1867,76.878173828125
1868,-60.562255859375
1869,35.79296875
1870,15.672607421875
1871,-26.16259765625
1872,-22.813232421875
1873,15.081298828125
1874,-8.73583984375
1875,-26.734130859375
1876,9.367431640625
1877,124.36572265625
1878,-0.9494628906249999
1879,-30.013671875
1880,41.468994140625
1881,14.826171875
1882,40.410400390625
1883,-18.484375
1884,1.6943359375
1885,-26.89599609375
1886,18.306640625
1887,-18.299072265625
1888,3.656005859375
1889,-14.973388671875
1890,-0.5
1891,-37.39868164062499
1892,6.707763671875
1893,60.4072265625
1894,12.694580078125
1895,-3.02587890625
1896,7.794189453125
1897,59.12255859375
1898,-2.91943359375
1899,1.333984375
1900,-0.7448730468750001
1901,-11.823974609375
1902,23.347412109375
1903,-28.368408203124996
1904,-21.451904296875
1905,-9.923583984374998
1906,18.3798828125
1907,-3.412353515625
1908,14.158203125
1909,-6.93896484375
1910,5.432861328125
1911,5.872314453125
1912,17.059326171875
1913,-11.953369140625
1914,7.74755859375
1915,4.419677734375
1916,12.898681640625
1917,-9.40283203125
1918,-15.387939453125
1919,-6.376708984375
1920,63.79150390625
1921,74.932373046875
1922,-6.130859374999999
1923,-8.8974609375
1924,61.874755859375
1925,-2.3603515624999996
1926,-9.4833984375
1927,94.365966796875
1928,127.791748046875
1929,22.1337890625
1930,75.994140625
1931,-37.53125
1932,118.085205078125
1933,27.118408203124996
1934,-18.81787109375
1935,15.675048828125
1936,22.01123046875
1937,-25.762451171875
1938,-17.397705078125
1939,-9.831787109375
1940,-0.533203125
1941,-24.0029296875
1942,-19.603515625
1943,-3.9736328124999996
1944,19.224853515625
1945,23.646728515625
1946,-16.828125
1947,-1.9111328125
1948,10.775146484374998
1949,11.157470703125
1950,-10.378173828124998
1951,0.9645996093750001
1952,-15.489501953125
1953,-6.768310546875
1954,-18.31494140625
1955,1.4936523437500002
1956,1.770751953125
1957,-1.6047363281250004
1958,-8.18017578125
1959,3.754150390625
1960,5.0166015625
1961,12.825927734375
1962,-10.748291015625002
1963,-2.514892578125
1964,-8.7646484375
1965,-14.531982421875
1966,-3.0205078124999996
1967,-6.1640625
1968,-8.416259765625
1969,-11.820556640625
1970,-3.6064453124999996
1971,-5.281982421875
1972,25.847412109375
1973,-2.8232421875000004
1974,-3.00390625
1975,51.76806640624999
1976,22.903564453125
1977,-3.021728515625
1978,-2.599365234375
1979,3.8330078124999996
1980,23.732421875
1981,-22.753173828125
1982,-14.34912109375
1983,-10.55224609375
1984,4.626220703125
1985,-3.248291015625
1986,-16.840087890625
1987,-6.84033203125
1988,-15.566406249999998
1989,-3.276123046875
1990,42.691162109375
1991,-21.10546875
1992,-15.6611328125
1993,23.73388671875
1994,34.793212890625
1995,-22.0751953125
1996,-19.99365234375
1997,87.19091796875
1998,35.732421875
1999,-2.5156250000000004
2000,-0.9372558593750004
2001,80.876708984375
2002,-17.92919921875
2003,-11.324218750000002
2004,2.89453125
2005,80.707275390625
2006,-24.945556640625
2007,-17.616455078125
2008,-17.49853515625
2009,-4.209228515625
2010,4.260498046875
2011,-5.642822265625
2012,1.9755859375
2013,-4.128173828125
2014,1.1557617187500002
2015,4.4150390625
2016,22.297119140625
2017,-11.134033203125
2018,2.740966796875
2019,-1.853271484375
2020,9.190185546875
2021,26.245849609375
2022,-1.185791015625
2023,-5.07861328125
2024,-21.392578125
2025,27.89892578125
2026,-3.362060546875
2027,-12.328125
2028,26.277587890625
2029,-3.4755859375000004
2030,7.244140624999999
2031,-7.52197265625
2032,27.6533203125
2033,-12.321044921875
2034,-4.181884765625
2035,15.542236328125
2036,-18.033935546875
2037,-31.089599609375
2038,25.031982421875
2039,17.541015625
2040,-18.517333984375
2041,-33.131591796875
2042,21.054687500000004
2043,122.46923828125
2044,17.53759765625
2045,3.284423828125
2046,-19.187255859375
2047,88.13330078125
2048,13.399169921875
2049,8.386962890625
2050,-13.42041015625
2051,-53.19189453125001
2052,19.189208984375
2053,-4.190185546875
2054,3.94384765625
2055,7.309326171875
2056,-4.753662109374999
2057,-0.143310546875
2058,0.3349609375
2059,8.152587890625
2060,20.634521484375
2061,-0.98779296875
2062,-4.87158203125
2063,60.99316406250001
2064,50.97021484375
2065,11.6611328125
2066,3.40185546875
2067,59.59033203125
2068,51.207763671875
2069,-19.360107421875
2070,-9.987548828125
2071,-16.419677734375
2072,29.54052734375
2073,35.726806640625
2074,-21.583740234375
2075,-22.525634765625
2076,26.255859375
2077,37.068359375
2078,-5.88623046875
2079,-16.813232421875
2080,0.89208984375
2081,-7.27490234375
2082,-2.60986328125
2083,39.35375976562501
2084,3.010009765625
2085,-15.898925781250002
2086,-1.483154296875
2087,0.205078125
2088,-12.005859375
2089,-15.033447265625
2090,3.0864257812499996
2091,-2.554443359375
2092,43.09326171875
2093,-5.216552734375
2094,3.175537109375
2095,3.241943359375
2096,-15.648681640625
2097,24.685791015625
2098,-10.27099609375
2099,12.7763671875
2100,13.318115234375
2101,11.648193359375
2102,1.971923828125
2103,12.537841796875
2104,9.10498046875
2105,10.432861328125
2106,-5.923095703125
2107,-5.77783203125
2108,8.244384765625
2109,-0.400634765625
2110,1.823974609375
2111,-5.05419921875
2112,3.702392578125
2113,0.216796875
2114,15.056640625
2115,0.140380859375
2116,52.458984375
2117,56.976806640625
2118,-6.939941406250002
2119,12.940673828125
2120,19.817138671875
2121,66.2958984375
2122,-8.9345703125
2123,-1.943359375
2124,35.601318359375
2125,-19.887939453125
2126,7.468505859374999
2127,12.913818359375
2128,-1.732666015625
2129,-3.640380859375
2130,11.857666015625002
2131,15.7490234375
2132,2.322265625
2133,-15.87646484375
2134,-2.9912109375000004
2135,3.8718261718750004
2136,-2.6123046875000004
2137,-0.42065429687500044
2138,12.259033203125
2139,2.51025390625
2140,0.6589355468750001
2141,0.56787109375
2142,23.098388671875
2143,35.781494140625
2144,46.664794921875
2145,-20.796875
2146,-0.21215820312500133
2147,-1.01123046875
2148,45.735107421875
2149,-18.47412109375
2150,67.094482421875
2151,59.448974609375
2152,3.822265625
2153,2.2939453125
2154,4.518798828125
2155,19.243408203124996
2156,9.47412109375
2157,1.4018554687500002
2158,4.88134765625
2159,7.073974609374999
2160,3.72265625
2161,3.1689453124999996
2162,-9.373291015625002
2163,-13.206298828125
2164,14.7998046875
2165,-5.177001953125
2166,-11.797607421875
2167,-14.48291015625
2168,5.053955078125
2169,13.96240234375
2170,14.291015625
2171,9.766845703125
2172,-20.78759765625
2173,31.716796875
2174,10.8056640625
2175,4.483642578125
2176,-15.021484375
2177,41.290771484375
2178,110.168701171875
2179,-1.1813964843750027
2180,102.50830078125
2181,77.925048828125
2182,-8.325439453125
2183,-1.2614746093750002
2184,88.384033203125
2185,76.598388671875
2186,16.6875
2187,-2.5136718750000004
2188,47.8408203125
2189,113.4794921875
2190,19.884765625
2191,-17.6201171875
2192,-48.647705078125
2193,113.441162109375
2194,18.432373046875
2195,104.309326171875
2196,17.214111328125
2197,-1.8955078125
2198,3.869384765625
2199,5.583251953125
2200,-2.093505859375
2201,3.8193359375000004
2202,11.128662109375
2203,4.470703125
2204,7.7841796875
2205,1.169921875
2206,24.873291015625
2207,-37.4794921875
2208,-48.87158203125
2209,19.992431640625
2210,31.349365234375
2211,-42.39501953125
2212,-40.76000976562501
2213,13.27978515625
2214,20.83642578125
2215,-26.075927734374996
2216,15.369140625
2217,20.057861328125
2218,-5.593017578125
2219,-24.9619140625
2220,17.35693359375
2221,15.256103515625002
2222,-3.87548828125
2223,-18.074951171875
2224,50.24804687499999
2225,-2.623779296875
2226,-7.546875
2227,51.18310546874999
2228,31.727294921875
2229,-10.579345703125
2230,-6.42041015625
2231,7.533935546875
2232,27.39453125
2233,-14.865966796875
2234,15.172363281250002
2235,10.439697265625
2236,-6.6025390625
2237,-21.44140625
2238,7.72607421875
2239,10.822265625
2240,-17.948974609375
2241,-11.25927734375
2242,0.221435546875
2243,55.91796875
2244,-0.343017578125
2245,-4.29052734375
2246,19.89794921875
2247,56.68310546874999
2248,3.6806640624999996
2249,35.64794921875
2250,14.335693359375
2251,2.877685546875
2252,-0.5832519531249999
2253,-2.572021484375
2254,29.21044921875
2255,10.014892578125
2256,-0.1728515625
2257,-5.863525390625001
2258,33.7705078125
2259,33.3330078125
2260,6.151123046875
2261,-11.184326171875
2262,-8.02392578125
2263,1.760498046875
2264,14.99365234375
2265,-7.932861328125
2266,-8.59375
2267,4.0546875
2268,19.563476562500004
2269,7.03857421875
2270,-9.3896484375
2271,3.416015625
2272,-15.270263671875
2273,-11.725341796875
2274,-10.510009765625
2275,0.8762207031249999
2276,60.254638671875
2277,52.36962890625
2278,1.967529296875
2279,-4.772216796875
2280,12.14208984375
2281,-1.2407226562499998
2282,-9.25439453125
2283,-6.90087890625
2284,9.445800781250002
2285,-11.468017578125
2286,8.16455078125
2287,20.420654296875
2288,8.495849609375
2289,5.097900390625001
2290,-8.40283203125
2291,29.2470703125
2292,5.757080078125
2293,-1.088134765625
2294,29.704833984375
2295,26.827392578125
2296,16.162841796875
2297,7.1962890625
2298,5.521484375000001
2299,10.2744140625
2300,-12.1318359375
2301,4.991455078125
2302,4.197998046875
2303,-2.878173828125
2304,4.79931640625
2305,6.9833984375
2306,43.981689453125
2307,75.28442382812501
2308,25.20458984375
2309,8.11376953125
2310,50.7080078125
2311,71.7607421875
2312,14.5693359375
2313,13.9609375
2314,-10.170166015625002
2315,-50.604248046875
2316,24.76318359375
2317,-17.963134765625
2318,16.11083984375
2319,-53.622802734375
2320,29.30419921875
2321,42.168212890625
2322,2.329345703125
2323,8.039306640625
2324,2.401123046875
2325,-2.6943359375000004
2326,6.90576171875
2327,-13.703125
2328,7.532470703125
2329,-0.6047363281249999
2330,-9.09375
2331,-17.491943359375
2332,11.132080078125
2333,43.264404296875
2334,10.795654296875
2335,12.748046875
2336,9.623779296875
2337,41.90234375
2338,8.935302734375
2339,-5.862548828125
2340,-2.06005859375
2341,3.47998046875
2342,1.8696289062499998
2343,0.7761230468750001
2344,-0.8508300781249999
2345,-2.85302734375
2346,2.392578125
2347,5.183349609374999
2348,-0.281494140625
2349,1.254150390625
2350,-1.011962890625
2351,-1.559326171875
2352,-3.855224609375
2353,13.914550781250002
2354,8.905029296875
2355,-2.88232421875
2356,-2.094970703125
2357,-10.978759765625
2358,-6.301025390625001
2359,-15.32470703125
2360,11.893798828125
2361,15.988525390625
2362,-0.7548828125
2363,-1.6943359375000007
2364,16.402587890625
2365,24.634033203124996
2366,9.763916015625002
2367,10.134765625
2368,16.6064453125
2369,-7.472412109374999
2370,-13.312744140625
2371,86.72802734375
2372,20.886962890625
2373,-13.2880859375
2374,-17.063232421875
2375,22.801513671875
2376,38.500244140625
2377,4.384521484375
2378,-7.127197265625
2379,9.361572265625
2380,16.8984375
2381,-12.400390625
2382,-6.264892578125
2383,12.222412109375
2384,3.8212890624999996
2385,7.773681640625001
2386,12.1669921875
2387,1.4331054687500002
2388,2.715576171875
2389,-8.46728515625
2390,4.013427734375
2391,-0.6003417968750001
2392,1.2749023437500002
2393,-22.94873046875
2394,23.101318359375
2395,45.6953125
2396,8.33935546875
2397,-0.375
2398,12.1337890625
2399,55.68115234375
2400,3.687744140625
2401,-1.3784179687500004
2402,-3.590576171875
2403,60.823486328125
2404,6.886962890625001
2405,-3.031982421875
2406,-6.53173828125
2407,-4.04296875
2408,12.774658203125
2409,-9.10009765625
2410,-4.16845703125
2411,9.973876953125
2412,13.32568359375
2413,16.810791015625
2414,-10.32470703125
2415,-30.177978515625
2416,-0.775390625
2417,10.537841796875
2418,-5.489501953125
2419,-24.89697265625
2420,8.092529296875
2421,4.744140624999999
2422,74.5517578125
2423,8.745361328125
2424,-33.636474609375
2425,18.650634765625
2426,55.30859375
2427,4.37158203125
2428,-32.720458984375
2429,40.371826171875
2430,13.930419921875
2431,9.060546875
2432,-16.2177734375
2433,-6.972900390625001
2434,-1.1650390625
2435,-2.89404296875
2436,-19.648193359375
2437,-3.63134765625
2438,8.37744140625
2439,0.20166015625
2440,-0.079833984375
2441,-2.731201171875
2442,-4.860595703125
2443,1.450927734375
2444,-4.283447265625
2445,-0.183837890625
2446,-2.56982421875
2447,-1.55078125
2448,-1.409423828125
2449,4.174560546875
2450,-6.34716796875
2451,18.85302734375
2452,-20.230224609375
2453,7.266357421875
2454,-4.51953125
2455,18.524169921875
2456,-14.989990234375
2457,-0.9814453125
2458,15.186279296875
2459,16.583740234375
2460,21.37109375
2461,-7.050537109374999
2462,16.131591796875
2463,16.017822265625
2464,14.999511718749998
2465,25.677978515625
2466,13.74365234375
2467,-16.055908203125
2468,-7.45068359375
2469,23.74755859375
2470,-9.311767578125
2471,5.06298828125
2472,1.838134765625
2473,30.89892578125
2474,-22.90478515625
2475,11.444824218749998
2476,-12.138916015625002
2477,-0.8737792968750001
2478,-11.481201171875
2479,0.8884277343750001
2480,3.12060546875
2481,1.195556640625
2482,-14.331787109375
2483,4.37548828125
2484,4.235595703125
2485,24.869384765625
2486,57.913330078125
2487,-1.5803222656250004
2488,9.499755859375
2489,3.3046875
2490,49.96191406250001
2491,1.4604492187500004
2492,111.101318359375
2493,45.97558593749999
2494,-8.969970703125
2495,-7.946044921875
2496,-13.248291015625002
2497,20.94873046875
2498,-7.8212890625
2499,-6.445556640625001
2500,-6.488525390625001
2501,3.31787109375
2502,-10.005126953125
2503,67.497314453125
2504,-0.3671875000000004
2505,-15.476074218749998
2506,-8.716064453125
2507,69.39892578125
2508,2.6137695312499996
2509,-12.4375
2510,38.26025390625
2511,61.32470703125
2512,25.354736328125
2513,0.081298828125
2514,-3.048583984375
2515,5.037109375000001
2516,28.270263671875
2517,2.454833984375
2518,3.345947265625
2519,-8.596435546875
2520,34.2607421875
2521,17.189453125
2522,-0.97705078125
2523,31.26171875
2524,-6.3125
2525,31.78857421875
2526,-0.240966796875
2527,28.462158203124996
2528,5.522705078125
2529,23.629150390625
2530,21.587158203124996
2531,3.15087890625
2532,18.66259765625
2533,-1.513916015625
2534,-19.969726562500004
2535,1.3427734375
2536,11.003906249999998
2537,29.75732421875
2538,-4.703125
2539,23.489501953125
2540,-21.873779296875
2541,-2.807373046875
2542,12.712890625
2543,-5.2548828125
2544,-22.895263671875
2545,0.190673828125
2546,1.6064453125
2547,11.6904296875
2548,34.983154296875
2549,-24.974609375
2550,-20.676025390625
2551,62.30322265625
2552,34.359130859375
2553,-26.925048828125
2554,-18.447021484375
2555,-19.635986328125
2556,28.064208984375
2557,6.5966796875
2558,-24.945556640625
2559,112.8271484375
2560,-15.342529296875
2561,-15.749511718749998
2562,-13.858886718750002
2563,116.98632812500001
2564,-17.3623046875
2565,-17.89794921875
2566,11.382080078125
2567,-5.562255859374999
2568,-4.206787109375
2569,-9.84130859375
2570,-8.001220703125
2571,-8.157470703125
2572,-4.955078124999999
2573,49.338623046875
2574,5.508544921875
2575,-35.529296875
2576,46.290771484375
2577,36.765869140625
2578,-4.49365234375
2579,-17.53857421875
2580,36.46875
2581,38.34423828125
2582,5.785156249999999
2583,-22.10986328125
2584,-3.630859375
2585,7.509033203125
2586,21.092041015625
2587,-36.73486328125
2588,-10.046875000000002
2589,0.7932128906249999
2590,16.04736328125
2591,1.1083984375
2592,-1.1850585937500002
2593,3.08740234375
2594,-0.25830078125
2595,-3.61962890625
2596,5.8212890625
2597,11.618408203125
2598,-1.9130859375
2599,-4.041015625
2600,-5.263916015625
2601,-2.842041015625
2602,-9.407958984374998
2603,7.025634765625
2604,-12.718261718749998
2605,-24.263671875
2606,31.53173828125
2607,15.01904296875
2608,-13.708984375
2609,30.716064453125
2610,3.641845703125
2611,-3.94677734375
2612,-0.7119140625
2613,7.034912109374999
2614,-6.62646484375
2615,4.907958984375
2616,1.1665039062499998
2617,7.5400390625
2618,6.50244140625
2619,-1.738037109375
2620,5.940673828125
2621,45.186767578125
2622,-0.7102050781249999
2623,5.450927734375
2624,6.578125
2625,45.02368164062499
2626,4.481689453125
2627,-20.02294921875
2628,-0.418212890625
2629,11.180175781250002
2630,-0.4431152343750001
2631,63.92236328125
2632,-14.489990234375
2633,-20.50439453125
2634,-0.73291015625
2635,66.666748046875
2636,4.659912109374999
2637,-1.6171875
2638,-11.208740234375
2639,2.281982421875
2640,-5.321533203125
2641,39.1875
2642,-34.094970703125
2643,2.29443359375
2644,-9.741699218749998
2645,-6.09765625
2646,-8.42041015625
2647,62.47021484375
2648,-29.47607421875
2649,-17.51953125
2650,-23.767822265625004
2651,102.7607421875
2652,-30.337158203124996
2653,-17.215576171875
2654,43.72900390625
2655,168.58935546875
2656,46.140869140625
2657,8.0673828125
2658,-8.138427734375
2659,-3.4501953124999996
2660,42.68896484375
2661,6.937255859374999
2662,-10.3037109375
2663,-3.0668945312499996
2664,26.71923828125
2665,-0.532470703125
2666,5.00341796875
2667,10.18896484375
2668,-11.008056640625
2669,-10.8017578125
2670,11.717529296875
2671,18.941162109375
2672,39.575439453125
2673,24.811767578125
2674,-35.818603515625
2675,73.552001953125
2676,44.1787109375
2677,-17.841064453125
2678,-56.431396484375
2679,74.15185546875
2680,47.34521484375
2681,11.947998046875
2682,-40.442138671875
2683,5.803466796875
2684,18.293701171875
2685,21.200439453125
2686,2.537109375
2687,-10.86181640625
2688,16.508544921875
2689,22.799560546875
2690,-6.861328124999999
2691,-8.423828125
2692,12.921386718749998
2693,1.5927734375
2694,-4.384033203125
2695,-0.6862792968750001
2696,-6.345947265625
2697,-1.158203125
2698,3.4755859375000004
2699,14.37841796875
2700,-4.12841796875
2701,15.678466796875
2702,-6.64306640625
2703,-13.197265625
2704,8.936767578125
2705,12.08251953125
2706,-1.239990234375
2707,-12.9716796875
2708,5.153564453125
2709,25.76025390625
2710,13.594238281250002
2711,-1.2236328125000004
2712,-27.85107421875
2713,-7.257080078125
2714,-0.896484375
2715,2.991455078125
2716,-25.0048828125
2717,10.880126953125
2718,36.71728515625
2719,104.969482421875
2720,58.060791015625
2721,-27.101806640625
2722,43.37622070312499
2723,54.341552734375
2724,55.361083984375
2725,-33.2783203125
2726,27.584228515625
2727,7.533447265625
2728,-1.6560058593750002
2729,23.527587890625
2730,15.151123046875
2731,9.9208984375
2732,14.637451171875
2733,20.938232421875
2734,10.390625
2735,-4.55078125
2736,-11.002685546875
2737,-1.8679199218749996
2738,90.387451171875
2739,64.3388671875
2740,-5.759033203125
2741,-18.45263671875
2742,89.949951171875
2743,63.48999023437499
2744,29.511962890625
2745,10.683349609375
2746,-7.706298828125
2747,20.738037109375
2748,-13.559814453125
2749,137.82470703125
2750,2.261230468749999
2751,25.404296875
2752,-15.817626953125
2753,-12.854736328125
2754,23.934814453125
2755,-2.751953125
2756,-7.781982421875
2757,39.190673828125
2758,1.592529296875
2759,-24.177001953125
2760,-9.06298828125
2761,36.33642578125
2762,-20.623779296875
2763,-5.9345703125
2764,7.1279296875
2765,-14.783447265625
2766,-7.5498046875
2767,16.244384765625
2768,16.511962890625
2769,-15.07177734375
2770,-6.6748046875
2771,71.321044921875
2772,38.265380859375
2773,-18.46337890625
2774,7.556396484375
2775,10.99658203125
2776,-27.81103515625
2777,-0.29150390625
2778,6.375
2779,4.522705078125
2780,-4.188720703125
2781,-10.78662109375
2782,-25.427490234375
2783,10.8525390625
2784,10.24755859375
2785,19.136962890625
2786,-1.3056640625
2787,12.3759765625
2788,13.768310546875
2789,-2.79833984375
2790,-17.60546875
2791,9.26416015625
2792,-18.1787109375
2793,120.227294921875
2794,-11.06005859375
2795,-14.677001953125
2796,-17.43798828125
2797,119.28564453125
2798,-7.687255859374999
2799,-10.640136718749998
2800,6.84423828125
2801,8.722900390625
2802,-3.311767578125
2803,-9.457763671875
2804,-2.10498046875
2805,10.163574218749998
2806,-4.169677734375
2807,0.11328125
2808,7.131103515625
2809,-18.421875
2810,6.69384765625
2811,30.4306640625
2812,-0.334716796875
2813,-3.946533203125
2814,14.897705078125
2815,26.805908203124996
2816,9.056396484375
2817,4.669921875000001
2818,-2.38623046875
2819,-16.349853515625
2820,-24.490234375
2821,5.57861328125
2822,24.153076171875
2823,-17.5966796875
2824,-26.851806640625
2825,81.602783203125
2826,-16.04248046875
2827,134.1171875
2828,11.78759765625
2829,-14.689208984375004
2830,23.242187500000004
2831,36.351806640625
2832,12.572021484374998
2833,-13.148437500000002
2834,71.77001953125
2835,19.516845703125
2836,-30.508544921875
2837,14.770263671875
2838,24.1318359375
2839,15.853271484374998
2840,-49.781494140625
2841,17.306640625
2842,20.0
2843,-3.997314453125
2844,-40.839111328125
2845,-76.92065429687501
2846,3.131591796875
2847,19.315673828125
2848,-22.5673828125
2849,-22.5849609375
2850,0.548583984375
2851,15.539306640625
2852,28.370849609375
2853,32.216796875
2854,48.635986328125
2855,11.266113281250002
2856,-22.6669921875
2857,16.16943359375
2858,32.90966796875
2859,14.010009765625
2860,-22.620361328125
2861,8.414794921875
2862,83.78369140625
2863,-0.9904785156249999
2864,0.16943359375
2865,1.928955078125
2866,-20.770263671875
2867,-45.03247070312499
2868,-7.042236328125
2869,5.875
2870,16.656005859375
2871,8.409912109375
2872,-17.0458984375
2873,39.67749023437499
2874,45.173828125
2875,-6.303466796875
2876,-6.649658203125003
2877,41.22070312500001
2878,45.154541015625
2879,-23.8369140625
2880,-10.541015625000002
2881,-5.519287109374999
2882,8.2265625
2883,15.43896484375
2884,-2.62548828125
2885,-3.4833984375000004
2886,10.641113281250002
2887,12.349853515625002
2888,-0.51416015625
2889,-13.28759765625
2890,-74.61083984375
2891,20.556884765625
2892,87.370361328125
2893,17.052001953125
2894,-33.86474609375
2895,21.1630859375
2896,91.336181640625
2897,-51.7001953125
2898,-21.023681640625
2899,-6.973388671875
2900,3.8486328124999996
2901,-9.465576171875
2902,-7.592529296875
2903,7.213623046875
2904,0.2919921875
2905,-8.748046875
2906,-4.863037109374999
2907,10.13037109375
2908,-36.610107421875
2909,70.077392578125
2910,94.150146484375
2911,9.690673828125
2912,-54.42749023437499
2913,73.11962890625
2914,97.78759765625001
2915,-6.867919921875
2916,-8.725341796875
2917,17.609130859375
2918,-2.09326171875
2919,-19.27294921875
2920,43.923583984375
2921,-2.150634765625
2922,4.292724609375
2923,-19.47021484375
2924,13.089111328125
2925,17.17724609375
2926,7.61474609375
2927,7.24267578125
2928,8.19677734375
2929,0.7822265625
2930,14.675537109375
2931,6.5341796875
2932,6.04345703125
2933,-16.392822265625
2934,11.979248046875
2935,-6.3798828125
2936,1.195068359375
2937,-7.039794921875
2938,22.885009765625
2939,-29.97705078125
2940,6.91357421875
2941,-5.102294921875
2942,10.89306640625
2943,30.585693359375
2944,16.03564453125
2945,0.40380859375
2946,2.5068359375000004
2947,87.128173828125
2948,21.047607421875
2949,-3.982666015625
2950,-1.9819335937500002
2951,-4.49755859375
2952,12.095947265625
2953,40.8359375
2954,-4.58544921875
2955,-10.749267578125
2956,-69.65869140625
2957,41.90747070312499
2958,-4.024658203125
2959,-8.404296875
2960,61.801513671875
2961,50.41455078125
2962,1.1821289062499998
2963,13.208251953125
2964,13.266845703125
2965,8.733154296875
2966,-0.7529296875
2967,13.2578125
2968,20.625976562500004
2969,-1.453857421875
2970,24.1904296875
2971,8.257080078125
2972,-7.63720703125
2973,-10.69384765625
2974,85.729736328125
2975,9.8310546875
2976,-9.906982421875
2977,-13.434326171875
2978,-5.011962890625001
2979,7.392578124999999
2980,-5.30908203125
2981,14.525634765625
2982,3.008056640625
2983,-40.503173828125
2984,1.3896484375
2985,19.170654296875
2986,3.163330078125
2987,-12.5380859375
2988,22.139892578125
2989,24.839111328125
2990,-3.759765625
2991,1.906982421875
2992,12.167724609375
2993,38.4658203125
2994,0.375
2995,7.057373046875
2996,-15.074462890625
2997,15.030761718749998
2998,62.087646484375
2999,-1.4685058593750002
3000,-13.028076171875
3001,32.623291015625
3002,64.51171875
3003,-4.899169921875002
3004,-10.66552734375
3005,19.9599609375
3006,63.059326171875
3007,-6.284423828125
3008,32.38671875
3009,26.741455078125
3010,-2.448486328125
3011,-9.279296875
3012,33.199462890625
3013,29.10791015625
3014,-7.998046875000001
3015,5.55859375
3016,13.662841796874996
3017,37.88256835937501
3018,64.283203125
3019,-0.9997558593750001
3020,-35.5234375
3021,38.87939453125001
3022,62.26806640624999
3023,-67.158447265625
3024,-29.586181640625
3025,16.28173828125
3026,21.14208984375
3027,3.5068359375000004
3028,-8.571533203125
3029,12.072998046875
3030,17.38037109375
3031,5.047119140625001
3032,72.3271484375
3033,21.699951171875
3034,-0.9108886718750001
3035,23.945312499999996
3036,67.03857421875
3037,-7.144042968749999
3038,7.534912109374999
3039,15.812255859375
3040,67.62060546875
3041,28.74462890625
3042,-10.205322265625
3043,11.58935546875
3044,5.243896484375
3045,-7.646484375000001
3046,-7.0927734375
3047,8.178955078125
3048,6.52197265625
3049,-8.930419921875
3050,-11.723388671875
3051,8.7880859375
3052,-10.83447265625
3053,-8.90380859375
3054,-8.555908203125
3055,-1.6208496093749998
3056,-7.145751953125
3057,-5.3349609375
3058,-8.95849609375
3059,9.71728515625
3060,12.27783203125
3061,-54.050537109375
3062,-25.893798828125
3063,122.291748046875
3064,17.2802734375
3065,-27.601806640625
3066,-25.8857421875
3067,122.14892578125
3068,12.2119140625
3069,-1.918701171875
3070,24.110351562500004
3071,-20.429687500000004
3072,-16.48876953125
3073,-15.635009765625
3074,176.107666015625
3075,-30.996337890625
3076,-9.520263671875
3077,63.566162109375
3078,7.918457031249998
3079,17.482177734375
3080,2.074462890625
3081,3.587646484375
3082,-6.11474609375
3083,14.152587890625
3084,-0.39501953125
3085,2.2734375
3086,62.8583984375
3087,13.275146484374998
3088,2.23193359375
3089,-25.591552734374996
3090,4.47509765625
3091,0.51025390625
3092,34.032958984375
3093,-23.388427734374996
3094,5.191162109374999
3095,-7.9208984375
3096,38.328369140625
3097,-13.798828125
3098,6.497802734375
3099,-16.246337890625
3100,6.912109375000001
3101,3.681640625
3102,6.251953124999999
3103,-14.41162109375
3104,18.55322265625
3105,-0.7287597656249999
3106,23.83447265625
3107,-39.990478515625
3108,-6.066162109374999
3109,78.660400390625
3110,36.66259765625
3111,-37.964599609375
3112,-13.795654296875
3113,-42.105224609375
3114,24.245849609375
3115,13.183593750000002
3116,-3.040283203125
3117,10.040283203125
3118,19.79150390625
3119,15.431396484374998
3120,-2.373291015625
3121,3.387939453125
3122,-10.160400390625
3123,-10.198486328125
3124,12.832763671875
3125,-24.811279296875
3126,-22.646484375
3127,0.2353515625
3128,9.32177734375
3129,-27.0361328125
3130,-29.80517578125
3131,-6.994140624999999
3132,23.15185546875
3133,14.869140625
3134,-18.339111328125
3135,-22.132080078125
3136,-2.7548828124999996
3137,11.482421875
3138,-13.449218750000002
3139,-14.91748046875
3140,5.186767578125
3141,15.094970703125
3142,6.757080078125
3143,35.815673828125
3144,3.189208984375
3145,20.479736328125
3146,3.032470703125
3147,40.391357421875
3148,9.660888671875
3149,17.51025390625
3150,-5.5205078125
3151,1.2221679687500002
3152,4.0859375
3153,-1.515380859375
3154,-13.085205078125
3155,6.356201171875
3156,5.945068359374999
3157,2.846923828125
3158,-5.369140624999999
3159,-0.043212890625
3160,-70.78564453125
3161,-31.058349609375
3162,99.490234375
3163,-8.146728515624996
3164,18.62451171875
3165,-28.92333984375
3166,96.31005859375001
3167,19.9716796875
3168,8.187499999999993
3169,15.652343750000002
3170,129.40966796875
3171,130.457763671875
3172,4.783447265625
3173,23.582763671875
3174,136.443115234375
3175,127.495361328125
3176,-20.318603515625
3177,15.536376953125
3178,-8.73095703125
3179,7.474853515625
3180,4.957763671875
3181,19.98388671875
3182,-5.254150390625001
3183,14.006591796875
3184,3.68310546875
3185,-4.564208984375
3186,-9.60693359375
3187,18.28173828125
3188,-15.02685546875
3189,5.791748046875
3190,-49.1142578125
3191,-3.14501953125
3192,-8.402587890625
3193,3.63916015625
3194,36.625244140625
3195,109.507568359375
3196,-12.238525390625
3197,60.430908203125
3198,67.672119140625
3199,32.501953125
3200,-13.052978515625002
3201,56.2080078125
3202,67.78466796875
3203,-8.3603515625
3204,-23.32958984375
3205,-11.39697265625
3206,8.0947265625
3207,10.1171875
3208,73.83544921875
3209,-16.233642578125
3210,17.16552734375
3211,13.431884765625
3212,-31.229248046875
3213,-25.145751953125
3214,24.7060546875
3215,-48.444580078125
3216,-46.9853515625
3217,18.20263671875
3218,26.58251953125
3219,-48.816650390625
3220,-48.98583984375
3221,30.190673828125
3222,36.1533203125
3223,7.634521484375
3224,24.546875
3225,3.169189453125
3226,35.8486328125
3227,32.218505859375
3228,18.53955078125
3229,9.541015625
3230,3.02294921875
3231,-2.225830078125
3232,39.20312499999999
3233,-37.4599609375
3234,-62.68066406250001
3235,-14.277587890625
3236,44.811767578125
3237,-38.362060546875
3238,-61.19970703125
3239,24.342041015625
3240,42.864501953125
3241,123.11279296875
3242,6.825439453125
3243,-25.091552734374996
3244,46.8251953125
3245,17.337646484375
3246,11.10400390625
3247,-18.72509765625
3248,31.0341796875
3249,37.388916015625
3250,11.92822265625
3251,2.619873046875
3252,7.974853515625
3253,-0.7185058593750001
3254,9.345703125
3255,5.4150390625
3256,12.207275390625
3257,18.50244140625
3258,1.841796875
3259,12.132324218749998
3260,-10.48876953125
3261,-25.159423828125
3262,-7.185546875000001
3263,17.23388671875
3264,-13.984619140625
3265,-22.535888671875
3266,-9.11962890625
3267,33.4619140625
3268,9.249267578125
3269,99.669921875
3270,30.72705078125
3271,58.465087890625
3272,-50.16040039062501
3273,92.87426757812499
3274,30.08447265625
3275,3.01904296875
3276,30.800292968749996
3277,-9.162841796875
3278,-0.48583984375
3279,12.138916015625002
3280,5.237060546875
3281,-5.6904296875
3282,4.804931640625001
3283,10.0234375
3284,17.15576171875
3285,-4.136962890625
3286,-4.023681640625002
3287,51.923828125
3288,80.32861328125
3289,-11.640869140625
3290,-5.854736328125
3291,42.97998046875
3292,75.50341796875
3293,-36.041748046875
3294,-28.904052734374996
3295,11.93408203125
3296,2.570068359375
3297,0.6748046875
3298,-6.467529296875
3299,-1.7114257812499998
3300,7.30712890625
3301,4.486572265625
3302,-2.6787109375000004
3303,-5.463623046875
3304,13.735107421875
3305,3.19189453125
3306,-5.28466796875
3307,37.740478515625
3308,32.68603515625
3309,4.204345703125
3310,-8.83935546875
3311,-11.515136718749998
3312,-5.0849609375
3313,17.667724609375
3314,6.306640624999999
3315,-18.40283203125
3316,9.215576171875
3317,14.60400390625
3318,8.7744140625
3319,-18.7451171875
3320,5.853759765625
3321,-4.76708984375
3322,-11.219970703125
3323,24.453125
3324,4.93994140625
3325,35.505615234375
3326,34.47412109375
3327,26.162109375
3328,2.335205078125
3329,-10.752685546875
3330,8.732177734375
3331,51.8388671875
3332,8.908203125
3333,4.756591796874999
3334,-20.946533203124996
3335,63.66845703125
3336,1.8547363281249998
3337,5.7919921875
3338,40.478515625
3339,51.177734375
3340,2.9436035156250004
3341,-16.741943359375
3342,-11.3955078125
3343,51.85498046875
3344,-10.325439453125
3345,-15.861083984374998
3346,-6.907958984375
3347,3.1162109375000004
3348,3.182373046875
3349,13.063720703125
3350,-29.314453125
3351,-17.0029296875
3352,62.28466796875
3353,-20.89111328125
3354,-26.79248046875
3355,-16.112060546875
3356,-6.0166015625
3357,14.394287109375
3358,12.722412109375
3359,-0.19213867187499956
3360,-9.373046875
3361,16.734619140625
3362,28.81787109375
3363,-14.660156249999998
3364,-0.4853515625
3365,32.444091796875
3366,-4.3427734375
3367,-0.7470703125
3368,40.629150390625
3369,-14.69970703125
3370,20.604248046875
3371,6.16259765625
3372,41.62109375
3373,-16.665771484375
3374,2.15234375
3375,-0.78515625
3376,41.76708984375
3377,-4.15966796875
3378,-7.465087890625001
3379,40.94970703125
3380,39.772705078125
3381,-4.37646484375
3382,-6.62451171875
3383,-27.201904296875
3384,41.396484375
3385,-3.802001953125
3386,-2.532958984375
3387,4.188232421875
3388,-30.89013671875
3389,-35.746826171875
3390,-4.744873046875
3391,9.42626953125
3392,27.218505859375
3393,1.1889648437500002
3394,-0.99755859375
3395,1.002685546875
3396,4.31005859375
3397,14.710449218749998
3398,4.2607421875
3399,5.97607421875
3400,2.4833984375000004
3401,0.23876953125
3402,-2.354248046875
3403,15.689697265625
3404,10.6865234375
3405,21.781982421875
3406,-4.936279296875
3407,-17.33984375
3408,9.663330078125
3409,21.899658203124996
3410,15.765136718749998
3411,17.173828125
3412,-13.8271484375
3413,6.290283203125
3414,-5.851806640625001
3415,7.08740234375
3416,-9.885498046875
3417,4.1640625
3418,-6.733154296875
3419,36.074462890625
3420,82.598388671875
3421,-8.502197265625
3422,-7.917724609374999
3423,0.2958984375
3424,5.224609375000001
3425,-19.096923828125
3426,-8.5595703125
3427,5.441162109374999
3428,-2.938720703125
3429,-7.48388671875
3430,-3.7548828124999996
3431,-11.65771484375
3432,16.9541015625
3433,9.554199218749998
3434,7.255859375000001
3435,-11.708984375
3436,20.101318359375
3437,20.507812499999996
3438,-19.878417968749996
3439,7.226806640625001
3440,-6.531494140625001
3441,5.62451171875
3442,-6.25439453125
3443,23.380126953125
3444,-8.631591796875
3445,7.43603515625
3446,-2.854736328125
3447,4.979248046875
3448,10.91748046875
3449,-47.39208984375
3450,-51.337158203125
3451,-8.701904296875
3452,16.180908203125
3453,-45.888427734375
3454,-53.2099609375
3455,23.38330078125
3456,23.46142578125
3457,-26.08642578125
3458,-1.2016601562499998
3459,8.297607421875
3460,1.9372558593749978
3461,-4.001220703125
3462,3.727294921875
3463,12.54052734375
3464,100.620361328125
3465,0.121826171875
3466,-40.275146484375
3467,67.654052734375
3468,32.977783203125
3469,-19.641845703125
3470,-96.869140625
3471,65.97998046875
3472,31.531982421875
3473,91.195556640625
3474,-7.5703125
3475,-0.36474609375
3476,8.095947265625
3477,-1.296142578125
3478,-13.648681640625
3479,-2.739990234375
3480,12.0078125
3481,-3.252685546875
3482,-6.282958984375
3483,-4.545654296875
3484,-0.6933593749999999
3485,0.580078125
3486,-5.361083984375
3487,6.587646484375
3488,5.3046875
3489,1.737060546875
3490,-3.350341796875
3491,3.369873046875
3492,3.368408203125
3493,9.642333984374998
3494,0.31372070312499956
3495,8.17529296875
3496,-22.899658203124996
3497,-12.164306640625
3498,-1.097900390625
3499,10.013427734375
3500,15.016357421875
3501,19.1923828125
3502,-17.29345703125
3503,5.9462890625
3504,9.5966796875
3505,40.46875
3506,-8.190185546875
3507,10.989501953125
3508,14.66552734375
3509,9.42626953125
3510,-13.035400390625
3511,12.5693359375
3512,-4.322509765625
3513,-5.687255859374999
3514,-2.513916015625
3515,-5.8916015625
3516,-1.825927734375
3517,-4.3984375
3518,-19.987060546875
3519,-27.13525390625
3520,1.9814453125
3521,3.818115234375
3522,3.00048828125
3523,1.850341796875
3524,11.27490234375
3525,3.707763671875
3526,1.054931640625
3527,20.016845703125
3528,10.685791015625002
3529,72.98876953125
3530,46.933837890625
3531,-39.53955078125
3532,94.87109374999999
3533,61.40576171875
3534,53.759521484375
3535,-40.13916015625
3536,24.9736328125
3537,3.31787109375
3538,5.0234375
3539,8.37353515625
3540,18.3095703125
3541,-4.591552734375
3542,-6.923828124999999
3543,9.67724609375
3544,16.278076171875
3545,-1.9868164062499998
3546,-10.300781249999998
3547,-13.47509765625
3548,-7.298583984375
3549,-7.7001953125
3550,-2.58251953125
3551,-11.387451171875
3552,-2.150146484375
3553,-11.27490234375
3554,-23.021240234375
3555,-13.199218750000002
3556,8.35400390625
3557,-10.972900390625
3558,-9.429199218749998
3559,5.700439453125
3560,3.64501953125
3561,-6.039306640625001
3562,-11.259033203125
3563,16.8603515625
3564,6.412353515625
3565,9.584716796875
3566,-4.185546875
3567,12.405029296875
3568,5.8896484375
3569,-19.830810546875
3570,2.05615234375
3571,14.802734375
3572,-6.57861328125
3573,-4.4951171875
3574,19.06298828125
3575,24.53564453125
3576,2.26416015625
3577,161.846923828125
3578,-18.139892578125
3579,22.39208984375
3580,1.648681640625
3581,2.32568359375
3582,20.05615234375
3583,44.4716796875
3584,-4.7822265625
3585,-10.5849609375
3586,2.833740234375
3587,14.579345703125
3588,-7.650634765625
3589,-5.59716796875
3590,-10.171142578125
3591,1.079833984375
3592,-5.288330078125
3593,40.034423828125
3594,46.637939453125
3595,-47.191162109375
3596,-2.4909667968750004
3597,43.954345703125
3598,45.22265625
3599,-1.001708984375
3600,-9.994384765625
3601,22.899169921875
3602,-18.15478515625
3603,1.1975097656249998
3604,-8.749755859375
3605,18.75048828125
3606,-15.16943359375
3607,-8.69091796875
3608,29.894042968749996
3609,24.095703125
3610,13.085449218749998
3611,-43.81787109375
3612,60.1708984375
3613,68.33837890625
3614,16.32763671875
3615,-42.88818359375001
3616,60.22412109375
3617,-13.859619140625
3618,26.745849609375
3619,83.49560546875
3620,-13.463134765625
3621,-25.152099609375
3622,-12.875488281250002
3623,78.823974609375
3624,-13.817626953125
3625,-20.1201171875
3626,63.233154296875
3627,85.76123046875
3628,1.831787109375
3629,-23.083251953125
3630,-16.615966796875
3631,-12.876220703125
3632,10.177978515625002
3633,-24.108398437499996
3634,-15.2314453125
3635,-4.60205078125
3636,-1.809326171875
3637,-5.67333984375
3638,4.291259765625
3639,-3.510009765625
3640,5.881591796875
3641,3.003173828125
3642,2.596435546875
3643,-1.6796875
3644,-1.175048828125
3645,10.450927734375
3646,-29.416015625
3647,5.737060546875
3648,9.22119140625
3649,-5.468017578125
3650,35.32373046875
3651,9.781005859375
3652,11.181640625
3653,-6.27783203125
3654,-5.00830078125
3655,-11.012451171875
3656,0.018798828125
3657,-3.285888671875
3658,-4.22412109375
3659,-9.480712890625
3660,0.442138671875
3661,-5.761474609374999
3662,0.453125
3663,-0.81787109375
3664,-15.54052734375
3665,-3.88427734375
3666,14.771728515625002
3667,-19.151611328125
3668,-31.4287109375
3669,-5.67236328125
3670,13.091796875
3671,30.7001953125
3672,0.81103515625
3673,-18.03759765625
3674,60.14624023437499
3675,72.629150390625
3676,0.20947265625
3677,-20.192138671875
3678,59.49169921875
3679,69.970458984375
3680,-11.7431640625
3681,-20.070068359375
3682,61.090087890625
3683,-2.1611328125000018
3684,-0.39819335937499956
3685,7.255126953125
3686,57.771484375
3687,-3.798583984375001
3688,-6.39697265625
3689,109.19311523437499
3690,58.90234375
3691,47.765380859375
3692,71.44580078125
3693,1.5529785156250009
3694,-49.08251953125
3695,131.134521484375
3696,74.166015625
3697,4.163330078125
3698,12.625244140625
3699,19.48828125
3700,4.439453125
3701,-20.453369140625
3702,-0.97607421875
3703,-58.875
3704,-10.042968750000002
3705,-19.527587890625
3706,-7.8388671875
3707,-4.77685546875
3708,96.939453125
3709,13.3916015625
3710,-3.89892578125
3711,-1.079345703125
3712,-2.760009765625
3713,4.80517578125
3714,-9.91650390625
3715,0.2568359375
3716,-3.628662109375
3717,13.92529296875
3718,10.76220703125
3719,172.21484375
3720,161.236572265625
3721,7.881591796875
3722,17.3310546875
3723,166.1240234375
3724,159.6376953125
3725,-25.980224609375
3726,16.13134765625
3727,98.43017578125
3728,84.382080078125
3729,-25.521484375
3730,18.587646484375
3731,51.0927734375
3732,79.71142578125
3733,-25.625000000000004
3734,12.406738281250002
3735,-1.08154296875
3736,-19.81884765625
3737,-7.023681640625001
3738,-1.767822265625
3739,1.320556640625
3740,28.834716796875004
3741,-7.94677734375
3742,-3.268310546875
3743,7.66064453125
3744,12.32177734375
3745,-7.10009765625
3746,51.2470703125
3747,64.43212890625
3748,-17.67529296875
3749,-13.16943359375
3750,48.226806640625
3751,59.2333984375
3752,-17.077880859375
3753,-15.018798828125
3754,38.356689453125
3755,7.2158203125
3756,-5.50439453125
3757,85.493408203125
3758,33.873046875
3759,2.266357421875
3760,-8.1357421875
3761,-1.4409179687500002
3762,-1.295166015625
3763,-1.988525390625
3764,8.101318359375
3765,9.3232421875
3766,35.171630859375
3767,-4.857421875000001
3768,4.602294921875
3769,4.101318359375
3770,10.512451171875
3771,11.1611328125
3772,18.13671875
3773,-18.898681640625
3774,-12.675537109375
3775,-5.7080078125
3776,18.17333984375
3777,-12.441162109375
3778,-6.1708984375
3779,10.293701171875
3780,70.072998046875
3781,-0.8117675781249999
3782,9.088623046875
3783,-4.447509765625
3784,16.638916015625
3785,7.934326171875
3786,5.60302734375
3787,-1.690673828125
3788,-9.0400390625
3789,2.86865234375
3790,18.3916015625
3791,26.268798828125
3792,-17.261474609375
3793,-1.06689453125
3794,-0.1396484375
3795,30.059814453125
3796,-19.429687500000004
3797,-10.952880859375
3798,-3.843994140625
3799,123.132080078125
3800,12.605224609374996
3801,10.3525390625
3802,-2.599609375
3803,124.908203125
3804,14.726806640625
3805,13.447265625
3806,13.53271484375
3807,115.970947265625
3808,13.276123046875
3809,-7.48583984375
3810,3.818603515625
3811,45.665771484375
3812,11.122802734375
3813,-5.260986328125
3814,-1.676025390625
3815,-9.880859375
3816,2.10986328125
3817,62.162109375
3818,44.02587890625
3819,-46.16162109375
3820,17.278076171875
3821,23.46337890625
3822,41.977294921875
3823,-49.189697265625
3824,22.268798828125
3825,30.1357421875
3826,8.102294921875
3827,26.1435546875
3828,-10.5263671875
3829,12.16845703125
3830,50.03076171875
3831,20.248046875
3832,-4.989501953125
3833,6.725830078125
3834,2.177001953125
3835,5.3544921875
3836,5.53125
3837,5.757080078125
3838,22.434326171875
3839,-3.388916015625
3840,-4.0380859375
3841,4.8779296875
3842,4.387939453125
3843,-2.492431640625
3844,-3.907958984375
3845,-21.959716796875004
3846,-5.743408203125
3847,90.168701171875
3848,27.293701171875
3849,-24.580810546875
3850,-4.212890625
3851,-30.537109375
3852,5.338134765625
3853,-15.52099609375
3854,30.872314453125
3855,26.460937500000004
3856,1.164306640625
3857,-15.2529296875
3858,33.31884765625
3859,31.33642578125
3860,16.883544921875
3861,-22.20068359375
3862,-15.34033203125
3863,8.445068359375
3864,12.285400390625
3865,23.421875
3866,1.290283203125
3867,10.542724609375
3868,4.605224609375
3869,6.53662109375
3870,-1.1750488281250004
3871,-17.573974609375
3872,-17.221435546875
3873,14.147949218749998
3874,-11.322509765625
3875,27.291259765625
3876,-10.350830078125
3877,19.608154296875
3878,4.416015625
3879,10.136718750000002
3880,-14.400634765625
3881,-16.5458984375
3882,56.590087890625
3883,-3.58447265625
3884,5.82763671875
3885,-17.4423828125
3886,61.865478515625
3887,-38.875244140625
3888,-7.575439453125
3889,-14.322265625
3890,-6.09326171875
3891,43.056884765625
3892,2.18408203125
3893,-15.43310546875
3894,-9.528076171875
3895,45.141357421875
3896,36.059326171875
3897,-13.060546875
3898,-11.046386718749998
3899,120.592529296875
3900,81.8818359375
3901,89.27636718750001
3902,-14.6865234375
3903,120.239990234375
3904,81.996826171875
3905,-28.71826171875
3906,-38.43115234375
3907,-18.280029296875
3908,-10.108642578125
3909,30.926513671875
3910,-10.667968750000002
3911,-17.7314453125
3912,-14.471923828125
3913,33.21337890625
3914,-2.9052734375000004
3915,-7.784912109374999
3916,-1.1831054687500002
3917,4.391357421875
3918,1.12109375
3919,2.484375
3920,-6.373779296875
3921,3.747802734375
3922,1.0654296875
3923,4.051513671875
3924,-4.39404296875
3925,-8.418212890625
3926,-5.36767578125
3927,-6.41162109375
3928,9.048095703125
3929,-9.304199218749998
3930,-4.32861328125
3931,-9.05712890625
3932,26.820556640625
3933,-2.5185546875000004
3934,-20.887939453125
3935,39.2587890625
3936,15.618896484374998
3937,8.46826171875
3938,-7.920166015625
3939,38.906005859375
3940,14.41064453125
3941,-33.61474609375
3942,30.170654296875
3943,5.27880859375
3944,146.4892578125
3945,144.78173828125
3946,3.394775390625
3947,27.935791015625
3948,139.80615234375
3949,144.02099609375
3950,-17.74609375
3951,28.416259765625
3952,-50.019287109375
3953,5.537841796875
3954,28.2548828125
3955,-13.461181640625
3956,-14.32177734375
3957,5.025146484375
3958,31.524169921875
3959,38.59130859375
3960,28.639648437499996
3961,-4.711669921875
3962,-10.781982421875
3963,-7.1806640625
3964,-0.12231445312499996
3965,14.361572265625
3966,-11.589843750000002
3967,-7.286865234375
3968,6.793212890625001
3969,7.309326171875
3970,8.085205078125
3971,-14.8056640625
3972,-9.76806640625
3973,-7.300048828125
3974,-8.35205078125
3975,-17.2119140625
3976,-14.31787109375
3977,7.3916015625
3978,-0.12084960937499997
3979,5.635498046875
3980,10.20751953125
3981,0.77587890625
3982,-0.9719238281249999
3983,5.51611328125
3984,15.525390625
3985,3.630126953125
3986,-17.868408203125
3987,-8.24609375
3988,-0.6579589843750001
3989,-26.428955078125
3990,-25.846923828125
3991,-16.029052734375
3992,1.938232421875
3993,-23.667724609375
3994,-25.06201171875
3995,-1.603515625
3996,-0.9094238281249999
3997,-4.247802734375
3998,-6.682373046875
3999,-2.5029296875000004
4000,-7.10302734375
4001,1.385986328125
4002,-10.568359375
4003,-0.8615722656249999
4004,-10.8232421875
4005,-4.976318359374999
4006,97.518798828125
4007,-8.652099609375
4008,-52.93408203125
4009,-5.40771484375
4010,44.177734375
4011,-13.481201171875
4012,-53.098876953125
4013,59.158935546875
4014,18.951904296875
4015,46.63232421875
4016,-1.7375488281250009
4017,-14.146728515625002
4018,14.722412109375
4019,51.478271484375
4020,-2.360351562500001
4021,-20.1279296875
4022,34.830078125
4023,59.458984375
4024,-11.69970703125
4025,-10.250732421875
4026,30.678955078125
4027,-13.072998046875
4028,-9.671630859375
4029,-16.5146484375
4030,34.12744140625
4031,-12.966064453125
4032,-31.918212890625
4033,-0.49951171875
4034,3.58740234375
4035,7.626220703125
4036,44.83740234375
4037,0.7814941406249999
4038,0.199462890625
4039,6.658203124999999
4040,3.51025390625
4041,5.996337890625001
4042,-23.525634765625
4043,14.43115234375
4044,21.407226562500004
4045,12.217529296875
4046,2.017578125
4047,13.7275390625
4048,23.726562499999996
4049,-14.5224609375
4050,-15.056640625
4051,-18.223876953125
4052,62.197998046875
4053,-4.717041015625
4054,-16.901611328125
4055,25.194580078125
4056,62.256103515625
4057,-2.12841796875
4058,-14.847412109375
4059,-18.8486328125
4060,1.470458984375
4061,5.107421875000001
4062,1.378662109375
4063,-10.616943359375
4064,-0.9724121093749999
4065,7.438232421875
4066,-1.7626953125
4067,-11.380126953125
4068,1.132080078125
4069,13.681396484374998
4070,-7.462158203125
4071,24.95849609375
4072,-19.46826171875
4073,-13.864990234375
4074,-6.2109375
4075,23.472412109375
4076,-13.410156249999998
4077,-13.1259765625
4078,44.9765625
4079,-9.4755859375
4080,-20.626220703125
4081,28.983154296875
4082,26.98876953125
4083,-7.657958984375
4084,-19.149658203124996
4085,19.9013671875
4086,29.030273437499996
4087,14.025390625
4088,-9.02001953125
4089,10.1240234375
4090,84.97509765625001
4091,-2.3627929687500004
4092,-13.400390625
4093,11.454833984374998
4094,2.076904296875
4095,14.125732421875
4096,31.690917968749996
4097,-32.513671875
4098,9.1943359375
4099,-19.726318359375
4100,-7.53466796875
4101,-29.896240234375
4102,11.2919921875
4103,13.8291015625
4104,13.257568359375
4105,14.953613281250002
4106,-19.63818359375
4107,-22.14111328125
4108,-48.10693359375001
4109,-7.690673828125
4110,-22.298583984375
4111,-22.247314453125
4112,61.673583984375
4113,7.4697265625
4114,-13.618896484374998
4115,32.282958984375
4116,5.7021484375
4117,26.894775390625
4118,25.58935546875
4119,26.43017578125
4120,3.56494140625
4121,29.087158203124996
4122,-7.468505859374999
4123,0.01806640625
4124,37.08349609375
4125,27.2373046875
4126,-4.31787109375
4127,-8.74462890625
4128,35.376708984375
4129,29.637939453125
4130,-28.6943359375
4131,-8.5966796875
4132,-4.90673828125
4133,-5.951416015625
4134,80.630859375
4135,-13.485595703125
4136,-13.70849609375
4137,-9.7421875
4138,78.70703125
4139,-6.808349609374999
4140,-17.3857421875
4141,23.73583984375
4142,-17.9453125
4143,-17.689697265625
4144,140.12255859375
4145,30.5263671875
4146,-18.89990234375
4147,-18.587890625
4148,15.144287109375
4149,27.78076171875
4150,8.564453125
4151,5.433837890625001
4152,-0.56494140625
4153,12.655029296875
4154,5.2900390625
4155,10.992431640625
4156,-8.60888671875
4157,-7.264404296875
4158,4.6982421875
4159,11.604248046875
4160,-4.78173828125
4161,-12.125244140625
4162,-4.00537109375
4163,22.711669921875
4164,-4.76904296875
4165,-8.057373046875
4166,25.913330078125
4167,10.792724609375
4168,11.80810546875
4169,-8.656494140625
4170,-2.9306640624999996
4171,0.6623535156250001
4172,11.260498046875
4173,-5.067138671875
4174,-2.87841796875
4175,4.753173828125
4176,6.1064453125
4177,5.8349609375
4178,-0.318603515625
4179,14.59130859375
4180,-9.010498046875
4181,6.0078125
4182,3.7744140624999996
4183,15.538330078125
4184,-3.225341796875
4185,-14.447021484374998
4186,-17.835205078125
4187,35.01611328125
4188,15.165283203125
4189,7.20751953125
4190,-3.3659667968750004
4191,35.14453125
4192,16.51513671875
4193,-16.491455078125
4194,-0.31347656250000133
4195,0.84375
4196,-13.274658203125
4197,-12.371826171875
4198,-1.738037109375
4199,8.23193359375
4200,-18.2998046875
4201,-20.35546875
4202,-0.6589355468750001
4203,9.991943359375
4204,-2.302978515625
4205,15.025146484374998
4206,20.948974609375
4207,-16.32958984375
4208,-4.11474609375
4209,19.736572265625004
4210,15.326171875
4211,-0.02880859375
4212,13.667724609375
4213,28.97607421875
4214,-18.552734375
4215,-6.404052734375
4216,0.8571777343750001
4217,3.17578125
4218,-16.614990234375
4219,-4.82763671875
4220,48.542724609375
4221,48.58374023437499
4222,3.316650390625
4223,43.249755859375
4224,42.582763671875
4225,-13.1875
4226,-3.9248046875000004
4227,40.3134765625
4228,40.436767578125
4229,-12.352050781250002
4230,-12.941650390625
4231,5.202880859374999
4232,-8.757568359375
4233,-2.029296875
4234,15.027099609375
4235,15.73779296875
4236,-14.632324218749998
4237,4.866455078125
4238,-15.01123046875
4239,-19.546630859375
4240,-18.903564453125
4241,12.6806640625
4242,25.519042968749996
4243,-18.960693359375
4244,12.26318359375
4245,9.51025390625
4246,20.954833984375
4247,89.434326171875
4248,-25.48828125
4249,-5.210205078125
4250,-15.095458984374998
4251,-0.9111328125
4252,-1.9360351562499998
4253,16.5361328125
4254,-12.98095703125
4255,-4.40771484375
4256,-0.495849609375
4257,2.011474609375
4258,-1.931884765625
4259,1.3754882812499998
4260,-10.375
4261,21.78564453125
4262,3.3310546875000004
4263,2.85791015625
4264,-9.768310546875
4265,-6.5810546875
4266,7.074951171875
4267,16.18994140625
4268,-4.94873046875
4269,-24.50537109375
4270,-1.11376953125
4271,-4.341064453125
4272,-4.347412109375
4273,-20.039062499999996
4274,-3.251708984375
4275,-10.800048828125
4276,3.712158203125
4277,2.43310546875
4278,-7.236328124999999
4279,11.414306640625
4280,2.532470703125
4281,-2.282470703125
4282,-7.0078125
4283,-0.8959960937500002
4284,9.79833984375
4285,32.567626953125
4286,-11.37353515625
4287,-7.830322265625
4288,6.8173828125
4289,11.331298828125
4290,-8.98095703125
4291,-9.19873046875
4292,24.671630859375
4293,-10.75927734375
4294,-1.561767578125
4295,2.86181640625
4296,10.85009765625
4297,32.8193359375
4298,1.837646484375
4299,4.974365234375
4300,12.900634765625
4301,4.98388671875
4302,0.362060546875
4303,-0.30859375
4304,8.19580078125
4305,15.196533203125
4306,-3.222412109375
4307,0.115234375
4308,8.6435546875
4309,18.41748046875
4310,-10.0986328125
4311,-3.98828125
4312,-13.857666015625002
4313,-9.263671875
4314,-11.554199218749998
4315,-13.844482421875
4316,6.352294921875
4317,-11.2119140625
4318,-9.513671875
4319,69.14599609375
4320,-9.228759765625
4321,20.733398437499996
4322,133.61669921874997
4323,-31.99853515625
4324,70.575927734375
4325,84.975830078125
4326,132.05615234375
4327,-33.530517578125
4328,-23.612060546875
4329,-23.603515625
4330,54.71679687499999
4331,146.929443359375
4332,74.01904296875
4333,-7.670654296875
4334,20.06787109375
4335,146.569091796875
4336,78.21923828125
4337,86.305419921875
4338,-36.86376953125
4339,36.85205078125
4340,-7.717041015625
4341,-11.81787109375
4342,-12.344482421875
4343,13.412353515625002
4344,-11.497314453125
4345,-15.283203125
4346,68.508544921875
4347,17.22607421875
4348,-19.899658203124996
4349,14.506103515625002
4350,12.904052734375
4351,-5.736328124999999
4352,-9.879638671875
4353,14.858154296875
4354,13.7578125
4355,-3.211181640625
4356,0.436767578125
4357,3.950439453125
4358,-35.56494140625
4359,3.83349609375
4360,-4.788330078125
4361,1.0947265625
4362,-38.8212890625
4363,6.939697265625
4364,15.078857421875
4365,2.4931640624999996
4366,8.914794921875
4367,-2.596923828125
4368,13.98291015625
4369,14.744140625
4370,4.56298828125
4371,-2.8427734375000004
4372,14.543212890625
4373,11.46728515625
4374,3.84228515625
4375,44.83374023437499
4376,-47.73779296875
4377,-10.019287109375
4378,40.61572265625
4379,8.6572265625
4380,-44.41552734375
4381,-1.9716796875000004
4382,43.755859375
4383,-8.579833984375
4384,31.486328125
4385,8.392822265625
4386,3.714111328125
4387,-14.2177734375
4388,-9.3974609375
4389,10.566406249999998
4390,4.85791015625
4391,13.38720703125
4392,11.91748046875
4393,0.79052734375
4394,3.88916015625
4395,3.56494140625
4396,31.572998046875
4397,12.132080078125
4398,3.9365234375000004
4399,-0.135498046875
4400,4.516845703125
4401,19.469726562500004
4402,22.49462890625
4403,-18.381591796875
4404,-12.888427734375
4405,0.59326171875
4406,14.56787109375
4407,-10.05322265625
4408,-10.01025390625
4409,30.8935546875
4410,15.007324218749998
4411,-1.01123046875
4412,4.41943359375
4413,2.80322265625
4414,-4.9921875
4415,4.024169921875
4416,2.2199707031250004
4417,3.8291015624999996
4418,-6.586669921875
4419,9.80322265625
4420,-27.324951171875
4421,19.705078125
4422,15.624755859375
4423,-40.89624023437499
4424,-22.243896484375
4425,18.0849609375
4426,13.49658203125
4427,78.17822265625
4428,-7.19091796875
4429,7.649169921875
4430,-20.44384765625
4431,-23.095458984375
4432,8.91162109375
4433,38.94750976562501
4434,-22.248291015625
4435,-19.876953125
4436,-36.181396484375
4437,-1.269775390625
4438,0.143310546875
4439,55.3134765625
4440,52.28881835937501
4441,-11.443115234375
4442,6.58056640625
4443,59.358154296875
4444,55.013427734375
4445,-18.349609375
4446,5.752685546875
4447,-17.431640625
4448,27.042236328125
4449,24.697265625
4450,27.335693359375
4451,-6.891845703125
4452,27.68798828125
4453,16.96044921875
4454,4.07958984375
4455,-15.704345703125
4456,-39.01562499999999
4457,-2.72265625
4458,35.939697265625
4459,-33.251953125
4460,76.3740234375
4461,-4.036376953125
4462,32.590576171875
4463,-17.115234375
4464,-29.6669921875
4465,48.5419921875
4466,4.083740234375
4467,2.977783203125
4468,42.541015625
4469,39.490966796875
4470,7.31005859375
4471,-1.6245117187500002
4472,31.09912109375
4473,49.99951171875
4474,27.355957031250004
4475,-0.00390625
4476,-9.8896484375
4477,37.73583984375
4478,12.629638671875
4479,-0.5822753906249999
4480,-11.85009765625
4481,1.870361328125
4482,43.19580078125
4483,47.204345703125
4484,-9.275878906250005
4485,-11.280761718749998
4486,10.0
4487,54.7294921875
4488,-9.12646484375
4489,-7.759765625000002
4490,79.956787109375
4491,31.166259765625
4492,12.08740234375
4493,12.997314453125
4494,14.4169921875
4495,-3.75927734375
4496,-2.033447265625
4497,14.891357421875
4498,14.052978515625002
4499,74.691162109375
4500,5.326416015625
4501,-22.46728515625
4502,-7.815185546875
4503,24.064453125
4504,4.52587890625
4505,7.817626953125
4506,-10.77197265625
4507,23.264892578125
4508,1.2160644531249973
4509,2.728515624999999
4510,43.016845703125
4511,-19.494384765625
4512,9.462890624999998
4513,7.82958984375
4514,23.459716796875004
4515,-21.612060546875
4516,9.621337890624998
4517,3.2490234375000004
4518,27.023681640625
4519,58.312255859375
4520,-1.9575195312500004
4521,20.604248046875
4522,6.155517578125
4523,18.855957031250004
4524,3.79931640625
4525,23.272216796875004
4526,64.654052734375
4527,35.283447265625
4528,-2.2255859375
4529,0.79931640625
4530,0.156005859375
4531,4.935302734375
4532,7.055908203125
4533,2.852294921875
4534,-2.035400390625
4535,2.310302734375
4536,-1.507568359375
4537,19.19287109375
4538,-33.076171875
4539,-18.11328125
4540,42.383056640625
4541,-4.83544921875
4542,-29.652099609375
4543,-18.486572265625004
4544,-58.76562499999999
4545,98.926513671875
4546,27.063720703125
4547,8.79443359375
4548,-5.29443359375
4549,15.226806640625
4550,36.374755859375
4551,8.188232421875
4552,-2.64599609375
4553,-3.64599609375
4554,-16.25927734375
4555,37.75732421875
4556,5.173095703125
4557,0.8994140625
4558,-20.4931640625
4559,38.74365234375
4560,0.7751464843750001
4561,2.457763671875
4562,12.984863281250002
4563,37.44140625
4564,8.234130859375
4565,6.633056640625001
4566,-8.76904296875
4567,-16.52490234375
4568,3.038818359375
4569,8.0556640625
4570,-15.22900390625
4571,-5.7958984375
4572,0.7092285156249999
4573,20.169921875
4574,2.89892578125
4575,-2.072509765625
4576,9.776611328125
4577,22.676513671875
4578,-5.828857421875
4579,-1.7915039062499998
4580,51.59765625
4581,25.263671875
4582,65.981201171875
4583,13.14697265625
4584,15.6826171875
4585,21.641601562500004
4586,22.23828125
4587,8.6796875
4588,15.14404296875
4589,-21.163330078125
4590,61.549072265625
4591,-10.013671875
4592,-12.330810546875
4593,-4.62548828125
4594,12.17724609375
4595,29.005126953125
4596,-17.810546875
4597,-4.036865234375
4598,15.76318359375
4599,15.716552734375
4600,30.900390625
4601,11.717529296875
4602,-4.358642578125
4603,-4.077392578125
4604,30.72021484375
4605,19.861572265625004
4606,1.4111328125
4607,60.651123046875
4608,27.66552734375
4609,4.361328125
4610,56.756591796875
4611,54.621826171875
4612,-6.530517578125
4613,6.364013671875
4614,49.731689453125
4615,57.89208984375
4616,-1.6979980468750002
4617,-3.146240234375
4618,1.611083984375
4619,29.981689453125
4620,-14.8046875
4621,38.09179687499999
4622,34.416015625
4623,32.610595703125
4624,-19.2392578125
4625,9.387451171875
4626,12.9384765625
4627,10.264404296875
4628,-11.599365234375
4629,-7.70849609375
4630,-13.927734375
4631,-3.1171875
4632,-10.96337890625
4633,-6.233642578125
4634,-0.5439453125000004
4635,2.832275390625
4636,-9.98974609375
4637,7.896240234375
4638,10.606689453125
4639,-9.869140625
4640,-22.77001953125
4641,11.0205078125
4642,8.566162109375
4643,23.13818359375
4644,-22.732177734374996
4645,3.18896484375
4646,2.272216796875
4647,-1.5126953125
4648,20.516845703125
4649,0.06201171875
4650,3.634521484375
4651,-4.642822265625
4652,28.780517578125
4653,7.718017578125
4654,24.647705078125
4655,2.06103515625
4656,-23.9287109375
4657,-4.25146484375
4658,6.148681640625001
4659,0.11279296875
4660,-16.055419921875
4661,0.92626953125
4662,3.6708984375000004
4663,-23.993408203124996
4664,16.4375
4665,21.275390625
4666,130.437255859375
4667,-26.36767578125
4668,22.821533203124996
4669,20.3076171875
4670,-29.451904296875
4671,-26.02099609375
4672,-15.505859375
4673,1.0849609375000002
4674,48.6796875
4675,8.8779296875
4676,-27.43994140625
4677,-4.230712890625
4678,49.489501953125
4679,1.29296875
4680,-10.017333984374998
4681,24.8779296875
4682,-5.707763671875
4683,-9.286376953125
4684,49.349365234375
4685,49.728271484375
4686,-4.682861328125
4687,-6.659423828125
4688,-7.1123046875
4689,-14.4951171875
4690,42.4169921875
4691,35.15087890625
4692,4.652099609374999
4693,25.71337890625
4694,29.101562499999996
4695,34.889404296875
4696,1.8701171875
4697,-16.31591796875
4698,-15.242675781250002
4699,-14.095703125
4700,-11.960449218749998
4701,48.13671875
4702,-15.913818359375
4703,-15.249755859375
4704,-10.6259765625
4705,44.2412109375
4706,-47.307861328125
4707,-52.571044921875
4708,-8.154541015625
4709,-41.513427734375
4710,22.028564453125
4711,38.95312499999999
4712,42.54345703125
4713,-35.988037109375
4714,26.396484375
4715,3.646240234375
4716,-2.43701171875
4717,24.796142578125
4718,4.355712890625
4719,-10.906738281250002
4720,-3.756591796875
4721,5.310791015625
4722,0.55859375
4723,-8.724365234375
4724,38.639404296875
4725,13.095458984374998
4726,22.37939453125
4727,-34.67236328125
4728,-5.392578124999999
4729,8.80419921875
4730,-8.53564453125
4731,-34.319091796875
4732,-8.516357421875
4733,9.161865234375
4734,9.10498046875
4735,0.64208984375
4736,-5.509765624999999
4737,15.73291015625
4738,2.1455078125
4739,-7.654296875000001
4740,-7.829345703125
4741,13.109619140625
4742,2.9665527343750004
4743,35.300048828125
4744,36.505859375
4745,58.131103515625
4746,-2.777587890625
4747,10.78466796875
4748,13.717529296875
4749,56.21191406250001
4750,-4.068115234375
4751,39.173095703125
4752,-7.9482421875
4753,5.3232421875
4754,2.505615234375
4755,-2.489501953125
4756,13.98876953125
4757,8.23583984375
4758,1.8549804687500002
4759,-1.8608398437500002
4760,28.664062499999996
4761,30.179687500000004
4762,2.569580078125
4763,9.09619140625
4764,11.417236328125
4765,5.400146484375
4766,0.3623046875
4767,6.91015625
4768,8.59521484375
4769,-5.17333984375
4770,-3.775390625
4771,-42.16308593749999
4772,-13.9345703125
4773,91.19946289062501
4774,13.167236328125002
4775,15.049072265625
4776,-8.956298828125
4777,98.93823242187501
4778,4.96240234375
4779,-9.56884765625
4780,20.276123046875
4781,2.2451171875
4782,-16.000732421875
4783,6.747802734375
4784,1.993896484375
4785,-7.059814453125
4786,-19.77685546875
4787,-6.7392578125
4788,-7.234619140625001
4789,11.294677734375
4790,2.615966796875
4791,1.973388671875
4792,-16.279296875
4793,-11.3359375
4794,-0.57763671875
4795,-1.284912109375
4796,37.167236328125
4797,28.08447265625
4798,0.47314453125
4799,69.05419921875
4800,71.456787109375
4801,-15.35400390625
4802,-15.191162109375
4803,64.3408203125
4804,69.717041015625
4805,-8.05908203125
4806,-15.7353515625
4807,-11.708740234375
4808,51.573486328125
4809,9.1787109375
4810,63.620849609375
4811,-13.735595703125
4812,59.14868164062499
4813,15.575927734375
4814,-10.633544921875
4815,-22.831298828125
4816,35.745361328125
4817,50.230712890625
4818,-7.357666015625
4819,-5.825439453125
4820,7.39697265625
4821,45.232421875
4822,-9.3740234375
4823,64.9169921875
4824,24.938720703125
4825,-26.199707031250004
4826,97.568359375
4827,38.81127929687501
4828,82.3505859375
4829,75.989990234375
4830,96.21435546875
4831,33.7294921875
4832,-16.71142578125
4833,-22.36181640625
4834,9.100341796875
4835,-9.02392578125
4836,-12.250488281250002
4837,-3.5302734375000004
4838,-3.68603515625
4839,-7.665283203125
4840,-16.4169921875
4841,-9.300537109375
4842,-0.89990234375
4843,-24.027832031250004
4844,18.376220703125
4845,24.507812499999996
4846,11.186279296875
4847,-22.724609375
4848,18.2587890625
4849,20.369873046875
4850,-5.497558593750001
4851,-26.63232421875
4852,-4.836181640625001
4853,-6.002197265625
4854,-1.10498046875
4855,4.1005859375
4856,8.865478515625
4857,-0.21240234374999978
4858,2.458251953125
4859,8.0869140625
4860,-2.302734375
4861,3.92431640625
4862,-2.69189453125
4863,-12.805419921875
4864,-6.586181640625001
4865,12.38818359375
4866,-1.1606445312499998
4867,-17.45556640625
4868,25.43701171875
4869,-3.218017578125
4870,80.42041015625
4871,3.6096191406249964
4872,8.6357421875
4873,4.835693359374999
4874,75.107421875
4875,0.5476074218749976
4876,5.643310546875
4877,4.392333984375
4878,95.4140625
4879,-5.74267578125
4880,21.922607421875
4881,-8.84912109375
4882,121.900390625
4883,-18.139892578125
4884,22.095703125
4885,-16.812744140625
4886,-18.613037109375
4887,-7.497802734375
4888,-8.30859375
4889,1.3095703125
4890,12.360595703125
4891,-6.779296875000001
4892,-14.752197265625
4893,5.6708984375
4894,7.853515624999999
4895,6.237548828125
4896,-8.165283203125
4897,35.8251953125
4898,43.51831054687501
4899,-24.02734375
4900,7.550048828125
4901,7.421875
4902,40.406982421874986
4903,-17.89794921875
4904,60.56640625
4905,58.816650390625
4906,35.571533203125
4907,62.745361328125
4908,-29.542724609375
4909,3.6494140624999996
4910,35.186767578125
4911,67.5830078125
4912,-29.537841796875004
4913,88.0556640625
4914,4.106201171875
4915,23.1826171875
4916,-16.773681640625
4917,-7.9931640625
4918,-27.15625
4919,36.550048828125
4920,-15.0595703125
4921,-5.8642578125
4922,31.192138671875
4923,34.200927734375
4924,4.28125
4925,53.7783203125
4926,-17.43212890625
4927,7.570556640625001
4928,20.250732421875
4929,62.056884765625
4930,-19.017333984375
4931,38.653076171875
4932,17.60107421875
4933,12.883056640625
4934,-21.298095703125
4935,-23.579101562500004
4936,111.62158203125
4937,5.5068359375
4938,-21.09765625
4939,-24.780517578125
4940,-39.5087890625
4941,18.747314453125
4942,-14.087890625
4943,49.990234375
4944,41.69384765625
4945,4.40771484375
4946,0.10009765624999996
4947,51.513671875
4948,38.98974609375
4949,-4.380126953125
4950,-7.84619140625
4951,-13.700927734375
4952,46.639892578125
4953,47.22412109375
4954,-11.563232421875
4955,-10.912109375
4956,45.638671875
4957,51.443603515625
4958,-18.815673828125
4959,-21.109375
4960,13.724853515625002
4961,-3.177001953125
4962,-13.530029296875
4963,64.1611328125
4964,10.018310546875
4965,5.717041015625
4966,-11.1923828125
4967,4.295654296875
4968,27.570312499999996
4969,75.604248046875
4970,150.925537109375
4971,102.160888671875
4972,66.056396484375
4973,-20.642333984375
4974,162.83203125
4975,82.303955078125
4976,-12.04248046875
4977,16.277587890625
4978,-10.586669921875
4979,1.2006835937500002
4980,10.20068359375
4981,-3.898681640625
4982,-9.694580078125
4983,7.728515624999999
4984,10.00537109375
4985,-4.07568359375
4986,-7.408935546875
4987,-4.841064453125
4988,15.505615234375
4989,13.550537109375
4990,-15.907470703125
4991,-9.08349609375
4992,19.16552734375
4993,15.843261718749998
4994,10.103271484374998
4995,-0.50390625
4996,-25.948974609375
4997,27.411376953125
4998,20.179931640625
4999,11.542968750000002
5000,-20.67138671875
5001,26.230712890625
5002,20.22802734375
5003,-1.3425292968749998
5004,-8.385498046875
5005,25.83056640625
5006,9.257568359375
5007,-1.8500976562499998
5008,19.666748046875
5009,-3.232421875
5010,5.2861328125
5011,-3.338134765625
5012,6.5712890625
5013,10.9677734375
5014,-16.56640625
5015,17.878173828125
5016,-18.923095703125
5017,-31.015380859375
5018,42.302978515625
5019,15.0888671875
5020,-15.5751953125
5021,-6.47314453125
5022,12.5888671875
5023,-7.1513671875
5024,43.042236328125
5025,33.149169921875
5026,-11.33154296875
5027,-11.269775390625
5028,39.0615234375
5029,35.89501953125
5030,1.347412109375
5031,2.263427734375
5032,-1.0927734374999998
5033,6.61328125
5034,36.1240234375
5035,4.28955078125
5036,14.335205078125
5037,4.058349609374999
5038,40.04736328125
5039,15.880859375
5040,-15.774658203125
5041,60.86474609375
5042,11.294921875
5043,-24.361083984375
5044,16.915771484375
5045,16.542236328125
5046,4.712646484375
5047,-23.936523437499996
5048,41.03808593749999
5049,67.396484375
5050,-0.141357421875
5051,-0.44482421875
5052,-12.822265625
5053,8.91943359375
5054,-4.78076171875
5055,-7.04833984375
5056,-8.5732421875
5057,3.66748046875
5058,-3.525634765625
5059,-3.635498046875
5060,7.49267578125
5061,-1.1655273437500002
5062,-8.2509765625
5063,-6.65869140625
5064,2.239013671875
5065,1.238037109375
5066,23.243408203124996
5067,16.12841796875
5068,20.271240234375
5069,-22.06787109375
5070,-30.533935546875
5071,82.8798828125
5072,18.561523437499996
5073,-24.27490234375
5074,-30.982666015625
5075,15.623046875
5076,17.67041015625
5077,15.132080078125
5078,-13.0673828125
5079,-18.576904296875
5080,-18.175048828125
5081,10.0703125
5082,-11.804199218749998
5083,-12.9609375
5084,62.011474609375
5085,12.2470703125
5086,-5.016357421875
5087,18.858154296875
5088,9.36865234375
5089,1.3696289062499998
5090,-13.747802734375
5091,18.493408203124996
5092,12.945068359375
5093,-3.99658203125
5094,-2.0126953125
5095,11.445556640625
5096,-5.6748046875
5097,1.616455078125
5098,11.353515625
5099,8.865966796875
5100,-4.75
5101,2.523193359375
5102,1.540771484375
5103,2.715087890625
5104,-26.293701171875
5105,50.85009765625
5106,33.828857421875
5107,-16.37060546875
5108,-10.183837890625
5109,57.712890625
5110,30.508056640625
5111,153.0224609375
5112,-22.072265625
5113,40.68872070312499
5114,21.95703125
5115,-13.244873046875
5116,7.5185546875
5117,89.66943359375
5118,21.96923828125
5119,-12.3212890625
5120,19.210937500000004
5121,17.1484375
5122,16.506103515625
5123,-10.150390625
5124,-29.125
5125,-23.9970703125
5126,9.2431640625
5127,-5.45263671875
5128,-18.04736328125
5129,5.28173828125
5130,-2.38671875
5131,2.1491699218749996
5132,73.408447265625
5133,61.471923828125
5134,21.274658203124996
5135,-23.958984375
5136,66.064208984375
5137,65.19580078125
5138,-11.1611328125
5139,6.20361328125
5140,12.418701171875
5141,20.97607421875
5142,6.55908203125
5143,-2.1953125
5144,2.931640625
5145,21.033935546875
5146,2.17041015625
5147,-29.043212890625
5148,-3.30224609375
5149,-11.505615234375
5150,5.4130859375
5151,11.564453125
5152,-6.875
5153,-20.192138671875
5154,9.269775390625
5155,11.7841796875
5156,4.311279296875
5157,-16.81103515625
5158,10.8525390625
5159,-10.656982421875
5160,-0.231689453125
5161,3.32568359375
5162,1.562744140625
5163,-12.939208984374998
5164,-0.36401367187500017
5165,-4.5849609375
5166,2.93017578125
5167,-15.436767578125
5168,32.751220703125
5169,9.42041015625
5170,51.24243164062499
5171,-4.458740234375002
5172,34.506591796875
5173,18.703125
5174,-9.615234375
5175,-14.775634765625
5176,3.93994140625
5177,-5.205810546875
5178,-12.902343750000002
5179,4.80712890625
5180,8.203369140625
5181,-9.5849609375
5182,-6.146484375000001
5183,-0.28662109375
5184,3.6435546875000004
5185,-5.57470703125
5186,5.341796875000001
5187,-14.6318359375
5188,5.75390625
5189,6.928466796875
5190,2.462890625
5191,-12.171630859375
5192,31.533203125
5193,3.715576171875
5194,17.59326171875
5195,-10.7978515625
5196,2.16259765625
5197,14.63623046875
5198,7.500732421875
5199,-8.678466796875
5200,5.387451171875
5201,-13.324951171875
5202,-15.96533203125
5203,-13.817626953125
5204,3.735595703125
5205,25.37060546875
5206,-7.3603515625
5207,-7.66015625
5208,-1.03857421875
5209,28.657226562500004
5210,-25.818115234375
5211,-33.57666015625
5212,-2.387939453125
5213,-8.338134765625
5214,-5.650634765625
5215,27.142578125
5216,5.01416015625
5217,-6.527099609374999
5218,-1.309814453125
5219,45.96337890625
5220,-4.92919921875
5221,-20.84521484375
5222,36.572509765625
5223,27.693603515625
5224,-4.054443359375
5225,-25.642333984375
5226,31.421630859375
5227,30.731201171875
5228,-3.67724609375
5229,-0.8132324218750001
5230,-9.402343750000002
5231,8.89599609375
5232,-3.2275390624999996
5233,12.51806640625
5234,-11.930175781250002
5235,6.572021484375
5236,0.9140625
5237,16.05859375
5238,-3.6115722656250004
5239,2.914794921875
5240,6.5654296875
5241,6.77783203125
5242,13.201171875
5243,-1.03515625
5244,1.288330078125
5245,5.403076171875
5246,38.878662109375
5247,19.003662109375
5248,10.17724609375
5249,-11.89306640625
5250,-4.87841796875
5251,47.8525390625
5252,-7.61767578125
5253,-13.69189453125
5254,-2.314453125
5255,3.84716796875
5256,14.7314453125
5257,-4.72607421875
5258,2.60302734375
5259,-8.41357421875
5260,29.697021484375
5261,-3.84326171875
5262,1.4064941406249998
5263,-13.537353515625002
5264,-8.98974609375
5265,12.17041015625
5266,11.055175781250002
5267,-0.020751953125
5268,10.471435546875
5269,1.4291992187500002
5270,-5.133056640625001
5271,-2.288330078125
5272,10.643798828125
5273,1.4619140625
5274,-3.36474609375
5275,3.84326171875
5276,-8.738037109375
5277,8.7783203125
5278,19.764648437499996
5279,21.168701171875
5280,-13.404541015625002
5281,9.572509765625
5282,-15.088134765625
5283,-19.3125
5284,-4.86865234375
5285,5.537841796875
5286,11.421386718749998
5287,1.7446289062499998
5288,3.8828125
5289,0.3525390625
5290,5.029541015625
5291,-6.197265624999999
5292,-10.525634765625
5293,-3.348388671875
5294,36.1103515625
5295,33.9677734375
5296,-6.01611328125
5297,-3.657470703125
5298,38.49560546874999
5299,39.94995117187499
5300,-9.646484375
5301,2.854736328125
5302,-2.890869140625
5303,-12.219482421875
5304,-10.434814453125
5305,4.017333984374999
5306,-8.930419921875
5307,-4.472412109375
5308,-11.603515625
5309,12.009521484374998
5310,-9.43603515625
5311,-4.885009765625
5312,13.35009765625
5313,4.989501953125
5314,-24.878417968749996
5315,-1.803955078125
5316,15.973388671875
5317,5.848388671875
5318,1.193115234375
5319,2.47705078125
5320,-11.666259765625
5321,-7.857421875000001
5322,-26.6318359375
5323,7.502197265625
5324,-6.998779296875
5325,-9.8505859375
5326,-24.312744140625
5327,14.62744140625
5328,-3.433349609375
5329,4.062744140625
5330,-7.696533203125
5331,-12.78271484375
5332,45.193359375
5333,54.58251953125
5334,-12.82958984375
5335,-9.941162109375
5336,-0.087646484375
5337,-3.567138671875
5338,8.115234375
5339,2.505859374999999
5340,17.53515625
5341,-9.996093750000002
5342,0.43896484375
5343,0.8601074218749992
5344,17.15625
5345,10.397705078125
5346,2.310302734375
5347,-6.439697265625
5348,-47.744873046875
5349,27.579345703125
5350,35.469970703125
5351,26.108154296875
5352,-44.4580078125
5353,28.46240234375
5354,2.420166015625
5355,-0.7346191406249996
5356,-12.7490234375
5357,25.2431640625
5358,29.249023437499996
5359,5.18701171875
5360,-6.537353515625
5361,27.006103515625
5362,22.65234375
5363,-20.744384765625
5364,-9.270751953125
5365,-9.990234375
5366,14.12353515625
5367,0.80224609375
5368,8.7314453125
5369,-8.271728515625
5370,15.892578125
5371,5.500732421875
5372,-12.76416015625
5373,37.426025390625
5374,7.944580078125
5375,-2.851806640625
5376,-5.98046875
5377,30.235107421875
5378,-1.502685546875
5379,-1.828369140625
5380,-7.456787109374999
5381,7.548583984375
5382,1.0166015625
5383,-26.310302734374996
5384,12.778564453125
5385,24.9951171875
5386,-11.0859375
5387,-6.378662109374999
5388,14.129150390625
5389,29.4248046875
5390,-7.37744140625
5391,-14.599365234375
5392,-34.658447265625
5393,6.8154296875
5394,50.509033203125
5395,-22.394042968749996
5396,-40.59033203125
5397,13.6181640625
5398,44.589111328125
5399,136.151123046875
5400,-28.64208984375
5401,-52.94189453125001
5402,62.064208984375
5403,47.712890625
5404,-47.884765625
5405,-48.467041015625
5406,62.636962890625
5407,46.53662109375
5408,7.54541015625
5409,-42.151123046875
5410,-13.8818359375
5411,-4.0771484375
5412,1.9458007812499998
5413,-8.563720703125
5414,4.92919921875
5415,-3.508544921875
5416,-0.133056640625
5417,54.152099609375
5418,-22.23876953125
5419,3.654296875
5420,4.894775390625001
5421,0.11694335937500011
5422,-6.565185546875
5423,9.61962890625
5424,4.676025390625001
5425,0.10791015625000024
5426,-17.128662109375
5427,-7.264404296875
5428,3.781005859375
5429,-5.158203124999999
5430,18.084228515625
5431,0.60205078125
5432,-21.837158203124996
5433,-11.030029296875
5434,21.428466796875004
5435,-11.135009765625
5436,6.52001953125
5437,5.811767578125
5438,-6.969482421875
5439,23.82275390625
5440,9.618408203125
5441,20.995361328125
5442,-9.977294921875
5443,22.512451171875
5444,-7.4541015625
5445,2.87109375
5446,4.30615234375
5447,0.79638671875
5448,-9.993896484374998
5449,-1.355712890625
5450,14.32470703125
5451,-2.584228515625
5452,-4.34716796875
5453,-5.6904296875
5454,-3.168701171875
5455,19.76416015625
5456,43.85058593749999
5457,13.336425781250002
5458,18.042236328125
5459,22.427490234375
5460,39.935791015625
5461,14.721923828125
5462,33.251220703125
5463,2.24365234375
5464,2.934326171874999
5465,35.084228515625
5466,37.64404296875
5467,-10.208251953125
5468,-3.833740234375
5469,40.65771484375
5470,36.3134765625
5471,100.15283203125
5472,-10.586669921875
5473,81.624755859375
5474,-52.031494140625
5475,-53.99853515625
5476,65.839599609375
5477,73.9521484375
5478,-51.852783203125
5479,-48.67578125
5480,-29.412841796875004
5481,77.054443359375
5482,-9.546142578125
5483,0.386962890625
5484,9.895263671875
5485,-18.69677734375
5486,-21.041259765625
5487,-0.6875
5488,9.42724609375
5489,-5.19921875
5490,-1.5522460937500002
5491,-5.67578125
5492,5.572998046875
5493,11.536865234375
5494,9.72119140625
5495,-2.873779296875
5496,6.033935546875
5497,15.317138671875
5498,-7.6162109375
5499,-6.434326171875
5500,-5.87451171875
5501,16.9677734375
5502,35.99609375
5503,2.40576171875
5504,1.4541015625
5505,19.175537109375
5506,30.54052734375
5507,31.262451171875
5508,-15.5927734375
5509,-19.981689453125
5510,12.707275390625
5511,17.645751953125
5512,25.638427734374996
5513,-13.29345703125
5514,10.623046875
5515,19.809326171875
5516,14.20068359375
5517,21.7470703125
5518,6.248291015625
5519,-10.760009765625
5520,9.004638671875
5521,-7.3515625
5522,-15.043212890625
5523,-7.4404296875
5524,12.022216796875
5525,-4.141357421875
5526,-11.3125
5527,7.989013671875
5528,6.095458984375
5529,2.316650390625
5530,7.599853515625
5531,1.2216796875
5532,4.431884765625
5533,-4.06787109375
5534,-12.769531249999998
5535,-2.897705078125
5536,-3.18994140625
5537,-24.030273437499996
5538,-17.462158203125
5539,0.464111328125
5540,-6.228271484375
5541,-18.22265625
5542,-22.980957031250004
5543,116.52880859375
5544,-3.29052734375
5545,46.50048828125
5546,5.380615234375
5547,-2.65576171875
5548,8.169921875
5549,30.8876953125
5550,8.19580078125
5551,0.9685058593749999
5552,-11.52880859375
5553,5.49267578125
5554,-19.69384765625
5555,23.109375
5556,24.292236328125
5557,-11.273925781250002
5558,-10.665283203125
5559,21.705810546875
5560,30.763427734374996
5561,135.968017578125
5562,-25.313232421875
5563,-0.16748046875
5564,-10.08154296875
5565,2.295166015625
5566,54.365966796875
5567,29.832275390625
5568,-3.789794921875
5569,-2.583251953125
5570,13.3515625
5571,2.278076171875
5572,-34.376708984375
5573,25.666748046875
5574,20.96630859375
5575,3.36962890625
5576,14.849365234375
5577,31.705810546875
5578,25.847900390625
5579,9.895263671875
5580,-12.89306640625
5581,39.78369140625
5582,-40.298583984375
5583,-60.13330078125
5584,41.03076171875
5585,41.117919921875
5586,-41.052001953125
5587,-62.99853515625
5588,-7.31787109375
5589,16.722412109375
5590,-5.156982421875
5591,2.234619140625
5592,20.226806640625
5593,-35.942626953125
5594,-47.95312499999999
5595,1.5786132812499998
5596,22.281494140625
5597,-8.522705078125
5598,-12.75634765625
5599,-14.953613281250002
5600,23.9736328125
5601,26.301025390625
5602,36.9736328125
5603,27.55126953125
5604,22.089111328125
5605,26.198974609375
5606,5.109130859374999
5607,7.90576171875
5608,0.92724609375
5609,-7.995361328125
5610,1.175048828125
5611,-6.784423828125
5612,-5.77734375
5613,-2.13037109375
5614,2.671142578125
5615,-7.442138671875
5616,-9.531005859375
5617,-6.258544921875
5618,6.25927734375
5619,47.71630859375
5620,12.791259765625
5621,-4.712646484375
5622,17.876220703125
5623,48.08544921875
5624,3.61962890625
5625,-17.279052734375
5626,53.285400390625
5627,19.929687500000004
5628,-23.760498046875
5629,-2.743896484375
5630,-2.771728515625
5631,21.777832031250004
5632,-31.39501953125
5633,7.828857421875
5634,13.03662109375
5635,-5.344970703125
5636,10.844970703125
5637,0.8083496093750001
5638,8.03125
5639,15.673828125
5640,14.812011718749998
5641,-6.407958984375
5642,-4.154296875
5643,29.912353515625
5644,9.892578125
5645,-3.4931640624999996
5646,-5.3251953125
5647,43.613037109375
5648,15.601806640625
5649,-0.44970703125
5650,-3.392333984375
5651,-4.40771484375
5652,19.412353515625
5653,-17.150146484375
5654,48.51416015625
5655,23.111328125
5656,-35.25244140625
5657,-22.5693359375
5658,48.51025390625
5659,16.54150390625
5660,-2.12890625
5661,-28.009765625
5662,51.01000976562501
5663,-43.529052734375
5664,-14.37841796875
5665,-0.42065429687500044
5666,-12.523193359375
5667,-41.9375
5668,-15.040771484374998
5669,37.18896484375
5670,58.1826171875
5671,-6.041748046875
5672,36.873779296875
5673,35.757080078125
5674,11.91650390625
5675,10.410156249999998
5676,43.729248046875
5677,39.321044921875
5678,-5.670654296875
5679,-15.636962890625
5680,3.140869140625
5681,-11.936767578125
5682,-3.851806640625
5683,70.270751953125
5684,47.909912109375
5685,-15.874267578125
5686,-2.163330078125
5687,3.890625
5688,-0.330810546875
5689,0.89306640625
5690,-5.0546875
5691,-0.17041015625
5692,4.416015625
5693,0.947265625
5694,-0.272216796875
5695,1.5302734375
5696,3.706298828125
5697,-1.4326171875
5698,38.146484375
5699,14.5458984375
5700,20.892333984375
5701,32.95263671875
5702,35.377197265625
5703,13.61962890625
5704,15.763427734375
5705,-12.422607421875
5706,35.8076171875
5707,1.312744140625
5708,25.402587890625
5709,27.248779296875
5710,-25.6005859375
5711,-2.16162109375
5712,21.524169921875
5713,26.882568359375
5714,0.6008300781249999
5715,5.115966796875
5716,14.331787109375
5717,-15.8525390625
5718,13.295654296875
5719,4.31201171875
5720,-19.794921875
5721,-15.203613281250002
5722,18.85107421875
5723,7.6845703125
5724,-3.71435546875
5725,-24.993408203124996
5726,78.399169921875
5727,69.3955078125
5728,-8.1005859375
5729,-45.5576171875
5730,78.21826171875
5731,75.735107421875
5732,-11.7705078125
5733,-31.496826171875
5734,-0.1865234375
5735,12.86474609375
5736,9.555175781250002
5737,-4.53369140625
5738,-14.257080078125
5739,6.910888671875
5740,10.592529296875
5741,5.156982421875
5742,-20.974853515625
5743,7.055908203125
5744,11.771240234375
5745,21.048095703125
5746,-0.5891113281249999
5747,-3.389892578125
5748,10.73291015625
5749,19.322509765625
5750,-16.969970703125
5751,-16.074951171875
5752,-12.4423828125
5753,5.8291015625
5754,2.8681640624999996
5755,14.694091796875
5756,-7.879638671875
5757,5.3349609375
5758,2.872314453125
5759,13.724853515625002
5760,-7.2861328125
5761,29.741943359375
5762,-7.35400390625
5763,-0.25244140625
5764,24.382080078125
5765,31.546142578125
5766,-4.39697265625
5767,-0.9880371093750001
5768,-10.98779296875
5769,31.74853515625
5770,13.003906249999998
5771,34.8154296875
5772,14.23681640625
5773,10.455810546875
5774,15.110595703125
5775,27.90380859375
5776,15.440185546875
5777,33.148193359375
5778,18.181884765625
5779,53.76879882812501
5780,-63.58691406250001
5781,-58.884765625
5782,-17.94775390625
5783,58.27001953125
5784,-60.55615234375
5785,-60.193115234375
5786,42.7177734375
5787,72.28564453125
5788,-8.04248046875
5789,5.5546875
5790,16.92236328125
5791,8.8349609375
5792,-5.9765625
5793,5.806884765625
5794,12.923583984374998
5795,-14.4111328125
5796,-7.52734375
5797,5.4677734375
5798,1.7109375
5799,15.6318359375
5800,-9.14404296875
5801,9.694091796875
5802,0.7204589843750001
5803,16.06787109375
5804,1.686767578125
5805,-9.2841796875
5806,3.24169921875
5807,-10.490966796875
5808,4.54248046875
5809,2.45947265625
5810,-2.822998046875
5811,-2.67041015625
5812,13.39990234375
5813,4.4755859375
5814,-15.147705078125
5815,-17.895751953125
5816,33.65576171875
5817,25.157226562500004
5818,-6.274169921875
5819,-8.574951171875
5820,38.56298828125
5821,25.370361328125
5822,8.861083984375
5823,-7.358154296875
5824,-0.5856933593750001
5825,1.530517578125
5826,4.330078125
5827,-6.7138671875
5828,0.1826171875
5829,4.53076171875
5830,3.902587890625
5831,-5.428466796875
5832,-8.50830078125
5833,10.547119140625
5834,14.640380859375
5835,24.488037109375
5836,-9.51708984375
5837,5.970458984375
5838,14.631591796875
5839,24.84130859375
5840,24.36767578125
5841,24.5625
5842,-3.207763671875
5843,39.514892578125
5844,-2.097900390625
5845,-8.17041015625
5846,7.519775390625001
5847,39.837646484375
5848,4.01220703125
5849,26.3701171875
5850,-1.551025390625
5851,-27.030273437499996
5852,39.916015625
5853,33.90966796875
5854,2.237548828125
5855,-28.25390625
5856,42.71752929687501
5857,38.06591796875
5858,-8.775390625
5859,-25.371337890625
5860,-22.869873046875
5861,20.037841796875004
5862,52.55566406250001
5863,-12.556396484374998
5864,-21.00927734375
5865,16.734619140625
5866,51.4697265625
5867,71.10791015625
5868,16.923095703125
5869,-4.839599609374999
5870,-10.704833984374998
5871,4.178955078125
5872,7.155029296875
5873,5.0654296875
5874,-6.19482421875
5875,0.0361328125
5876,11.693359375
5877,-4.50634765625
5878,0.291015625
5879,-13.992675781250002
5880,12.629638671875
5881,11.391357421875
5882,14.017822265625
5883,-14.314697265625
5884,17.03369140625
5885,0.59521484375
5886,-11.29833984375
5887,-23.983398437499996
5888,19.728271484375
5889,26.52294921875
5890,0.8225097656250006
5891,-56.423583984375
5892,25.0908203125
5893,32.7734375
5894,-12.25634765625
5895,-30.164794921875
5896,2.075439453125
5897,-25.400390625
5898,-1.672607421875
5899,7.59326171875
5900,7.38232421875
5901,-30.84375
5902,-7.3955078125
5903,-0.02294921875
5904,0.86572265625
5905,5.326904296875
5906,33.313720703125
5907,8.3466796875
5908,-1.277587890625
5909,-6.44970703125
5910,25.474365234375
5911,3.278564453125
5912,12.3349609375
5913,-2.59716796875
5914,102.643798828125
5915,-40.61499023437499
5916,-58.947998046875
5917,124.088134765625
5918,-32.197509765625
5919,-42.848388671875
5920,-58.27441406250001
5921,8.044677734375
5922,91.155517578125
5923,10.950927734375
5924,38.979248046875
5925,-10.796630859375
5926,-3.981689453125
5927,-0.026611328125
5928,37.638427734375
5929,-18.485107421875
5930,80.76049804687499
5931,68.777099609375
5932,3.425048828125
5933,3.228515625
5934,-10.28466796875
5935,11.964111328125
5936,0.46044921875
5937,0.7980957031249999
5938,-9.1904296875
5939,7.904052734375
5940,13.176025390625
5941,20.749755859375
5942,12.203857421875
5943,32.111328125
5944,-52.464599609375
5945,15.582275390625
5946,12.300781249999998
5947,37.704345703125
5948,-14.665283203125
5949,-40.60791015625
5950,-0.257568359375
5951,9.580078125
5952,-3.42578125
5953,9.0849609375
5954,0.9211425781249999
5955,11.852294921875
5956,7.89794921875
5957,7.988525390625001
5958,-3.7509765624999996
5959,11.6044921875
5960,-35.139892578125
5961,22.278076171875
5962,87.74365234375
5963,-48.713134765625
5964,-38.007080078125
5965,21.93505859375
5966,-26.580322265625004
5967,35.56298828125
5968,-0.6101074218750001
5969,138.38525390625
5970,98.348876953125
5971,-14.121093750000002
5972,-39.384033203125
5973,132.3671875
5974,105.215087890625
5975,42.077392578125
5976,4.187499999999998
5977,-13.481689453125
5978,9.322265625
5979,13.764892578125
5980,7.833740234375
5981,-11.6455078125
5982,16.204833984375
5983,9.613281249999998
5984,2.579833984375
5985,-12.445800781250002
5986,-30.529296875
5987,69.475341796875
5988,92.19189453125
5989,1.128662109375
5990,21.282470703125
5991,69.9296875
5992,92.075439453125
5993,-11.820556640625
5994,-4.68212890625
5995,-15.548095703125
5996,7.21337890625
5997,-13.649658203125
5998,21.454833984375
5999,-7.7802734375
6000,13.228515625
6001,-14.39501953125
6002,17.044921875
6003,-13.652099609375
6004,8.94775390625
6005,3.2783203124999996
6006,-2.8369140624999996
6007,-6.781005859374999
6008,1.005615234375
6009,1.412841796875
6010,-2.729248046875
6011,9.013427734375
6012,13.9111328125
6013,0.92822265625
6014,4.058349609375
6015,2.978759765625
6016,3.997314453125
6017,-1.650390625
6018,-3.7568359375000004
6019,3.86767578125
6020,-18.036376953125
6021,-5.382568359374999
6022,5.569091796875
6023,-1.0068359375
6024,-4.013916015625
6025,-17.846435546875
6026,-15.737548828125
6027,-0.135498046875
6028,-4.425048828125
6029,31.739501953125
6030,41.06396484375
6031,-30.437255859375
6032,0.4248046875
6033,24.384033203124996
6034,-2.8251953124999996
6035,-13.66259765625
6036,0.8359375000000002
6037,19.9404296875
6038,-8.18212890625
6039,-15.955810546875
6040,-7.54736328125
6041,12.427001953125
6042,25.373046875
6043,-7.091796875000001
6044,-14.31103515625
6045,11.058593750000002
6046,22.42822265625
6047,2.872314453125
6048,-5.4833984375
6049,19.138671875
6050,-0.50830078125
6051,-0.54150390625
6052,72.365234375
6053,9.5693359375
6054,1.5812988281249991
6055,0.10888671874999956
6056,-0.12915039062500022
6057,16.906005859375
6058,-0.508056640625
6059,-27.23828125
6060,14.623046875
6061,31.734130859375
6062,27.1201171875
6063,-20.79736328125
6064,10.713623046875
6065,-13.886718750000002
6066,-16.981201171875
6067,5.333740234375
6068,2.016357421875
6069,6.3515625
6070,1.026611328125
6071,7.447998046875
6072,3.639404296875
6073,6.406982421875
6074,8.474853515625
6075,7.38623046875
6076,-2.157470703125
6077,42.69677734375
6078,66.370361328125
6079,-10.79541015625
6080,-4.3076171875
6081,46.12695312500001
6082,63.892578125
6083,-12.624267578125
6084,-1.195556640625
6085,-13.59619140625
6086,-20.94677734375
6087,-5.305419921875
6088,1.237060546875
6089,-1.253173828125
6090,-18.580322265625004
6091,-1.4194335937500002
6092,-1.8950195312499998
6093,-4.837158203125
6094,8.625732421875
6095,1.1752929687500002
6096,0.1796875
6097,-16.64599609375
6098,9.422363281250002
6099,3.58642578125
6100,-2.975341796875
6101,-6.60498046875
6102,12.270263671875
6103,77.49267578125
6104,111.558349609375
6105,-0.38476562500000056
6106,47.14111328125
6107,75.387939453125
6108,112.407958984375
6109,-3.406738281250001
6110,144.45068359375
6111,204.808837890625
6112,-8.7578125
6113,-3.23681640625
6114,-1.742919921875
6115,13.167236328125
6116,24.135498046875
6117,0.057861328125
6118,-4.259765625
6119,-5.86181640625
6120,7.81201171875
6121,4.92138671875
6122,-9.6552734375
6123,3.1591796875000004
6124,-0.9538574218750001
6125,-9.417968750000002
6126,-5.820068359374999
6127,-1.968994140625
6128,-12.495849609375
6129,-10.644775390625
6130,36.773681640625
6131,-26.470458984375
6132,-38.281494140625
6133,43.05322265625
6134,60.588623046875
6135,-21.789794921875
6136,-36.50390625
6137,36.36328125
6138,41.80224609375
6139,5.959228515625
6140,11.790283203125
6141,-3.837890625
6142,9.4130859375
6143,2.6533203124999996
6144,11.205322265625
6145,0.9104003906249999
6146,-8.13916015625
6147,4.6396484375
6148,5.151123046875
6149,94.981689453125
6150,-8.573974609375
6151,-12.46875
6152,53.46142578125
6153,95.957275390625
6154,-9.49560546875
6155,191.4580078125
6156,-26.382080078125
6157,25.018310546875
6158,43.490966796875
6159,1.477783203125
6160,19.267333984375
6161,27.413818359375
6162,37.17993164062499
6163,4.294921874999998
6164,59.373291015625
6165,-19.678466796875004
6166,42.61328125
6167,23.29296875
6168,17.98388671875
6169,38.763916015625
6170,9.161865234375
6171,22.24609375
6172,21.981201171875
6173,6.86767578125
6174,-2.154296875
6175,10.3330078125
6176,6.30712890625
6177,-7.792724609374999
6178,-28.543212890625
6179,26.247314453125
6180,2.19140625
6181,-8.2685546875
6182,3.79736328125
6183,5.90576171875
6184,11.49365234375
6185,-73.953857421875
6186,-39.559326171875
6187,29.171142578125
6188,48.03881835937501
6189,-75.427734375
6190,-37.358642578125
6191,-1.5366210937499998
6192,-21.927490234375
6193,0.013427734375
6194,-3.3359375
6195,-0.826171875
6196,-17.30419921875
6197,1.03955078125
6198,0.73876953125
6199,-0.95556640625
6200,7.6806640625
6201,2.51318359375
6202,-28.24365234375
6203,40.559326171875
6204,42.649658203125
6205,-3.344970703125
6206,-15.721923828125
6207,37.968505859375
6208,43.40234375
6209,3.791259765625
6210,-31.85205078125
6211,42.086669921875
6212,27.448486328125
6213,-1.430908203125001
6214,-41.012939453125
6215,-22.087158203124996
6216,33.321044921875
6217,-2.699951171875001
6218,31.163818359375
6219,36.059326171875
6220,1.494384765625
6221,7.405517578125
6222,15.9990234375
6223,-18.09619140625
6224,11.895751953125
6225,8.622802734375
6226,14.257080078125
6227,23.445312499999996
6228,4.65966796875
6229,-8.056884765625
6230,1.6142578124999993
6231,27.1298828125
6232,20.26025390625
6233,8.275634765625
6234,2.156494140625
6235,27.83251953125
6236,8.255859375
6237,-20.25634765625
6238,-0.9919433593750002
6239,2.325927734375
6240,-4.618408203125
6241,-10.133544921875
6242,-12.72900390625
6243,6.633544921875
6244,-0.7170410156249999
6245,-7.56201171875
6246,-5.300537109374999
6247,12.898925781250002
6248,10.877197265625
6249,3.91845703125
6250,-15.45068359375
6251,-7.483642578125
6252,4.32470703125
6253,6.740234375000001
6254,-16.662353515625
6255,4.660888671875
6256,36.111572265625
6257,79.057861328125
6258,3.366455078125
6259,58.095458984375
6260,49.40429687499999
6261,82.037841796875
6262,3.97119140625
6263,36.915771484375
6264,-5.9345703125
6265,48.306396484375
6266,-55.052001953125
6267,-58.40380859375
6268,-9.489501953125
6269,49.122314453125
6270,-51.94775390625
6271,-52.64208984375
6272,23.60302734375
6273,58.307373046875
6274,0.23388671875
6275,29.59521484375
6276,-0.291748046875
6277,-0.7038574218750001
6278,-4.056640625
6279,31.3056640625
6280,2.913818359375
6281,-11.933837890625
6282,-30.044921875
6283,-13.67529296875
6284,-6.8154296875
6285,21.575927734374996
6286,12.940673828125
6287,0.55322265625
6288,-8.3330078125
6289,26.000244140625
6290,-15.001220703125
6291,-2.021728515625
6292,61.756591796875
6293,4.85791015625
6294,1.9116210937499987
6295,48.6201171875
6296,52.62841796875
6297,3.0637207031249996
6298,-4.439453125000001
6299,-27.0673828125
6300,59.053466796875
6301,-11.841552734375
6302,12.42333984375
6303,-18.700439453125
6304,-34.1005859375
6305,34.046875
6306,6.737548828125
6307,-19.926513671875
6308,-4.706298828125
6309,-4.296142578125
6310,32.902099609375
6311,-14.505126953125
6312,-20.973876953125
6313,3.9052734375000004
6314,32.342529296875
6315,-18.686767578125
6316,-21.834716796875004
6317,21.722167968749996
6318,49.49804687499999
6319,-2.365478515625
6320,0.301025390625
6321,6.4765625
6322,3.117431640625
6323,-2.503662109375
6324,6.521240234375
6325,8.988037109375
6326,1.050537109375
6327,3.3408203124999996
6328,14.3720703125
6329,-0.52734375
6330,-19.957275390625
6331,15.846435546875
6332,51.74951171875
6333,0.434814453125
6334,-11.339843750000002
6335,33.018310546875
6336,27.024169921875
6337,35.31103515625
6338,20.374267578125
6339,-10.183593750000002
6340,-22.1806640625
6341,-10.81787109375
6342,13.126708984374998
6343,-5.030517578125
6344,38.73828125
6345,38.633056640625
6346,-19.361328125
6347,27.910888671875
6348,52.50756835937501
6349,4.18115234375
6350,3.449951171875
6351,26.679931640625
6352,49.463134765625
6353,-27.43115234375
6354,-23.365234375
6355,-3.568603515625
6356,21.061523437499996
6357,22.85009765625
6358,-11.310791015625002
6359,-0.44189453125
6360,24.54296875
6361,25.109375
6362,3.892333984375
6363,-7.128662109374999
6364,-4.673583984375
6365,-2.369873046875
6366,2.361572265625
6367,0.346923828125
6368,16.764404296875
6369,-4.0068359375
6370,-0.436279296875
6371,1.839111328125
6372,-7.09130859375
6373,0.34765625
6374,-14.0888671875
6375,-17.26708984375
6376,5.25634765625
6377,8.682373046875
6378,-15.050781249999998
6379,-17.318359375
6380,2.062255859375
6381,3.3154296875000004
6382,58.9560546875
6383,-22.840576171875
6384,-21.540771484375
6385,37.250732421875
6386,74.457275390625
6387,-21.523681640625
6388,-24.24609375
6389,14.611083984374998
6390,57.888916015625
6391,18.365966796875
6392,-5.881103515625
6393,6.60791015625
6394,0.72998046875
6395,1.5512695312499998
6396,-3.53662109375
6397,11.344970703125
6398,-9.452392578125
6399,-7.133056640625001
6400,-14.432373046875
6401,34.777587890625
6402,39.310302734375
6403,3.599853515625
6404,-18.09716796875
6405,36.580322265625
6406,44.319580078125
6407,-16.06201171875
6408,-15.7958984375
6409,-3.1748046875000004
6410,54.404541015625
6411,3.5048828124999996
6412,13.270751953125
6413,27.5
6414,56.8349609375
6415,7.639892578125
6416,-23.043701171875
6417,87.92138671875
6418,-30.924072265625004
6419,16.34423828125
6420,-0.13281249999999994
6421,-9.76708984375
6422,-12.844238281250002
6423,13.66552734375
6424,0.573486328125
6425,7.423095703125
6426,14.460449218749998
6427,18.145263671875
6428,-7.1015625
6429,2.435302734375
6430,22.920166015625
6431,14.183593750000002
6432,-6.47705078125
6433,4.53369140625
6434,-0.198974609375
6435,11.113037109375
6436,11.682861328125
6437,-14.144287109375
6438,-12.373779296875
6439,11.093994140625
6440,10.4775390625
6441,-13.701171875
6442,-15.9169921875
6443,15.767333984374998
6444,18.42626953125
6445,6.31689453125
6446,-8.603271484375
6447,3.92724609375
6448,11.284912109375
6449,-0.5969238281249998
6450,-7.909423828125
6451,8.7490234375
6452,-12.37939453125
6453,0.1767578125
6454,12.361572265625
6455,15.77490234375
6456,-16.04052734375
6457,27.5068359375
6458,13.848388671875
6459,16.551513671875
6460,-18.31298828125
6461,11.981201171875
6462,8.205322265625
6463,-5.125732421875
6464,3.698486328125
6465,6.570068359374999
6466,-2.6669921875000004
6467,-5.992919921875
6468,8.57568359375
6469,3.3623046875000004
6470,-1.195068359375
6471,-7.95947265625
6472,7.282470703125
6473,-19.00439453125
6474,-22.287109375
6475,23.287353515625
6476,4.771728515625
6477,-21.23974609375
6478,-19.703369140625
6479,2.014892578125
6480,-13.5009765625
6481,-6.4384765625
6482,-3.04296875
6483,9.21484375
6484,-3.726318359375
6485,-9.7626953125
6486,-1.2333984375
6487,12.276611328125
6488,1.867919921875
6489,-12.89599609375
6490,20.380126953125
6491,-1.595458984375
6492,-2.943115234375
6493,4.237060546875
6494,13.002685546875
6495,-3.8447265624999996
6496,-1.131103515625
6497,32.816162109375
6498,-2.837646484375
6499,-0.6496582031249999
6500,-6.281005859374999
6501,-4.861572265625
6502,2.452880859375
6503,-9.663574218749998
6504,-7.244873046875
6505,-2.5537109375000004
6506,-2.20703125
6507,9.02978515625
6508,-10.262939453125
6509,1.876953125
6510,22.10888671875
6511,3.132080078125
6512,2.881591796875
6513,6.173583984375
6514,15.745849609375
6515,-5.8095703125
6516,11.312255859375
6517,-3.545166015625
6518,38.347412109375
6519,-18.8544921875
6520,5.867919921875
6521,19.583740234375
6522,38.648193359375
6523,-19.405029296875
6524,53.0
6525,16.921875
6526,14.854736328125
6527,-21.466064453125
6528,-19.684814453125
6529,-0.71484375
6530,12.773193359375
6531,-25.58984375
6532,-14.419189453125
6533,6.1240234375
6534,15.869384765625
6535,-1.815673828125
6536,1.3950195312499998
6537,15.961669921875
6538,-1.6958007812499998
6539,-5.488037109374999
6540,-0.81201171875
6541,16.610595703125
6542,8.270263671875
6543,6.37060546875
6544,17.968994140625
6545,10.874755859375
6546,9.313232421875
6547,-5.011230468750002
6548,-23.660888671875
6549,7.702392578125
6550,13.19287109375
6551,-15.14697265625
6552,1.620849609375
6553,-3.87109375
6554,11.3779296875
6555,13.2568359375
6556,0.245361328125
6557,2.91943359375
6558,12.258544921875
6559,14.774658203125
6560,16.827880859375
6561,-23.34375
6562,-6.30859375
6563,-3.355712890625
6564,-7.838623046875
6565,6.336181640625001
6566,-6.135986328125
6567,-1.662841796875
6568,-7.0869140625
6569,-1.780029296875
6570,-2.2458496093750004
6571,20.773193359375
6572,-51.48681640624999
6573,24.824951171875
6574,31.23388671875
6575,10.690185546875
6576,-50.87622070312499
6577,32.615966796875
6578,-27.036376953125
6579,10.987060546875
6580,-11.81884765625
6581,28.06689453125
6582,10.985107421875
6583,0.046630859374999944
6584,0.526123046875
6585,28.96875
6586,11.186279296875
6587,6.188720703125
6588,13.802490234375
6589,10.680908203125
6590,-23.9892578125
6591,-27.746337890625
6592,11.5205078125
6593,9.151611328125
6594,-23.396728515625
6595,-21.093994140625
6596,4.658447265625
6597,10.985107421875
6598,9.991943359375
6599,-7.363037109374999
6600,-8.510986328125
6601,31.989990234375
6602,29.44140625
6603,-7.474853515625
6604,-6.72119140625
6605,1.8198242187500002
6606,12.288330078125
6607,-18.126708984375
6608,-27.56201171875
6609,41.810791015625
6610,4.985107421875
6611,20.291748046875
6612,-20.509765625
6613,41.634765625
6614,-1.8334960937500002
6615,-39.898193359375
6616,11.079833984374998
6617,6.564453124999999
6618,-15.875244140625
6619,-17.383056640625
6620,5.727783203125
6621,2.4079589843749996
6622,-12.831787109375
6623,2.615966796875
6624,1.1049804687500002
6625,1.018798828125
6626,6.33642578125
6627,5.741943359374999
6628,-0.5837402343750001
6629,3.136962890625
6630,1.7670898437500002
6631,7.425537109374999
6632,-1.033935546875
6633,8.819091796875
6634,-10.144287109375
6635,65.9228515625
6636,66.125732421875
6637,-13.146240234375
6638,-18.951171875
6639,62.11572265625
6640,67.89990234375
6641,-7.423095703125
6642,-15.564208984374998
6643,14.843994140625
6644,-23.734375
6645,-1.202392578125
6646,16.25244140625
6647,-7.891357421875
6648,-25.122802734374996
6649,-5.551025390625001
6650,-9.339111328125
6651,-17.06884765625
6652,104.64013671875001
6653,-23.565185546875
6654,-42.59619140625
6655,7.973388671875
6656,90.24365234375
6657,-23.632568359375
6658,-38.32373046875
6659,6.466796875000001
6660,45.7607421875
6661,29.26025390625
6662,20.425048828125
6663,3.91845703125
6664,17.76904296875
6665,1.7690429687500002
6666,14.693115234375
6667,-5.34619140625
6668,63.198486328125
6669,100.19580078125
6670,-14.897705078125
6671,-1.707275390625
6672,30.42431640625
6673,1.955322265625
6674,-0.384765625
6675,1.14892578125
6676,32.049560546875
6677,-6.010986328125
6678,4.8623046875
6679,96.78759765625001
6680,28.6044921875
6681,-35.2724609375
6682,64.679931640625
6683,38.809814453125
6684,24.922851562500004
6685,-34.92919921875
6686,52.704345703125
6687,79.599853515625
6688,2.0498046875
6689,-1.0341796875
6690,3.1083984375000004
6691,8.1220703125
6692,3.80908203125
6693,-9.241943359375
6694,2.1513671875
6695,3.91015625
6696,10.101074218749998
6697,-12.140869140625
6698,-14.9619140625
6699,1.639404296875
6700,9.311279296875
6701,-9.608642578125
6702,-15.3916015625
6703,-1.750732421875
6704,33.837890625
6705,22.28271484375
6706,-3.898193359375
6707,0.73095703125
6708,17.103759765625
6709,-1.926025390625
6710,-15.47900390625
6711,7.917236328125
6712,21.043212890625
6713,11.212158203125
6714,0.9812011718750001
6715,51.159423828125
6716,8.5185546875
6717,11.783935546875
6718,-16.03759765625
6719,77.894775390625
6720,11.653564453125
6721,13.333984375
6722,19.612060546875
6723,24.58251953125
6724,17.82666015625
6725,-0.7819824218750001
6726,-5.276123046875
6727,40.72802734375
6728,15.268798828125
6729,-0.083740234375
6730,-9.37255859375
6731,6.77294921875
6732,-9.504638671875
6733,2.021484375
6734,10.984863281250002
6735,6.849365234375
6736,-12.619140625
6737,9.472900390625
6738,13.852294921875
6739,10.263916015625002
6740,2.469970703125
6741,10.2060546875
6742,5.060546875000001
6743,3.5966796875000004
6744,1.854248046875
6745,-1.10595703125
6746,4.539794921875
6747,7.21875
6748,0.6564941406249999
6749,0.6625976562500001
6750,6.859130859374999
6751,8.39208984375
6752,-8.300048828125
6753,-12.48779296875
6754,5.12060546875
6755,15.8447265625
6756,-12.579833984374998
6757,-10.384033203125
6758,0.9328613281249999
6759,9.989013671875
6760,-17.545166015625
6761,47.57250976562501
6762,8.64013671875
6763,-6.40966796875
6764,-24.648437500000004
6765,49.866943359375
6766,7.779541015625
6767,44.348876953125
6768,37.339111328125
6769,-18.452880859375
6770,11.166015625
6771,11.6494140625
6772,-4.045654296875
6773,-2.401123046875
6774,8.284912109375
6775,10.331787109375
6776,-2.669677734375
6777,-22.262939453125
6778,-7.60986328125
6779,3.798583984375
6780,9.770751953125
6781,5.228759765625
6782,12.98291015625
6783,3.423828125
6784,2.08837890625
6785,6.031494140625001
6786,-5.3046875
6787,47.907958984375
6788,49.884521484375
6789,-13.735595703124998
6790,49.1552734375
6791,-13.0830078125
6792,51.662841796875
6793,-14.00537109375
6794,12.7265625
6795,62.305908203125
6796,-12.470947265625
6797,-8.917724609375
6798,-6.44677734375
6799,-0.943359375
6800,-10.454345703125
6801,-6.74951171875
6802,2.83203125
6803,-13.041259765625
6804,-13.1201171875
6805,-4.202392578125
6806,41.700439453125
6807,37.544921875
6808,-2.838378906250001
6809,-4.56298828125
6810,42.89404296875
6811,40.73828125
6812,48.3037109375
6813,-6.86767578125
6814,8.39208984375
6815,-7.241943359374999
6816,-3.5732421875000004
6817,7.365234375000001
6818,9.457763671875
6819,-9.910400390625
6820,-5.44873046875
6821,50.103271484375
6822,24.1220703125
6823,38.39013671875
6824,10.74853515625
6825,-7.70703125
6826,8.93798828125
6827,27.53173828125
6828,7.981689453125
6829,-10.172607421875
6830,35.15869140625
6831,65.426025390625
6832,6.636962890625001
6833,5.60107421875
6834,5.46826171875
6835,14.167968750000002
6836,16.3359375
6837,11.357177734375
6838,1.951904296875
6839,18.559082031250004
6840,-3.788330078125
6841,0.37231445312500017
6842,0.001708984375
6843,4.0986328125
6844,-2.184814453125
6845,-0.524169921875
6846,-0.9677734375
6847,5.95556640625
6848,11.814453125
6849,10.179199218749998
6850,13.698974609375
6851,43.68505859375
6852,37.46240234375
6853,2.501953125
6854,-11.65185546875
6855,43.48388671875
6856,33.942138671875
6857,-12.723388671875
6858,8.888427734375
6859,-17.4931640625
6860,-17.688720703125
6861,-15.39599609375
6862,45.7373046875
6863,-17.69775390625
6864,-12.61279296875
6865,-11.142333984374998
6866,-2.033447265625
6867,-13.071533203125
6868,19.040771484375
6869,-17.2626953125
6870,4.435546875
6871,7.96923828125
6872,23.3212890625
6873,-16.1494140625
6874,1.993408203125
6875,46.986328125
6876,44.078857421875
6877,27.148681640625
6878,-9.991943359375
6879,-3.340576171875
6880,-14.554443359375
6881,16.17578125
6882,-0.9558105468750001
6883,-2.61181640625
6884,-6.79931640625
6885,15.4716796875
6886,-19.78271484375
6887,67.281494140625
6888,81.73828125
6889,-16.471435546875
6890,-2.098388671875
6891,74.841552734375
6892,78.55126953125
6893,-11.437011718749998
6894,38.17822265625
6895,-11.189208984374998
6896,-1.140380859375
6897,-6.577880859374999
6898,10.467529296875
6899,-27.23291015625
6900,-6.265869140625001
6901,-9.453857421875
6902,-7.4169921875
6903,1.320556640625
6904,13.365966796875
6905,-6.1064453125
6906,2.828125
6907,-20.7314453125
6908,6.061767578125
6909,-7.099853515625
6910,2.077392578125
6911,-7.564697265625
6912,8.95703125
6913,-9.4189453125
6914,1.3193359375
6915,-9.562011718749998
6916,13.515869140625
6917,13.500732421875
6918,0.40380859375
6919,-8.584228515625
6920,-7.86865234375
6921,-6.173583984375
6922,18.399169921875
6923,33.7138671875
6924,10.656005859375
6925,24.7861328125
6926,24.140869140625
6927,36.340576171875
6928,15.871826171875
6929,34.131103515625
6930,-5.281005859374999
6931,-47.617919921875
6932,33.428466796875
6933,25.803466796875004
6934,70.88134765625
6935,-41.421630859375
6936,32.400390625
6937,25.02490234375
6938,-52.806396484375
6939,-40.399169921875
6940,46.955810546875
6941,-7.748291015625
6942,-12.972656249999998
6943,51.85302734375
6944,44.90087890625
6945,-11.259521484374998
6946,-10.962646484374998
6947,-52.980712890625
6948,42.73193359375001
6949,11.052734375
6950,-0.7395019531249999
6951,6.063720703125
6952,14.437988281250002
6953,2.697265625
6954,-1.4306640625000004
6955,11.941650390625
6956,-18.88818359375
6957,7.9111328125
6958,3.4814453124999996
6959,-9.489501953125
6960,-2.010498046875
6961,-11.7626953125
6962,-10.5048828125
6963,-7.7587890625
6964,-6.3623046875
6965,-1.2778320312499998
6966,7.507080078125
6967,3.516357421875
6968,11.07958984375
6969,-1.5375976562499998
6970,5.371826171875
6971,9.37646484375
6972,16.005615234375
6973,-4.367431640625
6974,15.521484375
6975,7.8134765625
6976,9.568115234375
6977,-3.81787109375
6978,7.5654296875
6979,97.446044921875
6980,5.3671875
6981,-8.2119140625
6982,2.0654296875
6983,15.107421875
6984,0.6562500000000003
6985,-6.223388671875
6986,17.37841796875
6987,12.175781249999998
6988,7.292724609374999
6989,-15.0693359375
6990,12.299072265625
6991,17.3212890625
6992,4.719970703125
6993,-11.5849609375
6994,165.978759765625
6995,10.33447265625
6996,13.69287109375
6997,38.049072265625
6998,160.471435546875
6999,9.625244140625
7000,19.326416015625
7001,-29.505126953125
7002,122.989990234375
7003,0.88330078125
7004,7.14990234375
7005,8.432373046875
7006,36.81640625
7007,56.693359375
7008,9.6181640625
7009,9.390136718749998
7010,1.216796875
7011,-10.38427734375
7012,25.28515625
7013,4.835693359374999
7014,7.403076171875
7015,-4.963623046875
7016,31.759033203124996
7017,7.77392578125
7018,12.87255859375
7019,-13.605468750000002
7020,26.548095703125
7021,27.6650390625
7022,8.23388671875
7023,1.326416015625
7024,5.194091796875
7025,8.478271484375
7026,3.692626953125
7027,7.7314453125
7028,-14.0693359375
7029,-16.378173828125
7030,-17.705078125
7031,3.177490234375
7032,14.54150390625
7033,3.254150390625
7034,1.559814453125
7035,4.624755859374999
7036,14.520263671875
7037,-5.666259765625
7038,8.452392578125
7039,9.8505859375
7040,16.40478515625
7041,14.302490234375
7042,-27.385986328125
7043,0.8874511718750001
7044,14.486572265625
7045,16.27001953125
7046,9.124267578125
7047,12.468994140625
7048,-16.0712890625
7049,-2.333496093750003
7050,23.7548828125
7051,185.0888671875
7052,177.65771484375
7053,0.9951171874999978
7054,23.54833984375
7055,-10.813720703125
7056,-11.48779296875
7057,16.984375
7058,20.617431640625
7059,10.385498046875
7060,-0.7314453125
7061,-8.575927734375
7062,19.749267578125
7063,6.12548828125
7064,3.545166015625
7065,63.953369140625
7066,-14.148681640625
7067,-8.294677734375
7068,62.071533203125
7069,-48.058837890625
7070,-17.119873046875
7071,-8.60888671875
7072,55.482421875
7073,2.0246582031249996
7074,-7.41064453125
7075,74.418212890625
7076,-6.563720703125
7077,-23.733154296875
7078,58.120361328125
7079,6.776123046875
7080,-3.61962890625
7081,-21.14208984375
7082,28.10205078125
7083,38.769775390625
7084,-4.3798828125
7085,-5.55859375
7086,1.04296875
7087,29.17919921875
7088,-4.225341796875
7089,-1.6362304687500002
7090,-2.654052734375
7091,5.406982421875
7092,-1.397705078125
7093,-15.223388671875
7094,40.9453125
7095,36.97631835937501
7096,-8.376220703125
7097,-4.54443359375
7098,39.68994140625
7099,43.268310546875
7100,-13.245849609375
7101,-8.267822265625
7102,-2.052978515625
7103,10.796875
7104,24.772705078125
7105,28.855224609375
7106,7.26513671875
7107,6.20751953125
7108,27.380615234375
7109,39.516845703125
7110,5.028564453125
7111,-4.51611328125
7112,17.199951171875
7113,3.0729980468750004
7114,-3.875732421875
7115,-16.6220703125
7116,9.297607421875
7117,3.686767578125
7118,40.713623046875
7119,51.462158203125
7120,-9.45947265625
7121,29.53955078125
7122,2.566162109375
7123,-28.895751953125
7124,40.735107421875
7125,25.440673828125
7126,8.5859375
7127,4.4599609375
7128,-1.6611328125
7129,-10.2392578125
7130,-10.165771484374998
7131,1.9072265625
7132,-3.552734375
7133,-14.197265625
7134,-4.171875
7135,4.939208984375
7136,19.445068359375
7137,-5.988525390625001
7138,15.482177734375
7139,-7.89208984375
7140,-21.637451171875
7141,-5.44970703125
7142,21.449951171875
7143,-11.007080078125
7144,-25.9619140625
7145,4.749267578125
7146,6.569580078125
7147,55.812744140625
7148,93.550048828125
7149,-22.828125
7150,-51.4658203125
7151,-56.948486328125
7152,102.228759765625
7153,-28.51806640625
7154,74.55078125
7155,68.5478515625
7156,0.6794433593750001
7157,1.6752929687500002
7158,0.451416015625
7159,3.12841796875
7160,-4.657470703125
7161,1.684814453125
7162,0.83251953125
7163,-4.270263671875
7164,-0.5605468750000004
7165,1.946533203125
7166,-7.491455078125
7167,-9.379150390625
7168,-3.52490234375
7169,3.059326171875
7170,-7.25
7171,-2.158203125
7172,30.083740234375
7173,12.584228515625002
7174,-7.888671875000001
7175,18.78076171875
7176,67.947021484375
7177,2.611083984375
7178,-20.885009765625
7179,30.492187500000004
7180,70.968017578125
7181,5.265624999999997
7182,2.416259765625
7183,0.10498046875
7184,0.115966796875
7185,-4.6552734375
7186,10.026611328125
7187,3.505615234375
7188,-2.073486328125
7189,-3.300537109375
7190,-0.24145507812499994
7191,-0.7685546875
7192,-30.952880859375
7193,24.32080078125
7194,28.788818359375
7195,35.772216796875
7196,-28.237792968749996
7197,26.459716796875004
7198,25.96337890625
7199,-4.287841796875
7200,-37.94506835937501
7201,6.618408203125
7202,-1.01171875
7203,-5.137451171875
7204,-7.340087890625001
7205,1.9389648437500002
7206,-2.608642578125
7207,-8.3662109375
7208,-5.615966796875
7209,1.107666015625
7210,23.268310546875
7211,5.09326171875
7212,-5.547607421875
7213,54.1875
7214,64.259521484375
7215,7.778564453125
7216,-4.42041015625
7217,-15.105712890625
7218,-4.077392578125
7219,-5.87841796875
7220,-3.451416015625
7221,3.78076171875
7222,-1.4731445312499998
7223,1.213134765625
7224,-3.635986328125
7225,2.52197265625
7226,14.9580078125
7227,-10.613037109375
7228,19.583740234375
7229,-0.90234375
7230,3.868896484375
7231,1.1904296875
7232,34.064208984375
7233,1.1728515625
7234,5.32177734375
7235,8.735107421875
7236,0.35864257812499983
7237,52.484130859375
7238,22.860595703125
7239,2.66162109375
7240,46.07250976562501
7241,9.811279296875
7242,23.881103515625
7243,1.5810546875000004
7244,25.58740234375
7245,-3.510986328125
7246,2.289794921875
7247,5.97412109375
7248,2.660400390625
7249,8.694091796875
7250,5.885986328125
7251,5.0908203125
7252,2.299072265625
7253,4.85009765625
7254,21.590576171875
7255,-2.14208984375
7256,-4.75
7257,6.875
7258,-20.00830078125
7259,0.216064453125
7260,-2.369873046875
7261,3.8671875
7262,11.050048828125
7263,7.87255859375
7264,-5.307373046875
7265,2.64111328125
7266,-6.716796875000001
7267,-8.61328125
7268,-11.806884765625
7269,-0.78271484375
7270,-3.9931640624999996
7271,-25.0537109375
7272,-17.656005859375
7273,-15.09228515625
7274,18.747802734374996
7275,19.68896484375
7276,9.454345703125
7277,-13.901611328125
7278,11.8603515625
7279,16.994140625
7280,9.68408203125
7281,-12.869873046875
7282,12.932861328125
7283,35.52978515625
7284,2.955078125
7285,45.1357421875
7286,29.16796875
7287,38.072021484375
7288,0.9069824218749992
7289,-28.7451171875
7290,-48.895263671875
7291,130.0576171875
7292,24.822509765625
7293,17.283447265625
7294,-37.55712890625
7295,130.3408203125
7296,21.19287109375
7297,18.50244140625
7298,46.118896484375
7299,134.370361328125
7300,23.117187500000004
7301,0.90234375
7302,-0.67333984375
7303,-3.552001953125
7304,-3.34521484375
7305,0.7570800781249999
7306,0.72802734375
7307,10.072509765625
7308,10.724853515625002
7309,114.5927734375
7310,25.521240234375
7311,-18.94287109375
7312,0.1379394531250001
7313,8.88916015625
7314,29.34765625
7315,-20.604248046875
7316,65.5185546875
7317,14.64404296875
7318,-7.018310546875
7319,21.57373046875
7320,22.327880859375
7321,-4.59423828125
7322,1.787841796875
7323,19.90771484375
7324,22.816650390625
7325,-13.375244140625002
7326,-7.73193359375
7327,7.203369140625001
7328,-12.989501953125
7329,-26.26123046875
7330,60.796142578125
7331,-2.9755859375000004
7332,-16.30859375
7333,-24.844970703125
7334,8.822265625
7335,48.595458984375
7336,41.761474609375
7337,-8.50732421875
7338,-22.82177734375
7339,15.5498046875
7340,59.2109375
7341,-4.500244140625
7342,-25.89501953125
7343,41.5849609375
7344,1.7124023437500002
7345,31.48291015625
7346,-4.034423828125
7347,9.017578125
7348,33.695068359375
7349,7.845458984375
7350,-5.72314453125
7351,4.03076171875
7352,-3.908935546875
7353,20.48583984375
7354,2.02734375
7355,-5.222900390625001
7356,-9.554199218749998
7357,-3.332275390625
7358,-2.2021484375
7359,-8.2197265625
7360,-10.520751953125
7361,-1.4716796875
7362,-2.3642578124999996
7363,-3.323486328125
7364,28.7060546875
7365,22.861328125
7366,-50.66796875
7367,-3.904296875
7368,21.949462890625
7369,20.3369140625
7370,1.045654296875
7371,-3.93603515625
7372,54.044921875
7373,2.742919921875
7374,-37.235107421875
7375,12.258544921875
7376,57.44189453125001
7377,3.760498046875
7378,-37.12451171875
7379,46.6533203125
7380,30.44677734375
7381,-10.3349609375
7382,-18.543701171875
7383,-0.29150390625
7384,3.69482421875
7385,-7.285888671875
7386,-15.05908203125
7387,-2.599609375
7388,-0.24389648437500008
7389,-7.198974609374999
7390,-20.121337890625
7391,15.556396484374998
7392,0.158935546875
7393,8.80810546875
7394,14.940185546875
7395,17.3681640625
7396,2.532470703125
7397,4.365966796875
7398,8.99853515625
7399,-10.079833984374998
7400,93.76953125
7401,87.680908203125
7402,-26.194091796875004
7403,-9.968505859375004
7404,90.45849609375
7405,87.666748046875
7406,-2.4990234375000004
7407,-9.1796875
7408,-15.386962890625
7409,-5.271240234375
7410,1.00341796875
7411,0.8352050781249999
7412,-16.755126953125
7413,-4.00439453125
7414,2.537109375
7415,12.170166015625002
7416,-16.452880859375
7417,-18.28466796875
7418,-1.7143554687500002
7419,7.025390624999999
7420,77.006591796875
7421,6.2197265625
7422,-2.960205078125
7423,6.994140624999999
7424,-7.757080078125
7425,64.034423828125
7426,18.681884765625
7427,-10.981201171875
7428,13.77197265625
7429,3.599853515625
7430,-0.9582519531249999
7431,-16.01611328125
7432,13.543212890625
7433,-29.110107421875
7434,-4.214111328125
7435,-12.967041015625002
7436,8.595703125
7437,15.224365234375
7438,24.377685546875
7439,-4.6005859375
7440,8.884521484375
7441,7.535400390625001
7442,11.7353515625
7443,-11.1943359375
7444,3.539794921875
7445,29.644775390625
7446,-6.448486328125
7447,10.777343750000002
7448,30.05224609375
7449,30.78515625
7450,-6.982666015625
7451,66.877197265625
7452,13.80712890625
7453,-35.3115234375
7454,50.94384765625
7455,40.89697265625
7456,94.972412109375
7457,-36.197265625
7458,51.42822265625
7459,46.424072265625
7460,-5.179687500000002
7461,-33.44140625
7462,11.8525390625
7463,1.341796875
7464,5.892333984375
7465,28.562255859375
7466,5.320556640625001
7467,3.385009765625
7468,8.31494140625
7469,5.1806640625
7470,12.778076171875
7471,10.397949218749998
7472,68.040771484375
7473,72.304931640625
7474,-15.666015625
7475,1.326171875
7476,70.424560546875
7477,74.304931640625
7478,-9.72998046875
7479,-0.9809570312499997
7480,-6.589599609374999
7481,0.1435546875
7482,15.788574218749998
7483,-14.80224609375
7484,11.422607421875
7485,1.8276367187500002
7486,15.068359375
7487,20.612060546875
7488,-0.19677734375
7489,-9.497802734375
7490,15.4111328125
7491,15.185302734375
7492,-7.404541015625
7493,-5.908203124999999
7494,18.447509765625
7495,13.725830078125
7496,-28.436767578125
7497,0.2580566406249991
7498,15.706298828125
7499,-7.650634765625
7500,-34.48779296875
7501,-3.371337890625
7502,31.4306640625
7503,1.02880859375
7504,-34.423095703125
7505,26.569091796875004
7506,39.5185546875
7507,-1.9204101562499998
7508,-18.160888671875
7509,-9.482421875
7510,42.394775390625
7511,1.844482421875
7512,-17.4169921875
7513,-8.625244140625
7514,14.577392578125
7515,-8.43310546875
7516,-3.351318359375
7517,13.343017578125
7518,-0.4150390625
7519,13.34033203125
7520,12.4892578125
7521,12.388671875
7522,0.587890625
7523,9.799560546875
7524,23.2099609375
7525,-31.030273437499996
7526,55.51318359375001
7527,71.2255859375
7528,-21.145751953125
7529,-47.46435546874999
7530,57.3251953125
7531,68.83740234375
7532,-45.90185546874999
7533,7.52099609375
7534,7.9619140625
7535,38.634033203125
7536,40.29638671875
7537,-4.07373046875
7538,1.96484375
7539,38.58691406250001
7540,34.56005859375
7541,-27.961181640625
7542,-6.14794921875
7543,-0.000732421875
7544,-0.82861328125
7545,9.1689453125
7546,11.021728515625002
7547,9.766113281250002
7548,-5.471435546875
7549,14.882568359375
7550,-27.370361328125
7551,-10.81591796875
7552,-1.0534667968750002
7553,0.325439453125
7554,22.4375
7555,12.67529296875
7556,4.502197265625
7557,6.41650390625
7558,25.03515625
7559,-33.530029296875
7560,15.710205078125
7561,130.7939453125
7562,-13.819091796875
7563,5.113525390624998
7564,-24.316162109375
7565,-31.406005859375
7566,-16.856689453125
7567,0.7937011718749992
7568,35.8427734375
7569,38.3642578125
7570,-9.194580078125
7571,-7.558349609374999
7572,-2.432861328125
7573,-9.5126953125
7574,-6.665771484375
7575,-5.167236328125
7576,0.349365234375
7577,9.36181640625
7578,-16.865478515625
7579,6.1689453125
7580,-13.40869140625
7581,5.19384765625
7582,31.390380859375
7583,29.351806640625
7584,-15.15771484375
7585,-5.05224609375
7586,11.721435546875
7587,12.979248046875
7588,-19.686523437499996
7589,13.89404296875
7590,12.1474609375
7591,59.16015625
7592,-18.517822265625004
7593,14.581298828125
7594,10.962646484374998
7595,1.0769042968749991
7596,-21.364013671875
7597,-20.030273437499996
7598,13.261718750000002
7599,19.416015625
7600,-4.1923828125
7601,-36.3173828125
7602,12.628173828125
7603,21.101562499999996
7604,-17.20849609375
7605,-29.65869140625
7606,-4.940673828125
7607,5.83837890625
7608,-14.474365234375
7609,9.896240234375
7610,2.62109375
7611,2.635498046875
7612,-9.889404296875
7613,8.478759765625
7614,-9.342041015625002
7615,-5.814208984375
7616,11.41845703125
7617,33.06494140625
7618,2.929931640625
7619,-15.174560546875
7620,15.919677734375
7621,29.02880859375
7622,3.004150390625
7623,-13.119384765625
7624,4.097412109375
7625,-1.126953125
7626,11.144287109375
7627,-10.3251953125
7628,2.182373046875
7629,0.16943359375
7630,6.533447265625
7631,7.746337890625001
7632,20.3681640625
7633,24.63427734375
7634,26.279296875
7635,9.20751953125
7636,21.31689453125
7637,49.903076171875
7638,32.811279296875
7639,11.02685546875
7640,10.28466796875
7641,-0.264404296875
7642,54.45361328125
7643,93.248291015625
7644,-14.75927734375
7645,122.0146484375
7646,132.70556640625
7647,91.96240234374999
7648,-10.269287109375
7649,40.493896484375
7650,37.89697265625
7651,5.287109375000001
7652,6.77880859375
7653,-7.843017578125
7654,20.593017578125
7655,16.89208984375
7656,4.469726562499999
7657,-12.02685546875
7658,-2.71337890625
7659,-16.3701171875
7660,-23.62548828125
7661,6.456298828125
7662,7.437988281249999
7663,26.216796875
7664,-20.158447265625004
7665,11.794189453125
7666,6.007080078125
7667,0.24389648437499994
7668,-18.68505859375
7669,-7.494384765625001
7670,-26.050537109375
7671,103.287841796875
7672,-27.472900390625
7673,-12.25244140625
7674,-30.35986328125
7675,104.693603515625
7676,-10.9951171875
7677,-11.885986328125
7678,13.446044921875
7679,5.505126953125
7680,12.2900390625
7681,9.24072265625
7682,4.7783203125
7683,11.420654296875
7684,11.610595703125
7685,-23.3076171875
7686,-16.41845703125
7687,5.9462890625
7688,38.318359375
7689,22.546875
7690,-4.77490234375
7691,40.073974609375
7692,43.32470703125
7693,17.883544921875
7694,25.275634765625
7695,-13.100341796875
7696,-3.043701171875
7697,18.6376953125
7698,-9.886962890625
7699,-11.720947265625
7700,9.29931640625
7701,13.93603515625
7702,-9.814697265625
7703,8.70849609375
7704,17.21630859375
7705,77.570556640625
7706,21.2607421875
7707,9.726318359375
7708,23.310791015625
7709,19.96337890625
7710,16.963134765625
7711,5.047119140625001
7712,-30.5732421875
7713,-31.8642578125
7714,-6.58056640625
7715,8.38232421875
7716,10.106201171875
7717,-7.463623046875
7718,-6.623779296875
7719,2.015869140625
7720,14.061767578125
7721,-9.00390625
7722,-5.606689453125
7723,62.95166015625
7724,-9.889892578125
7725,7.246826171875
7726,29.448974609375
7727,-25.28564453125
7728,-5.770507812500002
7729,7.2236328125
7730,-33.86279296875
7731,145.242919921875
7732,1.454833984375
7733,21.810302734374996
7734,11.95556640625
7735,8.4443359375
7736,13.924072265625
7737,15.327880859375
7738,24.0654296875
7739,-3.046142578125
7740,-2.148681640625
7741,-8.0166015625
7742,24.384765625
7743,-0.46826171875
7744,-5.652099609374999
7745,-10.505615234375
7746,33.437255859375
7747,-4.824462890625001
7748,-7.09423828125
7749,2.712890625
7750,25.226806640625
7751,-10.47802734375
7752,-3.962646484375
7753,11.54345703125
7754,0.8269042968750001
7755,-12.050537109375
7756,-8.994140625
7757,71.612548828125
7758,95.723876953125
7759,-5.947509765625
7760,10.993408203125
7761,14.09814453125
7762,-9.259033203125
7763,-3.695556640625
7764,6.3330078125
7765,14.474365234375
7766,-6.31005859375
7767,-5.01708984375
7768,24.019775390625
7769,-10.683837890625
7770,-13.526611328125
7771,-43.412353515625
7772,39.071533203125
7773,-3.739990234375
7774,-10.561279296875
7775,57.86474609375
7776,33.078369140625
7777,14.78271484375
7778,-5.185791015625
7779,9.502685546875
7780,2.31884765625
7781,8.084228515625
7782,0.8203125
7783,5.015869140625001
7784,7.07373046875
7785,-5.428466796875
7786,42.020751953125
7787,31.163818359375
7788,-21.53271484375
7789,24.967529296875
7790,29.71826171875
7791,32.1123046875
7792,-17.596923828125
7793,87.20703125
7794,103.65673828125
7795,-26.09375
7796,4.56298828125
7797,110.246337890625
7798,-13.76904296875
7799,-51.364013671875
7800,5.610595703125
7801,111.11474609375
7802,-12.37841796875
7803,-34.6015625
7804,-3.530029296875
7805,20.938720703125
7806,4.031005859375
7807,6.01806640625
7808,-9.66650390625
7809,19.85205078125
7810,-1.3540039062499998
7811,0.23632812499999956
7812,-16.880126953125
7813,36.460205078125
7814,-12.066162109375
7815,-18.2783203125
7816,19.669921875
7817,157.791015625
7818,-12.705078125000002
7819,-17.5498046875
7820,23.793701171875
7821,20.880859375
7822,12.596923828125
7823,-3.83642578125
7824,5.083740234375
7825,-18.951904296875
7826,-2.927490234375
7827,-4.813232421875
7828,5.01708984375
7829,-14.1376953125
7830,10.095947265625
7831,0.7277832031249999
7832,9.229248046875
7833,14.5751953125
7834,-7.4853515625
7835,5.196533203125
7836,6.9150390625
7837,7.799072265625
7838,1.332275390625
7839,7.3642578125
7840,4.0830078125
7841,-16.49560546875
7842,-16.306640625
7843,8.40576171875
7844,11.892578125
7845,-18.18701171875
7846,-21.96875
7847,16.97802734375
7848,24.5810546875
7849,-34.70654296875
7850,54.94970703125
7851,55.337158203125
7852,-32.951416015625
7853,-31.283447265625004
7854,52.2978515625
7855,51.71923828125
7856,-4.622314453125
7857,-39.87939453125001
7858,-14.4482421875
7859,128.2119140625
7860,15.458251953125
7861,70.570068359375
7862,-23.03955078125
7863,131.999755859375
7864,18.7431640625
7865,-13.495849609375
7866,18.289306640625
7867,-5.50390625
7868,14.007080078125
7869,17.86376953125
7870,6.60546875
7871,-0.8195800781249999
7872,8.940673828125
7873,23.072509765625
7874,7.082275390625001
7875,-6.162841796875
7876,14.21240234375
7877,-7.31884765625
7878,11.162841796875
7879,-7.854736328125
7880,-4.492431640625
7881,-9.9208984375
7882,7.823486328125
7883,-6.382080078125
7884,4.507080078125
7885,-58.66064453125001
7886,80.801025390625
7887,64.7119140625
7888,25.492431640625
7889,-52.108642578125
7890,79.498046875
7891,68.384521484375
7892,-22.362548828125
7893,-54.91162109375
7894,-9.800537109375
7895,14.50341796875
7896,42.0263671875
7897,-15.816650390625
7898,-2.96435546875
7899,13.235595703125
7900,43.78125
7901,14.472412109375
7902,14.666748046875
7903,-6.19384765625
7904,-7.1845703125
7905,-7.991943359374999
7906,-15.796386718749998
7907,4.940185546875
7908,-6.99169921875
7909,-8.259765625
7910,12.747314453125
7911,13.366699218749998
7912,5.911865234375
7913,2.838134765625
7914,29.418457031250004
7915,-15.926025390625
7916,-43.752197265625
7917,8.09375
7918,30.12744140625
7919,-18.534423828125
7920,-7.45556640625
7921,26.681640625
7922,43.82666015625
7923,-36.2958984375
7924,21.66455078125
7925,9.302001953125
7926,45.3173828125
7927,-37.307373046875
7928,-25.70751953125
7929,-44.428466796875
7930,34.422119140625
7931,-9.216064453125
7932,13.929443359375
7933,3.5205078124999996
7934,1.4462890625
7935,-12.177978515625002
7936,14.119873046875
7937,8.029541015625
7938,-6.1796875
7939,23.222412109375
7940,25.999267578125
7941,4.064453125
7942,4.122314453125
7943,38.672607421875
7944,22.483154296875
7945,-0.7504882812499998
7946,17.285400390625
7947,1.6669921875
7948,-6.982421875000002
7949,10.669189453125
7950,44.28955078125
7951,-14.5087890625
7952,-4.690429687500001
7953,5.046875
7954,43.4189453125
7955,-23.895263671875
7956,-24.620849609375
7957,-1.034423828125
7958,-20.7998046875
7959,-25.908935546875
7960,36.546875
7961,-18.9345703125
7962,-18.06689453125
7963,-24.67431640625
7964,27.496826171875
7965,6.893310546875
7966,111.991455078125
7967,-5.2236328125
7968,-1.7133789062500013
7969,26.269042968749996
7970,111.848388671875
7971,-1.0190429687500038
7972,0.6882324218749966
7973,-34.30908203125
7974,112.14501953125001
7975,-18.591796875
7976,3.16552734375
7977,5.149658203125
7978,6.871337890625001
7979,-2.18115234375
7980,2.57666015625
7981,5.67626953125
7982,-1.3466796874999998
7983,4.220458984375
7984,-1.1708984375
7985,-1.1557617187500002
7986,-7.1201171875
7987,-18.141845703125
7988,1.2709960937500002
7989,-4.926513671875
7990,-5.5224609375
7991,60.1611328125
7992,-6.114990234375
7993,13.222412109375
7994,-6.30419921875
7995,-16.357177734375
7996,9.891845703125
7997,39.6708984375
7998,-13.42333984375
7999,-22.268798828125
8000,-3.4345703124999996
8001,28.08544921875
8002,-2.315673828125
8003,1.900146484375
8004,2.79248046875
8005,-7.927490234375
8006,1.338134765625
8007,3.562255859375
8008,4.95849609375
8009,-8.3740234375
8010,0.3251953125
8011,-0.98876953125
8012,5.60986328125
8013,8.365966796875
8014,-5.9873046875
8015,1.178466796875
8016,5.752197265625
8017,5.8115234375
8018,8.45751953125
8019,-5.755126953125
8020,1.643798828125
8021,16.818603515625
8022,-2.609619140625
8023,7.099853515625
8024,11.3212890625
8025,14.291015625
8026,-0.8928222656249999
8027,37.123291015625
8028,9.80810546875
8029,-9.529296875
8030,-1.7348632812499998
8031,10.707763671875
8032,-5.701904296875
8033,3.6982421875000004
8034,-4.7431640625
8035,6.42529296875
8036,-6.09375
8037,-10.782958984374998
8038,-17.867919921875
8039,-5.48291015625
8040,-9.232666015625002
8041,30.25
8042,-15.6455078125
8043,-6.616943359374999
8044,-12.896728515625002
8045,7.618896484375
8046,-13.546875
8047,20.758544921875
8048,-41.20703125
8049,-42.041015625
8050,12.015136718749998
8051,39.110595703125
8052,-36.572998046875
8053,-39.3134765625
8054,37.89990234375
8055,25.9794921875
8056,-2.89013671875
8057,15.269775390625
8058,8.351318359375
8059,-2.1689453125
8060,7.9169921875
8061,10.345947265625
8062,11.474853515625002
8063,0.451171875
8064,-2.903076171875
8065,-26.125732421875
8066,16.15673828125
8067,20.530517578125
8068,-17.04248046875
8069,-10.847412109375
8070,14.921386718749998
8071,12.759521484374998
8072,71.55078125
8073,-6.171142578125
8074,-10.818359375
8075,8.549560546875
8076,42.55078125
8077,-18.557373046875
8078,-0.85791015625
8079,9.427001953125
8080,42.055419921875
8081,-2.294677734375
8082,18.02490234375
8083,-17.76318359375
8084,-4.156005859375
8085,-1.1572265625
8086,1.975830078125
8087,-19.12353515625
8088,-4.34765625
8089,-5.6630859375
8090,6.55029296875
8091,-15.888916015625002
8092,24.064208984375
8093,22.2607421875
8094,-73.4716796875
8095,44.255615234375
8096,16.18359375
8097,11.998291015625002
8098,-71.15966796875
8099,-5.229248046875
8100,-23.548828125
8101,22.375244140625
8102,-7.705322265625
8103,-5.297119140625001
8104,63.520751953125
8105,22.610107421875
8106,-9.080810546875
8107,-5.68896484375
8108,0.45874023437500017
8109,18.605957031250004
8110,-2.2392578125
8111,0.43139648437499956
8112,-19.25537109375
8113,-1.715576171875
8114,2.593505859375
8115,-0.4013671875
8116,-20.568115234375
8117,-1.955810546875
8118,-7.8017578125
8119,11.7490234375
8120,7.85546875
8121,10.23876953125
8122,-2.72998046875
8123,-0.23828125
8124,12.1796875
8125,13.94189453125
8126,-5.654541015625
8127,0.22045898437499978
8128,-27.506591796875004
8129,11.467529296875
8130,2.979736328125
8131,-9.310791015625002
8132,-6.076416015625001
8133,14.069580078125
8134,7.080078124999999
8135,7.4013671875
8136,27.305908203124996
8137,6.020263671875
8138,32.577880859375
8139,31.62353515625
8140,14.0166015625
8141,-1.7973632812499998
8142,30.126220703125
8143,32.735595703125
8144,-15.104736328125
8145,2.485107421875
8146,-11.908935546875
8147,-5.01123046875
8148,21.927001953125
8149,2.363525390625
8150,-21.673583984375
8151,-0.443115234375
8152,29.3681640625
8153,-6.2822265625
8154,12.9912109375
8155,-9.564453125
8156,14.4130859375
8157,34.227294921875
8158,-8.042724609375
8159,-13.3974609375
8160,12.351074218749998
8161,36.7041015625
8162,-3.35693359375
8163,-4.753173828125
8164,27.7548828125
8165,-13.8515625
8166,-8.4130859375
8167,-57.737060546875
8168,26.402587890625
8169,-16.596435546875
8170,-12.903076171875
8171,67.221923828125
8172,15.257324218749998
8173,-36.59521484375
8174,1.123291015625
8175,60.55126953125
8176,-13.17724609375
8177,-26.041259765625
8178,-2.382568359375
8179,62.23779296875
8180,-13.484619140625
8181,-14.713134765625
8182,-21.144775390625
8183,-27.610595703125
8184,24.728271484375
8185,-6.061767578125
8186,-6.456787109374999
8187,-18.215576171875
8188,16.447021484375
8189,-35.858154296875
8190,-33.367919921875
8191,-28.072265625
8192,-3.166259765625
8193,17.639892578125
8194,16.600830078125
8195,21.818603515625
8196,1.486572265625
8197,16.662841796875
8198,6.659912109374999
8199,-8.67919921875
8200,71.255615234375
8201,-28.982666015625
8202,-40.707275390625
8203,17.849609375
8204,77.07861328125
8205,-30.189697265625004
8206,-36.7236328125
8207,45.61376953125
8208,69.975830078125
8209,16.2919921875
8210,-1.646484375
8211,-0.2509765625
8212,-16.781005859375
8213,0.288818359375
8214,4.850341796875
8215,1.6303710937500002
8216,-15.18408203125
8217,4.162841796875
8218,-23.4462890625
8219,0.560302734375
8220,60.376708984375
8221,-24.020263671875
8222,12.609863281250002
8223,0.527587890625
8224,62.943115234375
8225,-3.15234375
8226,28.447021484375
8227,18.28759765625
8228,-23.140625
8229,-20.886962890625
8230,-18.073486328125
8231,19.119140625
8232,-21.110351562500004
8233,-18.359130859375
8234,-6.6396484375
8235,15.968505859375
8236,-46.344482421875
8237,20.9443359375
8238,9.525390625
8239,-6.51904296875
8240,-24.217773437499996
8241,15.55126953125
8242,8.525390625
8243,8.750732421875
8244,-11.700439453125
8245,-10.281738281250002
8246,-8.23828125
8247,-11.226318359375
8248,2.6640625
8249,16.795654296875
8250,-9.575927734375
8251,-10.222900390625
8252,0.5712890625
8253,-16.812744140625
8254,-31.269775390625
8255,32.42138671875
8256,39.60375976562501
8257,-30.543212890625
8258,-22.43115234375
8259,27.66259765625
8260,45.48486328125
8261,12.252685546875
8262,-27.933837890625
8263,77.4501953125
8264,56.37060546874999
8265,12.39404296875
8266,141.25048828125
8267,-24.1943359375
8268,53.66748046875
8269,8.931396484374996
8270,38.9365234375
8271,51.1416015625
8272,0.9206542968749996
8273,74.26416015625
8274,71.366943359375
8275,-15.3994140625
8276,-1.3901367187500002
8277,73.383544921875
8278,67.754638671875
8279,3.1269531249999996
8280,6.523193359374998
8281,52.81689453125001
8282,-13.1083984375
8283,-1.8525390625
8284,86.76367187499999
8285,53.113525390625
8286,-15.826904296875
8287,3.530517578125
8288,18.32763671875
8289,47.39111328125
8290,5.00341796875
8291,10.68408203125
8292,2.246337890625
8293,10.361572265625
8294,7.839599609374999
8295,3.23291015625
8296,-2.19580078125
8297,0.538818359375
8298,5.753173828125
8299,-12.283203125
8300,-34.811767578125
8301,36.52001953125
8302,-20.864746093749993
8303,31.56787109375
8304,-32.916015625
8305,32.145263671875
8306,-2.306640625
8307,-26.16796875
8308,22.541015625
8309,-3.08447265625
8310,39.88818359375001
8311,-16.863037109375
8312,-18.869873046875
8313,-6.18408203125
8314,33.573486328125
8315,4.18994140625
8316,-25.451904296875
8317,-15.401611328125
8318,18.049560546875
8319,27.478515625
8320,-1.265380859375
8321,-7.800048828125
8322,11.972900390625
8323,35.2890625
8324,-4.064453125
8325,-3.1396484375000004
8326,-18.782958984375
8327,34.413330078125
8328,41.493896484375
8329,-9.94775390625
8330,-10.925537109375
8331,35.397216796875
8332,42.671142578125
8333,-14.879150390625
8334,-18.783203125
8335,12.575927734375
8336,24.191650390625
8337,24.6025390625
8338,-7.038818359374999
8339,9.05078125
8340,22.768310546875
8341,29.162841796875004
8342,46.4521484375
8343,2.466796874999999
8344,-20.014404296875
8345,46.739501953125
8346,0.372802734375
8347,3.371337890625
8348,4.938720703125
8349,52.241455078125
8350,0.640625
8351,7.720458984375
8352,-1.9165039062499998
8353,5.340576171875
8354,5.616943359374999
8355,10.881103515625002
8356,-26.37255859375
8357,6.379150390625001
8358,7.800537109374999
8359,7.3876953125
8360,-0.201171875
8361,9.44287109375
8362,20.33349609375
8363,15.763916015625002
8364,-9.057861328125
8365,0.009521484375000444
8366,-1.8979492187500002
8367,19.119140625
8368,-10.958740234375
8369,67.37451171875
8370,85.86962890625
8371,9.334716796875
8372,-4.44482421875
8373,-0.42333984375
8374,42.9541015625
8375,-20.584716796875004
8376,-9.1298828125
8377,-3.466064453125
8378,-25.33740234375
8379,-14.85302734375
8380,-11.756591796875
8381,-36.6943359375
8382,108.580322265625
8383,21.301513671875
8384,-8.098388671875
8385,-34.908935546875
8386,109.34814453125
8387,-13.141113281250002
8388,-15.792236328125
8389,27.11083984375
8390,-28.015625
8391,21.869873046875
8392,-7.090576171875
8393,1.8100585937500002
8394,-29.607177734374996
8395,19.577880859375
8396,5.142822265625
8397,13.923828125
8398,7.1396484375
8399,-42.808837890625
8400,10.986572265625
8401,40.774169921875
8402,57.283935546875
8403,-40.04638671875
8404,6.98828125
8405,-20.233398437499996
8406,-9.391113281250002
8407,-61.638916015625
8408,33.84375
8409,33.65625
8410,-8.450439453125
8411,-61.600341796875
8412,39.96044921875
8413,36.09716796875
8414,54.16308593749999
8415,-56.155517578125
8416,7.392333984375
8417,46.4658203125
8418,40.532958984375
8419,6.42333984375
8420,18.1279296875
8421,50.048583984375
8422,39.926025390625
8423,10.621337890625
8424,-23.177490234375
8425,-16.19921875
8426,-8.0458984375
8427,2.56591796875
8428,8.77294921875
8429,-6.868896484375
8430,-11.105224609375
8431,11.135498046875
8432,21.560546875
8433,-3.6748046875000004
8434,10.060546875
8435,-4.908447265625
8436,-2.6171875
8437,-12.199218750000002
8438,13.79052734375
8439,-4.9921875
8440,1.282470703125
8441,-4.192138671875
8442,0.335693359375
8443,-4.893310546875
8444,-6.152587890625001
8445,-19.457763671875
8446,42.85595703125
8447,-32.2744140625
8448,-3.870361328125
8449,-23.039306640625
8450,2.46044921875
8451,14.986328125
8452,-4.95654296875
8453,-10.12060546875
8454,-12.17529296875
8455,-6.318359375000001
8456,12.633056640625
8457,-11.42041015625
8458,-9.6064453125
8459,11.142333984374998
8460,19.06982421875
8461,13.57666015625
8462,3.381103515625
8463,1.3603515625
8464,16.396728515625
8465,2.676025390625
8466,-0.2470703125
8467,6.841064453125
8468,4.060302734375
8469,-4.320068359375
8470,-15.795654296875
8471,40.67431640624999
8472,36.67919921875
8473,-53.1015625
8474,-13.740966796875
8475,32.797119140625
8476,34.38427734375
8477,-3.0234375
8478,-2.48681640625
8479,-16.888671875
8480,18.474365234375
8481,27.425292968749996
8482,99.63330078125
8483,-20.925537109375
8484,26.142578125
8485,26.059326171875
8486,-21.52978515625
8487,-26.135498046875
8488,0.172119140625
8489,7.962646484375
8490,10.5205078125
8491,-3.02099609375
8492,-4.48291015625
8493,11.05810546875
8494,11.125
8495,-24.54931640625
8496,-5.221923828125
8497,1.307861328125
8498,9.6318359375
8499,11.41748046875
8500,10.05322265625
8501,-4.873291015625
8502,1.6567382812499998
8503,2.48681640625
8504,2.65771484375
8505,-3.10986328125
8506,17.041015625
8507,111.43994140624999
8508,7.17822265625
8509,264.73388671875
8510,-82.40771484375
8511,109.823486328125
8512,10.285888671875
8513,4.671630859374999
8514,16.071044921875
8515,0.21313476562499956
8516,-4.339599609375
8517,4.12060546875
8518,6.74609375
8519,1.646240234375
8520,-6.564453124999999
8521,5.716796875000001
8522,37.5
8523,19.77197265625
8524,65.345458984375
8525,-19.006103515625
8526,2.604248046874998
8527,11.508300781250002
8528,65.711181640625
8529,-17.74267578125
8530,4.484619140625
8531,6.85009765625
8532,89.64208984374997
8533,9.117919921875
8534,7.554931640625001
8535,10.85400390625
8536,-5.81787109375
8537,3.68408203125
8538,-2.23388671875
8539,13.322509765625
8540,59.5087890625
8541,4.71044921875
8542,4.376953125
8543,-25.516845703125
8544,-47.206787109375
8545,53.5390625
8546,59.714111328125
8547,-23.593017578125
8548,-48.410888671875
8549,36.814453125
8550,118.50537109375
8551,10.61376953125
8552,-5.929931640625001
8553,14.876220703125
8554,-11.0390625
8555,-3.578369140625
8556,-11.074462890625
8557,9.7392578125
8558,-18.446044921875
8559,-1.211669921875
8560,-28.247314453125
8561,-3.44677734375
8562,8.91650390625
8563,-15.895263671875
8564,-48.059814453125
8565,-0.373291015625
8566,5.3740234375
8567,16.647705078125
8568,-31.334228515625
8569,-14.369140625
8570,26.15185546875
8571,34.273193359375
8572,9.201171875
8573,-7.764892578125
8574,27.178466796875004
8575,30.624267578125
8576,1.984130859375
8577,-9.20556640625
8578,25.057373046875
8579,-39.466552734375
8580,-27.952148437499996
8581,24.172607421875
8582,21.125976562500004
8583,-38.47509765625
8584,-29.73583984375
8585,-67.802490234375
8586,131.5849609375
8587,2.193603515625
8588,-1.21484375
8589,-11.1103515625
8590,-7.281982421875
8591,5.521484375000001
8592,0.16650390625
8593,-13.0966796875
8594,1.3740234375
8595,14.173095703125
8596,-23.428955078125
8597,61.232421875
8598,31.90478515625
8599,-2.96337890625
8600,2.842529296875
8601,63.586669921875
8602,31.00927734375
8603,-9.361083984374998
8604,-20.677001953125
8605,-21.54052734375
8606,-9.701904296875
8607,-12.196533203125
8608,11.423583984374998
8609,-18.107177734375
8610,-5.615234375000001
8611,-3.457763671875
8612,-13.412353515625002
8613,-17.07373046875
8614,-13.191162109375
8615,-5.718505859374999
8616,2.411376953125
8617,11.6435546875
8618,-5.795166015625
8619,-1.944580078125
8620,-0.367919921875
8621,8.03857421875
8622,-5.6005859375
8623,-23.48486328125
8624,31.45947265625
8625,27.344970703125
8626,14.779296875
8627,-18.5625
8628,23.300537109375
8629,38.18554687499999
8630,-4.5341796875
8631,-21.324951171875
8632,33.975341796875
8633,56.80249023437499
8634,-8.328369140625
8635,49.9296875
8636,7.51904296875
8637,59.653564453125
8638,-11.487548828125
8639,37.299560546875
8640,42.53808593749999
8641,68.528076171875
8642,34.198974609375
8643,-72.378662109375
8644,55.010986328125
8645,-42.818359375
8646,38.322021484375
8647,-69.782470703125
8648,24.792236328125
8649,56.805419921875
8650,-7.52978515625
8651,24.524658203124996
8652,64.219482421875
8653,-2.381103515625
8654,-9.703613281250002
8655,24.241455078125
8656,62.033447265625
8657,-18.232177734375
8658,-14.531005859375
8659,21.48193359375
8660,11.385986328124998
8661,21.640625
8662,13.3310546875
8663,7.4267578125
8664,21.1767578125
8665,20.676513671875
8666,-4.621826171875
8667,-12.620849609375
8668,3.639892578125
8669,16.240234375
8670,12.367919921875
8671,12.154296875
8672,-8.712158203125
8673,18.240478515625
8674,11.115478515625002
8675,1.3935546875
8676,-8.669921875
8677,-18.785400390625
8678,-7.204833984375
8679,41.95166015625
8680,3.1455078124999996
8681,-24.399658203124996
8682,-10.784912109375
8683,45.23388671875
8684,12.4482421875
8685,1.576416015625
8686,-22.417236328125
8687,0.54443359375
8688,25.2392578125
8689,1.2282714843750022
8690,-27.02587890625
8691,-8.902099609375
8692,25.362060546875
8693,6.04052734375
8694,5.25341796875
8695,89.69311523437499
8696,-4.4658203125
8697,-30.98291015625
8698,-5.485595703125
8699,53.84814453125001
8700,-10.005126953125
8701,-27.005615234375
8702,11.3798828125
8703,42.290283203125
8704,2.8774414062499996
8705,-3.0480957031249996
8706,12.237060546875
8707,0.348876953125
8708,-7.712646484375
8709,0.3896484375
8710,9.094482421875
8711,-0.101806640625
8712,-27.79736328125
8713,33.256103515625
8714,-20.46875
8715,-1.4643554687500002
8716,4.90966796875
8717,18.679931640625
8718,-18.980712890625
8719,-0.7966308593750001
8720,-1.603759765625
8721,10.245849609375
8722,-13.6328125
8723,27.335205078125
8724,27.905517578125
8725,-3.405517578125
8726,-10.260009765625
8727,23.703857421875
8728,25.279296875
8729,10.580078125
8730,-17.82470703125
8731,-2.708740234375
8732,25.840087890625
8733,25.404296875
8734,-2.280029296875
8735,-9.3681640625
8736,22.39013671875
8737,31.894042968749996
8738,-20.504638671875
8739,-28.205322265625004
8740,49.61474609375
8741,1.96484375
8742,5.2978515625
8743,11.701904296875
8744,47.679443359375
8745,2.34326171875
8746,0.54296875
8747,-4.52197265625
8748,59.23437500000001
8749,9.4033203125
8750,9.14453125
8751,4.810302734375
8752,9.08544921875
8753,15.263427734375
8754,6.5048828125
8755,10.63623046875
8756,20.69775390625
8757,3.475830078125
8758,157.824462890625
8759,66.38037109375
8760,-68.28662109375
8761,23.108154296875
8762,48.310302734375
8763,64.800048828125
8764,-64.505615234375
8765,81.5556640625
8766,-10.82373046875
8767,2.473876953125
8768,15.42822265625
8769,50.66381835937501
8770,-30.170898437499996
8771,-32.15185546875
8772,5.42822265625
8773,48.62109375
8774,6.11962890625
8775,9.13134765625
8776,0.81640625
8777,-15.40966796875
8778,16.764892578125
8779,-5.4697265625
8780,-0.38916015625
8781,-10.900146484374998
8782,19.283935546875
8783,-11.855712890625
8784,-11.222900390625
8785,-8.53759765625
8786,-0.9208984375
8787,-2.255859375
8788,4.076416015625
8789,-8.939208984375
8790,12.227050781250002
8791,-3.131591796875
8792,49.071533203125
8793,-6.3671875
8794,-3.636474609375
8795,-10.483642578125
8796,-3.580078125
8797,47.587646484375
8798,-6.363525390625001
8799,-12.42041015625
8800,-3.220703125
8801,-13.115478515625002
8802,-1.348388671875
8803,6.16259765625
8804,10.212890625
8805,6.0947265625
8806,1.843017578125
8807,-5.826904296875
8808,8.219970703125
8809,0.4169921875
8810,3.138916015625
8811,-3.219970703125
8812,17.58544921875
8813,14.602294921875
8814,-4.08642578125
8815,3.347900390625
8816,23.282958984375
8817,12.44873046875
8818,-6.126953124999999
8819,42.880859375
8820,11.796386718749998
8821,78.120849609375
8822,-24.675292968749996
8823,-11.64697265625
8824,22.168212890625
8825,60.41870117187499
8826,-21.145751953125
8827,-10.72216796875
8828,64.023681640625
8829,-24.15380859375
8830,15.0107421875
8831,-5.32373046875
8832,-7.67138671875
8833,56.410400390625
8834,-3.516357421875
8835,-6.999267578125
8836,-13.679443359375
8837,-11.4755859375
8838,0.9677734375
8839,-4.06640625
8840,13.294189453125
8841,16.904052734375
8842,7.697265624999999
8843,-16.949951171875
8844,11.42822265625
8845,17.658203125
8846,-14.38916015625
8847,1.003173828125
8848,80.531005859375
8849,-18.5068359375
8850,-44.68408203125
8851,25.177490234375
8852,49.27685546874999
8853,-15.625
8854,-44.820556640625
8855,46.621337890625
8856,13.439453125
8857,3.05419921875
8858,-2.4248046875000004
8859,-0.250244140625
8860,47.75
8861,-1.7387695312499998
8862,3.822998046875
8863,-1.5009765625
8864,-6.281982421875
8865,12.771728515625002
8866,-4.585205078125
8867,-31.805908203124996
8868,32.375
8869,-10.366699218749998
8870,15.0517578125
8871,-36.6240234375
8872,27.3056640625
8873,-8.280517578125
8874,-15.633300781250002
8875,1.047607421875
8876,-5.6533203125
8877,14.424072265625
8878,-3.49560546875
8879,-6.10791015625
8880,-2.9794921875000004
8881,16.06591796875
8882,31.584716796875004
8883,-3.754150390625
8884,37.831787109375
8885,51.79296875
8886,-27.280273437499996
8887,16.647705078125
8888,29.95361328125
8889,40.758056640625
8890,-19.765380859375
8891,141.83227539062503
8892,49.75244140625
8893,9.836669921875
8894,-18.163818359375
8895,24.533203125
8896,20.918701171875
8897,67.937255859375
8898,-23.8095703125
8899,21.043212890625
8900,-26.8408203125
8901,14.62255859375
8902,-7.475341796875
8903,-7.91259765625
8904,-2.2614746093750004
8905,37.863525390625
8906,-6.756103515625
8907,-8.911865234375
8908,-10.32373046875
8909,3.97509765625
8910,-2.0971679687500004
8911,-21.740234375
8912,12.620361328125
8913,7.7607421875
8914,6.939697265625
8915,-26.25048828125
8916,12.06103515625
8917,12.262451171875
8918,3.04638671875
8919,-19.72265625
8920,12.65771484375
8921,3.90771484375
8922,32.69580078125
8923,-5.38671875
8924,10.57177734375
8925,2.007568359375
8926,38.542236328125
8927,-17.377197265625
8928,20.565185546875
8929,-2.14501953125
8930,7.98876953125
8931,14.392822265625
8932,-18.350830078125
8933,13.19384765625
8934,2.6494140624999996
8935,11.525390625
8936,-1.6767578125
8937,1.1767578124999996
8938,-1.2954101562499998
8939,15.617919921875
8940,-3.42724609375
8941,10.516357421875
8942,-6.508544921875
8943,10.348876953125
8944,-9.77490234375
8945,-20.87451171875
8946,-18.60693359375
8947,46.712646484375
8948,8.33544921875
8949,2.418212890625
8950,55.25195312500001
8951,33.425537109375
8952,5.1357421875
8953,-0.43725585937499956
8954,3.716552734375
8955,35.95556640625
8956,-8.753662109375
8957,68.2822265625
8958,66.777587890625
8959,-16.847412109375
8960,-5.032958984375
8961,74.379638671875
8962,69.6142578125
8963,-60.728271484375
8964,-3.964843750000001
8965,13.308349609375
8966,12.70751953125
8967,4.74658203125
8968,-0.7854003906249999
8969,13.202880859375
8970,10.703369140625
8971,0.9846191406249999
8972,6.86865234375
8973,-9.531005859375
8974,25.91357421875
8975,-32.76416015625
8976,-15.553955078125
8977,68.03125
8978,11.916748046875
8979,-33.263916015625
8980,-14.456787109375
8981,-30.108398437499996
8982,40.420166015625
8983,-14.118896484374998
8984,41.407958984375
8985,23.614501953125
8986,-49.325927734375
8987,-19.512451171875
8988,42.840087890625
8989,28.713623046875
8990,5.5576171875
8991,-12.607666015625002
8992,10.61962890625
8993,5.612060546875
8994,0.6330566406249999
8995,-11.9189453125
8996,4.381591796875
8997,0.509033203125
8998,0.70703125
8999,-19.455810546875
9000,10.96630859375
