iteration,energy
1,-2.087646484375
2,-2.595947265625
3,3.586181640625
4,2.48876953125
5,-1.5913085937500002
6,0.49951171875
7,0.035400390625
8,0.8659667968750001
9,1.623046875
10,-4.47265625
11,1.3374023437500002
12,2.071533203125
13,0.108154296875
14,-9.81591796875
15,-8.074951171875
16,7.016357421875
17,10.187011718749998
18,-0.23339843750000017
19,0.117431640625
20,-8.18359375
21,-4.750732421875
22,8.041748046875
23,5.835693359374999
24,2.14306640625
25,-2.822265625
26,-2.6796875
27,49.15185546874999
28,36.339599609375
29,-16.7705078125
30,-7.529541015625002
31,-3.8798828124999996
32,-6.984375
33,56.277099609375
34,28.248291015625
35,-6.952392578125
36,-12.084228515625002
37,64.92431640625
38,13.332763671875
39,54.528564453125
40,29.175292968749996
41,29.333740234375
42,0.443359375
43,-27.655273437499996
44,40.86962890625
45,27.163818359375
46,29.09375
47,27.9443359375
48,-3.675048828125
49,-22.938232421875
50,15.653076171875
51,4.226806640625
52,11.403564453125
53,99.720458984375
54,73.64599609375
55,-0.3281250000000042
56,-9.3916015625
57,-0.8095703125
58,4.9482421875
59,66.839599609375
60,76.9921875
61,7.7080078125
62,-2.994384765625001
63,57.36816406250001
64,-8.290283203125
65,106.02685546875
66,40.548828125
67,7.516357421875002
68,-11.086669921875002
69,-4.107910156250002
70,11.381591796875
71,6.486328124999999
72,67.80224609375
73,3.0517578124999996
74,-16.082275390625
75,-6.710937500000002
76,39.655517578125
77,42.691650390625
78,47.147216796875
79,-35.5888671875
80,23.118408203124996
81,-10.066162109375
82,16.617431640625
83,-4.427490234375
84,4.234619140625
85,-6.930908203125
86,25.57373046875
87,-11.527587890625
88,16.03466796875
89,24.22314453125
90,7.091552734375
91,24.016845703125
92,1.180419921875
93,3.389404296875
94,-4.635009765625
95,-2.85546875
96,2.239013671875
97,-0.650390625
98,-3.306640625
99,2.802001953125
100,0.83056640625
101,-4.984619140625001
102,-0.8369140625
103,1.766357421875
104,-3.82421875
105,28.36962890625
106,-16.23046875
107,-16.133056640625
108,-13.656494140625
109,14.7412109375
110,29.658203125
111,25.41796875
112,-19.360595703125
113,-16.756591796875
114,-16.410888671875
115,3.848388671875
116,24.6845703125
117,27.851806640625
118,11.27880859375
119,18.48193359375
120,-5.76708984375
121,-4.38720703125
122,1.1918945312499998
123,7.925537109374999
124,17.10302734375
125,15.773925781250002
126,-2.37841796875
127,3.990234375
128,-0.286865234375
129,0.390380859375
130,-2.017822265625
131,29.358398437499996
132,-3.166015625
133,1.9809570312499998
134,3.830810546875
135,-10.633544921875
136,10.597656249999998
137,31.057373046875
138,-5.479248046875
139,0.9113769531249999
140,1.3781738281249991
141,-10.645263671875
142,22.062744140625
143,24.505859375
144,35.614013671875
145,-18.550292968749996
146,-4.48388671875
147,26.400390625
148,119.482421875
149,15.294921875
150,29.1748046875
151,-13.473876953125
152,3.8681640624999996
153,26.062255859375
154,4.25830078125
155,0.074462890625
156,29.5126953125
157,-24.77734375
158,-14.697021484374998
159,16.677978515625
160,9.2119140625
161,4.236572265625
162,3.47412109375
163,-1.8095703125
164,-14.795654296875
165,16.487548828125
166,14.58251953125
167,12.148681640625
168,6.663330078125
169,-0.473388671875
170,9.691650390625
171,67.126220703125
172,0.478515625
173,1.4155273437500002
174,-19.934082031250004
175,-16.981689453125
176,2.125
177,68.944091796875
178,3.62158203125
179,3.845458984375
180,-0.72412109375
181,-1.5200195312499998
182,-2.27392578125
183,-21.44287109375
184,-28.412841796875004
185,117.864013671875
186,130.115478515625
187,-5.154541015625
188,-18.520263671875
189,-24.381591796875004
190,-29.439453125
191,110.248046875
192,131.378173828125
193,-21.290283203124996
194,-2.049560546875003
195,-26.899658203124996
196,0.7531738281249999
197,2.395751953125
198,-1.748779296875
199,7.017333984375
200,6.813232421875
201,-4.294189453125
202,3.631591796875
203,-3.050048828125
204,-5.397705078125
205,11.2421875
206,8.979736328125
207,3.920166015625
208,-0.53564453125
209,15.195800781250002
210,51.62377929687501
211,36.6416015625
212,20.821044921875
213,-7.65234375
214,16.2802734375
215,17.92626953125
216,54.590576171875
217,34.954833984375
218,20.224853515625
219,-16.330078125
220,5.242919921875
221,-4.308837890625
222,7.787353515625
223,11.765625
224,11.96875
225,-6.25048828125
226,5.450927734375
227,15.146484375
228,13.237548828125
229,12.373046875
230,14.625732421875
231,-6.51123046875
232,-31.298095703125
233,8.80029296875
234,4.35205078125
235,17.689208984375
236,3.517333984375
237,5.2646484375
238,-2.371826171875
239,-2.441162109375
240,7.315673828125
241,15.60302734375
242,3.7216796875000004
243,0.09521484375000022
244,1.678955078125
245,16.989013671875
246,14.102294921875
247,18.245361328125
248,-47.53320312500001
249,0.03466796875000022
250,-30.920654296875
251,44.18310546874999
252,22.650634765625
253,14.718017578125
254,27.393310546875
255,2.052001953125
256,-33.100341796875
257,47.98291015625
258,3.861328125
259,4.54296875
260,12.697509765624998
261,7.877685546875
262,-0.6062011718750001
263,4.09228515625
264,2.57177734375
265,-7.95263671875
266,12.58154296875
267,-1.978759765625
268,3.050048828125
269,8.730712890625
270,3.865478515625
271,-6.13916015625
272,4.06298828125
273,-3.763427734375
274,2.505615234375
275,-0.022705078125
276,-2.760986328125
277,-4.98583984375
278,21.279296875
279,14.799560546875
280,-2.515869140625
281,-2.231689453125
282,3.330810546875
283,-1.038818359375
284,5.306396484375
285,9.798095703125
286,0.5126953125
287,-3.644775390625
288,22.205322265625004
289,12.135009765625
290,15.3056640625
291,-5.106689453125
292,12.84033203125
293,17.31787109375
294,23.177490234375
295,17.86083984375
296,13.119873046875
297,-10.98779296875
298,12.158203125
299,15.725830078125
300,0.4211425781249991
301,78.72900390625
302,58.594482421875
303,57.956787109375
304,-13.46630859375
305,-27.810302734374996
306,-11.975341796875
307,89.0732421875
308,59.36083984375
309,59.618896484375
310,-1.045654296875
311,-17.93505859375
312,4.529541015625
313,5.670166015625
314,9.10498046875
315,7.6376953125
316,3.33984375
317,1.017333984375
318,-0.495361328125
319,1.623291015625
320,6.3955078125
321,13.794677734375
322,5.51953125
323,4.573974609375
324,6.87255859375
325,14.060546875
326,-23.432373046875
327,5.743896484375
328,13.28369140625
329,25.54052734375
330,13.89501953125
331,13.2744140625
332,22.55859375
333,2.767333984375
334,20.58837890625
335,24.5205078125
336,7.349609375000001
337,-4.630615234375
338,-37.10791015625
339,-6.71826171875
340,-6.28271484375
341,-17.9501953125
342,-17.968017578125
343,-19.952880859375
344,7.2275390625
345,-10.423583984374998
346,-6.60302734375
347,-17.314208984375
348,-16.79931640625
349,22.867431640625
350,-4.638916015625
351,-6.656005859374999
352,-10.63818359375
353,107.01025390625
354,-7.151367187500001
355,-22.31201171875
356,26.21923828125
357,-9.870849609375
358,-7.348388671875
359,97.662353515625
360,-12.370849609375
361,-24.680419921875
362,-46.37060546874999
363,141.892333984375
364,148.2314453125
365,-15.195556640625
366,31.626708984375
367,48.807373046875
368,42.900634765625
369,4.123291015625
370,-25.7373046875
371,-19.671142578125
372,40.25048828125
373,48.632080078125
374,40.97607421875
375,13.412841796875
376,-20.686279296875
377,-20.384033203124996
378,19.829101562500004
379,19.185791015625
380,-11.49853515625
381,-19.756103515625
382,5.773681640625001
383,42.95751953125
384,10.638916015625002
385,18.595458984375
386,-5.84716796875
387,-14.6240234375
388,3.858154296875
389,1.9711914062499998
390,18.568359375
391,3.37451171875
392,-2.005126953125
393,9.4130859375
394,6.138916015625
395,-5.701171875000001
396,6.934326171875
397,7.33935546875
398,-5.017822265625
399,13.0751953125
400,6.1611328125
401,38.6748046875
402,17.1708984375
403,25.032470703125
404,1.9697265625
405,33.34326171875
406,4.8857421875
407,5.025390624999999
408,7.49462890625
409,-17.78955078125
410,4.708740234375
411,28.744873046875
412,7.70947265625
413,4.340087890625
414,26.719482421875
415,-9.362060546875
416,13.4658203125
417,-7.76220703125
418,-2.51416015625
419,-0.93408203125
420,6.99365234375
421,9.279296875
422,-3.4755859375000004
423,-9.14794921875
424,-1.53515625
425,-1.215576171875
426,3.329833984375
427,3.58154296875
428,1.3188476562499998
429,0.343505859375
430,8.57861328125
431,2.30029296875
432,10.634033203125
433,-3.906982421875
434,-20.866943359375
435,11.093505859375
436,4.1630859375
437,3.182861328125
438,12.0419921875
439,2.059326171875
440,9.56005859375
441,-6.1015625
442,0.29052734375
443,10.0400390625
444,-2.026611328125
445,5.907958984375
446,3.623046875
447,10.6298828125
448,-2.2841796875
449,4.942138671875
450,0.869140625
451,-0.088623046875
452,6.136962890625001
453,0.88330078125
454,4.08935546875
455,6.05615234375
456,31.420898437499996
457,77.447021484375
458,-8.541015625
459,-0.4638671875
460,48.384765625
461,7.409423828125
462,-5.55908203125
463,74.40771484375
464,0.7976074218750001
465,-1.062255859375
466,-10.36083984375
467,-11.266845703125
468,40.38671875
469,19.329833984375
470,7.688720703125
471,7.276611328125
472,-7.88720703125
473,-4.215576171875
474,10.290283203125
475,9.1865234375
476,6.141845703125
477,8.550048828125
478,-10.1435546875
479,-21.7392578125
480,1.7431640625
481,-4.91796875
482,47.182861328125
483,-45.230224609375
484,-45.3095703125
485,-21.80712890625
486,-7.987548828125
487,31.927001953125
488,33.429443359375
489,-45.150146484375
490,-42.54296875
491,-23.7255859375
492,26.9638671875
493,41.804443359375
494,36.770751953125
495,-1.877197265625
496,-7.071044921875
497,12.6318359375
498,-3.129638671875
499,55.92529296875
500,24.435302734374996
501,0.6301269531249999
502,-6.174560546875
503,17.3701171875
504,3.31689453125
505,7.13330078125
506,16.237060546875
507,-9.22119140625
508,4.411376953125
509,-11.118408203125
510,-15.077392578125
511,-12.666259765625
512,1.158203125
513,17.9296875
514,2.12841796875
515,-15.154296875
516,-17.97119140625
517,-17.32666015625
518,99.748291015625
519,10.33349609375
520,6.0068359375
521,26.50732421875
522,-9.585693359375
523,-27.8564453125
524,6.57080078125
525,62.5966796875
526,16.28515625
527,18.222900390625
528,-14.15625
529,-22.27880859375
530,8.002685546875
531,-19.722167968749996
532,22.099365234375
533,19.142333984375
534,16.596435546875
535,-12.18115234375
536,-8.138427734375
537,12.361572265625
538,-2.71826171875
539,2.91748046875
540,18.9892578125
541,-10.8671875
542,-7.299072265625
543,15.630126953125
544,-2.089599609375
545,-5.3916015625
546,-5.380615234375
547,-3.21240234375
548,-3.825927734375
549,10.525146484374998
550,9.60009765625
551,9.949218750000002
552,7.360107421875
553,-9.972900390625
554,3.609619140625
555,5.82421875
556,8.818115234375
557,-14.864013671875
558,-20.03955078125
559,-1.538330078125
560,-15.178466796875
561,27.42431640625
562,41.6240234375
563,30.027099609375
564,-23.857177734374996
565,-6.993896484375
566,-15.60498046875
567,29.62939453125
568,42.134521484375
569,28.436767578125
570,16.22998046875
571,10.077880859375
572,-5.537841796875
573,-26.2861328125
574,11.136962890625
575,85.748779296875
576,90.572265625
577,-22.136962890625
578,-2.214111328125
579,-17.40869140625
580,13.14697265625
581,78.43994140624999
582,91.5458984375
583,-9.298583984374998
584,30.125
585,-36.41015625
586,1.923828125
587,17.058837890625
588,16.8095703125
589,15.20458984375
590,67.197265625
591,-14.484130859375
592,1.2331542968749996
593,18.455810546875
594,10.659423828125
595,15.62744140625
596,-14.82568359375
597,2.996337890625
598,-2.8134765624999996
599,8.236328125
600,25.12255859375
601,15.870361328125
602,42.287109375
603,3.130126953125
604,-9.2578125
605,3.25048828125
606,29.477783203124996
607,18.08056640625
608,36.352294921875
609,8.43505859375
610,-2.351806640625
611,-3.439697265625
612,57.38232421875
613,97.8173828125
614,30.4970703125
615,41.855712890625
616,20.802490234375
617,21.937255859375
618,61.265380859375
619,98.26220703125
620,33.52197265625
621,43.869873046875
622,79.14990234374999
623,16.234619140625
624,89.646240234375
625,54.701904296875
626,-9.651611328125
627,-2.447509765625
628,-1.737060546875
629,-4.6474609375
630,2.98486328125
631,49.744384765625
632,-12.589111328125
633,-4.814697265625
634,-5.132080078125
635,5.85107421875
636,50.951904296875
637,55.161376953125
638,-38.86865234375
639,62.610595703125
640,48.4765625
641,36.5390625
642,-15.875732421875
643,-4.668701171875002
644,-49.71923828125
645,61.127197265625
646,51.1083984375
647,39.80249023437499
648,7.367431640625001
649,-5.098388671875
650,-28.797119140625
651,2.696533203125
652,12.198974609375
653,0.37133789062500017
654,-10.75439453125
655,0.18896484375
656,-6.084716796875
657,-2.137939453125
658,10.76904296875
659,3.873046875
660,-11.8232421875
661,-20.13623046875
662,-5.324462890625001
663,5.17724609375
664,-14.882080078125
665,12.892578125
666,23.843017578125
667,13.4873046875
668,-2.30517578125
669,5.50830078125
670,-1.326904296875
671,12.047363281250002
672,19.006591796875004
673,16.8623046875
674,-0.69921875
675,0.916015625
676,-13.46533203125
677,-7.694091796875
678,13.106201171875
679,-1.02978515625
680,18.282470703125
681,8.196533203125
682,-5.748291015625
683,-13.05224609375
684,10.46435546875
685,4.703857421875
686,9.923095703125
687,-4.486083984375
688,-3.26953125
689,-4.63916015625
690,-42.9921875
691,22.711669921875
692,-23.254638671875
693,63.455810546875
694,-33.60693359375
695,131.797119140625
696,-32.200927734375
697,30.5732421875
698,-23.284423828125
699,65.451416015625
700,4.609130859375
701,6.475341796875
702,23.902587890625
703,17.34033203125
704,-4.456298828125
705,13.9931640625
706,-14.01806640625
707,-0.478271484375
708,8.197265625
709,-11.7666015625
710,-7.473876953125
711,15.2705078125
712,-6.937744140625001
713,7.060546875000001
714,4.77197265625
715,0.6967773437500001
716,-4.585205078125
717,2.3408203124999996
718,-2.812744140625
719,1.10107421875
720,4.872314453125
721,12.966064453125
722,-2.415771484375
723,-2.934814453125
724,0.576416015625
725,4.950439453125
726,-0.51953125
727,6.28466796875
728,3.9599609375000004
729,-8.679443359375
730,-5.58154296875
731,22.9267578125
732,11.1787109375
733,-10.898193359375
734,-8.713623046875
735,-5.877197265625
736,-7.6083984375
737,19.097900390625
738,9.703125
739,-3.81201171875
740,-12.224609375
741,-5.2353515625
742,-8.5888671875
743,8.62646484375
744,17.708740234375
745,20.413330078125
746,-17.8798828125
747,-8.75341796875
748,-14.656738281250002
749,9.6123046875
750,20.38330078125
751,15.558349609375
752,11.273925781250002
753,7.13330078125
754,10.799560546875
755,-13.4833984375
756,37.60375976562501
757,25.226562499999996
758,22.4560546875
759,-25.56494140625
760,-3.645263671875
761,-17.65625
762,36.6337890625
763,27.166748046875
764,18.793457031250004
765,-12.66259765625
766,-11.318603515625002
767,-20.556640625
768,-3.88818359375
769,-7.801513671875
770,3.9638671875000004
771,-5.974853515625
772,10.646728515625002
773,25.430419921875
774,-6.039794921875
775,-4.64208984375
776,-0.54296875
777,-7.711181640625001
778,-6.02099609375
779,-3.02978515625
780,0.4853515625
781,0.3330078125
782,21.6591796875
783,5.7294921875
784,23.522216796875004
785,21.409667968749996
786,-2.433349609375
787,9.8671875
788,20.404541015625
789,8.282470703125
790,24.724853515625
791,-1.3356933593749998
792,-16.771484375
793,-6.100341796875
794,15.26318359375
795,-17.2578125
796,-3.616455078125
797,-10.868896484374998
798,7.956787109374999
799,3.893798828125
800,20.7236328125
801,-15.937988281250002
802,-7.247314453125
803,-10.689453125
804,-1.550048828125
805,70.06884765625
806,14.277587890625
807,14.327880859375
808,-1.889404296875
809,-14.120849609375
810,-3.15673828125
811,-9.16259765625
812,-4.59912109375
813,19.16650390625
814,-1.080078125
815,-3.544921875
816,-3.86669921875
817,-13.73779296875
818,-1.553955078125
819,15.442626953125
820,29.00048828125
821,7.455322265625
822,-12.100830078125
823,-11.606201171875
824,43.25439453125001
825,22.440673828125
826,10.7470703125
827,15.067138671875
828,-10.93994140625
829,-13.691162109375
830,18.0634765625
831,9.608886718749998
832,8.609619140625
833,-5.761962890625001
834,90.98388671875
835,-30.415771484375
836,-26.954833984375
837,-51.68310546874999
838,77.68505859375001
839,0.031005859375
840,88.527587890625
841,-36.5107421875
842,-24.782470703125
843,-7.499755859374999
844,-11.67724609375
845,-12.90087890625
846,11.2177734375
847,-7.04052734375
848,15.451904296875
849,-0.5776367187500002
850,-12.83251953125
851,32.596435546875
852,17.7041015625
853,-9.364990234375
854,17.430908203125
855,-4.961181640625001
856,21.47607421875
857,-6.75537109375
858,5.221923828125
859,5.222412109374999
860,9.081787109375
861,2.639404296875
862,7.9677734375
863,1.746337890625
864,2.463623046875
865,1.762939453125
866,12.667236328125
867,5.24609375
868,12.422119140625
869,-2.872314453125
870,-1.01513671875
871,-2.1806640625
872,6.76220703125
873,-17.861083984375
874,-4.07177734375
875,3.881591796875
876,8.25
877,-13.74853515625
878,2.156494140625
879,-17.47021484375
880,-7.135986328125
881,7.750732421875
882,34.769287109375
883,-12.52880859375
884,-2.01806640625
885,4.15234375
886,-3.523193359375
887,-2.0209960937500004
888,-4.123291015625
889,7.853759765625
890,5.61767578125
891,17.87841796875
892,-5.885498046875
893,5.20166015625
894,-4.08740234375
895,19.984130859375
896,-2.5856933593749996
897,11.558349609375
898,1.2929687499999996
899,-14.3544921875
900,-16.444091796875
901,-14.634033203125
902,-0.019775390625
903,39.763671875
904,-6.90234375
905,-1.7573242187500002
906,-13.863525390625
907,-6.25439453125
908,-4.616943359374999
909,-1.9291992187500002
910,3.42919921875
911,-2.050537109375
912,-18.031005859375
913,34.4189453125
914,35.208984375
915,7.4189453125
916,-10.224365234375
917,9.76416015625
918,-13.767333984374998
919,36.20556640625
920,36.298583984375
921,-4.461181640625001
922,-23.927734375
923,-10.39599609375
924,-13.7724609375
925,7.94921875
926,8.06640625
927,-2.07275390625
928,-1.832275390625
929,-14.5322265625
930,-1.875732421875
931,8.61279296875
932,8.118896484375
933,-3.34228515625
934,3.868408203125
935,2.06494140625
936,2.2197265625
937,97.322265625
938,17.282958984375
939,15.812988281250002
940,-37.30126953125
941,95.587158203125
942,82.502685546875
943,50.6591796875
944,24.515380859375
945,20.917236328125
946,-34.28369140625
947,33.527587890625
948,40.427978515625
949,58.157958984375
950,30.650146484375
951,3.4765625
952,-5.16015625
953,-11.037353515625002
954,-4.958251953125
955,-7.014404296875
956,45.49169921875
957,-2.707275390625
958,-13.50244140625
959,-9.084228515625
960,22.4462890625
961,21.83447265625
962,56.16943359375001
963,-19.415771484375
964,-24.416015625
965,5.51708984375
966,0.953125
967,-16.66943359375
968,-3.337646484375
969,-32.446044921875
970,-25.760009765625
971,4.731201171875
972,-5.920166015625
973,-36.946044921875
974,-13.452880859375
975,-30.799072265625004
976,3.960205078125
977,-2.623779296875
978,6.242919921875
979,4.531494140625
980,-1.826171875
981,6.26806640625
982,0.0791015625
983,-6.13330078125
984,8.810791015625
985,1.7145996093750002
986,1.753662109375
987,1.549072265625
988,-3.57666015625
989,-5.216064453125
990,5.389404296875
991,9.04736328125
992,0.329345703125
993,6.90966796875
994,-10.147949218749998
995,5.02392578125
996,8.14697265625
997,6.0693359375
998,-4.661376953125
999,-1.116943359375
1000,0.96142578125
1001,-3.936767578125
1002,3.1259765624999996
1003,3.04052734375
1004,13.795166015625002
1005,7.20263671875
1006,-3.9658203124999996
1007,8.15771484375
1008,11.865234375
1009,-0.4697265625
1010,8.535400390625
1011,10.66552734375
1012,0.520751953125
1013,4.619384765625
1014,7.232666015625
1015,-16.41650390625
1016,-1.6171875
1017,13.7451171875
1018,16.658447265625
1019,-6.240478515625
1020,2.790771484375
1021,-15.6123046875
1022,-2.62109375
1023,12.042724609375
1024,18.42822265625
1025,7.3662109375
1026,19.65380859375
1027,-17.198974609375
1028,8.551513671875
1029,94.575439453125
1030,105.52978515625
1031,90.517578125
1032,-25.3486328125
1033,-5.89794921875
1034,2.45703125
1035,95.88232421875
1036,104.42382812500001
1037,87.60546875
1038,-8.750732421875
1039,-4.19384765625
1040,1.4025878906250004
1041,22.568115234375
1042,29.5361328125
1043,74.48486328124999
1044,-6.2568359375
1045,-1.04833984375
1046,27.646728515625
1047,-33.484130859375
1048,28.29638671875
1049,75.67822265625
1050,-11.642333984374998
1051,20.6455078125
1052,3.784912109375
1053,-17.129638671875
1054,21.41357421875
1055,-4.929443359374999
1056,-2.418212890625
1057,11.307373046875
1058,-3.367919921875
1059,9.6337890625
1060,19.994384765625
1061,-9.267578125
1062,-2.281494140625
1063,10.69384765625
1064,-13.606201171875
1065,12.15869140625
1066,19.063720703125
1067,-15.6328125
1068,105.526123046875
1069,89.72827148437501
1070,90.517578125
1071,-24.929687500000004
1072,-15.138427734375
1073,-4.900390624999999
1074,102.608642578125
1075,93.40942382812501
1076,84.032470703125
1077,-6.7666015625
1078,-10.175781250000002
1079,-2.367919921875
1080,0.42700195312500017
1081,-7.666015624999999
1082,-3.13623046875
1083,-2.531005859375
1084,51.31787109375
1085,-11.9052734375
1086,-1.9516601562499998
1087,-3.55908203125
1088,-4.8232421875
1089,1.222900390625
1090,-28.980957031250004
1091,5.301025390625001
1092,-3.086669921875
1093,-25.478271484375
1094,-4.443359375
1095,45.80322265625
1096,34.23779296875
1097,-22.63623046875
1098,-35.1669921875
1099,-24.673583984375
1100,-11.098876953125
1101,40.10986328125
1102,37.28564453125001
1103,7.81005859375
1104,-15.39404296875
1105,-20.948974609375
1106,-0.7727050781249999
1107,4.367431640625
1108,14.42041015625
1109,10.443603515625002
1110,-25.539306640625
1111,-10.321533203125
1112,-3.495849609375
1113,3.5654296875000004
1114,12.698486328125
1115,9.9287109375
1116,60.30322265625
1117,-5.824951171875
1118,-5.208984375000001
1119,6.267333984375
1120,0.405517578125
1121,-11.470947265625
1122,-4.873779296875
1123,1.070556640625
1124,-8.780517578125
1125,5.79638671875
1126,-6.894287109374999
1127,-10.373291015625002
1128,-6.49755859375
1129,-28.70703125
1130,1.192626953125
1131,8.22802734375
1132,34.8251953125
1133,4.35498046875
1134,-4.734619140625001
1135,-7.2265625
1136,-5.315185546875
1137,45.1962890625
1138,35.80615234375
1139,5.94677734375
1140,-10.755615234375
1141,-9.21533203125
1142,60.86669921875
1143,28.48828125
1144,22.46240234375
1145,0.8027343749999987
1146,28.609375
1147,31.220703125
1148,47.578857421875
1149,79.11181640625
1150,-10.00244140625
1151,0.5004882812499998
1152,26.145263671875
1153,33.54052734375
1154,49.046630859375
1155,-12.471923828125
1156,7.934814453125
1157,-8.412841796875
1158,5.01708984375
1159,24.5205078125
1160,-14.963623046875
1161,16.9833984375
1162,25.86669921875
1163,-6.194580078125
1164,14.896484375
1165,19.842041015625
1166,-13.86865234375
1167,15.513916015625002
1168,-6.258300781249999
1169,-18.26220703125
1170,-8.987792968750004
1171,26.031982421875
1172,-18.902832031250004
1173,-29.928466796875004
1174,-24.32861328125
1175,17.07080078125
1176,41.11474609375
1177,19.876953125
1178,-19.84423828125
1179,-23.990478515625
1180,-22.60693359375
1181,36.27392578125
1182,32.765380859375
1183,21.046630859375
1184,-5.100830078125
1185,-4.474609375
1186,-14.94384765625
1187,25.8193359375
1188,-0.37255859375
1189,31.3193359375
1190,4.63525390625
1191,-5.054931640625001
1192,-17.190673828125
1193,26.89599609375
1194,17.86865234375
1195,-10.91259765625
1196,0.8830566406250001
1197,11.342529296875
1198,17.547119140625
1199,-1.123779296875
1200,-1.671142578125
1201,-0.568603515625
1202,4.24072265625
1203,10.02099609375
1204,14.906005859375
1205,-8.702392578125
1206,-5.4150390625
1207,1.144287109375
1208,4.2646484375
1209,6.31103515625
1210,-16.300537109375
1211,12.360595703125
1212,18.675048828125
1213,13.358642578125
1214,29.240478515625
1215,28.302978515625
1216,-15.687011718749998
1217,6.373291015625
1218,19.94140625
1219,13.751220703125
1220,10.406738281250002
1221,6.466552734375
1222,-20.449951171875
1223,8.328369140625
1224,-12.46533203125
1225,-10.544677734375
1226,-8.02587890625
1227,7.6728515625
1228,10.189208984374998
1229,19.73486328125
1230,-7.009521484375
1231,-14.4892578125
1232,-6.66015625
1233,-3.7294921875000004
1234,16.6123046875
1235,15.800537109375
1236,-6.68408203125
1237,26.831298828125
1238,11.601806640625
1239,18.404052734375
1240,5.6484375
1241,26.77880859375
1242,-7.826171875000001
1243,22.55126953125
1244,18.454101562500004
1245,13.62646484375
1246,42.068115234375
1247,5.2666015625
1248,-14.44677734375
1249,60.61083984375
1250,-26.17919921875
1251,-16.78125
1252,-28.327880859375
1253,49.13427734375
1254,119.017578125
1255,111.857177734375
1256,-28.217529296875
1257,-20.067138671875
1258,-32.40966796875
1259,-24.857421875
1260,96.5947265625
1261,112.06982421875
1262,5.714599609374999
1263,12.876708984374998
1264,53.38500976562501
1265,57.93701171875
1266,-10.641113281250002
1267,-2.257080078125
1268,8.706298828125
1269,17.142822265625
1270,56.591064453125
1271,53.20629882812501
1272,4.1552734375
1273,-5.34130859375
1274,9.55615234375
1275,21.2607421875
1276,5.149169921875
1277,-6.707763671875
1278,6.963134765625
1279,-1.129638671875
1280,5.8984375
1281,1.946044921875
1282,8.838623046875
1283,3.2255859375000004
1284,6.59716796875
1285,-12.969970703125
1286,-0.182861328125
1287,0.24438476562500006
1288,-9.1875
1289,-0.7946777343750001
1290,1.3974609375
1291,2.277587890625
1292,-13.517578125
1293,-5.97998046875
1294,-8.6220703125
1295,4.546630859375
1296,0.71337890625
1297,-1.905029296875
1298,18.310791015625
1299,13.02978515625
1300,-9.468994140625
1301,16.324951171875
1302,22.71923828125
1303,2.638916015625
1304,-10.1357421875
1305,11.406738281250002
1306,15.616455078125
1307,23.76513671875
1308,21.152099609375
1309,1.6059570312499998
1310,-6.638427734375
1311,-1.09765625
1312,5.42529296875
1313,19.323974609375
1314,6.34619140625
1315,-14.195556640625
1316,-3.87939453125
1317,-7.551025390625001
1318,13.8212890625
1319,10.510009765625
1320,29.661376953125
1321,-9.90380859375
1322,-4.12646484375
1323,-15.07177734375
1324,13.344970703125
1325,26.294189453125
1326,24.027587890625
1327,-26.80126953125
1328,25.31103515625
1329,21.28076171875
1330,25.046875
1331,76.470458984375
1332,-1.782958984375
1333,10.65185546875
1334,29.7060546875
1335,21.429931640625
1336,26.47412109375
1337,-14.68505859375
1338,-7.203857421875
1339,-11.1640625
1340,33.75830078125
1341,-12.72900390625
1342,-21.48681640625
1343,-6.134521484375
1344,90.683349609375
1345,35.919677734375
1346,39.32006835937501
1347,-10.105224609375
1348,-9.728759765625
1349,-2.234130859375001
1350,7.863037109374999
1351,39.299072265625
1352,28.52294921875
1353,8.639404296875
1354,-6.49072265625
1355,-1.411376953125
1356,-5.678466796875
1357,4.892333984375
1358,6.084228515625
1359,0.244873046875
1360,-8.60302734375
1361,0.5986328125
1362,1.552734375
1363,4.395263671875
1364,24.432373046875
1365,11.190185546875
1366,5.23291015625
1367,14.532470703125
1368,15.25146484375
1369,25.6337890625
1370,10.089599609375
1371,-3.119873046875
1372,-2.161376953125
1373,10.8447265625
1374,18.990478515625
1375,17.248779296875
1376,6.5087890625
1377,-9.570556640625
1378,-6.072998046875
1379,68.388916015625
1380,-37.37255859375
1381,-34.300048828125
1382,-30.49169921875
1383,61.0341796875
1384,101.508056640625
1385,63.34814453125001
1386,-34.5556640625
1387,-34.839599609375
1388,-35.44482421875
1389,53.98754882812501
1390,-34.4462890625
1391,65.41015625
1392,-0.1953125
1393,-3.726806640625
1394,2.963623046875
1395,8.422607421875
1396,3.013916015625
1397,5.43310546875
1398,-11.724365234375
1399,-2.155029296875
1400,-1.824462890625
1401,7.546630859374999
1402,-2.40478515625
1403,0.310791015625
1404,-0.6826171875
1405,6.95068359375
1406,15.076171875
1407,15.72314453125
1408,8.299560546875
1409,40.616455078125
1410,2.82373046875
1411,2.322509765625
1412,13.869140625
1413,11.620849609375
1414,11.0849609375
1415,5.649169921875
1416,2.538818359375
1417,7.215576171875
1418,52.888427734375
1419,-22.36328125
1420,6.416259765625
1421,-24.1982421875
1422,-10.86083984375
1423,1.6572265625
1424,29.267822265625004
1425,-23.38916015625
1426,9.72216796875
1427,-24.994140625
1428,76.368408203125
1429,81.783935546875
1430,35.560791015625
1431,-10.223876953125
1432,24.189453125
1433,23.11083984375
1434,24.024169921875
1435,8.364013671875
1436,-3.24755859375
1437,-18.631103515625
1438,23.856201171875
1439,23.515380859375
1440,24.053955078125
1441,4.262939453125
1442,-0.6140136718750001
1443,-2.13330078125
1444,6.12841796875
1445,4.932861328125
1446,-1.097900390625
1447,20.221923828125
1448,-16.9345703125
1449,-0.6721191406249999
1450,-3.197998046875
1451,17.22265625
1452,-0.044677734375
1453,13.585449218749998
1454,-1.716552734375
1455,-5.59619140625
1456,5.02392578125
1457,13.019531249999998
1458,78.09765625
1459,87.7109375
1460,16.14013671875
1461,64.490966796875
1462,37.59130859375
1463,31.2607421875
1464,77.308349609375
1465,86.304443359375
1466,18.92138671875
1467,7.218994140625001
1468,-8.80078125
1469,-14.086425781250002
1470,5.217529296875
1471,-7.409912109374999
1472,-4.89404296875
1473,-7.370849609374999
1474,58.033447265625
1475,-1.404052734375
1476,6.062744140625001
1477,-6.25830078125
1478,-6.773681640625001
1479,-6.55419921875
1480,-10.791015625
1481,20.86962890625
1482,7.8466796875
1483,-5.937744140625001
1484,-2.892578125
1485,16.025634765625
1486,22.93359375
1487,6.041748046875
1488,-4.85791015625
1489,-8.923583984375
1490,1.210205078125
1491,12.2861328125
1492,13.460205078125
1493,2.85986328125
1494,-2.33740234375
1495,-10.6240234375
1496,25.719726562500004
1497,-18.69873046875
1498,-7.170166015625
1499,-7.227294921875
1500,-6.781005859374999
1501,6.419189453125
1502,24.034423828125
1503,-18.041748046875
1504,-7.142333984375
1505,-10.095458984374998
1506,0.016357421875
1507,20.61181640625
1508,17.53076171875
1509,-3.175048828125
1510,8.208984375
1511,18.332275390625
1512,3.560302734375
1513,-14.251220703125
1514,-18.652832031250004
1515,-5.005859375000001
1516,7.18310546875
1517,16.83056640625
1518,3.0693359375000004
1519,39.969482421875
1520,-30.272705078125
1521,-21.5869140625
1522,12.578857421875
1523,-10.935546875
1524,-15.10009765625
1525,-11.906005859375
1526,7.761474609374999
1527,2.697998046875
1528,10.882568359375
1529,-12.7294921875
1530,-12.3212890625
1531,-10.548095703125
1532,0.6599121093750001
1533,8.952392578125
1534,2.8486328124999996
1535,2.7336425781249982
1536,47.39697265625
1537,35.19970703125
1538,19.496337890625
1539,-12.322021484374998
1540,-20.20263671875
1541,-3.64208984375
1542,42.65966796875
1543,35.529052734375
1544,21.088623046875
1545,11.006103515625002
1546,11.403564453125
1547,6.883056640625001
1548,-7.41943359375
1549,57.50244140625
1550,40.2265625
1551,42.202880859375
1552,-12.980224609375
1553,40.041748046875
1554,-8.887939453125
1555,51.707763671875
1556,36.204345703125
1557,47.1552734375
1558,-3.490478515625
1559,-8.9892578125
1560,-14.671142578125
1561,2.4951171875000004
1562,10.84228515625
1563,-1.768798828125
1564,12.583740234375
1565,4.2939453125
1566,-12.62060546875
1567,0.037841796875
1568,15.108154296875
1569,-0.510009765625
1570,5.37890625
1571,4.79833984375
1572,-10.24365234375
1573,21.60546875
1574,8.44580078125
1575,117.44775390625
1576,54.39306640624999
1577,53.308349609375
1578,61.12451171875
1579,50.25244140625
1580,8.040771484375
1581,119.03271484375
1582,49.81787109375
1583,51.73828125
1584,-11.125
1585,-8.141357421875
1586,8.058349609375
1587,10.017578125
1588,6.2490234375
1589,1.2998046875
1590,-0.33862304687499956
1591,3.764892578125
1592,16.84521484375
1593,0.87841796875
1594,1.83203125
1595,2.8330078124999996
1596,3.435546875
1597,18.961181640625
1598,-0.42333984375
1599,5.1083984375
1600,-17.7939453125
1601,12.775146484374998
1602,35.284423828125
1603,32.504638671875
1604,-0.538818359375
1605,-11.3466796875
1606,-22.7705078125
1607,11.39501953125
1608,37.685302734375
1609,39.51416015625
1610,-46.2177734375
1611,-10.227050781250002
1612,-23.7060546875
1613,13.843994140625
1614,31.583251953125
1615,-26.710937500000004
1616,-44.428955078125
1617,24.26806640625
1618,15.569091796875
1619,20.09375
1620,37.67749023437499
1621,-21.783935546875
1622,-43.36816406250001
1623,-2.9189453124999996
1624,11.822509765625
1625,-25.408203125
1626,-11.033935546875
1627,-2.78271484375
1628,-1.5859375
1629,-0.093505859375
1630,4.16015625
1631,-2.153564453125
1632,27.001220703125
1633,-5.01416015625
1634,4.578857421875
1635,6.421875
1636,-7.1904296875
1637,2.6904296875000004
1638,27.152099609375
1639,6.129638671875
1640,-1.992431640625
1641,0.85888671875
1642,-4.89404296875
1643,7.8828125
1644,0.6018066406249999
1645,20.486572265625004
1646,-2.362548828125
1647,1.051025390625
1648,5.5419921875
1649,-4.768798828125
1650,-14.665283203125
1651,12.594238281250002
1652,-17.29833984375
1653,34.31689453125
1654,29.445556640625
1655,14.958740234375
1656,-21.289794921875
1657,-45.70361328125
1658,-1.622314453125
1659,36.7470703125
1660,33.474365234375
1661,14.327636718749998
1662,-11.250244140625
1663,-23.908935546875
1664,6.5263671875
1665,-8.67431640625
1666,38.03857421875
1667,36.744384765625
1668,20.374023437499996
1669,-6.86328125
1670,-24.777099609375
1671,-11.886718750000002
1672,34.10986328125
1673,39.506591796875
1674,24.625976562500004
1675,-41.375
1676,-1.0349121093749998
1677,-7.861328124999999
1678,-9.22509765625
1679,12.711425781250002
1680,-27.385498046875
1681,-22.898681640625
1682,16.1044921875
1683,-0.130615234375
1684,-15.50537109375
1685,14.4423828125
1686,-24.1279296875
1687,-24.765869140625
1688,0.9997558593750001
1689,-15.10302734375
1690,8.783203125
1691,23.474853515625
1692,-8.449951171875
1693,15.413574218749998
1694,11.46337890625
1695,59.72509765625
1696,65.456787109375
1697,53.59252929687501
1698,-10.871093750000002
1699,17.3046875
1700,4.244873046875
1701,2.97119140625
1702,19.284423828125
1703,21.65625
1704,-3.369384765625
1705,-4.52001953125
1706,-2.922119140625
1707,-4.22265625
1708,4.62353515625
1709,-13.427734375
1710,-4.759765624999999
1711,-6.232666015625
1712,-4.552490234375
1713,-4.33154296875
1714,0.6257324218750001
1715,5.552734375000001
1716,-5.693115234375
1717,4.700927734375
1718,8.740478515625
1719,7.019287109374999
1720,17.65576171875
1721,4.21533203125
1722,-7.260009765625
1723,-4.904296875000001
1724,4.566162109375
1725,4.470458984375
1726,18.58544921875
1727,-3.479736328125
1728,-6.9423828125
1729,11.94091796875
1730,36.486572265625
1731,41.13916015625
1732,-9.765380859375
1733,-10.601074218749998
1734,-6.277099609374999
1735,0.7729492187500002
1736,34.082763671875
1737,36.83642578125
1738,-6.134765624999999
1739,-8.52294921875
1740,0.529052734375
1741,-1.663818359375
1742,4.6279296875
1743,-7.465087890625001
1744,-8.366943359375
1745,1.4658203125
1746,-3.600341796875
1747,-0.136474609375
1748,5.185302734375
1749,-11.401123046875
1750,-11.719970703125
1751,1.249755859375
1752,-3.062744140625
1753,-0.63037109375
1754,2.377685546875
1755,-12.962158203125
1756,-0.117919921875
1757,-14.474853515625002
1758,3.663818359375
1759,14.765625
1760,11.8193359375
1761,20.500976562500004
1762,1.4921875
1763,-16.97802734375
1764,-2.13818359375
1765,9.58154296875
1766,11.20654296875
1767,15.439453125
1768,-4.959716796875
1769,4.90380859375
1770,-7.14453125
1771,7.84326171875
1772,1.255859375
1773,-13.619384765625
1774,8.137451171875
1775,11.527099609375
1776,-2.257568359375
1777,7.8095703125
1778,-3.5478515624999996
1779,2.48876953125
1780,4.47265625
1781,1.4086914062499996
1782,-57.96997070312499
1783,39.74316406250001
1784,91.311279296875
1785,144.70166015625
1786,25.406494140625
1787,-42.66015625
1788,-50.48779296875
1789,35.712646484375
1790,93.646484375
1791,142.86962890625
1792,17.041259765625
1793,-31.2080078125
1794,-50.9140625
1795,-15.673828125
1796,-15.1640625
1797,54.285888671875
1798,47.931640625
1799,5.44091796875
1800,-4.903564453125
1801,-9.519531249999998
1802,-15.266357421875
1803,48.800537109375
1804,44.093994140625
1805,-13.919921875
1806,8.537841796875
1807,-9.995361328125
1808,-11.830078125
1809,-13.439697265625
1810,-6.53564453125
1811,-10.1123046875
1812,-6.70947265625
1813,-9.158203125
1814,-8.634033203125
1815,-11.5380859375
1816,-12.36376953125
1817,-6.877685546875
1818,-5.272216796875
1819,-12.762939453125
1820,-16.25439453125
1821,-6.818115234375
1822,-10.322509765625
1823,3.471923828125
1824,20.538818359375
1825,2.13916015625
1826,1.089599609375
1827,-4.2490234375
1828,-3.967041015625
1829,3.623046875
1830,25.670166015625
1831,-4.509033203125
1832,-1.439453125
1833,-6.021728515625
1834,-5.9169921875
1835,46.16357421875
1836,54.00122070312499
1837,60.37744140625
1838,-25.185546875
1839,-5.151611328125
1840,-2.827880859375
1841,46.118408203125
1842,55.61816406250001
1843,57.0224609375
1844,-13.9013671875
1845,-4.193603515625
1846,-7.631835937500001
1847,23.99560546875
1848,8.491943359375
1849,-15.58251953125
1850,26.32666015625
1851,-3.61083984375
1852,40.454345703125
1853,38.342041015625
1854,8.544921875
1855,-15.816406249999998
1856,27.715087890625
1857,121.971435546875
1858,-54.496337890625
1859,17.45068359375
1860,11.640869140625
1861,1.7524414062499998
1862,12.439697265625
1863,4.536865234375
1864,4.8095703125
1865,-1.278076171875
1866,8.771240234375
1867,2.209228515625
1868,11.885986328125
1869,7.45556640625
1870,3.485107421875
1871,-10.286865234375
1872,-14.473388671875
1873,-14.344970703125
1874,4.760986328125
1875,0.4514160156249999
1876,18.283203125
1877,11.3212890625
1878,-17.9169921875
1879,3.1669921875000004
1880,6.44921875
1881,1.4340820312499998
1882,20.770263671875
1883,-12.567138671875
1884,-5.67333984375
1885,-4.67041015625
1886,-10.4970703125
1887,13.0283203125
1888,10.350830078125
1889,17.70947265625
1890,4.948486328125
1891,-1.5771484375
1892,-5.84423828125
1893,14.0419921875
1894,11.682861328125
1895,16.74072265625
1896,-1.539306640625
1897,-9.01611328125
1898,-8.349853515625
1899,8.460205078125
1900,-17.467529296875
1901,-14.402587890625
1902,-15.433837890625
1903,-9.233642578125
1904,-6.129638671875
1905,9.352294921875
1906,-17.090087890625
1907,-16.248046875
1908,-12.671142578125
1909,2.095947265625
1910,-0.5048828125
1911,3.6455078124999996
1912,-2.880615234375
1913,-18.742187500000004
1914,12.44384765625
1915,7.759765624999999
1916,16.745361328125
1917,40.378173828125
1918,-8.4267578125
1919,-18.830322265625004
1920,15.483886718749998
1921,6.065673828125
1922,-7.27294921875
1923,0.2514648437499998
1924,-10.96533203125
1925,3.45654296875
1926,-4.2431640625
1927,21.25537109375
1928,15.15185546875
1929,-15.217041015625002
1930,-19.16259765625
1931,-9.5595703125
1932,-1.8544921875
1933,18.128662109375
1934,15.70166015625
1935,11.633544921875
1936,-5.242919921875
1937,-20.8701171875
1938,4.11962890625
1939,3.328369140625
1940,1.945556640625
1941,10.87646484375
1942,6.772216796875
1943,-7.778076171875
1944,-11.753906249999998
1945,2.510498046875
1946,5.716796875000001
1947,7.132568359374999
1948,4.746826171875
1949,-2.463134765625
1950,2.91796875
1951,-11.1875
1952,3.45556640625
1953,22.791015625
1954,7.394287109374999
1955,-6.007080078125
1956,0.9987792968750001
1957,-8.99169921875
1958,6.139404296875
1959,15.757080078125
1960,3.90234375
1961,-5.93896484375
1962,-9.8154296875
1963,-1.0354003906249998
1964,17.815185546875
1965,0.8820800781249999
1966,9.997314453125
1967,7.58642578125
1968,4.466552734375
1969,17.61767578125
1970,3.4423828124999996
1971,1.272705078125
1972,11.090087890625
1973,5.18798828125
1974,-0.10424804687499996
1975,27.208251953125
1976,-6.217041015625
1977,9.020751953125
1978,0.2939453125
1979,6.58544921875
1980,0.489990234375
1981,11.861083984374998
1982,11.644531249999998
1983,4.6279296875
1984,-6.211669921875
1985,1.583740234375
1986,-2.148193359375
1987,4.82958984375
1988,0.7351074218750001
1989,2.706298828125
1990,4.470703125
1991,1.0175781249999996
1992,63.013671875
1993,32.116943359375
1994,-42.049072265625
1995,-15.511474609375
1996,2.920654296874999
1997,7.046630859374999
1998,52.909912109375
1999,25.75927734375
2000,-2.639404296875
2001,-3.025634765625
2002,11.294677734375
2003,11.8447265625
2004,-7.31591796875
2005,4.065185546875
2006,1.5939941406249998
2007,3.689697265625
2008,34.9833984375
2009,3.1875
2010,-8.433349609375
2011,6.05908203125
2012,2.98095703125
2013,18.596435546875
2014,-13.940673828125
2015,22.267578125
2016,-41.96435546874999
2017,45.52587890625
2018,23.041015625
2019,16.959716796875
2020,71.76318359375
2021,-17.511474609375
2022,-26.806884765625
2023,41.4736328125
2024,19.31494140625
2025,11.155029296875
2026,-11.250732421875
2027,163.3193359375
2028,-64.5634765625
2029,66.80419921875
2030,-0.429931640625
2031,6.094482421875
2032,-17.951904296875
2033,22.9892578125
2034,53.068359375
2035,51.27490234375
2036,-1.519287109375
2037,6.5859375
2038,-18.281494140625
2039,24.708740234375
2040,41.525390625
2041,88.409912109375
2042,27.848388671875
2043,14.9541015625
2044,-4.892822265625
2045,-6.69091796875
2046,-3.38037109375
2047,-7.16455078125
2048,26.699951171875
2049,11.83935546875
2050,-10.199462890625
2051,-2.789306640625
2052,4.873046875000001
2053,-0.6459960937500003
2054,35.349853515625
2055,32.93798828125
2056,-4.562255859375
2057,1.2421875
2058,0.7685546875
2059,8.39208984375
2060,14.985595703125
2061,27.482177734374996
2062,-1.2280273437500002
2063,-1.1655273437500002
2064,-0.514404296875
2065,14.037109375
2066,-1.783203125
2067,34.21484375
2068,26.92919921875
2069,-10.323974609375
2070,-13.617675781250002
2071,-18.085205078125
2072,29.60205078125
2073,30.164794921875
2074,28.780517578125
2075,-8.490966796875
2076,-12.643310546875
2077,-13.893310546875
2078,138.8720703125
2079,30.76123046875
2080,37.50732421875
2081,4.10498046875
2082,0.71630859375
2083,-7.624267578125
2084,-13.34912109375
2085,26.958984375
2086,12.528564453125
2087,17.64990234375
2088,-2.205322265625
2089,-9.679931640625
2090,-14.430175781250002
2091,-8.884765625
2092,-7.73193359375
2093,-1.7744140625
2094,13.237060546875
2095,13.509521484374998
2096,-1.031005859375
2097,-18.681884765625
2098,15.9482421875
2099,-47.96875
2100,-42.01220703125
2101,14.755859375
2102,1.9228515625000002
2103,-18.073974609375
2104,17.068603515625
2105,122.689453125
2106,19.59375
2107,46.58251953125
2108,-17.8525390625
2109,-24.9375
2110,-21.976318359375
2111,-27.99462890625
2112,54.513916015625
2113,39.2314453125
2114,-20.29150390625
2115,-23.26953125
2116,-21.806640625
2117,3.180908203125
2118,72.84912109375
2119,48.075439453125
2120,-16.62060546875
2121,29.31640625
2122,54.718994140625
2123,20.809082031250004
2124,28.847900390625
2125,-14.59033203125
2126,7.6767578125
2127,31.21826171875
2128,54.4892578125
2129,18.21923828125
2130,0.432861328125
2131,-0.450927734375
2132,-24.011474609375
2133,4.152587890625
2134,10.03564453125
2135,-6.975341796875
2136,-25.311279296875
2137,-6.7666015625
2138,18.906494140625
2139,-6.21337890625
2140,9.748046875
2141,-2.70751953125
2142,-29.068359375
2143,-4.526123046875
2144,14.5888671875
2145,5.00146484375
2146,11.516357421875
2147,-3.807373046875
2148,-8.8359375
2149,11.1669921875
2150,-12.030029296875
2151,-1.077392578125
2152,-1.450439453125
2153,0.297607421875
2154,-4.03466796875
2155,9.318359375
2156,3.302978515625
2157,-10.6220703125
2158,-16.017333984375
2159,10.138427734375
2160,2.513916015625
2161,10.939697265625
2162,14.2197265625
2163,36.5576171875
2164,10.760498046875
2165,8.026611328125
2166,1.651611328125
2167,8.485107421875
2168,15.5615234375
2169,1.310302734375
2170,2.004150390625
2171,-9.5146484375
2172,-34.7373046875
2173,130.5595703125
2174,112.47680664062499
2175,106.11376953125
2176,-14.370849609375
2177,-22.01513671875
2178,-26.158935546875
2179,136.421142578125
2180,111.48876953125
2181,101.046875
2182,47.130859375
2183,-29.830078125
2184,-39.8330078125
2185,-2.512939453125
2186,37.634521484375
2187,26.044189453125
2188,-4.861328124999999
2189,50.80712890625
2190,46.61865234375
2191,-6.248046875000001
2192,29.352294921875
2193,26.50048828125
2194,4.245849609375
2195,-36.49462890625
2196,-23.4873046875
2197,10.441650390625
2198,11.3583984375
2199,-8.77783203125
2200,-0.555419921875
2201,59.14892578125
2202,11.617675781250002
2203,23.628173828125
2204,-7.121337890625001
2205,-10.636962890625
2206,-1.6777343749999998
2207,54.091552734375
2208,-26.785888671875
2209,-19.414306640625
2210,3.099609375
2211,-2.05810546875
2212,15.199951171875
2213,2.266845703125
2214,2.99853515625
2215,-4.564453125
2216,3.92236328125
2217,-6.162109375000001
2218,10.455078125
2219,0.242919921875
2220,7.17578125
2221,8.838134765625
2222,2.7265625
2223,5.328125
2224,-19.114501953125
2225,-5.652587890625001
2226,3.252685546875
2227,10.164306640625
2228,7.43017578125
2229,-1.7365722656250009
2230,-1.5659179687500009
2231,-6.654541015625
2232,3.0927734375000004
2233,3.203369140625
2234,13.4501953125
2235,15.5302734375
2236,4.13916015625
2237,-16.67919921875
2238,35.08984375
2239,43.88427734375
2240,31.415771484375
2241,0.07617187499999822
2242,-7.932861328125
2243,-8.224853515625
2244,36.735107421875
2245,44.448486328125
2246,32.66064453125
2247,-0.44140625
2248,-23.859375
2249,-21.317626953125
2250,-8.11962890625
2251,-1.425048828125
2252,12.636718750000002
2253,13.19091796875
2254,48.005615234375
2255,-19.1748046875
2256,-14.531005859375
2257,-5.134765624999999
2258,12.4404296875
2259,14.8701171875
2260,-2.171630859375
2261,8.30615234375
2262,13.597900390625
2263,7.135986328125
2264,21.403564453125
2265,-0.021240234375
2266,32.284423828125
2267,0.8488769531249999
2268,-28.144287109375
2269,-21.517333984375
2270,21.978271484375
2271,0.394775390625
2272,34.795166015625
2273,-9.468994140625
2274,-5.876953124999999
2275,-4.940673828125
2276,7.96923828125
2277,53.37841796875
2278,54.879150390625
2279,43.604736328125
2280,6.603515624999999
2281,-25.411376953125
2282,-21.190185546875
2283,54.881591796875
2284,57.275634765625
2285,45.540283203125
2286,-9.374267578125
2287,17.125244140625
2288,21.365234375
2289,14.304199218749998
2290,-8.96533203125
2291,-7.56591796875
2292,-6.926025390625001
2293,-4.99951171875
2294,15.94873046875
2295,15.183837890625
2296,-8.02197265625
2297,-6.915771484375
2298,-7.307373046875
2299,-5.533203124999999
2300,8.2216796875
2301,13.044189453125
2302,-14.769287109375
2303,120.064208984375
2304,118.051025390625
2305,117.129150390625
2306,-11.421630859375
2307,-10.86279296875
2308,-10.383056640625
2309,116.541748046875
2310,117.30712890625
2311,123.137939453125
2312,30.418701171875
2313,-18.017822265625
2314,-3.824462890625
2315,2.443359375
2316,-8.213134765625
2317,1.951171875
2318,16.834716796875
2319,-4.453857421875
2320,20.81201171875
2321,12.643310546875
2322,-10.210693359375
2323,-7.499755859374999
2324,10.78759765625
2325,-5.802490234375
2326,3.53271484375
2327,-6.137451171875
2328,3.370361328125
2329,-17.26806640625
2330,-8.48486328125
2331,-0.6806640625
2332,59.72802734375
2333,57.89501953125
2334,7.705322265625
2335,-16.544189453125
2336,-13.104736328125
2337,-1.2065429687500002
2338,0.2580566406250002
2339,4.885498046875
2340,7.998779296875
2341,-39.111328125
2342,10.671386718749998
2343,-0.4013671875
2344,-4.856689453125
2345,-4.806640624999999
2346,2.116943359375
2347,-46.337646484375
2348,10.035156249999998
2349,2.57421875
2350,-3.479736328125
2351,7.881103515625
2352,37.03466796875
2353,-33.467041015625
2354,7.021240234375
2355,10.2724609375
2356,-6.029052734375
2357,3.522216796875
2358,13.366699218749998
2359,7.085205078125
2360,1.9580078125
2361,12.7041015625
2362,-13.3984375
2363,4.2998046875
2364,105.312255859375
2365,61.956787109375
2366,43.51025390625
2367,4.15869140625
2368,1.9560546875
2369,10.6708984375
2370,-4.81591796875
2371,1.816650390625
2372,3.69482421875
2373,7.53759765625
2374,-5.2822265625
2375,9.9619140625
2376,-8.075927734375
2377,3.651123046875
2378,3.31689453125
2379,-3.651123046875
2380,14.8525390625
2381,-22.12451171875
2382,7.677978515625
2383,2.51416015625
2384,8.659423828125
2385,7.3994140625
2386,9.3115234375
2387,-14.69677734375
2388,6.123779296875
2389,4.890625
2390,55.259765625
2391,-1.001220703125
2392,43.02294921875
2393,11.034912109375
2394,-18.913818359375
2395,-20.430908203124996
2396,-29.228515625
2397,-20.041015625
2398,6.054443359374999
2399,7.385498046875
2400,-25.415771484375
2401,-19.089599609375
2402,-29.88330078125
2403,0.8278808593750001
2404,-12.709716796875
2405,20.715087890625
2406,14.87353515625
2407,-3.98095703125
2408,-9.9287109375
2409,-9.642578125
2410,-32.754150390625
2411,52.48437500000001
2412,12.6455078125
2413,6.765869140625001
2414,-7.214599609374999
2415,-7.1875
2416,-14.27978515625
2417,-12.428955078125
2418,17.257568359375
2419,15.925048828125
2420,7.175537109374999
2421,5.447998046875
2422,9.324218750000002
2423,1.988037109375
2424,2.117919921875
2425,-0.290283203125
2426,-0.170654296875
2427,3.531982421875
2428,4.5673828125
2429,-9.852294921875
2430,6.427001953125
2431,-5.654541015625
2432,67.50732421875
2433,67.364013671875
2434,25.879150390625
2435,-15.857666015625002
2436,43.267333984375
2437,37.921142578125
2438,48.46875
2439,75.639892578125
2440,27.335205078125
2441,-13.627685546875
2442,-27.042724609375
2443,-4.613037109374999
2444,112.49462890624997
2445,35.142822265625
2446,-5.986083984375
2447,-15.367431640625
2448,-25.4931640625
2449,15.623291015625002
2450,31.443603515625
2451,38.99365234375
2452,-9.097900390625
2453,-15.8212890625
2454,-25.615966796875004
2455,-5.359619140625001
2456,45.915771484375
2457,33.489990234375
2458,0.4462890625
2459,57.000244140625
2460,43.162109375
2461,42.212158203125
2462,-11.839599609375
2463,-15.6025390625
2464,-3.70556640625
2465,60.054443359375
2466,47.63745117187499
2467,41.485107421875
2468,-6.86181640625
2469,-21.68603515625
2470,-2.016357421875
2471,6.90478515625
2472,-9.082519531250002
2473,28.956298828125
2474,7.2109375
2475,-9.533203125
2476,-8.467041015625
2477,0.7531738281249999
2478,-9.298095703125
2479,25.5673828125
2480,16.418212890625
2481,21.43115234375
2482,24.089111328125
2483,3.399658203124999
2484,-8.270263671875
2485,5.10888671875
2486,3.328125
2487,-10.733154296875
2488,42.70947265625
2489,-10.595947265625
2490,-3.25146484375
2491,6.85205078125
2492,4.082275390625
2493,-6.70068359375
2494,2.00439453125
2495,2.905029296875
2496,-7.11962890625
2497,22.182861328125
2498,-9.357177734375
2499,-4.253173828125
2500,-5.139404296875
2501,14.937255859375
2502,12.6064453125
2503,27.820312499999996
2504,-9.3359375
2505,-5.095458984375
2506,0.09741210937500004
2507,21.847900390625
2508,15.187011718749998
2509,30.816650390625
2510,-22.81982421875
2511,-5.199462890625001
2512,13.983642578125
2513,16.64208984375
2514,8.018310546875
2515,4.432861328125
2516,-22.194091796875004
2517,-3.689697265625
2518,14.361083984374998
2519,19.599365234375
2520,6.139892578125
2521,15.763671875
2522,-17.028076171875
2523,5.90234375
2524,0.454833984375
2525,-7.875732421875
2526,-10.468994140625
2527,-13.375244140625
2528,3.75830078125
2529,-4.755126953125
2530,-1.449462890625
2531,-9.314697265625
2532,-7.2041015625
2533,16.505859375
2534,-6.405517578125
2535,-7.409423828125
2536,11.6259765625
2537,-16.46875
2538,-26.927978515625
2539,-16.31298828125
2540,2.83984375
2541,-4.563720703125
2542,21.05224609375
2543,-12.4697265625
2544,-28.77587890625
2545,-15.4375
2546,0.39208984375
2547,12.59521484375
2548,38.19433593749999
2549,1.534912109375
2550,6.60107421875
2551,0.6979980468750001
2552,9.406494140625
2553,-3.991455078125
2554,-1.6166992187500002
2555,-2.738037109375
2556,11.20068359375
2557,0.050048828125
2558,17.6513671875
2559,-1.736328125
2560,-3.076416015625
2561,-5.364501953125
2562,-2.852783203125
2563,-3.168945312500001
2564,-11.053955078125
2565,17.4951171875
2566,-3.216552734375
2567,-3.342041015625
2568,1.2546386718750002
2569,-5.84130859375
2570,-0.7814941406250002
2571,14.3642578125
2572,123.358642578125
2573,-62.23046875
2574,-16.15625
2575,0.59033203125
2576,3.88623046875
2577,1.13671875
2578,-1.214111328125
2579,-6.2294921875
2580,3.87451171875
2581,10.044677734375
2582,1.797607421875
2583,-0.8112792968750001
2584,-0.169189453125
2585,6.904541015625
2586,7.224365234375
2587,-1.6059570312499998
2588,-6.116455078125
2589,19.775146484375
2590,11.6826171875
2591,-0.96630859375
2592,-53.41552734375
2593,-41.32373046875
2594,13.5634765625
2595,20.37548828125
2596,11.235107421875
2597,-2.5791015624999996
2598,120.41845703125
2599,121.282470703125
2600,-50.554443359375
2601,-16.598388671875
2602,30.384521484375
2603,-6.53466796875
2604,35.12744140625
2605,9.08837890625
2606,10.177001953125
2607,-8.33642578125
2608,33.930908203125
2609,-1.5576171875
2610,36.571533203125
2611,-13.817138671875
2612,-2.03173828125
2613,6.88623046875
2614,87.857177734375
2615,49.52880859375
2616,-31.26806640625
2617,0.8361816406250004
2618,39.221435546875
2619,11.593505859375
2620,18.00732421875
2621,49.152587890625
2622,-23.692626953125
2623,4.170166015625
2624,-45.92431640624999
2625,99.706298828125
2626,82.35595703125
2627,-7.6015625
2628,-1.2011718750000002
2629,-2.8427734375000004
2630,2.66845703125
2631,25.202148437499996
2632,-0.8830566406249999
2633,36.728271484375
2634,9.0556640625
2635,-3.5556640624999996
2636,-0.5205078125
2637,7.865478515625
2638,13.357666015625002
2639,27.741455078125
2640,3.626708984375
2641,14.839843750000002
2642,3.80224609375
2643,9.792236328125
2644,5.71337890625
2645,-1.234130859375
2646,2.71337890625
2647,4.202880859375
2648,6.613037109374999
2649,10.014892578125
2650,-5.858154296875
2651,-2.737548828125
2652,1.2465820312499998
2653,43.19384765625
2654,-3.82861328125
2655,-18.65478515625
2656,-14.21435546875
2657,14.273925781250002
2658,16.93505859375
2659,50.6865234375
2660,2.662109375
2661,-18.91796875
2662,-13.347900390625
2663,1.6264648437500002
2664,38.3984375
2665,45.85107421875
2666,38.579833984375
2667,3.54736328125
2668,-7.519287109374999
2669,-14.58740234375
2670,-6.64013671875
2671,52.406005859375
2672,36.999755859375
2673,6.913818359374999
2674,-12.558593750000002
2675,-17.54052734375
2676,26.226318359375
2677,-6.032470703125
2678,38.6669921875
2679,0.498779296875
2680,-3.967529296875
2681,3.757080078125
2682,7.172607421875
2683,3.147216796875
2684,-2.553466796875
2685,-0.9697265625
2686,0.154296875
2687,4.0078125
2688,3.0693359375000004
2689,4.299316406249999
2690,11.389404296875
2691,-7.485107421875
2692,-67.798583984375
2693,-10.088623046875
2694,112.67553710937499
2695,114.383056640625
2696,-49.21826171875
2697,4.61181640625
2698,2.1357421875
2699,-14.305419921875
2700,109.0771484375
2701,108.361083984375
2702,46.278564453125
2703,-16.670166015625
2704,-22.240478515625
2705,-5.0322265625
2706,12.3408203125
2707,-1.005615234375
2708,12.430419921875
2709,14.7373046875
2710,23.173583984375
2711,13.437255859375
2712,8.806884765625
2713,-5.359375
2714,11.413818359375
2715,17.774658203125
2716,3.436767578125
2717,21.31884765625
2718,-19.43896484375
2719,6.726806640625001
2720,30.44775390625
2721,35.8974609375
2722,-19.420898437499996
2723,-12.615478515625002
2724,-18.7744140625
2725,6.121826171875
2726,27.605957031250004
2727,29.58447265625
2728,10.435302734375
2729,-8.217529296875
2730,-11.0146484375
2731,-7.201171875000001
2732,3.75390625
2733,5.173828124999999
2734,6.87109375
2735,-18.27197265625
2736,14.1015625
2737,-7.5859375
2738,5.92822265625
2739,5.857666015625
2740,6.253173828125
2741,25.15673828125
2742,-10.22314453125
2743,4.913330078125
2744,22.817138671875
2745,40.646484375
2746,-9.545166015625002
2747,-6.41650390625
2748,14.674560546874998
2749,94.236572265625
2750,-11.956787109375
2751,43.533935546875
2752,-14.920166015625002
2753,-2.4548339843750004
2754,-6.053955078125
2755,-5.091064453125
2756,-2.960693359375
2757,3.260009765625
2758,0.282470703125
2759,4.66455078125
2760,4.225341796875
2761,-7.0498046875
2762,-3.419921875
2763,7.396728515625
2764,-1.88671875
2765,-1.244873046875
2766,2.903076171875
2767,8.126953125
2768,10.922119140625
2769,-2.072021484375
2770,8.61767578125
2771,52.940673828125
2772,53.8427734375
2773,58.438232421875
2774,21.98388671875
2775,47.48291015625
2776,-1.04931640625
2777,54.90625
2778,48.58374023437499
2779,63.9365234375
2780,-1.91796875
2781,-12.20849609375
2782,-21.610351562500004
2783,6.418212890625001
2784,13.72900390625
2785,0.8388671875
2786,5.048583984375
2787,-1.4116210937500009
2788,-6.190673828125
2789,-7.3994140625
2790,15.653564453125
2791,2.679931640625
2792,8.17236328125
2793,22.517578125
2794,19.943603515625
2795,6.906494140625001
2796,8.1982421875
2797,22.52490234375
2798,52.12304687499999
2799,51.89013671875
2800,-12.402343750000002
2801,-10.780029296875
2802,-10.03271484375
2803,25.252685546875
2804,50.289306640625
2805,51.23583984375
2806,34.959228515625
2807,-7.271728515625
2808,-3.67919921875
2809,9.530029296875
2810,-1.7456054687500002
2811,-11.1103515625
2812,2.701171875
2813,13.281982421875
2814,13.8603515625
2815,6.828857421875
2816,-0.025634765625
2817,-11.121093750000002
2818,3.8310546875000004
2819,5.5009765625
2820,14.89599609375
2821,6.8125
2822,-13.31591796875
2823,28.750244140625
2824,-7.71875
2825,-11.247314453125
2826,-16.962158203125
2827,3.109375
2828,-9.84130859375
2829,29.3310546875
2830,-7.24365234375
2831,-13.05029296875
2832,-1.679443359375
2833,4.41357421875
2834,-8.84375
2835,4.77734375
2836,16.44189453125
2837,-18.75732421875
2838,-17.099853515625
2839,20.021728515625
2840,8.775634765625
2841,8.623779296875
2842,12.9638671875
2843,-19.370849609375
2844,-14.693115234375
2845,34.815673828125
2846,24.12451171875
2847,25.962646484375
2848,16.271728515625
2849,0.8884277343750001
2850,6.5947265625
2851,-3.507080078125
2852,8.626953125
2853,17.624755859375
2854,7.096435546875
2855,-3.779296875
2856,5.63037109375
2857,-4.8798828125
2858,10.009765625
2859,5.66455078125
2860,8.738525390625
2861,47.452392578125
2862,-12.81005859375
2863,-4.0244140625
2864,1.6198730468749996
2865,19.875976562500004
2866,25.193359375
2867,47.39501953125
2868,-8.280029296875
2869,-6.4619140625
2870,-6.426025390625001
2871,0.45947265624999983
2872,44.344482421875
2873,44.58691406250001
2874,28.598876953125
2875,-0.8740234375
2876,-15.1171875
2877,-20.043212890625
2878,14.349609375
2879,6.03125
2880,33.121826171875
2881,-2.073486328125
2882,-19.159667968749996
2883,-20.053955078125
2884,-16.740234375
2885,5.496337890625001
2886,29.05712890625
2887,0.8049316406249999
2888,-4.28173828125
2889,-2.3232421875000004
2890,0.53662109375
2891,1.963623046875
2892,7.984619140625001
2893,2.73046875
2894,-10.2216796875
2895,-1.980224609375
2896,1.2534179687500002
2897,5.30029296875
2898,-1.0419921875
2899,-19.718017578125
2900,3.4658203124999996
2901,2.250732421875
2902,2.2763671875
2903,-0.65234375
2904,-5.029541015625
2905,5.051025390625001
2906,4.968017578125
2907,1.684326171875
2908,6.07763671875
2909,0.143798828125
2910,15.74755859375
2911,4.7744140625
2912,3.359375
2913,7.49072265625
2914,6.729248046875
2915,-5.37646484375
2916,-10.8671875
2917,-28.647216796875004
2918,27.113525390625
2919,8.576416015625
2920,7.718017578125
2921,-4.61328125
2922,-12.004638671875
2923,4.3125
2924,28.984619140625
2925,29.434326171875
2926,7.702392578125
2927,10.757568359375
2928,8.943359375
2929,4.099365234375
2930,18.62255859375
2931,-6.06689453125
2932,-0.442626953125
2933,3.38671875
2934,7.128662109374999
2935,4.6845703125
2936,-8.710205078125
2937,-0.6828613281249999
2938,0.8413085937500001
2939,3.6025390624999996
2940,-6.673828124999999
2941,-2.635009765625
2942,-15.086181640625
2943,25.2607421875
2944,18.0615234375
2945,11.29248046875
2946,-3.7529296875000004
2947,4.58203125
2948,-13.393310546875
2949,9.628906249999998
2950,14.583740234375
2951,2.068115234375
2952,-39.31396484375
2953,26.912841796875004
2954,17.813232421875
2955,21.759521484375
2956,7.505859375000001
2957,-21.0869140625
2958,-43.148193359375
2959,30.203857421875
2960,11.008300781250002
2961,21.105224609375
2962,-14.0517578125
2963,-41.31494140625
2964,-39.91381835937501
2965,2.95654296875
2966,-3.864013671875
2967,-0.6433105468750001
2968,0.537841796875
2969,29.865966796875004
2970,8.51708984375
2971,-2.130859375
2972,-1.953125
2973,-2.1044921875
2974,4.192138671875
2975,18.82763671875
2976,-6.227294921875
2977,-2.46533203125
2978,-12.337646484374998
2979,-7.96630859375
2980,-24.029541015625
2981,-37.90429687499999
2982,15.2353515625
2983,-23.422119140625
2984,-10.818115234375
2985,-4.008056640625
2986,-24.43115234375
2987,-41.394775390625
2988,-27.06005859375
2989,-33.983154296875
2990,-35.302490234375
2991,-1.7270507812499998
2992,-1.571533203125
2993,17.53173828125
2994,30.2880859375
2995,-11.147949218749998
2996,-7.484619140625001
2997,-8.41845703125
2998,2.306396484375
2999,16.205078125
3000,31.885498046875
3001,-3.0419921875000004
3002,-4.939697265625
3003,3.6875
3004,32.532470703125
3005,22.97412109375
3006,35.61328125
3007,-18.82666015625
3008,12.720947265625
3009,3.842529296875
3010,-5.939453124999999
3011,20.0849609375
3012,42.58154296875
3013,-18.657226562500004
3014,87.19140625000001
3015,-1.12939453125
3016,41.05004882812501
3017,0.029052734375
3018,56.38232421875
3019,26.43115234375
3020,-13.765136718749998
3021,32.333740234375
3022,-4.73486328125
3023,29.241455078125
3024,49.166748046875
3025,28.197021484375
3026,-16.696044921875
3027,-20.781982421875
3028,113.27099609375
3029,-30.96484375
3030,-8.848388671875
3031,-16.4326171875
3032,7.5966796875
3033,1.7880859375
3034,-9.1220703125
3035,14.667724609375
3036,-5.710693359374999
3037,-18.730712890625
3038,2.59423828125
3039,3.919921875
3040,64.691162109375
3041,-16.3193359375
3042,-7.6689453125
3043,30.583251953125
3044,-19.277099609375
3045,-22.434814453125
3046,7.487548828125
3047,57.10888671875
3048,-0.6921386718750001
3049,2.6953125
3050,-20.64208984375
3051,-23.402587890625
3052,8.220703125
3053,6.1728515625
3054,11.9365234375
3055,15.3232421875
3056,-2.10400390625
3057,8.7958984375
3058,8.88671875
3059,2.582275390625
3060,0.5778808593749998
3061,-12.472412109375
3062,3.330322265625
3063,8.795166015625
3064,11.280029296875
3065,4.3681640625
3066,7.0146484375
3067,-17.494873046875
3068,-1.031005859375
3069,-2.556396484375
3070,4.573974609375
3071,5.473388671875
3072,4.260498046875
3073,5.417724609374999
3074,-1.833740234375
3075,-5.92822265625
3076,-1.106689453125
3077,8.9599609375
3078,5.33349609375
3079,-6.524658203125
3080,-2.192138671875
3081,-4.3681640625
3082,-18.146484375
3083,-3.3369140624999996
3084,14.087158203125
3085,7.206787109374999
3086,7.171142578125
3087,-15.15185546875
3088,-5.466552734375
3089,-0.7180175781249999
3090,4.867919921875
3091,7.1181640625
3092,9.02880859375
3093,-17.33154296875
3094,0.02099609375
3095,22.2998046875
3096,-11.221923828125
3097,1.2041015625
3098,-10.867919921875
3099,72.998291015625
3100,17.592041015625
3101,14.515136718749998
3102,-12.19189453125
3103,0.085205078125
3104,-9.4794921875
3105,-6.683349609374999
3106,12.178955078125
3107,23.0205078125
3108,58.78759765625
3109,-28.85400390625
3110,-26.78076171875
3111,-19.20947265625
3112,7.447998046875
3113,51.86279296875
3114,46.61572265625
3115,-31.96435546875
3116,-26.313476562500004
3117,-12.67431640625
3118,16.352294921875
3119,54.781982421875
3120,39.042236328125
3121,1.4116210937500002
3122,3.787109375
3123,22.545898437499996
3124,19.369384765625
3125,10.885009765625
3126,-4.062744140625
3127,-4.18505859375
3128,4.050537109375
3129,21.011962890625
3130,15.394775390625
3131,-30.34912109375
3132,-3.169677734375
3133,-6.55126953125
3134,1.888427734375
3135,4.052734375
3136,-3.152587890625
3137,-3.734375
3138,10.80224609375
3139,2.330322265625
3140,-5.26708984375
3141,5.581298828125
3142,-3.923583984375
3143,-2.732177734375
3144,0.9904785156249999
3145,3.860595703125
3146,-4.27099609375
3147,15.25341796875
3148,16.197998046875
3149,13.054443359375
3150,19.41455078125
3151,23.6533203125
3152,17.236572265625
3153,12.108154296875
3154,16.382080078125
3155,16.19873046875
3156,19.342529296875
3157,-0.495361328125
3158,4.11376953125
3159,2.02490234375
3160,-24.11767578125
3161,-25.7294921875
3162,15.302490234375
3163,15.142333984374998
3164,-13.6279296875
3165,-14.350341796875
3166,-24.840087890625
3167,-16.338134765625
3168,20.853515625
3169,12.482666015625002
3170,16.792236328125
3171,-35.38720703125
3172,-27.123046875
3173,-2.897705078125
3174,12.599365234375
3175,7.624267578125
3176,4.781005859374999
3177,16.158447265625
3178,0.8034667968750001
3179,-0.022216796874999722
3180,7.8955078125
3181,8.432861328125
3182,10.716552734375
3183,1.680419921875
3184,-2.51806640625
3185,16.3525390625
3186,2.8740234375000004
3187,4.156494140625
3188,-0.52587890625
3189,6.5185546875
3190,-8.002685546875
3191,3.6381835937499996
3192,-1.6625976562499998
3193,1.298095703125
3194,-3.374267578125
3195,2.745849609375
3196,-15.261474609375
3197,2.037353515625
3198,-7.455322265625
3199,-19.09814453125
3200,6.257568359374999
3201,-1.5278320312499998
3202,-2.169677734375
3203,14.066650390625
3204,12.322021484374998
3205,-21.03955078125
3206,6.614013671875
3207,1.40625
3208,7.180908203125
3209,16.753173828125
3210,-5.732177734375
3211,-23.74365234375
3212,-23.754150390625
3213,13.640380859375
3214,21.55322265625
3215,26.096435546875
3216,-4.34033203125
3217,-16.822265625
3218,-22.411376953125
3219,13.197509765625
3220,25.009033203124996
3221,24.55615234375
3222,3.86962890625
3223,-9.56787109375
3224,-18.737060546875
3225,-1.306640625
3226,-2.126708984375
3227,-1.8100585937500002
3228,-4.40869140625
3229,23.657470703125
3230,4.307861328125
3231,-3.061279296875
3232,-2.0087890625
3233,0.9440917968750001
3234,-3.821044921875
3235,-15.691162109375
3236,11.375488281250002
3237,-2.237548828125
3238,13.46630859375
3239,-17.978759765625
3240,10.125
3241,-19.702880859375
3242,28.126953125
3243,41.55126953125
3244,6.240234375000001
3245,-15.889892578125
3246,5.48486328125
3247,-19.7373046875
3248,-16.338623046875
3249,23.40869140625
3250,17.060302734375
3251,-17.1552734375
3252,-6.066162109374999
3253,-9.26708984375
3254,8.279541015625
3255,-10.413818359375
3256,-0.27465820312500044
3257,14.383056640625
3258,-4.18017578125
3259,-0.4895019531250001
3260,9.680908203125
3261,-7.594482421875
3262,28.103271484375
3263,48.323486328125
3264,-16.658935546875
3265,5.286376953125
3266,31.61474609375
3267,12.324462890625
3268,2.098388671875
3269,-16.02392578125
3270,-6.018798828125
3271,10.016845703125
3272,32.27978515625
3273,15.79150390625
3274,-41.948486328125
3275,-24.84423828125
3276,-9.2314453125
3277,-17.16015625
3278,23.998779296875
3279,37.64697265625
3280,5.26611328125
3281,27.48291015625
3282,-19.60986328125
3283,9.227783203125
3284,21.03369140625
3285,36.183349609375
3286,5.04541015625
3287,-17.53515625
3288,15.1630859375
3289,5.40380859375
3290,12.22900390625
3291,-1.3842773437500009
3292,1.260986328125
3293,5.423095703125
3294,69.181884765625
3295,14.2861328125
3296,13.5439453125
3297,-0.86279296875
3298,4.61767578125
3299,3.813720703125
3300,-7.385498046875
3301,14.269531249999998
3302,12.670166015625002
3303,-4.025146484375
3304,5.15673828125
3305,1.282958984375
3306,6.521728515625
3307,-8.844482421875
3308,-4.6240234375
3309,-3.41943359375
3310,3.479736328125
3311,-0.331298828125
3312,4.5234375
3313,1.7744140625
3314,-9.25439453125
3315,-3.450439453125
3316,1.641845703125
3317,67.774169921875
3318,-49.884521484375
3319,-24.498779296875
3320,5.220458984375
3321,13.855468750000002
3322,31.601318359375
3323,70.579345703125
3324,-52.5302734375
3325,-26.5595703125
3326,-3.84765625
3327,-2.79638671875
3328,17.62109375
3329,-23.64892578125
3330,11.9267578125
3331,3.598876953125
3332,44.6337890625
3333,4.35302734375
3334,36.68359375
3335,26.124267578125
3336,6.00048828125
3337,7.057373046875
3338,44.590087890625
3339,22.02490234375
3340,-0.58642578125
3341,-14.5439453125
3342,-16.182861328125
3343,15.728515625
3344,60.16943359375001
3345,93.279541015625
3346,11.351318359375
3347,-28.721435546875
3348,-5.2294921875
3349,17.78515625
3350,63.483154296875
3351,94.41748046874999
3352,-19.389892578125
3353,6.9326171875
3354,-42.658935546875
3355,-14.453369140625
3356,12.56591796875
3357,31.60302734375
3358,7.092529296875
3359,6.327392578125
3360,18.913818359375
3361,3.045166015625
3362,17.0712890625
3363,30.98388671875
3364,6.960693359374999
3365,18.400146484375
3366,9.339111328125
3367,-25.189453125
3368,9.88916015625
3369,-7.92431640625
3370,2.861572265625
3371,-19.0556640625
3372,5.054443359374999
3373,-2.473388671875
3374,3.70703125
3375,-7.99365234375
3376,-3.09423828125
3377,-21.56884765625
3378,0.6130371093750001
3379,14.4697265625
3380,1.48046875
3381,-1.543212890625
3382,4.203857421875
3383,6.13916015625
3384,0.49023437499999956
3385,-15.22119140625
3386,-23.045166015625
3387,0.544921875
3388,-3.78564453125
3389,5.733642578125
3390,0.2490234375
3391,0.181640625
3392,24.439208984375
3393,0.7995605468750001
3394,1.029296875
3395,-0.490966796875
3396,3.765869140625
3397,8.854736328125
3398,-37.91064453125001
3399,-8.644775390625
3400,4.83740234375
3401,2.918701171875
3402,9.93896484375
3403,11.070068359375
3404,2.861572265625
3405,-1.4116210937500002
3406,2.47607421875
3407,32.27001953125
3408,-24.6650390625
3409,-28.378662109375
3410,-24.696533203124996
3411,-2.663330078125
3412,32.09814453125
3413,15.03466796875
3414,-25.044921875
3415,-23.915771484375
3416,-23.916259765625
3417,1.6684570312499998
3418,21.173583984375
3419,34.97509765625
3420,18.083740234375
3421,-3.147705078125
3422,-8.88916015625
3423,5.18359375
3424,51.08740234375
3425,7.277587890625001
3426,0.098388671875
3427,-4.478271484375
3428,-9.2578125
3429,8.01025390625
3430,-4.769287109374999
3431,57.415283203125
3432,23.388427734374996
3433,9.857421875
3434,-17.763671875
3435,24.15869140625
3436,3.05908203125
3437,16.174072265625
3438,7.157958984375
3439,12.340576171875
3440,-15.46728515625
3441,30.82958984375
3442,7.45361328125
3443,19.571044921875
3444,65.8359375
3445,10.304199218749998
3446,5.896728515625
3447,2.759521484375
3448,-2.181640625
3449,5.801025390625001
3450,6.349365234375
3451,5.46533203125
3452,4.339599609375
3453,3.1513671875000004
3454,1.8510742187500002
3455,3.67138671875
3456,2.609130859375
3457,-0.38037109375
3458,7.48193359375
3459,14.198974609375
3460,-0.515869140625
3461,13.906982421875
3462,7.717041015625
3463,39.01953125
3464,18.69140625
3465,16.482421875
3466,3.336669921875
3467,13.955810546875
3468,7.263916015625
3469,2.0146484375
3470,-7.964599609374999
3471,-4.370849609375
3472,-9.20947265625
3473,7.82470703125
3474,-1.965576171875
3475,-15.91259765625
3476,9.947021484374998
3477,16.923583984375
3478,-12.4697265625
3479,-1.021728515625
3480,-3.650390625
3481,-12.152099609375
3482,2.29345703125
3483,21.993896484375
3484,-10.407958984374998
3485,9.32568359375
3486,-2.971923828125
3487,-0.52392578125
3488,-3.791748046875
3489,-3.56982421875
3490,5.296630859374999
3491,0.8933105468750001
3492,-5.3984375
3493,4.7666015625
3494,-2.537109375
3495,-5.92822265625
3496,7.37890625
3497,12.412841796875
3498,-24.42333984375
3499,38.79638671875
3500,11.868896484374998
3501,69.039306640625
3502,-3.233642578125
3503,4.62890625
3504,18.649169921875
3505,38.912353515625
3506,10.0634765625
3507,63.647216796875
3508,-7.337646484375
3509,10.258300781250002
3510,-12.044677734375
3511,4.840087890625001
3512,0.92626953125
3513,-11.4658203125
3514,18.543457031250004
3515,7.2626953125
3516,-10.16064453125
3517,-17.63427734375
3518,7.103515624999999
3519,-6.57373046875
3520,15.969238281250002
3521,-12.207275390625
3522,-13.043701171875
3523,-6.04150390625
3524,-2.01806640625
3525,27.0087890625
3526,11.720703125
3527,12.390380859375
3528,-11.233886718749998
3529,12.936767578125
3530,-0.449462890625
3531,26.683349609375
3532,11.564453125
3533,18.1552734375
3534,-4.644287109374999
3535,-12.472656249999998
3536,-0.554443359375
3537,3.2739257812500004
3538,9.00244140625
3539,9.55029296875
3540,-0.418212890625
3541,-4.5791015625
3542,-0.82275390625
3543,3.811279296875
3544,2.7648925781249996
3545,8.768310546875
3546,-0.3603515625000001
3547,-4.805419921875
3548,-1.309814453125
3549,12.232666015625002
3550,-12.604736328125
3551,-14.452880859375
3552,5.010498046875
3553,11.657470703125
3554,8.597412109375
3555,4.05126953125
3556,-7.66552734375
3557,-12.223388671875
3558,8.70654296875
3559,12.521240234375
3560,-3.69140625
3561,-0.445068359375
3562,-11.998046875
3563,60.49609375
3564,48.115478515625
3565,-18.68310546875
3566,-50.33740234375
3567,24.565673828125
3568,4.7880859375
3569,15.73193359375
3570,57.111328125
3571,-16.394775390625
3572,-52.511474609375
3573,29.006591796875004
3574,32.083251953125
3575,15.81494140625
3576,18.125732421875
3577,-4.523193359375
3578,-15.649658203125
3579,-5.675537109374999
3580,10.34619140625
3581,9.771728515625002
3582,15.043212890625
3583,-2.864013671875
3584,-16.944091796875
3585,0.12109375000000022
3586,71.083984375
3587,19.940185546875
3588,24.210937500000004
3589,-20.081298828125
3590,33.522705078125
3591,-22.80078125
3592,-18.5654296875
3593,12.65283203125
3594,-42.874267578125
3595,-21.77490234375
3596,25.91162109375
3597,-19.906005859375
3598,-22.785400390625
3599,-15.600341796875
3600,-38.458984375
3601,-18.93115234375
3602,-9.832763671875
3603,5.099365234375
3604,-8.02978515625
3605,3.16943359375
3606,8.471435546875
3607,2.332763671875
3608,50.297607421875
3609,3.22607421875
3610,-4.891357421875
3611,9.208984375
3612,7.17919921875
3613,11.123046875
3614,-4.540283203125
3615,33.118408203125
3616,10.9814453125
3617,16.528564453125
3618,-8.726806640625
3619,27.039794921875
3620,9.656982421875
3621,13.806884765625
3622,19.21923828125
3623,13.32177734375
3624,-7.2236328125
3625,8.3740234375
3626,1.5556640625
3627,9.998291015625002
3628,-15.01220703125
3629,8.515869140625
3630,5.915771484375
3631,6.305419921875
3632,24.094970703125
3633,-4.106201171875
3634,-5.69921875
3635,14.569824218749998
3636,11.94873046875
3637,1.1538085937500002
3638,11.843994140625
3639,-5.41552734375
3640,-12.9228515625
3641,-3.812744140625
3642,16.495849609375
3643,0.8693847656249999
3644,2.9287109375000004
3645,3.865966796875
3646,-6.219970703125
3647,-4.537353515625
3648,25.474609375
3649,2.374267578125
3650,6.431884765624999
3651,-25.4482421875
3652,5.537353515625
3653,9.113525390625
3654,8.8564453125
3655,-8.313232421875
3656,1.59765625
3657,20.5224609375
3658,7.789794921875
3659,45.6396484375
3660,14.640380859375
3661,-12.57275390625
3662,-4.686279296875
3663,27.1357421875
3664,15.211425781250002
3665,45.790771484375
3666,25.24951171875
3667,-0.720703125
3668,13.4091796875
3669,3.75439453125
3670,-1.8393554687500002
3671,10.361083984374998
3672,-1.6303710937500002
3673,14.808837890625
3674,8.085693359375
3675,3.8740234375000004
3676,3.889892578125
3677,22.764648437499996
3678,-10.697021484374998
3679,14.159423828125
3680,7.6923828125
3681,3.169189453125
3682,-3.397216796875
3683,18.664062499999996
3684,66.23095703125
3685,-9.695556640625
3686,-7.223876953125
3687,1.538818359375
3688,0.8020019531250004
3689,15.3525390625
3690,-8.31884765625
3691,36.79345703125
3692,11.164306640625
3693,5.224365234375
3694,11.81787109375
3695,26.192138671875
3696,22.32958984375
3697,-3.75927734375
3698,-12.583740234375
3699,4.953125
3700,12.9423828125
3701,24.053955078125
3702,20.69287109375
3703,-22.96728515625
3704,2.50341796875
3705,2.822021484375
3706,13.598388671875
3707,-41.9541015625
3708,26.47509765625
3709,-27.59326171875
3710,-20.676513671875
3711,33.619873046875
3712,25.1787109375
3713,-39.24853515625
3714,23.455078125
3715,-31.011962890625
3716,7.59326171875
3717,-16.43017578125
3718,-17.60693359375
3719,33.73974609375
3720,7.573486328125
3721,-22.453125
3722,-24.916748046875
3723,0.04931640625
3724,31.95068359375
3725,33.07275390625
3726,9.692138671875
3727,-24.156982421875
3728,-29.67822265625
3729,58.483642578125
3730,33.39404296875
3731,10.086669921875
3732,38.66162109375
3733,39.56201171875
3734,-14.387451171875
3735,-17.353759765625
3736,-6.52392578125
3737,-10.36474609375
3738,31.583251953125
3739,37.647705078125
3740,-16.723388671875
3741,-18.3125
3742,7.39501953125
3743,3.736328125
3744,32.5517578125
3745,53.82861328125
3746,-27.178955078125
3747,78.822265625
3748,-9.081787109375
3749,40.048828125
3750,1.3068847656250007
3751,-6.6884765625
3752,-26.380859375
3753,82.0146484375
3754,-5.94921875
3755,31.618408203124996
3756,92.419921875
3757,59.59619140625
3758,-9.806396484374998
3759,-6.862060546875
3760,28.44921875
3761,14.6181640625
3762,-14.54150390625
3763,-23.5205078125
3764,0.6372070312500002
3765,-8.074462890625
3766,31.865478515625
3767,17.06298828125
3768,-13.270751953125
3769,-13.797119140625
3770,-7.958251953125
3771,51.34912109375
3772,-30.25146484375
3773,14.407958984374998
3774,26.101318359375
3775,-28.565185546875
3776,43.723876953125
3777,43.4951171875
3778,-28.555908203124996
3779,9.23291015625
3780,28.79150390625
3781,22.998291015625
3782,46.153076171875
3783,47.14599609375
3784,35.072021484375
3785,-9.1083984375
3786,-12.955322265625
3787,-7.7763671875
3788,-5.52099609375
3789,-8.641357421875
3790,23.8955078125
3791,-8.19677734375
3792,-10.3515625
3793,-8.263671875
3794,38.05126953125
3795,41.66796875
3796,-1.544189453125
3797,-7.49853515625
3798,2.709716796875
3799,2.81494140625
3800,-3.007080078125
3801,-1.810546875
3802,4.719482421875
3803,-2.38037109375
3804,6.644775390625001
3805,1.0673828125
3806,-2.10791015625
3807,11.767822265625
3808,10.952636718749998
3809,-3.42578125
3810,16.856689453125
3811,2.060302734375
3812,-2.20361328125
3813,4.150390625
3814,17.127197265625
3815,8.048828125
3816,13.868408203125
3817,3.48388671875
3818,2.814453125
3819,-1.5993652343749996
3820,-7.059326171875002
3821,12.31103515625
3822,13.722656249999998
3823,57.51245117187499
3824,-32.402099609375
3825,1.739013671875
3826,-2.638916015625
3827,55.551513671875
3828,67.23486328125
3829,49.090087890625
3830,-27.985595703125
3831,6.62451171875
3832,-4.3544921875
3833,6.365478515625
3834,-14.595947265625
3835,36.992919921875
3836,-4.755126953125
3837,2.777099609375
3838,0.7858886718750001
3839,12.406005859375
3840,-7.557373046875
3841,-2.664794921875
3842,-11.925537109375
3843,3.50341796875
3844,-5.5908203125
3845,14.583740234375
3846,-20.490234375
3847,-9.711425781250002
3848,-11.834228515625002
3849,4.980712890625001
3850,-1.55859375
3851,7.967041015625
3852,-0.9089355468750001
3853,11.73583984375
3854,5.86181640625
3855,3.987060546875
3856,-2.207763671875
3857,1.4038085937500002
3858,-1.4975585937500002
3859,-2.64208984375
3860,8.07470703125
3861,4.544677734375
3862,34.131103515625
3863,-51.871826171875
3864,-16.09814453125
3865,27.96630859375
3866,-57.901611328125
3867,67.083984375
3868,94.93188476562501
3869,-46.25122070312499
3870,-12.309326171875
3871,26.52880859375
3872,13.51416015625
3873,29.755615234375
3874,4.075927734375
3875,6.888427734375
3876,-43.05029296875
3877,-60.673583984375
3878,-65.35009765625
3879,-52.826171875
3880,82.513916015625
3881,10.36083984375
3882,-42.34570312500001
3883,-61.63500976562501
3884,-65.346923828125
3885,25.91943359375
3886,-15.35791015625
3887,5.55419921875
3888,13.886718750000002
3889,-4.253662109375
3890,-5.72802734375
3891,-18.0205078125
3892,3.263671875
3893,15.65283203125
3894,-5.024658203125
3895,-3.25732421875
3896,-5.56396484375
3897,-14.640625
3898,-7.598876953125
3899,10.223876953125
3900,0.50732421875
3901,-6.091552734375
3902,0.0380859375
3903,12.391113281250002
3904,-10.197509765625
3905,-7.167236328125
3906,6.57958984375
3907,-2.012939453125
3908,0.9753417968750001
3909,21.3505859375
3910,-8.107421875
3911,5.06982421875
3912,-2.904052734375
3913,6.315673828125
3914,21.63916015625
3915,5.845458984375
3916,-15.451171875
3917,0.9140624999999991
3918,122.32128906250001
3919,120.857666015625
3920,30.943115234375
3921,-3.994140625
3922,-23.186523437499996
3923,-1.3254394531249998
3924,-1.803466796875
3925,2.5302734375000004
3926,3.50048828125
3927,-19.440673828125
3928,17.3974609375
3929,28.910888671875
3930,24.895263671875
3931,-2.869873046875
3932,-21.39111328125
3933,-16.8447265625
3934,19.9345703125
3935,26.589111328125
3936,31.97607421875
3937,-45.2333984375
3938,-8.580810546875
3939,-20.38232421875
3940,-0.8232421875
3941,11.045654296875
3942,-15.128906249999998
3943,47.737060546875
3944,-21.796142578125
3945,-14.8310546875
3946,-22.414794921875
3947,5.04052734375
3948,-17.279052734375
3949,52.076904296875
3950,-10.999755859375
3951,-7.358154296875
3952,-13.09130859375
3953,-2.014404296875
3954,11.080810546875
3955,-2.91845703125
3956,-7.58837890625
3957,20.276123046875
3958,11.77099609375
3959,-4.320556640625
3960,11.02978515625
3961,-2.66015625
3962,-6.385009765625
3963,9.4736328125
3964,3.25341796875
3965,0.291015625
3966,32.376220703125
3967,19.393310546875
3968,23.268310546875
3969,35.3955078125
3970,-41.2353515625
3971,-40.249267578125
3972,-10.498046875
3973,14.4169921875
3974,18.795898437499996
3975,33.7822265625
3976,-2.5693359375000004
3977,-0.047607421875
3978,-4.23095703125
3979,-2.76611328125
3980,7.8779296875
3981,7.236328124999999
3982,-4.533203125
3983,1.9565429687500002
3984,-3.34814453125
3985,1.1503906250000004
3986,9.9912109375
3987,13.58935546875
3988,-4.20849609375
3989,16.85546875
3990,-3.96728515625
3991,15.190185546875
3992,10.125244140625
3993,14.095458984374998
3994,-18.807373046875
3995,3.159912109375
3996,-24.39990234375
3997,37.0478515625
3998,4.907470703125
3999,15.096435546875
4000,-20.460693359375
4001,3.189453125
4002,19.802001953125
4003,-7.582275390625001
4004,0.8312988281249999
4005,18.292236328125
4006,14.4365234375
4007,55.5400390625
4008,20.119384765625
4009,2.75341796875
4010,-5.901123046875
4011,1.116943359375
4012,14.974853515625002
4013,57.681640625
4014,34.174560546875
4015,1.653076171875
4016,8.2158203125
4017,1.461181640625
4018,28.253173828125
4019,36.766357421875
4020,35.027099609375
4021,22.166015625
4022,2.400634765624999
4023,47.234619140625
4024,25.929443359375
4025,40.381591796875
4026,36.779541015625
4027,21.867919921875
4028,75.35400390625
4029,-38.86254882812501
4030,-23.37451171875
4031,5.721923828125
4032,0.25390625
4033,-7.64111328125
4034,5.6962890625
4035,30.09619140625
4036,7.296875
4037,3.9189453124999996
4038,-1.900146484375
4039,-7.5205078125
4040,6.23486328125
4041,15.39404296875
4042,22.891601562500004
4043,35.6162109375
4044,-23.780517578125
4045,-4.79296875
4046,21.42138671875
4047,22.357421875
4048,-4.5888671875
4049,-4.802734375000001
4050,-21.29833984375
4051,-7.661376953125
4052,15.9677734375
4053,21.46875
4054,0.1044921875
4055,2.853759765625
4056,-20.787841796875004
4057,58.66455078125
4058,52.662109375
4059,-3.12744140625
4060,-1.6044921875000013
4061,-4.41552734375
4062,-0.9216308593750002
4063,40.444580078125
4064,49.508056640625
4065,-1.8156738281249998
4066,-7.892333984375
4067,26.875732421875
4068,12.753906249999998
4069,64.2998046875
4070,-4.22265625
4071,-25.482666015625
4072,44.01000976562501
4073,-4.03076171875
4074,9.046142578125
4075,-16.224609375
4076,5.88916015625
4077,-25.6123046875
4078,42.294677734375
4079,2.6875
4080,-35.78662109375
4081,23.603515625
4082,-4.057373046875
4083,10.342041015625002
4084,-0.33203124999999983
4085,12.069824218749998
4086,1.273193359375
4087,-5.896484375000001
4088,-6.1982421875
4089,-14.155761718749998
4090,0.6279296874999998
4091,13.85791015625
4092,8.0947265625
4093,-6.20703125
4094,-1.5419921875000004
4095,80.32128906250001
4096,11.914550781250002
4097,30.098876953125
4098,21.279541015625
4099,2.1669921875
4100,9.076904296875
4101,-13.660888671875
4102,6.410400390625001
4103,30.3681640625
4104,24.209716796875004
4105,-1.093017578125
4106,-3.669189453125
4107,4.572998046875
4108,9.913818359375
4109,96.77685546875
4110,-15.633300781250002
4111,-14.7529296875
4112,-7.51416015625
4113,17.3701171875
4114,86.36328125
4115,82.399169921875
4116,-10.170654296875
4117,-15.552978515625002
4118,-9.864990234375
4119,29.665771484375
4120,86.820068359375
4121,79.9208984375
4122,11.4814453125
4123,-5.291748046875
4124,9.198974609375
4125,11.1962890625
4126,-1.914794921875
4127,2.8447265624999996
4128,-3.44384765625
4129,-9.040283203125
4130,9.1005859375
4131,7.533203124999999
4132,-5.10302734375
4133,-17.96875
4134,-18.255126953125
4135,84.838623046875
4136,12.769775390624998
4137,-12.7705078125
4138,0.6838378906250007
4139,90.211181640625
4140,-17.5234375
4141,-17.406494140625
4142,-0.08959960937500111
4143,-21.29443359375
4144,2.167724609375
4145,-19.337890625
4146,20.14599609375
4147,22.410888671875
4148,18.56787109375
4149,50.691650390625
4150,-24.302490234375
4151,-7.063232421875
4152,29.358642578125
4153,14.412353515625002
4154,18.29638671875
4155,47.82812499999999
4156,-20.06982421875
4157,-2.408691406250001
4158,118.01049804687499
4159,130.843994140625
4160,156.996826171875
4161,-14.948486328125
4162,33.089599609375
4163,49.248291015625
4164,39.723388671875
4165,-14.1435546875
4166,-25.648681640625
4167,-10.35791015625
4168,26.43310546875
4169,44.94384765625
4170,37.848876953125
4171,7.7509765625
4172,-13.26123046875
4173,10.105468750000002
4174,-3.039306640625
4175,7.409912109374999
4176,36.341064453125
4177,9.885009765625
4178,-11.100830078125
4179,14.207763671875
4180,7.646728515625
4181,1.01904296875
4182,41.53662109375
4183,16.59912109375
4184,-7.419677734375
4185,0.118896484375
4186,0.9558105468750001
4187,-6.416259765625
4188,-25.741943359375
4189,36.583984375
4190,43.35498046875
4191,15.332031249999998
4192,7.608642578125
4193,-2.82861328125
4194,-24.699707031250004
4195,30.2294921875
4196,41.73095703125
4197,-14.34619140625
4198,-2.1611328125
4199,-1.12255859375
4200,12.90087890625
4201,63.4873046875
4202,53.25195312500001
4203,52.31396484375
4204,82.2490234375
4205,27.04833984375
4206,-10.112060546875
4207,63.70263671875
4208,58.9970703125
4209,54.26171875
4210,-32.120361328125
4211,-31.7216796875
4212,4.06005859375
4213,18.13720703125
4214,5.394775390625001
4215,0.065185546875
4216,15.0400390625
4217,-15.524169921875
4218,-6.435302734375
4219,-4.29443359375
4220,0.030273437499999774
4221,6.039794921875
4222,20.285888671875
4223,1.20703125
4224,-1.8525390625
4225,1.975830078125
4226,2.905029296875
4227,2.3955078124999996
4228,3.176025390625
4229,-12.113281249999998
4230,-4.564697265625
4231,8.997802734375
4232,4.661865234375
4233,-1.9077148437500002
4234,9.127685546875
4235,-11.534912109375
4236,-24.583984375
4237,-9.86474609375
4238,-9.898681640625
4239,-5.81201171875
4240,7.375
4241,13.165771484374998
4242,-0.352783203125
4243,-9.280029296875
4244,0.17431640625
4245,-0.77685546875
4246,5.870361328125
4247,18.105712890625
4248,-2.337890625
4249,9.861328125
4250,6.82080078125
4251,-3.4208984375000004
4252,60.09179687499999
4253,-13.658935546875
4254,4.74560546875
4255,4.005126953125
4256,-52.69140625
4257,138.392822265625
4258,53.0498046875
4259,-10.028564453125
4260,7.044677734375
4261,0.43994140624999956
4262,49.79833984375
4263,17.14501953125
4264,60.40380859375
4265,1.6557617187500002
4266,7.259521484375
4267,11.697509765625
4268,14.52197265625
4269,32.19287109375
4270,0.2819824218750002
4271,-6.96826171875
4272,3.0078125
4273,4.566650390625
4274,2.937255859375
4275,11.952636718749998
4276,12.766357421875
4277,-10.2216796875
4278,-1.4760742187500002
4279,0.464111328125
4280,10.472656249999998
4281,2.552001953125
4282,66.310791015625
4283,-9.9765625
4284,-10.045654296875
4285,4.076904296875
4286,2.40234375
4287,5.377197265625
4288,11.114013671875002
4289,-4.62158203125
4290,-5.145263671875
4291,-5.31103515625
4292,1.723388671875
4293,-3.4326171875000004
4294,-9.228759765625
4295,18.855712890625
4296,-18.224853515625
4297,-9.3916015625
4298,-0.88037109375
4299,-1.1474609375
4300,0.128173828125
4301,-4.654052734375
4302,4.114501953125
4303,-6.093994140625001
4304,9.183349609375
4305,-35.336669921875
4306,-30.2451171875
4307,-37.925537109375
4308,18.728515625
4309,16.06640625
4310,15.656738281250002
4311,-34.563232421875
4312,-36.673828125
4313,-33.70166015625
4314,43.5712890625
4315,-9.7548828125
4316,0.8142089843750001
4317,32.607421875
4318,4.38330078125
4319,19.27685546875
4320,4.506591796875
4321,4.867919921875
4322,-5.545654296875
4323,24.7548828125
4324,3.61474609375
4325,22.435546875
4326,3.342041015625
4327,22.358642578125
4328,3.384521484375
4329,9.949218750000002
4330,-5.447998046875
4331,-5.45361328125
4332,18.101806640625
4333,21.185546875
4334,12.328857421875
4335,-10.8251953125
4336,-14.00244140625
4337,-2.503662109375
4338,18.66015625
4339,18.4580078125
4340,6.297119140625001
4341,2.36865234375
4342,-9.613525390625
4343,-3.81298828125
4344,6.192138671875
4345,4.450927734375
4346,0.299072265625
4347,6.12548828125
4348,4.2939453125
4349,6.3349609375
4350,4.75634765625
4351,-0.075439453125
4352,1.146240234375
4353,-0.0859375
4354,0.32373046875
4355,2.850830078125
4356,20.648437500000004
4357,-21.084716796875004
4358,-0.9992675781249999
4359,5.785888671875
4360,-3.52587890625
4361,86.09765625
4362,-3.34912109375
4363,-22.092041015625
4364,-4.450439453125
4365,3.439453125
4366,9.302978515625002
4367,12.57666015625
4368,31.513671875
4369,-4.06982421875
4370,-1.510498046875
4371,-3.62451171875
4372,-10.685302734375
4373,1.943115234375
4374,30.91259765625
4375,-5.490966796875
4376,-7.395751953125
4377,-5.17138671875
4378,-5.685791015625
4379,9.207763671875
4380,-9.599853515625002
4381,-5.486083984375
4382,80.083984375
4383,-3.7939453125000044
4384,-5.890380859374999
4385,21.2080078125
4386,-22.75
4387,74.328125
4388,78.26220703125
4389,-4.145751953125001
4390,-2.42822265625
4391,19.967041015625
4392,33.042724609375
4393,48.363037109375
4394,83.263427734375
4395,-15.656982421875
4396,55.781982421875
4397,59.46728515625
4398,47.020751953125
4399,-0.91650390625
4400,-1.345703125
4401,-13.618408203125
4402,48.60131835937501
4403,57.34814453125001
4404,53.25195312500001
4405,-77.437744140625
4406,-23.091064453125
4407,-5.749755859374999
4408,8.079833984375
4409,9.65966796875
4410,11.47119140625
4411,11.059814453125
4412,-6.421142578125
4413,-5.9755859375
4414,13.714111328125
4415,15.818359375
4416,5.947998046875
4417,11.333740234375
4418,6.905029296875
4419,-6.673828124999999
4420,4.22802734375
4421,5.36572265625
4422,-16.90380859375
4423,-12.953613281250002
4424,-28.952392578125
4425,18.489013671875
4426,12.135498046875
4427,14.343505859375
4428,-15.16650390625
4429,-13.84716796875
4430,-26.907226562500004
4431,4.199462890625
4432,1.2587890625
4433,-0.6081542968750001
4434,-35.133544921875
4435,18.545898437499996
4436,75.792236328125
4437,29.853759765625
4438,-10.854248046875
4439,9.621337890625
4440,-37.891845703125
4441,22.613037109375
4442,75.101318359375
4443,26.868408203124996
4444,-3.0688476562500004
4445,-4.1982421875
4446,-26.219726562500004
4447,2.368896484375
4448,83.780029296875
4449,-18.285400390625
4450,19.8193359375
4451,-15.344482421875
4452,-7.89306640625
4453,-42.822021484375
4454,82.524658203125
4455,-21.96923828125
4456,19.0966796875
4457,16.80224609375
4458,19.759521484375
4459,-13.280517578125
4460,12.150390625
4461,18.03369140625
4462,-8.75244140625
4463,-0.9658203125
4464,-5.058349609374999
4465,-5.95703125
4466,-2.822998046875
4467,10.967529296875
4468,-8.07958984375
4469,-1.845703125
4470,-0.2880859375
4471,-2.365234375
4472,-6.8916015625
4473,61.18554687499999
4474,-7.4501953125
4475,6.4169921875
4476,-5.249755859374999
4477,-2.302001953125
4478,17.91748046875
4479,27.19873046875
4480,-1.4399414062499998
4481,2.449462890625
4482,-1.3303222656250002
4483,104.320556640625
4484,31.67822265625
4485,41.0546875
4486,-4.030517578125
4487,-11.801513671875
4488,-7.3193359375
4489,-4.593505859375
4490,23.8095703125
4491,0.345458984375
4492,-5.447021484375
4493,-11.9208984375
4494,-2.65869140625
4495,-9.4599609375
4496,-13.055908203125
4497,-4.0009765625
4498,-1.8686523437500002
4499,-28.00390625
4500,80.61376953125
4501,77.0908203125
4502,75.085205078125
4503,-4.649169921875
4504,-24.405273437499996
4505,-27.044189453125
4506,85.67138671875
4507,74.7939453125
4508,69.076416015625
4509,-9.585693359375
4510,-30.35205078125
4511,-25.039306640625
4512,-1.945068359375
4513,1.311767578125
4514,8.18310546875
4515,4.87060546875
4516,-9.11474609375
4517,-2.35693359375
4518,-1.4624023437500002
4519,1.79296875
4520,11.33251953125
4521,12.922607421875
4522,14.47216796875
4523,5.750732421875
4524,-2.754638671875
4525,36.919677734375
4526,-26.544677734374996
4527,-28.902832031250004
4528,-38.12622070312499
4529,9.477050781250002
4530,24.385986328125
4531,26.559326171875
4532,-35.686279296875
4533,-27.400634765625
4534,-36.68359375
4535,15.02880859375
4536,24.64599609375
4537,40.212158203125
4538,49.767333984375
4539,6.780517578125
4540,24.14892578125
4541,-32.1005859375
4542,34.8828125
4543,22.316650390625
4544,45.274169921875
4545,6.88232421875
4546,19.8466796875
4547,-33.451416015625
4548,78.148681640625
4549,93.634765625
4550,83.477294921875
4551,0.64990234375
4552,10.411376953125
4553,11.485595703125
4554,4.10400390625
4555,6.571533203125
4556,20.791015625
4557,16.081787109375
4558,7.65234375
4559,11.532470703125
4560,0.5983886718750001
4561,34.6904296875
4562,-2.035400390625
4563,-3.904052734375
4564,8.085693359375
4565,75.399658203125
4566,-47.10009765625
4567,-38.40234375
4568,-35.541015625
4569,-42.310302734375
4570,-55.2373046875
4571,76.7333984375
4572,-46.734619140625
4573,-40.19384765625
4574,44.8115234375
4575,31.281005859375
4576,100.19946289062501
4577,-0.2746582031249994
4578,-6.325439453125
4579,90.80078125
4580,85.67919921875
4581,20.646728515625
4582,18.5361328125
4583,-2.2407226562500018
4584,-5.58056640625
4585,89.437255859375
4586,84.7529296875
4587,-5.708251953125
4588,-5.476318359374999
4589,-4.93896484375
4590,-16.677978515625
4591,31.188476562500004
4592,34.19091796875
4593,11.587158203125
4594,3.605712890625
4595,-4.015380859375
4596,-32.118896484375
4597,37.03515625
4598,30.279296875
4599,6.321533203125
4600,-20.611083984375
4601,-22.8486328125
4602,-9.9541015625
4603,-9.72314453125
4604,-5.08203125
4605,35.59033203125
4606,-4.425537109375
4607,13.169189453125
4608,-10.0908203125
4609,-20.022705078125
4610,-0.8552246093750001
4611,30.957763671875
4612,-5.971923828125
4613,1.390869140625
4614,6.013671875000001
4615,1.5209960937500002
4616,16.202392578125
4617,13.27490234375
4618,4.570068359375
4619,9.636474609375
4620,-9.101318359375
4621,-15.1611328125
4622,-5.601806640625001
4623,11.578369140625
4624,3.535888671875
4625,-0.75341796875
4626,-19.506591796875004
4627,-9.397216796875
4628,-20.47802734375
4629,5.451904296875
4630,-48.7314453125
4631,4.251953124999998
4632,-10.085205078125
4633,154.986572265625
4634,-49.359619140625
4635,1.6096191406250004
4636,-48.8779296875
4637,-0.498535156250001
4638,-8.08642578125
4639,5.870117187499999
4640,57.054443359375
4641,-0.9763183593749996
4642,-5.326171875000001
4643,13.5068359375
4644,7.654052734375
4645,10.622802734375
4646,11.391357421875
4647,-10.3232421875
4648,0.80126953125
4649,18.611572265625004
4650,6.908447265625
4651,3.478759765625
4652,12.78564453125
4653,7.727783203125
4654,-11.571044921875
4655,3.61376953125
4656,-26.1767578125
4657,76.5576171875
4658,69.13818359375
4659,-3.810302734375
4660,8.439697265625
4661,6.305419921875
4662,-31.360107421875
4663,76.0380859375
4664,78.68676757812499
4665,-12.575439453125
4666,4.535888671875
4667,-0.56494140625
4668,-15.858886718749998
4669,40.71875
4670,30.900146484375
4671,28.90673828125
4672,17.12744140625
4673,17.889404296875
4674,-25.41943359375
4675,36.178955078125
4676,31.459716796875004
4677,27.920654296875
4678,11.534423828124998
4679,10.933593750000002
4680,-20.23291015625
4681,-3.8271484375000004
4682,-7.64111328125
4683,-0.8867187499999998
4684,-3.314697265625
4685,10.963134765625
4686,18.194580078125
4687,-0.6164550781249999
4688,-5.362060546875
4689,-3.7900390624999996
4690,-3.6171875
4691,15.039794921875
4692,14.8232421875
4693,-1.546630859375
4694,-0.032958984375
4695,-3.32421875
4696,-7.37255859375
4697,-9.844238281250002
4698,17.255615234375
4699,20.802734375
4700,2.849853515625
4701,-2.97509765625
4702,-8.782958984375
4703,-13.11376953125
4704,12.39990234375
4705,6.86474609375
4706,9.0498046875
4707,1.3393554687500002
4708,8.97412109375
4709,12.131591796875
4710,27.85400390625
4711,-44.56640625
4712,-25.14990234375
4713,-1.06201171875
4714,13.031982421875
4715,6.88671875
4716,28.046875
4717,-1.874755859375
4718,-6.5576171875
4719,0.6804199218750001
4720,18.803955078125
4721,8.957763671875
4722,17.854248046875
4723,6.94189453125
4724,-10.539306640625
4725,10.905029296875
4726,11.147216796875
4727,12.284423828125
4728,12.56884765625
4729,8.51708984375
4730,11.526611328125
4731,11.65380859375
4732,9.06494140625
4733,9.58740234375
4734,8.502197265625
4735,5.68017578125
4736,3.427978515625
4737,12.58349609375
4738,12.786376953125
4739,14.300537109375
4740,19.1611328125
4741,6.055419921875
4742,2.7548828124999996
4743,3.079345703124999
4744,10.474609375
4745,2.2626953125
4746,2.486572265625
4747,1.615966796875
4748,1.396484375
4749,25.616455078125
4750,-12.18212890625
4751,-4.833251953125
4752,-4.44873046875
4753,4.592041015625
4754,-0.2668457031250002
4755,30.222167968749996
4756,9.73779296875
4757,41.553466796875
4758,36.724365234375
4759,-3.84033203125
4760,4.2861328125
4761,-2.275146484375
4762,-0.68359375
4763,6.8056640625
4764,13.114501953125
4765,2.441650390625
4766,9.517822265625
4767,-2.832275390625
4768,2.513427734375
4769,2.1474609375
4770,-15.645751953125
4771,34.462646484375
4772,14.245361328125
4773,18.789306640625
4774,-12.469970703125
4775,-22.69775390625
4776,-21.401611328125
4777,-15.784912109375
4778,-0.277587890625
4779,24.242431640625
4780,-9.838134765625
4781,-23.339111328125
4782,8.603759765625
4783,19.935791015625
4784,43.943603515625
4785,8.438232421875
4786,12.343261718749998
4787,-6.31494140625
4788,-1.7744140625
4789,-5.421142578125
4790,25.639648437499996
4791,15.734619140625
4792,13.688232421875
4793,-9.885009765625
4794,-0.9365234375
4795,2.5351562499999996
4796,12.340087890625
4797,11.461669921875
4798,41.75244140625
4799,-21.537841796875004
4800,-0.6892089843750001
4801,16.199462890625
4802,-4.50244140625
4803,43.580810546875
4804,20.293701171875
4805,-19.515380859375
4806,-0.65380859375
4807,20.704833984375
4808,3.81689453125
4809,38.33374023437499
4810,5.121826171875
4811,25.17578125
4812,-29.273193359375
4813,-20.960205078125
4814,-22.49609375
4815,26.157226562500004
4816,20.092529296875
4817,23.400146484375
4818,-29.3212890625
4819,-20.004150390625
4820,-26.662109375
4821,9.14892578125
4822,24.292236328125
4823,16.542724609375
4824,-0.7714843750000003
4825,18.78759765625
4826,14.722900390625
4827,3.13232421875
4828,-32.454833984375
4829,6.01171875
4830,3.77783203125
4831,13.111083984374998
4832,12.27685546875
4833,6.232666015625
4834,3.161376953125
4835,8.91943359375
4836,-2.00390625
4837,6.43212890625
4838,-6.00634765625
4839,-16.51416015625
4840,-12.644775390625
4841,7.85888671875
4842,11.170166015625002
4843,15.197265625
4844,-4.94580078125
4845,-9.824951171875
4846,-16.875732421875
4847,18.419189453125
4848,16.4697265625
4849,-0.247314453125
4850,-20.52392578125
4851,21.884765625
4852,1.6650390625
4853,19.718017578125
4854,-45.515380859375
4855,-48.8388671875
4856,-14.046386718749998
4857,23.221923828125
4858,9.471435546875
4859,18.039794921875
4860,-6.33935546875
4861,-4.56494140625
4862,-12.072265625
4863,1.684326171875
4864,-7.774169921875
4865,-5.163818359374999
4866,-5.202880859374999
4867,5.937255859374999
4868,8.65576171875
4869,-2.484130859375
4870,-10.03759765625
4871,-4.739013671875
4872,-6.74462890625
4873,10.696044921875
4874,9.2109375
4875,-5.996337890625001
4876,43.010498046875
4877,7.4599609375
4878,26.445556640625
4879,-3.586669921875
4880,14.01806640625
4881,14.312255859375
4882,18.3203125
4883,11.432373046875
4884,27.872314453125
4885,-6.377197265625
4886,65.432373046875
4887,63.19433593749999
4888,39.431640625
4889,26.1875
4890,8.001708984375
4891,-0.74609375
4892,-0.353759765625
4893,4.0751953125
4894,0.507080078125
4895,21.35009765625
4896,5.11328125
4897,-4.429443359375
4898,-3.999267578125
4899,4.62548828125
4900,2.8505859375000004
4901,18.661376953125
4902,104.811279296875
4903,-22.96337890625
4904,18.32861328125
4905,-9.471923828125
4906,42.31201171875
4907,-14.080322265625
4908,121.36865234375
4909,-23.67138671875
4910,19.755126953125
4911,-10.92822265625
4912,25.3232421875
4913,51.213134765625
4914,160.251953125
4915,4.35498046875
4916,-8.83447265625
4917,-13.593261718749998
4918,-33.160400390625
4919,15.510498046875
4920,27.960205078125
4921,49.65747070312499
4922,-1.304931640625
4923,-10.0419921875
4924,-35.538330078125
4925,-24.20947265625
4926,-16.912841796875
4927,10.14208984375
4928,24.5908203125
4929,13.52099609375
4930,6.8134765625
4931,15.324462890625
4932,-28.064208984375
4933,22.718505859375
4934,-2.730224609375
4935,13.860595703125
4936,4.98193359375
4937,16.444580078125
4938,-8.78515625
4939,26.051513671875
4940,21.630126953125
4941,3.897705078125
4942,-3.425537109375
4943,4.864990234375
4944,22.9716796875
4945,32.68310546875
4946,21.4931640625
4947,6.589111328125
4948,-6.274169921875
4949,9.064208984375
4950,16.774169921875
4951,-13.196533203125
4952,-8.436279296875
4953,3.295166015625
4954,12.996337890625
4955,16.16796875
4956,9.02197265625
4957,6.557861328125
4958,-15.080810546875
4959,19.46875
4960,17.755859375
4961,9.037353515625
4962,4.1875
4963,5.376953124999999
4964,4.7294921875
4965,-0.7851562499999998
4966,6.063720703125
4967,-9.930908203125
4968,-5.525146484375
4969,2.791748046875
4970,-0.068603515625
4971,-10.15380859375
4972,-2.393798828125
4973,3.192138671875
4974,-1.448486328125
4975,5.12255859375
4976,-0.47412109375
4977,-6.488037109374999
4978,-9.90966796875
4979,3.596435546875
4980,23.12939453125
4981,-15.242675781250002
4982,-15.5546875
4983,-4.117431640625
4984,53.666015625
4985,44.4091796875
4986,51.05224609375
4987,-11.929931640625
4988,-12.968261718749998
4989,-5.33740234375
4990,2.90185546875
4991,14.091064453125
4992,7.79296875
4993,34.2421875
4994,21.941650390625
4995,-6.4482421875
4996,-7.8994140625
4997,50.0517578125
4998,26.597167968749996
4999,45.85302734375
5000,21.774658203124996
5001,-5.56884765625
5002,-3.37939453125
5003,11.927978515625002
5004,14.074951171875
5005,44.816162109375
5006,-0.5986328125
5007,31.455322265625004
5008,31.69140625
5009,24.4169921875
5010,-47.352783203125
5011,-4.65869140625
5012,-6.872802734375
5013,32.697021484375
5014,31.05419921875
5015,21.605712890625
5016,1.8095703125
5017,6.966064453125
5018,-3.266845703125
5019,8.1708984375
5020,9.58447265625
5021,5.91845703125
5022,-8.68017578125
5023,-1.580810546875
5024,4.72119140625
5025,1.600830078125
5026,8.248046875
5027,1.3227539062499998
5028,-7.904052734375
5029,2.919189453125
5030,17.7861328125
5031,-9.239990234375
5032,1.0
5033,16.0947265625
5034,27.034912109375
5035,11.289306640625
5036,-1.70703125
5037,2.818359375
5038,0.552490234375
5039,21.437744140625
5040,25.07373046875
5041,13.807373046875
5042,-9.025390625
5043,-4.4892578125
5044,-5.2216796875
5045,-7.505859375000001
5046,6.52490234375
5047,10.055419921875
5048,11.626708984374998
5049,18.3583984375
5050,8.62744140625
5051,3.4782714843750004
5052,2.722900390625
5053,9.861083984374998
5054,8.46826171875
5055,-14.700439453125
5056,7.22119140625
5057,0.0380859375
5058,18.369140625
5059,85.282958984375
5060,63.99877929687501
5061,17.746826171875
5062,4.688720703124999
5063,-6.853027343750002
5064,107.607177734375
5065,89.14453125
5066,63.55224609375
5067,17.34814453125
5068,37.559814453125
5069,39.30322265625
5070,-4.841796875000001
5071,-6.771240234375
5072,-7.589111328125
5073,-12.905517578125
5074,-10.57568359375
5075,-4.47509765625
5076,-21.670654296875
5077,14.885986328125
5078,-13.326171875
5079,-15.587646484374998
5080,-5.83056640625
5081,-22.295166015625
5082,19.337646484375
5083,-1.215576171875
5084,-2.82421875
5085,13.193115234375
5086,14.993408203125
5087,23.254150390625
5088,-5.362060546875
5089,-11.975830078125
5090,-5.644775390625001
5091,10.6904296875
5092,8.827392578125
5093,25.444091796875004
5094,15.131591796875
5095,-1.4448242187500002
5096,-2.64697265625
5097,-13.699951171875
5098,-7.3212890625
5099,-4.742431640625001
5100,-0.09765625
5101,20.32568359375
5102,13.007080078125
5103,-7.775146484375
5104,-9.3603515625
5105,2.13525390625
5106,-2.381591796875
5107,16.3017578125
5108,-0.1240234375
5109,0.009033203125
5110,41.74609375
5111,-17.908935546875
5112,-54.0107421875
5113,-45.2607421875
5114,34.060546875
5115,35.03564453125
5116,44.985595703125
5117,-18.753173828125
5118,-52.600830078125
5119,-43.974609375
5120,-19.934082031250004
5121,-27.4169921875
5122,50.927734375
5123,20.69677734375
5124,-24.956542968749996
5125,-23.17431640625
5126,-18.862792968749996
5127,22.33203125
5128,23.587158203124996
5129,18.9462890625
5130,-17.14111328125
5131,-20.764892578125
5132,-21.1630859375
5133,22.884521484375
5134,21.964599609375
5135,18.32177734375
5136,8.67041015625
5137,7.108154296875
5138,-2.27001953125
5139,4.119140625
5140,-3.036376953125
5141,1.427490234375
5142,1.751220703125
5143,7.88720703125
5144,-1.619140625
5145,-0.350830078125
5146,-8.469482421875
5147,3.666748046875
5148,8.779052734375
5149,9.587890625
5150,4.944091796875
5151,11.390380859375
5152,38.90966796875
5153,5.700927734375
5154,6.639404296875
5155,-26.743408203124996
5156,5.46044921875
5157,10.621093750000002
5158,38.85595703125
5159,-14.910888671875
5160,-12.786865234375
5161,-6.687255859374999
5162,0.529296875
5163,33.604736328125
5164,27.019287109375
5165,30.30859375
5166,22.9013671875
5167,-20.071044921875
5168,8.763671875
5169,32.8466796875
5170,26.077880859375
5171,30.3955078125
5172,-12.93310546875
5173,8.10009765625
5174,-2.15576171875
5175,127.98876953125
5176,20.15869140625
5177,16.123779296875
5178,23.99951171875
5179,37.289794921875
5180,120.79296875
5181,117.39453125
5182,21.179443359375
5183,15.97021484375
5184,19.250976562500004
5185,-40.284912109375
5186,128.16064453125
5187,126.69311523437499
5188,-8.333740234375
5189,-15.348388671875
5190,-8.1630859375
5191,-8.937255859375
5192,3.212890625
5193,5.7041015625
5194,10.489501953125
5195,-18.333251953125
5196,-9.716796875
5197,-11.979248046875
5198,-8.509033203125
5199,6.396240234375
5200,-0.317626953125
5201,-8.455810546875
5202,56.171630859375
5203,65.113525390625
5204,59.677001953125
5205,0.023437499999999556
5206,3.5400390624999996
5207,0.60693359375
5208,53.4248046875
5209,67.324462890625
5210,67.58837890625
5211,-8.900390625
5212,-7.972900390625001
5213,-7.743896484375
5214,84.222412109375
5215,63.712646484375
5216,140.35302734375
5217,14.371337890625
5218,11.381591796875
5219,5.563720703125
5220,30.265625
5221,64.44091796875
5222,133.656005859375
5223,12.984619140625
5224,-49.7548828125
5225,70.82470703125
5226,-49.491943359375
5227,-2.11865234375
5228,6.69091796875
5229,-1.620849609375
5230,-1.04736328125
5231,0.18798828125
5232,-3.078857421875
5233,-4.00341796875
5234,7.17236328125
5235,-1.303466796875
5236,-3.53173828125
5237,22.423583984375
5238,6.0576171875
5239,4.861572265625
5240,74.50073242187501
5241,12.617431640625
5242,29.13916015625
5243,21.993408203124996
5244,38.84619140625
5245,17.11376953125
5246,66.53369140625
5247,-0.38378906250000044
5248,32.2861328125
5249,26.736572265625004
5250,-40.460205078125
5251,41.68798828125
5252,76.20117187499999
5253,-13.65966796875
5254,8.107666015625
5255,25.12451171875
5256,27.656494140625
5257,-7.8544921875
5258,0.05615234375
5259,-13.965087890625
5260,9.955078125
5261,23.01171875
5262,25.204101562500004
5263,9.338623046875
5264,3.416015625
5265,-10.22314453125
5266,3.8544921875000004
5267,30.300292968749996
5268,-2.926025390625
5269,6.76171875
5270,-15.997802734375
5271,1.099853515625
5272,-22.56982421875
5273,33.6083984375
5274,-9.11767578125
5275,7.741943359374999
5276,63.111572265625
5277,51.323974609375
5278,8.231689453125
5279,25.740966796875004
5280,28.191162109375
5281,25.29931640625
5282,45.315185546875
5283,-6.87744140625
5284,28.647216796875004
5285,14.0849609375
5286,25.21630859375
5287,26.140625
5288,43.515380859375
5289,36.927978515625
5290,19.517578125
5291,36.314453125
5292,23.286865234375
5293,-12.33154296875
5294,0.7775878906249999
5295,-6.55712890625
5296,69.210693359375
5297,96.131591796875
5298,18.442626953125
5299,-5.2490234375
5300,1.3906249999999996
5301,-3.24951171875
5302,9.987548828125
5303,3.408447265625
5304,6.096923828125
5305,-1.13330078125
5306,35.02783203125
5307,29.25927734375
5308,28.025146484375
5309,-5.172119140625003
5310,-3.0068359375000004
5311,-3.5085449218750004
5312,28.47412109375
5313,24.444580078125
5314,22.258056640625
5315,16.68017578125
5316,-7.59619140625
5317,-5.60595703125
5318,7.48486328125
5319,32.537353515625
5320,33.982421875
5321,20.805419921875
5322,-10.47509765625
5323,-6.594482421875
5324,12.903076171875
5325,31.31689453125
5326,34.593017578125
5327,18.9755859375
5328,22.648193359375
5329,-0.7399902343749998
5330,16.630859375
5331,11.410888671875
5332,145.7392578125
5333,55.294677734375
5334,-1.4047851562499998
5335,-15.25244140625
5336,-11.15625
5337,-14.4404296875
5338,138.87255859375
5339,58.8388671875
5340,0.18920898437500008
5341,51.120361328125
5342,14.0830078125
5343,6.915771484375
5344,22.41259765625
5345,2.863037109375
5346,8.286865234375
5347,-9.15234375
5348,15.144531249999998
5349,21.8974609375
5350,-4.462646484375
5351,5.94677734375
5352,4.466064453125
5353,-9.829345703125
5354,7.623046875000001
5355,18.031005859375
5356,2.869384765625
5357,-3.2861328124999996
5358,2.517333984375
5359,14.123779296875
5360,7.525634765625
5361,12.26220703125
5362,-0.182861328125
5363,11.97802734375
5364,1.087158203125
5365,7.148193359374999
5366,3.27734375
5367,-11.573486328125
5368,2.23095703125
5369,15.519287109375
5370,4.796630859374999
5371,-13.462890625
5372,-17.55517578125
5373,-17.147216796875
5374,8.521728515625
5375,11.288818359375
5376,9.311767578125
5377,-13.524658203125
5378,-18.770263671875
5379,-21.36474609375
5380,-0.75732421875
5381,1.498291015625
5382,22.82666015625
5383,-0.7229003906249999
5384,-6.304931640625001
5385,-3.35400390625
5386,-11.41845703125
5387,1.929443359375
5388,3.4189453124999996
5389,4.68115234375
5390,-7.245849609374999
5391,-5.32275390625
5392,-10.981689453125
5393,25.911865234375
5394,-1.270263671875
5395,3.05029296875
5396,16.80517578125
5397,12.179199218749998
5398,-7.732177734375
5399,-11.663330078125
5400,4.97119140625
5401,6.2421875
5402,15.5478515625
5403,7.95751953125
5404,-3.303955078125
5405,-12.580810546875
5406,1.04296875
5407,3.147216796875
5408,14.402343750000002
5409,-2.84521484375
5410,30.4189453125
5411,11.983642578125
5412,21.402587890625
5413,-4.070556640625
5414,-24.616455078125
5415,-6.80029296875
5416,26.73388671875
5417,11.04541015625
5418,25.669921875
5419,-3.666748046875
5420,-1.135498046875
5421,-5.4658203125
5422,29.014648437499996
5423,-5.313232421875
5424,-11.2373046875
5425,1.653076171875
5426,79.8955078125
5427,5.9013671875
5428,44.385498046875
5429,-3.66357421875
5430,-3.489501953125
5431,1.008056640625
5432,12.918701171875
5433,13.0087890625
5434,12.237548828125
5435,-3.4384765624999996
5436,-8.592041015625
5437,17.9931640625
5438,11.143310546875
5439,-17.24853515625
5440,-12.49365234375
5441,-12.44873046875
5442,-3.15771484375
5443,20.607177734374996
5444,8.30078125
5445,4.119384765625
5446,-15.492431640625
5447,0.3398437499999999
5448,7.095947265625
5449,19.64794921875
5450,16.62451171875
5451,1.851318359375
5452,-0.077392578125
5453,-11.757568359375
5454,-7.443603515625
5455,20.825927734374996
5456,21.489013671875
5457,1.6650390625
5458,4.89111328125
5459,-11.7314453125
5460,2.94970703125
5461,33.116455078125
5462,-11.019531249999998
5463,-11.320556640625
5464,-13.58349609375
5465,-0.74658203125
5466,35.603515625
5467,22.47607421875
5468,-8.996826171875
5469,-13.443603515625002
5470,-15.20166015625
5471,40.947021484375
5472,29.64501953125
5473,13.720458984374998
5474,11.4697265625
5475,19.255615234375
5476,5.609619140625001
5477,-1.5104980468750002
5478,-6.796630859374999
5479,-1.7377929687500002
5480,9.044677734375
5481,16.426513671875
5482,7.42138671875
5483,8.87744140625
5484,-12.768310546875
5485,-11.586181640625
5486,13.047363281250002
5487,3.906005859375
5488,-3.867431640625
5489,-2.55908203125
5490,-7.4326171875
5491,-0.56494140625
5492,-9.246337890625
5493,30.838623046875
5494,-10.67431640625
5495,1.305908203125
5496,-6.541259765625
5497,-22.703857421875
5498,-6.056884765625
5499,10.410156249999998
5500,-4.072021484375
5501,21.101562499999996
5502,6.901123046875
5503,15.56396484375
5504,1.495361328125
5505,-14.788574218749998
5506,-8.010009765625
5507,24.3466796875
5508,9.147705078125
5509,22.861083984375
5510,1.120361328125
5511,-5.86328125
5512,-6.53515625
5513,27.099609375
5514,40.5048828125
5515,1.6987304687500002
5516,-2.327880859375
5517,5.933349609374999
5518,11.54150390625
5519,19.947509765625
5520,37.249755859375
5521,-0.8605957031249998
5522,-10.943603515625002
5523,9.13134765625
5524,10.609863281250002
5525,56.25634765625
5526,7.105712890625001
5527,3.2407226562499996
5528,-5.235595703125
5529,-16.69287109375
5530,23.503662109375
5531,3.1708984375000004
5532,40.84228515625
5533,7.035400390625001
5534,-13.772949218749998
5535,-8.346435546875
5536,11.14697265625
5537,13.5478515625
5538,4.89794921875
5539,14.99560546875
5540,23.191650390625
5541,5.66748046875
5542,16.231201171875
5543,10.201416015625002
5544,11.486083984374998
5545,29.921630859375
5546,29.23388671875
5547,8.009033203125
5548,16.84912109375
5549,5.483154296875
5550,9.2763671875
5551,11.85400390625
5552,35.360107421875
5553,12.1962890625
5554,-1.5561523437500009
5555,-15.266845703125
5556,57.662109375
5557,13.463134765625
5558,70.199951171875
5559,16.12109375
5560,-10.4814453125
5561,-23.78369140625
5562,15.514892578125
5563,50.8125
5564,59.76025390625
5565,26.56005859375
5566,29.302490234375
5567,-22.607421875
5568,-36.54345703125
5569,-4.105712890625
5570,-4.0244140625
5571,31.615966796875004
5572,27.4638671875
5573,-25.89794921875
5574,-30.830078125
5575,8.06689453125
5576,42.42724609375
5577,50.805908203125
5578,26.706542968749996
5579,53.130615234375
5580,50.674560546875
5581,4.485107421875
5582,55.489501953125
5583,-28.60498046875
5584,8.970458984375
5585,53.505859375
5586,53.20458984375
5587,5.268798828125
5588,0.59814453125
5589,26.951904296875
5590,0.005615234375
5591,35.454833984375
5592,12.830810546875
5593,30.617187500000004
5594,-61.0830078125
5595,7.42529296875
5596,65.124755859375
5597,-0.259521484375
5598,18.525634765625
5599,29.130859375
5600,-64.70458984375
5601,24.726806640625
5602,-21.742919921875
5603,20.587646484375
5604,-1.820556640625
5605,5.15966796875
5606,8.709228515625
5607,-3.48779296875
5608,3.927978515625
5609,13.953613281250002
5610,19.749755859375
5611,2.998779296875
5612,8.93603515625
5613,-2.192626953125
5614,15.269287109375
5615,17.245849609375
5616,46.50756835937501
5617,9.871093750000002
5618,19.263427734374996
5619,21.759765625
5620,8.387939453125
5621,20.693359375
5622,24.62939453125
5623,13.244140625
5624,14.968505859375
5625,23.16552734375
5626,6.603271484375
5627,12.863281249999998
5628,-6.0771484375
5629,1.113037109375
5630,12.9755859375
5631,12.753173828125
5632,-2.3076171875000027
5633,8.730224609375
5634,56.536865234375
5635,23.091796875
5636,97.877685546875
5637,11.64404296875
5638,-3.14599609375
5639,6.02001953125
5640,-29.916748046875
5641,23.9638671875
5642,17.39013671875
5643,-14.739990234375
5644,13.423828125
5645,6.671630859374999
5646,22.645751953125
5647,1.37890625
5648,-23.802490234375
5649,16.19482421875
5650,16.657470703125
5651,17.302490234375
5652,18.3740234375
5653,-1.05078125
5654,-2.121826171875
5655,6.3466796875
5656,-1.223388671875
5657,-26.923583984375
5658,18.30224609375
5659,14.421630859375
5660,3.455810546875
5661,13.413574218749998
5662,0.6892089843750002
5663,-32.36279296875
5664,17.132568359375
5665,15.077880859375
5666,-31.673583984375
5667,38.21728515625
5668,-6.341796875000001
5669,-14.069580078125
5670,-12.8994140625
5671,1.758056640625
5672,13.652343750000002
5673,6.480224609374999
5674,8.866943359375
5675,6.954833984375
5676,-9.3876953125
5677,4.628173828125
5678,10.33740234375
5679,-18.341796875
5680,-34.106201171875
5681,-17.908447265625
5682,-8.4775390625
5683,8.766845703125
5684,-6.029296875000001
5685,6.29736328125
5686,-25.362548828125
5687,-9.424560546875
5688,-19.427490234375
5689,6.227294921875
5690,1.101318359375
5691,6.368896484375
5692,-4.393310546875
5693,2.427001953125
5694,-7.06298828125
5695,-4.391357421875
5696,16.592529296875
5697,7.78759765625
5698,7.4306640625
5699,-4.774658203125
5700,1.995361328125
5701,-15.8896484375
5702,13.535400390625
5703,6.901123046875
5704,9.54345703125
5705,-3.368896484375
5706,1.134765625
5707,-7.07958984375
5708,13.9794921875
5709,-10.89599609375
5710,3.932861328125
5711,16.454833984375
5712,3.694091796875
5713,0.58984375
5714,10.565185546875
5715,-8.6572265625
5716,12.31494140625
5717,12.061767578125
5718,-11.68408203125
5719,-2.058349609375
5720,-10.9296875
5721,3.63427734375
5722,1.14599609375
5723,5.420654296875
5724,11.473876953125
5725,4.71142578125
5726,20.62646484375
5727,5.6669921875
5728,-0.7082519531249999
5729,2.364990234375
5730,7.09814453125
5731,26.252685546875
5732,2.827392578125
5733,8.625
5734,8.143310546875
5735,9.283203125
5736,7.437744140625001
5737,7.351318359374999
5738,-0.389892578125
5739,-2.359130859375
5740,-5.68310546875
5741,7.628173828125
5742,2.7314453124999996
5743,7.979248046875
5744,7.3525390625
5745,4.304931640625
5746,-1.0869140625
5747,1.393310546875
5748,-10.147949218749998
5749,17.499267578125
5750,18.57763671875
5751,46.93017578125
5752,-8.53125
5753,-3.40771484375
5754,-3.8095703124999996
5755,16.09716796875
5756,22.954833984375
5757,-1.7075195312499998
5758,10.52197265625
5759,-4.814697265625
5760,-3.05908203125
5761,-15.474609375
5762,-29.22412109375
5763,-25.499755859375
5764,-7.240234375000001
5765,26.504150390625
5766,33.966552734375
5767,-15.338623046875
5768,-26.49755859375
5769,-21.101562499999996
5770,10.1640625
5771,9.029296875
5772,7.7919921875
5773,11.86572265625
5774,4.13720703125
5775,-4.256103515625
5776,25.296875
5777,-3.594482421875
5778,12.249267578125
5779,-20.778076171875
5780,1.066162109375
5781,-8.374755859375
5782,25.50390625
5783,2.9326171875000004
5784,4.33251953125
5785,-5.9541015625
5786,68.997802734375
5787,63.709228515625
5788,-1.2197265625
5789,-3.021728515625
5790,15.64306640625
5791,14.160156249999998
5792,44.589111328125
5793,67.253662109375
5794,0.9934082031249993
5795,6.52099609375
5796,142.557861328125
5797,141.968017578125
5798,55.09497070312499
5799,53.71142578125
5800,7.389404296875
5801,-10.48681640625
5802,-5.91455078125
5803,39.260498046875
5804,11.78564453125
5805,36.292236328125
5806,0.515380859375
5807,-13.034912109375
5808,-7.899658203125
5809,1.8334960937500002
5810,33.59521484375
5811,32.632080078125
5812,7.78173828125
5813,17.621337890625
5814,20.367919921875
5815,1.62890625
5816,4.552001953125
5817,12.745849609375
5818,3.740234375
5819,20.60986328125
5820,25.92626953125
5821,7.239013671875
5822,-8.457763671875
5823,9.3798828125
5824,5.103759765625
5825,-21.025634765625
5826,3.383544921875
5827,8.60107421875
5828,31.634521484375
5829,-19.112548828125
5830,-9.032958984375
5831,16.485595703125
5832,2.5009765624999996
5833,5.734130859374999
5834,33.01611328125
5835,0.7343750000000002
5836,-6.560546875000001
5837,-9.2333984375
5838,1.8671875
5839,18.248046875
5840,2.40087890625
5841,17.129150390625
5842,-14.755126953125
5843,-7.907958984375
5844,-7.851806640625001
5845,18.906005859375
5846,1.2436523437500002
5847,12.77880859375
5848,3.261474609375
5849,-6.03173828125
5850,-13.735107421875
5851,42.01025390625
5852,-11.93408203125
5853,-4.22705078125
5854,-3.0751953125000004
5855,19.343017578125
5856,51.18701171875
5857,-6.129150390625001
5858,-13.627685546875
5859,-3.847900390625
5860,-8.458251953125
5861,15.057373046875
5862,81.361083984375
5863,50.19921875
5864,4.512451171875
5865,12.653076171875
5866,19.07958984375
5867,23.34912109375
5868,-4.05126953125
5869,-8.61376953125
5870,-3.260986328125
5871,4.128173828125
5872,22.644042968749996
5873,24.52978515625
5874,-16.435791015625
5875,19.531982421875
5876,0.8425292968750001
5877,7.19921875
5878,-2.639404296875
5879,2.7119140624999996
5880,2.003173828125
5881,-7.3818359375
5882,10.371337890625
5883,9.978271484374998
5884,-8.889404296875
5885,4.06201171875
5886,0.6628417968750001
5887,-17.54248046875
5888,-9.45947265625
5889,8.43017578125
5890,47.2822265625
5891,105.2099609375
5892,78.065185546875
5893,81.184326171875
5894,-2.4150390624999996
5895,-24.26611328125
5896,-17.53662109375
5897,109.3671875
5898,80.90087890625
5899,76.36132812500001
5900,-23.634521484375
5901,44.473876953125
5902,44.403564453125
5903,3.97607421875
5904,3.716552734375
5905,2.40673828125
5906,2.203125
5907,0.65478515625
5908,1.894287109375
5909,1.07958984375
5910,1.7465820312499998
5911,6.505615234375
5912,-1.033935546875
5913,3.686279296875
5914,7.341796875000001
5915,1.7846679687500002
5916,-9.385986328125
5917,-7.694091796875
5918,25.135498046875
5919,-3.14501953125
5920,-5.03515625
5921,0.347900390625
5922,-2.7373046875000004
5923,-3.84228515625
5924,23.499755859375
5925,-3.143798828125
5926,1.122314453125
5927,4.104248046875
5928,8.366455078125
5929,-3.573974609375
5930,-0.382080078125
5931,-1.806396484375
5932,2.051513671875
5933,2.833984375
5934,-5.18115234375
5935,-5.971923828125
5936,1.188232421875
5937,-1.230224609375
5938,4.57666015625
5939,-0.6735839843750001
5940,-2.71435546875
5941,-3.787353515625
5942,9.983154296875
5943,-4.45703125
5944,3.1962890624999996
5945,-1.2807617187500002
5946,0.22216796875
5947,-6.155029296875
5948,-5.955322265625
5949,-3.872314453125
5950,8.736328125
5951,0.5993652343750001
5952,12.22021484375
5953,0.011474609375
5954,2.763916015625
5955,108.706787109375
5956,19.508056640625
5957,-33.60473632812501
5958,-19.222656249999996
5959,75.953125
5960,46.933837890625
5961,65.9306640625
5962,20.46875
5963,-30.059326171875
5964,-19.6630859375
5965,43.044677734375
5966,45.20312499999999
5967,93.02197265625
5968,-5.43310546875
5969,6.57666015625
5970,-6.2109375
5971,2.6826171875000004
5972,-1.981689453125
5973,-9.501220703125
5974,-2.8896484375000004
5975,9.57568359375
5976,-1.849853515625
5977,0.045166015625
5978,3.20849609375
5979,-29.291259765625
5980,1.643798828125
5981,-22.355957031250004
5982,-1.6240234375
5983,10.671142578125
5984,13.813720703125
5985,11.244140625
5986,10.626708984374998
5987,11.816162109375
5988,-3.631591796875
5989,13.949462890625
5990,15.667724609375
5991,0.9926757812500027
5992,6.391601562500001
5993,13.365966796875
5994,0.347412109375
5995,8.191650390625
5996,6.216064453125
5997,12.694091796875
5998,1.06298828125
5999,-6.74462890625
6000,-19.255126953125
6001,10.1708984375
6002,9.000244140625
6003,7.190673828125
6004,5.402587890625001
6005,-10.378173828125
6006,-13.314453125
6007,-15.73779296875
6008,6.245361328125
6009,-1.216796875
6010,14.503906249999998
6011,-12.468261718749998
6012,-25.67578125
6013,-30.76953125
6014,7.908935546875
6015,-6.416259765625
6016,14.449218750000002
6017,-14.00927734375
6018,-11.4775390625
6019,-7.312255859374999
6020,-2.474609375
6021,-3.6533203124999996
6022,-3.554931640625
6023,2.5595703124999996
6024,35.463623046875
6025,-6.658447265625
6026,-1.489990234375
6027,2.6796875
6028,-4.999755859374999
6029,6.063720703125
6030,-12.031738281250002
6031,0.6359863281249999
6032,4.329833984375
6033,49.344482421875
6034,-24.51123046875
6035,14.996826171875
6036,13.637939453125
6037,-8.926025390625
6038,15.190673828125
6039,51.76220703125
6040,-30.709228515625
6041,9.636718750000002
6042,11.975341796875
6043,64.721435546875
6044,62.1240234375
6045,57.057373046875
6046,3.51220703125
6047,-1.425537109375
6048,29.795166015625
6049,15.207275390625
6050,-0.8659667968749999
6051,-1.256591796875
6052,9.4462890625
6053,-3.482177734375
6054,31.25732421875
6055,15.149658203125
6056,42.82006835937501
6057,-18.20263671875
6058,42.93701171875
6059,-10.481689453125
6060,-7.029541015625
6061,11.72119140625
6062,11.517333984374998
6063,-2.2705078125
6064,-3.88720703125
6065,-3.551513671875
6066,-11.843261718749998
6067,9.026123046875
6068,14.0419921875
6069,4.76953125
6070,8.62744140625
6071,-2.06005859375
6072,2.265625
6073,14.559326171875
6074,1.297607421875
6075,-0.306640625
6076,34.025634765625
6077,24.758544921875
6078,38.822021484375
6079,10.185302734375
6080,5.678466796875
6081,-1.6376953125
6082,0.95947265625
6083,18.161865234375
6084,0.5341796875
6085,-1.3579101562499998
6086,2.656005859375
6087,4.133544921875
6088,5.143798828125
6089,7.7412109375
6090,8.377685546875
6091,12.465576171875
6092,9.164306640625
6093,6.525390624999999
6094,4.32080078125
6095,28.693115234375
6096,30.868896484375
6097,3.89111328125
6098,43.89404296875
6099,-1.431884765625
6100,7.533935546875
6101,-24.630615234375
6102,110.64599609375
6103,48.53955078125
6104,35.517578125
6105,-0.66552734375
6106,6.30322265625
6107,-25.505859375
6108,7.06396484375
6109,39.99609375
6110,41.40429687499999
6111,0.447265625
6112,4.47314453125
6113,-11.4814453125
6114,-2.639892578125
6115,-11.283447265625
6116,0.13330078125000006
6117,-2.241455078125
6118,7.263671875000001
6119,-9.685302734375
6120,0.5144042968749998
6121,5.63818359375
6122,1.619873046875
6123,5.71142578125
6124,17.905517578125
6125,-6.030029296875
6126,-7.39501953125
6127,-5.771728515625
6128,-6.144775390625001
6129,-4.208251953125
6130,14.14599609375
6131,-7.489501953125
6132,-6.404296875000001
6133,-3.839111328125
6134,8.041015625
6135,-6.03759765625
6136,6.223876953125
6137,15.669677734375
6138,-5.739990234375
6139,-18.957763671875
6140,-18.975341796875004
6141,-2.897216796875
6142,3.34130859375
6143,18.539306640625
6144,-1.1970214843750002
6145,-21.02001953125
6146,-17.696533203125
6147,43.92724609375
6148,46.877197265625
6149,21.715332031250004
6150,-11.366699218749998
6151,36.21337890625
6152,-13.884521484374998
6153,0.6044921875
6154,11.412109375
6155,-27.01416015625
6156,18.159912109375
6157,29.201416015625
6158,-17.208740234375
6159,5.982177734375
6160,-22.26025390625
6161,-21.347412109375
6162,21.610595703125
6163,2.00732421875
6164,-5.1640625
6165,0.6884765625
6166,0.4013671875
6167,2.90869140625
6168,2.583984375
6169,9.53125
6170,-5.032470703125
6171,2.58837890625
6172,2.80126953125
6173,20.866943359375
6174,4.73828125
6175,8.99609375
6176,8.900146484375
6177,0.7053222656249999
6178,5.48681640625
6179,5.192138671875
6180,-2.788330078125
6181,8.228515625
6182,8.68408203125
6183,-1.3002929687500002
6184,8.752197265625
6185,4.74365234375
6186,1.194580078125
6187,-10.1953125
6188,2.3193359375000004
6189,-2.736328125
6190,-2.622314453125
6191,8.762939453125
6192,11.6630859375
6193,16.920654296875
6194,-2.95849609375
6195,-5.169189453125
6196,-0.048828125
6197,5.217041015625
6198,18.884765625
6199,4.821044921875
6200,-3.341552734375
6201,-9.852050781250002
6202,2.310546875
6203,-7.3017578125
6204,-1.633056640625
6205,-7.00390625
6206,1.3525390625
6207,2.9638671875000004
6208,11.01025390625
6209,-10.562011718749998
6210,-1.00146484375
6211,-4.2529296875
6212,0.366455078125
6213,41.349609375
6214,33.95703125
6215,-3.95751953125
6216,1.9379882812499998
6217,5.02734375
6218,-0.990234375
6219,7.59423828125
6220,1.063232421875
6221,-4.15869140625
6222,2.1328125
6223,0.9814453125
6224,-0.50537109375
6225,16.13720703125
6226,0.82421875
6227,-3.4326171875000004
6228,-19.6220703125
6229,-15.551025390625
6230,31.865234375
6231,27.525634765625
6232,-2.1203613281250018
6233,9.445800781250002
6234,-9.01220703125
6235,-19.6689453125
6236,29.29736328125
6237,34.475341796875
6238,26.54736328125
6239,-11.057861328125
6240,-3.096923828125
6241,0.8391113281249999
6242,-10.15966796875
6243,-0.264404296875
6244,5.09521484375
6245,-17.076416015625
6246,2.930908203125
6247,5.8857421875
6248,-10.631103515625002
6249,0.0400390625
6250,5.991455078125
6251,-10.444580078125
6252,3.912109375
6253,5.7685546875
6254,87.166259765625
6255,15.223876953125
6256,-26.253417968749996
6257,-39.258056640625
6258,40.379638671875
6259,-12.344970703125
6260,7.295166015625
6261,10.675537109375
6262,-30.496337890625
6263,-39.54125976562501
6264,49.11962890625
6265,140.2080078125
6266,149.012451171875
6267,17.397216796875
6268,-18.644042968749996
6269,7.3125
6270,-3.07568359375
6271,19.7587890625
6272,27.166748046875
6273,13.587646484374998
6274,-15.7568359375
6275,7.549560546875
6276,-6.734375
6277,-9.935791015625002
6278,-12.231689453125
6279,-6.91162109375
6280,8.32763671875
6281,9.757324218749998
6282,-10.684814453125
6283,-11.83251953125
6284,-9.831787109375
6285,7.96923828125
6286,3.205078125
6287,8.691162109375
6288,-16.093505859375
6289,-11.726074218749998
6290,17.224365234375
6291,13.111328125
6292,1.299072265625
6293,4.609130859375
6294,-18.966064453125
6295,-12.319580078125
6296,-2.10009765625
6297,20.94384765625
6298,12.360107421875
6299,59.13500976562501
6300,-14.451904296875
6301,-9.824462890625
6302,2.2529296875
6303,5.10986328125
6304,4.9453125
6305,3.790771484375
6306,-4.9912109375
6307,-0.7585449218750001
6308,1.534423828125
6309,7.065185546875
6310,8.381103515625
6311,9.7880859375
6312,5.272216796875
6313,-3.17578125
6314,1.5971679687500002
6315,4.5849609375
6316,4.17236328125
6317,1.5966796875
6318,2.63671875
6319,-39.094482421875
6320,-31.07568359375
6321,74.888916015625
6322,87.89404296875
6323,-23.827148437499996
6324,-4.956787109374999
6325,-49.39599609375
6326,-33.582763671875
6327,84.397705078125
6328,87.4375
6329,32.9404296875
6330,-23.603515625
6331,-50.740234375
6332,29.889648437499996
6333,4.058837890625
6334,9.71533203125
6335,4.315673828125
6336,13.388427734375
6337,22.181396484375
6338,36.0537109375
6339,6.171142578125
6340,2.926513671875
6341,5.129150390625001
6342,18.3154296875
6343,28.021728515625
6344,40.341064453125
6345,25.956298828125
6346,22.656005859375
6347,-27.49365234375
6348,-53.392578125
6349,0.013916015625
6350,20.570068359375
6351,47.269775390625
6352,22.095458984375
6353,-29.197998046875
6354,-54.935791015625
6355,22.353271484375
6356,17.41162109375
6357,41.83056640624999
6358,-20.040283203124996
6359,-60.533935546875
6360,-25.845458984375
6361,-17.16455078125
6362,65.010498046875
6363,28.817138671875
6364,22.070068359375
6365,-63.24951171875
6366,-24.058837890625
6367,-18.18798828125
6368,-41.94140625
6369,58.09716796875
6370,64.60595703125
6371,15.969970703125
6372,6.5126953125
6373,15.71875
6374,-6.75244140625
6375,3.0883789062499996
6376,-3.99267578125
6377,16.785888671875
6378,3.020263671875
6379,16.03271484375
6380,-17.757568359375
6381,11.590576171875
6382,13.774169921875
6383,38.380859375
6384,17.439208984375
6385,-15.890625
6386,-29.2001953125
6387,-15.038818359375
6388,-10.728271484374998
6389,40.991943359375
6390,28.918212890625
6391,-15.3779296875
6392,-29.2412109375
6393,-21.299072265625004
6394,60.44482421875
6395,-23.863037109375
6396,25.85009765625
6397,10.970458984374998
6398,2.5966796875000004
6399,17.902587890625
6400,6.658203124999999
6401,7.13818359375
6402,-11.7001953125
6403,3.450927734375
6404,2.84130859375
6405,21.69189453125
6406,4.452880859375
6407,12.945556640625
6408,6.044189453125
6409,16.647216796875
6410,71.802001953125
6411,-7.083984375000001
6412,-2.42529296875
6413,-16.114013671875
6414,52.16748046875
6415,55.9794921875
6416,30.42333984375
6417,-4.80126953125
6418,-3.923095703125001
6419,-12.272705078125
6420,-12.73876953125
6421,70.8251953125
6422,22.319091796875004
6423,5.322021484375
6424,-3.878173828125
6425,6.246826171875
6426,2.730712890625
6427,-12.463623046875
6428,-2.81103515625
6429,15.86181640625
6430,-0.8225097656249999
6431,-2.26611328125
6432,3.716796875
6433,53.037353515625
6434,-4.3955078125
6435,12.54248046875
6436,-21.656494140625
6437,-3.76904296875
6438,24.562744140625
6439,16.623046875
6440,-12.427001953125
6441,-0.96875
6442,22.49462890625
6443,-3.56005859375
6444,16.641845703125
6445,16.974365234375
6446,23.55810546875
6447,4.112548828125
6448,-13.047363281250002
6449,35.57470703125
6450,36.373779296875
6451,32.103271484375
6452,31.794189453125
6453,15.04443359375
6454,10.4541015625
6455,26.5810546875
6456,33.554443359375
6457,34.975341796875
6458,30.452148437499996
6459,-3.56201171875
6460,-2.055908203125
6461,59.68701171875
6462,1.121826171875
6463,2.74609375
6464,-4.191162109375
6465,3.579833984375
6466,-8.7509765625
6467,5.267333984375
6468,32.339111328125
6469,2.798095703125
6470,3.060791015625
6471,-4.12109375
6472,-8.5703125
6473,-19.019042968749996
6474,30.337890625
6475,-5.250244140625001
6476,19.860595703125
6477,11.10302734375
6478,10.304443359375
6479,2.271728515625
6480,1.423583984375
6481,-8.120849609375
6482,17.577392578125
6483,6.159423828125
6484,11.926513671875
6485,3.539794921875
6486,4.44970703125
6487,-3.548583984375
6488,130.4990234375
6489,-8.271484375
6490,92.898681640625
6491,-10.980468749999998
6492,62.036376953125
6493,76.20654296875
6494,62.490478515625
6495,-10.110107421875
6496,101.805908203125
6497,-13.559570312499996
6498,15.7001953125
6499,49.892822265625
6500,35.97119140625
6501,-60.47265625
6502,91.39697265625
6503,119.11279296875
6504,78.46142578125
6505,0.528564453125
6506,-21.98486328125
6507,-44.18945312500001
6508,85.926513671875
6509,114.2265625
6510,85.1376953125
6511,-19.379150390625
6512,-33.005615234375
6513,-55.68408203125
6514,-4.185546875
6515,-32.2294921875
6516,-8.16455078125
6517,-8.241943359375
6518,-15.272949218749998
6519,-26.21826171875
6520,-4.88720703125
6521,-29.918212890625
6522,-6.402099609374999
6523,-8.6611328125
6524,-1.177734375
6525,-17.265625
6526,-12.642822265625
6527,-10.862060546875
6528,18.672119140625
6529,-12.375732421875
6530,3.675048828125
6531,33.107177734375
6532,27.20751953125
6533,49.40087890625
6534,21.611572265625004
6535,-9.09375
6536,4.218017578125
6537,43.778076171875
6538,-1.254638671875
6539,26.224853515625
6540,-27.68701171875
6541,12.23193359375
6542,9.603759765625
6543,15.420166015625002
6544,-6.6943359375
6545,-6.27197265625
6546,-22.4423828125
6547,16.915283203125
6548,8.632568359375
6549,22.36767578125
6550,5.6142578125
6551,1.3950195312499998
6552,-15.806640625
6553,-4.408203125
6554,9.635009765625
6555,8.42431640625
6556,31.76416015625
6557,-11.809814453125
6558,8.498291015625
6559,70.700927734375
6560,14.96728515625
6561,4.982177734375
6562,33.144775390625
6563,31.6357421875
6564,3.705322265625
6565,-3.176025390625
6566,8.507080078125
6567,9.776123046875
6568,-13.752685546875
6569,-2.41357421875
6570,28.352294921875
6571,3.465576171875
6572,-21.549560546875
6573,5.7333984375
6574,-7.427978515625
6575,0.486083984375
6576,1.2568359375
6577,8.88525390625
6578,-6.498046875000001
6579,69.3154296875
6580,-11.938720703125
6581,10.0830078125
6582,40.0732421875
6583,-1.130126953125
6584,14.819580078125
6585,53.90673828125
6586,-9.808593750000002
6587,11.768798828125
6588,35.890380859375
6589,31.028076171875
6590,127.64111328125
6591,57.713623046875
6592,14.40185546875
6593,0.8974609375
6594,2.261962890625
6595,15.077880859375
6596,6.2294921875
6597,3.27685546875
6598,5.7568359375
6599,1.784912109375
6600,2.902099609375
6601,17.78125
6602,0.1220703125
6603,0.9411621093750001
6604,0.289794921875
6605,37.67504882812501
6606,23.8564453125
6607,3.73681640625
6608,2.601318359375
6609,-5.04736328125
6610,-0.9990234375
6611,21.1923828125
6612,22.509765625
6613,-0.366943359375
6614,6.251953124999999
6615,18.614990234375
6616,90.142578125
6617,55.472412109375
6618,-10.727050781250002
6619,23.115966796875004
6620,14.268310546875
6621,21.742187500000004
6622,-6.216064453125
6623,-30.300537109375
6624,-30.539794921875
6625,24.285400390625
6626,8.49169921875
6627,20.324951171875
6628,-52.275634765625
6629,-27.091796875
6630,-18.01123046875
6631,-7.010009765625
6632,-1.433349609375
6633,-14.004150390625
6634,-13.147949218749998
6635,-4.269775390625
6636,-37.361328125
6637,18.472167968749996
6638,-2.927490234375
6639,-12.214843750000002
6640,-9.710693359375
6641,5.199462890625001
6642,-10.322265625
6643,-18.4306640625
6644,5.82275390625
6645,3.848876953125
6646,1.424560546875
6647,0.66943359375
6648,1.426513671875
6649,2.384765625
6650,9.9580078125
6651,3.559326171875
6652,1.98828125
6653,-10.190185546875
6654,1.337890625
6655,-3.392333984375
6656,13.3232421875
6657,-7.95654296875
6658,19.507568359375
6659,14.886474609375
6660,11.4609375
6661,-0.58251953125
6662,-4.77197265625
6663,-14.866699218749998
6664,25.90869140625
6665,18.18798828125
6666,10.375244140625
6667,-23.691162109375
6668,-12.032958984374998
6669,-8.362060546875
6670,-11.25439453125
6671,9.767578125
6672,21.78857421875
6673,3.3408203124999996
6674,3.625244140625
6675,4.848388671875
6676,-9.369384765625
6677,17.036865234375
6678,19.795654296875
6679,-2.05517578125
6680,-18.790283203124996
6681,-16.095703125
6682,-15.111328125
6683,49.9765625
6684,-36.7451171875
6685,49.786376953125
6686,-8.556640625
6687,-47.620849609375
6688,-34.372802734375
6689,-28.405029296875
6690,-37.935791015625
6691,53.87060546874999
6692,-8.885009765625
6693,48.04370117187499
6694,30.018798828125
6695,32.248291015625
6696,4.6865234375
6697,14.941650390625
6698,29.000244140625
6699,11.846923828125
6700,-22.738525390625
6701,-10.621337890625
6702,-0.490234375
6703,11.282958984374998
6704,35.095947265625
6705,11.37158203125
6706,-3.17236328125
6707,2.781982421875
6708,-7.755126953125
6709,3.702880859375
6710,-7.769287109374999
6711,-14.288330078125
6712,-18.221435546875
6713,-6.846435546875
6714,20.435546875
6715,5.219970703125
6716,-9.236328125
6717,-12.90087890625
6718,-8.378662109375
6719,8.81591796875
6720,54.26708984375
6721,-0.150634765625
6722,-8.63720703125
6723,6.406005859374999
6724,10.06689453125
6725,-0.8181152343750001
6726,34.318603515625
6727,17.467529296875
6728,4.1923828125
6729,5.063232421875
6730,6.330078124999999
6731,5.55078125
6732,-2.24951171875
6733,8.394775390625
6734,13.9931640625
6735,-3.38671875
6736,9.855712890625
6737,9.44091796875
6738,2.309814453125
6739,7.131103515625
6740,4.24365234375
6741,-5.546630859374999
6742,10.409423828125
6743,11.1708984375
6744,4.293701171875
6745,5.776611328125
6746,-12.152343750000002
6747,-4.49072265625
6748,-17.005126953125
6749,18.053955078125
6750,2.659423828125
6751,16.6884765625
6752,6.89892578125
6753,-9.752685546875
6754,-12.500732421875
6755,15.179443359375
6756,4.322021484375
6757,10.422363281250002
6758,27.95556640625
6759,-1.9462890625
6760,-10.804199218749998
6761,-16.313720703125
6762,3.560302734375
6763,14.269531249999998
6764,17.465576171875
6765,-8.125
6766,-2.956298828125
6767,-6.2734375
6768,1.6264648437500002
6769,16.0244140625
6770,17.6533203125
6771,-12.556396484374998
6772,-11.2822265625
6773,-14.094970703125
6774,-7.613525390625001
6775,-5.445556640625001
6776,3.55517578125
6777,2.03515625
6778,-8.950439453125
6779,-15.785400390625
6780,-6.7197265625
6781,-3.37255859375
6782,1.244140625
6783,-1.420654296875
6784,0.13330078125
6785,-18.2412109375
6786,-10.318359375
6787,1.0148925781250002
6788,12.242431640625
6789,-9.575439453125
6790,-4.465576171875
6791,-9.014404296875
6792,-11.2548828125
6793,3.93359375
6794,6.762451171875
6795,-6.01123046875
6796,-7.05078125
6797,7.418701171875
6798,2.326171875
6799,-3.000244140625
6800,-0.6320800781249999
6801,-4.5810546875
6802,-10.4169921875
6803,-8.52392578125
6804,19.28076171875
6805,-7.57275390625
6806,-1.270751953125
6807,2.378662109375
6808,-2.060302734375
6809,-2.460693359375
6810,28.641845703125
6811,-0.099609375
6812,7.916748046875
6813,-8.26220703125
6814,58.415283203125
6815,-0.81640625
6816,3.6875
6817,19.08642578125
6818,-14.761718750000002
6819,31.08056640625
6820,64.962158203125
6821,-2.1142578125
6822,3.74755859375
6823,-0.021728515625
6824,-13.184814453125
6825,31.123046875
6826,-3.522216796875
6827,6.949462890625001
6828,4.798583984375
6829,2.572021484375
6830,-1.674560546875
6831,7.707763671875
6832,-0.6928710937499998
6833,4.49755859375
6834,1.9787597656249998
6835,4.429931640625
6836,-5.298095703125
6837,4.7490234375
6838,-9.5078125
6839,-24.837890625
6840,31.907470703125
6841,30.437744140625
6842,29.762451171875
6843,-2.42236328125
6844,-22.995849609375
6845,-19.803955078125
6846,27.331542968749996
6847,27.849609375
6848,30.710693359375
6849,-2.19580078125
6850,-19.099365234375
6851,-16.84423828125
6852,15.552490234375
6853,-12.359375
6854,-16.9501953125
6855,-20.15869140625
6856,-13.316406249999998
6857,9.674560546875
6858,11.832031249999998
6859,-19.886962890625
6860,-21.160888671875
6861,-18.614501953125
6862,-2.757568359375
6863,19.68603515625
6864,15.097412109375
6865,-17.59912109375
6866,32.3056640625
6867,10.87646484375
6868,44.075927734375
6869,-37.826171875
6870,-33.98095703125
6871,-32.18115234375
6872,26.26025390625
6873,11.369873046875
6874,45.88671875
6875,-16.71630859375
6876,-23.36572265625
6877,-15.873046875
6878,-8.1845703125
6879,-16.25537109375
6880,-27.0625
6881,-3.832763671875
6882,33.64794921875
6883,5.777099609374999
6884,13.58349609375
6885,-8.9111328125
6886,-27.236572265625004
6887,-3.083251953125
6888,-5.749267578125
6889,-4.834716796875
6890,0.09643554687499845
6891,-7.031005859374999
6892,42.96142578125
6893,28.75390625
6894,29.61962890625
6895,7.067138671875
6896,-11.47216796875
6897,-7.022705078125001
6898,47.414306640625
6899,27.404296875
6900,28.85009765625
6901,-9.34228515625
6902,-23.98876953125
6903,-8.168212890625
6904,-20.196044921875
6905,35.702880859375
6906,7.129150390625001
6907,50.69482421875
6908,7.370849609374998
6909,123.93115234375
6910,9.460449218749998
6911,42.50439453125001
6912,10.490478515625002
6913,42.80322265625
6914,88.41796875
6915,-20.26611328125
6916,-22.70849609375
6917,-9.13818359375
6918,10.727050781250002
6919,11.23291015625
6920,4.15283203125
6921,4.1298828125
6922,17.330322265625
6923,-4.0546875
6924,9.6279296875
6925,7.218505859374999
6926,0.8957519531249999
6927,15.86181640625
6928,-16.6181640625
6929,-1.9370117187500002
6930,-9.426513671875
6931,1.9262695312499998
6932,-8.228759765625
6933,-11.03271484375
6934,11.65087890625
6935,4.4716796875
6936,10.574462890625
6937,-4.30810546875
6938,-3.18115234375
6939,-3.49609375
6940,46.242919921875
6941,11.595458984374998
6942,23.117431640625
6943,34.16064453125
6944,-6.36572265625
6945,-51.69140625
6946,-62.431640625
6947,4.729248046875
6948,-25.865966796875004
6949,57.62939453125001
6950,-4.36376953125
6951,-48.806640625
6952,-61.181640625
6953,30.16162109375
6954,44.932861328125
6955,56.21752929687501
6956,-2.987060546875
6957,2.1787109375
6958,-3.867431640625
6959,-6.011474609374999
6960,10.62060546875
6961,-2.822021484375
6962,-12.313720703125
6963,3.147705078125
6964,-10.24560546875
6965,-5.218994140625001
6966,-17.62255859375
6967,-8.012451171875
6968,-4.217041015625
6969,-8.7734375
6970,-0.09716796875
6971,-2.62890625
6972,-0.197998046875
6973,-2.785888671875
6974,-16.275146484375
6975,-16.256103515625
6976,-3.60986328125
6977,-6.87939453125
6978,-0.514892578125
6979,27.81884765625
6980,26.129638671875
6981,18.45166015625
6982,16.7001953125
6983,7.107177734375
6984,7.708251953125
6985,3.600830078125
6986,27.0
6987,7.26611328125
6988,7.093505859374999
6989,6.358154296875
6990,1.315673828125
6991,7.61962890625
6992,-30.135986328125
6993,17.21337890625
6994,8.89208984375
6995,-18.535400390625
6996,-8.281494140625
6997,-3.75927734375
6998,-9.923095703125
6999,-4.204345703125
7000,-3.704345703125
7001,1.431396484375
7002,-9.104248046875
7003,-4.80224609375
7004,-9.039794921875
7005,-9.085205078125
7006,-14.219970703125
7007,13.6357421875
7008,-6.065673828125
7009,20.685546875
7010,14.1357421875
7011,2.560302734375
7012,17.56787109375
7013,12.344482421875
7014,28.070556640625
7015,19.3076171875
7016,9.713623046875
7017,0.6025390625
7018,-1.958740234375
7019,-19.362548828125
7020,-12.417236328125
7021,-4.5654296875
7022,8.890380859375
7023,-11.35693359375
7024,-17.154296875
7025,6.071533203125
7026,35.604736328125
7027,1.3178710937500002
7028,13.361572265625
7029,-14.66162109375
7030,-19.23876953125
7031,33.0205078125
7032,29.422851562500004
7033,14.897705078125
7034,-9.762939453125
7035,4.960205078125
7036,-17.08154296875
7037,-8.32373046875
7038,-3.958740234375
7039,-10.135009765625
7040,-8.636962890625
7041,7.739990234375
7042,-18.521484375
7043,-6.936767578125
7044,-12.94970703125
7045,-24.902099609375
7046,0.6630859375
7047,-10.3671875
7048,3.505126953125
7049,-7.26953125
7050,16.86279296875
7051,-32.8271484375
7052,-20.339599609375
7053,-15.994140625
7054,5.529296875000001
7055,-5.308837890625001
7056,14.457763671875
7057,12.468017578125
7058,-27.390380859375
7059,-19.927001953125
7060,29.01123046875
7061,45.3076171875
7062,-15.43896484375
7063,-22.21142578125
7064,33.99267578125
7065,34.93212890625
7066,50.649658203125
7067,42.798828125
7068,-16.35107421875
7069,-22.604248046875
7070,10.345703125
7071,17.789794921875
7072,43.694580078125
7073,-12.3291015625
7074,32.671142578125
7075,23.8720703125
7076,19.0361328125
7077,3.844482421875
7078,-21.498046875
7079,-6.118896484375
7080,34.594970703125
7081,21.478515625
7082,16.8701171875
7083,7.1845703125
7084,-6.57080078125
7085,-12.286865234375
7086,-5.1484375
7087,-6.41748046875
7088,-11.306640625
7089,-2.96728515625
7090,-0.4482421875
7091,18.33056640625
7092,2.091064453125
7093,-2.19580078125
7094,-15.838134765625
7095,-3.66162109375
7096,-0.3327636718750003
7097,30.440917968749996
7098,-2.25634765625
7099,-1.543701171875
7100,0.6105957031249999
7101,0.36962890625
7102,-1.376953125
7103,10.965576171875
7104,14.100341796875
7105,-10.060302734375
7106,3.27001953125
7107,1.528076171875
7108,-4.74609375
7109,25.333251953125
7110,21.390625
7111,-5.700927734375
7112,-1.7666015625
7113,5.107666015625
7114,10.02978515625
7115,-1.916015625
7116,-3.909423828125
7117,0.7839355468750001
7118,8.611083984375
7119,0.440185546875
7120,16.93359375
7121,-2.155517578125
7122,-6.357177734375
7123,3.485107421875
7124,7.583251953125
7125,-9.33935546875
7126,12.6611328125
7127,12.97900390625
7128,9.965087890625
7129,7.16650390625
7130,9.308349609375
7131,-16.26611328125
7132,7.08642578125
7133,7.92138671875
7134,8.642333984375
7135,5.78173828125
7136,2.115966796875
7137,-2.88818359375
7138,-2.059326171875
7139,-0.023681640625
7140,1.1318359375
7141,5.604736328125
7142,11.667236328125
7143,8.599365234375
7144,-4.341796875
7145,0.162353515625
7146,-2.519287109375
7147,-0.55029296875
7148,16.555419921875
7149,1.7885742187500002
7150,12.9072265625
7151,29.85009765625
7152,20.11181640625
7153,16.416015625
7154,18.182861328125
7155,6.244873046875
7156,7.919189453125
7157,5.541748046875
7158,23.24951171875
7159,20.699462890625
7160,15.20068359375
7161,9.306884765625
7162,5.3994140625
7163,-9.21337890625
7164,-21.39794921875
7165,34.316162109375
7166,31.968994140625
7167,36.161376953125
7168,4.035400390625
7169,-24.465087890625
7170,-23.115234375
7171,27.419677734374996
7172,31.712890625
7173,33.19091796875
7174,-60.197998046875
7175,-29.564453125
7176,-24.15625
7177,9.635498046875
7178,-37.72314453125001
7179,-69.84716796875
7180,-73.947265625
7181,8.421875
7182,14.755615234375
7183,14.258544921875
7184,-36.552001953125
7185,-70.35546875
7186,-74.321044921875
7187,1.497314453125
7188,48.232666015625
7189,14.20166015625
7190,93.3134765625
7191,129.390625
7192,35.167236328125
7193,-38.918212890625
7194,114.87060546875
7195,42.521484375
7196,46.085693359375
7197,133.4287109375
7198,44.17529296875
7199,-40.119873046875
7200,39.50439453125001
7201,-12.065673828125
7202,-9.5009765625
7203,-12.499511718749998
7204,2.565185546875
7205,-0.023437499999999972
7206,-3.9521484375000004
7207,-1.351806640625
7208,6.822021484375
7209,6.39453125
7210,3.18359375
7211,-3.57666015625
7212,0.021972656249999556
7213,-5.829833984375
7214,-3.717041015625
7215,0.006591796875
7216,0.041015625
7217,-1.8408203125000004
7218,-0.923828125
7219,1.526611328125
7220,-25.559326171875
7221,6.076171875000001
7222,3.347412109375
7223,0.454833984375
7224,-0.6083984375
7225,1.877685546875
7226,-11.613525390625
7227,11.681640625
7228,7.321533203125
7229,2.42578125
7230,3.7744140624999996
7231,14.683349609375
7232,33.50634765625
7233,0.21972656249999992
7234,-1.182861328125
7235,-3.93359375
7236,-1.11962890625
7237,12.968261718749998
7238,27.573486328125
7239,58.69189453125001
7240,2.384521484374999
7241,-24.33251953125
7242,8.29443359375
7243,-7.01123046875
7244,9.420166015625002
7245,13.977050781250002
7246,-14.71337890625
7247,-2.4938964843750004
7248,0.6149902343750001
7249,-9.532470703125
7250,9.61474609375
7251,14.9716796875
7252,-15.437255859375
7253,-15.68603515625
7254,17.179443359375
7255,4.408935546875
7256,23.003173828125
7257,-5.54736328125
7258,-8.864501953125
7259,19.8994140625
7260,22.491455078125
7261,8.234375
7262,17.875732421875
7263,-7.5498046875
7264,-5.768798828125
7265,25.959716796875004
7266,1.7973632812499998
7267,5.629638671875
7268,6.878173828125
7269,29.937744140625
7270,66.51904296875
7271,40.89306640624999
7272,12.3603515625
7273,9.107177734375
7274,-22.799072265625004
7275,34.7861328125
7276,60.06933593749999
7277,39.43359375
7278,16.691162109375
7279,-16.349609375
7280,7.546142578125
7281,20.890625
7282,-14.873779296875
7283,-14.43994140625
7284,-18.980224609375
7285,4.48681640625
7286,26.631103515625
7287,11.844482421875
7288,-13.704833984374998
7289,-18.1591796875
7290,-19.703125
7291,15.9365234375
7292,41.986083984375
7293,41.58349609375
7294,-16.270751953125
7295,66.55126953125
7296,-5.9423828125
7297,84.285888671875
7298,-35.004150390625
7299,-30.70703125
7300,-35.67529296875
7301,70.218994140625
7302,-3.786865234375
7303,87.369873046875
7304,-13.51708984375
7305,-5.157470703125
7306,0.360595703125
7307,-4.4619140625
7308,8.012939453125
7309,-10.5126953125
7310,5.494384765625
7311,5.26904296875
7312,21.8681640625
7313,-8.397216796875
7314,-1.141357421875
7315,-9.4111328125
7316,1.498779296875
7317,3.2001953124999996
7318,39.060302734375
7319,2.940673828125
7320,7.59814453125
7321,-15.709716796875
7322,-19.5654296875
7323,7.90478515625
7324,-10.21630859375
7325,-5.959228515625
7326,3.976806640625
7327,-18.675537109375
7328,-11.36181640625
7329,6.205322265625
7330,-29.746826171875
7331,-2.16015625
7332,5.093505859374999
7333,7.611083984375
7334,3.932373046875
7335,2.178955078125
7336,-2.329345703125
7337,27.302001953125
7338,33.407470703125
7339,7.135009765625
7340,3.331787109375
7341,-0.48168945312499983
7342,-4.899169921875
7343,1.040771484375
7344,6.372802734375
7345,8.811767578125
7346,-7.062255859374999
7347,17.66064453125
7348,7.909912109374999
7349,2.135986328125
7350,13.473388671875
7351,-3.796875
7352,-12.029541015625002
7353,22.4091796875
7354,3.601318359375
7355,0.888671875
7356,5.998046875000001
7357,-8.265869140625
7358,-6.4111328125
7359,-2.092529296875
7360,38.66625976562501
7361,7.803955078125
7362,16.599853515625
7363,-10.005615234375
7364,-13.552001953125
7365,-5.45166015625
7366,38.412109375
7367,10.779296875
7368,16.237060546875
7369,-4.65771484375
7370,-5.88525390625
7371,-2.099609375
7372,35.239990234375
7373,-5.70458984375
7374,-39.807861328125
7375,-48.826416015625
7376,20.780029296875
7377,44.180908203125
7378,34.83642578125
7379,-6.447021484375
7380,-38.48828125
7381,-44.53759765625
7382,22.847167968749996
7383,50.212646484375
7384,42.17749023437499
7385,45.15966796875
7386,112.41552734375
7387,38.931884765625
7388,46.2734375
7389,-26.43896484375
7390,-29.950927734374996
7391,-7.52783203125
7392,108.2275390625
7393,45.640869140625
7394,34.677001953125
7395,68.25830078125
7396,-20.74560546875
7397,-4.8759765625
7398,-1.45703125
7399,8.7294921875
7400,10.752197265625
7401,2.32470703125
7402,-2.189208984375
7403,-1.886962890625
7404,-7.48388671875
7405,12.017333984374998
7406,6.6298828125
7407,0.8757324218750001
7408,-2.32373046875
7409,-3.4384765624999996
7410,-6.0625
7411,-17.082763671875
7412,32.59765625
7413,-1.998046875
7414,8.544921875
7415,19.224853515625
7416,3.816406249999999
7417,3.926513671874999
7418,31.74560546875
7419,-4.114501953125
7420,7.341796875000001
7421,0.249267578125
7422,-0.8757324218750001
7423,25.2001953125
7424,-1.9384765625
7425,-1.668701171875
7426,12.247802734375
7427,16.494873046875
7428,13.423583984374998
7429,-5.77880859375
7430,14.17626953125
7431,-10.815185546875
7432,14.82275390625
7433,17.251708984375
7434,7.6845703125
7435,0.214111328125
7436,-1.359130859375
7437,-4.04345703125
7438,10.513671875
7439,-3.930419921875
7440,2.952392578125
7441,-16.090087890625
7442,4.197509765625
7443,-22.020263671875
7444,10.44384765625
7445,5.780029296874999
7446,-2.329345703125
7447,9.712646484374998
7448,15.8828125
7449,18.990478515625
7450,2.402587890625
7451,44.95458984375
7452,-19.561523437499996
7453,-11.4208984375
7454,35.0078125
7455,36.839111328125
7456,-0.61669921875
7457,41.507080078125
7458,-22.054931640625
7459,-16.49169921875
7460,18.11572265625
7461,-7.5654296875
7462,-0.414306640625
7463,7.618896484375
7464,10.850341796875
7465,-10.79931640625
7466,-6.233642578125
7467,-0.9694824218750001
7468,6.548095703125
7469,13.8291015625
7470,13.955078125
7471,-7.450927734375
7472,-7.302001953125
7473,29.89208984375
7474,32.74609375
7475,5.07421875
7476,-5.583740234375
7477,-19.869873046875
7478,-5.118896484375
7479,-5.20751953125
7480,15.44677734375
7481,2.416015625
7482,-2.93359375
7483,-22.940185546875
7484,-2.11181640625
7485,-11.39599609375
7486,3.011474609375
7487,-2.365478515625
7488,-8.977294921875
7489,7.010986328125
7490,-18.557373046875
7491,3.306396484375
7492,-10.037109375
7493,14.530761718749998
7494,-0.6232910156249999
7495,4.007568359375
7496,-20.334228515625
7497,0.45166015625
7498,-6.27734375
7499,16.490478515625
7500,19.65771484375
7501,2.340087890625
7502,-3.885009765625
7503,8.096923828125
7504,0.6806640625
7505,-6.046630859374999
7506,8.207763671875
7507,9.814453125
7508,-1.038330078125
7509,12.466552734375
7510,-0.499755859375
7511,-6.572509765625
7512,4.247802734375
7513,9.5458984375
7514,-1.993408203125
7515,48.083251953125
7516,-21.517822265625004
7517,-36.37451171875
7518,-15.22119140625
7519,-62.5830078125
7520,75.32934570312499
7521,-22.263671875
7522,-18.864501953125
7523,-38.66845703125
7524,-16.787109375
7525,22.865966796875004
7526,48.04687500000001
7527,70.437255859375
7528,-15.79541015625
7529,41.55322265625
7530,39.53515625
7531,46.421142578125
7532,-1.685546875
7533,-14.405029296875
7534,-15.9951171875
7535,38.167236328125
7536,31.208251953125
7537,45.96118164062499
7538,1.499023437499999
7539,1.082275390625
7540,-21.97314453125
7541,36.203125
7542,77.0205078125
7543,-59.8388671875
7544,-68.291015625
7545,58.744873046875
7546,51.495361328125
7547,33.587158203125
7548,75.67529296875
7549,-59.996826171875
7550,-67.8095703125
7551,-5.63623046875
7552,-19.6298828125
7553,40.92333984375
7554,15.108154296875
7555,13.531494140625
7556,6.288330078125
7557,9.34912109375
7558,18.864990234375
7559,10.2451171875
7560,8.369873046875
7561,11.972412109375
7562,3.643310546875
7563,9.885498046875
7564,-16.91259765625
7565,6.515380859374999
7566,9.458251953125
7567,16.509033203125
7568,-3.833984375
7569,93.174072265625
7570,27.54443359375
7571,20.993896484375
7572,-20.771240234375
7573,9.033691406249998
7574,-7.642333984375
7575,91.08935546875
7576,24.361328125
7577,-55.30517578125
7578,87.857421875
7579,31.12744140625
7580,-1.943115234375
7581,36.63427734375
7582,15.759765625
7583,1.517333984375
7584,12.981689453125
7585,0.14453125
7586,7.595458984375
7587,35.0068359375
7588,14.431640625
7589,2.369140625
7590,-1.4223632812499998
7591,-4.974853515625
7592,4.56494140625
7593,-30.714111328125
7594,7.847900390625001
7595,43.903564453125
7596,38.75634765625
7597,32.935302734375
7598,-8.8984375
7599,30.172851562500004
7600,12.916748046875
7601,42.33349609375
7602,41.34716796875
7603,-15.10302734375
7604,77.630126953125
7605,-2.2778320312500004
7606,19.967529296875
7607,11.478271484374998
7608,-5.90966796875
7609,-8.381591796875
7610,31.490966796875004
7611,29.958984375
7612,18.98291015625
7613,5.908935546875
7614,-6.938232421875
7615,-8.193115234375
7616,6.213623046875
7617,-7.544189453125
7618,24.33203125
7619,13.972900390625
7620,40.92529296875
7621,5.0361328125
7622,7.8857421875
7623,62.448974609375
7624,67.32470703125
7625,55.659912109375
7626,36.750244140625
7627,-1.643798828125
7628,11.333740234375
7629,28.72412109375
7630,29.094726562500004
7631,46.919677734375
7632,-10.101318359375
7633,40.06201171875
7634,25.702392578125
7635,27.936767578125
7636,-21.494873046875
7637,-23.435791015625
7638,40.4921875
7639,31.08203125
7640,25.344970703125
7641,24.802734375
7642,-6.110595703125
7643,-1.9970703125
7644,-34.33447265625
7645,-17.85498046875
7646,51.290283203125
7647,23.448974609375
7648,31.5693359375
7649,-7.8974609375
7650,-7.547119140625001
7651,-13.003906249999998
7652,51.82250976562501
7653,18.923828125
7654,43.61474609375
7655,-51.0849609375
7656,-1.346923828125
7657,-1.213623046875
7658,-8.229248046875
7659,-1.607666015625
7660,1.139892578125
7661,-9.786376953125
7662,6.960693359374999
7663,19.29443359375
7664,-0.028564453125
7665,0.7531738281249999
7666,-0.4326171875
7667,-11.81396484375
7668,-21.23974609375
7669,-4.515869140625
7670,-9.039794921875
7671,3.525146484375
7672,-0.9157714843750001
7673,-3.92529296875
7674,-5.484130859374999
7675,-16.53955078125
7676,1.140869140625
7677,9.708251953125
7678,-0.2861328125
7679,-3.69140625
7680,-8.193603515625
7681,38.38330078125
7682,-0.794921875
7683,-0.9274902343750001
7684,27.208984375
7685,-10.255126953125
7686,-12.2060546875
7687,-14.143310546875
7688,54.40869140625
7689,14.52880859375
7690,18.24462890625
7691,-16.651611328125
7692,-10.6728515625
7693,-13.9208984375
7694,-14.10791015625
7695,23.72998046875
7696,21.30078125
7697,-28.00927734375
7698,21.2275390625
7699,58.74243164062499
7700,59.6787109375
7701,22.163330078125
7702,-1.886962890625
7703,-23.810546875
7704,17.417236328125
7705,57.24169921875
7706,53.777099609375
7707,-19.73193359375
7708,-21.213134765625
7709,-34.973388671875
7710,14.171630859375
7711,6.578369140625001
7712,-11.576904296875
7713,-6.655517578125
7714,23.463134765625
7715,6.57861328125
7716,5.739990234375
7717,3.487548828125
7718,-10.358886718749998
7719,-6.39111328125
7720,31.016845703125
7721,29.108154296875
7722,31.83203125
7723,109.80078125
7724,67.1982421875
7725,78.2958984375
7726,-23.736572265625004
7727,39.939697265625
7728,97.316650390625
7729,28.953125
7730,67.010009765625
7731,76.912841796875
7732,-23.570312499999996
7733,-11.175537109375
7734,-36.05419921875
7735,12.1337890625
7736,-9.68212890625
7737,35.83642578125
7738,9.1748046875
7739,15.168701171875
7740,4.70654296875
7741,-16.15966796875
7742,-15.818359375
7743,42.196533203125
7744,14.361328125
7745,16.202880859375
7746,5.05712890625
7747,-26.872802734374996
7748,-22.237548828125
7749,26.6376953125
7750,-19.1767578125
7751,-5.079833984375
7752,-0.7993164062500003
7753,-11.9658203125
7754,46.20458984375
7755,-7.995849609374999
7756,-18.318115234375
7757,-7.807861328125
7758,5.5888671875
7759,72.5595703125
7760,-0.40673828124999967
7761,85.78759765625001
7762,21.626220703125
7763,-9.099609375
7764,-11.367431640625
7765,-9.663330078125
7766,-0.5375976562500002
7767,15.852294921875
7768,24.2001953125
7769,-12.95556640625
7770,-6.465576171875
7771,-8.10693359375
7772,60.43701171875
7773,19.409423828125
7774,19.39794921875
7775,21.847412109375
7776,-14.46435546875
7777,-7.44775390625
7778,-11.623779296875
7779,65.957763671875
7780,66.343505859375
7781,75.829833984375
7782,-20.44482421875
7783,-5.445556640625001
7784,-11.82568359375
7785,0.81884765625
7786,40.099365234375
7787,21.045654296875
7788,-51.218505859375
7789,-56.81884765625
7790,171.779541015625
7791,170.59228515625
7792,-20.092529296875
7793,10.200927734375
7794,-62.95874023437499
7795,-51.78662109375
7796,170.733642578125
7797,163.19409179687497
7798,4.237548828125
7799,16.50244140625
7800,-58.40478515625
7801,32.86279296875
7802,14.005615234375
7803,-30.016601562500004
7804,18.650634765625
7805,-42.529541015625
7806,-56.14404296875
7807,22.9736328125
7808,25.496337890625
7809,-27.037841796875004
7810,19.8994140625
7811,66.167724609375
7812,51.59375
7813,52.236328125
7814,18.476318359375
7815,22.813476562500004
7816,-5.8271484375
7817,-1.6362304687500002
7818,6.87548828125
7819,8.363037109375
7820,12.48876953125
7821,25.1787109375
7822,-6.462158203125
7823,0.7294921875000002
7824,-0.537109375
7825,0.322509765625
7826,9.7373046875
7827,-1.6508789062499998
7828,13.560302734375
7829,5.51904296875
7830,8.51806640625
7831,11.562255859375
7832,13.603759765625
7833,-6.548095703125
7834,11.5634765625
7835,11.560302734375
7836,6.7900390625
7837,-2.63134765625
7838,1.278564453125
7839,0.69580078125
7840,-2.487060546875
7841,15.60595703125
7842,-8.6513671875
7843,42.56640625
7844,9.538330078125
7845,9.30224609375
7846,-10.243408203125
7847,19.905517578125
7848,-3.82177734375
7849,43.908447265625
7850,-20.83349609375
7851,-22.50048828125
7852,1.013427734375
7853,100.63720703125
7854,-7.4931640625
7855,-36.321533203125
7856,-33.994873046875
7857,25.215087890625
7858,16.800537109375
7859,-4.10400390625
7860,-14.3447265625
7861,-39.093505859375
7862,-33.705810546875
7863,25.729736328125
7864,79.121337890625
7865,41.982666015625
7866,35.8427734375
7867,-12.6201171875
7868,4.7109375
7869,-0.02514648437500039
7870,40.02441406250001
7871,43.673828125
7872,42.78808593749999
7873,3.236572265625
7874,5.479248046875
7875,3.287109375
7876,3.5859375
7877,17.152099609375
7878,20.38134765625
7879,147.246826171875
7880,-17.71484375
7881,97.59228515625
7882,-37.718994140625
7883,-1.9736328125
7884,104.97412109375
7885,110.43359375000001
7886,-26.45263671875
7887,97.48046875
7888,-39.90380859375
7889,48.34521484375
7890,54.7001953125
7891,16.878173828125
7892,21.894775390625
7893,-9.389404296875
7894,2.86279296875
7895,-2.827880859374999
7896,-21.30517578125
7897,-20.72265625
7898,3.05810546875
7899,-4.416748046875
7900,2.082763671875
7901,0.002441406250000222
7902,3.498779296875
7903,45.654541015625
7904,29.522705078125
7905,-1.654052734375
7906,-12.099365234375
7907,-2.452880859375
7908,-12.017822265625
7909,13.9970703125
7910,-9.206787109375
7911,-13.082275390625
7912,-10.035156249999998
7913,-1.6479492187500002
7914,-9.332275390625
7915,11.838134765625
7916,-13.11181640625
7917,-9.878906249999998
7918,3.458740234375
7919,4.789306640625001
7920,0.6081542968750001
7921,8.883056640625
7922,16.8193359375
7923,-14.080078125
7924,-15.272705078125
7925,0.10595703125
7926,3.690185546875
7927,13.447265625
7928,-0.027587890625
7929,-1.14453125
7930,-8.11083984375
7931,13.205810546875
7932,-0.1396484375
7933,-4.60986328125
7934,2.489990234375
7935,42.865234375
7936,6.818359375000001
7937,19.140869140625
7938,-0.65869140625
7939,-2.39599609375
7940,4.416015625
7941,-21.358642578125
7942,3.063720703125
7943,11.92333984375
7944,-12.9755859375
7945,-2.207275390625
7946,10.662109375
7947,18.1572265625
7948,3.9140625
7949,6.8779296875
7950,19.619873046875
7951,1.5419921875
7952,10.303955078125
7953,17.599365234375
7954,-1.8752441406250004
7955,0.9785156249999997
7956,-11.8017578125
7957,9.52880859375
7958,-6.824462890625001
7959,9.724853515625002
7960,47.41650390625
7961,-12.560791015625002
7962,-14.853271484374998
7963,-18.47900390625
7964,-3.9218750000000013
7965,13.3662109375
7966,44.1162109375
7967,13.755126953125
7968,-9.066162109375002
7969,-10.54541015625
7970,18.128662109375
7971,2.410888671875
7972,-1.568359375
7973,0.552001953125
7974,18.213623046875
7975,4.9287109375
7976,11.944580078125
7977,3.555419921875
7978,-1.04345703125
7979,-2.1083984375
7980,-10.7705078125
7981,-8.827392578125
7982,17.66796875
7983,23.454833984375
7984,-27.347412109375
7985,-56.38525390625
7986,-53.008544921875
7987,-2.5615234375000004
7988,16.168701171875
7989,13.87744140625
7990,-27.44384765625
7991,-56.519287109375
7992,-51.17626953125
7993,-4.9580078125
7994,-0.254638671875
7995,24.582763671875
7996,25.645263671875
7997,3.991455078124999
7998,-1.8837890625
7999,5.005615234375
8000,3.39990234375
8001,-9.3828125
8002,-15.355712890625
8003,3.930908203125
8004,0.04907226562499955
8005,4.66552734375
8006,-8.308349609375
8007,-18.90673828125
8008,11.975830078125
8009,30.4462890625
8010,-11.653564453125
8011,-6.60107421875
8012,-6.68994140625
8013,3.443603515625
8014,9.217041015625
8015,21.7900390625
8016,-14.73876953125
8017,-6.5703125
8018,-5.731689453125
8019,-2.223388671875
8020,22.217529296875
8021,47.15087890625
8022,9.681884765625
8023,13.8544921875
8024,19.279296875
8025,9.728759765625
8026,3.32568359375
8027,-1.502685546875
8028,22.06689453125
8029,7.426513671875
8030,18.6162109375
8031,8.49658203125
8032,3.60693359375
8033,10.31787109375
8034,7.476806640625001
8035,-3.704345703125
8036,-8.555419921875
8037,-12.3896484375
8038,1.9560546875
8039,11.282958984374998
8040,2.1433105468749996
8041,-1.444580078125
8042,-11.323974609375
8043,-9.25927734375
8044,3.27392578125
8045,-4.53125
8046,10.676513671875
8047,-0.818359375
8048,53.489501953125
8049,78.382080078125
8050,-3.915771484375
8051,-35.71142578125
8052,92.930908203125
8053,16.24609375
8054,-4.2763671875
8055,94.18408203125
8056,-3.546875
8057,-30.670654296875
8058,-22.950927734374996
8059,97.905029296875
8060,123.56323242187501
8061,10.51904296875
8062,-3.885009765625
8063,1.3344726562499998
8064,-5.4375
8065,-1.1811523437500002
8066,1.214111328125
8067,24.85498046875
8068,1.4877929687500002
8069,-4.66064453125
8070,-10.504150390625
8071,5.178466796875
8072,31.26611328125
8073,24.689453125
8074,-4.212158203125
8075,-3.109130859375
8076,-1.026123046875
8077,-8.639404296875
8078,-14.28369140625
8079,-5.302734375000001
8080,1.2124023437500002
8081,-1.956298828125
8082,-2.294189453125
8083,-9.2255859375
8084,-21.195312499999996
8085,-1.09716796875
8086,-0.034423828125
8087,-12.9013671875
8088,6.4248046875
8089,44.8427734375
8090,35.79345703125
8091,12.539794921875
8092,-18.5185546875
8093,-18.510009765625
8094,2.650634765625
8095,46.2216796875
8096,35.186767578125
8097,14.2392578125
8098,-29.79638671875
8099,-21.534912109375
8100,-4.02197265625
8101,5.511474609374999
8102,8.978515625
8103,34.30029296875
8104,13.1142578125
8105,20.82177734375
8106,-2.508056640625
8107,6.919921875000001
8108,12.044677734375
8109,37.607421875
8110,27.048828125
8111,8.2119140625
8112,-22.812255859375
8113,5.01904296875
8114,16.626708984375
8115,2.18359375
8116,4.7802734375
8117,22.44873046875
8118,46.373291015625
8119,10.515625
8120,11.089599609375
8121,5.693603515625
8122,11.52685546875
8123,-10.632080078125
8124,-10.95947265625
8125,2.33056640625
8126,3.070556640625
8127,4.594482421875
8128,-7.399169921875
8129,2.59912109375
8130,-8.453369140625
8131,-4.381591796875
8132,0.6572265625
8133,-1.2250976562499998
8134,-4.04736328125
8135,2.98681640625
8136,24.8779296875
8137,12.345703125
8138,-0.95263671875
8139,5.974365234375
8140,6.298095703125
8141,-12.495849609375
8142,-4.825439453125
8143,2.904296875
8144,4.477294921875
8145,10.50146484375
8146,3.78857421875
8147,-11.570556640625
8148,-4.3056640625
8149,5.0625
8150,16.232421875
8151,5.623779296875
8152,21.6025390625
8153,-1.6000976562499998
8154,16.161865234375
8155,-1.8266601562499998
8156,-15.164550781250002
8157,40.1201171875
8158,36.56298828125
8159,-1.029296875
8160,16.3984375
8161,-4.10986328125
8162,2.828369140625
8163,1.5986328125
8164,-0.17138671875
8165,-26.0068359375
8166,4.938232421875
8167,27.448974609375
8168,10.627197265625
8169,9.90380859375
8170,-2.301513671875
8171,-7.2744140625
8172,14.546386718749998
8173,29.053466796875004
8174,7.94482421875
8175,9.847900390625
8176,-9.828857421875
8177,-10.36865234375
8178,24.162109375
8179,-30.50146484375
8180,8.158935546875
8181,28.731689453125
8182,28.722412109375
8183,-7.805908203125
8184,-18.018798828125
8185,-23.56298828125
8186,7.64013671875
8187,29.86181640625
8188,19.871826171875
8189,-9.610107421875
8190,-15.666015625
8191,12.1455078125
8192,7.66552734375
8193,-9.087646484375
8194,9.493408203125
8195,-11.285400390625
8196,-0.9069824218750001
8197,3.08154296875
8198,8.5830078125
8199,-7.4609375
8200,13.967529296875
8201,-6.65625
8202,17.628173828125
8203,0.179931640625
8204,-0.873046875
8205,-5.3916015625
8206,-11.1796875
8207,8.086181640625
8208,-13.213623046875
8209,-18.354736328125
8210,-5.853271484375
8211,2.16162109375
8212,-10.322021484374998
8213,3.7548828124999996
8214,-0.6652832031249999
8215,2.19970703125
8216,-16.83447265625
8217,11.281982421875
8218,7.625244140625001
8219,-16.43212890625
8220,-17.01708984375
8221,10.026611328125
8222,2.173583984375
8223,-2.981689453125
8224,14.483886718749998
8225,-20.1279296875
8226,-14.9208984375
8227,14.04931640625
8228,-3.849609375
8229,28.219970703125
8230,12.873046875
8231,5.12939453125
8232,4.78564453125
8233,-0.7824707031249998
8234,0.82470703125
8235,5.80517578125
8236,14.772216796875
8237,6.360595703125
8238,4.661376953125
8239,3.197998046875
8240,-14.30712890625
8241,-19.068603515625
8242,11.273925781250002
8243,6.70654296875
8244,4.50927734375
8245,-17.3662109375
8246,10.88134765625
8247,-2.938720703125
8248,13.951416015625002
8249,-1.133544921875
8250,7.919189453125
8251,-12.122802734375
8252,10.441162109375
8253,5.417724609374999
8254,-13.128662109375
8255,-12.589599609375
8256,-8.266357421875
8257,-10.972656249999998
8258,49.3388671875
8259,24.72705078125
8260,14.344482421875
8261,8.594970703125
8262,-11.354736328125
8263,-11.233154296875
8264,50.00048828125
8265,21.380615234375
8266,-19.54736328125
8267,-14.96533203125
8268,3.513916015625
8269,23.932861328125
8270,29.8857421875
8271,15.3154296875
8272,-5.45654296875
8273,41.79443359375001
8274,45.392578125
8275,60.857421875
8276,20.75244140625
8277,12.293701171875
8278,-4.594482421875
8279,24.104248046875
8280,34.110595703125
8281,1.4106445312499998
8282,-17.630615234375
8283,-8.020751953125
8284,41.033935546875
8285,39.13134765625
8286,32.499755859375
8287,34.28857421875
8288,17.10791015625
8289,-4.242919921875
8290,37.014892578125
8291,37.72998046875
8292,6.990966796875
8293,6.30078125
8294,18.507568359375
8295,56.84252929687501
8296,2.4345703124999996
8297,-12.648193359375
8298,-14.516113281250002
8299,62.35791015625
8300,41.008544921875
8301,42.312744140625
8302,3.4023437499999987
8303,-24.6162109375
8304,-17.809814453125
8305,10.146240234375
8306,16.965087890625
8307,23.695556640625
8308,1.9938964843750002
8309,8.809326171875
8310,-46.6953125
8311,62.7783203125
8312,28.708740234375
8313,-28.5400390625
8314,-20.94775390625
8315,3.114013671875
8316,-42.890869140625
8317,61.315185546875
8318,-12.622558593749998
8319,15.098876953125
8320,-28.76806640625
8321,69.884033203125
8322,3.5373535156249973
8323,-2.575927734375003
8324,4.838623046874997
8325,12.982421875
8326,83.197509765625
8327,117.323486328125
8328,5.629638671875
8329,-12.64404296875
8330,1.0437011718749996
8331,-19.021728515625
8332,76.122314453125
8333,117.0107421875
8334,14.132080078125
8335,-8.000732421875
8336,4.73876953125
8337,-9.805419921875
8338,27.15087890625
8339,7.4462890625
8340,14.646484375
8341,-6.679443359374999
8342,6.71240234375
8343,-5.6435546875
8344,-0.337890625
8345,17.368408203125
8346,15.935546875
8347,0.4270019531249969
8348,-10.7265625
8349,-22.796630859375
8350,69.732666015625
8351,-14.4755859375
8352,-15.765625
8353,-7.054443359374999
8354,-14.2099609375
8355,-20.320068359375
8356,83.28369140625
8357,1.5048828125
8358,6.8349609375
8359,-18.7685546875
8360,12.640869140625
8361,-5.929931640625001
8362,-9.122802734375
8363,-5.167724609374999
8364,10.032958984374998
8365,-3.5029296875000004
8366,15.241455078125
8367,-5.977783203125
8368,0.18603515625
8369,-5.254638671875
8370,5.11669921875
8371,0.387939453125
8372,21.878173828125
8373,47.900390625
8374,76.766357421875
8375,0.9194335937499982
8376,-8.09765625
8377,86.592529296875
8378,32.386962890625
8379,40.321533203125
8380,76.792724609375
8381,4.468750000000003
8382,-0.3486328125000015
8383,4.72216796875
8384,10.77490234375
8385,34.981201171875
8386,-7.89208984375
8387,8.109375
8388,-3.447998046875
8389,-10.992431640625
8390,-3.306884765625
8391,9.23291015625
8392,-14.107177734375
8393,9.445556640625
8394,-4.375
8395,-10.9814453125
8396,-12.19287109375
8397,16.63330078125
8398,3.562255859375
8399,9.337158203125
8400,8.046142578125
8401,-11.5849609375
8402,12.96337890625
8403,37.83349609375
8404,18.819091796875004
8405,72.751708984375
8406,9.773925781250002
8407,-2.13525390625
8408,14.574951171875
8409,-14.9541015625
8410,8.98876953125
8411,36.169189453125
8412,22.974365234375
8413,29.637207031250004
8414,-23.42041015625
8415,-19.244873046875
8416,7.541259765625
8417,0.97265625
8418,27.910400390625
8419,33.013671875
8420,-20.66552734375
8421,-18.167236328125
8422,5.135986328125
8423,2.547607421875
8424,23.734619140625
8425,9.347412109375
8426,3.00732421875
8427,1.5415039062499998
8428,16.531982421875
8429,1.33984375
8430,0.006103515625
8431,4.876953124999997
8432,2.8076171874999996
8433,4.918701171875
8434,24.938720703125
8435,-26.277587890625
8436,51.19677734375
8437,-5.856201171875
8438,-14.370849609375
8439,-4.99072265625
8440,-1.12646484375
8441,2.510009765625
8442,-18.05322265625
8443,-10.099609375
8444,4.87841796875
8445,-3.87060546875
8446,1.3100585937500002
8447,1.9311523437500002
8448,15.125732421875
8449,-16.390869140625
8450,-5.888671875000001
8451,-9.34716796875
8452,9.9248046875
8453,31.6767578125
8454,14.186279296875
8455,-5.98779296875
8456,-8.320556640625
8457,-8.108642578125
8458,15.599365234375
8459,26.544921875
8460,16.163818359375
8461,-14.702880859375
8462,-1.7880859375000007
8463,-11.797363281250002
8464,-9.87841796875
8465,6.559814453125
8466,1.6044921874999996
8467,14.306884765625
8468,5.6259765625
8469,-2.0380859375
8470,-9.908447265625
8471,5.608154296875
8472,6.19384765625
8473,14.385986328125
8474,3.48583984375
8475,-7.218505859374999
8476,-8.478515625
8477,13.0146484375
8478,5.6484375
8479,1.7880859375
8480,-0.25903320312499994
8481,3.41650390625
8482,10.6484375
8483,15.575927734375
8484,5.5263671875
8485,4.790283203125
8486,-5.32958984375
8487,18.203857421875
8488,7.29248046875
8489,-6.534912109374999
8490,18.589599609375
8491,-4.361572265625
8492,-9.019287109375
8493,17.312744140625
8494,5.05029296875
8495,10.358886718749998
8496,-1.6049804687499996
8497,-3.81396484375
8498,-10.814697265625
8499,13.6494140625
8500,5.2919921875
8501,37.73974609375
8502,-9.86865234375
8503,-17.646728515625
8504,-3.753662109375
8505,38.371826171875
8506,44.206787109375
8507,-18.18408203125
8508,-33.86572265625
8509,-6.678955078125
8510,-1.5812988281250009
8511,35.4306640625
8512,42.9248046875
8513,-10.000732421875
8514,-10.0830078125
8515,-9.453613281250002
8516,-1.4775390625
8517,2.2236328125
8518,2.800537109375
8519,0.7395019531250002
8520,7.091064453125
8521,14.997314453125
8522,-12.763916015625002
8523,3.17041015625
8524,-4.998779296875
8525,0.896484375
8526,2.27099609375
8527,-1.757568359375
8528,3.4208984375000004
8529,-4.608642578125
8530,-1.759033203125
8531,5.88232421875
8532,13.149658203125
8533,-2.01318359375
8534,1.078857421875
8535,-1.14892578125
8536,-2.504150390625
8537,8.201904296875
8538,10.56103515625
8539,4.20703125
8540,-1.824462890625
8541,-9.629638671875
8542,12.675537109375
8543,3.5517578124999996
8544,0.444580078125
8545,-0.24316406250000022
8546,-0.539794921875
8547,9.156494140625
8548,10.62353515625
8549,-2.28125
8550,0.83251953125
8551,10.6767578125
8552,13.86962890625
8553,17.2421875
8554,16.79345703125
8555,0.6330566406249999
8556,-3.626953125
8557,6.424072265625
8558,4.172119140625
8559,12.612548828125
8560,-8.012939453125
8561,5.368896484375
8562,-3.625732421875
8563,1.0673828125
8564,4.8984375
8565,-3.611572265625001
8566,3.065917968749999
8567,2.972900390625
8568,14.561279296875
8569,58.96044921875
8570,-24.3642578125
8571,-20.0283203125
8572,7.00048828125
8573,5.603271484375
8574,17.562744140625
8575,63.19873046875
8576,-20.52734375
8577,-21.033203125
8578,13.28466796875
8579,8.08544921875
8580,15.231201171875
8581,-15.39990234375
8582,2.934326171875
8583,1.714111328125
8584,0.9267578125
8585,-12.873779296875
8586,23.516601562500004
8587,-16.354736328125
8588,6.68212890625
8589,-4.003662109375
8590,2.335205078125
8591,2.0048828125
8592,-10.181396484374998
8593,-16.96240234375
8594,-8.28662109375
8595,-1.5307617187500002
8596,18.4970703125
8597,24.562744140625
8598,-7.5400390625
8599,-1.5830078125
8600,-1.5649414062499998
8601,-5.1044921875
8602,19.86083984375
8603,26.19384765625
8604,0.77685546875
8605,-2.580810546875
8606,-7.008056640625001
8607,-0.562744140625
8608,8.744384765625
8609,5.037841796875
8610,1.877197265625
8611,7.697021484375
8612,-2.888916015625
8613,5.93505859375
8614,3.35888671875
8615,11.023681640625
8616,-4.337158203125
8617,6.71142578125
8618,-0.39013671875
8619,-0.287841796875
8620,37.703369140625
8621,105.31323242187501
8622,103.44775390625
8623,-37.134033203125
8624,-12.414550781250002
8625,-16.413330078125
8626,-20.366455078125
8627,113.214599609375
8628,103.359375
8629,-35.30712890625
8630,54.426513671875
8631,55.44873046875
8632,69.166748046875
8633,7.93701171875
8634,3.31005859375
8635,18.260498046875
8636,0.7272949218750001
8637,50.92187500000001
8638,0.17236328125
8639,16.25
8640,5.3388671875
8641,9.5302734375
8642,3.237548828124999
8643,-2.963623046875
8644,-5.951171875000001
8645,9.134521484375
8646,2.8388671875000004
8647,-1.745361328125
8648,-0.574951171875
8649,3.261474609375
8650,-0.02734375
8651,-1.159423828125
8652,-2.4111328124999996
8653,-2.4794921875000004
8654,-0.35961914062499994
8655,5.90380859375
8656,18.40234375
8657,3.322998046875
8658,2.3388671875000004
8659,-16.874755859375
8660,36.465087890625
8661,21.201171875
8662,34.93408203125
8663,-0.327392578125
8664,-14.763427734375
8665,-22.370849609375
8666,42.431396484375
8667,24.358154296875
8668,37.479248046875
8669,4.354736328125
8670,-17.52734375
8671,-23.408203125
8672,17.301513671875
8673,-16.543212890625
8674,-10.85400390625
8675,3.378173828125
8676,6.975830078125
8677,0.171142578125
8678,10.889892578125
8679,-14.76025390625
8680,-14.244140625
8681,2.04052734375
8682,6.173583984375
8683,12.97412109375
8684,18.1240234375
8685,-14.113525390625
8686,-17.2109375
8687,12.190673828125
8688,29.970947265625004
8689,5.042724609374999
8690,9.288330078125
8691,8.038818359375
8692,-18.244873046875
8693,14.469238281250002
8694,32.33056640625
8695,8.420654296875
8696,1.3872070312499996
8697,8.236572265625
8698,-14.206787109375
8699,33.224853515625
8700,30.274658203124996
8701,14.709716796875
8702,-10.093261718749998
8703,1.7592773437500002
8704,6.985595703125
8705,37.434326171875
8706,24.73291015625
8707,9.189208984375
8708,-19.599609375
8709,3.212890625
8710,-30.548095703125
8711,-30.141601562500004
8712,66.588134765625
8713,79.220458984375
8714,71.078369140625
8715,-6.580810546875001
8716,-45.4404296875
8717,-32.299560546875
8718,63.18945312500001
8719,81.48876953125
8720,64.942626953125
8721,28.573974609375
8722,-33.009033203125
8723,-35.404052734375
8724,76.11669921875
8725,83.770751953125
8726,-2.084716796874999
8727,22.3662109375
8728,6.5771484375
8729,47.26708984375
8730,39.669921875
8731,80.597900390625
8732,-6.377685546875001
8733,21.904296875
8734,142.44677734375
8735,-39.95312499999999
8736,53.06689453125001
8737,4.09619140625
8738,-2.163330078125
8739,1.2102050781249998
8740,10.759521484374998
8741,11.5830078125
8742,8.908447265625
8743,2.96826171875
8744,-0.1396484375
8745,-1.362060546875
8746,9.148681640625
8747,11.398925781250002
8748,5.7080078125
8749,-3.23388671875
8750,24.23828125
8751,-17.900390625
8752,-11.180419921875
8753,-3.868896484375
8754,54.98095703125
8755,15.1396484375
8756,13.47509765625
8757,-17.590087890625
8758,-13.6142578125
8759,-1.880615234375
8760,-1.213134765625
8761,-12.50634765625
8762,17.15380859375
8763,13.47119140625
8764,-23.1982421875
8765,-2.557861328125
8766,-5.40234375
8767,-17.804931640625
8768,17.22900390625
8769,-10.858642578125
8770,-23.612792968749996
8771,-0.6125488281249999
8772,-7.56103515625
8773,6.8818359375
8774,9.552490234375
8775,-4.666748046875
8776,5.21630859375
8777,5.279052734375
8778,1.8779296875
8779,-0.9653320312499998
8780,55.419189453125
8781,-0.7849121093750001
8782,5.9794921875
8783,0.05908203125
8784,5.6630859375
8785,3.073486328125
8786,-24.67138671875
8787,4.75537109375
8788,5.318115234375
8789,-27.16796875
8790,-4.994384765625
8791,19.171875
8792,35.5810546875
8793,-17.729248046875
8794,-1.535888671875
8795,2.699951171875
8796,-2.22265625
8797,8.843505859375
8798,36.11962890625
8799,1.9494628906250004
8800,-3.22509765625
8801,-2.997314453125
8802,28.83837890625
8803,-9.38720703125
8804,-12.398193359375
8805,-5.57861328125
8806,29.953857421875
8807,38.02441406250001
8808,45.64624023437499
8809,-15.52685546875
8810,-16.66943359375
8811,-7.675048828125
8812,79.36083984375
8813,35.92578125
8814,28.609130859375
8815,7.72216796875
8816,5.682373046875
8817,-1.566162109375
8818,2.831298828125
8819,8.092041015625
8820,6.55419921875
8821,2.584716796875
8822,14.5634765625
8823,3.216064453125
8824,3.868896484375
8825,20.632568359375
8826,32.142822265625
8827,15.244140625
8828,-18.906005859375
8829,18.580078125
8830,17.666015625
8831,11.5927734375
8832,-5.007080078125
8833,-6.16650390625
8834,-23.967529296875
8835,20.639404296875
8836,20.649169921875
8837,11.080322265625
8838,-23.828125
8839,-22.732666015625
8840,-24.509521484375
8841,61.83447265625
8842,37.3134765625
8843,19.84130859375
8844,-14.26220703125
8845,64.1279296875
8846,38.151611328125
8847,65.706787109375
8848,36.39599609375
8849,16.566650390625
8850,-11.07373046875
8851,15.829833984374998
8852,122.529296875
8853,87.42553710937499
8854,52.913330078125
8855,-9.010986328125
8856,-5.58544921875
8857,25.5830078125
8858,17.4814453125
8859,13.8291015625
8860,18.05517578125
8861,-9.942138671875
8862,-11.7880859375
8863,21.692138671875
8864,3.837890625
8865,89.218505859375
8866,-9.647216796875
8867,22.464599609375
8868,3.578857421875
8869,-1.282470703125
8870,-2.083740234375
8871,3.97705078125
8872,7.958251953125
8873,10.887451171875
8874,0.36059570312500006
8875,-3.9111328124999996
8876,-6.830322265625
8877,7.365966796875
8878,18.953369140625
8879,14.21875
8880,-13.609619140625
8881,-14.946533203125
8882,1.4038085937500002
8883,13.974365234375
8884,-9.780761718749998
8885,-6.312744140625001
8886,-4.738525390625001
8887,-17.060302734375
8888,8.23095703125
8889,15.608886718749998
8890,-1.7998046875
8891,-5.2685546875
8892,23.808837890625
8893,-7.193359375000001
8894,-28.13427734375
8895,44.759521484375
8896,37.619873046875
8897,-11.112060546875
8898,47.3125
8899,49.63671875
8900,-35.923583984375
8901,44.00146484375
8902,32.788818359375
8903,74.554931640625
8904,-30.537353515625
8905,-27.992431640625
8906,-3.453125
8907,-11.023681640625
8908,1.697509765625
8909,-10.829345703125
8910,-2.74560546875
8911,44.47705078125
8912,55.076904296875
8913,-8.9814453125
8914,0.145263671875
8915,-0.9382324218750001
8916,-14.961181640625
8917,13.856689453125
8918,26.750976562500004
8919,0.41015625
8920,-5.40478515625
8921,5.755615234375
8922,-5.34375
8923,-1.0712890625
8924,13.930175781250002
8925,31.537353515625
8926,-6.974365234375
8927,2.54052734375
8928,-8.394775390625
8929,35.821044921875
8930,19.661865234375
8931,24.751708984375
8932,8.489990234375
8933,36.532958984375
8934,44.343505859375
8935,8.537841796875
8936,0.48046875000000017
8937,-3.29296875
8938,-0.23291015625000044
8939,40.89892578125
8940,45.29248046875
8941,4.129638671875
8942,-56.981689453125
8943,0.736328125
8944,-18.338134765625
8945,26.35693359375
8946,-14.687744140625
8947,0.67431640625
8948,5.9658203125
8949,-80.580078125
8950,53.75756835937501
8951,-15.845703125
8952,-15.711181640625
8953,4.6669921875
8954,6.8544921875
8955,54.14306640624999
8956,16.24267578125
8957,-23.382568359375
8958,33.843505859375
8959,-27.4404296875
8960,-23.70751953125
8961,-19.74609375
8962,16.6689453125
8963,25.955810546875
8964,28.003173828125
8965,-26.815185546875
8966,-19.5048828125
8967,-25.894042968749996
8968,79.191650390625
8969,43.24804687499999
8970,41.86816406250001
8971,3.958984375
8972,-3.64306640625
8973,-5.943603515625
8974,-6.071533203125
8975,40.49072265625
8976,16.14990234375
8977,24.86767578125
8978,-5.602294921875
8979,-8.1083984375
8980,-9.171142578125
8981,23.530273437499996
8982,-0.574462890625
8983,7.533203124999999
8984,41.76904296875
8985,28.544189453125
8986,-14.746093750000002
8987,-10.889892578125
8988,-20.375976562500004
8989,-9.40380859375
8990,-4.406494140625
8991,30.756103515625
8992,-12.491699218749998
8993,-10.802734375
8994,-2.938232421875
8995,5.81201171875
8996,2.6865234375000004
8997,19.82373046875
8998,-1.837158203125
8999,3.808837890625
9000,-4.6650390625
9001,3.114013671875
9002,6.74609375
9003,14.4912109375
9004,-1.771484375
9005,-0.390869140625
9006,-3.9736328124999996
9007,-0.8864746093750001
9008,1.578369140625
9009,11.434814453125
9010,9.398681640625
9011,9.567626953125
9012,4.525390625
9013,-15.40869140625
9014,-4.11083984375
9015,-15.767333984374998
9016,17.0703125
9017,9.855468750000002
9018,-0.14208984375
9019,-12.400146484374998
9020,13.896728515625002
9021,4.400390625
9022,7.10595703125
9023,-36.5234375
9024,-32.412109375
9025,54.685791015625
9026,15.562988281250002
9027,0.8408203125
9028,-4.010009765625
9029,4.296630859374999
9030,-34.964599609375
9031,52.2626953125
9032,16.248779296875
9033,-18.28076171875
9034,-22.867431640625
9035,-14.991699218749998
9036,7.85205078125
9037,2.863525390625
9038,-4.847167968750001
9039,3.912109375
9040,1.8046875
9041,9.502685546875
9042,-7.5751953125
9043,1.332763671875
9044,-2.685546875
9045,4.3154296875
9046,4.005615234375
9047,10.631591796875
9048,-1.564208984375
9049,27.57763671875
9050,6.65087890625
9051,-2.2490234375
9052,-4.1015625
9053,3.029052734375
9054,5.072998046875
9055,12.494873046875
9056,9.1796875
9057,-4.4755859375
9058,-2.601806640625
9059,8.993408203125
9060,23.751220703125
9061,19.055908203124996
9062,12.7353515625
9063,-8.645263671875
9064,0.98876953125
9065,1.614013671875
9066,55.97900390625
9067,22.767822265625004
9068,10.853515625
9069,-3.5244140624999996
9070,2.720703125
9071,-3.697265625
9072,5.60986328125
9073,18.617919921875
9074,3.881103515625
9075,-16.383056640625
9076,-6.04345703125
9077,23.539306640625
9078,18.367431640625
9079,-41.120361328125
9080,-16.982666015625
9081,-8.619384765625
9082,-0.6477050781249999
9083,27.259033203124996
9084,28.533447265625004
9085,-9.6533203125
9086,2.5732421875000004
9087,-14.939697265625
9088,11.518798828125
9089,-0.8063964843750001
9090,15.972656249999998
9091,9.396240234375
9092,-8.8544921875
9093,-0.034423828125
9094,5.533203124999999
9095,-1.4265136718749998
9096,15.39208984375
9097,18.576416015625
9098,18.162109375
9099,-0.58837890625
9100,4.166748046875
9101,-1.748046875
9102,9.53125
9103,13.369873046875
9104,22.871582031250004
9105,3.018798828125
9106,-5.293701171875
9107,0.3486328125
9108,3.01806640625
9109,14.731201171875
9110,28.6630859375
9111,21.845947265625004
9112,9.562255859375
9113,1.5087890625
9114,6.467529296875
9115,42.85986328125
9116,17.238525390625
9117,-11.925048828125
9118,43.954345703125
9119,-35.227783203125
9120,4.409423828125
9121,37.0712890625
9122,10.129150390625
9123,-16.099853515625
9124,31.175292968749996
9125,40.150634765625
9126,20.10205078125
9127,3.558349609375
9128,-2.539306640625
9129,-3.095947265625
9130,-1.6630859375
9131,-7.243408203125
9132,1.7880859375
9133,-3.341064453125
9134,-1.9321289062499998
9135,-0.6870117187499998
9136,-1.114990234375
9137,-10.429443359375
9138,8.620849609375
9139,9.298583984374998
9140,10.96875
9141,-11.7763671875
9142,-10.4365234375
9143,-18.096435546875
9144,9.48193359375
9145,8.543701171875
9146,18.068115234375
9147,-7.1572265625
9148,-14.278564453125
9149,-16.52197265625
9150,0.300537109375
9151,0.96435546875
9152,14.98681640625
9153,26.03564453125
9154,4.880615234375
9155,-5.175048828125
9156,-2.9453125
9157,32.984375
9158,32.585205078125
9159,14.856201171875
9160,11.927001953125
9161,-1.01171875
9162,1.2932128906249998
9163,-7.76513671875
9164,0.515380859375
9165,18.643798828125
9166,3.21142578125
9167,45.52099609375
9168,65.02880859375
9169,59.13500976562501
9170,-9.654296875
9171,-11.530761718749998
9172,0.14111328125000006
9173,46.508056640625
9174,56.4560546875
9175,61.6787109375
9176,8.237060546875
9177,6.193115234375
9178,9.4912109375
9179,-8.89990234375
9180,12.238037109375
9181,37.884765625
9182,28.89453125
9183,-29.781494140625
9184,-11.169921875
9185,2.574951171875
9186,11.383056640625
9187,44.167236328125
9188,34.335205078125
9189,7.70849609375
9190,-7.643798828125
9191,-19.48876953125
9192,58.618896484375
9193,-23.809326171875
9194,-6.593017578125
9195,2.668701171875
9196,63.451171875
9197,68.3974609375
9198,47.2900390625
9199,-16.342529296875
9200,-2.4990234375000004
9201,4.822753906249999
9202,11.26416015625
9203,36.914794921875
9204,72.768798828125
9205,34.0908203125
9206,-39.453369140625
9207,-44.712158203125
9208,-32.233642578125
9209,-2.90185546875
9210,52.76953125
9211,34.326171875
9212,-39.4501953125
9213,-44.431884765625
9214,-36.601318359375
9215,26.157958984375
9216,62.09619140625
9217,5.224365234375
9218,8.504638671875
9219,1.504638671875
9220,-8.115966796875
9221,12.694824218749998
9222,-19.54736328125
9223,-1.2531738281249998
9224,-19.733398437499996
9225,1.711669921875
9226,-7.701171875000001
9227,7.022216796875
9228,41.744873046875
9229,-18.195556640625
9230,53.29833984375
9231,6.599365234375
9232,16.302978515625
9233,3.57861328125
9234,-6.7431640625
9235,-6.689453124999999
9236,31.515625
9237,3.056396484375
9238,11.0341796875
9239,5.048583984375
9240,-3.715087890625
9241,38.64868164062499
9242,13.374511718749998
9243,29.92333984375
9244,-37.057861328125
9245,-36.463134765625
9246,38.4345703125
9247,33.36572265625
9248,3.770263671875
9249,-2.905517578125
9250,-36.986328125
9251,-36.3955078125
9252,40.43017578125
9253,34.592529296875
9254,8.559326171875
9255,20.828857421875
9256,-26.419921875
9257,-4.56884765625
9258,-0.6835937499999999
9259,9.868408203125
9260,2.2734375
9261,2.415771484375
9262,2.37744140625
9263,7.781982421875
9264,0.344970703125
9265,7.706298828125
9266,6.739501953125
9267,3.12158203125
9268,3.446044921875
9269,3.104248046875
9270,1.703125
9271,13.7890625
9272,-1.766357421875
9273,1.604736328125
9274,39.1826171875
9275,-11.37841796875
9276,-6.402099609374999
9277,11.775146484374998
9278,-0.35791015625
9279,-2.897705078125
9280,-11.008544921875
9281,0.379638671875
9282,2.4169921875000004
9283,-17.104736328125
9284,23.2470703125
9285,45.67993164062499
9286,-2.820556640625
9287,69.40576171875
9288,-12.831298828125
9289,-15.791015625
9290,24.939453125
9291,46.763916015625
9292,1.3159179687500002
9293,-37.664306640625
9294,-20.56884765625
9295,-16.058349609375
9296,-36.538330078125
9297,-11.18994140625
9298,-3.5888671875000004
9299,53.427978515625
9300,6.107177734375
9301,-1.592041015625
9302,23.836181640625
9303,-17.720947265625
9304,-5.08740234375
9305,45.35205078125
9306,-17.77880859375
9307,6.1923828125
9308,-43.756591796875
9309,-14.56884765625
9310,-17.703857421875
9311,1.614501953125
9312,-0.65234375
9313,5.042724609374999
9314,1.6157226562499998
9315,1.6274414062499998
9316,-12.3291015625
9317,-2.8798828124999996
9318,-6.19189453125
9319,3.015869140625
9320,-2.366943359375
9321,-0.414306640625
9322,13.39501953125
9323,26.7099609375
9324,-22.17919921875
9325,-25.19873046875
9326,77.53857421875
9327,-3.066162109375
9328,66.83837890625
9329,22.288330078125
9330,-34.02001953125
9331,-28.969970703125
9332,-13.266357421875
9333,6.4423828125
9334,-16.141845703125
9335,10.075927734375
9336,6.192138671875
9337,10.040771484374998
9338,10.31396484375
9339,-4.40869140625
9340,-7.864990234375
9341,-1.4326171875
9342,4.518310546875
9343,15.380615234375
9344,12.1171875
9345,-23.81298828125
9346,3.976806640625
9347,13.729248046875
9348,13.969970703125
9349,13.447021484374998
9350,5.12451171875
9351,14.70654296875
9352,-4.28466796875
9353,-9.567626953125
9354,9.510986328125
9355,17.881103515625
9356,6.51171875
9357,14.957031249999998
9358,4.924560546875
9359,-17.603515625
9360,7.3798828125
9361,120.69287109375
9362,-36.94995117187499
9363,-36.170166015625
9364,-37.999267578125
9365,73.609130859375
9366,67.8466796875
9367,111.630126953125
9368,-37.11376953125
9369,-36.77783203125
9370,-35.527099609375
9371,14.88037109375
9372,116.54052734375
9373,124.131591796875
9374,18.18798828125
9375,2.91455078125
9376,-10.9951171875
9377,1.277099609375
9378,51.615478515625
9379,-4.695068359374999
9380,27.441162109375
9381,2.97021484375
9382,-12.54150390625
9383,1.357177734375
9384,-1.076416015625
9385,-3.265869140625
9386,-8.36572265625
9387,8.50439453125
9388,-4.1005859375
9389,-1.162109375
9390,-8.663330078125
9391,-5.497802734375
9392,1.682861328125
9393,-2.770263671875
9394,-4.259765625
9395,-5.578125
9396,-8.34326171875
9397,-20.76708984375
9398,-7.19775390625
9399,12.711425781250002
9400,41.32568359375001
9401,-1.8774414062500004
9402,0.21850585937500006
9403,-3.093017578125
9404,15.289550781250002
9405,39.6357421875
9406,53.287841796875
9407,-3.830078125
9408,0.5563964843749998
9409,3.261474609375
9410,-2.36669921875
9411,42.0439453125
9412,45.617919921875
9413,0.568603515625
9414,5.278564453125
9415,18.533203125
9416,0.9631347656249996
9417,-5.867431640625001
9418,7.0869140625
9419,20.518798828125
9420,8.833984375
9421,13.351318359375
9422,-3.943115234375
9423,16.8349609375
9424,9.857177734375
9425,-1.8081054687500002
9426,125.45263671875001
9427,27.2138671875
9428,-9.4169921875
9429,-6.501953125000002
9430,72.758544921875
9431,38.970458984375
9432,30.750976562500004
9433,28.013671875
9434,-11.542968750000002
9435,-8.752197265625004
9436,-23.65673828125
9437,75.161376953125
9438,130.754150390625
9439,-6.36767578125
9440,-12.6083984375
9441,-12.560791015625002
9442,-5.40771484375
9443,-8.83544921875
9444,-11.138916015625002
9445,-10.539306640625
9446,-8.76611328125
9447,-14.748291015625002
9448,-6.7158203125
9449,53.15771484375
9450,-8.707275390625
9451,-5.64111328125
9452,8.48193359375
9453,-9.202880859375
9454,29.2255859375
9455,48.6923828125
9456,-43.51879882812501
9457,-32.944580078125
9458,-20.893310546875
9459,-9.052978515625
9460,29.849365234375
9461,50.9609375
9462,4.403564453125
9463,-18.041015625
9464,15.0859375
9465,2.6474609375000004
9466,6.64453125
9467,1.533935546875
9468,3.54296875
9469,-0.038330078125
9470,11.123046875
9471,-0.11669921875
9472,6.773681640625001
9473,-0.7580566406249999
9474,3.18310546875
9475,6.54296875
9476,3.1357421875000004
9477,1.491943359375
9478,11.7919921875
9479,1.5244140624999998
9480,-11.192138671875
9481,-0.7656249999999999
9482,13.13037109375
9483,-10.506103515625002
9484,3.1669921875000004
9485,0.57958984375
9486,-8.3095703125
9487,-3.0791015624999996
9488,9.634521484374998
9489,12.031494140625
9490,22.273681640625
9491,-2.488037109375
9492,-2.950439453125
9493,-7.01318359375
9494,10.236572265625
9495,4.339111328125
9496,21.122802734374996
9497,8.06005859375
9498,-5.181640624999999
9499,-1.2507324218750002
9500,16.78759765625
9501,2.0026855468749996
9502,1.669921875
9503,11.5625
9504,-3.95556640625
9505,34.6083984375
9506,120.02319335937501
9507,-1.299560546875
9508,22.9501953125
9509,7.162109375000001
9510,21.634521484375
9511,40.84375
9512,123.550048828125
9513,1.6381835937500002
9514,0.9270019531249999
9515,-3.81396484375
9516,9.621093750000002
9517,-10.62646484375
9518,12.030029296875
9519,11.943603515625002
9520,3.60302734375
9521,20.54931640625
9522,-27.911865234375
9523,-10.102294921875
9524,11.614501953125
9525,7.05126953125
9526,-0.4306640625
9527,-0.2607421875
9528,-16.168701171875
9529,-26.41064453125
9530,37.424072265625
9531,2.196044921874998
9532,13.395263671875
9533,1.2990722656249964
9534,30.01513671875
9535,65.199462890625
9536,47.5263671875
9537,3.7189941406250058
9538,8.881103515625
9539,11.580078125
9540,5.427734374999999
9541,52.13232421875
9542,47.875244140625
9543,23.54541015625
9544,-6.739990234375
9545,-15.991943359375
9546,-14.271484375
9547,0.01953125
9548,10.7958984375
9549,11.65478515625
9550,-14.44970703125
9551,-6.061279296875
9552,-14.659423828125
9553,8.765869140625
9554,10.2607421875
9555,12.004638671875
9556,3.17626953125
9557,77.146240234375
9558,84.33251953125001
9559,68.168212890625
9560,-9.70849609375
9561,-10.429443359375
9562,2.1748046874999982
9563,81.234130859375
9564,81.5908203125
9565,57.150390625
9566,9.542968750000002
9567,14.451171874999998
9568,8.12841796875
9569,-13.860595703125
9570,70.46630859375
9571,51.953857421875
9572,104.547119140625
9573,1.8403320312499998
9574,-36.3388671875
9575,-4.363037109375
9576,62.774658203125
9577,52.202392578125
9578,91.581298828125
9579,-5.618896484375
9580,-33.84814453125
9581,-0.258789062500001
9582,-26.19482421875
9583,63.2080078125
9584,36.54931640625
9585,82.59423828125
9586,-16.787353515625
9587,-6.65966796875
9588,7.087158203125
9589,60.38037109375
9590,35.31005859375
9591,79.368408203125
9592,-0.2265625000000013
9593,-57.08203125
9594,-15.645751953125
9595,-4.274169921875
9596,-3.56982421875
9597,-8.83447265625
9598,-9.228759765625
9599,-7.103515624999999
9600,-3.986083984375
9601,-11.092529296875
9602,1.048095703125
9603,-7.982666015625
9604,-8.545654296875
9605,-0.8688964843750001
9606,-0.206787109375
9607,-7.28857421875
9608,7.021728515625
9609,8.273681640625
9610,-6.470214843750002
9611,14.03564453125
9612,46.002685546875
9613,-24.00244140625
9614,61.799560546875
9615,6.531982421875
9616,-5.907470703125
9617,7.03125
9618,-11.277099609375
9619,43.932373046875
9620,13.1552734375
9621,34.961181640625
9622,-5.923095703125
9623,15.8037109375
9624,23.861572265625004
9625,27.300048828125
9626,30.064453125
9627,41.47412109375
9628,-4.30712890625
9629,22.1875
9630,14.118408203125
9631,-2.539306640625
9632,31.83837890625
9633,40.702392578125
9634,5.897216796875
9635,-1.8046875
9636,7.74462890625
9637,14.859130859375
9638,-12.963134765625
9639,4.77734375
9640,14.619873046875
9641,-2.51953125
9642,7.614501953125
9643,12.406738281250002
9644,-20.579345703125
9645,-0.458251953125
9646,22.149658203124996
9647,80.9443359375
9648,18.457763671875
9649,-16.66455078125
9650,-9.158691406250002
9651,23.4755859375
9652,77.72900390625
9653,67.05322265625
9654,13.7119140625
9655,-15.97509765625
9656,-11.784912109375002
9657,107.79736328124999
9658,218.397216796875
9659,79.098876953125
9660,-0.662109375
9661,2.624267578125
9662,-4.609375
9663,-2.8359375
9664,-25.33642578125
9665,10.191162109375
9666,0.8115234375
9667,2.958740234375
9668,-3.607666015625
9669,-4.96240234375
9670,4.73193359375
9671,-0.060546875
9672,-3.05908203125
9673,3.5556640624999996
9674,-3.231689453125
9675,-2.793701171875
9676,7.9599609375
9677,-10.693603515625002
9678,-0.05029296874999978
9679,2.24755859375
9680,-0.94091796875
9681,-0.6950683593750001
9682,2.922607421875
9683,-9.543212890625
9684,-4.737060546875
9685,-7.686279296875
9686,-9.734619140625
9687,57.81201171875
9688,-12.643310546875
9689,0.391357421875
9690,15.1201171875
9691,20.58935546875
9692,27.754150390625
9693,58.062255859375
9694,-9.082275390625
9695,-1.01025390625
9696,1.885498046875
9697,-1.2182617187500002
9698,-10.923828125
9699,-20.48828125
9700,12.332031249999998
9701,22.64697265625
9702,12.982421875
9703,-6.1826171875
9704,-12.732177734375
9705,-15.099365234375
9706,9.492431640625
9707,33.35986328125
9708,15.9951171875
9709,-18.0634765625
9710,-13.19384765625
9711,3.593994140625
9712,11.984375
9713,-5.71337890625
9714,0.7658691406249999
9715,4.6240234375
9716,18.66796875
9717,10.992675781250002
9718,-3.44287109375
9719,-9.68212890625
9720,6.800537109374999
9721,8.794677734375
9722,3.86669921875
9723,10.609130859375
9724,-2.314208984375
9725,7.26806640625
9726,12.785888671875
9727,-2.8671875
9728,-4.685302734375
9729,2.4101562500000004
9730,-12.17333984375
9731,22.587158203124996
9732,7.1025390625
9733,-0.436767578125
9734,1.5122070312499998
9735,74.97265625
9736,36.01953125
9737,29.865966796875004
9738,-1.125244140625
9739,-2.385986328125
9740,-12.146728515625002
9741,-3.26318359375
9742,-21.468017578125
9743,-15.615478515625002
9744,-5.659423828125
9745,-0.28637695312499994
9746,-6.991455078125
9747,-6.2783203125
9748,-9.761474609375
9749,-17.24072265625
9750,7.677978515625
9751,-4.550048828125
9752,-3.352294921875
9753,2.3671875
9754,-5.41552734375
9755,-12.01416015625
9756,34.613037109375
9757,3.116943359375
9758,-4.7119140625
9759,-0.206298828125
9760,-6.0087890625
9761,-2.144775390625
9762,-6.55078125
9763,-2.97119140625
9764,11.485595703125
9765,10.50927734375
9766,9.85791015625
9767,10.3505859375
9768,-6.464111328125
9769,8.808837890625
9770,12.217041015625002
9771,11.31787109375
9772,18.0673828125
9773,18.35595703125
9774,-15.0
9775,3.048583984375
9776,5.415771484375
9777,-25.299072265625004
9778,27.6806640625
9779,20.5283203125
9780,21.42333984375
9781,-23.53125
9782,-36.356201171875
9783,-22.42578125
9784,23.333740234375
9785,19.544677734374996
9786,21.725341796875004
9787,-11.40087890625
9788,-28.891357421875
9789,-21.88671875
9790,10.169189453125
9791,10.617675781250002
9792,12.794677734375
9793,6.298095703125
9794,-6.21630859375
9795,-4.880615234375
9796,3.9375
9797,7.7783203125
9798,10.66162109375
9799,0.6181640625
9800,2.51806640625
9801,-7.651123046875
9802,7.283935546875
9803,-7.2216796875
9804,-2.681884765625
9805,0.9992675781249999
9806,6.81884765625
9807,10.708740234375
9808,8.760986328125
9809,4.929443359374999
9810,-6.14892578125
9811,2.89990234375
9812,12.577636718749998
9813,8.529296875
9814,-13.552734375
9815,-29.042236328125
9816,-6.25048828125
9817,34.3583984375
9818,22.050537109375
9819,12.945068359375
9820,7.38232421875
9821,20.668701171875
9822,12.702880859375
9823,27.076416015625
9824,30.2470703125
9825,8.31298828125
9826,18.666748046875
9827,17.94091796875
9828,16.518798828125
9829,1.09033203125
9830,5.727294921875
9831,0.4951171875
9832,-3.47607421875
9833,-5.171142578125
9834,11.196533203125
9835,9.77490234375
9836,4.188232421875
9837,-1.460693359375
9838,-7.15966796875
9839,15.97216796875
9840,13.227783203125
9841,0.149658203125
9842,-4.130859375
9843,-7.5673828125
9844,2.281005859375
9845,0.8395996093750001
9846,-15.183349609375
9847,-0.45458984375
9848,-3.791748046875
9849,-7.31982421875
9850,2.55712890625
9851,-1.32421875
9852,-6.203857421875
9853,-10.7099609375
9854,8.871826171875
9855,1.1376953125
9856,11.785400390625
9857,8.763427734375
9858,14.894287109375
9859,17.265625
9860,2.047607421875
9861,-3.177734375
9862,11.227783203125
9863,11.447509765625
9864,14.802001953125
9865,-25.1904296875
9866,6.5654296875
9867,-10.97412109375
9868,67.41650390625
9869,17.862548828125
9870,-24.990478515625
9871,-29.791748046875
9872,21.732177734374996
9873,87.61865234375
9874,112.893798828125
9875,16.576904296875
9876,-19.628173828125
9877,-28.277099609375
9878,3.620849609375
9879,120.105224609375
9880,-37.019287109375
9881,24.287353515625
9882,10.40283203125
9883,-10.60009765625
9884,-15.654296875
9885,47.766357421875
9886,78.082763671875
9887,30.359619140625
9888,6.505859375000001
9889,-18.573486328125
9890,-16.330322265625
9891,13.906494140625
9892,8.13525390625
9893,20.501708984375
9894,-13.480224609375
9895,-11.57568359375
9896,-5.382568359374999
9897,26.918212890625
9898,-10.052734375
9899,6.6572265625
9900,2.05029296875
9901,-15.681396484374998
9902,-2.193359375
9903,25.3037109375
9904,-0.164306640625
9905,5.91015625
9906,-7.1015625
9907,-3.7509765624999996
9908,39.441162109375
9909,38.672119140625
9910,22.785400390625
9911,-9.886474609375
9912,-12.12158203125
9913,-3.540283203125
9914,44.83642578125
9915,41.756591796875
9916,32.49853515625
9917,-1.773681640625
9918,-12.966796875
9919,7.78515625
9920,-14.5244140625
9921,-19.063720703125
9922,-30.2099609375
9923,27.1826171875
9924,55.75732421875
9925,-0.791015625
9926,-9.779541015625002
9927,-16.437255859375
9928,-37.18603515625
9929,27.38427734375
9930,21.70556640625
9931,-2.22314453125
9932,20.321044921875
9933,-12.06591796875
9934,13.74755859375
9935,6.535888671875
9936,7.173583984375
9937,3.42724609375
9938,-1.3764648437500002
9939,-11.52783203125
9940,15.093505859375
9941,13.5380859375
9942,7.6826171875
9943,-3.528564453125
9944,4.46435546875
9945,-16.651611328125
9946,41.4951171875
9947,-49.311767578125
9948,-45.194580078125
9949,-41.707763671875
9950,-12.15625
9951,65.8896484375
9952,64.8681640625
9953,-49.557373046875
9954,-48.735595703125
9955,-37.03759765625
9956,14.843261718749998
9957,33.28662109375
9958,35.50537109375
9959,2.67529296875
9960,3.1923828124999996
9961,7.298828124999999
9962,2.015869140625
9963,1.8432617187500002
9964,-0.8154296875
9965,1.860107421875
9966,6.138916015625
9967,5.7265625
9968,9.01123046875
9969,0.7404785156249999
9970,3.13330078125
9971,0.5715332031250002
9972,32.693115234375
9973,-11.032470703125
9974,-22.720947265625004
9975,29.2138671875
9976,5.383544921875
9977,-8.90771484375
9978,-0.202392578125
9979,-16.30908203125
9980,-23.4130859375
9981,26.710693359375
9982,-35.845458984375
9983,108.17138671875
9984,-46.7841796875
9985,-31.59423828125
9986,60.13427734375
9987,6.370849609374999
9988,17.4169921875
9989,-45.31396484375
9990,-45.921630859375
9991,1.408203125
9992,66.26025390625
9993,7.49609375
9994,21.223876953125
9995,-10.9130859375
9996,-5.976318359374999
9997,-13.136718750000002
9998,-5.908935546875
9999,-23.38134765625
10000,-9.324462890625
10001,39.10302734375
10002,-24.996582031250004
10003,-7.969970703125
10004,-8.893310546875
10005,-23.334228515625
10006,-1.8095703125
10007,39.993896484375
10008,10.836425781250002
10009,-17.044189453125
10010,35.009033203125
10011,21.613525390625
10012,-12.044189453125
10013,-4.009521484375
10014,-5.528564453125
10015,-7.43212890625
10016,11.316406249999998
10017,-6.75439453125
10018,-9.31591796875
10019,-3.264404296875
10020,-6.120361328125
10021,88.430419921875
10022,9.403564453125
10023,40.937255859375
10024,14.34814453125
10025,1.2294921875
10026,-4.4912109375
10027,-2.684814453125
10028,-7.790283203125
10029,14.4453125
10030,7.265869140625001
10031,2.52587890625
10032,-5.457275390625001
10033,-6.214111328125
10034,18.10693359375
10035,21.15478515625
10036,2.333984375
10037,-1.935302734375
10038,-1.1674804687500004
10039,4.265380859375
10040,30.607421875
10041,-11.473876953125
10042,-6.827880859374999
10043,-0.9443359375
10044,-3.541259765625
10045,6.732666015625
10046,27.423828125
10047,9.39697265625
10048,4.578369140625
10049,-2.641357421875
10050,38.602783203125
10051,-22.0986328125
10052,-19.164306640625
10053,0.066650390625
10054,10.201171875
10055,31.512939453125
10056,36.750244140625
10057,-22.96826171875
10058,-19.752685546875
10059,4.416015625
10060,19.654541015625
10061,29.548095703125
10062,19.4404296875
10063,16.970703125
10064,45.96435546874999
10065,50.8974609375
10066,-8.451904296875
10067,25.246826171875
10068,42.097900390625
10069,96.187744140625
10070,51.35693359375001
10071,50.027587890625
10072,-14.191406249999998
10073,4.82373046875
10074,17.218505859375
10075,26.202392578125
10076,-16.1103515625
10077,4.88134765625
10078,17.89794921875
10079,-0.7805175781249999
10080,4.502197265625
10081,-6.861328124999999
10082,3.76416015625
10083,5.307861328125
10084,18.825439453125
10085,1.703857421875
10086,-3.042236328125
10087,12.962890625
10088,-1.719482421875
10089,-5.4599609375
10090,8.745849609375
10091,3.7509765624999996
10092,-1.572021484375
10093,23.457275390625
10094,0.205810546875
10095,-0.978515625
10096,6.7822265625
10097,-2.920166015625
10098,0.05737304687499989
10099,15.6435546875
10100,-6.301513671875
10101,-11.312255859375
10102,10.086669921875
10103,4.360107421875
10104,-12.847656249999998
10105,-12.133300781250002
10106,3.548095703125
10107,3.59326171875
10108,-3.59765625
10109,1.949951171875
10110,-14.261474609375
10111,-11.130126953125
10112,-1.989013671875
10113,2.193359375
10114,8.53369140625
10115,-10.622314453125
10116,-6.964111328125
10117,-0.039306640625
10118,-6.734619140625001
10119,7.443115234375
10120,-5.741943359374999
10121,13.507324218749998
10122,-1.524169921875
10123,-0.9143066406250002
10124,-5.07861328125
10125,16.149169921875
10126,0.262939453125
10127,-3.223388671875
10128,-4.18310546875
10129,-7.445068359374999
10130,-6.824462890625001
10131,-7.537109375000001
10132,-3.399658203125
10133,-5.671142578125
10134,-7.3642578125
10135,-0.50537109375
10136,-7.232421875000001
10137,-8.353515625
10138,29.501708984375
10139,-5.689208984375
10140,-1.791748046875
10141,113.4072265625
10142,9.153564453124998
10143,7.621826171874998
10144,0.8278808593750004
10145,-19.47607421875
10146,127.107421875
10147,123.26123046875
10148,0.6311035156249973
10149,11.685791015624998
10150,4.364501953124997
10151,20.518798828125
10152,118.3134765625
10153,110.478515625
10154,-7.371826171875
10155,14.40869140625
10156,49.12646484375
10157,23.6923828125
10158,20.72802734375
10159,21.189208984375
10160,10.182861328125
10161,17.652587890625
10162,44.08691406250001
10163,17.993896484375
10164,-2.310546875
10165,-12.238037109375
10166,-26.14013671875
10167,147.223388671875
10168,25.814453125
10169,46.961669921875
10170,-40.018310546875
10171,27.632568359375
10172,59.60986328125
10173,64.5703125
10174,25.074707031250004
10175,38.21752929687501
10176,-43.499267578125
10177,60.83154296875
10178,-7.66845703125
10179,61.715087890625
10180,4.18896484375
10181,8.604248046875
10182,3.0888671875000004
10183,5.043212890625001
10184,-3.078857421875
10185,5.921630859374999
10186,0.41748046875
10187,2.178466796875
10188,7.9736328125
10189,11.527587890625
10190,5.85888671875
10191,4.735107421875
10192,7.69482421875
10193,7.2763671875
10194,6.36328125
10195,-9.413818359375
10196,12.22412109375
10197,-6.605224609374999
10198,-0.6728515625
10199,2.312744140625
10200,4.322021484375
10201,-9.56884765625
10202,14.89404296875
10203,27.583740234375
10204,-8.933837890625
10205,31.802978515625
10206,18.4306640625
10207,-19.565917968749996
10208,-9.91650390625
10209,-6.880615234375
10210,-19.052001953125
10211,-17.0703125
10212,-27.684326171875
10213,-11.250732421875
10214,-14.477050781250002
10215,0.69287109375
10216,-63.612060546875
10217,-63.160400390625
10218,55.8447265625
10219,-4.7685546875
10220,20.05615234375
10221,-5.244384765625
10222,-7.207275390625001
10223,63.735595703125
10224,23.7919921875
10225,-12.8916015625
10226,18.749755859375
10227,-4.431396484375
10228,-8.3154296875
10229,-10.10791015625
10230,14.223388671875
10231,2.198486328125
10232,-20.597167968749996
10233,-29.173095703125
10234,-9.348876953125
10235,-9.185302734375
10236,59.25195312500001
10237,2.67333984375
10238,-15.138916015625002
10239,-26.414794921875
10240,-15.529052734375
10241,-9.613037109375
10242,-25.35107421875
10243,-22.689208984375
10244,-14.126220703125
10245,56.38745117187499
10246,-17.574951171875
10247,10.5693359375
10248,6.8935546875
10249,-2.4765625
10250,14.702880859375
10251,62.008544921875
10252,-16.501953125
10253,6.161376953125
10254,0.36669921874999867
10255,30.7841796875
10256,17.7783203125
10257,58.73193359375001
10258,26.28173828125
10259,-18.189697265625
10260,10.491943359375
10261,13.362548828125
10262,8.70068359375
10263,-4.652587890625001
10264,-2.361572265625
10265,-14.694091796875
10266,15.6513671875
10267,10.86865234375
10268,93.140380859375
10269,-8.686279296875
10270,34.666259765625
10271,17.637451171875
10272,8.26318359375
10273,14.991699218749998
10274,2.503662109375
10275,-2.20849609375
10276,-14.4296875
10277,-17.961181640625
10278,13.852783203125
10279,8.862060546875
10280,-0.37890625
10281,-3.84521484375
10282,-1.826416015625
10283,-0.86083984375
10284,-5.250732421875
10285,0.078857421875
10286,-0.8967285156249999
10287,19.789062499999996
10288,0.9108886718750001
10289,-3.19189453125
10290,0.4833984375
10291,2.93994140625
10292,-1.525634765625
10293,22.186279296875
10294,1.3247070312499998
10295,-3.866943359375
10296,12.69775390625
10297,44.828369140625
10298,22.05126953125
10299,5.865478515625
10300,-29.085205078125
10301,81.75830078125
10302,22.37353515625
10303,43.099853515625
10304,18.8125
10305,13.479736328125
10306,-38.058349609375
10307,-3.13525390625
10308,25.79052734375
10309,68.32470703125
10310,10.070800781250002
10311,1.607666015625
10312,26.78662109375
10313,-16.115234375
10314,1.021728515625
10315,3.33984375
10316,4.003173828125
10317,0.2333984375
10318,27.12451171875
10319,-12.340576171875
10320,20.109375
10321,16.90576171875
10322,29.743896484375
10323,1.175048828125
10324,8.943603515625
10325,7.599609375000001
10326,5.78369140625
10327,-13.181396484374998
10328,3.02734375
10329,-1.5776367187500002
10330,1.9135742187500002
10331,6.450439453125
10332,5.28125
10333,-6.045166015625
10334,-3.88916015625
10335,2.2705078125
10336,0.9609374999999997
10337,-5.328857421875
10338,15.6455078125
10339,21.908203125
10340,2.46826171875
10341,-1.6088867187500002
10342,-7.123291015625
10343,-6.043212890625001
10344,19.19287109375
10345,21.1513671875
10346,-11.15869140625
10347,-4.720947265625
10348,-8.216064453125
10349,-24.033203125
10350,-70.3798828125
10351,-27.193603515625
10352,-23.69873046875
10353,-22.52734375
10354,16.07958984375
10355,-18.89697265625
10356,-71.107666015625
10357,-27.157958984375
10358,-23.237792968749996
10359,11.988525390625
10360,15.13623046875
10361,-20.425048828125
10362,-31.733154296875
10363,-21.42822265625
10364,28.822021484375
10365,34.055908203125
10366,-25.135498046875
10367,45.14379882812501
10368,-28.916748046875
10369,-23.01611328125
10370,29.496826171875
10371,32.7119140625
10372,25.585693359375
10373,-38.123291015625
10374,-28.441162109375
10375,14.711669921875
10376,-16.117431640625
10377,-6.649658203125
10378,63.004638671875
10379,4.374755859375
10380,12.27587890625
10381,2.232177734375
10382,-17.50244140625
10383,-14.759765625
10384,60.53247070312499
10385,3.156494140625
10386,-6.630615234375
10387,-13.83349609375
10388,31.063232421875
10389,16.0078125
10390,-11.703125
10391,-12.079345703125
10392,-47.74658203125
10393,-37.33349609375
10394,30.79248046875
10395,6.73583984375
10396,-6.5751953125
10397,-17.406005859375
10398,29.229736328125
10399,33.64453125
10400,8.933837890625
10401,19.5517578125
10402,11.6708984375
10403,9.784912109375
10404,-1.760009765625
10405,0.24536132812500022
10406,-7.639892578125
10407,39.08544921875
10408,7.01953125
10409,10.244873046875
10410,-3.203369140625
10411,-0.217041015625
10412,13.265625
10413,21.344482421875
10414,41.7236328125
10415,104.73193359375
10416,-46.02685546874999
10417,-34.096435546875
10418,40.503173828125
10419,38.5927734375
10420,39.912841796875
10421,109.67871093749999
10422,-47.585205078125
10423,-37.60058593749999
10424,35.109619140625
10425,13.212158203125
10426,13.6318359375
10427,10.989990234375
10428,5.23486328125
10429,-3.396728515625
10430,-2.193359375
10431,-5.611328124999999
10432,0.11328125
10433,13.306884765625
10434,5.12255859375
10435,-7.234375
10436,-6.26318359375
10437,-2.506103515625
10438,5.710205078125
10439,11.49072265625
10440,-45.220947265625
10441,-34.889892578125
10442,-35.656005859375
10443,34.527099609375
10444,11.984619140625
10445,-30.639404296875
10446,-18.23583984375
10447,-27.409423828125
10448,-28.846435546875
10449,37.572021484375
10450,-6.38525390625
10451,50.89624023437499
10452,-15.52685546875
10453,2.1987304687500004
10454,-7.388427734375
10455,-1.180908203125
10456,-2.4482421875000004
10457,-22.185546875
10458,1.838134765625
10459,4.61474609375
10460,-4.32958984375
10461,1.4868164062499998
10462,-5.43896484375
10463,10.785888671875
10464,8.8232421875
10465,-0.8000488281249999
10466,-4.350097656250002
10467,-25.330810546875
10468,76.45361328125
10469,36.150634765625
10470,1.5830078125
10471,-7.257568359374999
10472,-6.367431640625001
10473,-30.235595703125
10474,75.015380859375
10475,41.49951171875
10476,-25.94921875
10477,-18.720458984375
10478,-3.651123046875
10479,-5.363037109374999
10480,13.34912109375
10481,0.93994140625
10482,22.532470703125
10483,-4.2138671875
10484,-0.280029296875
10485,2.62060546875
10486,14.607421875
10487,3.02294921875
10488,22.83935546875
10489,21.976318359375
10490,40.03515625
10491,52.709716796875
10492,4.06494140625
10493,-13.9169921875
10494,-6.666748046875
10495,-3.063232421875
10496,0.07470703125
10497,30.070068359375
10498,9.647705078125
10499,-9.966796875
10500,-1.025390625
10501,-6.5634765625
10502,28.926025390625
10503,55.75244140625
10504,0.7370605468750001
10505,-32.838134765625
10506,-30.759765625
10507,11.012939453125
10508,3.710205078125
10509,13.086181640625
10510,9.17529296875
10511,-18.829101562500004
10512,-31.05224609375
10513,8.255615234375
10514,7.535400390625001
10515,15.827392578125
10516,7.4716796875
10517,-8.7255859375
10518,-0.91845703125
10519,-34.17529296875
10520,47.105224609375
10521,46.14013671875
10522,36.684814453125
10523,25.789062499999996
10524,2.448486328125
10525,-27.425048828125
10526,47.047607421875
10527,44.58618164062499
10528,-20.57666015625
10529,-25.51513671875
10530,0.046142578125
10531,-21.43359375
10532,27.80224609375
10533,20.870849609375
10534,37.447021484375
10535,11.489013671875
10536,-1.09130859375
10537,-13.4150390625
10538,34.284912109375
10539,20.62646484375
10540,46.654052734375
10541,-20.109619140625
10542,-26.534912109375
10543,-19.450927734374996
10544,24.793212890625
10545,-3.18994140625
10546,-13.922607421875
10547,-17.925048828125
10548,7.388916015625
10549,37.19091796875
10550,40.416015625
10551,1.280029296875
10552,-11.309326171875
10553,-11.6962890625
10554,19.801025390625
10555,55.2890625
10556,30.881103515625
10557,23.9462890625
10558,-9.996093750000002
10559,-18.179931640625
10560,-18.456298828125
10561,11.644531249999998
10562,30.29638671875
10563,32.23828125
10564,-11.191162109375
10565,-23.923828125
10566,-17.7900390625
10567,114.07421875
10568,16.5830078125
10569,16.342041015625
10570,-14.2509765625
10571,8.915771484375
10572,22.473876953125
10573,28.002197265625004
10574,-5.72802734375
10575,-1.4511718750000002
10576,-15.351318359375
10577,11.038818359375
10578,15.5048828125
10579,25.652099609375
10580,-6.5400390625
10581,6.63525390625
10582,-14.765380859375
10583,0.8957519531249999
10584,-1.8354492187500002
10585,-0.475830078125
10586,-10.668701171875
10587,8.3095703125
10588,20.897705078125
10589,-1.099609375
10590,-4.973876953125
10591,5.186279296875
10592,-10.074951171875
10593,22.922607421875
10594,23.109375
10595,-7.3095703125
10596,-5.888916015625
10597,23.533935546875
10598,12.455810546875
10599,11.90185546875
10600,-10.7177734375
10601,-6.96044921875
10602,-3.43896484375
10603,18.74951171875
10604,17.4482421875
10605,16.787109375
10606,8.5556640625
10607,-3.397705078125
10608,-7.127197265625
10609,1.541259765625
10610,10.311279296875
10611,-4.840576171875
10612,-9.973388671875
10613,-15.88916015625
10614,-22.48828125
10615,-7.00048828125
10616,7.796142578125
10617,-0.057373046875
10618,-10.1630859375
10619,43.24462890625
10620,57.6611328125
10621,-9.9375
10622,53.37304687499999
10623,5.111083984375
10624,-33.65869140625
10625,-15.468017578125
10626,21.770751953125
10627,8.04638671875
10628,55.501708984375
10629,1.3388671875
10630,-36.96875
10631,-15.257080078125
10632,5.65771484375
10633,10.885986328125
10634,28.1748046875
10635,24.392822265625004
10636,25.371582031250004
10637,-0.068359375
10638,-33.2373046875
10639,19.090087890625
10640,15.4716796875
10641,9.298095703125
10642,25.733154296875
10643,3.882080078125
10644,-35.98974609375
10645,22.245361328125
10646,21.849365234375
10647,17.2080078125
10648,2.2763671875
10649,-6.828125000000001
10650,-14.805175781250002
10651,8.532958984375
10652,25.504638671875
10653,11.391845703125
10654,7.58642578125
10655,-14.558593750000002
10656,-10.974365234375
10657,10.43310546875
10658,35.716796875
10659,25.121582031250004
10660,-11.136718750000002
10661,3.4516601562500004
10662,5.864501953125
10663,-2.783447265625
10664,-14.703857421875
10665,-3.343017578125
10666,-3.16796875
10667,0.4990234375
10668,10.17333984375
10669,-6.384521484375
10670,-18.814453125
10671,90.1357421875
10672,101.342041015625
10673,108.01171875
10674,35.8681640625
10675,8.601318359375
10676,38.18945312500001
10677,-9.960693359375
10678,7.2265625
10679,19.27001953125
10680,73.44482421875
10681,3.907958984375
10682,38.135498046875
10683,-4.150634765625
10684,9.474853515625002
10685,44.905517578125
10686,-5.609130859374999
10687,-17.859375
10688,32.859375
10689,15.8369140625
10690,2.967529296875
10691,8.909423828125
10692,-16.974853515625
10693,-4.110595703125
10694,38.75756835937501
10695,14.92529296875
10696,5.883544921875
10697,-11.1259765625
10698,-11.227050781250002
10699,-17.796630859375
10700,6.522705078125
10701,14.832275390625
10702,7.06396484375
10703,4.300537109375
10704,40.616943359375
10705,9.530761718749998
10706,26.718994140625
10707,13.749755859375
10708,7.104248046875
10709,0.22802734375
10710,-27.672607421875
10711,1.1860351562499998
10712,2.120849609375
10713,-13.151123046875
10714,0.87353515625
10715,2.884765625
10716,6.81689453125
10717,40.968017578125
10718,-13.530761718749998
10719,-9.715576171875
10720,1.6630859375
10721,-1.8740234375
10722,7.769775390625001
10723,4.64697265625
10724,-8.1220703125
10725,-3.15966796875
10726,-3.6181640624999996
10727,-8.08642578125
10728,-16.826904296875
10729,-18.863037109375
10730,31.777099609375
10731,-23.8154296875
10732,0.377197265625
10733,-13.144775390625
10734,-13.405761718749998
10735,-14.639404296875
10736,-9.84716796875
10737,20.52978515625
10738,-1.179443359375
10739,-17.146484375
10740,43.69970703125
10741,11.267333984374998
10742,17.806396484375
10743,4.237060546875
10744,9.718017578125
10745,-16.98486328125
10746,41.689697265625
10747,16.21142578125
10748,10.90966796875
10749,-10.76025390625
10750,-30.66015625
10751,-16.505859375
10752,9.470458984374998
10753,24.13037109375
10754,-5.594970703125
10755,-5.070068359374999
10756,31.00537109375
10757,19.981201171875
10758,9.34033203125
10759,24.735351562500004
10760,-10.803955078125
10761,-6.611572265625
10762,82.66015625
10763,65.997802734375
10764,38.822998046875
10765,72.4296875
10766,1.5610351562499998
10767,-34.938720703125
10768,-25.644042968749996
10769,65.26123046875
10770,59.375
10771,74.406494140625
10772,10.467529296875
10773,-29.980712890625
10774,-30.403076171875
10775,-14.08837890625
10776,8.946533203125
10777,53.652099609375
10778,-11.089111328125
10779,3.646484375
10780,-13.79931640625
10781,-12.43408203125
10782,4.42626953125
10783,-1.393798828125
10784,3.47802734375
10785,3.299072265625
10786,-12.371337890625
10787,-17.286376953125
10788,-0.849609375
10789,-0.44067382812500044
10790,2.710693359375
10791,19.52392578125
10792,24.732177734374996
10793,-14.5205078125
10794,-11.507568359375
10795,-0.7431640624999998
10796,-10.164306640625
10797,7.1328125
10798,25.92236328125
10799,-15.30908203125
10800,-17.055908203125
10801,-6.396240234375
10802,-6.291259765625
10803,5.457275390625001
10804,-3.2841796875000004
10805,23.659912109375
10806,39.73486328125
10807,29.337890625
10808,26.443359375
10809,30.803466796875004
10810,74.576904296875
10811,17.23388671875
10812,39.016845703125
10813,25.15185546875
10814,24.06982421875
10815,5.087646484375
10816,-2.847900390625
10817,-2.24169921875
10818,-11.6484375
10819,-11.692138671875
10820,-10.67724609375
10821,-4.4951171875
10822,-5.243896484375
10823,-2.359619140625
10824,-13.847412109375
10825,-7.99560546875
10826,-6.328369140625001
10827,12.43896484375
10828,-4.032470703125
10829,-4.0419921875
10830,-16.708251953125
10831,12.085205078125
10832,3.559814453125
10833,3.6135253906250004
10834,-3.400390625
10835,8.4619140625
10836,-7.680908203125
10837,8.056640625
10838,8.3818359375
10839,12.3447265625
10840,1.87109375
10841,-4.63134765625
10842,-6.493896484375
10843,25.250732421875
10844,-21.524658203124996
10845,-10.1171875
10846,-10.201904296875
10847,74.466796875
10848,20.309326171875
10849,26.75390625
10850,-21.49462890625
10851,-1.310546875
10852,-4.948242187500001
10853,12.56396484375
10854,28.456787109375
10855,26.483642578125
10856,14.915283203125
10857,-1.3833007812499998
10858,-26.538818359375
10859,-21.832763671875
10860,-26.78857421875
10861,-4.9345703125
10862,18.675537109375
10863,5.040771484374999
10864,-29.13037109375
10865,-20.38916015625
10866,65.947265625
10867,49.547119140625
10868,33.958251953125
10869,28.0810546875
10870,8.1640625
10871,18.107666015625
10872,-19.511474609375
10873,28.684326171875
10874,-3.403076171875
10875,28.70947265625
10876,7.603759765625
10877,20.132812499999996
10878,-20.871582031250004
10879,12.772705078125
10880,79.998291015625
10881,2.095458984375
10882,-17.078125
10883,-1.7299804687500002
10884,0.21044921875
10885,19.668701171875
10886,12.822021484374998
10887,5.842529296875
10888,1.2509765625
10889,1.790771484375
10890,1.695068359375
10891,23.687255859375
10892,25.172607421875
10893,-5.8818359375
10894,9.481201171875
10895,6.7744140625
10896,2.103759765625
10897,-2.80908203125
10898,-1.548095703125
10899,-16.2119140625
10900,-0.732421875
10901,-1.0888671875
10902,-4.572021484375
10903,-1.3100585937500002
10904,-4.4658203125
10905,12.069824218749998
10906,-3.380126953125
10907,6.538330078125
10908,-6.233154296875
10909,35.682861328125
10910,39.4794921875
10911,43.88256835937501
10912,-0.31689453125
10913,-17.65771484375
10914,-7.404052734375
10915,37.758544921875
10916,45.718017578125
10917,38.062744140625
10918,-5.781494140625001
10919,-19.5869140625
10920,-11.323974609375
10921,-5.68896484375
10922,-17.12890625
10923,-19.6826171875
10924,84.072021484375
10925,11.24658203125
10926,-5.912353515625
10927,-16.163330078125
10928,-13.399658203125
10929,-19.646240234375
10930,86.649658203125
10931,-43.55517578125
10932,-1.854248046875
10933,4.3291015625
10934,13.015625
10935,-5.449951171875
10936,-14.3740234375
10937,15.625
10938,-23.64794921875
10939,9.90087890625
10940,19.1201171875
10941,-3.039794921875
10942,-12.619140625
10943,19.474853515625
10944,36.277099609375
10945,38.35595703125
10946,27.932373046875
10947,-10.325439453125
10948,-23.51708984375
10949,2.193603515625
10950,3.67041015625
10951,-4.572998046875
10952,-19.102294921875
10953,4.6591796875
10954,-31.20556640625
10955,0.16357421875
10956,4.351806640625
10957,-12.263427734375
10958,-6.94580078125
10959,-9.59521484375
10960,9.876708984374998
10961,-8.145751953125
10962,-5.100830078125
10963,-6.159912109374999
10964,-11.096923828125
10965,2.8466796875000004
10966,-0.8684082031249999
10967,-6.723388671875
10968,-3.2607421875000004
10969,-3.55029296875
10970,-8.613525390625
10971,-2.91943359375
10972,9.2421875
10973,-4.136474609375
10974,2.89208984375
10975,13.708740234375
10976,12.84912109375
10977,-7.786865234375
10978,-8.376953125
10979,-6.91259765625
10980,3.665283203125
10981,14.060791015625002
10982,13.1640625
10983,-9.740234375
10984,-22.309814453125
10985,-4.853515624999999
10986,-0.8229980468750001
10987,-0.51318359375
10988,13.35498046875
10989,9.315185546875
10990,25.563720703125
10991,-4.022216796875
10992,-3.588623046875
10993,3.875732421875
10994,13.86376953125
10995,7.75390625
10996,-20.3564453125
10997,-3.929443359375
10998,2.3095703124999996
10999,-6.348388671875
11000,37.736572265625
11001,17.441162109375
11002,25.839599609375
11003,-28.75
11004,24.894775390625
11005,-38.109619140625
11006,27.84765625
11007,20.78271484375
11008,21.520751953125
11009,-5.873779296875
11010,7.81201171875
11011,-6.429443359374999
11012,-7.155029296875
11013,3.834228515625
11014,5.81884765625
11015,9.437255859375
11016,32.267822265625
11017,4.4375
11018,-5.93505859375
11019,5.86572265625
11020,0.572021484375
11021,14.0576171875
11022,-4.153564453125
11023,8.60107421875
11024,7.721435546875
11025,2.237060546875
11026,14.2841796875
11027,10.036376953125
11028,18.1806640625
11029,6.102294921875
11030,7.21923828125
11031,6.03662109375
11032,11.734863281250002
11033,7.9677734375
11034,17.592041015625
11035,4.124267578125
11036,0.272705078125
11037,-1.04638671875
11038,-8.0556640625
11039,-3.4228515624999996
11040,-9.958740234375
11041,-6.292236328125
11042,-19.248046875
11043,-19.702148437499996
11044,-14.766357421875
11045,-5.913330078125
11046,-8.868896484375
11047,-3.08837890625
11048,-22.055419921875
11049,-24.968017578125
11050,-23.779541015625
11051,21.951416015625
11052,-6.59765625
11053,-5.82958984375
11054,-11.945556640625
11055,0.7646484375
11056,9.5185546875
11057,19.79052734375
11058,-2.895751953125
11059,-8.8466796875
11060,-14.635009765625
11061,48.58056640624999
11062,16.176513671875
11063,12.7314453125
11064,28.232177734374996
11065,11.03125
11066,5.5810546875
11067,-4.103515625
11068,5.552001953125
11069,9.432861328125
11070,27.990234375
11071,19.326171875
11072,2.6376953124999996
11073,-5.65380859375
11074,99.521240234375
11075,105.55688476562501
11076,19.7373046875
11077,6.622802734375
11078,12.4990234375
11079,-9.158447265625
11080,-18.208251953125
11081,-4.587646484375
11082,-5.711181640625001
11083,9.346923828125
11084,14.265380859375
11085,-11.522705078125
11086,-13.411376953125
11087,1.159423828125
11088,2.564208984375
11089,-11.369873046875
11090,25.386962890625
11091,-3.761474609375
11092,11.8798828125
11093,10.828125
11094,11.487060546875
11095,-2.10107421875
11096,-2.328369140625
11097,-12.50146484375
11098,5.176025390625001
11099,10.6474609375
11100,7.238525390625001
11101,16.21240234375
11102,20.393798828125
11103,-3.424560546875
11104,14.27099609375
11105,21.968017578125
11106,36.07080078125
11107,-0.42993164062500044
11108,1.146240234375
11109,-2.134521484375
11110,12.258544921875
11111,27.018798828125
11112,32.785888671875
11113,17.995361328125
11114,-9.84130859375
11115,-7.060791015625
11116,-30.835937500000004
11117,-0.535888671875
11118,50.85058593749999
11119,46.539794921875
11120,19.9755859375
11121,-33.29833984375
11122,-51.9677734375
11123,-0.66015625
11124,50.1826171875
11125,39.44091796875
11126,38.537109375
11127,7.9326171875
11128,-44.539794921875
11129,88.46630859375
11130,28.3623046875
11131,-5.223876953125
11132,-12.002685546875
11133,65.925048828125
11134,56.857666015625
11135,91.381591796875
11136,33.78662109375
11137,-10.540771484374998
11138,-12.636962890625002
11139,8.74609375
11140,9.95947265625
11141,83.651123046875
11142,3.2919921875000004
11143,36.583984375
11144,84.305419921875
11145,2.2373046875
11146,25.111083984375
11147,66.05419921875
11148,-8.109375
11149,32.492431640625
11150,80.145751953125
11151,-0.239013671875
11152,42.4296875
11153,7.0966796875
11154,-2.985595703125
11155,6.098388671875
11156,1.9404296875
11157,-4.87548828125
11158,2.580322265625
11159,2.620849609375
11160,7.31689453125
11161,7.825439453125
11162,3.85888671875
11163,4.299560546875
11164,-0.6345214843750001
11165,20.7783203125
11166,-9.1064453125
11167,-1.022705078125
11168,21.491943359375
11169,15.40625
11170,-21.874267578125
11171,1.489990234375
11172,-11.994873046875
11173,9.989990234375
11174,9.425048828125
11175,13.366455078125
11176,-18.554687500000004
11177,2.557373046875
11178,29.5341796875
11179,97.20751953125001
11180,99.759521484375
11181,10.605224609375
11182,-4.69287109375
11183,0.492919921875
11184,4.171630859375
11185,-11.639892578125
11186,-3.580810546875
11187,-7.68994140625
11188,4.54541015625
11189,0.0927734375
11190,0.3564453125
11191,-3.283935546875
11192,6.2509765625
11193,-3.5185546875000004
11194,-1.7182617187500002
11195,0.5900878906249999
11196,2.762939453125
11197,3.670166015625
11198,16.0625
11199,11.66162109375
11200,-14.42822265625
11201,-0.3759765625
11202,-2.21240234375
11203,0.160888671875
11204,15.684326171875
11205,-3.984130859375
11206,3.010986328125
11207,5.6650390625
11208,12.316406249999998
11209,-22.915771484375
11210,-5.36474609375
11211,-12.39599609375
11212,33.893798828125
11213,10.087158203125
11214,11.205078125
11215,-19.183837890625
11216,-6.3818359375
11217,-4.125
11218,7.14697265625
11219,-13.31689453125
11220,-20.696533203124996
11221,3.39501953125
11222,2.7490234375000004
11223,29.156005859375
11224,2.6494140624999996
11225,-12.98876953125
11226,-10.816406249999998
11227,1.9877929687500002
11228,4.007080078125
11229,32.793701171875
11230,-85.79296875
11231,-4.298095703125
11232,-22.486083984375
11233,-13.195068359375
11234,-13.37353515625
11235,18.346435546875
11236,14.963623046875
11237,-24.490234375
11238,12.463623046874998
11239,-9.10302734375
11240,-18.829833984375
11241,18.215576171875
11242,14.23974609375
11243,14.860107421875
11244,-14.905761718749998
11245,-18.55419921875
11246,4.747802734375
11247,-1.947998046875
11248,6.15478515625
11249,3.1845703124999996
11250,-16.264404296875
11251,-8.10546875
11252,5.992431640625001
11253,-0.9821777343750001
11254,6.598388671875
11255,-0.49047851562499983
11256,-5.977294921875
11257,-0.61181640625
11258,4.34228515625
11259,-13.011718750000002
11260,13.41943359375
11261,6.04931640625
11262,5.905517578125
11263,-11.47021484375
11264,-1.649169921875
11265,-12.456787109375
11266,17.7255859375
11267,7.95361328125
11268,8.940185546875
11269,2.9338378906249996
11270,4.71728515625
11271,-11.511718750000002
11272,-2.29345703125
11273,92.8466796875
11274,-25.04833984375
11275,10.2138671875
11276,44.69482421875
11277,57.76220703125
11278,48.042724609375
11279,94.866943359375
11280,-20.355957031250004
11281,11.859375
11282,-23.336669921875
11283,-29.033447265625004
11284,-20.69677734375
11285,15.590087890625
11286,-7.988525390625001
11287,-7.651123046875
11288,-18.386474609375
11289,3.671875
11290,11.4912109375
11291,19.28173828125
11292,-9.9287109375
11293,-10.591064453125
11294,-12.922607421875
11295,-14.9033203125
11296,24.4736328125
11297,12.934326171875
11298,-9.234375
11299,-16.131591796875
11300,-24.241455078125
11301,4.1484375
11302,8.379638671875
11303,-18.46484375
11304,99.385986328125
11305,-13.253906249999998
11306,-27.4794921875
11307,5.54248046875
11308,-9.013671875
11309,28.43798828125
11310,14.343261718749998
11311,-27.41357421875
11312,2.670654296875
11313,36.60888671875
11314,-3.62158203125
11315,1.4135742187500002
11316,-36.857177734375
11317,-46.173095703125
11318,1.2099609375
11319,34.179931640625
11320,-5.786865234375
11321,-24.190185546875
11322,-12.078857421875
11323,-18.478515625
11324,-7.375244140625001
11325,71.23486328125
11326,25.787109375
11327,-3.7158203124999996
11328,15.465576171875
11329,-25.878173828125
11330,2.6767578124999996
11331,74.90624999999999
11332,28.093994140625
11333,-3.309814453125
11334,-10.498291015625002
11335,23.51513671875
11336,-7.998291015625
11337,-8.870849609375
11338,-9.402343750000002
11339,-3.489013671875
11340,-0.7919921875
11341,7.24755859375
11342,3.143798828125
11343,1.0947265625
11344,-2.96337890625
11345,0.068115234375
11346,0.293212890625
11347,41.8330078125
11348,7.522705078125
11349,-4.408935546875
11350,36.563720703125
11351,-8.310791015625
11352,-2.1694335937500004
11353,-7.546630859374999
11354,23.400634765625
11355,-2.226318359375
11356,51.4638671875
11357,-1.856689453125
11358,-8.30322265625
11359,-11.6083984375
11360,109.276123046875
11361,56.026611328125
11362,35.665771484375
11363,37.10888671875
11364,-11.2255859375
11365,-12.8955078125
11366,-10.679443359375
11367,3.942138671875
11368,27.582275390625
11369,19.671142578125
11370,-8.87255859375
11371,-12.461425781250002
11372,-4.629638671875
11373,51.170166015625
11374,80.8759765625
11375,19.2236328125
11376,46.75927734375
11377,5.75244140625
11378,19.359375
11379,-15.192138671875
11380,13.438720703125
11381,-0.37744140625
11382,21.48974609375
11383,-0.024169921875
11384,11.4384765625
11385,-17.734130859375
11386,46.64599609375
11387,29.1875
11388,-7.19140625
11389,13.68505859375
11390,30.202880859375
11391,-19.968994140625
11392,-18.081298828125
11393,-2.989990234375
11394,24.6845703125
11395,13.453369140625
11396,28.53662109375
11397,-17.866455078125
11398,-14.093505859375
11399,0.98583984375
11400,51.025390625
11401,19.126708984375
11402,63.881103515625
11403,-2.9643554687500004
11404,8.151611328124998
11405,-1.7963867187500009
11406,38.662109375
11407,52.7548828125
11408,69.216796875
11409,-5.511474609375001
11410,4.916259765625
11411,6.905029296874999
11412,12.669677734375
11413,66.565185546875
11414,62.48828125
11415,-10.721923828125
11416,3.014404296875
11417,-6.09716796875
11418,14.195068359375
11419,11.589843750000002
11420,-15.683593750000002
11421,-17.41943359375
11422,3.6083984375000004
11423,-9.2138671875
11424,14.598876953125
11425,-23.71240234375
11426,-8.4951171875
11427,21.67236328125
11428,23.026611328125
11429,6.025146484375
11430,-1.970458984375
11431,-10.8212890625
11432,4.540771484375
11433,24.749267578125
11434,24.990966796875004
11435,4.782958984375
11436,-3.258056640625
11437,-9.87744140625
11438,45.385986328125
11439,19.282226562500004
11440,24.069580078125
11441,35.3359375
11442,-11.319091796875
11443,-19.244140625
11444,-13.593505859375
11445,34.962158203125
11446,32.02783203125
11447,35.139404296875
11448,-13.296142578125
11449,-16.0263671875
11450,-16.671875
11451,3.3955078124999996
11452,0.06689453125
11453,13.443115234375
11454,-12.81494140625
11455,8.669189453125
11456,4.165283203125
11457,14.552490234375
11458,-16.324951171875
11459,-18.733642578125
11460,-11.861083984374998
11461,4.11669921875
11462,4.720458984375
11463,9.909423828125
11464,-1.252197265625
11465,-9.184326171875
11466,-15.456787109375
11467,-4.44775390625
11468,2.692138671875
11469,5.303466796875
11470,-2.768798828125
11471,3.24609375
11472,2.2939453125
11473,4.507080078125
11474,0.8225097656249999
11475,1.173095703125
11476,4.79248046875
11477,6.448974609374999
11478,0.1015625
11479,0.121337890625
11480,3.216552734375
11481,-7.640380859374999
11482,-6.219482421875
11483,-3.4638671875000004
11484,21.263427734374996
11485,1.713623046875
11486,3.45751953125
11487,-2.120361328125
11488,-3.869384765625
11489,-4.308349609375
11490,21.399658203124996
11491,-2.113525390625
11492,2.504638671875
11493,-17.8330078125
11494,39.595947265625
11495,28.510009765625
11496,24.671875
11497,-19.702148437499996
11498,-30.490966796875004
11499,-25.760009765625
11500,37.63525390625
11501,23.603759765625
11502,23.031982421875
11503,7.352294921875
11504,-5.855224609374999
11505,-19.63916015625
11506,-1.691650390625
11507,31.764404296875
11508,27.140380859375
11509,37.00537109375
11510,-11.689453125
11511,-6.395263671875
11512,-14.307373046875
11513,33.630859375
11514,33.47607421875
11515,33.594970703125
11516,-1.0898437500000004
11517,-14.677978515625002
11518,-18.089599609375
11519,-5.13916015625
11520,3.973876953125
11521,11.951416015625002
11522,3.268310546875
11523,5.1201171875
11524,17.266845703125
11525,-7.739013671875
11526,5.239013671875
11527,5.8974609375
11528,2.2875976562500004
11529,9.261962890625
11530,-8.029296875
11531,-4.8095703125
11532,-0.94921875
11533,2.087158203125
11534,1.14501953125
11535,-4.773193359374999
11536,-0.58251953125
11537,4.58203125
11538,2.760986328125
11539,5.92236328125
11540,-2.343017578125
11541,-0.8828125
11542,0.7839355468750001
11543,3.971435546875
11544,8.539306640625
11545,-14.74462890625
11546,45.44189453125001
11547,27.39697265625
11548,25.982177734374996
11549,8.533203125
11550,-3.91064453125
11551,-5.0380859375
11552,47.089111328125
11553,25.686279296875
11554,27.37744140625
11555,-4.296630859375
11556,-16.22314453125
11557,-18.34423828125
11558,1.1318359375
11559,78.559326171875
11560,18.283935546875
11561,-38.22631835937501
11562,-4.248779296875
11563,-6.8740234375
11564,3.478759765625
11565,80.79882812500001
11566,18.535400390625
11567,-31.64501953125
11568,13.155029296875
11569,34.68603515625
11570,5.18896484375
11571,17.639404296875
11572,-1.7534179687500002
11573,14.426513671875
11574,15.51904296875
11575,-4.44384765625
11576,-2.30419921875
11577,-10.568603515625002
11578,-0.176513671875
11579,11.397705078125
11580,18.499755859375
11581,-7.4716796875
11582,13.183593750000002
11583,-12.17724609375
11584,-9.8515625
11585,-11.3671875
11586,-3.455078125
11587,3.621826171875
11588,-1.540283203125
11589,13.935546875
11590,11.1689453125
11591,-13.751220703125
11592,-10.094238281250002
11593,6.729736328125
11594,2.352783203125
11595,3.293212890625
11596,4.90478515625
11597,55.03857421875
11598,69.57275390625
11599,-4.623779296875
11600,-31.4482421875
11601,41.595458984375
11602,32.67578125
11603,41.38037109375
11604,73.2265625
11605,-6.928466796875
11606,-27.18896484375
11607,174.978271484375
11608,187.0654296875
11609,234.601806640625
11610,-7.181884765625
11611,61.547607421875
11612,-0.475830078125
11613,-6.11376953125
11614,-15.292968750000002
11615,5.587158203125
11616,-22.53759765625
11617,62.59130859375
11618,0.35400390624999994
11619,-3.552734375
11620,-14.6826171875
11621,-10.84375
11622,-18.513427734374996
11623,-11.57275390625
11624,7.100830078125
11625,5.678466796875
11626,5.49560546875
11627,9.673828125
11628,49.300537109375
11629,-6.14453125
11630,7.04248046875
11631,6.225341796875
11632,4.096435546875
11633,-15.021728515625002
11634,-12.31103515625
11635,-13.85595703125
11636,2.230224609375
11637,15.2236328125
11638,-2.318603515625
11639,19.257812499999996
11640,60.6376953125
11641,23.510498046875
11642,15.871337890625
11643,17.230712890625
11644,-2.255615234375
11645,20.41357421875
11646,-35.14404296875
11647,22.67431640625
11648,8.310302734375
11649,3.56396484375
11650,40.4287109375
11651,35.578125
11652,33.71240234375
11653,-5.732666015625
11654,5.995849609374999
11655,4.166015625
11656,35.09423828125
11657,34.989013671875
11658,38.139404296875
11659,-3.12646484375
11660,4.81298828125
11661,11.46875
11662,18.061279296875
11663,-4.3876953125
11664,-14.28271484375
11665,-8.034423828125
11666,2.647705078125
11667,1.194580078125
11668,12.203369140625
11669,-4.474365234375
11670,-10.26806640625
11671,-8.04638671875
11672,5.228515624999999
11673,3.163330078125
11674,14.4970703125
11675,5.362548828124998
11676,29.74560546875
11677,45.271728515625
11678,10.376708984374998
11679,3.18603515625
11680,14.089111328125
11681,19.270751953125
11682,34.24365234375
11683,37.09521484375
11684,14.150634765625
11685,-22.63623046875
11686,4.42724609375
11687,64.216796875
11688,-11.108886718749998
11689,9.330322265625
11690,2.827392578125
11691,5.805419921875
11692,0.408447265625
11693,5.492431640625001
11694,18.126953125
11695,8.483642578125
11696,8.006591796875
11697,3.189208984375
11698,-7.11767578125
11699,12.811767578125
11700,7.1796875
11701,-29.699462890625
11702,32.855224609375
11703,17.498291015625
11704,22.31396484375
11705,54.642822265625
11706,-38.6513671875
11707,-29.154296875
11708,22.762207031250004
11709,16.66796875
11710,21.451171875
11711,4.2834472656249964
11712,-29.802978515625
11713,-24.55126953125
11714,38.56054687499999
11715,52.27734375
11716,-13.56396484375
11717,25.198486328125
11718,27.03173828125
11719,24.683349609375
11720,85.698486328125
11721,53.341552734375
11722,-15.458984375
11723,18.32373046875
11724,6.115966796875
11725,7.440673828125
11726,-0.5302734375
11727,23.439208984375
11728,52.89404296875
11729,-0.7790527343750001
11730,-7.676025390625001
11731,11.659912109375
11732,81.9140625
11733,16.9091796875
11734,55.03808593749999
11735,0.21411132812500008
11736,-4.54736328125
11737,-2.587890625
11738,11.312255859375
11739,26.523437500000004
11740,86.994140625
11741,97.883544921875
11742,-9.385009765625
11743,15.322509765625
11744,-11.180908203125
11745,-15.9326171875
11746,78.058837890625
11747,98.050048828125
11748,-11.734375
11749,3.315673828125
11750,20.798828125
11751,14.032958984374998
11752,63.741455078125
11753,-3.098876953125
11754,13.240966796875
11755,18.90087890625
11756,0.9123535156249999
11757,6.033935546875
11758,8.820556640625
11759,5.657958984375
11760,8.7294921875
11761,16.715087890625
11762,12.006591796875
11763,5.390869140625001
11764,24.65478515625
11765,23.958251953125
11766,-3.78076171875
11767,0.08471679687499978
11768,1.667724609375
11769,11.8408203125
11770,7.35400390625
11771,1.373046875
11772,8.651123046875
11773,4.99072265625
11774,7.549072265625
11775,15.880126953125
11776,8.44873046875
11777,5.469970703125
11778,-2.091064453125
11779,11.061767578125
11780,-25.915771484375
11781,151.9892578125
11782,128.609375
11783,4.052001953125
11784,10.5439453125
11785,1.17578125
11786,-22.857177734374996
11787,161.81884765625003
11788,132.958740234375
11789,-4.963623046875
11790,-13.56103515625
11791,-7.82421875
11792,53.130126953125
11793,-15.758056640625
11794,-20.425292968749996
11795,6.020263671875
11796,11.318115234375
11797,26.444091796875004
11798,70.37109375
11799,-15.016845703125
11800,-18.771728515625
11801,6.556884765625
11802,2.264892578125
11803,3.918212890625
11804,62.77392578125
11805,3.42919921875
11806,1.881591796875
11807,0.9729003906249999
11808,-5.813232421875
11809,54.12622070312499
11810,2.890869140625
11811,6.05224609375
11812,-1.0900878906249998
11813,6.93505859375
11814,-6.51025390625
11815,-7.391845703125
11816,-0.00341796875
11817,-4.093994140625
11818,7.88818359375
11819,4.083251953125
11820,15.63427734375
11821,1.9267578125
11822,-21.03564453125
11823,34.756103515625
11824,35.001220703125
11825,1.5068359375
11826,8.439208984375
11827,5.02734375
11828,0.392578125
11829,-2.84375
11830,-6.277587890625001
11831,7.595458984375
11832,25.876953125
11833,6.28076171875
11834,5.61083984375
11835,28.0029296875
11836,13.7177734375
11837,50.1044921875
11838,22.38134765625
11839,9.826904296875
11840,5.623046875000001
11841,5.0517578125
11842,1.572265625
11843,-2.859130859375
11844,4.455322265625
11845,18.642333984375
11846,17.311279296875
11847,16.68994140625
11848,6.244873046874999
11849,18.4873046875
11850,-5.04443359375
11851,15.80712890625
11852,22.313232421875
11853,12.900146484374998
11854,14.599853515625002
11855,-14.17333984375
11856,11.289794921875
11857,1.343017578125
11858,-21.835205078125
11859,22.537841796875004
11860,4.169189453125
11861,46.72558593749999
11862,59.64404296875
11863,-37.739013671875
11864,-21.456787109375
11865,19.908447265625004
11866,-0.20654296874999978
11867,12.357666015625002
11868,-3.6105957031250027
11869,47.490478515625
11870,0.5615234375
11871,-3.54931640625
11872,-1.325927734375
11873,13.60791015625
11874,13.255859375
11875,18.816162109375
11876,-0.798828125
11877,-2.68359375
11878,1.091064453125
11879,11.821044921875
11880,-0.544677734375
11881,-4.84326171875
11882,-11.36962890625
11883,-8.98388671875
11884,38.252685546875
11885,43.999755859375
11886,3.07421875
11887,21.138671875
11888,19.367187500000004
11889,-3.6005859375000004
11890,36.687744140625
11891,45.23486328125
11892,8.510009765625
11893,-1.135986328125
11894,16.094970703125
11895,33.928466796875
11896,-2.638671875000001
11897,-1.028076171875
11898,-3.55322265625
11899,-4.947021484375
11900,3.717529296875
11901,12.142333984374998
11902,-4.375
11903,4.070556640624999
11904,2.47021484375
11905,-0.072265625
11906,-8.5322265625
11907,11.049560546875
11908,-11.338623046875
11909,-14.69189453125
11910,0.0380859375
11911,37.51806640624999
11912,15.06396484375
11913,6.03564453125
11914,18.3427734375
11915,7.449462890625001
11916,-5.817138671875
11917,33.552001953125
11918,17.20751953125
11919,18.206298828125
11920,14.662353515625002
11921,23.72412109375
11922,8.900634765625
11923,-15.2412109375
11924,38.783447265625
11925,14.288818359375
11926,49.671630859375
11927,20.937255859375
11928,17.338134765625
11929,-13.102050781250002
11930,46.962158203125
11931,19.4169921875
11932,-4.547607421875
11933,-7.41943359375
11934,27.621582031250004
11935,9.43505859375
11936,9.605712890625
11937,-15.888427734375
11938,-22.383056640625
11939,9.749755859375
11940,-16.976806640625
11941,-14.017822265625
11942,11.519775390625
11943,-11.80322265625
11944,-26.952880859375
11945,11.36474609375
11946,18.567626953125
11947,15.010498046875
11948,-2.676025390625
11949,5.2685546875
11950,8.91796875
11951,4.324462890625
11952,23.5908203125
11953,12.859375
11954,-4.031494140625
11955,6.297607421875
11956,12.16259765625
11957,2.63720703125
11958,1.205322265625
11959,29.345703125
11960,-8.177001953125
11961,8.91845703125
11962,12.846435546875
11963,19.057861328125
11964,22.8623046875
11965,24.823486328125
11966,-18.788818359375
11967,1.905029296875
11968,19.746826171875
11969,22.349365234375
11970,21.983642578125
11971,-9.541748046875
11972,-0.5837402343750001
11973,29.6357421875
11974,-19.0556640625
11975,8.804443359375
11976,13.48095703125
11977,16.93017578125
11978,4.462890625
11979,-21.910400390625
11980,-21.56884765625
11981,11.94384765625
11982,23.543212890625
11983,22.490966796875004
11984,42.042724609375
11985,40.445556640625
11986,-20.3505859375
11987,15.390380859375
11988,4.338623046875
11989,-0.030029296875
11990,-4.96533203125
11991,-1.721923828125
11992,-15.080078125
11993,-1.7563476562499998
11994,3.9814453124999996
11995,-5.75146484375
11996,-0.60400390625
11997,-36.701416015625
11998,-29.751708984375
11999,-5.2294921875
12000,12.418945312499998
12001,-22.990234375
12002,15.3779296875
12003,51.73779296875
12004,2.0109863281249996
12005,1.758056640625
12006,-2.22021484375
12007,-27.456787109375
12008,18.42724609375
12009,52.371337890625
12010,78.74438476562501
12011,55.7685546875
12012,5.40966796875
12013,-1.538330078125
12014,-11.4853515625
12015,-1.748291015625
12016,-4.971435546875
12017,0.8122558593750001
12018,-7.070068359374999
12019,5.86962890625
12020,-14.5361328125
12021,-1.8110351562499998
12022,-6.39404296875
12023,-18.398681640625
12024,-0.9267578125
12025,-15.11474609375
12026,13.91552734375
12027,0.15478515625
12028,0.67431640625
12029,-14.062255859375
12030,-5.371826171875
12031,-8.01416015625
12032,7.20654296875
12033,2.18798828125
12034,-5.896728515625
12035,-16.90771484375
12036,52.972900390625
12037,36.060546875
12038,22.796875
12039,-4.962646484375
12040,10.197265625
12041,-4.51708984375
12042,-2.649169921875
12043,20.75048828125
12044,18.481201171875
12045,2.23681640625
12046,7.2734375
12047,-3.3193359375000004
12048,-3.647705078125
12049,-5.91796875
12050,51.2861328125
12051,-10.151611328125
12052,-2.5029296875000004
12053,15.886962890625
12054,6.619140624999999
12055,9.5263671875
12056,12.150146484374998
12057,-8.47119140625
12058,-10.144531249999998
12059,21.984130859375
12060,2.311767578125
12061,7.504150390625001
12062,-0.7932128906249999
12063,-22.6474609375
12064,-4.09423828125
12065,11.447021484374998
12066,-5.57763671875
12067,-18.20751953125
12068,-25.005859375
12069,17.326416015625
12070,-0.519775390625
12071,29.287109375
12072,-7.8212890625
12073,-11.968505859375
12074,-21.688232421875
12075,-2.498046875
12076,97.442626953125
12077,-2.443115234375
12078,-32.425048828125
12079,-16.962646484375
12080,32.780517578125
12081,66.626220703125
12082,-12.666748046875
12083,-15.769775390625
12084,-43.42724609375
12085,-15.077392578125
12086,32.399658203125
12087,70.893310546875
12088,5.781982421875
12089,19.566650390625
12090,-25.36572265625
12091,-7.171142578125
12092,14.30322265625
12093,16.359375
12094,18.00537109375
12095,-53.761962890625
12096,-4.936279296875
12097,-4.088134765625
12098,17.568359375
12099,22.489990234375
12100,8.698486328125
12101,3.417724609375
12102,-8.4326171875
12103,-10.643798828125
12104,42.230224609375
12105,-47.05859375
12106,-43.255126953125
12107,-35.9912109375
12108,45.27783203125
12109,49.760986328125
12110,49.597900390625
12111,-42.18017578125
12112,-43.2705078125
12113,-44.305419921875
12114,-29.829345703125
12115,-39.56005859375
12116,50.563232421875
12117,-5.55908203125
12118,33.775390625
12119,-0.7199707031249999
12120,44.3642578125
12121,12.345947265625
12122,-30.567626953125
12123,35.459228515625
12124,40.259765625
12125,0.421142578125
12126,38.653076171875
12127,1.4079589843749991
12128,-11.93212890625
12129,1.853759765625
12130,-4.35498046875
12131,-10.0087890625
12132,-0.619140625
12133,-5.80908203125
12134,-12.186767578125
12135,-2.5546875
12136,15.889892578125
12137,-11.825927734375
12138,-4.93310546875
12139,-13.013671875
12140,35.525390625
12141,-6.36376953125
12142,9.545654296875
12143,18.789306640625
12144,-4.908203124999999
12145,-5.902099609374999
12146,-11.529296875
12147,15.3935546875
12148,22.745849609375
12149,6.41845703125
12150,-11.091796875
12151,-7.794189453125
12152,-11.82568359375
12153,3.4990234375000004
12154,24.191650390625
12155,-4.44970703125
12156,-6.7412109375
12157,10.011962890625
12158,24.186523437499996
12159,33.365234375
12160,-12.459228515625002
12161,-8.30908203125
12162,-6.24169921875
12163,13.49072265625
12164,25.9638671875
12165,39.367919921875
12166,2.68408203125
12167,-0.8337402343750001
12168,-6.28759765625
12169,-47.915771484375
12170,56.64379882812501
12171,58.55126953125
12172,65.808837890625
12173,-15.529541015625002
12174,-49.83618164062499
12175,-46.47875976562501
12176,61.55908203125
12177,60.78808593749999
12178,64.903076171875
12179,-10.913818359375
12180,-49.5595703125
12181,-54.106689453125
12182,14.697021484374998
12183,-18.544189453125
12184,43.05078125
12185,30.64892578125
12186,32.781494140625
12187,-8.47607421875
12188,24.31787109375
12189,-17.1123046875
12190,41.593994140625
12191,34.360595703125
12192,-4.641357421875
12193,6.948486328125
12194,27.329833984375
12195,46.66650390625
12196,-10.519531249999998
12197,-16.091796875
12198,-12.09912109375
12199,73.666259765625
12200,33.4697265625
12201,46.85791015625
12202,-7.75341796875
12203,-12.283447265625
12204,-14.629638671875
12205,22.126220703125
12206,56.633056640625
12207,47.868896484375
12208,6.548583984375
12209,20.4150390625
12210,9.08935546875
12211,-25.946044921875
12212,1.4675292968750002
12213,10.8837890625
12214,20.868408203124996
12215,23.247314453125
12216,9.541748046875
12217,-33.104248046875
12218,3.599365234375
12219,56.32861328125
12220,26.108398437499996
12221,-3.13818359375
12222,-5.167724609374999
12223,3.220703125
12224,-10.671630859375
12225,-1.729736328125
12226,-4.94921875
12227,-8.47802734375
12228,-8.225830078125
12229,4.444091796875
12230,-16.070068359375
12231,-8.013427734375
12232,-6.401123046875
12233,-4.06591796875
12234,0.296142578125
12235,28.443359375
12236,28.501953125
12237,17.022216796875
12238,-2.945068359375
12239,-5.671142578125
12240,-3.708984375
12241,26.126220703125
12242,25.6845703125
12243,25.700439453125
12244,12.39990234375
12245,-6.857666015625
12246,-6.96484375
12247,33.850830078125
12248,-24.112548828125
12249,-28.900146484375
12250,-26.8974609375
12251,55.815185546875
12252,5.391357421875
12253,28.91748046875
12254,-27.115966796875004
12255,-25.241455078125
12256,-31.4970703125
12257,41.110107421875
12258,41.938232421875
12259,34.723388671875
12260,7.304443359374999
12261,-8.426513671875
12262,-0.7365722656249999
12263,-5.434814453125
12264,1.661865234375
12265,-2.444091796875
12266,0.8420410156249999
12267,-9.38818359375
12268,-4.213623046875
12269,-2.794677734375
12270,17.500732421875
12271,19.310546875
12272,11.941406249999998
12273,-2.832763671875
12274,11.307861328125
12275,18.127197265625
12276,22.527832031250004
12277,-6.433349609374999
12278,12.655761718749998
12279,-4.12109375
12280,11.236572265625
12281,13.13037109375
12282,18.30517578125
12283,-0.7145996093750001
12284,-1.970458984375
12285,-1.9323730468750009
12286,-27.123779296875
12287,3.26416015625
12288,-18.7900390625
12289,79.81982421875
12290,-26.12744140625
12291,-21.136962890625
12292,-27.9814453125
12293,5.291748046875
12294,-22.455810546875
12295,83.690673828125
12296,-49.439208984375
12297,-13.2626953125
12298,-13.79931640625
12299,43.339111328125
12300,-5.906494140625001
12301,-17.939453125
12302,-13.970947265625
12303,20.149658203124996
12304,10.833740234375
12305,18.2060546875
12306,-8.408935546875
12307,-17.681640625
12308,-19.394287109375
12309,52.812744140625
12310,42.3125
12311,6.61376953125
12312,23.3818359375
12313,-1.5844726562499998
12314,-15.482177734375
12315,1.04248046875
12316,16.636474609375
12317,21.790283203124996
12318,14.65087890625
12319,0.54248046875
12320,-13.919677734375
12321,2.0771484375
12322,6.8662109375
12323,42.441650390625
12324,38.502197265625
12325,-23.426513671875
12326,26.95849609375
12327,11.0537109375
12328,18.984375
12329,6.091552734375
12330,-11.060302734375
12331,-15.070068359375
12332,20.455810546875
12333,15.4892578125
12334,21.975830078125
12335,-25.543701171875
12336,-13.70458984375
12337,-13.413818359375
12338,14.412109375
12339,-5.003173828125
12340,15.03271484375
12341,-3.654541015625
12342,-19.149658203124996
12343,4.710205078125
12344,7.70556640625
12345,-5.501953124999999
12346,20.711181640625
12347,-0.64208984375
12348,0.50341796875
12349,5.68310546875
12350,4.411865234375
12351,10.785400390625
12352,6.10400390625
12353,7.78662109375
12354,22.764648437499996
12355,-32.410888671875
12356,-28.152832031250004
12357,-16.137939453125
12358,3.21630859375
12359,6.93408203125
12360,25.04541015625
12361,-2.14208984375
12362,2.513427734375
12363,3.1845703124999996
12364,4.95703125
12365,9.265625
12366,7.885986328125
12367,3.9619140624999996
12368,9.7822265625
12369,-16.966064453125
12370,-7.914306640625001
12371,4.302978515625
12372,2.03466796875
12373,9.046875
12374,-7.650634765625
12375,-8.268310546875
12376,-3.76220703125
12377,12.6396484375
12378,12.1279296875
12379,-6.175537109374999
12380,0.245849609375
12381,16.3935546875
12382,8.803466796875
12383,18.222900390625
12384,11.73095703125
12385,-6.574462890625001
12386,-0.27783203125
12387,4.7294921875
12388,9.22412109375
12389,13.205322265625
12390,41.2578125
12391,-5.84326171875
12392,-15.0869140625
12393,-7.761962890625001
12394,28.091064453125
12395,33.90087890625
12396,60.31127929687501
12397,-3.611572265625
12398,-12.7109375
12399,-10.194091796875
12400,-19.174072265625004
12401,48.752197265625
12402,55.69775390625
12403,23.412353515625
12404,-25.8154296875
12405,-20.977783203124996
12406,-21.947998046875
12407,46.081787109375
12408,7.50830078125
12409,4.74267578125
12410,-24.309082031250004
12411,-22.73291015625
12412,-16.578857421875
12413,-12.020751953125
12414,15.062255859375
12415,25.75
12416,-55.168212890625
12417,37.420166015625
12418,-28.689208984375
12419,31.2236328125
12420,39.190673828125
12421,40.537841796875
12422,-30.418212890625
12423,39.057861328125
12424,-28.25732421875
12425,31.208251953125
12426,7.941650390625001
12427,-6.88818359375
12428,-17.818603515625
12429,47.07080078125
12430,0.532958984375
12431,-24.943359375
12432,-21.911376953125
12433,-1.890869140625
12434,22.264892578125
12435,44.520263671875
12436,-3.12353515625
12437,-24.784667968749996
12438,-23.226806640625
12439,4.79345703125
12440,16.868408203125
12441,42.519287109375
12442,21.47509765625
12443,-1.2299804687500002
12444,-0.8037109375
12445,-3.86962890625
12446,22.136962890625
12447,3.195068359375
12448,20.502685546875
12449,-1.7465820312499998
12450,-1.423583984375
12451,-0.6608886718750001
12452,4.358154296875
12453,5.046142578125
12454,19.595458984375
12455,5.935302734375
12456,-1.027099609375
12457,5.451904296875
12458,2.936767578125
12459,9.06884765625
12460,14.19287109375
12461,7.929443359374999
12462,0.183837890625
12463,4.755615234375
12464,0.6357421875
12465,43.19775390625
12466,-9.355712890625
12467,8.63037109375
12468,-26.21826171875
12469,29.898437500000004
12470,28.465332031250004
12471,20.034423828125
12472,14.507080078125
12473,-33.48486328125
12474,-31.961181640625
12475,29.803466796875004
12476,35.490966796875
12477,23.729736328125
12478,-43.919921875
12479,-28.670166015625
12480,-20.62353515625
12481,2.90576171875
12482,20.77587890625
12483,15.923583984374998
12484,27.427734375
12485,-35.172607421875
12486,-14.42529296875
12487,1.9467773437500002
12488,23.090576171875
12489,18.523193359375
12490,23.2001953125
12491,-8.89794921875
12492,-1.583251953125
12493,2.431640625
12494,-5.275634765625
12495,47.292724609375
12496,55.44873046875
12497,62.237060546875
12498,-11.277343750000002
12499,-13.413818359375
12500,-8.03955078125
12501,58.362060546875
12502,58.453857421875
12503,63.3203125
12504,-24.367187500000004
12505,-3.793212890625
12506,-2.2937011718750004
12507,5.494384765625
12508,-2.560546875
12509,-3.513427734375
12510,15.377197265625
12511,0.7626953125
12512,5.237548828125
12513,9.13916015625
12514,-4.763916015625
12515,-0.7731933593750001
12516,15.016845703125
12517,69.748291015625
12518,48.892578125
12519,-2.468994140625
12520,-11.737548828125
12521,-6.48974609375
12522,34.524169921875
12523,43.539306640625
12524,-23.139892578125
12525,-12.865966796875
12526,-0.47949218749999983
12527,-8.089111328125
12528,35.281494140625
12529,42.759033203125
12530,-8.4228515625
12531,-2.475830078125
12532,-2.8623046875000004
12533,-4.33984375
12534,9.760498046875
12535,10.6240234375
12536,7.43017578125
12537,-3.122314453125
12538,-28.217529296875
12539,-6.125244140625001
12540,11.214111328125
12541,11.9775390625
12542,13.98779296875
12543,25.670166015625
12544,-9.81103515625
12545,-2.629638671875
12546,-8.38427734375
12547,21.943603515625
12548,16.82470703125
12549,-5.33154296875
12550,-3.19873046875
12551,11.11865234375
12552,-3.491943359375
12553,12.220947265625
12554,24.0673828125
12555,-7.372314453125
12556,12.765136718749998
12557,-0.50537109375
12558,12.070800781250002
12559,-0.543212890625
12560,2.052490234375
12561,21.265380859375
12562,27.972167968749996
12563,38.392578125
12564,69.78369140625
12565,38.558349609375
12566,6.207275390625001
12567,20.167236328125
12568,31.03662109375
12569,18.81396484375
12570,15.913330078125
12571,3.97607421875
12572,3.579833984375
12573,5.2978515625
12574,-0.9948730468749998
12575,-2.279052734375
12576,-16.43701171875
12577,3.490966796875
12578,7.88037109375
12579,8.505615234375
12580,-0.4809570312500001
12581,-3.89013671875
12582,10.621826171875
12583,5.016357421875
12584,1.8671875
12585,-3.943115234375
12586,10.922607421875
12587,-14.9140625
12588,8.056640625
12589,-11.777099609375
12590,6.183349609374999
12591,-8.232177734375
12592,11.853515625
12593,-13.382324218749998
12594,4.138427734375
12595,-0.44140625
12596,-7.08642578125
12597,-1.5561523437500002
12598,-19.608154296875
12599,-7.920654296875
12600,-14.773925781250002
12601,-1.452392578125
12602,0.84228515625
12603,0.36572265625
12604,-0.99609375
12605,-6.62841796875
12606,-13.972900390625
12607,-2.087646484375
12608,-1.603515625
12609,-12.06396484375
12610,-10.174560546875
12611,32.912353515625
12612,-10.308837890625
12613,19.630126953125
12614,15.562011718749998
12615,1.4355468749999996
12616,45.4658203125
12617,59.105224609375
12618,-5.8349609375
12619,16.69384765625
12620,16.886962890625
12621,-3.35498046875
12622,-1.2915039062499998
12623,-0.031250000000000444
12624,12.515869140625
12625,9.866943359375
12626,9.314208984374998
12627,6.91943359375
12628,2.66357421875
12629,-3.091796875
12630,-0.533935546875
12631,18.56005859375
12632,7.061767578125
12633,4.385009765625
12634,10.388916015625002
12635,3.169677734375
12636,8.53662109375
12637,-4.576904296875
12638,-4.229736328125
12639,-10.250488281250002
12640,-12.7119140625
12641,60.76611328125
12642,3.68310546875
12643,2.99365234375
12644,-2.78369140625
12645,-15.128173828125
12646,-13.98876953125
12647,-12.627197265625
12648,-3.683837890625
12649,-2.67431640625
12650,6.274169921875
12651,9.452636718749998
12652,-10.227783203125
12653,20.985595703125
12654,3.86181640625
12655,60.50048828125
12656,-17.1162109375
12657,12.342529296875
12658,-5.599365234375
12659,21.28271484375
12660,26.500732421875
12661,22.47021484375
12662,0.242431640625
12663,6.065185546875
12664,-0.5883789062499999
12665,5.072509765625
12666,2.688232421875
12667,-13.216552734375
12668,-2.388916015625
12669,-8.98046875
12670,-3.847412109375
12671,5.745361328125
12672,2.0419921875
12673,0.75537109375
12674,10.7529296875
12675,4.632568359374999
12676,2.6611328124999996
12677,2.129638671875
12678,11.445556640625
12679,-7.800048828125
12680,7.049560546875
12681,7.800048828125
12682,12.241455078125
12683,2.73046875
12684,10.853759765625
12685,-7.5791015625
12686,-0.90771484375
12687,5.806884765625
12688,5.130859375000001
12689,18.59912109375
12690,-22.579345703125
12691,20.9462890625
12692,-8.36328125
12693,15.848388671875
12694,19.34814453125
12695,-17.342041015625
12696,-22.6982421875
12697,21.49755859375
12698,-8.43994140625
12699,2.39453125
12700,-9.369140625
12701,14.09033203125
12702,47.485595703125
12703,2.697509765625
12704,11.063720703125
12705,-31.0400390625
12706,24.366943359375
12707,29.67626953125
12708,-0.9055175781249999
12709,1.6459960937500004
12710,11.64599609375
12711,-31.908203125
12712,10.4951171875
12713,9.4560546875
12714,22.8876953125
12715,60.32861328125
12716,-32.745361328125
12717,-25.534423828125
12718,-33.13916015625
12719,-64.90869140625
12720,41.88671875
12721,59.086669921875
12722,-30.814453125
12723,-28.15771484375
12724,-32.7080078125
12725,85.170166015625
12726,36.245361328125
12727,52.002197265625
12728,11.19189453125
12729,-15.052001953125
12730,-6.977783203125
12731,-18.543701171875
12732,-2.414306640625
12733,-12.431884765625
12734,-14.9189453125
12735,-8.870361328125
12736,-5.7939453125
12737,-18.212646484375
12738,-3.498779296875
12739,0.6833496093750001
12740,-6.190673828125
12741,8.114013671875
12742,15.070556640625
12743,2.477783203125
12744,-4.416259765625
12745,-0.9816894531249999
12746,0.564697265625
12747,20.6533203125
12748,14.0380859375
12749,6.877685546875
12750,-7.459716796875
12751,4.708984375000001
12752,5.86572265625
12753,17.3857421875
12754,3.47314453125
12755,-2.529541015625
12756,-3.6435546875000004
12757,-6.08837890625
12758,4.126220703125
12759,-0.712890625
12760,-6.31591796875
12761,-5.51220703125
12762,-1.250244140625
12763,-1.7114257812499998
12764,12.493408203125
12765,31.704345703125
12766,14.961425781250002
12767,8.122314453125
12768,-7.240234375000001
12769,4.817138671875
12770,-11.259521484374998
12771,9.205810546875
12772,2.445556640625
12773,-4.4208984375
12774,-1.391357421875
12775,3.06494140625
12776,-11.979736328125
12777,2.12060546875
12778,6.248291015625
12779,-13.133544921875
12780,-38.130126953125
12781,73.547607421875
12782,19.41455078125
12783,35.147705078125
12784,17.7666015625
12785,-14.0419921875
12786,-0.70263671875
12787,73.015869140625
12788,16.181640625
12789,31.21484375
12790,-9.864501953125
12791,-35.91748046875
12792,-5.866455078125
12793,-10.840576171875
12794,17.244384765625
12795,26.58642578125
12796,17.9443359375
12797,-0.7497558593750001
12798,1.069580078125
12799,-9.48876953125
12800,13.45166015625
12801,28.73828125
12802,13.2060546875
12803,-4.058837890625
12804,5.52490234375
12805,-4.42041015625
12806,80.112548828125
12807,-37.953857421875
12808,-23.318359375
12809,44.98828125
12810,40.159423828125
12811,12.945068359375
12812,97.11279296875
12813,-42.359619140625
12814,-24.44775390625
12815,38.477294921875
12816,-34.544189453125
12817,3.86328125
12818,101.98291015625
12819,-5.64599609375
12820,4.2275390625
12821,1.575439453125
12822,1.424560546875
12823,6.2138671875
12824,3.27099609375
12825,2.166748046875
12826,6.064208984375
12827,1.2568359375
12828,7.565673828125
12829,1.137451171875
12830,2.793212890625
12831,23.76171875
12832,0.8525390625
12833,3.7216796875000004
12834,-0.087158203125
12835,2.724853515625
12836,-2.0361328125
12837,5.64453125
12838,2.156005859375
12839,5.63623046875
12840,2.31884765625
12841,4.318359375
12842,7.787841796875
12843,7.223388671875
12844,2.229736328125
12845,8.25537109375
12846,-2.56201171875
12847,5.335693359374999
12848,-1.731689453125
12849,3.9833984375000004
12850,-9.574951171875
12851,8.6201171875
12852,0.53564453125
12853,-1.321044921875
12854,0.37109375
12855,-1.2788085937500002
12856,13.932861328125
12857,6.268798828125
12858,1.1376953125
12859,8.084228515625
12860,-1.974853515625
12861,-2.65625
12862,-8.23681640625
12863,-7.1513671875
12864,1.33984375
12865,4.99365234375
12866,5.68603515625
12867,-1.1635742187500002
12868,9.400146484374998
12869,5.705810546875
12870,8.62109375
12871,9.236328125
12872,50.34179687499999
12873,49.20751953125
12874,62.323486328125
12875,-10.718017578125
12876,-12.83837890625
12877,-15.778564453125
12878,56.388916015625
12879,50.38818359375001
12880,67.384033203125
12881,9.7666015625
12882,-0.18212890625000078
12883,0.9924316406249989
12884,10.262451171875
12885,3.201904296875
12886,-5.384765624999999
12887,4.95849609375
12888,7.86083984375
12889,2.69140625
12890,-10.27001953125
12891,8.965087890625
12892,-6.85546875
12893,7.113037109374999
12894,5.657958984375
12895,5.423095703125
12896,-5.1650390625
12897,26.432373046875
12898,-7.7509765625
12899,-11.492919921875
12900,-4.293212890625
12901,7.984130859374999
12902,26.73046875
12903,12.22314453125
12904,-8.6279296875
12905,-14.612060546875
12906,-11.241699218749998
12907,-0.218017578125
12908,18.609130859375
12909,19.7392578125
12910,-5.302734375000001
12911,17.21435546875
12912,15.72900390625
12913,22.749023437499996
12914,5.861328124999999
12915,9.59912109375
12916,-1.002685546875
12917,12.541259765625
12918,14.076904296875
12919,21.587890625
12920,-10.09814453125
12921,-3.2275390624999996
12922,-7.630615234375
12923,-14.4462890625
12924,15.40478515625
12925,14.9775390625
12926,19.7275390625
12927,4.187744140625
12928,-16.749267578125
12929,-17.251953125
12930,15.711425781250002
12931,14.509765625
12932,15.24072265625
12933,-1.4013671875
12934,-9.296142578125
12935,-5.776611328125
12936,-5.568359375000001
12937,27.478759765625
12938,1.9138183593750002
12939,-0.39941406250000017
12940,1.923583984375
12941,9.336425781250002
12942,-10.871826171875
12943,28.93115234375
12944,7.861572265625
12945,-2.252197265625
12946,9.432373046875
12947,-6.539306640625001
12948,-9.0869140625
12949,3.984130859375
12950,-3.890625
12951,1.258544921875
12952,14.119384765625
12953,-7.23095703125
12954,6.695556640625001
12955,3.89990234375
12956,-10.083740234375
12957,-0.392822265625
12958,15.11083984375
12959,-9.03125
12960,-5.09521484375
12961,-3.75341796875
12962,-9.4951171875
12963,-11.740966796875
12964,-11.425537109375
12965,15.7880859375
12966,-22.572021484375
12967,23.624023437499996
12968,15.071533203125
12969,-9.802490234375
12970,-14.765380859375
12971,24.643310546875
12972,-5.9111328125
12973,-0.9680175781249999
12974,-10.189697265625
12975,-3.75537109375
12976,32.66650390625
12977,18.851806640625
12978,24.9619140625
12979,28.525634765625
12980,-18.065673828125
12981,-33.08837890625
12982,26.949707031250004
12983,17.6044921875
12984,25.145263671875
12985,-15.4921875
12986,-9.258544921875
12987,1.765869140625
12988,0.8342285156250004
12989,37.7666015625
12990,-25.6533203125
12991,-35.3193359375
12992,-34.931640625
12993,65.675537109375
12994,12.210205078125
12995,43.583251953125
12996,-24.40673828125
12997,-33.65576171875
12998,-6.387939453125
12999,-8.966796875
13000,0.6809082031249999
