iteration,energy
1,-3.733642578125
2,1.552978515625
3,2.620849609375
4,-3.1650390624999996
5,4.04931640625
6,-9.470458984374998
7,17.104736328125
8,-0.41748046875
9,17.14794921875
10,-3.04052734375
11,-20.767578125
12,9.16064453125
13,106.39672851562499
14,10.12060546875
15,11.352539062499998
16,-3.829345703125
17,22.083984375
18,31.116943359375
19,20.58642578125
20,6.635986328125
21,-29.777832031250004
22,35.7744140625
23,-22.174072265625004
24,28.293212890625
25,14.591064453125
26,-33.10986328125
27,51.800537109375
28,82.65673828125
29,47.806396484375
30,-2.1247558593750013
31,19.0029296875
32,-12.58837890625
33,16.953369140625
34,-19.635498046875
35,12.238281249999998
36,-5.013427734375
37,-12.824218750000002
38,3.15869140625
39,-9.337158203125
40,5.904541015625
41,52.816162109375
42,-1.1611328125000007
43,2.48388671875
44,-1.5302734375
45,41.221435546875
46,-12.433837890625
47,15.72509765625
48,5.90234375
49,13.344970703125
50,8.580322265624996
51,8.36279296875
52,-40.671142578125
53,12.74755859375
54,-42.826171875
55,-8.3388671875
56,126.5693359375
57,25.781005859375
58,32.245849609375
59,22.24755859375
60,-9.28125
61,15.798583984374998
62,-8.181884765625
63,30.0517578125
64,-13.873046875
65,-5.521240234375
66,-45.32812499999999
67,76.03442382812501
68,-8.3505859375
69,77.097412109375
70,8.54345703125
71,-6.033447265625
72,-3.6943359375000004
73,-18.08154296875
74,-4.37646484375
75,-11.759033203125
76,24.75
77,5.493408203125
78,18.771728515625
79,4.5966796875
80,3.03662109375
81,-3.521728515625
82,-1.021484375
83,0.045166015625
84,2.200927734375
85,-1.218505859375
86,29.01025390625
87,-0.8203125
88,-63.6611328125
89,4.474853515625
90,92.341064453125
91,3.470703125
92,5.570068359374999
93,-12.972656249999998
94,3.73583984375
95,-9.746337890625
96,0.74853515625
97,-4.69482421875
98,0.149658203125
99,-5.287353515625
100,-1.892578125
101,-9.322509765625
102,-42.16259765625
103,9.58251953125
104,-39.779052734375
105,-5.850830078125
106,30.46875
107,-10.025390625
108,63.88500976562501
109,-18.7744140625
110,2.901123046875
111,-28.956298828125
112,58.3173828125
113,-28.46240234375
114,63.578369140625
115,71.70361328125
116,-56.39624023437499
117,36.986083984375
118,20.908447265625004
119,42.004150390625
120,-13.238037109375
121,101.996337890625
122,-10.594482421875
123,-5.72802734375
124,-13.8720703125
125,17.53662109375
126,-10.36572265625
127,-1.0849609374999998
128,-11.4931640625
129,6.173095703125
130,-6.15966796875
131,-13.9931640625
132,13.1875
133,33.744873046875
134,18.407470703125
135,10.052490234375
136,80.229248046875
137,6.822753906249997
138,36.792236328125
139,11.925537109375
140,-20.388427734374996
141,1.9887695312499998
142,3.685791015625
143,-19.720703125
144,1.109130859375
145,-1.7719726562499998
146,-8.99560546875
147,4.585693359375
148,-5.680908203125
149,3.169677734375
150,-1.537841796875
151,2.372802734375
152,-2.408447265625
153,30.97998046875
154,1.690673828125
155,-5.162353515625001
156,22.871826171875
157,-5.537841796875
158,-12.399658203125
159,-9.99560546875
160,-10.539550781250002
161,-18.05224609375
162,92.20654296875
163,-10.220703125
164,91.844482421875
165,-25.02392578125
166,38.16064453125001
167,-72.261474609375
168,-11.101806640625
169,-72.453369140625
170,19.69287109375
171,-9.380126953125
172,4.4853515625
173,3.801025390625
174,7.0849609375
175,8.17431640625
176,-80.78442382812501
177,31.84326171875
178,-0.96630859375
179,27.885986328125
180,59.115478515625
181,1.950439453125
182,25.9892578125
183,-0.54638671875
184,27.038818359375
185,-2.158447265625
186,7.4453125
187,-8.598388671875
188,4.826416015625
189,-9.4619140625
190,6.83251953125
191,0.7956542968750001
192,11.741699218749998
193,36.377685546875
194,11.589111328125
195,3.091308593749999
196,6.50537109375
197,115.665283203125
198,22.8125
199,122.713623046875
200,-0.85888671875
201,30.90087890625
202,-11.9169921875
203,13.071044921875
204,-14.029052734375
205,131.5068359375
206,-16.002197265625
207,-11.984375
208,20.421875
209,-11.976806640625
210,-5.428466796875
211,6.19482421875
212,7.091552734375
213,-15.773925781250002
214,0.574462890625
215,-17.892333984375
216,10.246826171875
217,-5.594970703125
218,-10.369384765625
219,-5.49658203125
220,-17.42578125
221,-3.62158203125
222,9.168701171875
223,18.25244140625
224,8.501953125
225,23.26171875
226,-0.299072265625
227,-4.037353515625
228,-1.9594726562499998
229,-2.62109375
230,18.1484375
231,-30.06494140625
232,32.571044921875
233,-61.966552734375
234,38.759033203125
235,-5.3583984375
236,-1.4008789062499998
237,2.97119140625
238,4.314208984375
239,5.871337890625001
240,9.739013671875
241,-2.074951171875
242,-26.474365234375
243,4.7265625
244,-26.390380859375
245,-3.76171875
246,31.1494140625
247,125.578369140625
248,-7.366455078125
249,128.168701171875
250,10.907958984374998
251,-0.471923828125
252,3.065185546875
253,-9.218017578125
254,3.00537109375
255,-5.93115234375
256,0.5810546875
257,9.502685546875
258,-34.88720703125
259,4.8779296875
260,-1.632080078125
261,3.953125
262,-2.703369140625
263,2.940185546875
264,-4.765625
265,-0.04248046875
266,-16.628662109375
267,24.63330078125
268,74.035400390625
269,21.201416015625
270,-23.820556640625
271,24.516601562500004
272,-41.6552734375
273,1.6159667968749991
274,-42.767578125
275,28.39453125
276,22.770751953125
277,-33.145263671875
278,8.244873046875
279,-29.152832031250004
280,34.305419921875
281,24.544921875
282,-23.617919921875
283,-32.30615234375
284,-22.940673828125
285,83.917236328125
286,7.22802734375
287,3.352294921875
288,-2.532470703125
289,0.107177734375
290,-20.612792968749996
291,18.6806640625
292,-14.373291015625002
293,49.542236328125
294,-14.1767578125
295,16.43359375
296,-1.593017578125
297,44.10937500000001
298,-12.520263671875
299,49.39208984375
300,-2.397216796875
301,-4.7705078125
302,-8.316650390625
303,2.463623046875
304,-6.682373046875
305,41.704345703125
306,-3.974853515625
307,15.4189453125
308,0.188232421875
309,12.009765625
310,-4.59814453125
311,27.776123046875
312,-4.08154296875
313,-7.971923828125
314,-9.468017578125
315,-11.811279296875
316,1.302734375
317,-1.3129882812499998
318,-0.6643066406249999
319,-2.067138671875
320,-2.51220703125
321,14.417724609375
322,12.0703125
323,8.041015625
324,7.78125
325,16.04296875
326,-5.135009765625
327,-10.836181640625
328,-1.08251953125
329,-10.63037109375
330,0.9147949218750001
331,-0.8056640625
332,8.82470703125
333,-1.07275390625
334,10.907958984374998
335,2.001220703125
336,-25.271240234375
337,37.80615234375
338,-26.295166015625
339,41.70629882812501
340,94.11767578125
341,-15.034423828125
342,-2.84375
343,3.923095703124999
344,-6.3671875
345,-24.746337890625
346,0.383056640625
347,-4.530517578125
348,5.486572265625
349,-3.27783203125
350,-7.104248046875
351,-9.3515625
352,2.63916015625
353,-29.711181640625
354,8.8515625
355,-1.9189453125
356,-36.60205078125
357,28.956542968749996
358,-34.1904296875
359,30.217773437499996
360,117.59228515625
361,1.69140625
362,-15.044921875
363,-30.615966796875004
364,-11.16748046875
365,37.24243164062499
366,4.2958984375
367,-16.340576171875
368,58.734130859375
369,-16.35302734375
370,-8.195068359375
371,-16.6240234375
372,-10.2158203125
373,37.263427734375
374,-7.763916015625
375,3.482177734375
376,8.609619140625
377,-11.546875
378,102.84912109375
379,-10.344238281250002
380,-49.38500976562501
381,9.02783203125
382,14.9765625
383,-1.201416015625
384,6.88427734375
385,21.22998046875
386,-1.251708984375
387,5.8203125
388,-2.63232421875
389,7.00634765625
390,-2.541748046875
391,-0.9138183593750001
392,-0.4970703125
393,19.50048828125
394,-2.024169921875
395,22.86328125
396,106.3701171875
397,-2.3713378906250018
398,7.57177734375
399,-9.844970703125002
400,-0.355224609375
401,51.69750976562501
402,-15.443603515625002
403,41.491943359375
404,-10.525634765625
405,14.681640625
406,22.502685546875
407,94.1875
408,-10.393798828125
409,101.90942382812501
410,3.958251953125
411,15.32373046875
412,-30.78173828125
413,-0.484375
414,-29.576904296875
415,10.167236328125
416,-9.352294921875
417,2.3828125
418,3.84619140625
419,-0.94873046875
420,3.90673828125
421,14.5888671875
422,-44.15478515625
423,-13.233154296875
424,-45.151611328125
425,46.0673828125
426,3.478759765625
427,0.35107421875
428,4.866943359374999
429,-5.05029296875
430,7.536865234375
431,-21.1435546875
432,47.04541015625
433,-7.501953124999999
434,46.19287109375
435,-51.893310546875
436,-1.7758789062499998
437,5.9208984375
438,-2.313232421875
439,9.3125
440,-0.347412109375
441,2.56201171875
442,1.607177734375
443,-27.59130859375
444,0.301025390625
445,4.380859375
446,-22.384033203124996
447,29.116943359375
448,-9.652343750000002
449,26.4248046875
450,146.0703125
451,-6.46044921875
452,11.916015625
453,1.176513671875
454,5.95068359375
455,-0.390869140625
456,26.117431640625
457,-21.361572265625004
458,68.349365234375
459,-18.18701171875
460,14.668701171875
461,-7.51708984375
462,41.34521484375
463,-29.04833984375
464,42.352294921875
465,12.4326171875
466,-3.504638671875
467,1.7705078125
468,1.3505859375
469,3.90625
470,2.955322265625
471,-15.137451171875
472,37.441162109375
473,-7.865966796875002
474,32.90625
475,-6.55419921875
476,-22.461181640625
477,65.63037109375
478,-7.141357421875
479,66.762451171875
480,-29.919921875
481,13.20068359375
482,5.4755859375
483,-9.3125
484,6.547119140625001
485,-17.41064453125
486,6.450927734375
487,-1.2041015625
488,12.579345703125
489,-0.450439453125
490,0.822265625
491,24.4892578125
492,-0.560546875
493,-0.87060546875
494,-5.88623046875
495,43.65087890625
496,-1.8642578125
497,-3.325927734375
498,-2.364501953125
499,-1.2377929687500002
500,0.04931640625
501,-13.642333984374998
502,10.625
503,5.71435546875
504,11.075927734375
505,7.78857421875
506,69.21240234375
507,-57.35302734375
508,-8.9755859375
509,-58.32495117187499
510,28.659912109375
511,2.333984375
512,17.209228515625
513,4.39697265625
514,19.38671875
515,-1.614501953125
516,-34.380859375
517,85.66577148437501
518,-12.083251953125
519,74.677490234375
520,-15.239990234375
521,3.468994140625
522,-2.52783203125
523,3.865234375
524,-2.635009765625
525,-6.065673828125
526,-0.275390625
527,-18.4638671875
528,5.986083984375
529,-16.849365234375
530,-12.968017578125
531,42.700927734375
532,-39.39208984375
533,14.81689453125
534,-43.862060546875
535,-3.205322265625
536,-26.443603515625
537,35.4921875
538,-5.912109375000001
539,25.294189453125
540,-6.160888671875
541,-1.4580078125
542,1.406982421875
543,-1.958984375
544,-3.49609375
545,5.34619140625
546,-2.52392578125
547,25.772216796875004
548,-6.350341796875
549,23.765380859375
550,2.75634765625
551,104.31494140624999
552,10.339599609375
553,41.977294921875
554,10.749755859375
555,-2.413818359375
556,-15.527587890625
557,7.4658203125
558,33.37841796875
559,3.674560546875
560,-14.842041015625002
561,-0.0966796875
562,28.56640625
563,-5.420166015625
564,27.744384765625
565,5.33837890625
566,-4.875
567,-5.59326171875
568,-12.640625
569,-3.87890625
570,21.271484375
571,-0.275390625
572,-0.100341796875
573,1.272216796875
574,1.3823242187500002
575,3.8505859375000004
576,103.76611328125
577,-37.889892578125
578,-23.782470703125
579,-42.90625
580,45.047607421875
581,-10.888916015625002
582,1.904541015625
583,23.78369140625
584,0.8859863281249999
585,28.595458984375
586,-2.7666015624999996
587,20.72998046875
588,-7.042236328125
589,18.791748046875
590,-57.484130859375
591,18.73974609375
592,-3.76318359375
593,-14.408935546875
594,-1.987060546875
595,-11.08837890625
596,37.851806640625
597,-24.08984375
598,156.79956054687503
599,-18.985107421875
600,37.115478515625
601,26.927978515625
602,106.439453125
603,15.81884765625
604,105.28369140625
605,-5.982666015625
606,16.7060546875
607,-47.284912109375
608,14.801513671875
609,-45.778076171875
610,-20.269775390625
611,-1.1220703125
612,38.584228515625
613,-5.5
614,33.562744140625
615,0.7270507812499997
616,44.878662109375
617,0.37744140625
618,14.577392578125
619,2.61279296875
620,-25.426513671875
621,6.2412109375
622,10.260498046875
623,-14.3828125
624,1.668212890625
625,33.408935546875
626,65.79638671875
627,-5.711181640625001
628,21.746826171875
629,-9.613525390625
630,131.65771484375
631,3.682373046875
632,-4.139892578125
633,2.4970703124999996
634,-5.711181640625001
635,6.66455078125
636,3.613525390625
637,13.2578125
638,-29.349853515625
639,9.22509765625
640,23.133544921875
641,-7.881591796875
642,2.231201171875
643,-2.766357421875
644,-3.46435546875
645,1.3676757812499998
646,-11.9697265625
647,12.289794921875
648,15.131591796874998
649,7.89501953125
650,90.895751953125
651,3.255859375
652,0.004150390625
653,0.26513671875
654,1.6049804687500002
655,5.842529296875
656,-6.345703124999999
657,1.51953125
658,-7.66259765625
659,3.474365234375
660,2.432861328125
661,2.7021484375000004
662,-5.04345703125
663,-14.483154296875
664,-5.2197265625
665,60.975341796875
666,-14.342529296875
667,-4.242431640625
668,-1.6835937500000004
669,-5.27734375
670,28.241943359375
671,8.05517578125
672,17.98486328125
673,-11.325927734375
674,16.054443359375
675,23.301513671875
676,0.490966796875
677,15.07568359375
678,1.342529296875
679,13.7744140625
680,-49.6201171875
681,-9.9443359375
682,-6.03076171875
683,1.867919921875
684,1.6088867187500002
685,-19.750244140625
686,5.955322265625
687,-8.72021484375
688,-1.303466796875
689,-7.646728515625
690,4.34423828125
691,-35.80029296875
692,33.767822265625
693,2.13330078125
694,41.57958984375
695,-30.068359375
696,-55.82080078125
697,27.23828125
698,-9.760498046875
699,26.2294921875
700,17.935791015625
701,-24.29248046875
702,-1.375732421875
703,2.93212890625
704,-3.390625
705,-11.55126953125
706,-23.878417968749996
707,53.080322265625
708,7.28466796875
709,53.294677734375
710,-0.03662109375000045
711,-19.064697265625004
712,9.920654296875
713,38.218994140625
714,6.399658203125
715,1.8229980468749982
716,-1.775390625
717,42.11816406250001
718,24.6181640625
719,44.661376953125
720,-11.645751953125
721,-6.658447265625
722,1.2626953125
723,6.940673828125
724,0.87744140625
725,11.031738281250002
726,8.712646484375
727,-5.76513671875
728,5.75537109375
729,-6.59228515625
730,-2.627197265625
731,-6.812255859374999
732,1.8134765625
733,3.500732421875
734,9.064697265625
735,1.2470703125
736,27.064208984375
737,-22.230712890625
738,35.001708984375
739,-18.93359375
740,0.16113281249999967
741,-23.694091796875004
742,15.0615234375
743,-51.013427734375
744,15.608154296875
745,65.600341796875
746,10.633300781250002
747,2.233154296875
748,-31.562744140625
749,13.0546875
750,5.08251953125
751,-2.616455078125
752,-0.59765625
753,0.05029296875
754,2.253173828125
755,3.310791015625
756,-54.08642578125
757,38.95068359375001
758,-51.400634765625
759,40.509033203125
760,6.67138671875
761,1.071533203125
762,0.054931640625
763,1.5444335937500002
764,-3.281005859375
765,-0.7785644531249999
766,84.57861328125
767,14.40185546875
768,37.49169921875
769,11.80029296875
770,8.897216796875
771,-22.28564453125
772,33.39697265625
773,-3.796875
774,38.330078125
775,-18.594482421875
776,-10.269531249999998
777,-8.45556640625
778,31.465576171875
779,-3.981201171875
780,20.578369140625
781,-5.321044921875
782,-2.792724609375
783,15.301025390625
784,-1.3295898437500002
785,-6.0703125
786,-6.816162109374999
787,-11.298828125
788,-2.08984375
789,-11.7138671875
790,3.73388671875
791,1.8779296875
792,44.701171875
793,43.053955078125
794,54.72631835937501
795,-8.424560546875
796,7.53466796875
797,-5.500732421875
798,3.180419921875
799,-5.099853515625
800,4.74169921875
801,76.59057617187499
802,0.8288574218749982
803,14.812988281250002
804,0.7272949218749992
805,4.171630859375
806,0.912109375
807,6.292236328125
808,-7.7265625
809,-2.039306640625
810,-3.390380859375
811,-0.5891113281249999
812,-2.57080078125
813,-0.8894042968750001
814,0.38916015625
815,4.36181640625
816,-7.33251953125
817,-17.3818359375
818,-0.31298828125
819,-10.983154296875
820,68.928955078125
821,2.590576171875
822,-6.1455078125
823,41.9267578125
824,-14.315673828125
825,-29.11767578125
826,3.80615234375
827,-7.433349609374999
828,-19.69921875
829,-12.581298828125
830,13.980468750000002
831,24.351318359375
832,-14.609375
833,3.5625
834,-12.9912109375
835,80.751708984375
836,11.280029296875
837,146.052978515625
838,-7.634521484375
839,145.49951171875
840,-22.299560546875
841,46.28662109375
842,-17.89453125
843,46.912109375
844,-14.728515625
845,-0.7014160156249999
846,10.746093750000002
847,7.516845703125
848,15.819091796875
849,10.468017578125
850,2.631591796875
851,2.486083984375
852,4.96044921875
853,1.416015625
854,1.789794921875
855,1.824951171875
856,6.333251953125
857,2.527587890625
858,31.471435546875
859,-0.48095703125
860,-10.803955078125
861,-6.367187500000002
862,103.624755859375
863,-12.992431640625
864,102.185302734375
865,-13.097656249999998
866,1.5322265625
867,2.534912109375
868,1.083984375
869,2.829345703125
870,3.14794921875
871,1.3608398437500002
872,-0.421875
873,5.0068359375
874,-3.1103515624999996
875,-0.9543457031249999
876,-6.33203125
877,86.151611328125
878,-17.952880859375
879,88.121337890625
880,33.673583984375
881,2.0546875
882,13.154052734375
883,-11.771728515625002
884,14.509521484374998
885,-42.1298828125
886,-13.781982421875
887,9.8349609375
888,3.24609375
889,7.508544921875
890,-1.5190429687500002
891,-36.683349609375
892,48.532958984375
893,2.142333984375
894,38.96875
895,-31.75146484375
896,46.151611328125
897,-55.25439453125001
898,-20.79931640625
899,-50.747802734375
900,27.239990234375
901,-2.578857421875
902,-13.14501953125
903,4.664306640625001
904,-6.828857421875
905,5.615478515625
906,10.47119140625
907,3.74267578125
908,48.85888671875
909,1.8588867187500002
910,6.14453125
911,12.25244140625
912,-13.296875
913,26.52490234375
914,-11.382324218749998
915,-1.639892578125
916,-6.167236328125
917,-6.07763671875
918,-61.98193359375001
919,-7.162109375000001
920,97.9697265625
921,-49.593994140625
922,52.509033203125
923,-39.8916015625
924,48.28662109375
925,105.829833984375
926,3.41845703125
927,-6.17529296875
928,-0.072509765625
929,-3.59375
930,60.654052734375
931,-12.68212890625
932,11.676025390625
933,-5.466552734375
934,5.63671875
935,-1.864990234375
936,20.49072265625
937,0.279052734375
938,79.70654296875
939,2.363525390625
940,-13.500244140625
941,131.725341796875
942,27.206542968749996
943,-37.556396484375
944,15.086181640624998
945,25.44384765625
946,-8.482177734375
947,13.47021484375
948,3.043701171875
949,16.832763671875
950,-6.877197265625
951,4.900146484375
952,1.04345703125
953,-3.77880859375
954,-1.439208984375
955,0.9777832031249999
956,-7.284423828125
957,-6.935546875000001
958,-24.014648437499996
959,-7.99658203125
960,64.892333984375
961,0.8352050781249999
962,0.339111328125
963,2.021240234375
964,-0.3408203125
965,4.78173828125
966,-8.38134765625
967,13.0673828125
968,19.557861328125
969,14.798583984374998
970,10.225341796875
971,-10.849365234375
972,6.27783203125
973,-7.711669921875
974,7.062255859374999
975,-6.47314453125
976,-29.45849609375
977,35.562744140625
978,0.48730468749999983
979,34.924072265625
980,0.333984375
981,-2.40869140625
982,15.20849609375
983,7.125244140625001
984,12.88623046875
985,8.05322265625
986,-7.650390624999999
987,18.291259765625
988,16.433837890625
989,14.84814453125
990,11.394287109375
991,-7.83837890625
992,-7.42822265625
993,-14.483642578125
994,-12.72802734375
995,-12.277099609375
996,12.5771484375
997,-65.0615234375
998,-9.469970703125
999,-58.99267578125
1000,23.12109375
1001,135.05859375
1002,17.861328125
1003,29.19482421875
1004,15.47900390625
1005,-25.783447265625004
1006,5.13671875
1007,-0.6374511718750001
1008,-0.351806640625
1009,-3.906982421875
1010,-1.6025390625
1011,3.141845703125
1012,10.894531249999998
1013,1.176513671875
1014,4.0625
1015,7.212890624999999
1016,18.40576171875
1017,-26.506591796875004
1018,-6.6005859375
1019,-31.0625
1020,-19.88818359375
1021,-22.091552734374996
1022,16.837646484375
1023,-29.8349609375
1024,16.998046875
1025,139.3740234375
1026,-17.62060546875
1027,45.05126953125
1028,-3.607421875
1029,46.789794921875
1030,-4.9072265625
1031,14.478515625
1032,5.707763671875
1033,-21.7998046875
1034,4.498046875
1035,-2.393310546875
1036,29.569091796875004
1037,-27.113525390625
1038,-2.70263671875
1039,-27.022705078125
1040,1.336181640625
1041,28.627685546875
1042,-12.206787109375
1043,-15.9228515625
1044,-8.287109375
1045,-15.460205078125
1046,-19.474609375
1047,15.574462890625
1048,-7.03271484375
1049,14.588623046875
1050,-4.3544921875
1051,-23.047851562500004
1052,47.094482421875
1053,-20.811767578125
1054,45.225341796875
1055,-5.108642578125
1056,-24.923095703125
1057,-1.939453125
1058,-3.78857421875
1059,1.860107421875
1060,6.375
1061,1.015625
1062,1.370361328125
1063,-11.32958984375
1064,-1.1435546875
1065,-5.686279296875
1066,-3.80224609375
1067,57.45312499999999
1068,-51.366943359375
1069,55.569580078125
1070,-25.70361328125
1071,0.6181640625000003
1072,34.39794921875
1073,-28.667724609375
1074,29.06005859375
1075,92.68994140624999
1076,116.082275390625
1077,-12.338623046875
1078,26.568603515625
1079,-3.5832519531250018
1080,-17.6220703125
1081,2.293701171875
1082,-5.046142578125
1083,-9.313232421875
1084,-4.892578124999999
1085,36.280029296875
1086,-4.195068359375
1087,-3.33349609375
1088,-3.490234375
1089,-6.95556640625
1090,32.231201171875
1091,-47.185302734375
1092,14.772216796875
1093,-8.229736328125
1094,17.38427734375
1095,6.445068359374999
1096,42.573486328125
1097,-10.27685546875
1098,-9.679199218749998
1099,-8.5849609375
1100,42.81445312500001
1101,-13.564208984374998
1102,12.0966796875
1103,-6.1962890625
1104,6.147216796875
1105,6.661376953125
1106,-10.408935546875
1107,18.015380859375
1108,23.855957031250004
1109,17.248046875
1110,-4.742431640625002
1111,-0.7014160156249999
1112,-2.63330078125
1113,-1.591796875
1114,0.9482421875
1115,4.09375
1116,-59.142578125
1117,54.429443359375
1118,-19.638916015625
1119,62.43066406250001
1120,25.351562499999996
1121,-13.6728515625
1122,16.303466796875
1123,0.02758789062499989
1124,18.080322265625
1125,-65.978515625
1126,20.406494140625
1127,-17.933349609375
1128,5.896240234375
1129,-17.178955078125
1130,21.542236328125
1131,6.536376953125
1132,2.265380859375
1133,10.718505859375
1134,5.873046875000001
1135,-13.1044921875
1136,74.492431640625
1137,7.369384765625
1138,20.237060546875
1139,11.422119140625
1140,-30.390869140625
1141,-13.711181640625
1142,8.17236328125
1143,14.284423828124996
1144,8.10498046875
1145,79.253662109375
1146,-1.0556640625000009
1147,46.03881835937501
1148,-9.7392578125
1149,45.13232421875
1150,-73.249267578125
1151,-28.570556640625
1152,28.214111328125
1153,-5.22314453125
1154,35.12353515625
1155,157.66821289062503
1156,10.821044921875
1157,-11.189453125
1158,-6.564697265625
1159,-17.0068359375
1160,7.0419921875
1161,-9.46240234375
1162,-0.05712890625
1163,8.03515625
1164,-2.162109375
1165,5.44873046875
1166,92.75732421875
1167,-33.09423828125
1168,-8.77685546875
1169,-31.433349609375
1170,20.673095703125
1171,-42.733642578125
1172,42.567626953125
1173,-41.02978515625
1174,49.0322265625
1175,104.090087890625
1176,-1.3249511718749998
1177,-2.212158203125
1178,-7.279052734375
1179,-1.09228515625
1180,-6.130126953125
1181,-7.941162109374999
1182,-3.7080078124999996
1183,23.043212890625
1184,-2.1806640625
1185,0.499267578125
1186,43.636474609375
1187,-14.91748046875
1188,44.74609375
1189,-10.252197265625
1190,-16.41845703125
1191,9.341552734375
1192,12.716552734375
1193,-1.949462890625
1194,2.2802734375
1195,-5.521240234375
1196,-2.39453125
1197,16.834228515625
1198,-22.625976562500004
1199,15.898925781250002
1200,-26.008544921875
1201,46.86181640624999
1202,-31.96875
1203,8.19873046875
1204,-29.20703125
1205,44.760986328125
1206,6.158203124999999
1207,1.719970703125
1208,9.75
1209,2.65966796875
1210,-17.9287109375
1211,-22.708251953125
1212,29.786865234375
1213,-8.514892578125
1214,26.69873046875
1215,145.692626953125
1216,16.352294921875
1217,85.845458984375
1218,-2.94580078125
1219,89.093017578125
1220,-6.6240234375
1221,3.8581542968749982
1222,76.40673828125
1223,-16.623779296875
1224,67.24267578125
1225,2.233154296875
1226,4.796875
1227,9.394531249999998
1228,-6.896484375000001
1229,2.42138671875
1230,-12.6513671875
1231,30.38330078125
1232,-36.535400390625
1233,36.885986328125
1234,-35.14453125
1235,11.519775390625
1236,-4.59765625
1237,-0.72998046875
1238,-3.91748046875
1239,5.083740234375
1240,3.09619140625
1241,-1.861328125
1242,5.3544921875
1243,52.639404296875
1244,10.356689453125
1245,-26.606689453125
1246,0.326416015625
1247,10.035400390625
1248,-0.51416015625
1249,10.847900390625
1250,-32.519287109375
1251,-20.769287109375
1252,149.76611328125
1253,18.669677734374996
1254,139.429931640625
1255,-29.532226562500004
1256,25.275634765625
1257,0.3330078125
1258,19.826171875
1259,-3.784912109375
1260,-12.762939453125
1261,32.34912109375
1262,-20.740966796875004
1263,-20.702392578125
1264,-24.95947265625
1265,-11.9462890625
1266,5.46484375
1267,8.357177734375
1268,12.4140625
1269,9.182861328125
1270,-4.481201171875
1271,-2.35791015625
1272,-5.75341796875
1273,-3.583740234375
1274,-1.737060546875
1275,-0.200927734375
1276,2.30517578125
1277,1.065673828125
1278,9.1591796875
1279,-3.16455078125
1280,1.8208007812499998
1281,-5.894287109374999
1282,-0.84130859375
1283,-8.8369140625
1284,0.25048828125
1285,-9.992431640625
1286,0.6730957031249999
1287,0.6652832031249999
1288,23.5029296875
1289,5.296875
1290,1.3896484375
1291,9.072021484375
1292,3.373046875
1293,-36.7421875
1294,6.730224609374999
1295,-9.569091796875
1296,28.941162109375
1297,-18.9775390625
1298,-2.672119140625
1299,-19.600341796875004
1300,53.74804687499999
1301,-7.34228515625
1302,10.2490234375
1303,14.038330078125
1304,10.447509765625
1305,9.851074218749998
1306,-22.465576171875
1307,13.12939453125
1308,12.23681640625
1309,18.689697265625004
1310,-10.9267578125
1311,6.06640625
1312,-0.7976074218750001
1313,3.458984375
1314,-1.325439453125
1315,-3.50048828125
1316,7.502685546875
1317,8.0576171875
1318,12.334228515625002
1319,6.219482421875
1320,5.174072265625
1321,23.871582031250004
1322,-32.493896484375
1323,8.34521484375
1324,-23.62255859375
1325,1.985107421875
1326,6.006591796875
1327,-0.26464843749999956
1328,-7.2685546875
1329,0.329833984375
1330,23.534912109375
1331,-15.102050781250002
1332,34.8486328125
1333,6.9873046875
1334,35.648193359375
1335,12.916015625
1336,-11.19775390625
1337,8.72021484375
1338,11.776611328125
1339,7.03125
1340,-20.8466796875
1341,8.902587890625
1342,22.47802734375
1343,5.6982421875
1344,27.970458984375
1345,-16.7080078125
1346,11.510009765625
1347,138.20654296875
1348,33.615234375
1349,130.5693359375
1350,-11.739501953125
1351,-6.387451171875
1352,-6.143310546875
1353,15.818603515625002
1354,-7.873779296875
1355,-8.8466796875
1356,53.120849609375
1357,-31.956298828125
1358,83.14819335937501
1359,-28.024658203124996
1360,-54.380859375
1361,-5.74755859375
1362,26.55419921875
1363,-3.716552734375
1364,25.957275390625
1365,2.91064453125
1366,-8.783447265625
1367,5.558837890625001
1368,-13.478759765625
1369,1.970947265625
1370,-12.90185546875
1371,-26.313720703125
1372,64.972412109375
1373,-34.777099609375
1374,73.65869140625
1375,-0.640625
1376,-2.52197265625
1377,-4.16943359375
1378,10.7060546875
1379,-11.323974609375
1380,11.672363281250002
1381,-0.96875
1382,-0.44775390625
1383,1.622802734375
1384,-3.67431640625
1385,-2.53125
1386,-13.144531249999998
1387,5.19970703125
1388,4.9501953125
1389,-0.7399902343750001
1390,-9.544677734375
1391,-69.696044921875
1392,36.29150390625
1393,23.0712890625
1394,31.49072265625
1395,-24.925537109375
1396,1.4379882812499998
1397,0.49951171875
1398,-12.727783203125
1399,-1.28515625
1400,2.654052734375
1401,-2.1242675781250004
1402,0.41162109375
1403,9.010498046875
1404,-6.416748046875
1405,-7.478759765625
1406,5.41796875
1407,-0.129150390625
1408,-5.85986328125
1409,2.2822265625
1410,4.916015624999999
1411,20.793701171875
1412,4.33203125
1413,1.1538085937500002
1414,5.462646484375
1415,-10.44287109375
1416,-0.304931640625
1417,9.741699218749998
1418,5.462646484375
1419,17.041015625
1420,-6.048583984375
1421,-5.349365234375
1422,-9.517578125
1423,-1.3276367187500002
1424,-16.93798828125
1425,62.81933593749999
1426,-1.1938476562499998
1427,-9.7841796875
1428,-3.160888671875
1429,-9.5419921875
1430,1.914306640625
1431,21.534912109375
1432,-8.42919921875
1433,-3.313720703125
1434,-7.387939453125
1435,36.08203125
1436,-10.2939453125
1437,-8.808837890625
1438,-3.428466796875
1439,-12.93603515625
1440,-0.7609863281250002
1441,-13.8837890625
1442,8.32763671875
1443,-6.47265625
1444,6.165283203125
1445,-5.528076171875
1446,12.765380859375
1447,-8.8642578125
1448,9.333251953125
1449,-9.124755859375
1450,13.1318359375
1451,-4.73681640625
1452,14.19775390625
1453,6.523193359374999
1454,5.81201171875
1455,-7.14794921875
1456,-0.9343261718750001
1457,6.331298828125
1458,-18.939697265625004
1459,9.0576171875
1460,-7.880615234375
1461,1.949462890625
1462,6.20751953125
1463,-3.9033203124999996
1464,0.197998046875
1465,1.631591796875
1466,-4.207275390625
1467,8.187744140625
1468,14.201171875
1469,2.892578125
1470,-11.8310546875
1471,-11.660888671875
1472,5.65869140625
1473,-15.148193359375
1474,6.22802734375
1475,21.47119140625
1476,48.57080078125
1477,-4.698974609374999
1478,-4.43701171875
1479,-4.254638671875
1480,-2.559326171875
1481,-63.463134765625
1482,40.454345703125
1483,-4.826904296875
1484,39.112060546875
1485,38.07470703125
1486,-25.611328125
1487,36.574462890625
1488,7.07958984375
1489,42.763916015625
1490,0.4189453125
1491,12.560546875
1492,-15.851074218749998
1493,12.294677734375
1494,-18.490966796875004
1495,30.773437500000004
1496,24.934082031250004
1497,-13.683349609375
1498,-0.74755859375
1499,-14.326416015625002
1500,92.61938476562501
1501,7.193603515625
1502,-9.464599609375
1503,3.1337890624999996
1504,-11.982177734375
1505,-2.580810546875
1506,-18.348388671875
1507,8.48974609375
1508,5.89013671875
1509,4.637451171875
1510,2.345947265625
1511,6.50732421875
1512,-5.654052734375
1513,41.3935546875
1514,-8.81201171875
1515,-5.71728515625
1516,12.71533203125
1517,-5.1044921875
1518,82.46484375
1519,-4.949462890625001
1520,-6.988037109374999
1521,9.72314453125
1522,-27.87060546875
1523,24.830322265625004
1524,-22.867919921875
1525,54.39404296875
1526,102.241943359375
1527,1.7846679687499996
1528,-3.658447265625
1529,6.108642578125
1530,17.7236328125
1531,-6.307373046875
1532,-6.843505859374999
1533,15.62255859375
1534,-9.61376953125
1535,-28.625
1536,-9.551025390625
1537,-2.98974609375
1538,-13.961669921875
1539,-2.5830078124999996
1540,-7.093994140625001
1541,12.498291015625002
1542,-34.6962890625
1543,-9.3623046875
1544,-30.777099609375
1545,84.407958984375
1546,-17.890380859375
1547,50.12255859375
1548,-48.8173828125
1549,50.72314453125001
1550,-9.5224609375
1551,4.244873046875
1552,0.09106445312500022
1553,-14.894775390625
1554,6.94091796875
1555,14.359375
1556,6.68115234375
1557,-18.541748046875
1558,-4.689208984375
1559,-25.957275390625
1560,73.280029296875
1561,-6.18603515625
1562,-12.421630859375
1563,5.847412109374999
1564,-11.4013671875
1565,-0.5400390625
1566,9.96435546875
1567,-6.1103515625
1568,2.290771484375
1569,-7.163330078125
1570,4.033935546875
1571,2.1416015624999996
1572,81.817626953125
1573,0.077880859375
1574,77.55859374999999
1575,-7.306884765625
1576,1.570068359375
1577,5.2119140625
1578,26.376708984375
1579,4.61474609375
1580,-5.407470703125
1581,66.0908203125
1582,-49.188232421875
1583,-30.046875
1584,-45.733642578125
1585,31.169677734374996
1586,-0.05419921875
1587,2.031005859375
1588,-5.314453124999999
1589,-2.63427734375
1590,-2.484619140625
1591,-8.893798828125
1592,8.27783203125
1593,-0.693359375
1594,9.10107421875
1595,1.752197265625
1596,-3.46337890625
1597,13.480468750000002
1598,-1.400634765625
1599,13.828857421875
1600,3.07568359375
1601,3.497802734375
1602,3.509033203125
1603,13.824218750000002
1604,0.69677734375
1605,10.527343750000002
1606,-11.114501953125
1607,-6.807861328125
1608,9.5
1609,-3.694091796875
1610,17.646240234375
1611,3.55224609375
1612,-13.37255859375
1613,-2.420654296875
1614,-6.927490234375
1615,2.25537109375
1616,-30.539794921875
1617,34.436279296875
1618,45.9453125
1619,37.723876953125
1620,7.37890625
1621,11.7421875
1622,-1.5249023437500002
1623,5.877197265625
1624,1.6254882812499998
1625,-6.58154296875
1626,-5.667724609374999
1627,-0.9689941406249999
1628,-4.577392578125
1629,-2.755126953125
1630,4.540771484375
1631,-4.517333984375
1632,30.063476562500004
1633,-3.9052734375000004
1634,24.7451171875
1635,-5.671142578125
1636,19.468505859375
1637,-7.404541015625
1638,90.98876953125
1639,-15.616699218749998
1640,-2.4912109375000004
1641,13.569335937499998
1642,105.893798828125
1643,-16.1826171875
1644,103.83740234374999
1645,-4.623046875000001
1646,4.574462890625
1647,3.7470703124999996
1648,-0.0830078125
1649,3.450927734375
1650,-4.6640625
1651,-7.903076171875
1652,2.890869140625
1653,3.184814453125
1654,2.7373046875000004
1655,-6.02099609375
1656,39.820556640625
1657,-3.69921875
1658,99.722900390625
1659,-3.463134765625
1660,3.249267578125
1661,0.38916015625
1662,3.642333984375
1663,17.067138671875
1664,0.4150390625
1665,-24.433837890625
1666,0.06298828125
1667,-3.3408203124999996
1668,-3.3505859375000004
1669,-2.845703125
1670,1.391845703125
1671,-5.871337890625001
1672,10.560302734375
1673,-1.2524414062499998
1674,15.8349609375
1675,-2.18212890625
1676,12.0595703125
1677,-11.177978515625002
1678,65.447998046875
1679,-11.09619140625
1680,-42.752197265625
1681,-12.086669921875
1682,-6.053955078125
1683,40.3271484375
1684,-10.071044921875
1685,34.651123046875
1686,5.73974609375
1687,55.33837890625
1688,-23.737548828125
1689,54.90966796875
1690,115.967041015625
1691,46.889404296875
1692,-71.1982421875
1693,-28.694091796875004
1694,-67.67236328125
1695,40.34033203125
1696,-0.09814453125
1697,-1.05615234375
1698,-2.790771484375
1699,1.105712890625
1700,-1.517578125
1701,16.491943359375
1702,6.785888671875
1703,2.936767578125
1704,11.662841796875
1705,20.011474609375
1706,1.2783203125
1707,3.750732421875
1708,7.494140624999999
1709,-0.222412109375
1710,-1.233154296875
1711,-13.42041015625
1712,9.501953125
1713,1.226318359374999
1714,8.6220703125
1715,107.3818359375
1716,1.1918945312499998
1717,30.276123046875
1718,-1.317138671875
1719,32.09521484375
1720,15.134521484374998
1721,9.492675781250002
1722,8.74951171875
1723,-19.195068359375
1724,2.1162109375
1725,-11.512451171875
1726,4.964111328125
1727,-2.714599609375
1728,-12.767822265625
1729,-5.775146484375
1730,5.446044921875
1731,-9.085693359375
1732,23.0126953125
1733,5.0146484375
1734,23.959228515625
1735,-2.66259765625
1736,1.454345703125
1737,-4.24365234375
1738,1.4873046875
1739,0.01953125
1740,20.198974609375
1741,-7.40869140625
1742,-16.059814453125
1743,54.23388671875
1744,-9.7685546875
1745,-9.39208984375
1746,13.589599609375
1747,-5.144287109374999
1748,-21.85302734375
1749,1.462646484375
1750,-6.264404296875
1751,1.888427734375
1752,-10.06689453125
1753,-16.02099609375
1754,-4.73779296875
1755,-6.1552734375
1756,24.876220703125
1757,-22.468505859375
1758,50.02734375
1759,-19.492187500000004
1760,9.02783203125
1761,-10.547607421875
1762,-3.75830078125
1763,-14.180908203125
1764,-7.603759765625
1765,2.19970703125
1766,18.737792968749996
1767,-6.54833984375
1768,-57.6015625
1769,0.32861328125
1770,27.530517578125
1771,-12.494873046875
1772,48.774658203125
1773,-3.71484375
1774,52.225830078125
1775,18.091796875
1776,-6.441162109374999
1777,-10.949462890625
1778,16.805908203125
1779,-10.611328125
1780,27.409423828125
1781,-7.416259765625
1782,-2.55029296875
1783,-2.7119140624999996
1784,-3.769775390625
1785,7.45458984375
1786,-14.1826171875
1787,4.609130859375
1788,2.103271484375
1789,5.19091796875
1790,6.802490234375
1791,12.3984375
1792,-28.324707031250004
1793,8.792724609375
1794,-31.06005859375
1795,5.818603515625
1796,38.79736328125
1797,-0.439453125
1798,13.984130859375
1799,-5.711669921875
1800,86.885986328125
1801,22.29638671875
1802,-60.5283203125
1803,21.56640625
1804,-62.482666015625
1805,-13.746337890625
1806,-14.189697265625
1807,-2.610595703125
1808,-0.220947265625
1809,0.69140625
1810,-14.33154296875
1811,-6.572021484375
1812,-5.85302734375
1813,-6.291259765625
1814,-9.1279296875
1815,36.193359375
1816,6.808349609374999
1817,2.80615234375
1818,-30.359375
1819,-2.91796875
1820,34.122314453125
1821,-30.4306640625
1822,32.208740234375
1823,-6.1337890625
1824,32.227783203125
1825,-0.045166015625
1826,6.833740234375
1827,-3.652099609375
1828,-0.285400390625
1829,-2.56591796875
1830,-2.615478515625
1831,42.269775390625
1832,-5.524169921875
1833,-10.70849609375
1834,-9.289794921875
1835,17.47119140625
1836,38.677734375
1837,-61.381591796875
1838,6.526611328125
1839,-58.619140625
1840,21.177490234375
1841,-2.686767578125
1842,-11.13720703125
1843,72.34423828125
1844,-14.990478515625002
1845,-11.814453125
1846,-3.0068359375000004
1847,2.08740234375
1848,-0.76416015625
1849,2.09130859375
1850,1.8813476562499998
1851,-9.475341796875
1852,-3.38330078125
1853,-13.732666015625002
1854,-2.4091796875000004
1855,2.86669921875
1856,-2.906494140625
1857,1.1005859375
1858,-5.014892578125
1859,-2.65283203125
1860,-0.239990234375
1861,-2.21044921875
1862,-5.449462890625001
1863,-11.924072265625
1864,-2.3544921875000004
1865,13.574462890625
1866,13.943115234375
1867,161.973876953125
1868,9.269287109375
1869,165.701171875
1870,-19.90673828125
1871,-11.687255859375
1872,-13.305908203125
1873,41.6416015625
1874,-11.14208984375
1875,0.7731933593750001
1876,-11.6201171875
1877,71.674560546875
1878,-16.031005859375
1879,71.298095703125
1880,-5.56982421875
1881,10.469970703125
1882,1.5634765625
1883,31.438476562500004
1884,2.67431640625
1885,21.142822265625004
1886,14.2607421875
1887,30.8837890625
1888,-7.930419921875
1889,28.26123046875
1890,10.65771484375
1891,-22.49365234375
1892,21.079101562500004
1893,111.268310546875
1894,24.36328125
1895,-34.9267578125
1896,-3.341064453125
1897,11.940673828125
1898,8.636474609375
1899,6.286865234375
1900,1.286865234375
1901,25.8056640625
1902,10.529541015625002
1903,-10.798583984374998
1904,4.734375
1905,2.392822265625
1906,-5.12255859375
1907,1.358642578125
1908,0.47900390625
1909,0.10009765625
1910,1.02978515625
1911,43.97216796875
1912,-6.404296875000001
1913,-6.185791015625
1914,-3.03759765625
1915,29.67578125
1916,-9.183349609375
1917,5.073486328125
1918,-4.47119140625
1919,4.278076171875
1920,-25.088623046875
1921,8.064453125
1922,6.96826171875
1923,-40.833251953125
1924,6.07177734375
1925,48.28271484375
1926,40.36254882812501
1927,-16.512451171875
1928,1.5620117187500002
1929,-21.23486328125
1930,4.314453125
1931,51.56982421875
1932,-30.9130859375
1933,-3.507568359375
1934,-29.649658203124996
1935,48.621337890625
1936,-13.952392578125
1937,-4.531494140625
1938,43.81884765625
1939,-9.707763671875
1940,32.89501953125
1941,31.288818359375
1942,-59.70263671875
1943,14.741699218749998
1944,-56.786376953125
1945,22.87255859375
1946,54.458251953125
1947,-12.22509765625
1948,-73.27880859375
1949,-12.3193359375
1950,58.17431640624999
1951,-26.579345703125
1952,24.136474609375
1953,6.101806640625001
1954,20.622314453125
1955,-1.5161132812499998
1956,4.2861328125
1957,-38.23486328125
1958,11.4775390625
1959,-35.25146484375
1960,-0.520751953125
1961,-4.784423828125
1962,-3.5029296875000004
1963,1.5571289062499998
1964,-1.706298828125
1965,-19.124755859375
1966,-0.6416015625
1967,3.400634765625
1968,3.525390625
1969,3.39990234375
1970,-7.339599609374999
1971,9.029296875
1972,-7.798095703125
1973,-4.674072265625
1974,0.9064941406249999
1975,17.135498046875
1976,-67.683349609375
1977,9.052978515625
1978,39.228515625
1979,8.02490234375
1980,-11.7431640625
1981,26.7392578125
1982,-27.570312499999996
1983,117.18994140624999
1984,-26.690673828125
1985,-26.91357421875
1986,10.674072265625
1987,22.72802734375
1988,-4.85546875
1989,20.138916015625
1990,9.8466796875
1991,-18.427490234375
1992,20.708251953125
1993,-73.33740234375
1994,17.231689453125
1995,4.87109375
1996,-10.33447265625
1997,20.5283203125
1998,4.500244140625
1999,23.208740234375
2000,33.101318359375
2001,-44.2412109375
2002,69.82080078125
2003,3.91162109375
2004,70.40625
2005,-38.45703125
2006,0.68115234375
2007,5.51904296875
2008,2.017822265625
2009,5.388916015625
2010,2.21728515625
2011,-2.009033203125
2012,1.8369140625
2013,-10.92333984375
2014,0.400146484375
2015,-2.346435546875
2016,-12.105224609375
2017,-11.234375
2018,18.1611328125
2019,-11.649169921875
2020,-11.367431640625
2021,-23.940917968749996
2022,26.477783203124996
2023,-0.22705078125
2024,31.6435546875
2025,8.482421875
2026,-0.53466796875
2027,26.140625
2028,-13.08056640625
2029,24.105957031250004
2030,-8.073974609375
2031,18.72021484375
2032,14.26708984375
2033,-5.692138671875
2034,10.218017578125
2035,25.272705078125
2036,63.940673828125
2037,-59.95703125
2038,-26.358398437499996
2039,-58.47314453125001
2040,50.689208984375
2041,-12.296630859375
2042,127.681396484375
2043,-7.188476562500001
2044,132.5625
2045,29.353759765625
2046,-14.645263671875
2047,36.038818359375
2048,-1.2111816406250009
2049,41.35375976562501
2050,-1.7094726562499998
2051,-41.104736328125
2052,47.527099609375
2053,6.050537109374999
2054,47.42236328125
2055,-8.335693359375
2056,-0.3896484375
2057,-12.60693359375
2058,4.4609375
2059,-15.7021484375
2060,-0.35815429687500056
2061,3.414306640625
2062,4.476318359375
2063,-1.7001953125
2064,2.367431640625
2065,-9.45654296875
2066,11.09912109375
2067,-6.921142578125
2068,7.5205078125
2069,-8.443359375
2070,-6.000732421875
2071,36.220458984375
2072,-58.618896484375
2073,22.354736328125
2074,-59.763427734375
2075,-3.67333984375
2076,6.341552734375
2077,-8.115478515625
2078,-6.479248046875
2079,-5.47509765625
2080,82.21069335937501
2081,-4.300048828125
2082,-4.083984375
2083,2.166748046875
2084,-7.81103515625
2085,7.60400390625
2086,59.455810546875
2087,0.209716796875
2088,7.132568359374999
2089,4.238037109375
2090,-5.19091796875
2091,-14.187744140625
2092,2.65380859375
2093,4.588623046875
2094,7.028076171875
2095,-1.429443359375
2096,-17.64794921875
2097,10.257080078125
2098,-11.19189453125
2099,13.7255859375
2100,5.5634765625
2101,4.85498046875
2102,-66.58349609375
2103,-2.161865234375
2104,-65.49658203125
2105,41.068603515625
2106,10.343994140625
2107,2.825927734375
2108,-27.783203125
2109,9.9013671875
2110,-4.30224609375
2111,-12.809814453125
2112,11.311279296875
2113,10.910888671875
2114,15.61474609375
2115,7.991943359374999
2116,11.5439453125
2117,-2.72412109375
2118,12.86279296875
2119,-2.4912109375000004
2120,-8.696533203125
2121,-6.151611328125
2122,61.257080078125
2123,-17.84716796875
2124,57.884033203125
2125,-17.667724609375
2126,15.564208984374998
2127,-5.534423828125
2128,6.925537109374999
2129,-8.922607421875
2130,19.287841796875004
2131,30.435302734374996
2132,-1.564453125
2133,42.922607421875
2134,0.7666015625
2135,6.428466796875
2136,-7.107421875000001
2137,-1.505859375
2138,-1.2885742187499998
2139,-5.6650390625
2140,-19.828857421875
2141,1.6430664062499998
2142,-1.5888671875
2143,24.85205078125
2144,-2.4990234375000004
2145,24.997314453125
2146,21.335205078125
2147,-16.563720703125
2148,-1.101806640625
2149,-12.325927734375
2150,-9.3056640625
2151,2.318359375
2152,11.10302734375
2153,-5.816650390625001
2154,15.92333984375
2155,-3.52099609375
2156,-4.141357421875
2157,10.1630859375
2158,3.0703125
2159,11.171386718749998
2160,-5.2880859375
2161,-24.8974609375
2162,22.1435546875
2163,-19.092041015625
2164,18.643310546875
2165,53.451171875
2166,-3.339599609375
2167,1.7377929687500002
2168,1.8510742187500002
2169,6.879638671875
2170,0.169921875
2171,2.718505859375
2172,1.282958984375
2173,-3.005615234375
2174,6.824951171875
2175,9.020751953125
2176,2.261962890625
2177,27.019042968749996
2178,-5.337646484375
2179,28.445556640625
2180,-46.99365234375
2181,37.90380859375
2182,-20.31494140625
2183,27.937744140625
2184,-18.12158203125
2185,154.228759765625
2186,0.84228515625
2187,21.400146484375
2188,-2.0390625
2189,22.902832031250004
2190,-13.328857421875
2191,-33.60986328125
2192,82.814697265625
2193,-8.796630859375
2194,73.591064453125
2195,3.6455078124999996
2196,84.487060546875
2197,7.5275878906249964
2198,77.38134765625
2199,1.5292968749999982
2200,16.300048828125
2201,7.511962890625001
2202,28.9501953125
2203,-9.341552734375
2204,24.907226562500004
2205,-52.415283203125
2206,27.249267578125
2207,-3.927001953125
2208,-2.1796875
2209,-1.105224609375
2210,76.247802734375
2211,3.510009765625
2212,17.129150390625
2213,-5.292236328125
2214,11.01806640625
2215,12.5693359375
2216,-3.54736328125
2217,14.005615234375
2218,-6.9521484375
2219,7.7509765625
2220,-10.266357421875
2221,-6.380615234375
2222,-7.1923828125
2223,-10.578369140625
2224,-5.929931640625001
2225,-1.4252929687500002
2226,0.23095703125
2227,26.369140625
2228,-2.4589843750000004
2229,20.720458984375
2230,-2.508544921875
2231,9.17724609375
2232,17.89013671875
2233,6.60546875
2234,14.0009765625
2235,-41.270751953125
2236,32.097412109375
2237,-11.533203125
2238,-3.7353515624999996
2239,-15.154296875
2240,-6.222412109374999
2241,9.5205078125
2242,53.1572265625
2243,8.549072265625
2244,55.053466796875
2245,27.7724609375
2246,1.9299316406249991
2247,64.448974609375
2248,-13.539550781250002
2249,63.887939453125
2250,5.651611328125
2251,-9.81689453125
2252,-15.58251953125
2253,-2.52978515625
2254,-15.0205078125
2255,2.709716796875
2256,57.259033203125
2257,3.245117187499999
2258,-28.46875
2259,0.595703125
2260,53.35693359375001
2261,-3.123291015625
2262,-1.2294921875
2263,-12.0361328125
2264,3.2060546875000004
2265,16.21923828125
2266,63.158447265625
2267,6.5673828125
2268,67.052490234375
2269,11.050537109375
2270,15.556884765625
2271,1.399169921875
2272,-3.3017578124999996
2273,0.195068359375
2274,-2.6884765624999996
2275,-4.561279296875
2276,9.7431640625
2277,77.614990234375
2278,-15.205078125
2279,82.866455078125
2280,-38.302734375
2281,-8.382568359375
2282,15.014892578125
2283,-0.147216796875
2284,17.261962890625
2285,4.096923828125
2286,1.452880859375
2287,4.651123046875
2288,-7.783203124999999
2289,8.463623046875
2290,13.390136718749998
2291,6.33154296875
2292,-6.063720703125
2293,-1.7856445312499998
2294,-0.549072265625
2295,-9.379638671875
2296,-15.485595703125
2297,-5.52001953125
2298,-6.870849609374999
2299,-6.3642578125
2300,1.4106445312499998
2301,-1.406494140625
2302,2.157958984375
2303,44.49072265625
2304,1.070556640625
2305,-6.01953125
2306,35.8701171875
2307,-9.6162109375
2308,-6.6923828125
2309,-14.449951171875
2310,-8.159912109375
2311,30.76953125
2312,-6.500732421875
2313,8.013671875
2314,-13.09033203125
2315,20.793701171875
2316,-18.11474609375
2317,-0.9704589843750001
2318,6.301513671875
2319,-5.859375
2320,-15.103271484374998
2321,-46.587158203125
2322,5.072021484375
2323,-50.010986328125
2324,4.5283203125
2325,106.52978515625
2326,12.376708984374998
2327,3.46826171875
2328,26.974853515625
2329,-0.90673828125
2330,3.365478515625
2331,0.201171875
2332,-1.09521484375
2333,-2.613525390625
2334,-3.05908203125
2335,0.794921875
2336,22.175292968749996
2337,-28.815917968749996
2338,37.690673828125
2339,-26.994873046875
2340,21.184326171875
2341,36.49267578125
2342,-15.585205078125
2343,121.048583984375
2344,-13.565673828125
2345,17.525390625
2346,-3.291015625
2347,-3.4326171875000004
2348,0.91357421875
2349,-0.6494140625
2350,-9.409912109375
2351,11.429199218749998
2352,-33.00537109375
2353,9.729248046875
2354,-38.982666015625
2355,11.48193359375
2356,58.94189453125001
2357,-20.712158203124996
2358,-66.152099609375
2359,-20.573486328125
2360,89.35180664062499
2361,18.404296875
2362,-20.93896484375
2363,26.97607421875
2364,-24.113037109375
2365,44.288330078125
2366,65.86962890625
2367,3.353515625
2368,53.49658203125
2369,8.8212890625
2370,-39.511962890625
2371,-2.429443359375
2372,10.11181640625
2373,38.027099609375
2374,11.53564453125
2375,-4.2041015625
2376,-4.811279296875
2377,-18.28271484375
2378,3.063720703125
2379,-20.287353515625
2380,-7.302001953125
2381,14.2763671875
2382,1.3583984375
2383,52.62451171875
2384,-7.619873046875
2385,5.17041015625
2386,78.031005859375
2387,12.018798828125
2388,27.137939453125
2389,16.22705078125
2390,17.96240234375
2391,25.869873046875
2392,-3.77294921875
2393,14.504150390625
2394,-3.8779296875000004
2395,29.26123046875
2396,25.29833984375
2397,-8.45361328125
2398,-7.96240234375
2399,-9.726074218749998
2400,36.5029296875
2401,9.385498046875
2402,0.70361328125
2403,-1.202880859375
2404,8.512451171875
2405,-4.019287109375
2406,-3.657470703125
2407,17.67431640625
2408,12.047119140625
2409,18.774169921875
2410,-23.990234375
2411,-11.808349609375
2412,60.7060546875
2413,83.802978515625
2414,55.799560546875
2415,-36.781494140625
2416,-29.798095703125
2417,60.325439453125
2418,-21.306640625
2419,60.669921875
2420,72.616943359375
2421,-21.893310546875
2422,3.5009765624999996
2423,2.490234375
2424,-2.239990234375
2425,-10.446533203125
2426,1.883056640625
2427,-13.240234375
2428,-5.25
2429,-10.686767578125
2430,-2.5166015624999996
2431,-2.313232421875
2432,3.6845703124999996
2433,0.9504394531249999
2434,1.2163085937500002
2435,7.044189453125
2436,-56.7353515625
2437,72.95751953125
2438,-4.7724609375
2439,69.47509765625
2440,29.447509765625
2441,87.67529296875
2442,-37.28759765625
2443,34.825927734375
2444,-37.70068359375001
2445,-30.44873046875
2446,30.670654296875
2447,-9.90869140625
2448,3.821533203125
2449,-9.4404296875
2450,107.475830078125
2451,-20.3369140625
2452,38.505126953125
2453,-69.754150390625
2454,36.361083984375
2455,-1.1169433593750002
2456,-18.0263671875
2457,23.967041015625
2458,1.255859375
2459,20.7705078125
2460,-10.69384765625
2461,-1.978759765625
2462,1.532470703125
2463,1.3032226562499998
2464,3.46142578125
2465,9.87158203125
2466,-7.96826171875
2467,16.914306640625
2468,-2.058349609375
2469,19.1064453125
2470,5.359374999999999
2471,29.012939453125
2472,-6.729248046875
2473,48.19433593749999
2474,-3.956787109375
2475,-0.422607421875
2476,9.93310546875
2477,12.699951171875
2478,-16.1376953125
2479,7.878662109374999
2480,24.359375
2481,80.9189453125
2482,11.56689453125
2483,30.811523437499996
2484,8.375732421875
2485,20.339111328125
2486,-7.016357421875
2487,44.06005859375
2488,93.166748046875
2489,45.67431640624999
2490,-5.9462890625
2491,-11.453369140625
2492,-5.179443359374999
2493,-2.0634765625
2494,-11.026611328125
2495,-5.781982421875
2496,-6.939453124999999
2497,-7.468505859374999
2498,3.1845703124999996
2499,-6.388427734375
2500,15.107666015625002
2501,-12.256103515625002
2502,-15.484619140625
2503,-15.10009765625
2504,-11.213134765625
2505,-9.15380859375
2506,96.775390625
2507,-11.798095703125
2508,53.86816406250001
2509,-11.048583984374998
2510,-43.53857421875
2511,18.880615234375
2512,-16.6357421875
2513,38.896728515625
2514,-17.40625
2515,31.456787109375
2516,-18.893798828125
2517,7.39599609375
2518,-10.483642578125
2519,9.6611328125
2520,-6.33642578125
2521,-7.344482421875
2522,27.41064453125
2523,-6.2158203125
2524,30.126953125
2525,-6.984130859374999
2526,-16.44189453125
2527,-0.61474609375
2528,-0.12158203125
2529,-0.412353515625
2530,-10.517822265625
2531,-2.73193359375
2532,34.03857421875
2533,72.7958984375
2534,32.849609375
2535,-22.63623046875
2536,7.63623046875
2537,-0.62744140625
2538,15.38134765625
2539,-2.893310546875
2540,0.392333984375
2541,2.056884765625
2542,-16.13671875
2543,-4.800537109374999
2544,-16.384521484375
2545,-13.031738281250002
2546,-1.143798828125
2547,10.663330078125
2548,-8.627197265625
2549,4.62060546875
2550,-9.941406249999998
2551,-17.661865234375
2552,34.5224609375
2553,-5.8291015625
2554,36.48193359375
2555,-64.446044921875
2556,8.92529296875
2557,-4.108154296875
2558,29.697998046875
2559,-2.270751953125
2560,-14.7783203125
2561,-21.385498046875
2562,24.72265625
2563,23.642333984375
2564,23.19580078125
2565,-15.11279296875
2566,0.47998046875
2567,-0.6271972656249999
2568,-0.015869140625
2569,-1.149169921875
2570,-8.5830078125
2571,5.678466796875
2572,3.329833984375
2573,-14.6845703125
2574,1.919921875
2575,1.5319824218750002
2576,-10.204833984374998
2577,13.647216796875
2578,15.456298828125
2579,13.365966796875
2580,10.46337890625
2581,7.1572265625
2582,4.9970703125
2583,28.4423828125
2584,7.508056640625001
2585,-14.1767578125
2586,49.427734375
2587,-7.183837890625001
2588,44.32470703125
2589,-5.394287109374999
2590,-1.4130859375
2591,-0.931640625
2592,-0.486328125
2593,-26.911376953125
2594,-0.268310546875
2595,-2.17919921875
2596,8.538818359375
2597,15.242675781250002
2598,-15.002685546875
2599,10.699218750000002
2600,-2.127197265625
2601,-3.9296875
2602,-2.713623046875
2603,23.35400390625
2604,2.278076171875
2605,-11.130615234375
2606,80.88696289062501
2607,5.569091796874997
2608,13.391113281250002
2609,4.249267578124998
2610,67.014892578125
2611,-6.515869140625001
2612,-9.25927734375
2613,48.216064453125
2614,-5.451171875000001
2615,34.270751953125
2616,5.57421875
2617,4.33544921875
2618,-10.018798828125
2619,2.3552246093749996
2620,-21.838134765625
2621,-0.441162109375
2622,1.09326171875
2623,-5.22607421875
2624,2.06005859375
2625,-1.7456054687500002
2626,8.5009765625
2627,-4.005126953125
2628,13.415283203125
2629,-1.9111328125
2630,8.958984375
2631,-3.688232421875
2632,15.907470703125
2633,11.166259765625
2634,18.05322265625
2635,-23.169189453125
2636,-47.09912109375
2637,39.267822265625
2638,105.213134765625
2639,33.119384765625
2640,-49.632080078125
2641,4.299560546875
2642,6.70556640625
2643,9.935546875
2644,7.63818359375
2645,-6.327880859374999
2646,-3.300537109375
2647,2.78515625
2648,-0.9140625
2649,-0.16845703125
2650,-0.86181640625
2651,0.2490234375
2652,-14.484130859375
2653,8.890869140625
2654,-11.926025390625
2655,82.3935546875
2656,-12.937744140625
2657,51.35131835937501
2658,11.893310546875
2659,51.509521484375
2660,-8.95361328125
2661,-14.61572265625
2662,3.6220703124999996
2663,14.832031249999998
2664,2.154052734375
2665,3.55078125
2666,-28.870361328125
2667,112.615478515625
2668,45.24462890625
2669,112.371337890625
2670,-12.539794921875
2671,15.474853515625002
2672,-13.609619140625
2673,-0.114501953125
2674,-11.52685546875
2675,-3.733642578125
2676,10.375488281250002
2677,-0.341064453125
2678,2.08447265625
2679,1.9741210937500002
2680,11.475341796875
2681,-32.195556640625
2682,52.634033203125
2683,-1.9814453125000004
2684,56.098876953125
2685,-2.0319824218750004
2686,20.033203125
2687,-5.646728515625
2688,-10.581787109375
2689,0.421142578125
2690,-8.43408203125
2691,1.239990234375
2692,-10.813720703125
2693,5.2861328125
2694,-7.657470703125
2695,-5.481689453125
2696,-12.953613281250002
2697,101.7509765625
2698,-11.697509765625
2699,98.34375000000001
2700,14.14599609375
2701,-4.250732421875
2702,-2.984130859375
2703,-6.91015625
2704,-7.29150390625
2705,7.4931640625
2706,-0.325439453125
2707,-2.208984375
2708,-6.774658203125
2709,-3.9755859375000004
2710,-21.5908203125
2711,3.098388671875
2712,1.1337890625
2713,-3.546142578125
2714,1.80859375
2715,8.0693359375
2716,-3.216064453125
2717,-1.923583984375
2718,1.254150390625
2719,-3.106201171875
2720,2.00146484375
2721,11.943359375
2722,8.693603515625
2723,-6.083984375000001
2724,9.926025390625
2725,24.6279296875
2726,-4.198486328125
2727,16.892578125
2728,-11.339599609375
2729,17.1787109375
2730,-4.45166015625
2731,1.1752929687500002
2732,-1.5390625
2733,2.47998046875
2734,0.37353515625
2735,-1.9995117187500002
2736,92.3310546875
2737,-25.085937500000004
2738,-12.730712890625
2739,-28.71875
2740,47.83447265625
2741,11.46630859375
2742,86.878662109375
2743,-2.79833984375
2744,90.860595703125
2745,-16.797607421875
2746,-1.8068847656250024
2747,63.14379882812501
2748,-14.112060546875
2749,54.558837890625
2750,-28.06201171875
2751,-2.094482421875
2752,-5.76171875
2753,-15.73193359375
2754,1.443115234375
2755,6.145263671875
2756,6.226806640625001
2757,-10.3212890625
2758,5.577392578125
2759,-13.832275390625
2760,0.137451171875
2761,41.09521484375
2762,4.055419921875
2763,57.181640625
2764,4.578125
2765,-18.5107421875
2766,83.24365234375
2767,1.443115234374999
2768,21.0693359375
2769,10.688232421874996
2770,55.736572265625
2771,17.4326171875
2772,7.767333984375
2773,15.573486328125
2774,5.9345703125
2775,29.10302734375
2776,-18.85107421875
2777,4.59765625
2778,4.22021484375
2779,8.781494140625
2780,4.092041015625
2781,48.72998046875
2782,3.49755859375
2783,-40.510498046875
2784,2.924560546874999
2785,43.056640625
2786,4.71240234375
2787,0.57275390625
2788,-14.4638671875
2789,3.612060546875
2790,6.854248046875
2791,10.46435546875
2792,7.916015624999999
2793,-6.9423828125
2794,5.799072265625
2795,16.21728515625
2796,-6.317626953125
2797,27.079101562500004
2798,-28.281982421875
2799,23.391357421875
2800,-2.65673828125
2801,-6.98193359375
2802,-8.2802734375
2803,3.002197265625
2804,-16.93505859375
2805,0.369140625
2806,0.142333984375
2807,2.447998046875
2808,2.17333984375
2809,-0.6540527343750001
2810,1.00830078125
2811,43.595947265625
2812,-22.42626953125
2813,-62.4091796875
2814,-20.302001953125
2815,98.629150390625
2816,-39.56933593749999
2817,5.6591796875
2818,-4.474609375
2819,4.4921875
2820,6.496337890625001
2821,58.1640625
2822,7.82470703125
2823,101.365234375
2824,-1.1748046874999996
2825,4.49169921875
2826,66.8271484375
2827,-40.870849609375
2828,-16.787109375
2829,-45.822265625
2830,55.65869140625
2831,33.5244140625
2832,-8.26123046875
2833,-44.73583984375
2834,-9.171875
2835,44.173095703125
2836,-0.7795410156249999
2837,-0.380859375
2838,0.62109375
2839,-5.43310546875
2840,-5.732421875000001
2841,16.4482421875
2842,-16.673095703125
2843,125.3857421875
2844,-12.3984375
2845,6.987060546875
2846,-16.071044921875
2847,24.86083984375
2848,-16.116455078125
2849,22.822265625
2850,3.921142578125
2851,2.92236328125
2852,-2.7841796875000004
2853,5.115234375000001
2854,-6.587158203125
2855,-3.71240234375
2856,0.118896484375
2857,32.3017578125
2858,-6.306640624999999
2859,24.916015625
2860,-6.331298828125
2861,6.0859375
2862,-4.91845703125
2863,-1.570068359375
2864,-1.657470703125
2865,0.046875
2866,69.049072265625
2867,-43.4052734375
2868,-22.70166015625
2869,-48.162109375
2870,32.174072265625
2871,0.1953125
2872,-8.834228515625
2873,-6.694091796875
2874,-10.815185546875
2875,52.0673828125
2876,-40.3408203125
2877,100.04296875
2878,-0.27661132812500044
2879,96.623779296875
2880,39.92822265625
2881,-23.125976562500004
2882,39.197265625
2883,2.880859375
2884,29.7529296875
2885,11.413330078125
2886,-0.220703125
2887,-2.4013671875000004
2888,-3.08203125
2889,-0.58154296875
2890,-0.404296875
2891,-50.38916015625
2892,21.724609375
2893,-16.132568359375
2894,25.766601562500004
2895,12.23193359375
2896,6.438232421874999
2897,9.010986328125
2898,16.296142578125
2899,8.401123046875
2900,20.813720703125
2901,10.44775390625
2902,-25.629638671875
2903,7.742431640625001
2904,-22.06787109375
2905,26.828857421875
2906,1.8266601562499998
2907,12.713134765625
2908,0.6533203125
2909,10.11572265625
2910,-32.354736328125
2911,14.8115234375
2912,4.731201171875002
2913,41.3330078125
2914,-0.251953125
2915,-18.715332031250004
2916,-0.4462890625
2917,-0.534423828125
2918,-1.5712890625
2919,-0.18505859375
2920,-5.83203125
2921,-52.173095703125
2922,29.612060546875
2923,-0.8454589843750001
2924,36.381591796875
2925,37.1123046875
2926,9.211425781249996
2927,109.946044921875
2928,-8.92333984375
2929,104.8603515625
2930,-26.507080078125
2931,-2.068359375
2932,-3.123291015625
2933,-15.486572265625
2934,-8.70458984375
2935,-22.048095703125
2936,-0.328857421875
2937,1.302490234375
2938,-0.36181640625
2939,1.838134765625
2940,-1.5024414062499998
2941,-11.92041015625
2942,-9.77099609375
2943,-16.33837890625
2944,-6.675537109374999
2945,10.743408203125
2946,31.409423828125
2947,0.8681640625
2948,40.80126953125
2949,2.77294921875
2950,-10.4931640625
2951,5.7451171875
2952,1.2211914062499998
2953,1.4868164062499998
2954,-1.331298828125
2955,-0.453857421875
2956,33.44189453125
2957,-13.039550781250002
2958,-28.33447265625
2959,-18.668701171875
2960,77.3525390625
2961,15.422119140625
2962,1.9343261718749996
2963,-5.144287109374999
2964,-10.892822265625
2965,16.04931640625
2966,-5.80029296875
2967,-4.81103515625
2968,9.049560546875
2969,-7.28271484375
2970,25.345947265625004
2971,16.3359375
2972,-7.944091796875
2973,25.0244140625
2974,-8.720703125
2975,-3.9755859375000004
2976,0.5986328124999993
2977,45.05419921875
2978,-0.25683593750000033
2979,45.528076171875
2980,-11.2998046875
2981,-8.7958984375
2982,-20.189208984375
2983,-10.375
2984,-16.807373046875
2985,0.7707519531250002
2986,-14.87841796875
2987,49.999267578125
2988,-8.514404296875
2989,50.996826171875
2990,-14.156738281250002
2991,-0.8498535156249999
2992,4.772705078125
2993,-11.4765625
2994,0.467529296875
2995,-0.345947265625
2996,-0.077880859375
2997,2.937744140625
2998,5.466796875000001
2999,6.881591796875
3000,-2.158935546875
3001,-13.027099609375
3002,2.326904296875
3003,9.093994140625
3004,7.10595703125
3005,1.406982421875
3006,1.6469726562499998
3007,0.79345703125
3008,-5.077880859374999
3009,-3.335205078125
3010,-4.08984375
3011,145.053955078125
3012,22.83056640625
3013,28.98583984375
3014,16.36572265625
3015,-33.5185546875
3016,26.638671875
3017,-19.838134765625
3018,23.999755859375
3019,-23.381591796875004
3020,96.02783203125
3021,14.900390624999998
3022,120.18994140624999
3023,-13.08740234375
3024,117.758544921875
3025,-24.027099609375
3026,-34.503662109375
3027,70.605712890625
3028,37.840087890625
3029,65.492431640625
3030,-25.515869140625
3031,3.18603515625
3032,1.944091796875
3033,3.01171875
3034,-1.5512695312499998
3035,-2.3359375
3036,24.970947265625004
3037,-6.0068359375
3038,29.246337890625
3039,-8.113525390625
3040,-1.0151367187499998
3041,3.4658203124999996
3042,-2.0693359375
3043,-3.85498046875
3044,5.124267578125
3045,-0.3525390625
3046,-18.882568359375
3047,20.529296875
3048,1.0554199218749982
3049,18.641845703125
3050,-0.182373046875
3051,11.901611328125
3052,-5.7333984375
3053,-11.609863281250002
3054,-12.156494140625
3055,-13.501708984374998
3056,4.0869140625
3057,7.50439453125
3058,-2.855224609375
3059,3.381591796875
3060,7.6640625
3061,-15.56689453125
3062,-0.220458984375
3063,0.8947753906249999
3064,4.08837890625
3065,19.257568359375
3066,50.886474609375
3067,-4.945556640625001
3068,61.46435546874999
3069,-6.844482421875
3070,-71.314697265625
3071,12.836181640625
3072,-0.59912109375
3073,-18.489013671875
3074,0.8449707031249999
3075,18.178466796875
3076,-11.309326171875
3077,23.822265625
3078,-61.64208984375
3079,24.736572265625004
3080,0.269287109375
3081,5.875
3082,-15.94970703125
3083,74.97827148437501
3084,-19.222412109375
3085,4.962646484375002
3086,9.328369140625
3087,3.787109375
3088,18.21337890625
3089,4.165771484375
3090,-7.50732421875
3091,0.3513183593750001
3092,0.6679687499999998
3093,3.5126953124999996
3094,-1.7646484375
3095,40.505859375
3096,7.82080078125
3097,-17.439208984375
3098,11.905029296875
3099,-15.3671875
3100,7.464111328125
3101,28.219482421875
3102,-4.129638671875
3103,60.593994140625
3104,-3.82373046875
3105,-9.684326171875
3106,-3.569091796875
3107,-3.31005859375
3108,-8.36376953125
3109,-1.491943359375
3110,4.117431640625
3111,2.453369140625
3112,-1.02099609375
3113,5.192138671875
3114,-5.916748046875
3115,-1.182861328125
3116,-4.5947265625
3117,1.589111328125
3118,1.755859375
3119,6.168701171875
3120,-6.172607421875
3121,-16.447265625
3122,-0.67822265625
3123,-20.53857421875
3124,2.904052734375
3125,75.9150390625
3126,-3.75732421875
3127,-36.607421875
3128,7.964599609374999
3129,-30.65576171875
3130,-1.9780273437500002
3131,-15.753906249999998
3132,-10.341552734375
3133,-1.4272460937500002
3134,-12.8837890625
3135,26.141357421875
3136,49.235595703125
3137,-15.956787109375
3138,-12.824951171875
3139,-20.504638671875
3140,-13.127197265625
3141,2.4501953124999996
3142,-5.77001953125
3143,24.45947265625
3144,-6.488037109374999
3145,-11.568603515625002
3146,-0.265869140625
3147,52.43945312500001
3148,-12.40966796875
3149,53.834716796875
3150,-13.107421875
3151,3.058837890625
3152,1.14306640625
3153,6.46337890625
3154,-2.82666015625
3155,2.76708984375
3156,35.766357421875
3157,-1.599609375
3158,6.079345703125
3159,0.9167480468750001
3160,75.23046875
3161,-30.61376953125
3162,129.911865234375
3163,50.94750976562501
3164,124.96728515625
3165,-10.8212890625
3166,-29.217529296875
3167,19.78173828125
3168,4.457031249999998
3169,15.352783203125
3170,133.2255859375
3171,-13.075927734375
3172,7.126953124999999
3173,16.21826171875
3174,6.48876953125
3175,-15.820556640625
3176,13.36181640625
3177,7.100830078125
3178,27.281494140625
3179,4.32568359375
3180,-12.790771484374998
3181,1.149169921875
3182,38.327880859375
3183,-16.9111328125
3184,33.43115234375
3185,-5.898681640625001
3186,59.704345703125
3187,-14.18212890625
3188,116.892822265625
3189,-6.888916015625
3190,17.902587890625
3191,-0.61279296875
3192,54.009521484375
3193,12.202392578125
3194,46.662841796875
3195,-4.141357421875
3196,38.57275390625
3197,-20.828369140625
3198,59.0517578125
3199,-15.158447265625
3200,2.44677734375
3201,-12.22119140625
3202,151.181884765625
3203,18.387451171875
3204,149.186767578125
3205,-21.31884765625
3206,-6.0146484375
3207,41.309326171875
3208,106.049072265625
3209,39.699462890625
3210,-23.036865234375
3211,8.701171875
3212,-10.057861328125
3213,33.940673828125
3214,-10.592529296875
3215,-10.705810546875
3216,4.561279296875
3217,25.345458984375
3218,-2.148681640625
3219,18.534423828125
3220,-28.769042968749996
3221,-27.253417968749996
3222,9.898193359375
3223,-0.11767578125
3224,9.108154296875
3225,15.796875
3226,-17.353759765625
3227,-4.898193359374999
3228,9.096435546875
3229,-2.468017578125
3230,4.476318359374998
3231,26.257080078125
3232,-22.516601562500004
3233,-70.16748046875
3234,-18.511474609375
3235,66.9443359375
3236,-3.14501953125
3237,-2.524658203125
3238,-4.888427734375
3239,0.9326171875
3240,-3.259033203125
3241,3.626953125
3242,9.718261718749998
3243,5.027099609374999
3244,15.285888671875
3245,-36.98437500000001
3246,32.25732421875
3247,-12.2470703125
3248,90.72216796875
3249,-11.883300781250002
3250,-3.8818359375000004
3251,5.13671875
3252,-5.747802734375
3253,-10.357421875
3254,1.2680664062499998
3255,9.09521484375
3256,-7.419677734375
3257,23.06005859375
3258,-3.107666015625
3259,23.856689453125
3260,-63.579833984375
3261,1.3608398437499996
3262,-3.08740234375
3263,-12.1552734375
3264,-4.192626953125
3265,60.099853515625
3266,-4.824951171875
3267,25.870849609375
3268,-59.611572265625
3269,30.631103515625
3270,-5.540283203125
3271,-14.95458984375
3272,25.856689453125
3273,14.336669921875
3274,28.71728515625
3275,11.210449218749998
3276,-7.398681640625001
3277,-12.81494140625
3278,-14.195556640625
3279,-6.476318359374999
3280,63.42187500000001
3281,10.109375
3282,8.5166015625
3283,1.6259765625
3284,11.6669921875
3285,-11.711181640625
3286,-19.409423828125
3287,13.333251953125
3288,5.194580078125
3289,12.734863281250002
3290,76.63134765625
3291,-0.246826171875
3292,26.884033203124996
3293,9.241699218749998
3294,32.33642578125
3295,-11.224609375
3296,9.103759765625
3297,93.11083984375
3298,-10.98193359375
3299,93.818603515625
3300,-8.358642578125
3301,10.576416015625002
3302,-25.5693359375
3303,-11.069580078125
3304,-26.355712890625
3305,-16.68603515625
3306,-0.8474121093750001
3307,51.6201171875
3308,-10.885009765625
3309,54.988525390625
3310,-9.08642578125
3311,-7.965576171875
3312,3.051513671875
3313,-11.09130859375
3314,-1.128662109375
3315,-8.3232421875
3316,6.06884765625
3317,0.8818359375
3318,-6.376708984375
3319,9.850341796875
3320,-16.060546875
3321,-10.882080078125
3322,-17.1884765625
3323,5.469482421875
3324,-13.688720703125
3325,0.8659667968750001
3326,31.468017578125
3327,-17.87646484375
3328,83.224365234375
3329,-18.0302734375
3330,-13.114013671875
3331,24.617431640625
3332,-8.97216796875
3333,15.935302734375
3334,-11.8857421875
3335,3.798583984375
3336,14.312255859375
3337,-9.37841796875
3338,-10.288330078125
3339,-11.9677734375
3340,35.37060546875
3341,50.54296875
3342,-7.97900390625
3343,-26.816650390625
3344,-14.154052734375
3345,41.072021484375
3346,-18.539062499999996
3347,42.27197265625
3348,-19.635498046875
3349,41.407958984375
3350,-45.740234375
3351,9.370849609375
3352,2.184326171875
3353,4.5732421875
3354,-3.089599609375
3355,1.825439453125
3356,10.766113281250002
3357,17.370361328125
3358,14.72314453125
3359,15.681884765625
3360,-44.285400390625
3361,-4.593994140625
3362,9.906738281250002
3363,0.2744140625
3364,6.54443359375
3365,-1.08447265625
3366,0.315673828125
3367,-4.16748046875
3368,4.9501953125
3369,-3.278076171875
3370,-5.549560546875
3371,29.96826171875
3372,1.276611328125
3373,12.013916015625002
3374,0.8542480468750001
3375,-6.392578124999999
3376,42.587890625
3377,-6.35498046875
3378,96.555419921875
3379,-6.462646484375
3380,24.33056640625
3381,24.9248046875
3382,-7.9140625
3383,52.412841796875
3384,-7.197998046875
3385,1.155517578125
3386,3.504638671875
3387,8.9208984375
3388,-0.17480468750000006
3389,4.64794921875
3390,-39.0224609375
3391,1.3759765625
3392,-31.609375
3393,3.782958984375
3394,-31.60693359375
3395,6.373046875000001
3396,-9.643798828125
3397,80.779052734375
3398,49.671630859375
3399,80.637451171875
3400,8.3232421875
3401,12.805419921874996
3402,124.48315429687501
3403,-19.736328125
3404,119.356201171875
3405,-22.045898437499996
3406,16.32568359375
3407,-17.958740234375
3408,-4.64404296875
3409,-20.47021484375
3410,-13.902099609375
3411,98.72705078125
3412,-31.936523437499996
3413,63.19189453125001
3414,-31.735351562500004
3415,-43.7470703125
3416,-4.834228515625
3417,7.001220703125
3418,-9.39208984375
3419,3.334716796875
3420,24.508544921875
3421,-14.72412109375
3422,45.854248046875
3423,4.81982421875
3424,42.474365234375
3425,33.02685546875
3426,-4.125732421875
3427,0.73193359375
3428,-3.7556152343750004
3429,-0.57568359375
3430,43.77685546874999
3431,32.185546875
3432,-14.81396484375
3433,-73.09814453125
3434,-12.102294921875
3435,61.77587890625
3436,-9.667236328125
3437,18.3896484375
3438,-66.1103515625
3439,22.062744140625
3440,-6.225830078125
3441,-18.0625
3442,-7.994384765625
3443,-0.12255859375
3444,-10.95849609375
3445,-7.2919921875
3446,-0.50146484375
3447,1.178466796875
3448,5.7783203125
3449,-2.880126953125
3450,18.935302734374996
3451,18.452148437499996
3452,-14.0126953125
3453,72.5166015625
3454,-15.0078125
3455,3.064697265625
3456,-6.047607421875
3457,70.85205078125
3458,-10.92333984375
3459,67.81103515625
3460,20.44775390625
3461,6.162109375000001
3462,-16.614501953125
3463,5.738037109374999
3464,-21.68603515625
3465,-5.72119140625
3466,10.6396484375
3467,-13.737060546875
3468,0.7321777343750001
3469,-11.77001953125
3470,1.597412109375
3471,1.9794921875
3472,-1.2138671875
3473,-2.712890625
3474,-7.23046875
3475,6.389892578125
3476,-10.857666015625002
3477,-15.50537109375
3478,64.22021484375
3479,-9.05712890625
3480,-17.110595703125
3481,-5.170654296875
3482,70.5166015625
3483,1.6162109375
3484,76.015869140625
3485,-14.537841796875
3486,-21.009521484375
3487,110.525390625
3488,15.120361328125
3489,100.72119140625
3490,-17.1748046875
3491,-13.021484375
3492,-6.249755859374999
3493,34.987060546875
3494,0.056640625
3495,38.68017578125
3496,-16.02001953125
3497,2.97314453125
3498,16.353515625
3499,-0.5244140625
3500,-9.520751953125
3501,0.3876953125
3502,4.848388671875
3503,-15.329345703125
3504,4.0859375
3505,-2.804443359375
3506,-19.5498046875
3507,16.762451171875
3508,3.17138671875
3509,18.53271484375
3510,4.5517578125
3511,3.92919921875
3512,40.9287109375
3513,7.45703125
3514,39.82006835937501
3515,-9.592041015625002
3516,-4.732666015625001
3517,99.563720703125
3518,30.357177734374996
3519,99.302490234375
3520,-8.146728515625
3521,1.9851074218749991
3522,83.27978515625
3523,-18.42138671875
3524,85.781494140625
3525,-13.080078125
3526,-15.567138671875
3527,-5.836669921875
3528,11.36376953125
3529,-10.084228515625002
3530,2.178466796875
3531,-8.8369140625
3532,2.178466796875
3533,12.3740234375
3534,1.40625
3535,-8.943359375
3536,-11.669189453125
3537,3.672119140625
3538,-6.088623046875
3539,1.236572265625
3540,-15.090576171875
3541,31.960205078125
3542,-16.141845703125
3543,17.67822265625
3544,-12.058349609375
3545,9.412353515625002
3546,22.68798828125
3547,2.125244140625
3548,3.5712890624999996
3549,-4.047119140625
3550,-0.5537109375
3551,0.536376953125
3552,5.337890624999999
3553,-15.673828125
3554,8.79345703125
3555,14.009521484374998
3556,2.17529296875
3557,-9.6875
3558,7.6572265625
3559,-7.272216796875
3560,8.998779296875
3561,-3.37548828125
3562,-3.10107421875
3563,0.609375
3564,-0.308837890625
3565,-4.08056640625
3566,16.641845703125
3567,-20.538818359375
3568,0.170654296875
3569,-22.380859375
3570,-5.465087890625001
3571,10.77001953125
3572,69.06689453125
3573,-24.660400390625
3574,69.767822265625
3575,-21.225830078125
3576,30.583984375
3577,-11.5595703125
3578,25.302490234375
3579,-9.33154296875
3580,10.54345703125
3581,-7.5810546875
3582,-7.369140624999999
3583,24.733398437499996
3584,-4.787109375000001
3585,18.661865234375
3586,-7.674560546875
3587,0.13720703125
3588,0.31787109375
3589,3.866943359375
3590,3.020751953125
3591,3.052978515625
3592,36.361083984375
3593,-10.608642578125
3594,40.029052734375
3595,-9.380859375
3596,-20.648193359375
3597,23.979248046875
3598,-16.8984375
3599,26.0888671875
3600,3.060546875
3601,0.388671875
3602,4.368896484375
3603,2.506591796875
3604,4.529052734375
3605,5.65625
3606,13.13427734375
3607,5.014404296875
3608,21.844482421875
3609,10.764892578125
3610,9.249755859375
3611,-8.134765625
3612,21.25439453125
3613,11.893798828125
3614,28.4736328125
3615,5.42333984375
3616,-1.8315429687500002
3617,-8.8759765625
3618,-17.646240234375
3619,-4.03271484375
3620,3.985595703125
3621,31.131103515625
3622,-5.45947265625
3623,-2.236328125
3624,-16.760009765625
3625,73.776123046875
3626,26.914062499999996
3627,-0.06298828125000067
3628,5.03466796875
3629,-0.9416503906249999
3630,84.61767578125
3631,-19.557373046875
3632,-3.06494140625
3633,16.897705078125
3634,-4.86181640625
3635,4.727050781249998
3636,-16.32861328125
3637,33.065185546875
3638,18.9267578125
3639,32.777099609375
3640,-6.687744140625001
3641,31.48876953125
3642,-28.32666015625
3643,2.562744140625
3644,-25.57568359375
3645,9.0791015625
3646,0.7941894531249999
3647,6.939453124999999
3648,11.04443359375
3649,1.177001953125
3650,-13.199462890625
3651,-1.370849609375
3652,3.376220703125
3653,-0.6520996093750001
3654,4.464111328125
3655,-25.253173828125
3656,26.69775390625
3657,-3.0615234375000004
3658,10.989013671875
3659,-5.17138671875
3660,-8.232177734375
3661,20.83740234375
3662,-23.86669921875
3663,17.05810546875
3664,-24.366943359375
3665,47.79296875
3666,-5.2470703125
3667,6.997314453125
3668,-3.537841796875
3669,10.929443359375
3670,-6.673095703125
3671,2.454345703125
3672,-2.2900390625
3673,0.055908203125
3674,0.8210449218750001
3675,1.6879882812499998
3676,-6.519287109374999
3677,-0.27294921875
3678,-4.580322265625
3679,-2.634521484375
3680,1.7973632812499998
3681,41.90966796875
3682,-12.023193359375
3683,16.93603515625
3684,-6.842041015625
3685,74.088134765625
3686,-0.82763671875
3687,19.482177734374996
3688,5.619140624999999
3689,15.9736328125
3690,-46.94433593749999
3691,-4.569091796875
3692,-43.649658203125
3693,13.673583984374998
3694,-39.5712890625
3695,27.8193359375
3696,5.62841796875
3697,7.449462890625001
3698,-19.184326171875
3699,4.239990234375
3700,7.56689453125
3701,69.109375
3702,-2.9975585937500027
3703,17.864501953125
3704,0.9719238281249999
3705,22.9775390625
3706,-11.797607421875
3707,4.408447265625
3708,3.167724609375
3709,2.066650390625
3710,37.83203125
3711,4.263427734375
3712,-2.505859375
3713,-0.8225097656249999
3714,-6.763427734375
3715,-3.40673828125
3716,13.311279296875
3717,-34.463623046875
3718,4.84716796875
3719,-36.760009765625
3720,5.368896484375
3721,-10.219970703125
3722,2.893310546875
3723,-11.093261718749998
3724,4.583984375
3725,-8.64794921875
3726,17.138916015625
3727,10.62158203125
3728,-5.381103515625
3729,11.476318359375
3730,-13.802978515625002
3731,53.35058593749999
3732,-22.853515625
3733,30.593994140625
3734,-20.555908203124996
3735,67.089111328125
3736,7.99072265625
3737,-7.46435546875
3738,-10.28564453125
3739,-9.889404296875
3740,-10.495361328125
3741,-21.974853515625
3742,46.625732421875
3743,-2.523193359375
3744,49.05908203125
3745,-7.925048828125
3746,10.9453125
3747,-13.436279296875
3748,13.7060546875
3749,-9.75439453125
3750,3.546875
3751,4.801025390625001
3752,-4.008544921875
3753,-2.729736328125
3754,-7.43896484375
3755,26.478515625
3756,-4.842041015625
3757,-15.677734375
3758,92.57666015625
3759,-18.64306640625
3760,-14.33935546875
3761,21.552978515625
3762,77.197021484375
3763,26.12890625
3764,73.36474609375
3765,3.218505859375
3766,-3.925537109375
3767,18.83203125
3768,-11.5361328125
3769,27.143798828125
3770,-57.741943359375
3771,14.147949218749998
3772,113.944580078125
3773,4.834716796875
3774,114.065673828125
3775,24.0400390625
3776,23.561279296875
3777,-9.00927734375
3778,37.580810546875
3779,-3.68212890625
3780,-7.964111328125
3781,-9.956787109375
3782,-8.53857421875
3783,11.686767578125
3784,-6.423583984375
3785,-3.690185546875
3786,-2.677978515625
3787,-0.3876953125
3788,1.576416015625
3789,-1.9389648437500002
3790,-1.801025390625
3791,29.893310546875
3792,-5.061767578125
3793,70.306640625
3794,-4.9775390625
3795,9.064208984375
3796,35.92919921875
3797,-4.94287109375
3798,74.9375
3799,-3.494140625
3800,10.99853515625
3801,24.188720703125
3802,-3.88427734375
3803,30.994384765625
3804,-3.8740234375000004
3805,-23.84912109375
3806,-1.7797851562499998
3807,-3.881103515625
3808,9.302001953125
3809,-3.449951171875
3810,-22.231201171875
3811,104.20703125
3812,-20.68701171875
3813,28.523193359375
3814,-21.302978515625004
3815,-27.660888671875
3816,8.918701171875
3817,6.258056640625001
3818,57.617919921875
3819,4.954833984375
3820,-12.1923828125
3821,-2.193603515625
3822,-4.42578125
3823,-5.29248046875
3824,1.160888671875
3825,5.509765624999999
3826,2.1708984375
3827,57.95703125
3828,-10.334716796875
3829,58.630615234375
3830,-10.8232421875
3831,-13.59912109375
3832,50.114501953125
3833,0.062255859375
3834,46.472900390625
3835,-7.24560546875
3836,10.604736328125
3837,-6.9130859375
3838,9.0712890625
3839,-6.755859375000001
3840,2.745849609375
3841,26.64453125
3842,-69.055908203125
3843,31.111572265625004
3844,-72.53271484375
3845,-0.291015625
3846,-9.85009765625
3847,5.364990234375
3848,-20.03271484375
3849,7.40771484375
3850,41.05419921875
3851,-0.83837890625
3852,-7.302001953125
3853,5.18115234375
3854,-2.793701171875
3855,-15.941406249999998
3856,64.292724609375
3857,-37.431640625
3858,-1.1635742187500002
3859,-38.31445312500001
3860,27.432861328125
3861,3.421875
3862,-18.54736328125
3863,-4.685546875000001
3864,-19.016601562500004
3865,-17.559326171875
3866,38.161376953125
3867,-8.3701171875
3868,13.430419921875
3869,-12.6279296875
3870,7.89697265625
3871,87.437255859375
3872,15.708984375
3873,-4.820068359374999
3874,7.564208984375
3875,10.85791015625
3876,4.781005859374999
3877,-1.931884765625
3878,1.587890625
3879,-5.494873046875
3880,10.45849609375
3881,25.74853515625
3882,-14.4658203125
3883,4.855712890625001
3884,-14.270263671875
3885,58.625732421875
3886,-47.96044921875
3887,38.966064453125
3888,-50.658935546875
3889,40.538330078125
3890,13.41748046875
3891,-4.510986328125
3892,0.9182128906249999
3893,-12.7421875
3894,2.610107421875
3895,21.347900390625
3896,-11.0107421875
3897,-2.548583984375
3898,-0.5625
3899,-0.504150390625
3900,-0.8601074218750001
3901,4.407958984375
3902,9.913574218749998
3903,-4.298095703125
3904,7.757568359374999
3905,-38.27880859375
3906,45.855712890625
3907,-17.01708984375
3908,40.5615234375
3909,-21.003662109375
3910,7.98779296875
3911,35.91259765625
3912,-20.612060546875
3913,1.398681640625
3914,-16.792236328125
3915,-2.05859375
3916,7.1357421875
3917,12.146728515625002
3918,-2.59619140625
3919,9.560791015625002
3920,-0.413330078125
3921,20.6181640625
3922,-16.132080078125
3923,-17.144775390625
3924,-16.12353515625
3925,-8.075927734375
3926,22.318115234375
3927,-14.658935546875
3928,6.44384765625
3929,-12.390136718749998
3930,112.7978515625
3931,4.376708984375
3932,-46.9140625
3933,5.2373046875
3934,-42.36816406250001
3935,-4.5263671875
3936,-7.048095703125
3937,-6.125732421875
3938,-8.646728515625
3939,-8.403564453125
3940,33.659912109375
3941,-1.9262695312499998
3942,4.756591796875
3943,-13.046630859375
3944,2.44091796875
3945,-2.9931640624999996
3946,37.3955078125
3947,-39.88427734375
3948,-10.199462890625
3949,-40.69189453125001
3950,34.149169921875
3951,2.067626953125
3952,30.56005859375
3953,-7.337890624999999
3954,32.311767578125
3955,-7.99560546875
3956,-5.4892578125
3957,29.995849609375
3958,-3.14013671875
3959,27.020263671875
3960,-8.614013671875
3961,38.52197265625
3962,-30.990478515625
3963,33.19921875
3964,-27.32080078125
3965,104.07617187499999
3966,-9.962158203125
3967,48.239013671875
3968,-10.893798828125
3969,50.20629882812501
3970,-19.590576171875
3971,2.5205078124999996
3972,0.6350097656249999
3973,-4.346923828125
3974,-0.88525390625
3975,-2.47216796875
3976,31.996826171875
3977,-5.15966796875
3978,-63.7158203125
3979,-3.61474609375
3980,69.209716796875
3981,-11.43603515625
3982,6.74755859375
3983,-8.269287109375
3984,11.6513671875
3985,-12.36279296875
3986,36.462890625
3987,-29.10498046875
3988,103.361572265625
3989,-28.56884765625
3990,35.125732421875
3991,0.01904296875
3992,6.98681640625
3993,14.472656249999998
3994,12.988037109375
3995,-13.815673828125
3996,-3.988037109375
3997,39.899658203125
3998,-15.42431640625
3999,41.609130859375
4000,-1.515625
4001,-12.328613281250002
4002,13.867919921875
4003,-53.85693359375001
4004,15.8974609375
4005,-6.92578125
4006,13.968994140625
4007,-26.474365234375
4008,14.193603515625002
4009,-28.102783203124996
4010,8.396484375
4011,-4.307861328125
4012,-3.125
4013,-9.000244140625
4014,-3.932373046875
4015,23.689697265625004
4016,15.98583984375
4017,-16.00927734375
4018,10.382324218749998
4019,-12.512451171875
4020,8.67724609375
4021,5.56005859375
4022,-12.470458984374998
4023,16.508056640625
4024,-14.3076171875
4025,9.5498046875
4026,1.766357421875
4027,-4.42041015625
4028,3.784912109375
4029,-2.017822265625
4030,2.622314453125
4031,32.914794921875
4032,-24.858398437499996
4033,-9.164794921875
4034,-20.028076171875
4035,-13.438232421875
4036,-15.29150390625
4037,47.78759765625
4038,2.206787109375
4039,42.6865234375
4040,6.437255859374999
4041,-15.704833984374998
4042,31.47021484375
4043,-17.082763671875
4044,27.050048828125
4045,-54.493896484375
4046,36.263671875
4047,2.48974609375
4048,-4.858154296875
4049,0.318359375
4050,46.44287109375
4051,103.89990234374999
4052,1.5239257812499973
4053,7.7861328125
4054,3.264404296874996
4055,0.9880371093750001
4056,-3.803466796875
4057,-4.9130859375
4058,-16.0791015625
4059,-4.50732421875
4060,2.7890625
4061,-2.737548828125
4062,1.09765625
4063,-2.080322265625
4064,6.98974609375
4065,0.304931640625
4066,-0.300048828125
4067,-1.978759765625
4068,25.038330078125
4069,-3.41845703125
4070,14.400390625
4071,53.70068359375001
4072,-19.10205078125
4073,45.23046875
4074,-11.40478515625
4075,28.887451171875
4076,-6.055419921875002
4077,87.42724609375
4078,-5.36669921875
4079,86.121337890625
4080,-31.57568359375
4081,15.406982421875
4082,-7.62744140625
4083,-6.929931640625001
4084,-7.946533203125
4085,-13.066162109375
4086,-20.480224609375
4087,2.499267578125
4088,3.81884765625
4089,6.75634765625
4090,7.186767578125
4091,-8.453369140625
4092,-6.644775390625001
4093,-17.392578125
4094,-6.1142578125
4095,48.130126953125
4096,15.07275390625
4097,-18.803955078125
4098,-2.47119140625
4099,-13.989990234375
4100,1.035888671875
4101,-18.59130859375
4102,7.560302734375
4103,-11.7373046875
4104,-1.4282226562499998
4105,-3.102294921875
4106,2.023681640625
4107,-15.46240234375
4108,8.937255859375
4109,-14.916259765625
4110,-10.473388671875
4111,12.469482421875
4112,-3.62158203125
4113,-26.625
4114,-7.1455078125
4115,17.341796875
4116,1.138427734375
4117,6.360595703125
4118,-1.03125
4119,5.17529296875
4120,-0.1142578125
4121,48.9052734375
4122,-18.280029296875
4123,37.32568359375001
4124,-22.04931640625
4125,51.26025390625
4126,-2.04833984375
4127,-10.496337890625
4128,3.783447265625
4129,-15.81103515625
4130,5.988037109374999
4131,3.748779296875
4132,7.924560546875
4133,8.34130859375
4134,10.336669921875
4135,-21.809326171875
4136,-1.177734375
4137,-1.2934570312499998
4138,3.377197265625
4139,0.7946777343750001
4140,1.213623046875
4141,1.041748046875
4142,-9.879150390625
4143,89.50878906250001
4144,-11.696533203125
4145,14.72998046875
4146,-2.08984375
4147,-1.716796875
4148,-20.306884765625
4149,4.213134765625
4150,24.287353515625
4151,5.266357421875
4152,-8.22216796875
4153,11.718017578125
4154,-7.27001953125
4155,12.207763671875
4156,-54.5458984375
4157,-4.697998046875
4158,34.129638671875
4159,-10.190185546875
4160,-18.942626953125
4161,-1.947509765625
4162,12.8603515625
4163,-1.2583007812499998
4164,16.072509765625
4165,-4.20751953125
4166,79.78759765625001
4167,-11.355468750000002
4168,52.97631835937501
4169,-11.1796875
4170,0.412353515625
4171,-7.218017578125
4172,-5.006591796875
4173,48.21118164062499
4174,-5.045166015625
4175,-4.802734375000001
4176,-24.451904296875
4177,12.5205078125
4178,-0.3330078125
4179,9.079345703125
4180,4.7333984375
4181,5.04296875
4182,-14.673828125
4183,1.56640625
4184,-17.42578125
4185,2.25634765625
4186,-3.6416015624999996
4187,-5.995361328125
4188,9.18505859375
4189,-3.171875
4190,1.9086914062499998
4191,0.9882812499999973
4192,112.759765625
4193,-30.296142578125
4194,112.57080078125
4195,-12.07958984375
4196,-18.259521484375
4197,31.489501953125
4198,14.676757812499998
4199,32.202880859375
4200,9.031494140625
4201,-5.411376953125
4202,46.06396484375
4203,-19.1494140625
4204,50.360107421875
4205,-11.757324218749998
4206,-1.573486328125
4207,0.48876953125000044
4208,16.37548828125
4209,3.28466796875
4210,-4.09521484375
4211,9.81494140625
4212,4.837890624999999
4213,-0.51953125
4214,5.9609375
4215,15.182861328125
4216,38.875
4217,-33.92724609375
4218,-6.240234375000001
4219,-31.740234375
4220,42.5810546875
4221,-31.166748046875
4222,-0.198974609375
4223,-6.82763671875
4224,2.4130859375000004
4225,6.5986328125
4226,21.473876953125
4227,-16.494384765625
4228,2.199462890625
4229,-14.698486328125
4230,31.591796875
4231,-14.324462890625
4232,33.228515625
4233,-2.416015625
4234,26.38818359375
4235,0.9909667968750001
4236,0.6435546875
4237,-1.9907226562499998
4238,-12.478515625
4239,1.5747070312499998
4240,-4.185546875
4241,-14.9599609375
4242,-11.062744140625
4243,18.956787109375
4244,-12.059814453125
4245,41.435791015625
4246,-3.340087890625
4247,-10.863525390625
4248,-19.097900390625
4249,-11.7890625
4250,13.7255859375
4251,-5.438720703125
4252,0.237548828125
4253,1.510986328125
4254,0.9580078125
4255,-3.336669921875
4256,1.5444335937500002
4257,1.763671875
4258,-2.5712890624999996
4259,-5.323486328125
4260,17.693359375
4261,-1.3725585937500002
4262,-3.6083984375000004
4263,-15.281005859375
4264,-9.230712890625
4265,-23.121826171875
4266,1.527099609375
4267,-2.498046875
4268,-19.926513671875
4269,2.027587890625
4270,16.76708984375
4271,23.0107421875
4272,-19.01416015625
4273,43.65673828125
4274,-22.65771484375
4275,8.39599609375
4276,3.178955078125
4277,17.698974609375
4278,-13.492431640625
4279,13.394287109375
4280,6.79443359375
4281,9.83251953125
4282,-9.68994140625
4283,-20.000732421875
4284,-8.8544921875
4285,-8.632080078125
4286,5.562744140625001
4287,40.21191406250001
4288,8.03076171875
4289,37.234130859375
4290,-8.513427734375
4291,-21.480957031250004
4292,43.83154296875
4293,12.239013671875
4294,46.73486328125
4295,-0.225341796875
4296,9.251220703125
4297,4.3759765625
4298,10.373779296875
4299,0.6599121093750001
4300,-4.756591796875
4301,3.390869140625
4302,-5.0966796875
4303,-23.992431640625
4304,-4.509521484375
4305,38.38037109375
4306,-18.018310546875
4307,40.243896484375
4308,-75.922607421875
4309,40.932861328125
4310,-14.957763671875
4311,49.32495117187499
4312,-29.908935546875
4313,82.43359374999999
4314,-25.56005859375
4315,-63.820556640625
4316,10.114990234375
4317,82.895263671875
4318,-17.9140625
4319,79.697265625
4320,-36.776611328125
4321,-5.744384765625
4322,-1.398681640625
4323,-2.74365234375
4324,2.422607421875
4325,-2.67431640625
4326,5.750244140625001
4327,3.120849609375
4328,31.46044921875
4329,-6.896240234375
4330,-8.859130859375
4331,30.685302734374996
4332,-22.610351562500004
4333,4.6201171875
4334,-21.154052734374996
4335,5.025634765625
4336,30.994384765625
4337,8.4873046875
4338,33.556640625
4339,12.405517578125
4340,-16.3935546875
4341,-10.990478515625002
4342,-3.8681640624999996
4343,-24.15478515625
4344,-7.939208984375
4345,35.907470703125
4346,45.085205078125
4347,-4.78173828125
4348,129.134521484375
4349,-11.56689453125
4350,14.823974609375
4351,-1.9580078125
4352,19.894287109375
4353,-0.558837890625
4354,15.937744140625
4355,-36.7421875
4356,-10.078613281250002
4357,-2.02685546875
4358,-9.107177734375
4359,3.03515625
4360,-10.875244140625
4361,10.24853515625
4362,16.0087890625
4363,12.954833984374998
4364,19.001953125
4365,-4.239990234375
4366,18.76123046875
4367,-6.852294921875
4368,-4.0810546875
4369,-1.779052734375
4370,19.234375
4371,-12.70947265625
4372,79.02783203125
4373,-9.37353515625
4374,79.989990234375
4375,-25.8408203125
4376,19.672851562500004
4377,5.95703125
4378,2.705322265625
4379,4.195068359375
4380,2.903076171875
4381,-43.54248046875
4382,6.956787109374999
4383,-5.04931640625
4384,6.175537109374999
4385,6.436767578125
4386,-5.1435546875
4387,13.384033203125
4388,7.582763671875
4389,4.941162109374999
4390,-29.810546875
4391,77.03076171875
4392,14.938232421875
4393,36.859619140625
4394,14.911621093749995
4395,16.938232421875
4396,0.8693847656249999
4397,-4.34228515625
4398,0.83642578125
4399,-6.003173828125
4400,0.426513671875
4401,-13.486328125
4402,-8.9375
4403,-17.1533203125
4404,-11.263427734375
4405,-6.972412109374999
4406,8.151123046875
4407,-11.656738281250002
4408,93.443603515625
4409,-14.425781249999998
4410,7.18115234375
4411,1.353515625
4412,6.80712890625
4413,-2.0087890625
4414,4.543212890625
4415,-5.619384765625
4416,0.736328125
4417,-0.06298828125
4418,11.066406249999998
4419,-1.2387695312499998
4420,-25.578369140625
4421,-10.8544921875
4422,30.555419921875
4423,-9.75439453125
4424,32.865234375
4425,-74.95434570312499
4426,1.573974609375
4427,-5.32666015625
4428,-24.859619140625
4429,-4.806640624999999
4430,25.19384765625
4431,12.923828125
4432,8.2236328125
4433,11.5576171875
4434,5.54150390625
4435,23.68310546875
4436,0.40966796875
4437,-5.999267578125
4438,48.923828125
4439,-8.230712890625
4440,-3.0302734375000004
4441,-8.089599609375
4442,16.0771484375
4443,-6.4833984375
4444,15.221435546875
4445,2.92333984375
4446,2.123779296875
4447,-2.929931640625
4448,-0.567138671875
4449,-3.117431640625
4450,17.018798828125
4451,48.44287109375
4452,-22.38232421875
4453,15.4677734375
4454,-17.31201171875
4455,41.32006835937501
4456,-7.39208984375
4457,16.816162109375
4458,-20.486328125
4459,12.365478515625002
4460,38.6083984375
4461,-1.739501953125
4462,1.3291015625000004
4463,-1.985107421875
4464,-5.36376953125
4465,-2.833740234375
4466,33.92578125
4467,-17.397216796875
4468,24.517822265625004
4469,-16.5615234375
4470,12.247802734375
4471,0.54638671875
4472,4.876953124999999
4473,-2.265869140625
4474,1.561279296875
4475,-2.7548828124999996
4476,-1.305908203125
4477,4.493896484375
4478,5.238037109374999
4479,5.2001953125
4480,3.640869140625
4481,-1.451904296875
4482,11.689208984374998
4483,-43.630615234375
4484,11.5673828125
4485,-2.243408203125
4486,5.4453125
4487,7.5927734375
4488,-20.74072265625
4489,2.698974609375
4490,-2.1669921875
4491,11.6689453125
4492,41.233154296875
4493,3.997802734375
4494,43.656494140625
4495,1.916259765625
4496,-9.62744140625
4497,37.101806640625
4498,-11.562988281250002
4499,42.60400390625
4500,-3.34423828125
4501,-15.695800781250002
4502,80.518798828125
4503,-24.78173828125
4504,84.071044921875
4505,-0.339599609375
4506,-6.789306640625001
4507,-9.7119140625
4508,39.68066406250001
4509,-11.4189453125
4510,-25.130615234375
4511,-13.65625
4512,9.976318359375
4513,-4.074951171875
4514,9.16796875
4515,6.336181640625001
4516,22.027099609375
4517,-18.274169921875
4518,9.23193359375
4519,-12.25439453125
4520,-1.7861328125
4521,-3.082275390625
4522,37.568603515625
4523,-7.5205078125
4524,33.579345703125
4525,-4.8076171875
4526,-5.482177734375
4527,0.204345703125
4528,-1.5312499999999996
4529,0.9860839843750001
4530,8.4482421875
4531,32.78369140625
4532,-18.460937500000004
4533,5.5478515625
4534,-18.775634765625
4535,2.2392578125
4536,-14.242919921875
4537,10.8271484375
4538,0.3583984375
4539,17.400146484375
4540,-0.44116210937499983
4541,3.464599609375
4542,17.653076171875
4543,-3.353271484375
4544,24.045654296875
4545,-40.503173828125
4546,13.2080078125
4547,-17.684814453125
4548,-5.786865234375
4549,-21.579101562500004
4550,0.93505859375
4551,-6.795166015625
4552,14.919677734375
4553,9.0048828125
4554,10.606201171875
4555,-6.298095703125
4556,-5.341796875000001
4557,5.36669921875
4558,-23.744873046875
4559,3.619140625
4560,0.599609375
4561,7.869873046875
4562,-7.470703124999999
4563,50.384033203125
4564,-4.733642578125
4565,-11.507324218749998
4566,-43.345458984375
4567,17.539306640625
4568,6.715576171875
4569,22.2216796875
4570,-31.585693359375
4571,4.025390625
4572,-25.3662109375
4573,-2.96923828125
4574,-30.48486328125
4575,4.029296875
4576,0.8469238281249998
4577,0.8505859375
4578,18.51708984375
4579,-1.625
4580,-1.522216796875
4581,-16.193115234375
4582,100.371337890625
4583,2.018798828125
4584,105.418701171875
4585,49.892578125
4586,112.67333984375
4587,4.350341796875
4588,44.78320312500001
4589,9.380126953125
4590,-15.97314453125
4591,-5.707275390625001
4592,-7.48095703125
4593,49.54833984375
4594,-7.692626953125
4595,-8.29736328125
4596,5.395263671875
4597,-0.31689453125
4598,-3.150634765625
4599,-1.32421875
4600,-9.29541015625
4601,-12.207275390625
4602,4.958251953125
4603,-7.922119140625001
4604,2.944580078125
4605,-5.576416015625
4606,-0.9062500000000009
4607,59.20849609375
4608,-13.72021484375
4609,72.16455078125
4610,8.600341796875
4611,-11.579833984374998
4612,-15.7421875
4613,-26.18212890625
4614,-15.081787109375
4615,69.58154296875
4616,-18.718017578125
4617,39.258056640625
4618,-12.309326171875
4619,40.165283203125
4620,33.9755859375
4621,-9.234863281250002
4622,-8.30078125
4623,30.929931640625
4624,-10.430419921875
4625,5.409423828125
4626,-3.43359375
4627,9.017333984375
4628,-11.759521484374998
4629,14.3662109375
4630,-7.521484375000001
4631,88.06982421875
4632,-25.441650390625
4633,25.290771484375
4634,-32.19287109375
4635,49.63134765625
4636,6.671142578125
4637,7.858154296875
4638,19.117431640625
4639,6.40576171875
4640,-12.712646484374998
4641,10.441162109375
4642,-1.617919921875
4643,-5.835693359374999
4644,-0.23583984374999992
4645,63.65625
4646,29.71484375
4647,-19.54296875
4648,-0.231689453125
4649,-21.32421875
4650,4.822021484375
4651,-36.414306640625
4652,18.708740234375
4653,40.117919921875
4654,19.426513671875
4655,-29.23193359375
4656,36.350830078125
4657,-17.2607421875
4658,4.7978515625
4659,-16.431396484375
4660,-2.32470703125
4661,72.3779296875
4662,7.011474609374999
4663,8.134765625
4664,6.39013671875
4665,59.395751953125
4666,0.9555664062499987
4667,62.6708984375
4668,-48.990234375
4669,57.3798828125
4670,-16.40771484375
4671,6.62060546875
4672,7.32421875
4673,15.365966796875
4674,4.08837890625
4675,-6.760986328125
4676,-13.566650390625
4677,-3.305908203125
4678,48.54370117187499
4679,-0.8269042968750001
4680,-25.220458984375
4681,14.7939453125
4682,-1.86328125
4683,-9.1923828125
4684,5.189208984375
4685,74.463134765625
4686,26.93505859375
4687,-8.361083984375
4688,-6.019287109374999
4689,-2.96826171875
4690,30.845947265625004
4691,-19.052490234375
4692,3.439697265625
4693,-18.584228515625
4694,1.052001953125
4695,52.797119140625
4696,-8.84326171875
4697,-6.718017578125
4698,31.040771484375
4699,-7.71142578125
4700,21.338134765625
4701,-9.70751953125
4702,-12.9794921875
4703,49.92822265625
4704,-7.725830078125
4705,-7.93505859375
4706,0.119873046875
4707,3.029296875
4708,-13.796630859375
4709,3.465576171875
4710,47.84033203125
4711,7.19091796875
4712,-29.540283203124996
4713,-7.024658203125
4714,-32.037109375
4715,7.86962890625
4716,-14.379150390625
4717,41.43896484375
4718,6.837158203124999
4719,47.19506835937501
4720,0.91845703125
4721,32.814453125
4722,-2.791259765625
4723,15.334228515625002
4724,-4.349609375
4725,-6.467041015625
4726,9.853515625
4727,8.767822265625
4728,8.699462890625
4729,12.113281249999998
4730,-21.216796875
4731,95.38696289062501
4732,-28.46630859375
4733,20.949462890625
4734,-29.805908203124996
4735,-14.151123046875
4736,-7.526123046875
4737,-9.582275390625
4738,9.208251953125
4739,-11.678466796875
4740,14.645751953125
4741,-1.703857421875
4742,-2.89892578125
4743,0.85693359375
4744,-5.076416015625
4745,3.093505859375
4746,1.475830078125
4747,9.6904296875
4748,20.716796875
4749,5.832275390625001
4750,7.58154296875
4751,-13.6259765625
4752,18.82080078125
4753,-55.421142578125
4754,17.280029296875
4755,-5.423583984375
4756,-16.74365234375
4757,159.271240234375
4758,-29.628662109375
4759,148.7314453125
4760,22.5556640625
4761,14.87353515625
4762,-21.464111328125
4763,7.045654296875
4764,-21.208984375
4765,17.501953125
4766,36.51220703125
4767,-8.054931640625
4768,-2.718505859375
4769,-7.935546875000001
4770,-2.2333984375
4771,7.16943359375
4772,-8.595458984375
4773,0.006103515625
4774,-8.55029296875
4775,50.09130859375
4776,3.83935546875
4777,5.926513671875
4778,-18.95849609375
4779,12.999755859375
4780,-2.59619140625
4781,-8.626708984375
4782,4.671142578125
4783,15.824218750000002
4784,1.621337890625
4785,10.963623046875
4786,-5.250732421875
4787,28.113037109375
4788,-0.17822265625
4789,24.447021484375
4790,-9.735595703125
4791,-6.019775390625001
4792,-7.033203124999999
4793,-21.63134765625
4794,-8.283447265625
4795,-20.569091796875004
4796,4.671875
4797,5.451171875000001
4798,-2.786865234375
4799,0.3544921875
4800,-7.291748046875
4801,7.267333984375
4802,3.222900390625
4803,0.9689941406249996
4804,2.644775390625
4805,38.530517578125
4806,-28.088623046875
4807,20.58984375
4808,-7.801513671875
4809,16.373779296875
4810,1.880859375
4811,-0.5969238281249999
4812,-0.7492675781249999
4813,-1.930419921875
4814,-5.7294921875
4815,2.684326171875
4816,-39.60986328125
4817,64.447265625
4818,7.27197265625
4819,61.98291015625
4820,-43.59228515625
4821,-16.94677734375
4822,36.75634765625
4823,1.7656249999999996
4824,40.06298828125
4825,5.643798828125
4826,11.583251953125
4827,9.767822265625
4828,19.08447265625
4829,3.0078125
4830,8.609619140625
4831,0.98681640625
4832,7.403564453125
4833,-3.343994140625
4834,2.329833984375
4835,-29.70751953125
4836,1.43359375
4837,-6.27783203125
4838,-1.6279296875
4839,-7.899169921875
4840,38.11962890625
4841,50.488525390625
4842,-13.3505859375
4843,19.951171875
4844,-6.155029296875002
4845,20.07275390625
4846,-5.319580078125
4847,21.387451171875
4848,-9.27099609375
4849,20.813720703125
4850,-6.858154296875
4851,-5.578369140625001
4852,0.099853515625
4853,-0.548828125
4854,-2.10595703125
4855,-7.072265624999999
4856,-21.561767578125
4857,44.51953125
4858,-5.758544921875002
4859,47.2060546875
4860,-7.817138671875
4861,4.998046875000001
4862,4.30615234375
4863,13.380126953125
4864,3.465087890625
4865,-16.682373046875
4866,8.09033203125
4867,-10.9619140625
4868,7.43994140625
4869,-7.987548828125
4870,-4.027099609375
4871,-17.517578125
4872,7.71533203125
4873,7.5556640625
4874,11.519531249999998
4875,-17.367431640625
4876,6.931640624999999
4877,70.442138671875
4878,2.32177734375
4879,72.762939453125
4880,-7.0478515625
4881,-0.978515625
4882,2.4716796875000004
4883,32.90380859375
4884,-2.744140625
4885,-24.735351562500004
4886,-13.16162109375
4887,8.09619140625
4888,5.381591796875
4889,13.87841796875
4890,8.0341796875
4891,-67.02978515625
4892,23.44189453125
4893,-29.340332031250004
4894,27.06689453125
4895,26.24755859375
4896,8.951416015625
4897,-29.552001953125
4898,4.016845703125
4899,-33.066650390625
4900,8.266845703125
4901,-10.325439453125
4902,-9.25439453125
4903,-32.260986328125
4904,-12.096435546875
4905,65.475341796875
4906,-25.243896484375
4907,39.534912109375
4908,10.381103515625002
4909,40.1396484375
4910,5.14208984375
4911,-39.30493164062499
4912,34.955322265625
4913,-5.4580078125
4914,37.40087890625
4915,128.74755859375
4916,-2.88623046875
4917,-6.290771484375
4918,0.409423828125
4919,-4.22119140625
4920,1.6611328125
4921,-8.87060546875
4922,-7.11474609375
4923,-12.9404296875
4924,-8.905517578125
4925,8.482666015625
4926,-30.552734375
4927,39.54125976562501
4928,-39.662353515625
4929,36.27490234375
4930,10.91552734375
4931,-31.68212890625
4932,15.689208984374998
4933,-9.2353515625
4934,15.21728515625
4935,38.698486328125
4936,-6.131591796875
4937,-7.791748046875
4938,2.66650390625
4939,-5.181884765625
4940,-8.40576171875
4941,-62.05908203125
4942,-8.06298828125
4943,-19.574707031250004
4944,-4.750732421875
4945,27.047851562500004
4946,4.53076171875
4947,4.290283203125
4948,0.64453125
4949,2.35107421875
4950,8.620849609375
4951,-24.126953125
4952,46.13671875
4953,-30.029541015625
4954,49.462890625
4955,3.026123046875
4956,-5.89306640625
4957,-11.839843750000002
4958,-17.5068359375
4959,-5.189453124999999
4960,-9.102783203125
4961,5.57080078125
4962,-4.47509765625
4963,0.192626953125
4964,-2.012451171875
4965,5.4228515625
4966,1.481201171875
4967,-4.824951171875
4968,-3.533447265625
4969,3.22900390625
4970,3.7685546875000004
4971,10.1953125
4972,-15.02001953125
4973,54.999267578125
4974,-19.091796875
4975,-64.0751953125
4976,8.00634765625
4977,18.239501953125
4978,-1.410400390625
4979,14.0458984375
4980,-6.25390625
4981,-15.27978515625
4982,12.59912109375
4983,7.226562499999998
4984,18.677490234375
4985,-1.851806640625
4986,-0.9189453125
4987,16.4404296875
4988,-1.8330078125
4989,15.585205078125
4990,-50.681396484375
4991,-30.215576171875
4992,6.325439453125
4993,-2.160888671875
4994,0.09619140625
4995,21.6826171875
4996,2.31005859375
4997,-16.261962890625
4998,133.158935546875
4999,-18.094482421875
5000,-22.82275390625
