iteration,energy
1,3.05126953125
2,-1.3530273437500002
3,0.02783203125
4,-7.532470703125
5,7.01708984375
6,11.05908203125
7,-4.906982421875
8,12.99755859375
9,-0.486328125
10,3.124267578125
11,2.1142578125
12,10.554199218749998
13,-5.109375
14,11.775390625
15,6.628173828125
16,-5.652099609374999
17,2.36083984375
18,9.825439453125
19,-17.861328125
20,9.344970703125
21,14.84228515625
22,3.63623046875
23,-11.364990234375
24,-2.697265625
25,20.51708984375
26,5.17431640625
27,-19.718994140625
28,-14.531005859375
29,0.68896484375
30,-4.074951171875
31,1.103515625
32,-8.9990234375
33,6.746826171875
34,0.515625
35,-10.805419921875
36,-6.880615234375
37,3.941162109375
38,-3.8291015624999996
39,-3.32275390625
40,6.897705078125
41,25.39013671875
42,-18.1337890625
43,-15.128173828125
44,12.969482421875
45,-2.983642578125
46,4.50537109375
47,2.4599609375000004
48,12.019531249999998
49,8.194091796875
50,34.461181640625
51,8.038330078125
52,19.810546875
53,-20.22265625
54,-15.756103515625002
55,12.822998046875
56,2.15380859375
57,-23.180419921875
58,18.3017578125
59,25.0185546875
60,12.06103515625
61,-20.502685546875
62,-13.387939453125
63,14.628662109375
64,-2.06982421875
65,28.838134765625
66,-10.089843750000002
67,-7.736083984375
68,-8.035888671875
69,21.88232421875
70,3.02587890625
71,-3.670166015625
72,11.48779296875
73,-11.041015625
74,12.44189453125
75,5.999755859374999
76,5.387939453125
77,-7.968994140625001
78,6.312255859374999
79,6.71240234375
80,14.312988281250002
81,-15.106201171875
82,2.91357421875
83,-0.107421875
84,20.777099609375
85,-7.12841796875
86,7.053955078125
87,7.56884765625
88,1.207763671875
89,-0.49560546875
90,-5.249755859374999
91,-9.119873046875
92,44.54125976562501
93,33.0390625
94,-3.37646484375
95,-0.285400390625
96,26.205078125
97,20.690673828125
98,1.302978515625
99,20.146728515625
100,-14.719970703125
101,28.927734375
102,39.44384765625
103,1.628173828125
104,12.256591796875
105,30.81982421875
106,34.594482421875
107,-9.088134765625
108,-8.294921875
109,-88.998046875
110,56.098876953125
111,79.388427734375
112,-10.173828125
113,-5.802734375000001
114,49.306884765625
115,79.2255859375
116,13.419189453125
117,11.250488281250002
118,4.0986328125
119,3.572021484375
120,-13.884765625
121,16.879150390625
122,20.297119140625
123,-21.1875
124,-4.61572265625
125,33.7138671875
126,27.194091796875004
127,-5.85205078125
128,-9.392822265625
129,4.612548828125
130,0.89599609375
131,18.619873046875
132,-0.7268066406249999
133,8.9775390625
134,-7.12890625
135,-13.3408203125
136,-30.693115234375
137,15.759033203125
138,-16.03076171875
139,16.516357421875
140,-31.493408203124996
141,24.2314453125
142,-7.595703124999999
143,13.81005859375
144,-37.455078125
145,-6.0478515625
146,-17.847900390625
147,7.581298828125
148,-2.38232421875
149,7.740478515625
150,-21.736572265625004
151,-10.428466796875
152,-11.00341796875
153,-35.842529296875
154,-87.535400390625
155,41.8876953125
156,49.6533203125
157,-3.953857421875
158,-85.9208984375
159,31.709228515625
160,53.866943359375
161,39.870849609375
162,-91.125
163,-21.681884765625
164,54.72119140625
165,32.37841796875
166,37.28125
167,29.05126953125
168,51.033447265625
169,32.427978515625
170,16.868896484375
171,-38.664794921875
172,7.484619140625001
173,31.020751953125
174,-9.779296875
175,12.305908203125
176,47.06103515625
177,16.687744140625
178,-17.852294921875
179,-9.16552734375
180,4.385498046875
181,1.336669921875
182,15.285400390625
183,15.11572265625
184,-11.21240234375
185,-38.19580078125
186,15.6650390625
187,29.51171875
188,98.07958984375
189,-21.092041015625
190,11.842041015625002
191,11.636962890625
192,-6.303466796875
193,80.666259765625
194,4.84423828125
195,31.145751953125
196,7.171875
197,82.6328125
198,56.850830078125
199,-10.783447265625
200,-10.482421875
201,-9.386474609375
202,24.239501953125
203,-3.368408203125
204,-5.07177734375
205,-12.819580078125
206,-7.30517578125
207,-9.904296875
208,14.996826171875
209,1.290771484375
210,2.614990234375
211,25.6064453125
212,36.708740234375
213,11.681640625
214,-2.4140625
215,16.5263671875
216,5.10205078125
217,-21.258056640625
218,3.064453125
219,4.499267578125
220,-7.501220703125
221,-13.9462890625
222,0.13671875
223,7.642578124999999
224,-45.5166015625
225,-6.734375
226,4.201171875
227,-17.86279296875
228,-22.85693359375
229,21.227294921875
230,-3.343505859375
231,-22.536865234375
232,-19.360107421875
233,7.60302734375
234,-12.359130859375
235,11.241455078125
236,-4.700439453125
237,-4.69775390625
238,-5.50634765625
239,-5.600830078125
240,13.867675781250002
241,-0.4150390625
242,-3.103271484375
243,-17.744384765625
244,-7.415771484375
245,15.13720703125
246,-8.2490234375
247,31.87451171875
248,16.51904296875
249,0.079833984375
250,-1.7426757812499996
251,24.50927734375
252,1.314697265625
253,-18.469970703125
254,17.605224609375
255,16.359375
256,14.6533203125
257,-29.039306640625
258,7.791259765625
259,18.78857421875
260,-7.859619140625001
261,-23.414306640625
262,59.55517578125
263,-18.670654296875
264,-15.10302734375
265,-26.87939453125
266,67.576171875
267,-36.954833984375
268,-49.2666015625
269,18.70703125
270,70.06396484375
271,-15.65380859375
272,-27.232177734374996
273,-7.336669921875
274,-15.223388671875
275,-8.945556640625
276,-25.1982421875
277,-3.992431640625
278,-27.106689453125
279,4.59375
280,-17.87646484375
281,7.638916015625
282,2.076904296875
283,-21.4326171875
284,-3.362548828125
285,9.957275390625
286,1.614013671875
287,-15.531738281250002
288,-11.41552734375
289,74.555419921875
290,-11.59375
291,-44.004150390625
292,19.88916015625
293,114.1728515625
294,-11.4716796875
295,-36.860595703125
296,18.907470703125
297,81.35815429687501
298,87.98632812500001
299,-7.9658203125
300,-16.334228515625
301,6.783935546875
302,61.65234375
303,-17.535400390625
304,-17.796630859375
305,25.60107421875
306,76.61621093749999
307,15.330810546875
308,-30.760009765625
309,-40.6845703125
310,102.385009765625
311,6.88671875
312,-24.8974609375
313,-37.960205078125
314,-16.49462890625
315,11.117919921875
316,-51.0478515625
317,77.498779296875
318,50.276123046875
319,14.00244140625
320,-24.713134765625
321,61.4765625
322,46.95068359375001
323,2.752929687500001
324,-39.5859375
325,41.3564453125
326,-9.828125
327,-9.313476562500004
328,150.75244140625
329,56.89892578125
330,-14.00146484375
331,-10.920898437499998
332,-0.045654296875
333,3.310546875
334,61.286376953125
335,-37.014892578125
336,-14.983886718749998
337,-9.54833984375
338,43.919677734375
339,-15.886474609375
340,-9.640380859375
341,38.60986328125
342,42.042236328125
343,87.76025390625
344,-58.0302734375
345,-76.026611328125
346,-59.14379882812501
347,49.85009765625
348,-65.524169921875
349,-68.91650390625
350,58.12646484375
351,71.9228515625
352,7.871337890625001
353,5.1298828125
354,17.94970703125
355,-3.636474609375
356,-13.010986328125
357,-2.625732421875
358,-8.03759765625
359,25.889648437499996
360,24.218994140625
361,-11.429443359375
362,11.739501953125002
363,30.987548828125
364,3.422607421875
365,-7.065673828125
366,9.51123046875
367,23.032958984375
368,-96.025390625
369,-36.09130859375
370,-54.031005859375
371,88.8896484375
372,80.530029296875
373,1.8076171875
374,-53.4921875
375,84.347900390625
376,60.99804687499999
377,144.316650390625
378,-39.494140625
379,-10.92529296875
380,-2.60302734375
381,-2.972412109375
382,21.505126953125
383,-2.68994140625
384,4.463623046875
385,-5.34912109375
386,8.847412109375
387,-40.873291015625
388,17.046875
389,34.19482421875
390,-8.14453125
391,0.14331054687499967
392,29.3837890625
393,22.51123046875
394,-8.41552734375
395,5.775878906249999
396,53.190673828125
397,47.921142578125
398,3.73583984375
399,-19.76513671875
400,49.778076171875
401,168.95263671875
402,-14.4296875
403,-9.876220703125
404,48.005126953125
405,63.977783203125
406,144.268310546875
407,-34.36279296875
408,-57.38037109375
409,26.951171875
410,98.17822265625
411,-19.679931640624996
412,-52.300537109375
413,37.04736328125
414,132.8056640625
415,-43.799072265625
416,35.69384765625
417,60.55004882812501
418,-19.268310546875
419,24.6142578125
420,42.2392578125
421,57.92578125
422,10.090087890625
423,-23.185546875
424,30.168457031250004
425,-25.001708984375
426,-47.499267578125
427,-17.938720703125
428,15.097900390625
429,-44.16381835937501
430,-51.188232421875
431,1.6440429687500002
432,28.785400390625
433,33.5537109375
434,-17.713134765625
435,-9.301025390625
436,49.256591796875
437,12.141357421875
438,-15.5859375
439,-19.090576171875
440,33.29541015625
441,85.491455078125
442,7.37841796875
443,-39.660888671875
444,-17.609375
445,86.78466796875
446,4.8994140625
447,-45.06298828125
448,-10.12158203125
449,-1.698486328125
450,-10.862548828125
451,-17.699951171875
452,15.458984375
453,-15.761718750000002
454,-16.894775390625
455,-11.872802734375
456,-0.54541015625
457,-12.372802734375
458,6.44921875
459,-20.541748046875
460,8.212646484375
461,-7.53857421875
462,-2.230712890625
463,62.861328125
464,-4.760009765625
465,-25.554687500000004
466,-14.597656249999998
467,38.78369140625
468,-9.03857421875
469,12.093017578125
470,30.9501953125
471,31.53271484375
472,2.373779296875
473,-5.076171875000001
474,22.221923828125
475,32.435546875
476,0.5095214843749951
477,14.145751953125
478,18.1416015625
479,62.31298828125
480,75.00634765625
481,-80.416015625
482,3.925048828125
483,47.447998046875
484,74.373291015625
485,-42.875732421875
486,16.750732421875
487,-9.530517578125
488,10.20654296875
489,1.611328125
490,-29.066650390625
491,-14.57568359375
492,-5.60302734375
493,-11.06396484375
494,-91.282958984375
495,-14.214599609375
496,194.02490234375
497,-111.512939453125
498,-101.1689453125
499,-50.80517578125
500,257.27392578125
501,-103.013916015625
502,-107.376220703125
503,42.317138671875
504,202.048583984375
505,205.57275390625
506,-57.97875976562501
507,-104.355224609375
508,-17.63525390625
509,235.02783203125
510,-57.771728515625
511,-88.779541015625
512,5.2099609375
513,159.579833984375
514,92.8955078125
515,-77.08447265625
516,-70.792724609375
517,17.171142578125
518,129.14501953125
519,-82.329833984375
520,-69.844482421875
521,6.146728515625
522,132.226806640625
523,108.28662109375
524,-80.984375
525,-76.168212890625
526,9.488037109375
527,57.4140625
528,-95.58886718750001
529,-90.404296875
530,17.245361328125
531,86.28515625
532,-2.437744140625
533,-11.690673828125
534,2.618408203125
535,10.52587890625
536,-9.269531249999998
537,-4.78564453125
538,-4.47265625
539,5.6953125
540,-5.258544921875
541,0.8317871093750001
542,2.621337890625
543,-9.46875
544,55.71728515625
545,-12.648681640625
546,4.671875
547,4.905517578125
548,-5.866943359375001
549,-14.0986328125
550,43.922607421875
551,1.120361328125
552,-15.560546875
553,117.365966796875
554,55.482421875
555,-23.40478515625
556,4.355224609375
557,10.927734375
558,34.471923828125
559,-15.73095703125
560,-1.8774414062500009
561,13.829833984374998
562,3.87353515625
563,-24.960205078125
564,9.3642578125
565,-6.55712890625
566,-18.80322265625
567,-28.18310546875
568,-2.603271484375
569,27.591552734374996
570,30.488037109375
571,-54.108154296875
572,-10.309814453125
573,16.143798828125
574,50.3984375
575,-69.359130859375
576,7.479736328125
577,-24.7255859375
578,11.8310546875
579,-21.178955078125
580,-6.650146484375
581,-23.4345703125
582,9.2158203125
583,-33.501220703125
584,-19.939208984375
585,-26.59619140625
586,15.07666015625
587,55.50537109375
588,70.350341796875
589,-30.500976562500004
590,31.66259765625
591,36.954833984375
592,69.822998046875
593,35.5673828125
594,24.502685546875
595,25.206542968749996
596,-28.995849609375
597,-23.775390625
598,27.0107421875
599,49.072998046875
600,-35.64501953125
601,-35.1611328125
602,8.282958984375
603,30.178466796875004
604,70.478515625
605,-73.427978515625
606,-73.05078125
607,78.240478515625
608,54.28466796875
609,-68.480712890625
610,-62.26904296875
611,31.782958984375
612,85.481689453125
613,-11.1328125
614,53.5361328125
615,26.712890625
616,-24.35888671875
617,0.29614257812500044
618,42.54248046875
619,19.556640625
620,-26.86474609375
621,-20.40771484375
622,131.22265625
623,-96.25244140624999
624,-128.570068359375
625,23.203369140625
626,125.311279296875
627,-92.3359375
628,-127.81884765625
629,14.246337890625
630,122.906982421875
631,28.061523437499996
632,-21.14599609375
633,-51.34375
634,114.95263671875001
635,-6.35888671875
636,-12.972900390625
637,-67.32080078125
638,17.187744140625
639,21.001708984375
640,-3.581298828125
641,4.31591796875
642,1.190185546875
643,70.05419921875
644,-7.993896484375
645,4.14111328125
646,15.778564453125
647,27.728271484375
648,-13.282470703125
649,-53.66064453125001
650,26.60791015625
651,41.213623046875
652,39.2802734375
653,1.060302734375
654,28.985595703125
655,64.14306640625
656,-15.425537109375
657,6.142822265625
658,91.60888671875
659,-27.968505859375
660,-52.97705078125
661,-30.049072265625004
662,77.860595703125
663,-32.042236328125
664,-65.280517578125
665,1.2670898437500002
666,28.875732421875
667,-70.9453125
668,75.74853515625
669,76.898681640625
670,-16.316650390625
671,31.1474609375
672,60.53662109375
673,85.51196289062501
674,5.130859375000001
675,25.5712890625
676,-18.640869140625
677,-11.800781249999998
678,-5.676513671875
679,84.31494140624999
680,-2.41064453125
681,-11.858642578125
682,-5.74609375
683,43.54687500000001
684,13.4228515625
685,6.02734375
686,0.6848144531250018
687,14.175537109375
688,32.529052734375
689,104.53173828125
690,1.885498046875
691,9.5380859375
692,80.191162109375
693,60.226806640625
694,15.804199218749998
695,27.301025390625
696,6.87255859375
697,-25.243408203124996
698,-4.572021484375
699,12.029052734375
700,12.56396484375
701,-33.436767578125
702,-19.23828125
703,9.82568359375
704,-7.113525390625001
705,-17.64453125
706,36.387451171875
707,17.016357421875
708,-4.982177734375
709,-12.820068359375
710,6.029052734375
711,-1.330322265625
712,-8.030029296875002
713,30.621826171875
714,18.16943359375
715,-4.05712890625
716,-22.030029296875
717,27.387939453125
718,30.849853515625
719,-46.5654296875
720,35.25146484375
721,-21.682861328125
722,-6.678710937499999
723,15.874511718749998
724,-25.574951171875
725,4.390380859375
726,-8.34619140625
727,20.844482421875
728,-116.44946289062501
729,15.244384765625
730,57.4384765625
731,38.042236328125
732,51.380615234375
733,-46.94677734375
734,16.450927734375
735,32.06787109375
736,38.17749023437499
737,22.525390625
738,-17.566650390625
739,46.3037109375
740,-17.68310546875
741,-59.69580078125
742,12.992919921875
743,34.030029296875
744,-22.75537109375
745,-28.175048828125
746,1.328125
747,48.984619140625
748,43.87255859375
749,33.999755859375
750,-7.417724609374999
751,17.32177734375
752,16.605712890625
753,15.657958984374998
754,8.4638671875
755,-24.682373046875
756,28.312744140625
757,-2.86962890625
758,34.595947265625
759,37.9794921875
760,-28.761474609375
761,18.046630859375
762,20.24951171875
763,24.103271484375
764,16.927001953125
765,0.64111328125
766,-21.496582031250004
767,13.4755859375
768,1.572998046875
769,-9.00830078125
770,2.88720703125
771,4.160400390625
772,0.169677734375
773,-20.158203125
774,3.90576171875
775,-26.517333984375
776,-21.59228515625
777,13.09814453125
778,15.191406249999998
779,-4.545166015625
780,-12.810791015625002
781,14.494384765625
782,-6.326904296875
783,-9.181884765625
784,-47.1025390625
785,31.177978515625
786,15.63623046875
787,-8.22607421875
788,-32.664306640625
789,45.60937500000001
790,23.41357421875
791,-24.66259765625
792,-7.50341796875
793,8.44140625
794,49.984130859375
795,3.4072265624999996
796,3.642578125
797,-0.16015625
798,39.928955078125
799,19.5029296875
800,9.90771484375
801,-21.271484375
802,-6.079833984375
803,18.513916015625
804,41.67578125
805,-1.7084960937500002
806,-15.035888671875
807,8.573974609375
808,31.18994140625
809,24.59521484375
810,-6.397705078125
811,-3.606689453125
812,-2.00390625
813,9.658935546875
814,-1.9916992187500002
815,-2.906005859375
816,-6.375
817,-10.4404296875
818,-7.600830078125
819,-3.28662109375
820,-6.73828125
821,-17.279541015625
822,20.04833984375
823,4.078125
824,3.77685546875
825,-14.993896484374998
826,21.668457031250004
827,13.742919921875
828,-1.0195312500000009
829,8.790283203125
830,11.428466796875
831,-2.75048828125
832,21.597167968749996
833,-14.470947265625
834,4.413330078125001
835,4.467529296875
836,-6.37451171875
837,-35.15576171875
838,-12.043701171875
839,-14.678466796875
840,9.5810546875
841,3.68798828125
842,-4.8076171875
843,-9.193603515625
844,28.990478515625
845,-8.451416015625
846,13.024169921875
847,21.391601562500004
848,-29.382080078125
849,-13.2421875
850,13.382324218749998
851,-2.822509765625
852,-17.76025390625
853,-21.703369140625
854,-8.338134765625
855,15.353271484374998
856,-0.48828125
857,-24.673583984375
858,-29.172119140625
859,7.35546875
860,9.9775390625
861,-13.65478515625
862,-18.2763671875
863,4.850341796875
864,5.927001953125
865,-20.907226562500004
866,2.6630859375000004
867,-7.294921875000001
868,30.87890625
869,-6.12890625
870,-7.65966796875
871,5.4287109375
872,-5.413330078125
873,2.779052734375
874,0.60009765625
875,33.692138671875
876,37.35791015625
877,-15.12158203125
878,18.84912109375
879,3.731201171875
880,37.281494140625
881,21.40185546875
882,18.32275390625
883,2.553466796875
884,-4.609619140625
885,-21.396240234375
886,13.199218750000002
887,-3.10302734375
888,5.01904296875
889,6.227783203125
890,0.00146484375
891,-12.041259765625
892,15.19091796875
893,-30.29150390625
894,-33.16357421875
895,-12.4482421875
896,19.5107421875
897,-47.41015625
898,-29.180908203124996
899,-13.062988281250002
900,-5.415771484375
901,55.67138671875
902,-33.8125
903,-7.950927734375
904,27.921630859375
905,-55.609619140625
906,-23.71435546875
907,-17.929443359375
908,-4.333984375
909,40.5009765625
910,-3.975830078125
911,1.1625976562499998
912,-8.720703125
913,22.54638671875
914,4.90966796875
915,6.479248046875
916,3.914306640625
917,3.355224609375
918,-0.98583984375
919,-4.7216796875
920,9.984130859375
921,10.171386718749998
922,-27.03369140625
923,-7.05078125
924,7.1240234375
925,-5.444091796875
926,21.520751953125
927,9.575439453125
928,36.986572265625
929,41.463134765625
930,27.726806640625
931,0.14599609375
932,-31.611572265625004
933,38.736083984375
934,48.07568359375001
935,54.34228515625
936,-3.080078125
937,12.181884765625
938,4.577392578125
939,9.77001953125
940,13.066650390625
941,12.08935546875
942,-0.9404296875
943,7.251953124999999
944,-17.051025390625
945,8.527587890625
946,-8.171630859375
947,-6.275634765625
948,23.839111328125
949,-16.651123046875
950,-6.059814453125
951,-1.852294921875
952,12.9814453125
953,43.159912109375
954,-3.3586425781249996
955,-6.226806640625002
956,109.80712890625
957,-33.897216796875
958,38.95849609375
959,10.37255859375
960,131.9931640625
961,-31.69384765625
962,69.373779296875
963,22.40234375
964,8.85693359375
965,-66.731689453125
966,37.32763671875
967,-1.580078125
968,-11.235595703125
969,-50.344482421875
970,23.655517578125
971,8.144287109375
972,-1.6225585937500002
973,-9.982666015625002
974,54.6591796875
975,25.225341796875004
976,-32.351806640625
977,19.083984375
978,32.420166015625
979,42.48876953125
980,13.915771484374998
981,-42.274658203125
982,18.939453125
983,4.52001953125
984,10.444091796875
985,21.513427734374996
986,-22.3408203125
987,7.140380859374999
988,27.392333984375
989,3.608886718749999
990,48.60620117187499
991,-26.125732421875
992,-11.099853515624998
993,-6.08056640625
994,15.643798828125
995,8.916259765625
996,-6.95166015625
997,-4.445068359375
998,-7.1064453125
999,2.86328125
1000,-26.20361328125
1001,4.6298828125
1002,23.940917968749996
1003,2.7211914062499996
1004,-8.79150390625
1005,2.331298828125
1006,21.00390625
1007,-10.508300781250002
1008,-0.302001953125
1009,-3.699218749999999
1010,4.464599609375001
1011,-22.810791015625
1012,84.236572265625
1013,-36.486572265625
1014,3.11181640625
1015,-10.966552734375
1016,68.418212890625
1017,-40.99169921875
1018,87.03124999999999
1019,53.904541015625
1020,-31.19482421875
1021,1.849609375
1022,80.95068359375
1023,32.484619140625
1024,-26.896240234375
1025,-6.99169921875
1026,400.508056640625
1027,60.397705078125
1028,-13.741455078125
1029,7.337158203125
1030,-21.165283203124996
1031,150.730712890625
1032,-15.722900390625
1033,12.766357421875
1034,46.21923828125
1035,-40.93115234375
1036,-69.030517578125
1037,84.33837890625
1038,35.8779296875
1039,2.479248046875
1040,5.761474609374999
1041,99.428955078125
1042,49.555908203125
1043,63.091064453125
1044,5.330078124999999
1045,-35.797119140625
1046,-11.96533203125
1047,62.716064453125
1048,-58.983642578124986
1049,125.217529296875
1050,-2.9829101562500004
1051,78.471435546875
1052,30.784667968749996
1053,-34.901123046875
1054,39.302978515625
1055,103.90991210937499
1056,-43.255615234375
1057,-76.020263671875
1058,68.6171875
1059,91.262451171875
1060,-57.00048828125
1061,-192.813720703125
1062,227.6533203125
1063,81.941650390625
1064,-75.78930664062499
1065,-91.48876953125
1066,-20.62060546875
1067,-6.3076171875
1068,-78.07861328125
1069,-81.9326171875
1070,-12.228515625
1071,56.7373046875
1072,-19.08056640625
1073,10.436767578125
1074,-8.159423828125
1075,-23.268310546875
1076,-11.695068359375
1077,1.626708984375
1078,-18.476562499999996
1079,-51.473876953125
1080,69.633544921875
1081,95.73291015625
1082,53.261962890625
1083,-65.623291015625
1084,7.435546875000001
1085,-6.796875
1086,63.00341796875
1087,-59.115234375
1088,57.525146484375
1089,-4.644531250000002
1090,-7.6884765625
1091,57.1474609375
1092,88.33154296875
1093,20.407226562500004
1094,-53.7998046875
1095,47.8037109375
1096,75.950439453125
1097,30.466552734374996
1098,25.5556640625
1099,-87.251708984375
1100,-13.872314453125
1101,59.355712890625
1102,-1.2189941406250004
1103,-0.18823242187499978
1104,-23.594726562500004
1105,56.090087890625
1106,-12.460205078125
1107,-8.29736328125
1108,6.99560546875
1109,8.85302734375
1110,-9.116699218750002
1111,10.403564453125
1112,-53.89306640624999
1113,11.421875
1114,-11.704345703125
1115,-7.414794921875
1116,3.101318359374999
1117,22.466552734374996
1118,70.674072265625
1119,132.02001953125
1120,-32.48681640625
1121,32.795654296875
1122,58.130615234375
1123,126.93676757812499
1124,49.381591796875
1125,62.916015625
1126,3.30126953125
1127,-4.649658203125
1128,2.4326171875000004
1129,-9.814208984374998
1130,32.87060546875
1131,2.232177734375
1132,-4.79638671875
1133,-25.55078125
1134,17.211181640625
1135,-7.18701171875
1136,-7.898681640625001
1137,-21.550048828125
1138,5.703857421875
1139,27.009765625
1140,4.254150390625
1141,-45.75756835937501
1142,37.427734375
1143,-9.925048828125
1144,-58.0771484375
1145,83.39990234374999
1146,34.01708984375
1147,-3.8095703124999996
1148,34.292236328125
1149,108.6259765625
1150,34.835693359375
1151,-8.41650390625
1152,16.082275390625
1153,32.875
1154,64.689208984375
1155,26.751953125
1156,31.8857421875
1157,-40.56372070312499
1158,57.097412109375
1159,23.720458984375
1160,79.177734375
1161,2.790771484375
1162,0.583984375
1163,-1.6733398437500002
1164,38.565673828125
1165,-7.337158203125
1166,-9.138427734375
1167,-6.455810546875
1168,41.30810546874999
1169,33.904541015625
1170,-21.521728515625
1171,30.606689453125
1172,-40.4072265625
1173,-27.771240234375
1174,33.91015625
1175,289.17724609375
1176,-24.471923828125
1177,-14.96435546875
1178,1.9487304687500002
1179,11.59716796875
1180,-1.6962890625000007
1181,24.40478515625
1182,66.0556640625
1183,12.7275390625
1184,-37.926025390625
1185,37.51000976562501
1186,66.042236328125
1187,82.937744140625
1188,11.862548828125
1189,-12.05615234375
1190,-19.5849609375
1191,-22.65234375
1192,-63.75439453125001
1193,52.5947265625
1194,-17.38671875
1195,-23.676025390625
1196,-8.31640625
1197,7.27490234375
1198,9.617675781250002
1199,-14.574218750000002
1200,-22.93505859375
1201,14.340087890625
1202,-15.986328125
1203,-11.357421875
1204,-24.39453125
1205,10.722656249999998
1206,79.86474609375
1207,86.620849609375
1208,-21.533447265625004
1209,-59.417724609375
1210,0.171875
1211,-9.8115234375
1212,-26.086181640625
1213,-55.68701171875
1214,-7.701416015625
1215,64.78369140625
1216,-6.12744140625
1217,-53.84179687499999
1218,-42.75537109375
1219,-21.01171875
1220,76.61621093749999
1221,-44.27490234375
1222,-37.39404296875
1223,-65.699462890625
1224,87.56982421875
1225,-66.65966796875
1226,3.22119140625
1227,-42.616943359375
1228,29.191650390625
1229,-65.10986328125
1230,8.7900390625
1231,-25.8662109375
1232,-9.867675781249998
1233,-21.250976562500004
1234,-4.309814453125
1235,-10.8662109375
1236,61.984130859375
1237,-14.69873046875
1238,8.28466796875
1239,9.824951171875
1240,51.340087890625
1241,-2.87060546875
1242,-30.798583984375
1243,-10.29150390625
1244,-26.199707031250004
1245,15.995361328125
1246,84.07861328125
1247,-12.546875
1248,-23.77685546875
1249,19.062255859375
1250,15.776123046875
1251,46.58447265625
1252,-49.684326171875
1253,-3.9880371093750018
1254,-25.62548828125
1255,-82.256591796875
1256,21.275634765625
1257,-26.499755859375
1258,-28.33544921875
1259,-43.281005859375
1260,17.694580078125
1261,-19.760009765625
1262,98.453125
1263,101.360595703125
1264,4.7744140625
1265,-34.031982421875
1266,116.38818359375
1267,100.60327148437501
1268,-61.3076171875
1269,-91.436279296875
1270,-35.63427734375
1271,28.382812499999996
1272,70.209228515625
1273,-49.07666015625
1274,-44.080322265625
1275,35.894775390625
1276,48.328369140625
1277,-30.375732421875
1278,11.082031249999998
1279,12.449218750000002
1280,0.5400390625
1281,-31.551025390625
1282,17.44580078125
1283,5.617919921875
1284,7.65283203125
1285,-34.37841796875
1286,-60.458251953125
1287,27.246337890625
1288,-40.51416015625
1289,101.67236328124999
1290,118.138427734375
1291,3.552490234375
1292,-41.712158203125
1293,127.82177734375
1294,106.2021484375
1295,-6.91162109375
1296,-43.049072265625
1297,34.4375
1298,40.99560546874999
1299,92.65185546875
1300,-71.835205078125
1301,2.4536132812499964
1302,49.49804687499999
1303,76.092529296875
1304,-15.08251953125
1305,20.244873046875
1306,71.66259765625
1307,-20.48681640625
1308,-84.185546875
1309,67.863037109375
1310,40.871826171875
1311,-19.444580078125
1312,-70.22900390625
1313,5.699462890625001
1314,27.3564453125
1315,3.2255859375000013
1316,62.054443359375
1317,42.19287109375
1318,-85.82275390625
1319,-8.502929687500002
1320,70.281982421875
1321,36.01708984375
1322,-26.833740234375
1323,-5.498779296875005
1324,17.548828125
1325,-10.527099609375
1326,-29.82763671875
1327,12.808593750000002
1328,17.67919921875
1329,-16.576416015625
1330,-16.856689453125
1331,-14.1337890625
1332,-6.717041015625
1333,-58.4189453125
1334,97.701416015625
1335,96.76708984375
1336,-0.554443359375
1337,-86.75073242187501
1338,95.83886718750001
1339,103.814453125
1340,-11.492675781250002
1341,-85.69482421875
1342,-75.411865234375
1343,49.232666015625
1344,77.514892578125
1345,12.636718750000002
1346,-86.122802734375
1347,57.75439453125001
1348,65.0517578125
1349,0.8527832031249993
1350,-82.281005859375
1351,29.276123046875
1352,96.285400390625
1353,98.30322265625
1354,-20.300292968749996
1355,52.114501953125
1356,80.551513671875
1357,80.2314453125
1358,-31.038818359375
1359,28.704345703125
1360,165.21728515625
1361,-57.869873046875
1362,-28.650146484375
1363,-9.046142578124996
1364,167.02197265625
1365,-49.371337890625
1366,-15.553466796875
1367,27.42333984375
1368,196.172119140625
1369,-7.6318359375
1370,3.06201171875
1371,-14.931884765625
1372,17.3369140625
1373,3.115478515625
1374,6.9453125
1375,-20.44775390625
1376,10.720703125
1377,-17.17138671875
1378,18.8466796875
1379,13.908935546875
1380,-2.82421875
1381,-86.904296875
1382,11.045166015625002
1383,10.115234375
1384,17.31982421875
1385,-88.61669921875
1386,-0.000244140625
1387,-1.482177734375
1388,-4.69287109375
1389,7.078369140625001
1390,-63.897705078125
1391,13.511962890625
1392,-1.6855468749999993
1393,4.939697265625
1394,-65.05029296875
1395,-1.3247070312499998
1396,-29.8017578125
1397,-26.581542968749996
1398,-5.2646484375
1399,123.312744140625
1400,-18.701171875
1401,-39.916015625
1402,2.73486328125
1403,49.74658203125
1404,-26.171875
1405,3.07568359375
1406,1.5805664062499998
1407,8.9599609375
1408,-2.810546875
1409,11.5439453125
1410,-21.41259765625
1411,3.375
1412,-81.68188476562501
1413,13.75927734375
1414,-69.497802734375
1415,106.0947265625
1416,87.5166015625
1417,1.798583984375
1418,-64.87646484375
1419,91.08569335937501
1420,77.767822265625
1421,2.1943359374999982
1422,-67.22607421875
1423,119.875244140625
1424,-6.779541015624998
1425,1.5642089843750002
1426,4.178466796875
1427,117.975830078125
1428,-29.76416015625
1429,-3.631103515625
1430,6.335693359374999
1431,112.808349609375
1432,-6.677001953125
1433,36.09765625
1434,-23.3466796875
1435,3.5747070312500053
1436,-27.85888671875
1437,26.655273437499996
1438,-28.904541015625
1439,13.095703125
1440,23.686279296875
1441,-60.732666015625
1442,27.827148437499996
1443,60.7900390625
1444,62.794677734375
1445,-99.38818359375
1446,35.999267578125
1447,58.025146484375
1448,26.404052734374996
1449,-64.882568359375
1450,5.11083984375
1451,-2.71240234375
1452,25.333984375
1453,51.339111328125
1454,14.352294921875
1455,15.452880859375
1456,7.0703125
1457,41.40771484375
1458,13.131103515625002
1459,14.849853515625002
1460,7.55126953125
1461,-14.401123046875
1462,-31.4150390625
1463,-6.2373046875
1464,-13.27783203125
1465,-5.75146484375
1466,-32.224853515625
1467,-4.64794921875
1468,-26.781005859375
1469,7.396484375000001
1470,-15.42041015625
1471,15.0146484375
1472,-33.377197265625
1473,-2.697509765625
1474,-11.610595703125
1475,-8.541259765625
1476,-19.673583984375
1477,-24.44677734375
1478,127.816162109375
1479,122.601318359375
1480,-0.2365722656250009
1481,-42.29541015625
1482,118.81201171875
1483,116.1923828125
1484,6.317626953125
1485,-20.9033203125
1486,10.7275390625
1487,121.93798828125
1488,107.1025390625
1489,2.21044921875
1490,-11.360595703125
1491,122.62158203125
1492,107.91113281249999
1493,15.1630859375
1494,-77.247802734375
1495,8.0888671875
1496,20.9013671875
1497,21.362792968749996
1498,-13.1337890625
1499,-2.019287109375
1500,25.208984375
1501,28.652099609375
1502,-20.0517578125
1503,-6.412841796874999
1504,-3.931884765625
1505,30.6806640625
1506,41.1611328125
1507,-19.72900390625
1508,9.97509765625
1509,38.2998046875
1510,42.085205078125
1511,16.98681640625
1512,8.9248046875
1513,15.917968750000002
1514,24.414794921875
1515,-8.09375
1516,31.155273437499996
1517,12.69775390625
1518,26.815917968749996
1519,-20.045654296875
1520,-2.5895996093749996
1521,28.899658203124996
1522,-30.206298828125
1523,73.647705078125
1524,53.174072265625
1525,3.4907226562500018
1526,-22.908447265625004
1527,76.81811523437499
1528,65.265869140625
1529,-4.321044921875
1530,-21.160400390625
1531,-2.24951171875
1532,48.02978515625
1533,52.5029296875
1534,7.745361328125
1535,0.356689453125
1536,49.303466796875
1537,47.11767578125
1538,47.84375
1539,0.3623046875
1540,-36.856689453125
1541,-12.943603515625002
1542,12.503906249999998
1543,-4.683837890625001
1544,3.336181640625
1545,-11.406982421875
1546,3.750244140625
1547,-0.05346679687499978
1548,-2.69287109375
1549,-0.258544921875
1550,9.507568359375
1551,18.369873046875
1552,-1.1494140625
1553,-0.92333984375
1554,-8.476318359375
1555,15.08154296875
1556,1.9916992187500002
1557,23.20361328125
1558,9.114501953125
1559,-20.4443359375
1560,-4.0654296875
1561,1.4184570312499998
1562,-0.9609375
1563,-9.786865234375
1564,8.202880859375
1565,0.732421875
1566,13.97021484375
1567,6.5283203125
1568,-18.83203125
1569,-18.97021484375
1570,-6.18994140625
1571,4.85302734375
1572,-19.8837890625
1573,-8.839111328125
1574,18.831542968749996
1575,12.5908203125
1576,-13.48779296875
1577,58.239501953125
1578,37.658935546875
1579,12.439697265625
1580,12.914306640625
1581,37.90234375
1582,50.34033203125
1583,103.58349609375
1584,-2.917724609375001
1585,-8.957763671875
1586,7.59765625
1587,-9.837158203125
1588,-48.720947265625
1589,-7.794677734375
1590,27.498046875
1591,-20.02099609375
1592,18.769042968749996
1593,-27.574462890625
1594,3.36572265625
1595,-2.346435546874999
1596,-1.950439453125
1597,8.088623046875
1598,27.9638671875
1599,-21.146240234375
1600,-14.271728515625002
1601,6.55078125
1602,-27.496826171875
1603,1.66796875
1604,-7.193115234375
1605,-5.986572265625
1606,5.765869140625001
1607,8.577880859375
1608,-10.476074218749998
1609,-18.24072265625
1610,28.855957031250004
1611,6.03564453125
1612,-14.52001953125
1613,19.409423828125
1614,16.5078125
1615,-5.543457031250001
1616,-1.199951171875
1617,23.727783203124996
1618,24.051513671875
1619,-6.640625
1620,-17.64501953125
1621,-14.025390625
1622,16.5224609375
1623,5.026123046875
1624,12.093505859375
1625,-21.838623046875
1626,13.7138671875
1627,7.677734375000001
1628,25.03173828125
1629,10.635498046875
1630,13.375488281250002
1631,-11.08056640625
1632,-11.208251953125
1633,-11.388671875
1634,4.31494140625
1635,-22.429687500000004
1636,0.70263671875
1637,8.328857421875
1638,4.808349609374999
1639,30.61767578125
1640,14.416259765625
1641,-8.573486328125
1642,4.516357421875
1643,-2.4287109375000004
1644,-1.03857421875
1645,-6.732421875000001
1646,13.64501953125
1647,5.49658203125
1648,17.388671875
1649,13.05029296875
1650,-11.101074218749998
1651,-28.993896484375
1652,7.791015624999999
1653,11.342041015625002
1654,-3.291748046875
1655,-23.48193359375
1656,21.507568359375
1657,19.379150390625
1658,-8.54931640625
1659,-20.6298828125
1660,42.55249023437499
1661,143.83447265625
1662,-27.043701171875
1663,-22.447509765625
1664,0.15625
1665,1.06396484375
1666,-29.470703125
1667,-4.08984375
1668,-14.667968750000002
1669,-7.369873046875
1670,-14.554931640625
1671,2.51708984375
1672,-22.8388671875
1673,16.36572265625
1674,-4.03662109375
1675,11.03564453125
1676,-16.212158203125
1677,9.11279296875
1678,-27.01513671875
1679,-1.3408203125
1680,-1.6840820312499998
1681,-1.538330078125
1682,-0.022705078124999112
1683,-8.405029296875
1684,2.6044921875000004
1685,10.046386718749998
1686,11.160400390625
1687,3.06982421875
1688,15.749755859375
1689,-9.65478515625
1690,0.311279296875
1691,-11.42431640625
1692,0.802734375
1693,-18.46728515625
1694,-1.8740234375
1695,16.4306640625
1696,-18.505859375
1697,-12.580078125
1698,8.239013671875
1699,1.0402832031250013
1700,-21.914306640625
1701,-1.7534179687500002
1702,10.030761718749998
1703,2.400390625
1704,-5.0732421875
1705,-16.150390625
1706,2.79248046875
1707,-16.375732421875
1708,-4.554443359375
1709,3.6474609375000004
1710,12.996337890625
1711,-7.025390624999999
1712,30.6982421875
1713,52.467041015625
1714,4.684814453125
1715,-35.89599609375
1716,51.27587890625
1717,46.482177734375
1718,24.468994140625
1719,-15.492431640625
1720,6.628173828125
1721,7.9541015625
1722,11.8994140625
1723,3.2607421875000004
1724,23.35546875
1725,14.842041015625002
1726,7.446044921875
1727,-13.794189453125
1728,12.895263671875
1729,-5.06005859375
1730,-2.3107910156249996
1731,-23.6376953125
1732,4.3876953125
1733,5.240234375000001
1734,-13.42333984375
1735,-15.2314453125
1736,0.3466796875
1737,9.03515625
1738,-10.343261718749998
1739,-27.358154296875
1740,-16.20751953125
1741,8.864990234375
1742,2.6591796875000004
1743,-18.761474609375
1744,-25.39990234375
1745,-26.337890625
1746,-15.636962890625
1747,-11.3603515625
1748,-5.44970703125
1749,2.6201171875000004
1750,17.05029296875
1751,-6.733642578125
1752,8.826171875
1753,-0.63330078125
1754,6.83154296875
1755,-9.798828125
1756,12.40771484375
1757,1.401611328125
1758,-4.75927734375
1759,-20.643310546875
1760,27.341796875
1761,-10.45751953125
1762,-3.275390625
1763,31.45556640625
1764,-24.168457031250004
1765,-32.060546875
1766,-0.3115234375
1767,37.171142578125
1768,5.885986328125
1769,-22.415283203124996
1770,-7.13720703125
1771,22.242431640625
1772,9.322021484374998
1773,6.82958984375
1774,-29.9462890625
1775,-9.139404296875
1776,-21.859375
1777,28.634521484375
1778,-6.29833984375
1779,-7.095703124999999
1780,-18.7392578125
1781,28.594970703125
1782,7.93603515625
1783,1.6799316406250004
1784,14.674560546875
1785,-8.548095703125
1786,-18.842041015625
1787,-2.28271484375
1788,16.77392578125
1789,-10.390380859375
1790,-23.090087890625
1791,23.88232421875
1792,24.957275390625
1793,-9.140380859375
1794,-24.4775390625
1795,-12.288818359375
1796,13.087890625
1797,-20.333740234375
1798,-31.150634765625
1799,68.84814453125
1800,143.48828125
1801,-2.742919921875
1802,2.25244140625
1803,-15.760009765625
1804,-14.513916015625002
1805,-3.34228515625
1806,14.620849609375
1807,-30.822021484375
1808,57.915771484375
1809,0.1220703125
1810,22.57861328125
1811,0.8742675781249999
1812,-4.57568359375
1813,24.91162109375
1814,22.29296875
1815,12.522705078125
1816,3.675537109375
1817,-34.490234375
1818,49.945556640625
1819,3.966796875
1820,20.121582031250004
1821,0.189453125
1822,-1.6911621093749991
1823,26.083251953125
1824,9.990234375
1825,-12.074218750000002
1826,10.589843750000002
1827,23.385009765625
1828,-22.783203125
1829,2.952636718749999
1830,1.9287109375
1831,27.346923828125
1832,-59.349609375
1833,0.258056640625
1834,-11.981201171875
1835,-0.552734375
1836,-17.925537109375
1837,8.742919921875
1838,73.955078125
1839,-53.78466796875
1840,4.4814453125
1841,77.974853515625
1842,58.94995117187499
1843,-60.892333984375
1844,0.93603515625
1845,-8.281005859375
1846,47.022705078125
1847,27.651123046875
1848,16.322265625
1849,47.69970703125
1850,24.382568359375
1851,31.169921875
1852,5.118408203125
1853,30.5693359375
1854,6.17626953125
1855,70.102294921875
1856,288.2265625
1857,-94.29296875
1858,-14.117919921875
1859,112.13427734375
1860,313.6279296875
1861,-95.13696289062501
1862,72.041748046875
1863,-20.6337890625
1864,-105.760986328125
1865,77.429931640625
1866,84.610595703125
1867,-1.4545898437500002
1868,-12.978271484374998
1869,50.91015625
1870,85.551513671875
1871,-4.583740234375
1872,74.138427734375
1873,8.007324218749998
1874,-33.724365234375
1875,90.09814453125
1876,-11.394531249999998
1877,10.793701171875
1878,-32.84130859375
1879,85.123046875
1880,-34.78515625
1881,-19.28271484375
1882,17.673583984375
1883,-28.26123046875
1884,-23.809082031250004
1885,126.3974609375
1886,-85.07934570312499
1887,-30.128173828125
1888,-44.151123046875
1889,155.503173828125
1890,-70.794189453125
1891,-80.69775390625
1892,-41.214111328125
1893,97.699951171875
1894,-14.088134765625
1895,-3.318603515625
1896,-38.519775390625
1897,80.429931640625
1898,82.49609374999999
1899,1.361328125
1900,23.698974609375
1901,-7.954345703125
1902,-28.075927734374996
1903,30.880126953125
1904,4.779296875000001
1905,-13.496337890625
1906,-31.628662109375
1907,8.047119140625
1908,16.4169921875
1909,18.17822265625
1910,6.947998046875
1911,7.637451171875
1912,0.8273925781249999
1913,-37.78173828125
1914,12.948974609375
1915,-1.346923828125
1916,2.635498046875
1917,-49.73754882812501
1918,-12.562255859375
1919,-29.695068359375
1920,-13.569580078125
1921,91.7646484375
1922,-52.090087890625
1923,-37.634033203125
1924,-3.990966796875
1925,6.870849609374999
1926,-9.241943359375
1927,29.9248046875
1928,106.7802734375
1929,-67.71533203125
1930,-14.320068359375004
1931,46.73437500000001
1932,100.5478515625
1933,-73.50634765625
1934,54.494140625
1935,-20.051513671875007
1936,-3.7653808593750018
1937,36.019775390625
1938,155.484130859375
1939,19.430908203124996
1940,200.25732421875
1941,42.86767578125
1942,158.60498046875
1943,53.639404296875
1944,7.39990234375
1945,-28.164062499999996
1946,32.85498046875
1947,163.85009765625
1948,-43.619384765625
1949,-0.00415039062501199
1950,41.94506835937501
1951,128.383056640625
1952,-61.1455078125
1953,55.1298828125
1954,9.939697265624979
1955,42.9873046875
1956,123.92578125
1957,-110.81982421875
1958,146.844970703125
1959,55.8515625
1960,116.187255859375
1961,-58.71679687499999
1962,45.414794921875
1963,-33.393310546875
1964,-35.45556640625
1965,-8.114990234375
1966,5.639892578124998
1967,10.53662109375
1968,-36.7138671875
1969,-17.10888671875
1970,-25.373046875
1971,-54.703857421875
1972,18.40478515625
1973,69.438720703125
1974,-26.718994140625
1975,47.0126953125
1976,177.04248046875
1977,49.281494140625
1978,-34.161376953125
1979,105.048583984375
1980,23.9267578125
1981,-9.423583984374998
1982,-16.24267578125
1983,19.029296875
1984,45.122802734375
1985,-13.218994140625
1986,-35.587646484375
1987,16.884765625
1988,59.210693359375
1989,-45.51708984375
1990,-26.739013671875007
1991,43.840087890625
1992,91.5146484375
1993,-21.632812500000007
1994,-38.32470703125
1995,56.255615234375
1996,88.881103515625
1997,14.713623046875
1998,-24.89453125
1999,10.80908203125
2000,-41.63427734375
2001,7.31494140625
2002,-19.373291015625
2003,-46.05493164062499
2004,-46.875244140625
2005,0.498291015625
2006,17.856201171875
2007,23.813232421875
2008,-72.30615234375
2009,92.561279296875
2010,79.55615234375
2011,-12.982177734375
2012,-6.640625
2013,80.666259765625
2014,57.09570312500001
2015,-30.953125
2016,-3.86669921875
2017,64.704345703125
2018,-26.300537109375
2019,49.732421875
2020,-23.7783203125
2021,70.603515625
2022,-39.60498046875
2023,47.070556640625
2024,-28.593017578125
2025,14.482177734375
2026,1.6337890625
2027,36.295166015625
2028,63.23291015625
2029,-8.768310546875
2030,-25.510009765625
2031,27.683349609375
2032,49.725341796875
2033,-14.5302734375
2034,21.01611328125
2035,3.6623535156250018
2036,3.770751953125
2037,17.018798828125
2038,8.530029296875
2039,9.042724609375
2040,18.19384765625
2041,16.896484375
2042,10.943115234375
2043,-18.02294921875
2044,27.482421875
2045,-2.19140625
2046,25.153564453125
2047,-7.47314453125
2048,-1.3969726562499998
2049,-1.6538085937500002
2050,14.999267578125
2051,21.86328125
2052,-37.976806640625
2053,-15.947265625
2054,-0.2265625
2055,36.166015625
2056,10.929199218749998
2057,-15.257080078125
2058,7.63427734375
2059,48.253173828125
2060,6.426025390625001
2061,-23.418457031250004
2062,-9.44287109375
2063,25.29541015625
2064,6.37841796875
2065,29.241455078125
2066,-2.791748046875
2067,39.12646484375
2068,16.4873046875
2069,-40.52001953125
2070,7.296630859374999
2071,10.492431640625002
2072,-3.23583984375
2073,39.3525390625
2074,20.627197265625004
2075,52.7529296875
2076,1.807373046875
2077,37.05004882812501
2078,7.761962890625001
2079,73.06640625
2080,-53.640380859375
2081,-6.941650390625001
2082,56.993896484375
2083,-35.96337890625
2084,-9.349365234375
2085,-0.46728515625000044
2086,26.705078125
2087,85.46435546875
2088,-73.30908203125
2089,16.2333984375
2090,-47.073486328125
2091,32.88134765625
2092,-20.34130859375
2093,43.45654296875
2094,-31.665283203124996
2095,39.643310546875
2096,7.038818359374999
2097,-32.521728515625
2098,-6.654541015625
2099,-38.5
2100,-34.701904296875
2101,6.080810546875
2102,-24.78564453125
2103,-29.330322265625004
2104,-20.9619140625
2105,42.28173828125
2106,-32.30810546875
2107,25.260498046875
2108,-7.10107421875
2109,11.753173828125
2110,-2.10205078125
2111,28.046875
2112,3.1103515624999996
2113,12.468994140625
2114,-5.37109375
2115,3.875
2116,37.9599609375
2117,-45.772216796875
2118,-28.702148437499996
2119,1.635009765625
2120,5.052978515625
2121,-49.4423828125
2122,-31.554931640625
2123,-18.806640625
2124,24.92822265625
2125,-23.35107421875
2126,29.726806640625
2127,56.630615234375
2128,1.608154296875
2129,-5.925048828125
2130,26.299072265625004
2131,46.39599609375
2132,38.01025390625
2133,-26.706298828125
2134,-2.972900390625
2135,-9.083251953125
2136,-5.3701171875
2137,-11.05810546875
2138,12.245361328125
2139,-4.579833984375
2140,3.83984375
2141,14.531982421875
2142,25.856201171875
2143,61.152587890625
2144,14.64208984375
2145,35.53271484375
2146,-24.68896484375
2147,50.89794921875
2148,29.039062499999996
2149,31.8681640625
2150,33.554443359375
2151,37.01562499999999
2152,15.7490234375
2153,15.759765625
2154,7.060546875000001
2155,50.298828125
2156,-39.01171875
2157,1.6752929687500002
2158,1.923828125
2159,28.793457031250004
2160,-14.731689453125
2161,-33.155029296875
2162,23.141601562500004
2163,-41.140869140625
2164,1.9482421875
2165,-41.26904296875
2166,17.712890625
2167,-33.7880859375
2168,-37.707275390625
2169,9.04638671875
2170,-28.3876953125
2171,109.781005859375
2172,44.90429687499999
2173,-8.465576171875004
2174,-28.974609375
2175,125.43188476562501
2176,44.40820312500001
2177,-9.804199218749998
2178,-29.78076171875
2179,7.274169921875
2180,-28.53173828125
2181,-19.122314453125
2182,-44.96240234375
2183,2.208007812500001
2184,-20.560302734374996
2185,-32.6591796875
2186,53.398193359375
2187,-1.0761718750000027
2188,-16.547607421875
2189,11.97802734375
2190,31.462890625
2191,15.61572265625
2192,-15.0751953125
2193,4.359130859375
2194,16.16796875
2195,21.5830078125
2196,-94.90234375
2197,4.314697265625
2198,-2.537353515625
2199,-11.94970703125
2200,-35.054443359375
2201,3.882080078125
2202,-3.181640625
2203,-0.036865234375
2204,21.4931640625
2205,5.718505859374999
2206,28.167236328125
2207,8.327880859375
2208,23.670654296875
2209,49.4951171875
2210,-2.38427734375
2211,2.580322265625
2212,36.328369140625
2213,153.78027343750003
2214,-26.30126953125
2215,74.132568359375
2216,-6.810302734375
2217,-31.70263671875
2218,17.510986328125
2219,1.866943359375
2220,-5.529541015625
2221,-24.103515625
2222,-19.984619140625
2223,29.432861328125
2224,-9.640625
2225,-6.557373046875
2226,-2.494873046875
2227,-25.708740234375
2228,25.536376953125
2229,22.379638671875
2230,-3.8129882812500013
2231,-18.42041015625
2232,-4.6953125
2233,30.72705078125
2234,-28.564208984375
2235,36.11376953125
2236,18.762207031250004
2237,32.405517578125
2238,-30.0126953125
2239,40.086669921875
2240,-17.718017578125
2241,67.341552734375
2242,82.660400390625
2243,18.77294921875
2244,24.176025390625
2245,75.254150390625
2246,63.2353515625
2247,18.49462890625
2248,24.703857421875
2249,-94.32128906250001
2250,64.8447265625
2251,-44.56445312500001
2252,-9.4580078125
2253,53.338134765625
2254,79.992919921875
2255,-2.337158203125
2256,-22.091552734374996
2257,59.251708984375
2258,-29.236572265625004
2259,-39.403076171875
2260,26.470703125
2261,-26.24609375
2262,-27.11572265625
2263,76.29296875
2264,73.809326171875
2265,-18.5380859375
2266,-20.616943359375
2267,-17.8701171875
2268,41.27978515625
2269,-20.135009765625
2270,14.706298828125
2271,16.03515625
2272,25.1064453125
2273,18.03125
2274,14.127197265625
2275,29.320312499999996
2276,23.976562499999996
2277,-17.289306640625
2278,-12.104248046875
2279,-6.374755859374999
2280,20.843994140625
2281,103.63696289062501
2282,-62.88525390625
2283,11.424072265625
2284,16.5458984375
2285,59.171142578125
2286,-101.67236328124999
2287,1.2592773437500002
2288,-117.29882812500001
2289,-61.846923828125
2290,-17.107666015625
2291,-1.005615234375
2292,-121.042236328125
2293,-68.31005859375
2294,66.527587890625
2295,2.7060546875000004
2296,49.006103515625
2297,-30.013916015625
2298,28.456298828124996
2299,79.172607421875
2300,64.77685546875
2301,-11.72412109375
2302,26.908203125000004
2303,116.311279296875
2304,58.144775390625
2305,-13.660156249999998
2306,-23.798583984375
2307,-41.220458984375
2308,-21.13134765625
2309,-1.6142578125
2310,-19.37451171875
2311,-46.59619140625
2312,-18.65380859375
2313,5.919677734375
2314,91.94775390625
2315,-12.981201171875
2316,-43.13818359375001
2317,60.3798828125
2318,28.35009765625
2319,-4.51171875
2320,-62.069091796875
2321,46.069091796875
2322,70.2451171875
2323,-77.060791015625
2324,82.991455078125
2325,66.1220703125
2326,18.118408203125
2327,-36.72314453125
2328,100.666748046875
2329,51.9033203125
2330,75.832275390625
2331,-55.896484375
2332,20.841796875
2333,18.93896484375
2334,11.72998046875
2335,-60.580078125
2336,11.214599609375
2337,24.874023437499996
2338,5.149169921875
2339,-86.421875
2340,24.5712890625
2341,-15.7763671875
2342,34.328125
2343,21.540771484375
2344,-5.866943359374999
2345,-18.630615234375
2346,15.542968750000002
2347,16.46484375
2348,38.4150390625
2349,-29.958740234375
2350,-4.4921875
2351,82.47363281249999
2352,82.461181640625
2353,82.712646484375
2354,-24.224609375
2355,82.240234375
2356,87.445556640625
2357,-54.109619140625
2358,-33.160400390625
2359,-11.005615234375
2360,-9.732421875
2361,-7.84228515625
2362,4.31005859375
2363,-3.168212890625
2364,-1.769775390625
2365,3.545166015625
2366,-5.45751953125
2367,-16.717041015625
2368,-8.56494140625
2369,46.55004882812501
2370,25.16064453125
2371,192.25463867187503
2372,-11.7001953125
2373,45.316650390625
2374,9.3671875
2375,-27.203125
2376,-24.625
2377,83.28271484375
2378,-8.588134765625002
2379,-21.50927734375
2380,42.96679687499999
2381,99.5703125
2382,-28.4267578125
2383,-29.50390625
2384,-63.891845703125
2385,55.757080078125
2386,73.555908203125
2387,13.781494140624998
2388,-6.249999999999998
2389,44.160888671875
2390,83.3076171875
2391,-1.4670410156250009
2392,-28.096923828125
2393,4.798583984375
2394,100.131103515625
2395,54.06005859375
2396,15.6533203125
2397,-2.093994140625
2398,4.500244140625
2399,38.64453125
2400,9.939697265625
2401,7.11962890625
2402,-141.553466796875
2403,62.112060546875
2404,26.397705078125
2405,1.802978515625
2406,28.00048828125
2407,40.740234375
2408,44.243896484375
2409,10.868896484374998
2410,0.7067871093749998
2411,-35.514404296875
2412,38.159912109375
2413,14.382568359375
2414,18.272216796875
2415,-25.73291015625
2416,56.6357421875
2417,6.043701171875
2418,1.1586914062499998
2419,1.571044921875
2420,81.620361328125
2421,4.123046875
2422,4.809326171875
2423,-2.685302734375
2424,10.541259765625
2425,18.3779296875
2426,11.751953125
2427,3.53564453125
2428,13.518798828125
2429,-6.325927734375
2430,6.476318359375001
2431,47.564697265625
2432,-36.25
2433,-29.210693359375
2434,-1.6518554687500002
2435,44.58374023437499
2436,-31.44677734375
2437,-46.00390625
2438,32.944580078125
2439,51.55004882812501
2440,5.765380859374999
2441,-6.378173828125
2442,-10.15283203125
2443,-32.581787109375
2444,-0.119873046875
2445,-4.052490234375
2446,-9.787353515625002
2447,-55.603271484375
2448,-7.35009765625
2449,3.32373046875
2450,6.495361328125
2451,-6.057861328125002
2452,6.73046875
2453,-2.250244140625
2454,-14.672119140625
2455,3.737548828125
2456,-2.753662109375
2457,-1.2490234375
2458,-5.509765624999999
2459,-5.043701171875
2460,5.5166015625
2461,-8.15869140625
2462,-17.1962890625
2463,-14.0205078125
2464,-0.90185546875
2465,28.065917968749996
2466,-21.996337890625
2467,11.943603515625002
2468,-19.952148437499996
2469,16.1865234375
2470,-4.287353515625
2471,17.93701171875
2472,2.368408203125
2473,2.225830078125
2474,18.155029296875
2475,11.25146484375
2476,161.061767578125
2477,-30.752197265625004
2478,-23.924560546875
2479,35.2958984375
2480,139.1318359375
2481,-52.66625976562501
2482,-22.74853515625
2483,-13.921630859375
2484,134.125732421875
2485,38.485107421875
2486,-19.789062499999996
2487,-1.369384765625
2488,13.04931640625
2489,34.831787109375
2490,-6.604736328125
2491,-22.15869140625
2492,5.1533203125
2493,38.744140625
2494,9.242675781250002
2495,0.8103027343750001
2496,-48.34179687499999
2497,23.995361328125
2498,-20.877685546875
2499,5.671142578125
2500,-61.375244140625
2501,41.34326171875
2502,6.25634765625
2503,-21.281005859375
2504,-3.438232421875
2505,37.3515625
2506,-6.61474609375
2507,29.165771484375
2508,-3.5419921875000004
2509,30.666015625
2510,11.841796875
2511,41.540771484375
2512,49.99316406250001
2513,40.4677734375
2514,-32.88330078125
2515,-24.9580078125
2516,12.0810546875
2517,35.350341796875
2518,-23.2841796875
2519,20.780273437499996
2520,-6.852783203125
2521,91.04296875
2522,-89.90576171875
2523,-37.718505859375
2524,57.654052734375
2525,92.838134765625
2526,-83.8173828125
2527,-32.2431640625
2528,21.1181640625
2529,64.8134765625
2530,70.21728515625
2531,7.98046875
2532,-16.15185546875
2533,11.898681640625
2534,51.988037109375
2535,13.41845703125
2536,-19.054443359375
2537,0.35595703125
2538,37.775390625
2539,-35.896484375
2540,2.7099609375000004
2541,-23.25927734375
2542,50.818603515625
2543,-13.309326171875
2544,15.131591796875
2545,-8.859619140625
2546,12.961425781250002
2547,-53.091064453125
2548,3.2763671875000004
2549,-61.892578125
2550,-37.423828125
2551,28.934326171875
2552,8.571044921875
2553,-72.91845703125
2554,-48.1357421875
2555,60.24755859375
2556,-8.766845703125
2557,-8.0537109375
2558,14.829345703125
2559,14.970703125
2560,-16.216552734375
2561,-1.086181640625
2562,14.214111328125
2563,33.005615234375
2564,-31.008544921875
2565,30.73388671875
2566,-7.9638671875
2567,20.519775390625
2568,23.116943359375
2569,-11.84228515625
2570,15.789550781250002
2571,10.796875
2572,8.375732421875
2573,40.38671875
2574,-6.2236328125
2575,67.71923828125
2576,-37.04345703125
2577,-36.572021484375
2578,-1.346923828125
2579,44.45874023437499
2580,-33.244384765625
2581,-52.096435546875
2582,17.513427734375
2583,21.6279296875
2584,16.2880859375
2585,-5.24365234375
2586,51.561767578125
2587,11.4228515625
2588,15.958251953125
2589,28.824707031250004
2590,32.572509765625
2591,32.685302734375
2592,33.095458984375
2593,-11.40478515625
2594,11.586181640625
2595,29.898193359375
2596,14.550537109375
2597,43.337158203125
2598,14.584716796875
2599,26.77294921875
2600,-59.984130859375
2601,12.383056640625
2602,-131.929931640625
2603,201.516357421875
2604,212.56909179687497
2605,10.9384765625
2606,-149.03173828125
2607,177.12011718750003
2608,240.86865234375
2609,-16.75830078125
2610,-102.469970703125
2611,-8.270263671875
2612,22.3505859375
2613,4.825439453125
2614,41.87890625
2615,-4.227294921875
2616,16.552001953125
2617,7.010986328125
2618,9.872802734375
2619,-15.1298828125
2620,5.164794921875
2621,26.630615234375
2622,-43.57177734375
2623,87.229248046875
2624,-17.999267578125
2625,28.892333984375
2626,-60.403076171875
2627,13.468261718750002
2628,11.4404296875
2629,-52.02124023437499
2630,-4.1923828125
2631,35.00927734375
2632,-63.73999023437499
2633,-48.171630859375
2634,-12.4111328125
2635,51.88525390625
2636,-36.88671875
2637,15.299560546875
2638,-5.139404296875
2639,34.6455078125
2640,36.883056640625
2641,1.4116210937500002
2642,-2.0078125
2643,15.406005859375
2644,21.364501953125
2645,-5.4111328125
2646,15.9853515625
2647,-35.546630859375
2648,12.315673828125
2649,39.728271484375
2650,13.750488281250002
2651,-6.40478515625
2652,15.109130859375
2653,32.976318359375
2654,-24.349853515625
2655,-50.56298828125
2656,8.3291015625
2657,-27.231201171875
2658,24.63427734375
2659,18.074462890625
2660,43.029541015625
2661,-22.753417968749996
2662,18.8466796875
2663,6.945556640625001
2664,-15.1259765625
2665,-34.289306640625
2666,34.009521484375
2667,-16.880859375
2668,26.7626953125
2669,23.034912109375
2670,13.512939453125
2671,-5.757080078125
2672,-1.01025390625
2673,66.865966796875
2674,12.905517578125
2675,23.100341796875004
2676,22.753417968749996
2677,23.802734375
2678,6.03564453125
2679,7.919189453125
2680,26.99853515625
2681,23.342773437499996
2682,-7.24609375
2683,-6.349365234375
2684,5.254150390625001
2685,-9.84228515625
2686,33.866943359375
2687,0.570068359375
2688,-0.5683593750000001
2689,-1.2216796875
2690,47.881103515625
2691,-41.72705078125
2692,212.912841796875
2693,-54.95312499999999
2694,-128.862548828125
2695,62.0625
2696,-3.936279296875
2697,-52.595458984375
2698,-135.721435546875
2699,-25.990234375
2700,43.906494140625
2701,-5.162109375000001
2702,-17.694091796875
2703,-12.786865234375
2704,47.15502929687501
2705,-33.48486328125
2706,1.021240234375
2707,-11.898925781250002
2708,25.528564453125
2709,-30.74609375
2710,29.18359375
2711,53.857666015625
2712,18.931396484375
2713,62.318359375
2714,-28.984619140625
2715,55.79638671875
2716,19.30859375
2717,3.863037109375001
2718,-9.77001953125
2719,-15.964111328125
2720,4.12353515625
2721,-17.605224609375
2722,-4.278564453125
2723,1.962890625
2724,-0.6281738281249999
2725,-14.205810546875
2726,-55.025634765625
2727,14.212890625
2728,-14.70849609375
2729,-10.889892578125
2730,31.443603515625
2731,-60.525146484375
2732,20.389892578125
2733,-13.095703125
2734,38.473388671875
2735,-16.8837890625
2736,-9.393310546875
2737,25.923095703125
2738,-3.256591796875
2739,16.569580078125
2740,156.93798828125
2741,47.78466796875
2742,-12.864501953125
2743,10.880126953125
2744,21.97021484375
2745,10.320068359375
2746,40.996826171875
2747,-31.25439453125
2748,2.762939453124999
2749,26.320556640625
2750,11.824218750000002
2751,-21.634033203124996
2752,11.761718750000002
2753,-10.458251953125
2754,-11.2158203125
2755,-42.527587890625
2756,-16.59521484375
2757,5.002685546875
2758,-4.04931640625
2759,-6.34326171875
2760,-25.23974609375
2761,-2.512451171875
2762,9.410400390625
2763,5.853515624999999
2764,-12.343994140625
2765,-26.954833984375
2766,23.371582031250004
2767,-2.16357421875
2768,-8.027099609375
2769,-50.303955078125
2770,9.4560546875
2771,-5.656005859374999
2772,15.037841796875
2773,-6.970458984375
2774,-6.178466796875
2775,25.886962890625
2776,22.765380859375
2777,30.459716796875004
2778,-16.384521484375
2779,23.248779296875
2780,-12.094970703125
2781,-8.0810546875
2782,48.351806640625
2783,41.08251953125
2784,-13.725341796875002
2785,-127.58886718750001
2786,82.280029296875
2787,36.312744140625
2788,-17.942626953125
2789,69.07373046875
2790,31.22705078125
2791,-9.980712890625
2792,18.57763671875
2793,18.134033203125
2794,-12.9912109375
2795,-22.95751953125
2796,24.83251953125
2797,17.711669921875
2798,-42.5517578125
2799,31.62548828125
2800,71.667236328125
2801,20.50048828125
2802,-21.874023437499996
2803,-0.23388671875
2804,-1.927978515625
2805,16.74560546875
2806,-3.749755859375001
2807,90.126220703125
2808,70.967529296875
2809,-4.82421875
2810,5.874267578125
2811,9.391845703125
2812,28.815185546875
2813,4.96240234375
2814,28.872802734374996
2815,5.57177734375
2816,9.562011718749998
2817,-24.5576171875
2818,-35.265625
2819,37.3466796875
2820,-41.196044921875
2821,38.41162109375
2822,-3.699951171875
2823,41.46191406250001
2824,-45.936767578125
2825,46.0966796875
2826,-24.1279296875
2827,-4.7724609375
2828,5.326416015625
2829,51.830810546875
2830,55.1669921875
2831,10.56689453125
2832,4.763916015625
2833,39.644287109375
2834,-98.12841796875
2835,-74.10888671875
2836,60.20361328125
2837,20.833984375
2838,18.000244140624996
2839,41.750244140625
2840,19.602783203124996
2841,28.938476562500004
2842,2.123535156249996
2843,53.43017578125
2844,39.9228515625
2845,-16.161376953125
2846,24.562744140625
2847,31.971435546875
2848,-43.82763671875
2849,-31.138427734374996
2850,4.576171875000002
2851,16.980712890625
2852,30.275146484375
2853,-16.170166015625
2854,52.53881835937501
2855,6.71533203125
2856,79.487548828125
2857,9.02197265625
2858,112.014404296875
2859,2.557861328125
2860,73.40966796875
2861,-10.667968750000002
2862,-30.7138671875
2863,96.17041015625
2864,48.4482421875
2865,-25.200927734374996
2866,46.870849609375
2867,-12.986328125
2868,33.738037109375
2869,-2.8146972656250058
2870,23.609619140625
2871,102.826904296875
2872,-58.134033203125
2873,62.901123046875
2874,61.5986328125
2875,62.793212890625
2876,41.00048828125
2877,88.26953125
2878,40.546142578125
2879,6.369873046875
2880,21.641601562500004
2881,32.282958984375
2882,50.104736328125
2883,-91.18994140624999
2884,68.574951171875
2885,15.144287109375
2886,53.6435546875
2887,-77.189697265625
2888,-52.053955078125
2889,37.907958984375
2890,2.765380859375
2891,3.555908203125
2892,1.0983886718749996
2893,-10.73583984375
2894,23.95263671875
2895,23.328857421875
2896,-0.8391113281249999
2897,-39.515380859375
2898,78.6220703125
2899,-1.14697265625
2900,-9.693603515625002
2901,-9.648925781250002
2902,19.521728515625
2903,-21.7626953125
2904,-16.113525390625
2905,-10.90966796875
2906,15.779541015625002
2907,-79.252685546875
2908,-32.199951171875
2909,-2.923828125000001
2910,41.70654296875
2911,-25.631103515625
2912,113.47509765625001
2913,-11.781494140625
2914,39.03759765625
2915,-25.299560546875
2916,63.6689453125
2917,41.49877929687501
2918,69.1669921875
2919,37.3837890625
2920,-26.905517578125
2921,8.730468750000002
2922,72.487548828125
2923,3.183349609375
2924,96.5771484375
2925,12.181152343749996
2926,8.181884765625
2927,27.954833984375
2928,21.5244140625
2929,-3.83544921875
2930,0.255126953125
2931,2.320068359375
2932,30.418457031250004
2933,36.252197265625
2934,22.079833984375
2935,2.454833984375
2936,45.403076171875
2937,-6.302734375000001
2938,-17.579345703125
2939,6.439697265625
2940,41.970458984375
2941,-6.005126953125
2942,-7.49365234375
2943,-17.99560546875
2944,-19.14208984375
2945,33.883056640625
2946,0.43896484375
2947,-39.17236328125
2948,53.806640625
2949,35.849609375
2950,2.7587890624999996
2951,-86.883056640625
2952,48.8779296875
2953,260.710205078125
2954,-45.770263671875
2955,-63.50390625000001
2956,103.85498046874999
2957,38.10595703125
2958,-72.7744140625
2959,-85.768798828125
2960,-16.475341796875
2961,106.666259765625
2962,-8.197998046875
2963,57.560791015625
2964,81.62353515625
2965,35.235595703125
2966,-9.30615234375
2967,54.46484375
2968,75.219482421875
2969,90.424072265625
2970,87.40161132812501
2971,-38.93798828125
2972,-5.638916015625003
2973,20.59765625
2974,-100.44970703125
2975,-42.99609375
2976,-5.4765625
2977,20.68115234375
2978,-23.590087890625
2979,-1.6372070312499998
2980,-46.49243164062499
2981,-1.325927734375
2982,23.595458984375
2983,-31.169677734374996
2984,-7.865966796875
2985,-3.1044921875000004
2986,21.060546875
2987,-7.040283203125
2988,7.2568359375
2989,7.30029296875
2990,61.69287109375
2991,4.2548828125
2992,63.33154296875
2993,36.594970703125
2994,57.78271484375
2995,2.325439453125
2996,-22.031982421875
2997,75.6171875
2998,13.87939453125
2999,23.277099609375
3000,-36.7939453125
3001,23.967773437499996
3002,-36.95629882812501
3003,14.503662109375
3004,-32.94140625
3005,83.239013671875
3006,25.699707031250004
3007,-16.283203125
3008,-43.018310546875
3009,45.451416015625
3010,28.188476562500004
3011,17.13916015625
3012,-40.2900390625
3013,54.748291015625
3014,18.125732421875
3015,-13.310791015625002
3016,-6.39599609375
3017,5.4716796875
3018,12.31005859375
3019,68.072509765625
3020,17.42724609375
3021,0.294189453125
3022,7.45068359375
3023,51.975341796875
3024,-7.320556640625001
3025,45.79370117187499
3026,31.615478515625
3027,-2.87353515625
3028,18.88134765625
3029,62.4921875
3030,30.949707031250004
3031,-3.122314453125
3032,37.22216796875
3033,37.928466796875
3034,6.707763671875
3035,-28.54443359375
3036,-23.605712890625
3037,37.586669921875
3038,-31.617431640625
3039,-38.968994140625
3040,-15.786865234375
3041,-12.874511718749998
3042,-35.189453125
3043,52.414306640625
3044,66.075439453125
3045,-20.74951171875
3046,86.625
3047,104.93115234375
3048,63.34497070312499
3049,-7.684814453125003
3050,58.614013671875
3051,193.68359375
3052,-41.720947265625
3053,58.376708984375
3054,19.8154296875
3055,-28.38623046875
3056,-33.409912109375
3057,49.316650390625
3058,35.559814453125
3059,-1.594482421875
3060,-52.927734375
3061,63.173583984375
3062,-14.609619140625
3063,-32.36328125
3064,68.20849609375
3065,-2.489501953125001
3066,-19.3076171875
3067,-28.31494140625
3068,11.565185546875
3069,15.509521484374998
3070,-29.739990234375
3071,36.40380859375
3072,16.99462890625
3073,-15.17529296875
3074,0.23828125
3075,24.960693359375
3076,11.343505859375
3077,-41.94921875
3078,61.4775390625
3079,-8.115478515625
3080,-2.552734375
3081,4.92919921875
3082,9.754150390625
3083,7.3798828125
3084,-16.069091796875
3085,22.73583984375
3086,12.8564453125
3087,16.9912109375
3088,-51.423583984375
3089,79.072021484375
3090,90.207763671875
3091,-8.051513671875
3092,-64.484375
3093,65.273193359375
3094,75.162841796875
3095,-3.920166015625
3096,-57.58837890625
3097,-19.641357421875
3098,5.582763671875
3099,34.375732421875
3100,26.960693359375
3101,-2.2001953125
3102,6.239501953125
3103,24.617187500000004
3104,32.90966796875
3105,-11.23974609375
3106,2.2021484375
3107,3.99462890625
3108,-7.73974609375
3109,55.76000976562501
3110,-14.618408203125
3111,-14.8115234375
3112,18.064453125
3113,23.828125
3114,2.318359375
3115,8.055419921875
3116,-2.425537109375
3117,7.720458984374998
3118,-18.340576171875
3119,-32.24462890625
3120,7.4169921875
3121,9.519531249999998
3122,7.505859374999999
3123,-23.30712890625
3124,31.61083984375
3125,-25.924560546875
3126,-6.328369140625001
3127,14.013671875
3128,28.403564453125
3129,-36.17041015625
3130,-9.0458984375
3131,-67.6201171875
3132,33.50341796875
3133,-41.88525390625
3134,29.656494140625
3135,47.79541015625
3136,-17.9404296875
3137,-14.488037109375
3138,27.694091796875004
3139,36.0478515625
3140,19.3701171875
3141,-22.852783203124996
3142,51.25122070312499
3143,36.32177734375
3144,16.406982421875
3145,46.3134765625
3146,1.6225585937500002
3147,29.26318359375
3148,6.234619140625001
3149,-6.692626953125
3150,17.418212890625
3151,23.68896484375
3152,55.472412109375
3153,39.917236328125
3154,-12.910888671875
3155,12.71337890625
3156,42.99072265625
3157,33.2109375
3158,72.268798828125
3159,28.200927734374996
3160,43.127197265625
3161,-49.99609375
3162,-16.43212890625
3163,-11.140136718749998
3164,1.302978515625
3165,-59.947265625
3166,-22.177490234375
3167,61.891845703125
3168,16.97705078125
3169,0.8747558593750004
3170,-17.36376953125
3171,34.053955078125
3172,-14.087646484374998
3173,-7.558105468750002
3174,-16.111572265625
3175,25.71875
3176,33.21533203125
3177,-28.542236328125
3178,26.375244140625
3179,-16.61962890625
3180,-28.400634765625
3181,-13.82177734375
3182,-57.683837890625
3183,9.8798828125
3184,-33.8271484375
3185,14.263427734375
3186,-37.106689453125
3187,12.644531249999998
3188,-13.929443359375
3189,14.406982421875
3190,-11.570556640625
3191,-13.46435546875
3192,14.017333984374998
3193,-0.170166015625
3194,-14.840087890625
3195,8.568359375
3196,3.200439453125
3197,-37.616455078125
3198,11.484130859375
3199,5.614990234375
3200,-9.221435546875
3201,-23.556396484375
3202,2.14892578125
3203,16.1298828125
3204,11.2080078125
3205,3.69287109375
3206,-11.728271484374998
3207,9.742919921875
3208,14.197509765625
3209,14.23779296875
3210,-11.041015625
3211,7.577392578125
3212,17.660888671875
3213,10.338623046875
3214,-75.15673828125
3215,-21.887207031250004
3216,74.2666015625
3217,17.219970703125
3218,14.958740234375
3219,-20.438720703125
3220,92.899658203125
3221,-11.826416015625002
3222,39.44580078125
3223,7.743408203125
3224,5.28466796875
3225,-14.560546875
3226,20.601562499999996
3227,-17.268798828125
3228,-3.095458984375
3229,-2.48974609375
3230,-3.27001953125
3231,10.80810546875
3232,15.136962890625
3233,23.01025390625
3234,23.620849609375
3235,-2.160888671875
3236,-21.318603515625
3237,22.8466796875
3238,3.62451171875
3239,61.19506835937501
3240,-8.345703125
3241,-5.5751953125
3242,-22.96728515625
3243,40.93212890625
3244,-30.264404296875
3245,10.38037109375
3246,-44.59179687499999
3247,44.10888671875
3248,-4.757568359374999
3249,28.451416015625
3250,10.846435546875
3251,3.87158203125
3252,19.062255859375
3253,-2.409179687500001
3254,-14.40380859375
3255,6.90478515625
3256,-2.242431640625
3257,4.848388671875
3258,-2.822998046875
3259,15.385498046875
3260,-5.80322265625
3261,3.00244140625
3262,-0.8635253906249999
3263,4.959716796875
3264,-4.396484375
3265,-14.606201171875
3266,8.667236328125
3267,9.987548828125
3268,-103.91064453125
3269,-78.157958984375
3270,108.560546875
3271,-33.477783203125
3272,8.3154296875
3273,-71.116943359375
3274,95.755126953125
3275,-17.587158203125
3276,-28.65234375
3277,-85.04077148437501
3278,133.204833984375
3279,173.6435546875
3280,15.283203125
3281,-75.023681640625
3282,128.34765625
3283,166.0859375
3284,-18.91796875
3285,-74.976318359375
3286,25.781005859375
3287,-3.53076171875
3288,-1.803955078125
3289,6.824951171875002
3290,1.185546875
3291,-7.852294921875
3292,-0.8408203125000003
3293,0.0380859375
3294,-5.899658203125
3295,3.189697265625
3296,7.6015625
3297,-8.5556640625
3298,11.087646484374998
3299,-11.30908203125
3300,-1.99609375
3301,2.087646484375
3302,63.009765625
3303,-2.0400390625
3304,46.802001953125
3305,-8.843017578125
3306,3.5927734375000004
3307,40.09521484375
3308,26.927490234375
3309,-23.35693359375
3310,-19.29541015625
3311,-22.89697265625
3312,5.05029296875
3313,-14.2841796875
3314,-15.869140625
3315,-3.486328125
3316,-14.367431640625
3317,1.937744140625
3318,-6.00634765625
3319,-7.331787109374999
3320,7.389892578125
3321,-25.64599609375
3322,35.42529296875
3323,-22.476318359375
3324,-38.3974609375
3325,-4.059326171875
3326,25.87353515625
3327,-28.016357421875
3328,-27.2861328125
3329,9.947265625
3330,10.542236328125
3331,-68.050048828125
3332,70.64794921875
3333,46.221923828125
3334,-36.94189453125001
3335,-43.059326171875
3336,62.935302734375
3337,63.6142578125
3338,-14.6259765625
3339,-58.9697265625
3340,-26.8330078125
3341,-0.012451171875001776
3342,25.204101562500004
3343,62.404052734375
3344,-28.197998046875
3345,18.601562499999996
3346,29.58642578125
3347,39.2900390625
3348,130.329833984375
3349,-0.4868164062500018
3350,39.599853515625
3351,44.349853515625
3352,-18.016357421875
3353,37.932373046875
3354,33.255126953125
3355,48.48999023437499
3356,-26.319091796875004
3357,1.747314453125
3358,-19.020263671875
3359,11.658935546875
3360,15.65283203125
3361,-5.528320312500002
3362,-9.666748046875
3363,9.175537109375
3364,16.92333984375
3365,20.89013671875
3366,-5.317626953125
3367,-18.258056640625
3368,190.59521484375
3369,54.51318359375001
3370,108.26684570312499
3371,-65.804443359375
3372,201.981201171875
3373,49.7548828125
3374,-19.91455078125
3375,-20.728759765625
3376,-17.2060546875
3377,85.8134765625
3378,29.389648437499996
3379,2.1630859375
3380,-51.53955078125
3381,84.8994140625
3382,34.54345703125
3383,12.7666015625
3384,-30.588134765625
3385,-8.11865234375
3386,34.476318359375
3387,20.34326171875
3388,-11.617675781250002
3389,-3.01708984375
3390,38.849853515625
3391,33.955322265625
3392,86.317138671875
3393,15.5048828125
3394,-4.6240234375
3395,-4.922119140625001
3396,31.383544921875
3397,-44.75122070312499
3398,10.847656249999998
3399,-7.197265624999999
3400,-8.527099609375
3401,-29.480224609375
3402,11.241943359375
3403,-10.0751953125
3404,10.966552734375
3405,50.6376953125
3406,-104.91259765625001
3407,26.3193359375
3408,25.419189453125
3409,38.939208984375
3410,-30.289306640625
3411,-9.10693359375
3412,-3.231933593750002
3413,91.74853515625
3414,63.944580078125
3415,191.048095703125
3416,-5.118408203125003
3417,69.78369140625
3418,75.58349609375
3419,47.96630859375
3420,13.695800781250002
3421,0.8330078125
3422,-2.65966796875
3423,-1.836181640625
3424,76.392578125
3425,6.171142578125
3426,-12.765625
3427,14.611083984374998
3428,60.346435546875
3429,0.574951171875
3430,-5.905517578125
3431,-20.515625
3432,45.40478515625
3433,12.7119140625
3434,-1.063232421875
3435,-14.306884765625
3436,51.8623046875
3437,0.7277832031249987
3438,20.05517578125
3439,38.231689453125
3440,-19.34326171875
3441,-30.18115234375
3442,8.515625
3443,26.517578125
3444,-13.2802734375
3445,-25.118896484375
3446,6.7255859375
3447,31.346923828125
3448,3.714599609375
3449,3.991455078125
3450,13.566406249999998
3451,3.6286621093750004
3452,-4.822021484375
3453,9.6953125
3454,18.763916015625
3455,7.6806640625
3456,-14.1552734375
3457,-0.9763183593750001
3458,20.753662109375
3459,-3.170166015625
3460,-10.8828125
3461,-0.6069335937499997
3462,18.604736328125
3463,5.1162109375
3464,6.069580078125
3465,-3.51611328125
3466,-12.996093750000002
3467,-22.241455078125
3468,45.363525390625
3469,-28.44775390625
3470,-23.294677734374996
3471,-12.143310546875
3472,34.221435546875
3473,-14.986083984374998
3474,-52.117919921875
3475,4.78076171875
3476,63.888671875
3477,35.790283203125
3478,113.29882812500001
3479,59.98291015625
3480,70.1845703125
3481,22.137451171875
3482,38.159912109375
3483,38.92578125
3484,-34.716552734375
3485,-30.925537109375
3486,21.01025390625
3487,40.124267578125
3488,19.615966796875004
3489,-34.236572265625
3490,25.218017578125
3491,-12.491455078125
3492,28.433837890625
3493,28.887451171875
3494,28.67822265625
3495,10.30029296875
3496,20.47119140625
3497,-6.028564453125
3498,24.697021484375
3499,-3.311523437500003
3500,-17.60546875
3501,24.28662109375
3502,-60.465576171875
3503,70.46484375
3504,48.987060546875
3505,20.407958984375
3506,-58.755615234375
3507,68.323486328125
3508,52.30859375
3509,-3.52880859375
3510,-13.623779296875
3511,69.99853515625
3512,21.150634765625
3513,-31.156982421875
3514,82.4775390625
3515,124.8994140625
3516,20.072998046875
3517,-40.96533203125
3518,-27.100830078125
3519,27.8154296875
3520,11.3232421875
3521,5.34716796875
3522,0.77978515625
3523,-17.949951171875
3524,10.365966796875
3525,10.1875
3526,13.983154296875
3527,-16.998046875
3528,19.8544921875
3529,1.1791992187500002
3530,5.392333984375
3531,9.706298828125
3532,46.365966796875
3533,32.32958984375
3534,-12.36376953125
3535,-0.7783203125
3536,28.717529296875
3537,15.88134765625
3538,16.69775390625
3539,32.29248046875
3540,19.097412109375
3541,62.337158203125
3542,34.20458984375
3543,38.227783203125
3544,18.129638671875
3545,-13.603515625
3546,32.7412109375
3547,-30.33251953125
3548,59.358154296875
3549,79.052978515625
3550,11.043701171875
3551,-19.950439453125
3552,63.35205078125
3553,88.966064453125
3554,4.871337890624998
3555,-4.507568359375001
3556,15.0380859375
3557,-4.974365234375
3558,11.42041015625
3559,26.605224609375
3560,8.403076171875
3561,-15.84716796875
3562,16.636962890625
3563,-2.81298828125
3564,5.313964843750001
3565,29.817138671875
3566,7.084228515625
3567,-25.356689453125
3568,55.12841796875
3569,38.74853515625
3570,10.54443359375
3571,-15.299072265625
3572,37.9462890625
3573,8.969970703125
3574,10.8251953125
3575,11.485595703125
3576,16.8525390625
3577,42.550537109375
3578,-28.43017578125
3579,19.102783203124996
3580,35.2197265625
3581,-13.308349609375
3582,-24.75390625
3583,186.824462890625
3584,12.8818359375
3585,-35.953857421875
3586,52.8564453125
3587,37.79394531249999
3588,29.080322265625004
3589,-52.932373046875
3590,31.449707031250004
3591,-0.083251953125
3592,-7.718017578125
3593,11.532470703125
3594,-2.57666015625
3595,-1.687744140625
3596,4.0048828125
3597,8.85302734375
3598,1.04541015625
3599,-12.5087890625
3600,10.896484375
3601,-12.082031249999998
3602,16.6064453125
3603,-23.303466796875004
3604,-35.38916015625
3605,21.98681640625
3606,27.325927734374996
3607,-15.470703125
3608,-26.030273437499996
3609,15.388671875
3610,13.008300781250002
3611,3.077880859375
3612,5.164306640625001
3613,2.849853515625
3614,4.8359375
3615,-12.2236328125
3616,10.49755859375
3617,18.802978515625
3618,14.533935546875
3619,18.01171875
3620,-14.015869140625
3621,-5.875732421875
3622,3.23193359375
3623,4.727294921875
3624,-0.53173828125
3625,1.9794921875
3626,-9.4833984375
3627,-2.34716796875
3628,80.23876953125
3629,44.519775390625
3630,-45.0263671875
3631,-16.095458984375
3632,-7.784912109374999
3633,33.407958984375
3634,-59.616943359375
3635,10.71435546875
3636,5.03125
3637,5.802734375000001
3638,38.006591796875
3639,28.443115234375
3640,18.907470703125
3641,-5.1552734375
3642,26.346923828125
3643,36.417724609375
3644,2.8017578124999996
3645,5.2724609375
3646,0.994140625
3647,20.156494140625
3648,-1.568115234375
3649,-40.358154296875
3650,-17.027099609375
3651,14.958251953125
3652,5.857666015625
3653,-0.72509765625
3654,-8.49169921875
3655,5.5849609375
3656,-16.728759765625
3657,-24.781982421875
3658,-27.086181640625
3659,37.4365234375
3660,-7.185791015625
3661,-14.182861328125
3662,-45.16625976562501
3663,29.535400390625
3664,50.84716796875
3665,49.133544921875
3666,42.043212890625
3667,-10.372558593749998
3668,-17.089111328125
3669,61.391845703125
3670,52.59619140625
3671,8.73046875
3672,-39.93896484375
3673,-5.366943359374999
3674,15.76806640625
3675,22.495361328125
3676,10.596923828125
3677,-76.985107421875
3678,29.239013671875
3679,6.90234375
3680,-1.330810546875
3681,-86.52392578125
3682,-11.816406249999998
3683,-14.319091796875
3684,19.622314453125
3685,21.21044921875
3686,-22.475830078125
3687,-2.757812500000001
3688,44.93701171875
3689,76.335205078125
3690,63.92529296875
3691,7.070068359374999
3692,-22.8076171875
3693,-9.8173828125
3694,7.43994140625
3695,3.393798828125
3696,-8.6328125
3697,-28.531005859375
3698,30.28955078125
3699,22.313720703125
3700,-3.612548828125
3701,83.63549804687499
3702,30.77392578125
3703,2.973388671875
3704,-4.333251953125
3705,77.612060546875
3706,47.2578125
3707,4.890380859374998
3708,43.968994140625
3709,10.972900390625
3710,17.566162109375
3711,21.03662109375
3712,-42.07861328125
3713,5.914794921875
3714,19.652587890625
3715,21.11669921875
3716,-24.966064453125
3717,0.484619140625
3718,1.747802734375
3719,1.2915039062499998
3720,-4.361572265625
3721,-49.04687500000001
3722,7.039062500000001
3723,-14.423583984374998
3724,-0.9362792968750001
3725,-71.92236328125
3726,19.534423828125
3727,12.390625
3728,-5.3974609375
3729,-16.57275390625
3730,-12.198974609375
3731,-15.823974609375
3732,-17.372802734375
3733,-18.08154296875
3734,-26.797851562500004
3735,-2.232177734375
3736,50.673583984375
3737,59.155517578125
3738,-0.978515625
3739,14.169921875
3740,20.79052734375
3741,39.35791015625
3742,5.849853515625
3743,44.90966796875
3744,19.695312499999996
3745,35.01513671875
3746,-48.0927734375
3747,-19.90234375
3748,3.881835937500001
3749,38.08935546874999
3750,-43.704833984375
3751,-54.104736328125
3752,1.2333984375
3753,46.406982421875
3754,-5.383544921875
3755,-4.77685546875
3756,-7.3525390625
3757,9.01318359375
3758,-3.788330078125
3759,5.377197265625
3760,22.90771484375
3761,25.559326171875
3762,0.9609375
3763,9.510009765625
3764,-12.7568359375
3765,4.63232421875
3766,-4.901123046875
3767,-40.91162109375
3768,-3.209716796875
3769,-4.962890624999999
3770,1.385498046875
3771,-41.11376953125
3772,22.83447265625
3773,4.298583984375
3774,-21.532958984375
3775,-17.293701171875
3776,56.788330078125
3777,6.766357421875
3778,-21.66650390625
3779,-10.273925781250002
3780,49.355224609375
3781,51.0654296875
3782,-1.6005859375
3783,-18.964111328125
3784,21.127197265625004
3785,24.16455078125
3786,-6.989501953125
3787,-31.138916015625
3788,20.386962890625
3789,49.462890625
3790,-40.9228515625
3791,32.926025390625
3792,24.855712890625
3793,-32.051025390625
3794,-95.43701171875
3795,26.2373046875
3796,31.639648437499996
3797,2.401123046875
3798,-85.300048828125
3799,-1.263671875
3800,1.3637695312500009
3801,0.137939453125
3802,5.998291015625
3803,-2.703369140625
3804,5.48779296875
3805,5.656982421875
3806,9.06787109375
3807,6.955810546875
3808,6.854248046875
3809,-7.677734375000001
3810,6.9677734375
3811,3.17724609375
3812,5.6845703125
3813,-15.220703125
3814,3.7099609375000004
3815,50.09228515625
3816,-6.258544921875
3817,-6.459228515625
3818,41.29125976562501
3819,18.415771484375
3820,4.1318359375
3821,-37.23974609375
3822,33.32666015625
3823,33.690673828125
3824,-32.620361328125
3825,-3.577392578125
3826,34.0224609375
3827,19.36474609375
3828,-9.076904296875
3829,-0.369140625
3830,15.653564453125
3831,22.132080078125
3832,-26.916015625
3833,32.12255859375
3834,57.5458984375
3835,17.60791015625
3836,0.457275390625
3837,1.475341796875
3838,12.42724609375
3839,-4.05322265625
3840,-2.910888671875
3841,-3.636474609375
3842,10.394775390625002
3843,16.94482421875
3844,-5.480224609374999
3845,3.082763671875
3846,28.130126953125
3847,2.4130859375000004
3848,29.993896484375
3849,7.15283203125
3850,26.2529296875
3851,26.181884765625
3852,28.53369140625
3853,-1.406982421875
3854,0.0107421875
3855,-9.569824218749998
3856,22.60498046875
3857,-3.921875
3858,11.830322265625
3859,3.573974609375
3860,0.294921875
3861,-20.270751953125
3862,4.344970703125
3863,15.12646484375
3864,-4.2294921875
3865,-53.93554687499999
3866,-3.533691406250001
3867,0.0361328125
3868,15.7177734375
3869,-33.86083984375
3870,10.6044921875
3871,1.229736328125
3872,-0.300537109375
3873,2.39697265625
3874,10.64208984375
3875,2.9296875
3876,2.65869140625
3877,-14.414550781250002
3878,-8.938232421875
3879,10.842041015625002
3880,16.8671875
3881,12.683837890625
3882,-6.72412109375
3883,-5.173583984375
3884,-2.19873046875
3885,9.804443359375
3886,11.225830078125
3887,-23.411865234375
3888,16.527099609375
3889,-19.366455078125
3890,62.453369140625
3891,23.5
3892,-24.344482421875
3893,3.9289550781250018
3894,54.832763671875
3895,31.343505859375
3896,6.7568359375
3897,-1.2495117187500009
3898,8.162109375
3899,-0.2199707031250009
3900,13.751708984374998
3901,0.271484375
3902,-0.6501464843750001
3903,-4.721923828125
3904,13.458740234375
3905,-14.38037109375
3906,-12.308837890625
3907,-55.0498046875
3908,43.0224609375
3909,40.22265625
3910,-1.9143066406249991
3911,-88.902587890625
3912,24.837646484375
3913,42.0654296875
3914,-32.68310546875
3915,-45.0400390625
3916,-8.807861328125
3917,41.18994140625
3918,70.496826171875
3919,-28.855224609375
3920,14.827392578125
3921,49.49658203125
3922,62.982666015625
3923,19.57177734375
3924,-8.715576171875
3925,-15.843994140625
3926,4.741455078124998
3927,-6.900146484375
3928,-9.769775390625
3929,-2.14306640625
3930,9.296386718749998
3931,-23.628417968749996
3932,-11.56787109375
3933,5.865478515625
3934,7.873779296875
3935,-2.85498046875
3936,3.369384765625
3937,-12.4091796875
3938,-11.497314453125
3939,-9.84375
3940,29.159423828125
3941,8.187255859375
3942,-20.4951171875
3943,23.068115234375
3944,-22.139404296875
3945,33.967041015625
3946,24.24853515625
3947,37.518310546875
3948,-16.27294921875
3949,21.684082031250004
3950,18.685791015625
3951,35.833984375
3952,41.14404296875
3953,6.868164062500002
3954,15.981689453125
3955,18.471923828125
3956,36.55078125
3957,10.805908203125
3958,17.437255859375
3959,22.582763671875
3960,50.065673828125
3961,23.462646484375
3962,11.055175781250002
3963,-18.00439453125
3964,156.434814453125
3965,13.453124999999998
3966,10.10595703125
3967,-11.423095703125
3968,46.404541015625
3969,45.599609375
3970,-26.271484375
3971,54.499267578125
3972,46.258544921875
3973,-23.65380859375
3974,-23.654541015625
3975,42.07177734375
3976,40.978515625
3977,-7.415283203125
3978,-26.72900390625
3979,0.04345703125
3980,4.011474609375
3981,-7.964111328125
3982,-46.56103515625
3983,-5.756591796875
3984,-8.056396484375
3985,-15.874267578125
3986,-38.81591796875
3987,18.839599609375
3988,2.998779296875
3989,19.539306640625
3990,-11.093017578125
3991,6.435302734375
3992,9.12841796875
3993,4.0673828125
3994,-16.16552734375
3995,-16.876953125
3996,23.2568359375
3997,27.896484375
3998,23.8525390625
3999,21.02294921875
4000,-19.988037109375
4001,55.95629882812501
4002,-3.541015625
4003,19.945312499999996
4004,6.517333984375
4005,41.56201171875
4006,17.258544921875
4007,9.22802734375
4008,0.6276855468750001
4009,-7.385498046875
4010,-44.931396484375
4011,3.953369140625
4012,0.4033203125
4013,3.599853515625
4014,-26.6279296875
4015,-44.384033203125
4016,24.382080078125
4017,13.531982421875
4018,3.72900390625
4019,12.5048828125
4020,-3.009765625
4021,16.845458984375
4022,-50.164794921875
4023,9.181640625
4024,46.27368164062499
4025,118.850341796875
4026,29.37353515625
4027,68.74853515625
4028,66.831787109375
4029,113.654296875
4030,39.621337890625
4031,76.541259765625
4032,34.553466796875
4033,55.18017578125
4034,-44.14990234375
4035,-13.146728515625002
4036,21.468994140625
4037,63.15869140625
4038,-52.884765625
4039,-20.50439453125
4040,10.064941406250002
4041,1.831787109375
4042,-19.095458984375
4043,-54.1513671875
4044,16.82470703125
4045,67.906494140625
4046,9.20263671875
4047,-53.741455078125
4048,2.530029296875
4049,14.218505859375
4050,-16.126220703125
4051,-22.999755859375
4052,5.62744140625
4053,8.089599609375
4054,-5.651611328124998
4055,16.935546875
4056,23.92041015625
4057,26.890869140625
4058,56.484619140625
4059,48.133056640625
4060,8.458984375
4061,71.16064453125
4062,16.813720703125
4063,5.189697265625
4064,9.01220703125
4065,45.613037109375
4066,5.35791015625
4067,36.722900390625
4068,44.056640625
4069,42.17626953125
4070,-79.4091796875
4071,-28.406494140625
4072,-51.38720703125
4073,-13.653076171875
4074,-80.13427734375
4075,-46.75537109375
4076,58.42578125
4077,29.912109375
4078,-22.530273437499996
4079,-15.6767578125
4080,17.92822265625
4081,6.816650390625001
4082,5.9638671875
4083,-22.409423828125
4084,18.02099609375
4085,31.968505859375
4086,37.76953125
4087,-22.1142578125
4088,42.524169921875
4089,47.173828125
4090,-13.738281249999998
4091,-8.355957031250004
4092,43.69677734375
4093,57.000244140625
4094,11.150146484374998
4095,7.0693359375
4096,-34.8076171875
4097,-129.9052734375
4098,63.972412109375
4099,13.155761718749998
4100,1.7788085937500002
4101,-128.464599609375
4102,53.950927734375
4103,39.80004882812501
4104,28.433837890625
4105,72.74951171875
4106,11.442626953125
4107,-64.88623046875
4108,-30.964599609375
4109,-55.60620117187499
4110,27.2783203125
4111,-68.73876953125
4112,45.204345703125
4113,2.53369140625
4114,67.78076171875
4115,12.10302734375
4116,-12.76025390625
4117,57.416015625
4118,72.517578125
4119,4.060546875
4120,-11.132324218749998
4121,42.497802734375
4122,47.72412109375
4123,56.361572265625
4124,18.7685546875
4125,-14.191406249999998
4126,0.398193359375
4127,1.190673828125
4128,24.671142578125
4129,-13.5615234375
4130,37.948974609375
4131,-5.54443359375
4132,-18.51416015625
4133,57.6650390625
4134,25.24267578125
4135,-49.17236328125
4136,-36.919921875
4137,38.354736328125
4138,15.974365234375
4139,0.112060546875
4140,-31.591064453125
4141,-3.267578125
4142,-35.95703125
4143,10.423828125
4144,14.452880859375
4145,36.426025390625
4146,-29.691162109375
4147,-5.866455078125
4148,59.134521484375
4149,98.118896484375
4150,-14.458251953125
4151,96.90234375
4152,72.3603515625
4153,-57.60986328125
4154,-25.380126953125
4155,91.8427734375
4156,81.718994140625
4157,-33.975830078125
4158,-43.504150390625
4159,-8.537353515625
4160,-100.251953125
4161,20.341796875
4162,21.765869140625
4163,7.2373046875
4164,-106.0791015625
4165,13.1630859375
4166,83.977294921875
4167,105.41845703125
4168,40.240966796875
4169,70.486083984375
4170,-50.861572265625
4171,-18.312255859375
4172,-0.106201171875
4173,62.54541015625
4174,-24.495361328125
4175,76.929931640625
4176,90.4267578125
4177,88.09375000000001
4178,-11.146484375
4179,-9.947021484374998
4180,-56.47900390625
4181,-59.621337890625
4182,-7.082031250000002
4183,-18.125732421875
4184,-132.489501953125
4185,-132.7998046875
4186,-125.305908203125
4187,-189.12060546875
4188,384.8056640625
4189,86.169189453125
4190,91.1689453125
4191,-192.36962890625
4192,392.257568359375
4193,17.778320312499996
4194,25.031249999999996
4195,28.744384765625
4196,51.024658203125
4197,51.996337890625
4198,69.54638671875
4199,78.11621093749999
4200,72.243408203125
4201,23.501708984375
4202,-10.536621093750004
4203,-13.125976562500004
4204,-70.166259765625
4205,9.723388671875
4206,79.92431640625
4207,-20.46337890625
4208,-0.8266601562500003
4209,8.291015625
4210,100.4951171875
4211,74.76708984375
4212,52.591064453125
4213,46.468017578125
4214,52.11254882812501
4215,-49.19287109375
4216,1.731689453125
4217,23.331542968749996
4218,60.52929687499999
4219,-41.7646484375
4220,61.618408203125
4221,99.76318359375
4222,-17.011962890625
4223,14.8154296875
4224,0.89892578125
4225,-79.5390625
4226,-98.775146484375
4227,6.40771484375
4228,16.09716796875
4229,-93.55126953125
4230,-101.302734375
4231,10.846435546874998
4232,-54.27490234375
4233,78.537841796875
4234,207.759033203125
4235,147.859619140625
4236,-55.512939453125
4237,76.833984375
4238,27.252197265625004
4239,2.0969238281249982
4240,-105.74121093749999
4241,336.01953125
4242,409.42529296875
4243,48.2275390625
4244,78.38623046875
4245,358.862548828125
4246,409.78662109375
4247,8.433349609374998
4248,32.8720703125
4249,-45.16845703125
4250,83.320556640625
4251,139.6015625
4252,27.476318359375
4253,68.145263671875
4254,83.19287109375
4255,127.1689453125
4256,-31.522216796875004
4257,-31.6455078125
4258,-25.819580078125
4259,41.819091796875
4260,24.117919921875
4261,-2.605224609375
4262,41.623291015625
4263,46.979736328125
4264,1.353271484375
4265,-34.95263671875
4266,50.43359375
4267,-5.69482421875
4268,3.2297363281249982
4269,-11.6455078125
4270,-68.803955078125
4271,-27.94677734375
4272,4.2822265625
4273,-9.081787109375
4274,-60.712646484375
4275,-25.704833984375
4276,95.06787109375
4277,-63.73046875
4278,-96.467529296875
4279,10.601318359375
4280,3.55859375
4281,-66.662841796875
4282,-91.68115234375
4283,11.82666015625
4284,-31.55810546875
4285,21.684326171875
4286,1.9086914062499984
4287,62.1162109375
4288,26.528564453125
4289,22.19775390625
4290,1.1862792968749942
4291,59.6513671875
4292,3.7590332031249982
4293,2.344482421875001
4294,-20.943359375
4295,24.7724609375
4296,23.20068359375
4297,65.623779296875
4298,2.857177734375
4299,11.960693359375
4300,-2.20068359375
4301,-4.284423828125
4302,-28.845458984375
4303,104.44140625000001
4304,-83.53271484375
4305,-102.8623046875
4306,17.859130859375
4307,65.951416015625
4308,-83.6865234375
4309,-93.989013671875
4310,15.609863281250002
4311,62.38500976562501
4312,36.44970703125
4313,-19.158447265625004
4314,-7.7001953125
4315,-64.997802734375
4316,-80.72363281249999
4317,-15.415283203125
4318,-20.632568359375
4319,-69.648681640625
4320,-102.532958984375
4321,22.022705078125
4322,11.97998046875
4323,13.227294921875
4324,4.08349609375
4325,2.87060546875
4326,11.3994140625
4327,-2.1755371093750018
4328,70.167724609375
4329,57.0302734375
4330,-13.066162109375
4331,12.102050781250002
4332,-6.947998046875
4333,-36.745849609375
4334,-43.44995117187499
4335,46.3544921875
4336,-21.397705078125
4337,-7.40966796875
4338,-12.081298828125
4339,40.606689453125
4340,-31.156494140625
4341,-18.496826171875
4342,110.191650390625
4343,147.3720703125
4344,-33.66015625
4345,-14.2509765625
4346,10.979248046875
4347,175.19873046875
4348,-5.81689453125
4349,187.03027343750003
4350,49.27124023437499
4351,152.962158203125
4352,58.76245117187499
4353,175.752197265625
4354,40.389892578125
4355,-14.620849609374998
4356,8.780273437499998
4357,21.264648437499996
4358,-25.063476562500004
4359,-4.187988281250001
4360,6.86669921875
4361,15.908447265625
4362,-16.91455078125
4363,16.543212890625
4364,14.366455078125
4365,-5.864501953125
4366,93.41430664062499
4367,-17.88330078125
4368,-49.081787109375
4369,94.767822265625
4370,41.374267578125
4371,-16.142333984375
4372,-39.202392578125
4373,95.171142578125
4374,87.626953125
4375,0.99755859375
4376,-43.827392578125
4377,-8.982666015625
4378,19.69873046875
4379,35.6396484375
4380,-46.664306640625
4381,1.0595703125
4382,-33.8291015625
4383,49.094482421875
4384,34.9521484375
4385,6.712890624999999
4386,0.447265625
4387,-9.07861328125
4388,-4.255126953125
4389,3.253173828125
4390,17.12939453125
4391,85.702880859375
4392,9.2177734375
4393,28.389404296875
4394,17.7607421875
4395,-12.993408203125
4396,36.889404296875
4397,28.65869140625
4398,9.579345703125
4399,-16.62890625
4400,103.889404296875
4401,7.76220703125
4402,-8.056640625
4403,10.830322265625
4404,8.89501953125
4405,99.77807617187499
4406,77.84033203125
4407,10.365966796875
4408,11.059814453125
4409,116.874755859375
4410,68.58642578125
4411,-69.1767578125
4412,-86.594970703125
4413,161.076416015625
4414,-13.3662109375
4415,-32.371337890625
4416,-78.927490234375
4417,163.5234375
4418,-9.873779296875
4419,-48.79833984375
4420,6.77392578125
4421,17.542236328125
4422,-22.177734375
4423,23.529296875
4424,-75.24267578125
4425,24.12548828125
4426,-22.93994140625
4427,-45.88745117187499
4428,-84.2919921875
4429,36.189208984375
4430,31.2744140625
4431,-22.708251953125
4432,-2.86669921875
4433,34.7421875
4434,18.320556640625
4435,-34.04638671875
4436,13.83056640625
4437,39.874755859375
4438,34.814208984375
4439,18.83544921875
4440,-43.193115234375
4441,-7.965087890625001
4442,-25.312744140625
4443,2.643310546875
4444,-36.3828125
4445,3.740966796875
4446,28.184326171875
4447,-35.35498046875
4448,-25.616943359375
4449,-8.29833984375
4450,-9.851318359375
4451,10.444824218749998
4452,-41.72875976562501
4453,-16.36865234375
4454,16.45751953125
4455,25.640625
4456,55.478515625
4457,-48.92236328125
4458,-3.2326660156250036
4459,9.879150390625
4460,-35.365234375
4461,-46.199462890625
4462,-13.139648437500002
4463,-22.304931640625
4464,-8.198974609375
4465,18.1005859375
4466,3.538818359375001
4467,24.71923828125
4468,18.17138671875
4469,-4.26220703125
4470,-11.038574218749998
4471,21.369384765625
4472,38.08544921875
4473,32.68896484375
4474,183.173828125
4475,-106.843017578125
4476,-70.54638671875
4477,73.3876953125
4478,92.1064453125
4479,-112.72314453125
4480,-74.794921875
4481,-13.913574218749998
4482,-14.663574218749998
4483,-19.475341796875004
4484,5.068115234374999
4485,57.285400390625
4486,-44.690673828125
4487,-66.44189453125
4488,7.011718749999998
4489,63.071044921875
4490,-36.363037109375
4491,-35.1298828125
4492,69.695556640625
4493,-104.921875
4494,-22.914062499999996
4495,-30.175292968749996
4496,-12.859863281250002
4497,-117.0693359375
4498,-27.569580078125
4499,-18.883544921875
4500,-15.164794921875
4501,-4.171630859374999
4502,15.635498046875
4503,57.232421875
4504,-123.482177734375
4505,-130.612548828125
4506,-9.10302734375
4507,46.5166015625
4508,-47.532958984375
4509,-62.93603515625
4510,-4.523681640625
4511,17.276611328125
4512,-18.887207031250004
4513,28.836181640625
4514,52.52685546874999
4515,15.729736328125
4516,-18.03759765625
4517,99.392822265625
4518,101.91357421875
4519,-5.1416015625
4520,-7.97998046875
4521,-16.40185546875
4522,-29.571044921875
4523,-25.202880859375
4524,-15.602783203125
4525,-1.5581054687500002
4526,-5.557617187499998
4527,-10.467529296875
4528,-42.68627929687501
4529,99.797607421875
4530,10.845458984374998
4531,-15.764404296875
4532,-28.267578125
4533,111.8916015625
4534,20.902832031250004
4535,20.44921875
4536,-1.05517578125
4537,93.196044921875
4538,119.860107421875
4539,-55.222412109375
4540,20.030029296875
4541,-13.466552734375
4542,130.276611328125
4543,-52.80859375
4544,35.63037109375
4545,-32.861083984375
4546,-48.345458984375
4547,-33.4365234375
4548,9.353515625
4549,-49.725830078125
4550,-22.92724609375
4551,-28.300537109375
4552,17.406982421875
4553,-24.084716796875004
4554,-16.965087890625
4555,64.90771484375
4556,105.3916015625
4557,15.079589843750004
4558,62.298828125
4559,39.965087890625
4560,97.10888671875
4561,31.529541015624996
4562,226.494140625
4563,233.59619140625
4564,50.89453125
4565,-7.223876953125
4566,-26.82373046875
4567,57.7685546875
4568,42.238525390625
4569,-2.903564453125
4570,-29.014892578125
4571,109.58935546875
4572,142.406982421875
4573,-15.059326171875
4574,-22.011474609375
4575,32.9375
4576,4.58544921875
4577,0.575439453125
4578,-21.4912109375
4579,17.70068359375
4580,6.57958984375
4581,11.73681640625
4582,30.875732421875
4583,-44.370361328125
4584,-22.976562499999996
4585,-12.312011718749998
4586,-37.94506835937501
4587,-37.73046875
4588,-34.530517578125
4589,-9.203857421875
4590,4.5849609375
4591,34.729248046875
4592,101.045166015625
4593,-62.617919921875
4594,5.49169921875
4595,-2.588134765625
4596,100.14111328125
4597,-53.284912109375
4598,33.5771484375
4599,32.423828125
4600,13.423095703125
4601,17.652587890625
4602,-15.801513671875
4603,-13.220947265625
4604,-23.176513671875
4605,13.344482421875
4606,-3.797119140625
4607,88.988525390625
4608,57.00439453125001
4609,71.504638671875
4610,-36.430908203125
4611,-17.5634765625
4612,-10.33154296875
4613,-24.47509765625
4614,-30.468017578125
4615,-35.845947265625
4616,10.479248046875
4617,24.93798828125
4618,-64.035400390625
4619,79.1669921875
4620,74.87841796875
4621,-16.499267578125
4622,-29.40869140625
4623,59.34814453125001
4624,46.2783203125
4625,82.959716796875
4626,99.12353515625
4627,-8.103271484375
4628,5.614501953125
4629,9.608642578125
4630,113.830810546875
4631,68.922119140625
4632,16.195068359375
4633,3.03564453125
4634,65.497314453125
4635,60.7060546875
4636,-87.129638671875
4637,-46.187255859375
4638,56.096435546875
4639,8.750244140625
4640,-12.982421875
4641,-47.421630859375
4642,65.05029296875
4643,-39.671630859375
4644,-12.207763671875
4645,-59.8349609375
4646,77.29541015625
4647,45.09228515625
4648,16.26611328125
4649,43.439697265625
4650,67.196533203125
4651,26.517333984375
4652,-12.794189453125
4653,0.9753417968750001
4654,-12.341796875
4655,60.701171875
4656,-1.514892578125
4657,113.444091796875
4658,114.55322265625
4659,70.491455078125
4660,15.708740234375
4661,10.324951171875004
4662,10.379150390625002
4663,65.95068359375
4664,91.13330078125
4665,-5.2827148437500036
4666,82.623291015625
4667,74.313720703125
4668,98.618408203125
4669,-18.06494140625
4670,108.796142578125
4671,108.3369140625
4672,95.443603515625
4673,32.140380859375
4674,-12.633300781250002
4675,-26.21240234375
4676,5.314697265625
4677,22.150634765625
4678,-24.66259765625
4679,29.811523437499996
4680,10.55322265625
4681,-12.284912109375
4682,5.480224609374995
4683,14.15283203125
4684,123.370361328125
4685,72.43505859375
4686,4.382324218749995
4687,11.8896484375
4688,6.424072265625
4689,0.6384277343750001
4690,-4.4609375
4691,-4.499755859374998
4692,24.797119140625
4693,-67.79638671875
4694,-33.31884765625
4695,-14.458984375
4696,35.1689453125
4697,-70.018798828125
4698,-54.70556640624999
4699,-109.666259765625
4700,192.70947265625
4701,149.22998046875
4702,36.702392578125
4703,89.11572265625
4704,178.970947265625
4705,138.975830078125
4706,-45.00439453125001
4707,1.566162109375
4708,38.090576171875
4709,-61.74804687499999
4710,-38.464111328125
4711,-17.925537109375
4712,37.815673828125
4713,-61.2705078125
4714,-22.58837890625
4715,44.72021484375
4716,55.62158203125
4717,53.3623046875
4718,29.70458984375
4719,-28.474609375
4720,34.58447265625
4721,56.451416015625
4722,28.489501953125
4723,-20.420654296875
4724,-32.761962890625
4725,70.310791015625
4726,-10.002685546875
4727,-18.4453125
4728,-4.501220703125001
4729,67.037353515625
4730,8.365478515625
4731,-33.2294921875
4732,-2.599853515625
4733,-15.12939453125
4734,-13.5234375
4735,60.400634765625
4736,55.354736328125
4737,-11.832519531250002
4738,-10.547119140625
4739,-15.382568359375
4740,59.842041015625
4741,-14.6015625
4742,-10.3291015625
4743,21.837158203124996
4744,29.607421875
4745,9.810791015625002
4746,-18.426025390625
4747,-26.684082031250004
4748,15.0771484375
4749,16.600341796875
4750,-28.4638671875
4751,23.22802734375
4752,85.906005859375
4753,-27.916015625
4754,-40.58837890625
4755,40.40673828125
4756,3.541748046875
4757,-13.5537109375
4758,-36.67431640625
4759,36.737548828125
4760,65.583984375
4761,34.0087890625
4762,-36.173095703125
4763,-95.845947265625
4764,39.013671875
4765,10.0234375
4766,7.694091796875
4767,-102.80615234375
4768,25.03369140625
4769,-2.651123046875
4770,-21.56396484375
4771,36.93310546874999
4772,3.26708984375
4773,1.0263671875
4774,75.067626953125
4775,13.632568359375
4776,6.104980468749999
4777,-6.6015625
4778,-14.471923828125
4779,9.80322265625
4780,-8.165283203125
4781,47.084228515625
4782,25.51416015625
4783,23.667236328125
4784,-31.54931640625
4785,49.404541015625
4786,19.668701171875
4787,12.535400390625
4788,17.152587890625
4789,16.0263671875
4790,-2.701904296875
4791,-2.602783203125
4792,-19.257812499999996
4793,4.709228515625
4794,7.92529296875
4795,-16.393798828125
4796,-31.042236328125
4797,16.937255859375
4798,-34.205078125
4799,9.0673828125
4800,26.778564453125
4801,-7.6162109375
4802,-11.933593750000002
4803,21.00390625
4804,26.11083984375
4805,34.827880859375
4806,19.068359375
4807,-53.38671875
4808,33.620849609375
4809,6.9111328125
4810,-17.940185546875
4811,-30.575439453125
4812,28.49169921875
4813,9.390380859375
4814,18.24169921875
4815,-21.182861328125
4816,45.56591796875
4817,38.8623046875
4818,-8.826416015625
4819,7.34130859375
4820,29.337646484375
4821,38.03515625
4822,7.204345703125
4823,37.290771484375
4824,79.365966796875
4825,26.529296875
4826,21.69384765625
4827,-46.830078125
4828,-6.391845703125
4829,-15.014892578125
4830,36.45947265625
4831,-56.1474609375
4832,69.7333984375
4833,36.135498046875
4834,43.58935546874999
4835,33.112548828125
4836,-2.1201171875
4837,-10.47998046875
4838,27.296630859375
4839,31.428466796875004
4840,-6.548828124999999
4841,24.47119140625
4842,61.80517578125
4843,-28.581787109375
4844,-41.63037109375
4845,20.455078125
4846,15.465576171875
4847,-12.932861328125
4848,-35.35791015625
4849,28.90234375
4850,-9.448974609375
4851,-16.171630859375
4852,-71.053466796875
4853,57.668212890625
4854,54.110107421875
4855,-9.666748046875
4856,-11.71435546875
4857,75.623779296875
4858,55.665771484375
4859,-38.39013671875
4860,-26.52392578125
4861,-47.863037109375
4862,107.94580078125
4863,48.74316406250001
4864,17.2861328125
4865,27.554931640625
4866,110.129150390625
4867,59.819091796875
4868,-12.77001953125
4869,-20.496582031250004
4870,-22.919677734374996
4871,29.367431640625
4872,48.728515625
4873,-157.29150390625
4874,-157.00805664062497
4875,20.027587890625
4876,25.315917968749996
4877,-47.221435546875
4878,-76.170166015625
4879,-8.26806640625
4880,-23.026611328125
4881,-6.683349609374999
4882,72.947998046875
4883,71.595947265625
4884,-50.6259765625
4885,7.52978515625
4886,1.8005371093750009
4887,-5.415283203125
4888,-36.831787109375
4889,5.387451171875
4890,15.694091796875
4891,-72.026611328125
4892,-59.5654296875
4893,25.6513671875
4894,29.36669921875
4895,-22.888671875
4896,-65.7216796875
4897,-33.66259765625
4898,-40.745849609375
4899,8.36962890625
4900,36.9521484375
4901,37.37890625
4902,-28.857177734374996
4903,21.9345703125
4904,15.086425781250002
4905,30.312744140625
4906,84.23950195312501
4907,9.289550781250002
4908,-61.05029296875
4909,57.334716796875
4910,45.85693359375001
4911,6.7265625
4912,-73.438720703125
4913,7.479248046875
4914,8.43505859375
4915,0.197021484375
4916,-7.200927734375
4917,-8.95166015625
4918,16.680908203125
4919,18.81787109375
4920,-10.570556640625
4921,-0.99853515625
4922,47.77685546874999
4923,31.066162109375
4924,9.835205078125
4925,9.771484375
4926,7.201171875000001
4927,-65.715087890625
4928,-69.48876953125
4929,9.96435546875
4930,18.033447265625
4931,-70.526611328125
4932,-58.603271484375
4933,68.58349609375
4934,82.8359375
4935,-0.88671875
4936,-45.194580078125
4937,-42.576416015625
4938,87.373779296875
4939,-9.229248046875
4940,-8.32861328125
4941,20.66943359375
4942,417.46923828125
4943,-51.23486328125
4944,-29.359375
4945,90.00927734375
4946,83.3076171875
4947,-48.77734375
4948,-40.526611328125
4949,-36.066650390625
4950,-30.639892578125
4951,-3.46142578125
4952,19.1591796875
4953,-3.0595703124999996
4954,98.10986328124999
4955,98.98583984375
4956,-2.113525390624999
4957,9.315673828125
4958,69.619873046875
4959,71.893310546875
4960,85.39599609375
4961,-76.324951171875
4962,-29.60888671875
4963,43.489501953125
4964,60.869873046875
4965,-76.349609375
4966,-30.30712890625
4967,11.984863281250002
4968,4.984375000000001
4969,28.550048828125
4970,-14.965087890625
4971,21.21337890625
4972,-41.3408203125
4973,-24.880126953125
4974,-36.217529296875
4975,42.255615234375
4976,6.8369140625
4977,23.82421875
4978,-132.849609375
4979,0.078125
4980,100.815673828125
4981,5.443603515625
4982,-17.817626953125
4983,14.763671875
4984,100.132080078125
4985,-19.753662109375
4986,13.5439453125
4987,-19.604736328125
4988,7.86328125
4989,6.6064453125
4990,-39.727294921875
4991,-48.8466796875
4992,12.830810546875
4993,-0.6882324218750001
4994,57.3017578125
4995,75.578857421875
4996,-19.882080078125
4997,27.293457031250004
4998,1.9697265625
4999,-84.975341796875
5000,-61.892578125
5001,33.48193359375
5002,4.641845703125
5003,2.055908203125
5004,-32.115478515625
5005,-76.50244140624999
5006,13.453125
5007,85.2626953125
5008,-8.1005859375
5009,-21.935546875
5010,28.482421875
5011,91.921875
5012,-9.371337890625
5013,-20.927490234375
5014,60.849853515625
5015,3.2836914062500004
5016,5.128417968749998
5017,58.91357421875
5018,50.838134765625
5019,9.20556640625
5020,-5.79052734375
5021,95.90136718750001
5022,117.10546875
5023,0.83935546875
5024,20.3974609375
5025,20.851318359375
5026,-30.00927734375
5027,8.144287109375
5028,4.64599609375
5029,15.233642578125
5030,-47.46240234375
5031,-37.76171875
5032,88.432373046875
5033,34.5009765625
5034,3.865234375
5035,-0.33593750000000044
5036,-29.84130859375
5037,44.646484375
5038,3.656982421875
5039,7.447998046875
5040,17.205810546875
5041,-101.66796875
5042,100.333740234375
5043,91.69580078125
5044,-38.66748046875
5045,-32.61767578125
5046,124.029541015625
5047,84.0224609375
5048,-0.3984374999999991
5049,-11.577880859375
5050,-8.333740234375
5051,-1.347900390625
5052,-6.375
5053,-71.734375
5054,-31.648681640625
5055,-14.97412109375
5056,-4.29150390625
5057,-62.58349609375
5058,-68.696044921875
5059,-82.1005859375
5060,4.835205078125
5061,103.013916015625
5062,35.233642578125
5063,18.08740234375
5064,16.678955078125
5065,97.11865234375
5066,-26.25146484375
5067,-20.964599609375
5068,98.69311523437499
5069,-17.60546875
5070,9.410400390625
5071,-22.28759765625
5072,12.664794921875
5073,-0.99462890625
5074,3.512451171874999
5075,79.37548828125
5076,84.5029296875
5077,175.143310546875
5078,-26.66650390625
5079,-81.13818359375
5080,43.27099609375
5081,93.104736328125
5082,-35.767822265625
5083,-69.98046875
5084,-14.005859375
5085,-19.70556640625
5086,2.903564453125
5087,17.274169921875
5088,2.968017578125
5089,152.859375
5090,46.156982421875
5091,29.11962890625
5092,2.81787109375
5093,45.54638671875
5094,4.188964843750002
5095,35.00830078125
5096,51.712646484375
5097,14.464111328125
5098,-17.805419921875
5099,-40.378173828125
5100,39.19189453125001
5101,5.1494140625
5102,33.6171875
5103,22.864013671875
5104,161.653564453125
5105,56.60058593749999
5106,-30.004150390625
5107,42.070556640625
5108,67.96044921875
5109,59.25048828125
5110,-17.087646484375
5111,-24.7744140625
5112,-54.889404296875
5113,-44.794677734375
5114,-4.8857421875
5115,31.68505859375
5116,179.487548828125
5117,284.083984375
5118,-3.060791015625
5119,63.04833984375
5120,-41.2548828125
5121,-23.084716796875004
5122,-37.23779296875
5123,-43.30493164062499
5124,64.732177734375
5125,68.356201171875
5126,45.476806640625
5127,-32.639892578125014
5128,73.31640625
5129,-62.559326171875
5130,-33.89990234375
5131,-24.517578125
5132,-7.13330078125
5133,14.72412109375
5134,-81.014892578125
5135,-36.771240234375
5136,-19.699707031250004
5137,1.551513671875
5138,25.13330078125
5139,-49.72216796875
5140,78.99267578125
5141,-49.572998046875
5142,-49.932861328125
5143,5.72900390625
5144,22.543701171875
5145,-49.083984375
5146,-47.50048828125
5147,7.86181640625
5148,70.562744140625
5149,42.913330078125
5150,-2.8955078124999996
5151,24.84912109375
5152,11.333984375
5153,-39.41650390625
5154,-19.2900390625
5155,10.50634765625
5156,69.5078125
5157,32.308349609375
5158,244.029052734375
5159,-24.4033203125
5160,-39.495849609375
5161,54.714599609375
5162,76.46142578125
5163,-27.206787109375
5164,-15.4990234375
5165,-15.143798828125
5166,-27.987792968749996
5167,58.509033203125
5168,37.159423828125
5169,-112.094482421875
5170,-13.015869140625
5171,-14.827636718749998
5172,26.688476562500004
5173,-107.227783203125
5174,34.40576171875
5175,25.96630859375
5176,-164.195556640625
5177,-145.65673828125
5178,372.069091796875
5179,77.780517578125
5180,87.91015625
5181,-141.53173828125
5182,350.774658203125
5183,-17.754638671875
5184,-3.3503417968749982
5185,5.326904296875
5186,64.544189453125
5187,83.64453125
5188,-174.03271484375
5189,-173.090087890625
5190,59.89819335937501
5191,76.572265625
5192,-115.870361328125
5193,-103.9248046875
5194,-48.328857421875
5195,-22.355712890624996
5196,74.02685546875
5197,286.505859375
5198,335.39208984375
5199,-20.941894531250007
5200,60.798583984375
5201,47.25537109375
5202,58.323486328125
5203,-59.74951171875
5204,47.4365234375
5205,24.25537109375
5206,17.196533203125
5207,16.823486328125
5208,48.63745117187499
5209,26.270751953125
5210,15.82177734375
5211,5.6240234375
5212,58.347412109375
5213,30.494384765625
5214,-23.434326171875004
5215,13.05126953125
5216,-6.477294921875
5217,54.896484375
5218,-16.675292968750004
5219,26.79150390625
5220,27.927734375
5221,40.900146484375
5222,-2.818359375
5223,-57.408447265625
5224,26.671875
5225,-15.253662109375
5226,10.424560546875
5227,-57.156982421875
5228,32.1162109375
5229,54.44921875
5230,-14.023681640625
5231,29.64111328125
5232,-0.9118652343749992
5233,-6.0693359375
5234,-13.592041015625002
5235,13.42724609375
5236,-6.220703124999999
5237,23.927001953125
5238,83.71142578125
5239,69.799560546875
5240,59.03955078125
5241,9.469970703124998
5242,45.7587890625
5243,86.952392578125
5244,62.650634765625
5245,26.286865234375
5246,-94.283935546875
5247,-87.3671875
5248,-43.53759765625
5249,-14.611328125
5250,41.09228515625
5251,-20.065185546875
5252,-52.631103515625
5253,-32.945556640625
5254,49.723388671875
5255,37.8232421875
5256,-29.97314453125
5257,-65.316162109375
5258,26.955810546875
5259,29.276611328125
5260,12.398925781250002
5261,4.2900390625
5262,24.443115234375
5263,50.858642578125
5264,18.805908203124996
5265,39.29248046875
5266,5.924072265625
5267,0.171142578125
5268,-4.04296875
5269,29.830810546875
5270,64.269775390625
5271,6.8662109375
5272,-20.38232421875
5273,25.697265625
5274,23.2939453125
5275,-88.062744140625
5276,166.659423828125
5277,143.2197265625
5278,54.26171875
5279,71.402099609375
5280,168.512939453125
5281,139.6630859375
5282,-48.90185546874999
5283,-55.475341796875
5284,14.631591796875
5285,70.9892578125
5286,-63.92749023437499
5287,52.92504882812501
5288,56.436767578125
5289,70.662109375
5290,-52.222900390625
5291,-33.808349609375
5292,-29.404541015625
5293,68.892333984375
5294,9.398193359375
5295,3.541992187499997
5296,-24.90625
5297,-33.774658203125
5298,47.224365234375
5299,-12.6259765625
5300,55.55566406250001
5301,29.646484375
5302,5.753662109374999
5303,-77.35302734375
5304,6.65478515625
5305,1.347412109375
5306,13.02783203125
5307,-76.4560546875
5308,-20.625244140625
5309,116.35693359375
5310,78.395751953125
5311,-40.446044921875
5312,-54.3759765625
5313,65.109375
5314,41.36669921875
5315,-49.02490234375
5316,-45.062255859375
5317,69.1240234375
5318,6.75
5319,-62.10107421875
5320,13.7099609375
5321,11.5859375
5322,92.74121093749999
5323,-91.058349609375
5324,-50.70556640624999
5325,15.184814453125
5326,95.57421875
5327,-50.46679687499999
5328,-45.818603515625
5329,14.5595703125
5330,-21.807861328125
5331,-33.56884765625
5332,-24.432861328125
5333,-18.987548828125
5334,-18.4912109375
5335,-32.589111328125
5336,30.985107421875
5337,13.6318359375
5338,13.981201171875
5339,-4.237060546875
5340,2.5322265624999996
5341,29.9404296875
5342,31.947509765625
5343,23.213623046875
5344,-4.5771484375
5345,67.39599609375
5346,12.86279296875
5347,-13.667236328125
5348,-5.934814453125
5349,92.144287109375
5350,18.196044921875
5351,-1.8342285156250009
5352,0.7380371093750001
5353,85.17724609375
5354,-2.645263671875
5355,50.591552734375
5356,-25.888916015625
5357,43.205322265625
5358,22.620849609375
5359,-7.2900390625
5360,-4.91259765625
5361,29.78271484375
5362,30.385986328125
5363,22.50390625
5364,1.7041015625
5365,144.30810546875
5366,49.17993164062499
5367,-33.84375
5368,45.24560546874999
5369,95.226318359375
5370,42.211669921875
5371,-31.221191406250007
5372,37.54296875
5373,60.4658203125
5374,80.9794921875
5375,-3.311767578125
5376,-9.8193359375
5377,-13.357421875
5378,12.266113281250002
5379,4.938720703125
5380,-21.375244140625
5381,-45.374267578125
5382,9.020751953125
5383,66.001220703125
5384,-41.0732421875
5385,-42.840576171875
5386,-31.71875
5387,26.46826171875
5388,-35.31689453125
5389,-50.4697265625
5390,40.684326171875
5391,17.484619140625
5392,23.25
5393,21.428466796875004
5394,26.55078125
5395,27.547607421875
5396,20.865966796875004
5397,9.551025390625
5398,13.023925781250002
5399,-44.515380859375
5400,-16.799072265625
5401,58.63671875
5402,5.787841796874997
5403,-33.857177734375
5404,-17.521728515625
5405,55.400634765625
5406,-4.743652343750001
5407,-25.864013671875
5408,4.7373046875
5409,60.310302734375
5410,-14.537841796875
5411,28.419677734374996
5412,90.995849609375
5413,-160.608154296875
5414,-75.39819335937501
5415,36.879638671875
5416,105.138916015625
5417,-68.313232421875
5418,-63.4794921875
5419,113.378173828125
5420,1.9462890625
5421,-107.24121093749999
5422,61.410400390625
5423,164.15869140624997
5424,-5.80224609375
5425,-104.862060546875
5426,-70.407470703125
5427,73.6630859375
5428,-6.513671875000001
5429,43.602783203125
5430,20.47998046875
5431,-54.249267578125
5432,-15.2724609375
5433,55.70751953125
5434,-4.688232421875
5435,9.444091796875
5436,4.269287109375
5437,38.806884765625
5438,-50.92504882812501
5439,4.471923828125
5440,87.89990234374999
5441,119.37158203125
5442,-50.419921875
5443,8.651123046875
5444,121.31787109375
5445,33.051513671875
5446,68.54541015625
5447,-19.28076171875
5448,-36.105712890625
5449,-42.686767578125
5450,107.1396484375
5451,-25.3310546875
5452,-47.06933593749999
5453,-9.773193359375
5454,72.897216796875
5455,54.456787109375
5456,-23.903564453125
5457,-39.58618164062499
5458,-20.55126953125
5459,31.22412109375
5460,-12.444580078125
5461,-46.902099609375
5462,86.34912109375
5463,50.900146484375
5464,2.101318359375
5465,-16.051025390625
5466,-9.642333984374998
5467,69.212890625
5468,13.648193359375
5469,-4.800048828125
5470,12.978515625
5471,107.059326171875
5472,12.27001953125
5473,-1.2426757812499998
5474,7.07861328125
5475,14.813232421875
5476,-11.070068359375
5477,-12.3642578125
5478,9.9287109375
5479,25.962158203124996
5480,32.010986328125
5481,-7.506591796875
5482,57.96679687499999
5483,5.698974609375002
5484,-16.71826171875
5485,-9.126708984375
5486,37.028076171875
5487,12.480468750000002
5488,3.7619628906250036
5489,-1.393310546875
5490,56.18554687499999
5491,6.262451171875
5492,32.332763671875
5493,38.744873046875
5494,13.730468750000002
5495,-21.2060546875
5496,11.56884765625
5497,31.789306640625
5498,42.613037109375
5499,-21.63916015625
5500,-2.85498046875
5501,3.780029296875
5502,-17.93603515625
5503,234.888671875
5504,-7.4033203125
5505,0.5456542968749998
5506,-19.943359375
5507,19.388427734374996
5508,-8.416015625
5509,0.467041015625
5510,-9.245361328125
5511,19.108154296875
5512,-64.6044921875
5513,-3.760498046875
5514,-1.9077148437500009
5515,13.802001953125
5516,-17.88671875
5517,-14.1845703125
5518,-4.265869140625
5519,1.4565429687500002
5520,24.769775390625
5521,13.65625
5522,-2.68505859375
5523,-10.916259765625
5524,15.921142578125
5525,34.615478515625
5526,24.782958984375
5527,16.8857421875
5528,-20.29541015625
5529,-20.59326171875
5530,0.286376953125
5531,-1.4340820312500009
5532,-11.236328125
5533,-25.543701171875
5534,9.3720703125
5535,-2.4223632812500004
5536,6.392822265625
5537,17.584228515625
5538,6.13818359375
5539,-37.684326171875
5540,11.1435546875
5541,28.233642578125
5542,-1.087646484375
5543,27.076904296875
5544,34.86669921875
5545,0.8244628906250002
5546,8.83984375
5547,15.503173828125
5548,-50.85620117187499
5549,18.014892578125
5550,4.621826171875
5551,-3.01025390625
5552,2.19482421875
5553,17.44873046875
5554,7.33251953125
5555,3.662353515625
5556,1.4443359375
5557,26.576416015625
5558,6.349853515625
5559,5.781005859374999
5560,5.81298828125
5561,23.563232421875
5562,-15.869384765625
5563,-12.454345703125
5564,9.803955078125
5565,7.444091796875
5566,-21.096435546875
5567,-6.731689453125
5568,14.74072265625
5569,-5.097900390625001
5570,-12.314453125
5571,-12.778564453125
5572,-68.170654296875
5573,99.79541015625
5574,79.697509765625
5575,-18.617919921875
5576,-74.611083984375
5577,114.174072265625
5578,81.232421875
5579,-17.72216796875
5580,-90.59692382812501
5581,-3.0844726562499996
5582,21.4794921875
5583,21.275390625
5584,-32.84375
5585,-27.991455078125
5586,26.414306640625
5587,11.626220703125
5588,44.15478515625
5589,-22.641845703125
5590,-120.762451171875
5591,111.273681640625
5592,96.51513671875001
5593,5.815673828125
5594,-125.70263671875001
5595,106.511474609375
5596,101.97192382812501
5597,11.299560546875
5598,-124.656494140625
5599,122.46728515625
5600,-59.588623046875
5601,-46.19970703125
5602,51.954833984375
5603,127.722900390625
5604,-58.565185546875
5605,-39.618896484375
5606,-12.54248046875
5607,116.0390625
5608,62.778564453125
5609,-93.240478515625
5610,-91.425048828125
5611,-26.95068359375
5612,73.998779296875
5613,-96.17822265625
5614,-85.87158203125
5615,74.23583984375
5616,44.619873046875
5617,15.33447265625
5618,1.21875
5619,4.37353515625
5620,133.358154296875
5621,4.030029296875
5622,-3.620361328125
5623,-6.06884765625
5624,77.939453125
5625,7.296142578125
5626,-122.207275390625
5627,289.555908203125
5628,337.2255859375
5629,91.253662109375
5630,-95.116455078125
5631,277.68994140625
5632,313.2294921875
5633,-14.024414062500007
5634,-176.12841796875
5635,-2.849853515625
5636,-14.445800781250002
5637,-6.166503906249999
5638,-11.156005859375
5639,12.681884765625
5640,0.638671875
5641,-1.0937499999999998
5642,-12.31591796875
5643,8.823486328125
5644,15.225830078125
5645,31.019042968749996
5646,32.423583984375
5647,14.6669921875
5648,29.13232421875
5649,33.05078125
5650,35.10302734375
5651,96.95947265625
5652,40.67138671875
5653,86.484375
5654,-7.247802734375005
5655,-15.45751953125
5656,119.911865234375
5657,53.985107421875
5658,14.281005859375
5659,-15.154541015625002
5660,336.165771484375
5661,78.527587890625
5662,450.1318359375
5663,-48.562744140625
5664,-66.18798828125
5665,125.456787109375
5666,412.34423828125
5667,-62.870849609375
5668,-57.857666015625
5669,-9.510253906250005
5670,388.5625
5671,45.70947265625
5672,9.206787109375
5673,9.383544921875
5674,108.091552734375
5675,84.242431640625
5676,22.868896484375
5677,11.678955078125
5678,-93.741455078125
5679,70.106201171875
5680,-6.214111328125
5681,10.071533203125
5682,5.4111328125
5683,105.6767578125
5684,14.305175781250002
5685,7.1142578125
5686,4.22216796875
5687,101.347412109375
5688,0.455810546875
5689,69.548583984375
5690,-61.98974609375
5691,-47.78125
5692,21.752197265624996
5693,39.9072265625
5694,-49.67431640624999
5695,-45.537841796875
5696,59.536376953125
5697,60.24316406250001
5698,-31.209228515625
5699,96.9384765625
5700,65.948974609375
5701,32.459716796875
5702,-40.544189453125
5703,115.312255859375
5704,65.493896484375
5705,11.326416015624998
5706,-28.657226562500004
5707,-61.36743164062499
5708,77.467041015625
5709,105.870849609375
5710,-31.263671875
5711,-74.91552734375
5712,100.11279296875
5713,85.535400390625
5714,8.064208984375
5715,-75.85400390625
5716,78.64892578125
5717,-25.675292968749996
5718,-37.5390625
5719,7.43017578125
5720,50.4716796875
5721,-37.942138671875
5722,-22.268310546875
5723,9.8974609375
5724,74.720947265625
5725,35.010498046875
5726,6.622802734375
5727,14.95068359375
5728,14.74658203125
5729,20.892578125
5730,16.604736328125
5731,17.720947265625
5732,22.355224609375
5733,37.113525390625
5734,-3.592041015625
5735,0.7077636718750001
5736,-5.972412109374999
5737,25.484130859375
5738,4.442138671875
5739,2.122802734375
5740,2.57470703125
5741,5.26806640625
5742,-5.6396484375
5743,-24.797851562500004
5744,30.145263671875
5745,29.196533203124996
5746,40.23095703125
5747,-13.8544921875
5748,36.78564453125
5749,29.427001953125
5750,40.8203125
5751,-19.28759765625
5752,34.646484375
5753,-18.099365234375
5754,-27.254150390625
5755,21.7861328125
5756,64.446533203125
5757,-2.852783203125
5758,-31.444580078125
5759,-24.30126953125
5760,59.083984375
5761,-14.38916015625
5762,-4.959716796875
5763,-1.122802734375
5764,-63.801513671875
5765,-6.490966796875
5766,-16.280029296875
5767,-2.80078125
5768,-92.303955078125
5769,11.576171875
5770,72.26904296875
5771,-22.847900390625
5772,-16.605224609375
5773,-26.212890625
5774,38.609619140625
5775,-25.605224609375
5776,-7.576660156249998
5777,-104.097412109375
5778,47.64941406250001
5779,110.013427734375
5780,-64.486572265625
5781,-81.394775390625
5782,24.1337890625
5783,131.957763671875
5784,-72.20556640625
5785,-87.236572265625
5786,22.0087890625
5787,113.29541015625
5788,-55.42724609375
5789,84.83056640625
5790,76.582763671875
5791,7.168212890625001
5792,-66.0673828125
5793,95.20068359375
5794,93.50244140624999
5795,2.903076171875
5796,-82.7314453125
5797,4.02490234375
5798,16.810791015625
5799,19.9794921875
5800,-52.018310546875
5801,-14.525634765625
5802,7.904052734375
5803,25.159667968749996
5804,-80.55810546875
5805,0.6086425781250004
5806,-65.32373046875
5807,75.19970703125
5808,80.935791015625
5809,32.841796875
5810,-39.326416015625
5811,87.988525390625
5812,72.30078125
5813,67.29345703125
5814,-36.288818359375
5815,14.511962890625
5816,18.02880859375
5817,35.74072265625
5818,-41.07861328125
5819,-11.658447265625
5820,23.008056640625
5821,38.2333984375
5822,-10.175537109375
5823,6.130859375000001
5824,183.375244140625
5825,-120.33251953125001
5826,-134.177978515625
5827,45.548095703125
5828,149.12011718750003
5829,-121.79150390625
5830,-135.391845703125
5831,12.372802734375
5832,207.11376953125003
5833,-65.933837890625
5834,111.928466796875
5835,78.44384765625
5836,13.999511718750002
5837,-60.907958984375
5838,102.35791015625
5839,77.2841796875
5840,3.460693359375
5841,-53.079833984375
5842,61.982666015625
5843,-24.32275390625
5844,-33.584228515625
5845,-2.277099609375
5846,41.779541015625
5847,-21.04296875
5848,-30.9560546875
5849,8.31005859375
5850,59.682373046875
5851,3.269775390625
5852,-4.38330078125
5853,-7.378662109374999
5854,-80.23828125
5855,-3.452880859375
5856,-21.67041015625
5857,-13.718994140625
5858,-79.230224609375
5859,7.12939453125
5860,32.830078125
5861,-19.36669921875
5862,-13.44384765625
5863,64.92529296875
5864,32.941650390625
5865,-6.649658203125
5866,-30.260986328125
5867,124.467041015625
5868,22.161376953125
5869,11.1337890625
5870,16.86669921875
5871,0.431884765625
5872,33.27099609375
5873,12.741455078125
5874,21.096435546875
5875,6.903564453125
5876,55.66308593749999
5877,14.305175781250002
5878,-17.231689453125
5879,30.756103515625
5880,20.2626953125
5881,-50.0400390625
5882,-32.9736328125
5883,29.702392578125
5884,30.751953125
5885,-10.8173828125
5886,-56.279541015625
5887,-10.828613281250002
5888,-12.809326171875
5889,-10.378173828125
5890,9.97900390625
5891,-16.49072265625
5892,-19.2861328125
5893,-11.852294921875
5894,-28.144287109375
5895,3.74169921875
5896,17.94189453125
5897,-63.140380859375
5898,-26.874023437499996
5899,-52.468017578125
5900,77.42724609375
5901,-44.4599609375
5902,-28.68115234375
5903,-152.95947265625
5904,48.9287109375
5905,23.023437500000004
5906,73.5615234375
5907,81.717529296875
5908,7.802978515625
5909,30.548828125
5910,94.784912109375
5911,73.194091796875
5912,-10.537353515625002
5913,29.625244140625
5914,41.23437500000001
5915,-21.30126953125
5916,-50.597412109375
5917,33.796142578125
5918,51.67578125
5919,-27.9287109375
5920,-43.72900390625
5921,33.5107421875
5922,31.9306640625
5923,35.999755859375
5924,22.339111328125
5925,-50.418212890625
5926,-55.64404296875
5927,5.646240234375
5928,-6.659912109374999
5929,-42.713134765625
5930,-109.21728515625
5931,38.4580078125
5932,0.1772460937499991
5933,-11.1162109375
5934,-7.337890624999999
5935,36.702880859375
5936,-1.9980468749999998
5937,-4.794677734375
5938,-14.086425781250002
5939,10.58251953125
5940,-1.708740234375
5941,-54.098876953125
5942,51.789794921875
5943,90.06494140624999
5944,54.91064453125001
5945,-30.94580078125
5946,44.407958984375
5947,59.094482421875
5948,-5.102783203125003
5949,6.973388671875
5950,38.529052734375
5951,12.722900390625002
5952,14.600830078125
5953,57.004150390625
5954,21.78125
5955,21.768798828125
5956,-1.130859375
5957,-45.122314453125
5958,31.751220703125
5959,-12.058349609375
5960,-27.84765625
5961,-2.912841796875
5962,-74.4775390625
5963,-18.858398437499996
5964,-12.333740234375
5965,-18.083984375
5966,-86.96069335937501
5967,-8.533935546875
5968,19.385498046875
5969,-20.743896484375
5970,-18.164306640625
5971,32.5556640625
5972,24.76416015625
5973,-25.087890625
5974,-41.982177734375
5975,-89.280517578125
5976,33.53466796875
5977,-30.63818359375
5978,17.67626953125
5979,-1.8725585937500002
5980,-3.5283203124999996
5981,-23.66748046875
5982,25.566650390625
5983,11.163330078125
5984,23.80517578125
5985,-40.770263671875
5986,4.3203125
5987,7.342529296875
5988,23.97509765625
5989,84.102294921875
5990,10.5859375
5991,7.8701171875
5992,26.418212890625
5993,68.259765625
5994,31.878662109375
5995,53.631103515625
5996,-20.44775390625
5997,-18.72119140625
5998,-14.4482421875
5999,57.0947265625
6000,-6.22412109375
6001,-22.00146484375
6002,53.24462890625
6003,10.718017578125
6004,-63.002685546875
6005,109.731689453125
6006,89.546142578125
6007,20.400146484375
6008,-57.926025390625
6009,99.2041015625
6010,90.396484375
6011,-3.3608398437500036
6012,-77.734375
6013,-2.730468750000002
6014,128.1923828125
6015,129.6015625
6016,-85.81201171875
6017,10.377441406249996
6018,137.70361328125
6019,111.224609375
6020,-63.74560546874999
6021,44.619873046875
6022,40.5185546875
6023,-31.54638671875
6024,11.963134765625
6025,-16.8857421875
6026,81.671630859375
6027,-40.107177734375
6028,0.8415527343750008
6029,-96.647216796875
6030,60.92626953125
6031,-18.046630859375
6032,-22.515869140625
6033,-7.382568359374999
6034,16.5234375
6035,17.812255859375
6036,-33.230712890625
6037,-20.2158203125
6038,-17.62890625
6039,48.82958984375
6040,1.4799804687500002
6041,-3.165771484375
6042,-0.445068359375
6043,9.19482421875
6044,16.53173828125
6045,16.090576171875
6046,2.72802734375
6047,18.485351562500004
6048,34.148193359375
6049,32.302490234375
6050,36.457275390625
6051,-63.336669921875
6052,-4.77294921875
6053,14.4814453125
6054,43.0732421875
6055,-48.409423828125
6056,26.234130859375
6057,-2.6093749999999987
6058,8.9580078125
6059,66.921142578125
6060,32.537353515625
6061,-74.863525390625
6062,23.951171875
6063,50.277099609375
6064,29.831542968749996
6065,-26.833740234375
6066,-1.6037597656250002
6067,16.234130859375
6068,11.055908203125
6069,-22.893798828125
6070,-4.265380859375
6071,24.097412109375
6072,6.468994140625001
6073,-15.577880859375
6074,-0.200927734375
6075,2.516845703125
6076,64.74462890625
6077,-19.274658203124996
6078,-16.57421875
6079,-2.365722656250001
6080,64.220947265625
6081,-15.1025390625
6082,-12.554199218749998
6083,6.911865234375
6084,56.326171875
6085,-20.597412109375004
6086,70.641845703125
6087,76.998046875
6088,24.085937500000004
6089,39.883544921875
6090,56.86499023437499
6091,96.1025390625
6092,40.19506835937501
6093,-8.1337890625
6094,32.191162109375
6095,-52.092041015625
6096,-37.30517578125
6097,-12.866455078125
6098,22.28955078125
6099,-35.99072265625
6100,-51.15625
6101,-8.90771484375
6102,61.20947265625
6103,60.127197265625
6104,41.5087890625
6105,26.262939453125
6106,18.380859375
6107,47.498291015625
6108,29.762451171875
6109,7.69970703125
6110,25.328857421875
6111,27.084228515625
6112,-9.859130859375
6113,-0.30224609374999967
6114,-12.65087890625
6115,40.022705078125
6116,19.058349609375
6117,-13.77001953125
6118,-9.516357421875
6119,36.652587890625
6120,-7.59423828125
6121,-6.904541015625
6122,24.3125
6123,19.86865234375
6124,79.64672851562499
6125,12.021728515625002
6126,20.939453125
6127,12.669921875
6128,58.31494140625
6129,9.674560546875
6130,46.906494140625
6131,-28.234619140625
6132,-42.88818359375001
6133,2.8107910156250004
6134,85.69140625000001
6135,-21.3095703125
6136,-43.226806640625
6137,-41.673828125
6138,43.564697265625
6139,90.5615234375
6140,-81.456298828125
6141,-80.9619140625
6142,-1.1523437500000009
6143,82.003173828125
6144,-84.72192382812501
6145,-76.22363281249999
6146,-5.347656250000001
6147,77.987548828125
6148,-35.7548828125
6149,9.71533203125
6150,27.933837890625
6151,-28.028564453125
6152,-8.771240234375
6153,13.227783203125
6154,27.953125
6155,62.25048828125
6156,-1.709228515625
6157,46.3330078125
6158,-25.050537109375
6159,-29.168212890625
6160,-66.053466796875
6161,48.482421875
6162,-37.684814453125
6163,-26.07861328125
6164,-47.59375
6165,51.342041015625
6166,-22.8095703125
6167,64.2548828125
6168,66.825927734375
6169,-141.718994140625
6170,-22.363525390625
6171,51.7841796875
6172,55.94775390625
6173,-35.201171875
6174,-7.965332031250002
6175,97.435791015625
6176,-62.095458984375
6177,-49.989013671875
6178,-8.359619140625
6179,56.17993164062499
6180,-60.167236328125
6181,-67.431884765625
6182,73.409423828125
6183,48.86962890625
6184,11.912109375
6185,11.77685546875
6186,7.1328125
6187,86.200927734375
6188,17.28662109375
6189,21.47412109375
6190,-4.008544921875
6191,112.60888671875
6192,9.74560546875
6193,-8.6923828125
6194,-18.909667968749996
6195,13.88623046875
6196,9.2353515625
6197,61.214599609375
6198,-6.942138671875
6199,22.489013671875
6200,4.310546875
6201,40.17041015625
6202,-1.8530273437499996
6203,13.406494140625
6204,-1.5590820312499998
6205,73.450927734375
6206,-14.305908203125
6207,12.857177734375
6208,8.0966796875
6209,52.613037109375
6210,-7.944580078125
6211,63.46191406250001
6212,-23.784667968750007
6213,-44.410888671875
6214,-10.077880859375
6215,105.08447265625
6216,-25.537353515625004
6217,-38.792724609375
6218,52.87304687499999
6219,-12.265380859375
6220,-14.1640625
6221,66.83203125
6222,56.646728515625
6223,8.359130859375
6224,6.515625
6225,78.16162109375
6226,70.640380859375
6227,39.35620117187499
6228,-10.906005859375
6229,-1.7255859375
6230,-3.999755859375
6231,10.59716796875
6232,2.264404296875
6233,-16.857421875
6234,-5.62255859375
6235,0.240234375
6236,-11.137451171875
6237,-10.721435546875
6238,-22.302001953125
6239,15.940673828125
6240,43.439697265625
6241,15.250732421875
6242,-11.5556640625
6243,-2.008544921875
6244,46.864013671875
6245,17.895751953125
6246,-3.20263671875
6247,22.44384765625
6248,10.8994140625
6249,8.163330078125
6250,7.417236328125
6251,29.1923828125
6252,-3.953857421875
6253,8.212646484375
6254,-10.410400390625
6255,8.38134765625
6256,-3.802490234375
6257,14.220458984374998
6258,37.25341796875
6259,64.74462890625
6260,-24.317138671875
6261,19.996582031250004
6262,31.747314453125
6263,92.7001953125
6264,-23.375976562500004
6265,95.366943359375
6266,-80.07617187499999
6267,-75.607177734375
6268,44.9638671875
6269,86.65136718750001
6270,-90.470703125
6271,-80.786376953125
6272,0.8654785156249999
6273,98.609619140625
6274,62.65234375
6275,-8.596191406249998
6276,-23.691162109375
6277,-8.721435546875
6278,48.57861328125
6279,5.06103515625
6280,-21.418212890625
6281,-18.154052734375
6282,0.306640625
6283,-10.432128906250002
6284,48.81005859375
6285,72.156005859375
6286,-32.05615234375
6287,15.825439453125
6288,38.1240234375
6289,101.56591796875
6290,-0.31323242187500044
6291,-0.12670898437499822
6292,79.04931640625
6293,34.37109375000001
6294,-6.48828125
6295,74.3994140625
6296,109.69091796875
6297,35.51538085937499
6298,3.4633789062499982
6299,239.007568359375
6300,41.144287109375
6301,-16.765625
6302,32.458740234375
6303,25.631103515625
6304,27.7861328125
6305,-0.8540039062499997
6306,41.766357421875
6307,19.550048828125
6308,103.44580078125
6309,-16.88671875
6310,-31.972900390625
6311,37.91845703125
6312,21.764404296875
6313,-11.286865234375
6314,-22.6669921875
6315,15.35498046875
6316,49.74267578125
6317,24.217773437499996
6318,-33.926025390625
6319,-63.25146484375
6320,132.096435546875
6321,112.63720703125
6322,3.924560546875
6323,-86.903564453125
6324,125.294189453125
6325,114.3896484375
6326,20.01806640625
6327,-77.526611328125
6328,-6.357177734375
6329,104.41650390625
6330,93.07275390625
6331,237.12670898437497
6332,-22.5712890625
6333,101.558837890625
6334,88.77319335937501
6335,85.984619140625
6336,-7.827148437500001
6337,61.53881835937501
6338,-29.640869140625
6339,-30.39599609375
6340,136.221435546875
6341,62.671142578125
6342,-43.5546875
6343,-37.723876953125
6344,126.038330078125
6345,74.631103515625
6346,28.616455078125
6347,23.225341796875004
6348,33.49609375
6349,-24.06201171875
6350,22.609375
6351,21.8095703125
6352,29.39111328125
6353,-9.329833984374998
6354,19.814208984375
6355,4.302490234375
6356,2.82177734375
6357,2.30419921875
6358,-88.94970703125
6359,11.397705078125
6360,14.798828125
6361,2.213134765625
6362,-99.67236328124999
6363,0.41259765625
6364,-82.39013671875001
6365,102.14599609375
6366,96.293701171875
6367,-3.329833984375
6368,-71.609619140625
6369,94.71386718750001
6370,101.463623046875
6371,5.97900390625
6372,-76.677490234375
6373,40.615966796875
6374,20.962158203124996
6375,19.74560546875
6376,-14.088134765625
6377,26.776123046875
6378,11.435546875
6379,6.03857421875
6380,-22.54150390625
6381,14.462890625
6382,-65.022216796875
6383,73.90380859375
6384,65.781982421875
6385,2.345947265625
6386,-71.76806640625
6387,81.210205078125
6388,66.106689453125
6389,5.329833984375
6390,-57.18310546874999
6391,147.708984375
6392,-96.09619140625
6393,-92.650390625
6394,20.456787109375
6395,157.962646484375
6396,-100.265380859375
6397,-95.434326171875
6398,2.224365234375
6399,144.95166015625
6400,-12.650146484374998
6401,-2.661865234375
6402,-8.5771484375
6403,-34.85546875
6404,8.888916015625
6405,1.13671875
6406,-11.642822265625
6407,55.42919921875
6408,12.76123046875
6409,87.78076171875
6410,-98.48193359375
6411,-98.347900390625
6412,-29.89990234375
6413,90.643798828125
6414,-98.1416015625
6415,-105.965087890625
6416,56.36376953125
6417,75.531005859375
6418,32.64990234375
6419,-44.096923828125
6420,-46.819091796875
6421,-23.315185546875
6422,7.908203124999999
6423,-44.10375976562501
6424,-47.514404296875
6425,36.076171875
6426,29.043701171875
6427,-50.28247070312499
6428,-5.552490234375
6429,10.481689453125
6430,-34.19775390625
6431,-23.253417968749996
6432,-3.0524902343749996
6433,-8.950927734375
6434,-11.414306640625
6435,-42.00244140625
6436,97.882568359375
6437,-67.75927734375
6438,-74.304443359375
6439,9.085693359375
6440,88.6259765625
6441,-77.09716796875
6442,-92.55615234375
6443,23.49951171875
6444,100.980224609375
6445,3.681884765625
6446,22.351318359375
6447,21.618408203124996
6448,17.898193359375
6449,34.4462890625
6450,11.79443359375
6451,24.38037109375
6452,-26.43359375
6453,14.48974609375
6454,22.714599609375
6455,-39.7509765625
6456,9.484619140625
6457,5.041748046874997
6458,58.8486328125
6459,-30.024658203124996
6460,9.04443359375
6461,-158.01953125
6462,79.36474609375
6463,-156.164794921875
6464,85.839111328125
6465,187.708984375
6466,71.47802734375
6467,-106.255126953125
6468,98.242919921875
6469,214.13623046874997
6470,6.125244140625001
6471,-138.792236328125
6472,-10.586425781250002
6473,-22.67822265625
6474,-25.09912109375
6475,-2.32568359375
6476,-3.481201171875
6477,-33.619873046875
6478,-15.890869140625
6479,24.68017578125
6480,-16.430419921875
6481,-10.675537109375
6482,-64.560302734375
6483,-25.064208984375
6484,9.674072265624996
6485,-16.0966796875
6486,-62.477294921875
6487,-20.517822265625004
6488,4.404541015625
6489,-10.82373046875
6490,-22.224853515625
6491,-22.0029296875
6492,-11.343505859375
6493,-17.458251953125
6494,-10.136962890625
6495,-21.561279296875
6496,-25.085937500000004
6497,-67.54443359375
6498,-12.77490234375
6499,-66.704833984375
6500,147.864990234375
6501,146.099365234375
6502,87.683349609375
6503,-25.3525390625
6504,162.960693359375
6505,156.0908203125
6506,8.458251953124993
6507,-55.4765625
6508,-17.273193359375
6509,77.6201171875
6510,56.38671875
6511,-33.76904296875
6512,-33.31787109375
6513,72.326171875
6514,60.4736328125
6515,-19.62353515625
6516,-34.588134765625
6517,-95.0634765625
6518,119.2392578125
6519,113.155029296875
6520,5.489990234374998
6521,-89.29882812500001
6522,113.094970703125
6523,108.61328125
6524,9.22119140625
6525,-94.380126953125
6526,22.15673828125
6527,-29.1845703125
6528,-30.31298828125
6529,-33.756103515625
6530,28.821044921875
6531,-28.347412109375
6532,-24.486083984375
6533,9.913330078125
6534,24.682861328125
6535,-19.815917968749996
6536,3.6015625
6537,-37.12377929687501
6538,-25.3818359375
6539,2.7265625
6540,1.1345214843750009
6541,-13.175048828125
6542,49.19995117187499
6543,14.516845703125
6544,100.95654296875
6545,-101.54833984375
6546,-94.907470703125
6547,-27.867919921875
6548,112.979736328125
6549,-93.97802734375
6550,-107.183837890625
6551,66.862060546875
6552,100.03271484375
6553,101.58837890625
6554,-48.63916015625
6555,-46.01806640624999
6556,-40.7822265625
6557,74.710205078125
6558,-34.306884765625
6559,-48.57275390625
6560,8.888671875
6561,91.285888671875
6562,-62.837646484375
6563,61.2294921875
6564,47.142333984375
6565,16.34423828125
6566,-47.2109375
6567,65.11083984375
6568,70.205810546875
6569,4.994384765625
6570,-40.826904296875
6571,-30.15087890625
6572,69.503173828125
6573,83.94677734375
6574,10.038574218749998
6575,-19.690917968749996
6576,75.35009765625001
6577,73.642578125
6578,-7.727783203125
6579,-37.983154296875
6580,24.922607421875
6581,-10.60693359375
6582,-10.7890625
6583,79.63232421875
6584,30.00390625
6585,-7.1669921875
6586,-17.152099609375
6587,128.346923828125
6588,4.435546875
6589,61.652099609375
6590,-14.156494140625002
6591,-18.27294921875
6592,31.11767578125
6593,60.43701171875
6594,-23.293457031250004
6595,0.6032714843749987
6596,37.656005859375
6597,84.762939453125
6598,9.989501953125
6599,-24.5908203125
6600,15.74755859375
6601,60.958984375
6602,-9.71435546875
6603,-7.016357421875
6604,-10.7412109375
6605,58.39941406250001
6606,-8.540771484375
6607,-33.00341796875
6608,-42.48486328125
6609,-32.373291015625
6610,-5.22900390625
6611,-21.253417968749996
6612,-19.159912109375
6613,-30.574462890625
6614,-14.406005859375
6615,-18.599609375
6616,30.826416015625
6617,19.924072265625004
6618,6.551025390625001
6619,-3.893310546875
6620,36.113037109375
6621,30.52001953125
6622,11.885986328125
6623,28.360107421875
6624,31.46337890625
6625,-51.2529296875
6626,74.8896484375
6627,62.60107421875
6628,26.720703125
6629,-45.38916015625
6630,69.361572265625
6631,63.32177734375
6632,-15.29052734375
6633,-34.681396484375
6634,99.137939453125
6635,-101.7490234375
6636,-108.93310546875
6637,14.558593750000002
6638,79.82373046875
6639,-96.88330078125
6640,-102.207763671875
6641,37.9140625
6642,88.056640625
6643,-5.70556640625
6644,-0.6311035156249999
6645,-12.830078125
6646,7.10302734375
6647,-5.729248046875
6648,3.42333984375
6649,1.379150390625
6650,35.1669921875
6651,9.824951171875
6652,-14.781982421875
6653,46.44995117187499
6654,38.96923828125
6655,-36.077880859375
6656,-25.156494140625
6657,53.664794921875
6658,34.165771484375
6659,-18.859375
6660,-17.250732421875
6661,34.95361328125
6662,-27.421875
6663,-18.22802734375
6664,72.839111328125
6665,25.042724609375
6666,-43.472412109375
6667,-24.399169921875
6668,101.21923828125
6669,32.914794921875
6670,16.598388671875
6671,-1.8786621093749998
6672,6.727294921875002
6673,-63.3798828125
6674,9.11767578125
6675,17.09814453125
6676,5.45361328125
6677,-3.548583984375
6678,1.332763671875
6679,12.3984375
6680,-10.01904296875
6681,7.541015624999999
6682,59.58349609375
6683,-13.490966796875
6684,-10.073486328125
6685,-3.77685546875
6686,69.432861328125
6687,2.31201171875
6688,-41.63525390625
6689,79.68212890625
6690,42.536376953125
6691,34.9609375
6692,-70.787841796875
6693,74.912353515625
6694,60.0546875
6695,1.128173828125
6696,-70.830810546875
6697,-12.915771484374998
6698,8.429931640625002
6699,10.786865234375
6700,64.7509765625
6701,7.86376953125
6702,-5.45068359375
6703,2.6611328124999996
6704,61.07666015625
6705,15.437011718749998
6706,79.342529296875
6707,-43.0390625
6708,-21.48681640625
6709,-2.96337890625
6710,92.385009765625
6711,-18.335693359375
6712,-35.681640625
6713,48.834716796875
6714,74.020751953125
6715,20.558837890625
6716,46.7080078125
6717,67.849365234375
6718,-23.54541015625
6719,29.57177734375
6720,45.862060546875
6721,83.527099609375
6722,-21.803955078125
6723,9.3095703125
6724,46.5859375
6725,15.67626953125
6726,20.715576171875
6727,9.476074218749998
6728,42.5087890625
6729,19.412841796875004
6730,22.465576171875
6731,16.325927734375
6732,49.544677734375
6733,19.538818359375
6734,-14.83349609375
6735,-22.658447265625004
6736,20.651611328125
6737,9.477783203125
6738,-25.748291015625
6739,-30.367919921875
6740,69.717529296875
6741,23.97705078125
6742,34.546875
6743,80.85009765625001
6744,56.30004882812501
6745,10.756591796874998
6746,15.833251953125
6747,74.05517578125
6748,69.427734375
6749,-32.7451171875
6750,13.59619140625
6751,-4.362792968750001
6752,-14.293212890625
6753,2.5625
6754,15.323974609375
6755,-1.9409179687500002
6756,-18.114501953125
6757,9.48291015625
6758,15.187744140625
6759,-8.79638671875
6760,82.6474609375
6761,-79.13061523437499
6762,-77.33251953125001
6763,-16.66943359375
6764,73.114013671875
6765,-84.709716796875
6766,-73.9990234375
6767,28.0498046875
6768,88.156005859375
6769,19.99609375
6770,115.1708984375
6771,106.86621093749999
6772,-99.6171875
6773,29.037841796875004
6774,103.77490234374999
6775,104.718505859375
6776,-66.746337890625
6777,38.134521484375
6778,-0.7170410156249999
6779,-2.857421875
6780,0.45507812499999956
6781,98.559814453125
6782,17.06884765625
6783,-6.205078124999999
6784,-8.325927734375
6785,76.353515625
6786,15.989990234375
6787,51.618408203125
6788,-77.741943359375
6789,-60.457763671875
6790,7.41845703125
6791,46.798095703125
6792,-69.060302734375
6793,-67.151123046875
6794,42.22265625
6795,43.036865234375
6796,24.079833984375
6797,-41.1044921875
6798,-51.1572265625
6799,58.68627929687501
6800,31.911865234375
6801,-50.04052734375
6802,-52.72607421875
6803,108.373291015625
6804,11.476074218749998
6805,45.15234375
6806,-13.36376953125
6807,-2.516357421875
6808,-63.394287109375
6809,60.59130859375
6810,-5.406494140625001
6811,-9.860595703125
6812,-13.319824218749998
6813,68.376953125
6814,26.21337890625
6815,-43.744384765625
6816,-28.526611328125
6817,87.025390625
6818,53.44287109375
6819,-41.334716796875
6820,-45.601806640625
6821,137.988037109375
6822,54.484130859375
6823,-6.607666015625
6824,42.41455078125
6825,51.270751953125
6826,45.956787109375
6827,-15.757568359375
6828,46.890380859375
6829,51.73388671875
6830,-10.613525390625
6831,-9.011474609375
6832,-49.681396484375
6833,39.275634765625
6834,47.17724609375
6835,10.996337890625
6836,-48.078857421875
6837,34.84765625
6838,35.851806640625
6839,90.226318359375
6840,-56.34716796875
6841,67.233642578125
6842,-20.7900390625
6843,-4.503173828125
6844,-0.76220703125
6845,94.47802734375
6846,-26.1474609375
6847,-22.176513671875
6848,23.007080078125
6849,68.51904296875
6850,3.001953124999996
6851,91.9677734375
6852,64.778564453125
6853,18.748046875
6854,0.9841308593749996
6855,80.940185546875
6856,63.671630859375
6857,-22.237060546875
6858,-0.5290527343750093
6859,9.61181640625
6860,8.99853515625
6861,5.475830078125
6862,18.850830078125
6863,18.548828125
6864,4.568603515625
6865,9.955810546875
6866,34.439208984375
6867,1.432373046875
6868,11.450439453125
6869,-11.415283203125
6870,-14.49560546875
6871,-75.0419921875
6872,20.251220703125
6873,1.943115234375
6874,-10.5693359375
6875,-5.294677734375
6876,29.87744140625
6877,-15.670166015625002
6878,-4.215087890625
6879,1.788330078125
6880,-9.0205078125
6881,-12.907958984374998
6882,-10.779052734375
6883,4.73046875
6884,3.228027343749999
6885,-5.865234375000001
6886,9.291992187499996
6887,37.855224609375
6888,70.156494140625
6889,-39.30029296875
6890,-2.959472656250002
6891,38.577880859375
6892,52.971923828125
6893,-55.3046875
6894,-4.913330078125003
6895,-37.732177734375
6896,35.79638671875
6897,29.672119140625
6898,6.8559570312499964
6899,-60.33544921875
6900,25.74853515625
6901,28.11962890625
6902,11.21240234375
6903,-60.968994140625
6904,-5.565917968750001
6905,-16.760009765625
6906,-7.11669921875
6907,-8.331542968750004
6908,-31.484619140625
6909,-24.742919921875
6910,-5.962890624999999
6911,-11.044921875
6912,-30.611083984375
6913,-33.16552734375
6914,32.939697265625
6915,46.4912109375
6916,6.450195312499996
6917,-54.783935546875
6918,35.6650390625
6919,52.54687500000001
6920,7.092529296875
6921,-58.54150390625
6922,-17.868896484375
6923,17.1318359375
6924,24.36572265625
6925,-36.829345703125
6926,-34.214111328125
6927,33.897216796875
6928,31.23974609375
6929,3.624267578125
6930,-37.689208984375
6931,30.64697265625
6932,-13.108886718749998
6933,-4.158203125
6934,35.99365234375
6935,54.805419921875
6936,0.01806640625
6937,5.300048828125
6938,-19.744140625
6939,36.486328125
6940,9.037353515625
6941,3.288330078125
6942,-16.818603515625
6943,21.13037109375
6944,1.04248046875
6945,-10.737548828125
6946,-9.946533203125
6947,16.174072265625
6948,-21.23486328125
6949,-17.119873046875
6950,-18.487548828125
6951,3.855224609375
6952,-3.7841796875000004
6953,-8.87548828125
6954,-22.924560546875
6955,-1.7705078125
6956,22.90576171875
6957,11.268798828125
6958,-17.1201171875
6959,0.531005859375
6960,-2.903564453125
6961,-7.847656250000002
6962,-24.0048828125
6963,-4.266357421875002
6964,-5.580078124999999
6965,3.32861328125
6966,-34.525390625
6967,29.137207031250004
6968,48.641357421875
6969,78.302490234375
6970,174.4072265625
6971,40.671630859375
6972,30.549560546875
6973,63.488037109375
6974,21.503662109375
6975,1.714111328124996
6976,-4.005615234375
6977,-33.713134765625
6978,15.921386718749998
6979,33.677978515625
6980,74.888427734375
6981,-25.384033203124996
6982,18.563476562500004
6983,-114.150146484375
6984,75.98681640625
6985,-33.685302734375
6986,52.261474609375
6987,39.677734375
6988,-41.68627929687501
6989,-11.337890625
6990,60.73486328125
6991,41.56005859375
6992,-7.665283203125
6993,-28.773193359375
6994,-45.968017578125
6995,39.17504882812501
6996,58.681396484375
6997,28.9580078125
6998,-68.3271484375
6999,52.409912109375
7000,51.635498046875
7001,-6.963623046875
7002,-79.49755859375001
7003,62.142578125
7004,-2.04248046875
7005,17.960693359375
7006,35.767822265625
7007,22.69287109375
7008,16.68017578125
7009,18.34423828125
7010,-21.44140625
7011,49.910400390625
7012,37.7607421875
7013,-16.703369140625
7014,-3.255615234375
7015,29.43505859375
7016,2.793212890625
7017,-29.9560546875
7018,-25.793212890625
7019,86.32934570312499
7020,18.695556640625
7021,7.595458984374995
7022,4.0
7023,73.742919921875
7024,-107.093994140625
7025,31.560791015625
7026,12.446533203125
7027,62.48974609375
7028,-16.734619140625
7029,-47.062255859375
7030,6.401611328125
7031,-44.10937500000001
7032,10.812744140625
7033,27.351562499999996
7034,-6.7431640625
7035,-43.5078125
7036,19.765869140625
7037,-83.53613281249999
7038,-60.381103515625
7039,71.795166015625
7040,-22.427978515625
7041,-22.457275390625
7042,21.170654296875
7043,28.57666015625
7044,-13.125732421875
7045,-28.01025390625
7046,22.4951171875
7047,26.76953125
7048,-4.731933593750002
7049,30.25634765625
7050,105.93603515625
7051,-31.844482421875
7052,-32.654052734375
7053,32.32763671875
7054,112.191650390625
7055,-22.114501953125
7056,-39.34252929687501
7057,6.926269531250002
7058,103.6875
7059,103.169189453125
7060,-171.35302734375
7061,5.345947265624986
7062,105.277099609375
7063,79.109375
7064,-131.505126953125
7065,14.24072265625
7066,-33.9560546875
7067,-15.93994140625
7068,19.386474609375
7069,-25.277587890625
7070,13.557861328125
7071,-19.5888671875
7072,18.453125
7073,-5.067626953125
7074,45.222412109375
7075,-3.760498046875
7076,50.4208984375
7077,35.6259765625
7078,-24.34130859375
7079,-33.328369140625
7080,29.51806640625
7081,47.53515625
7082,2.316650390625
7083,-4.13427734375
7084,35.265380859375
7085,-38.873291015625
7086,62.111328125
7087,31.46728515625
7088,28.49609375
7089,-41.448486328125
7090,50.16333007812499
7091,135.29296875
7092,52.99804687499999
7093,68.75146484375
7094,-15.759033203125
7095,-30.893798828125
7096,57.650390625
7097,35.55322265625
7098,-17.888671875
7099,-47.6748046875
7100,6.735839843749998
7101,-28.092773437499996
7102,1.5319824218749998
7103,-0.3413085937500018
7104,17.9638671875
7105,-1.377685546875
7106,22.613037109375
7107,-1.6889648437499991
7108,18.61962890625
7109,-39.883544921875
7110,24.999267578125
7111,-14.484130859375
7112,7.745361328125
7113,28.9111328125
7114,-21.093994140625
7115,0.9599609374999997
7116,-4.115234375
7117,4.545166015625
7118,6.66845703125
7119,-16.88671875
7120,-11.503906249999998
7121,39.1123046875
7122,10.187988281250002
7123,11.757324218749998
7124,14.145751953125
7125,30.682861328125
7126,-2.13330078125
7127,-15.413330078125
7128,-5.652587890625001
7129,9.797607421875
7130,-13.582763671875
7131,12.9052734375
7132,13.8369140625
7133,6.11962890625
7134,-23.40234375
7135,5.307861328125
7136,67.363037109375
7137,-4.672119140625001
7138,10.892333984374998
7139,-7.93310546875
7140,39.06372070312499
7141,21.9267578125
7142,-1.967041015625
7143,-4.472412109375
7144,28.673828125
7145,-4.342041015625001
7146,23.577392578125
7147,59.34033203125
7148,43.57373046875
7149,-30.439453125
7150,-6.952392578125
7151,-62.41162109375
7152,31.214599609375
7153,-46.98779296875
7154,-11.458740234375
7155,33.230712890625
7156,6.2431640625
7157,-40.95654296875
7158,-10.886474609375
7159,-16.47314453125
7160,47.583251953125
7161,-48.52929687499999
7162,-16.305908203125
7163,0.6577148437500003
7164,33.4140625
7165,-18.61328125
7166,31.790771484375
7167,52.971435546875
7168,-14.7080078125
7169,-38.0205078125
7170,29.827392578125
7171,37.70703125
7172,-18.6162109375
7173,-23.450927734374996
7174,-45.89941406250001
7175,46.989013671875
7176,24.9912109375
7177,-41.299560546875
7178,4.285400390625
7179,54.7412109375
7180,17.8515625
7181,1.561767578125
7182,12.994140625
7183,-27.122802734374996
7184,5.624267578125
7185,28.840332031250004
7186,11.065673828125
7187,-41.89697265625
7188,10.284423828125
7189,20.348388671875
7190,-46.1298828125
7191,-0.40966796875
7192,-44.5048828125
7193,48.27734375
7194,18.583984375
7195,-4.32763671875
7196,-28.842773437499996
7197,41.95263671875
7198,24.499023437499996
7199,35.578857421875
7200,-25.319091796875007
7201,-21.40576171875
7202,-5.671875
7203,24.21142578125
7204,9.160888671875
7205,-15.056396484374998
7206,3.62451171875
7207,18.882812499999996
7208,10.845458984374998
7209,1.1701660156249998
7210,1.8330078125
7211,8.630126953125
7212,10.07470703125
7213,22.13671875
7214,-7.72900390625
7215,34.38916015625
7216,31.103271484375
7217,10.491943359375
7218,-8.214599609375
7219,-2.3681640624999996
7220,-16.65771484375
7221,-9.41259765625
7222,15.5361328125
7223,18.816650390625
7224,-16.163818359375
7225,-14.699951171875
7226,8.3037109375
7227,-5.99072265625
7228,11.364013671875
7229,30.239013671875
7230,-8.315185546875
7231,-2.107421875
7232,8.94091796875
7233,27.828857421875
7234,-4.718505859374999
7235,-11.5048828125
7236,32.38134765625
7237,-43.400146484375
7238,-4.578857421875
7239,52.74609375
7240,-2.7819824218750013
7241,-16.0283203125
7242,1.4399414062499998
7243,51.596923828125
7244,44.201171875
7245,-31.916015625
7246,12.502685546875
7247,-18.085693359375
7248,-13.01318359375
7249,68.114501953125
7250,35.53857421875
7251,-15.909912109375
7252,-8.163330078125
7253,17.8779296875
7254,-7.916015624999999
7255,-11.567138671875
7256,5.906494140625001
7257,-3.91845703125
7258,-15.398925781250002
7259,10.582275390624998
7260,-3.541259765625
7261,-13.966552734375
7262,16.13232421875
7263,-0.75830078125
7264,83.404541015625
7265,-42.2109375
7266,-71.8427734375
7267,26.14111328125
7268,81.842041015625
7269,-39.796142578125
7270,-69.8203125
7271,20.382080078125
7272,70.262451171875
7273,33.843017578125
7274,-59.14404296875
7275,-61.516357421875
7276,-1.6362304687500004
7277,63.710693359375
7278,-70.9755859375
7279,-50.0234375
7280,9.783935546875
7281,53.095947265625
7282,-10.45556640625
7283,8.9599609375
7284,-5.718505859375001
7285,55.0498046875
7286,3.802734375
7287,8.8017578125
7288,18.93359375
7289,73.942138671875
7290,12.693115234375
7291,50.406494140625
7292,0.483642578125
7293,-20.21875
7294,-94.025634765625
7295,28.62646484375
7296,-8.099853515625
7297,-17.44775390625
7298,-33.67578125
7299,12.628906249999998
7300,14.601318359375
7301,-3.18701171875
7302,-4.67724609375
7303,-1.305419921875
7304,33.919677734375
7305,-12.4833984375
7306,-11.4931640625
7307,5.35302734375
7308,23.310791015625
7309,194.531005859375
7310,-41.888671875
7311,-35.324951171875
7312,-37.277099609375
7313,93.84033203125
7314,-38.20312499999999
7315,-19.66162109375
7316,26.47265625
7317,141.043212890625
7318,9.93505859375
7319,-23.32861328125
7320,-24.985595703125
7321,38.23095703125
7322,18.66796875
7323,-16.501953125
7324,-15.65869140625
7325,6.904296875000001
7326,16.687255859375
7327,-16.8359375
7328,-14.960205078125
7329,16.697998046875
7330,37.279052734375
7331,-17.50439453125
7332,-16.323974609375
7333,19.171875
7334,-20.467041015625
7335,6.27099609375
7336,-3.937744140625
7337,-12.337890625
7338,1.083740234375
7339,15.000488281250002
7340,114.50073242187501
7341,-10.59375
7342,-13.216796875
7343,27.59814453125
7344,96.78930664062499
7345,57.536865234375
7346,31.987548828125
7347,-15.58056640625
7348,98.55517578125
7349,11.052734375
7350,19.042236328125
7351,-12.125488281250002
7352,19.210937500000004
7353,21.875732421875
7354,-24.06884765625
7355,0.6105957031249999
7356,43.517333984375
7357,-36.697998046875
7358,8.795166015625
7359,-17.2158203125
7360,50.78955078125
7361,-28.2158203125
7362,4.733398437500001
7363,7.044189453125
7364,38.263916015625
7365,-16.603271484375
7366,78.751953125
7367,13.615478515625002
7368,16.493408203125
7369,-14.871093750000002
7370,-14.637451171875
7371,-21.06787109375
7372,19.060791015625
7373,19.873291015625
7374,18.141845703125
7375,-21.181396484375
7376,6.5087890625
7377,3.75341796875
7378,-4.8935546875
7379,6.681640624999999
7380,-12.158203125
7381,6.42431640625
7382,-13.687011718749998
7383,-6.48974609375
7384,87.421875
7385,7.342041015625
7386,-1.2094726562499998
7387,-12.77587890625
7388,-2.561767578125
7389,9.859619140625
7390,-41.927001953125
7391,38.565673828125
7392,21.367431640625
7393,-1.237548828125
7394,-5.861083984375
7395,26.738037109375
7396,30.110595703125
7397,12.422119140625
7398,-11.593017578125
7399,-0.20947265625
7400,6.51171875
7401,-35.3818359375
7402,10.3173828125
7403,-25.2626953125
7404,-20.150634765625
7405,-27.738525390625
7406,29.80517578125
7407,19.690185546875
7408,8.96826171875
7409,-18.128662109375
7410,39.11865234375
7411,-19.2548828125
7412,-20.260986328125
7413,-5.177734375000001
7414,39.402587890625
7415,-32.776123046875
7416,4.954833984375
7417,-13.22509765625
7418,16.068115234375
7419,29.841796875
7420,-50.484619140625
7421,-44.2080078125
7422,20.65185546875
7423,13.388916015625002
7424,6.02001953125
7425,-32.698486328125
7426,-29.443115234375
7427,40.23754882812501
7428,33.366455078125
7429,35.544189453125
7430,12.634521484374998
7431,37.00048828125
7432,16.905517578125
7433,-39.904052734375
7434,19.082275390625
7435,-9.980468750000002
7436,-5.385009765625
7437,2.832763671875
7438,-10.8603515625
7439,42.25756835937501
7440,-9.7119140625
7441,-5.93505859375
7442,2.70458984375
7443,3.49365234375
7444,4.4052734375
7445,-15.671386718749998
7446,7.139404296875
7447,-24.260009765625
7448,-3.024169921875
7449,-30.12451171875
7450,-6.94970703125
7451,10.8017578125
7452,-15.75244140625
7453,19.353271484375
7454,-32.049072265625
7455,-22.074707031250004
7456,73.149169921875
7457,5.89404296875
7458,-57.385498046875
7459,-33.78955078125
7460,49.29248046875
7461,19.246826171875
7462,-8.541259765625
7463,21.626708984375
7464,33.2080078125
7465,-10.972656249999998
7466,-8.8447265625
7467,30.394775390625
7468,44.08740234375
7469,-32.91259765625
7470,10.064208984374998
7471,-54.29638671875
7472,33.031005859375
7473,38.21997070312499
7474,-29.86328125
7475,-71.9951171875
7476,34.779541015625
7477,27.569091796875004
7478,-42.7998046875
7479,-80.501953125
7480,13.525634765624998
7481,99.5595703125
7482,94.271484375
7483,29.1767578125
7484,27.68505859375
7485,108.747802734375
7486,71.6123046875
7487,182.919921875
7488,1.53125
7489,48.6767578125
7490,-20.8212890625
7491,-49.664794921875
7492,-49.78271484375
7493,42.033447265625
7494,-23.578857421875
7495,-41.765380859375
7496,22.119140625
7497,40.130615234375
7498,-7.231689453125
7499,7.6884765625
7500,-19.449462890625
7501,34.22265625
7502,16.728515625
7503,5.109130859374999
7504,-13.050781249999998
7505,21.364501953125
7506,10.081298828125
7507,-8.736083984375
7508,-23.920166015625
7509,-19.16259765625
7510,-26.17236328125
7511,-9.66064453125
7512,-16.250244140625
7513,-19.597167968749996
7514,-26.769042968749996
7515,-14.81005859375
7516,25.578125
7517,-19.814453125
7518,-22.51953125
7519,22.795166015625
7520,35.39599609375
7521,-2.03466796875
7522,-26.9130859375
7523,-58.10791015625
7524,38.252197265625
7525,82.654541015625
7526,-71.760009765625
7527,-70.811767578125
7528,-4.45068359375
7529,132.949462890625
7530,-63.58203125
7531,-52.03466796875
7532,-42.38916015625
7533,83.6181640625
7534,-15.483886718749998
7535,-8.158935546875
7536,48.06884765625
7537,31.331787109375
7538,-6.20751953125
7539,-21.98486328125
7540,49.405517578125
7541,-28.981689453125
7542,-29.923583984375
7543,61.317626953125
7544,8.00830078125
7545,10.055419921874996
7546,249.79150390625
7547,72.6572265625
7548,-9.92529296875
7549,6.557861328125
7550,93.556396484375
7551,105.650146484375
7552,6.781005859374999
7553,-5.845947265625
7554,-2.4658203124999996
7555,39.25830078125
7556,17.776611328125
7557,-1.230224609375
7558,17.54541015625
7559,14.81884765625
7560,45.37377929687501
7561,51.11572265625
7562,-62.56347656249999
7563,-35.895751953125
7564,9.999511718749998
7565,80.28466796875
7566,-74.130859375
7567,-43.9111328125
7568,16.490234375
7569,55.41162109375
7570,-0.13159179687499956
7571,-37.751708984375
7572,-25.092773437499996
7573,58.260498046875
7574,77.491455078125
7575,-30.449951171875
7576,-19.63037109375
7577,-1.5893554687500002
7578,93.141357421875
7579,284.293212890625
7580,-139.20068359375
7581,-160.687744140625
7582,1.6796874999999982
7583,112.2744140625
7584,-148.531005859375
7585,-158.819580078125
7586,118.52001953125001
7587,156.702880859375
7588,15.91552734375
7589,7.036376953125
7590,33.823974609375
7591,28.772705078125
7592,69.19091796875
7593,12.478759765625
7594,37.9345703125
7595,21.708740234375
7596,6.33154296875
7597,-8.8359375
7598,-45.485107421875
7599,27.162109375
7600,-29.495361328125
7601,-37.145751953125
7602,-32.330078125
7603,3.654052734375
7604,-13.181884765625
7605,1.7834472656249998
7606,58.169189453125
7607,33.3857421875
7608,17.085205078125
7609,2.455322265625
7610,34.9921875
7611,23.77392578125
7612,16.903564453125
7613,15.867431640625
7614,11.046142578125
7615,18.839111328125
7616,76.2734375
7617,14.067138671875
7618,14.266601562500002
7619,20.684326171875
7620,87.405517578125
7621,17.213623046875
7622,84.28857421875
7623,40.66381835937501
7624,32.957275390625
7625,-39.416015625
7626,26.361572265625004
7627,113.589111328125
7628,90.882568359375
7629,-59.05004882812501
7630,34.050048828125
7631,67.364990234375
7632,103.526611328125
7633,12.761718750000002
7634,141.642333984375
7635,50.34814453125001
7636,-5.954345703125
7637,-23.173828125
7638,145.7978515625
7639,54.09912109375
7640,17.162353515625
7641,-31.732177734374996
7642,29.379150390625
7643,-27.710693359375
7644,6.84619140625
7645,52.63183593749999
7646,28.384033203124996
7647,-25.412353515625
7648,5.802734375000001
7649,47.630859375
7650,49.30029296875
7651,-13.589599609375
7652,-52.028564453125
7653,-1.7241210937500002
7654,9.57568359375
7655,37.39379882812501
7656,-64.0380859375
7657,13.101318359375
7658,4.3154296875
7659,20.412353515625
7660,7.300048828125
7661,30.951171875
7662,54.794189453125
7663,-28.533203125
7664,-45.255615234375
7665,37.858642578125
7666,55.906005859375
7667,27.240966796875004
7668,3.623046875
7669,-20.55810546875
7670,15.90380859375
7671,-8.730224609375
7672,48.451416015625
7673,-13.339843750000002
7674,23.955078125
7675,14.510498046875
7676,-24.475830078125
7677,26.3056640625
7678,-10.03271484375
7679,-37.692138671875
7680,36.16552734375
7681,13.078613281250002
7682,-4.302490234375
7683,-42.01245117187499
7684,39.94995117187499
7685,-0.201416015625
7686,9.0673828125
7687,26.8662109375
7688,-27.35986328125
7689,-30.532470703125
7690,-51.7236328125
7691,20.26123046875
7692,-10.673828125
7693,-30.6474609375
7694,-12.905761718749998
7695,5.4580078125
7696,-23.675048828125
7697,1.5585937499999993
7698,46.5322265625
7699,9.382568359375
7700,-3.234619140625
7701,13.32666015625
7702,74.11669921875
7703,36.628173828125
7704,-10.353271484374998
7705,118.66943359375
7706,68.310546875
7707,1.8139648437499987
7708,16.642333984375
7709,-1.937744140625
7710,45.687255859375
7711,-0.2097167968750018
7712,33.720458984375
7713,-1.7631835937500002
7714,31.687255859375
7715,11.724365234375
7716,-5.462646484375
7717,8.798583984375
7718,-13.174560546875
7719,9.594970703125
7720,-6.236572265625
7721,17.7607421875
7722,81.275390625
7723,-6.54296875
7724,-37.578369140625
7725,-1.717041015625
7726,-0.7844238281249999
7727,-8.65283203125
7728,-26.16650390625
7729,-10.286376953125
7730,16.825927734375
7731,-20.39501953125
7732,103.559814453125
7733,4.367675781249996
7734,3.64501953125
7735,106.21435546875
7736,91.7080078125
7737,29.20068359375
7738,19.126220703125007
7739,31.969970703125
7740,61.4462890625
7741,-6.08544921875
7742,36.321044921875
7743,-31.573486328125
7744,19.06396484375
7745,148.682373046875
7746,16.80908203125
7747,-39.81005859375
7748,19.037109375
7749,48.2734375
7750,48.630859375
7751,10.766357421875
7752,-33.696044921875
7753,-10.385009765625
7754,33.32568359375
7755,14.40771484375
7756,-40.296142578125
7757,-11.21435546875
7758,44.298583984375
7759,86.6083984375
7760,13.078613281250002
7761,-58.503662109375
7762,49.126708984375
7763,21.496582031250004
7764,2.604248046875
7765,-44.31933593749999
7766,1.026611328125
7767,14.6103515625
7768,57.97412109375
7769,-34.09521484375
7770,61.53369140625
7771,29.384765625
7772,-37.891357421875
7773,-47.95849609375
7774,53.648193359375
7775,21.514648437499996
7776,9.65185546875
7777,0.7458496093750001
7778,16.996337890625
7779,-16.99365234375
7780,10.188720703125
7781,-3.535400390625
7782,11.91162109375
7783,-22.402587890625
7784,-7.583740234375
7785,-36.8798828125
7786,86.82861328125
7787,48.028076171875
7788,-41.31201171875
7789,9.5078125
7790,18.650634765625
7791,54.70703125
7792,-40.281005859375
7793,17.0029296875
7794,11.116699218749998
7795,47.670166015625
7796,76.06787109375
7797,-56.30004882812501
7798,76.31689453125
7799,30.304931640625
7800,73.552978515625
7801,-53.741455078125
7802,-19.77587890625
7803,-27.956298828125
7804,30.050537109375
7805,-12.309326171875
7806,42.93310546874999
7807,125.24755859375001
7808,114.9404296875
7809,-14.898193359375
7810,32.689697265625
7811,62.159423828125
7812,36.51708984375
7813,-49.965576171875
7814,1.8583984375
7815,31.314697265625004
7816,3.24560546875
7817,-7.943603515625
7818,24.42236328125
7819,57.339111328125
7820,-29.683837890625
7821,-44.203857421875
7822,-25.00830078125
7823,-4.11181640625
7824,12.328857421875
7825,-0.5371093750000004
7826,-10.8486328125
7827,1.557373046875
7828,1.600830078125
7829,-8.48193359375
7830,9.83251953125
7831,0.3376464843749991
7832,-0.9069824218750004
7833,-5.8935546875
7834,-22.942626953125
7835,-20.62451171875
7836,1.7934570312499991
7837,-6.34912109375
7838,4.556884765625
7839,3.646728515625
7840,16.42431640625
7841,-35.777099609375
7842,-5.387451171875
7843,65.075927734375
7844,1.3989257812499998
7845,-32.8955078125
7846,-21.330322265625004
7847,-32.497314453125
7848,-0.8837890625
7849,-28.007568359375
7850,16.82421875
7851,8.823486328125
7852,40.47412109375
7853,-18.346923828125
7854,14.999511718749998
7855,19.698486328125
7856,-17.316162109375
7857,-4.594970703125
7858,-8.406005859375
7859,17.7529296875
7860,9.506103515625002
7861,57.91748046875
7862,18.31201171875
7863,5.877685546875
7864,3.483642578125
7865,-1.8901367187500002
7866,50.936767578125
7867,26.873779296875
7868,35.325927734375
7869,-13.32275390625
7870,-10.616699218749998
7871,-15.775146484374998
7872,25.794677734374996
7873,-8.07470703125
7874,-1.1850585937500002
7875,-17.7919921875
7876,10.172607421875
7877,-25.468505859375
7878,24.795654296875
7879,-1.546630859375
7880,25.06396484375
7881,-10.15185546875
7882,9.503173828124998
7883,-6.07861328125
7884,-2.063720703125
7885,-13.621093750000002
7886,-5.670166015625
7887,18.330322265625
7888,13.7392578125
7889,3.18115234375
7890,-2.203125
7891,16.50146484375
7892,-23.180908203124996
7893,-16.77490234375
7894,131.022705078125
7895,-82.870849609375
7896,-15.846435546875004
7897,-6.7517089843750115
7898,38.723388671875
7899,-66.734619140625
7900,-34.894775390625
7901,58.22119140625
7902,28.31005859375
7903,12.080810546875
7904,9.00341796875
7905,-20.420654296875
7906,19.91162109375
7907,8.445068359375
7908,2.655029296875
7909,-4.664794921875
7910,21.203125
7911,-4.89501953125
7912,-30.488525390625
7913,24.302001953125
7914,5.331787109374999
7915,3.704345703125
7916,-0.6062011718749992
7917,20.71337890625
7918,1.195068359375
7919,-1.769287109375
7920,-22.390380859375
7921,39.20166015625
7922,-3.96826171875
7923,-33.853515625
7924,42.41552734375
7925,63.986328125
7926,-2.230712890625
7927,-20.24072265625
7928,7.028564453125
7929,88.70263671875001
7930,-1.664794921875
7931,-27.08544921875
7932,2.613037109375
7933,41.033935546875
7934,36.406494140625
7935,-18.806640625
7936,18.435791015625
7937,-22.341796875
7938,16.44189453125
7939,-11.778076171875
7940,0.580078125
7941,11.20947265625
7942,26.086669921875
7943,0.8278808593750001
7944,-4.53125
7945,23.873291015625
7946,0.388671875
7947,12.376708984374998
7948,3.08251953125
7949,-19.092041015625
7950,-3.69677734375
7951,72.5771484375
7952,-12.507568359375
7953,-8.12548828125
7954,-7.32763671875
7955,40.562744140625
7956,-2.9301757812499996
7957,19.251220703125
7958,-0.052734375
7959,0.100341796875
7960,13.4130859375
7961,17.962890625
7962,-2.78662109375
7963,-15.856201171875
7964,22.307861328125
7965,6.62890625
7966,-11.752197265625
7967,13.406982421875
7968,39.48754882812501
7969,20.491943359375
7970,-19.185302734374996
7971,2.955322265625
7972,46.060302734375
7973,-14.92529296875
7974,5.85400390625
7975,-2.107666015625
7976,89.297607421875
7977,-8.126220703125
7978,86.79736328124999
7979,50.187744140625
7980,97.137451171875
7981,-16.53662109375
7982,-4.276123046875
7983,23.281982421875
7984,2.334228515625
7985,-11.678955078125
7986,-8.472900390625
7987,36.042236328125
7988,53.6279296875
7989,20.688476562500004
7990,-7.23486328125
7991,-26.5673828125
7992,20.837158203124996
7993,15.4775390625
7994,-7.094482421875
7995,20.075927734374996
7996,32.9970703125
7997,-25.843994140625
7998,-5.620849609374999
7999,-0.7531738281249996
8000,26.01318359375
8001,17.563232421875
8002,49.730712890625
8003,62.1201171875
8004,-46.181640625
8005,15.499511718749998
8006,-4.145263671875
8007,71.471923828125
8008,-42.28881835937501
8009,-19.963623046875
8010,2.267822265625
8011,15.319824218749998
8012,-8.49853515625
8013,-19.512207031250004
8014,6.5390625
8015,16.341552734375
8016,-4.873779296875
8017,-18.71337890625
8018,12.885498046875
8019,28.440917968749996
8020,-22.9912109375
8021,20.680908203124996
8022,42.209228515625
8023,38.809326171875
8024,-29.079345703125
8025,20.050537109375
8026,18.86083984375
8027,-10.783935546875
8028,-8.673095703125
8029,-27.810058593750007
8030,26.432861328125
8031,135.22705078125
8032,-27.50390625
8033,-58.19506835937501
8034,36.340087890625
8035,143.777099609375
8036,6.80322265625
8037,68.166015625
8038,33.257568359375
8039,14.070068359375
8040,-39.66455078125
8041,-4.225341796875
8042,38.62646484375
8043,16.675048828125
8044,-26.5849609375
8045,-1.7104492187500016
8046,1.799560546875
8047,-2.839599609375
8048,-15.718261718749998
8049,14.195556640625
8050,-10.055175781250002
8051,11.3544921875
8052,-3.521484375
8053,5.1005859375
8054,19.5576171875
8055,-3.69189453125
8056,20.770751953125
8057,-10.836425781250002
8058,-24.84228515625
8059,16.840087890625
8060,22.787353515625
8061,-10.811767578125
8062,-11.883300781250002
8063,12.880615234375
8064,14.48583984375
8065,41.20654296875
8066,-22.973388671875
8067,-28.222412109375
8068,8.48046875
8069,4.6318359375
8070,-23.608154296875
8071,-31.62451171875
8072,10.781738281250002
8073,11.990966796875
8074,24.4423828125
8075,1.543212890625
8076,22.035400390625
8077,-79.57861328125
8078,2.4218749999999987
8079,2.13232421875
8080,18.4091796875
8081,-13.153076171875
8082,12.004150390625
8083,-5.877197265625
8084,4.500732421875
8085,6.536376953125
8086,15.785156249999998
8087,31.52587890625
8088,7.9912109375
8089,6.1171875
8090,1.5947265625
8091,6.019775390625001
8092,26.81396484375
8093,-25.87646484375
8094,-33.23388671875
8095,19.6455078125
8096,30.83837890625
8097,-28.961669921875
8098,-21.89697265625
8099,8.772216796875
8100,30.508056640625
8101,-0.88623046875
8102,1.969970703125
8103,4.029296875
8104,18.56982421875
8105,-3.352294921875
8106,-10.5537109375
8107,-5.63671875
8108,9.90625
8109,0.9289550781249999
8110,52.602294921875
8111,-24.98388671875
8112,-52.7275390625
8113,-8.3701171875
8114,42.9326171875
8115,-5.375732421875
8116,-43.5576171875
8117,-9.6455078125
8118,20.586181640625
8119,3.114990234375
8120,50.072265625
8121,20.285400390625
8122,18.10693359375
8123,1.972412109375
8124,36.774658203125
8125,29.74609375
8126,-4.711669921875
8127,-15.268310546875
8128,-33.050537109375
8129,-30.8232421875
8130,44.128173828125
8131,-18.811279296875
8132,43.336669921875
8133,-24.201171875
8134,61.617919921875
8135,-10.440673828125
8136,21.002197265625004
8137,15.271484375
8138,-7.749267578125
8139,-7.802978515625
8140,12.51220703125
8141,51.962890625
8142,0.6130371093750001
8143,-7.95703125
8144,30.355712890625
8145,27.05712890625
8146,-1.353759765625
8147,-1.140869140625
8148,-2.1552734375
8149,8.4091796875
8150,-0.532470703125
8151,8.513671875
8152,-16.837158203125
8153,-22.140625
8154,-1.639404296875
8155,58.83349609375
8156,60.079345703125
8157,5.424072265625
8158,-25.804931640625
8159,31.22900390625
8160,59.716552734375
8161,6.665771484374996
8162,3.9091796875000004
8163,33.909912109375
8164,2.2802734375
8165,-5.7734375
8166,4.161865234375
8167,12.020263671875
8168,-13.806396484374998
8169,10.1259765625
8170,9.552978515625002
8171,-5.642822265625
8172,8.8564453125
8173,-1.11767578125
8174,-13.830078125
8175,32.8447265625
8176,3.7744140624999996
8177,30.96728515625
8178,-13.252685546875
8179,26.45068359375
8180,58.3662109375
8181,53.07763671875
8182,34.3291015625
8183,-27.47998046875
8184,17.02880859375
8185,-29.28564453125
8186,-2.209228515625
8187,-32.277099609375
8188,10.419677734375
8189,-6.757568359374999
8190,5.675537109374999
8191,-21.060791015625
8192,-18.619873046875
8193,8.50439453125
8194,33.390869140625
8195,1.6140136718749996
8196,-4.817138671875
8197,10.0205078125
8198,-27.269042968749996
8199,24.756591796875004
8200,28.413330078125
8201,-8.90087890625
8202,46.7109375
8203,-35.692626953125
8204,-36.36181640625
8205,-7.75390625
8206,36.67041015625
8207,5.19287109375
8208,-35.23583984375
8209,134.34765625
8210,-37.52490234375
8211,64.490234375
8212,6.6564941406249964
8213,80.167724609375
8214,-33.339111328125
8215,52.09423828125
8216,6.871826171875
8217,57.903564453125
8218,55.425537109375
8219,-26.7998046875
8220,-46.162353515625
8221,-27.519775390625
8222,19.298583984375
8223,-26.638671875
8224,-48.53173828125
8225,80.43115234375
8226,-17.782958984375
8227,-16.381103515625
8228,-5.4521484375
8229,19.590087890625
8230,16.698974609375
8231,31.666259765625
8232,17.348388671875
8233,19.54296875
8234,-5.177490234375
8235,28.589111328125
8236,34.11767578125
8237,15.2939453125
8238,-59.16748046875
8239,-18.171875
8240,65.884765625
8241,9.765869140625
8242,-55.120361328125
8243,-9.103515625
8244,1.0412597656249996
8245,37.384033203125
8246,29.748779296875
8247,0.4819335937499964
8248,29.930908203124996
8249,55.214111328125
8250,48.92578125
8251,16.565673828125
8252,31.037353515625
8253,47.015869140625
8254,6.794921875000001
8255,-61.021728515625
8256,-4.91064453125
8257,-12.59912109375
8258,-11.269042968749998
8259,-49.27490234375
8260,-10.102783203125
8261,24.417724609375
8262,-0.23583984375
8263,-6.73828125
8264,9.808837890625
8265,47.90747070312499
8266,-48.46533203125
8267,93.76904296875
8268,15.291015625
8269,47.2509765625
8270,42.52392578125
8271,175.39575195312503
8272,1.3129882812499998
8273,0.468505859375
8274,69.38671875
8275,21.33447265625
8276,33.6240234375
8277,4.322265625
8278,62.24072265625
8279,73.723388671875
8280,10.090087890625
8281,-30.3544921875
8282,-8.466064453125
8283,-17.7470703125
8284,77.52392578125
8285,-44.791748046875
8286,-19.91455078125
8287,-38.350341796875
8288,72.3740234375
8289,-29.213623046875
8290,-12.706787109375
8291,-7.623291015625
8292,-31.269287109375
8293,61.54931640624999
8294,47.120361328125
8295,-0.190673828125
8296,-24.359619140625
8297,-1.7739257812499998
8298,22.810302734374996
8299,79.701416015625
8300,61.34326171875
8301,-25.52001953125
8302,18.757568359375
8303,16.2705078125
8304,56.806640625
8305,-24.061279296875
8306,-6.13525390625
8307,-16.292236328125
8308,-27.530273437499996
8309,7.982666015625
8310,73.298095703125
8311,-18.5419921875
8312,-34.7001953125
8313,-7.053955078125
8314,61.4609375
8315,20.22607421875
8316,-83.33154296875
8317,-13.5595703125
8318,-6.36865234375
8319,57.05517578125
8320,69.408203125
8321,9.456787109375
8322,-17.744384765625
8323,52.50439453125001
8324,19.544921875
8325,26.40869140625
8326,45.859130859375
8327,0.8757324218750001
8328,-40.39599609375
8329,25.06787109375
8330,-0.8759765625000009
8331,2.651123046875
8332,-50.420654296875
8333,93.0126953125
8334,-10.677490234375
8335,53.38427734375
8336,-57.650146484375
8337,5.90625
8338,-12.966552734375
8339,95.525146484375
8340,-47.217041015625
8341,-7.623291015625
8342,-16.646240234375
8343,72.279541015625
8344,76.50634765625
8345,-13.791259765625002
8346,-21.918701171875
8347,39.00756835937501
8348,25.942138671875
8349,-3.571533203125
8350,-28.820068359375
8351,45.96435546874999
8352,4.68212890625
8353,-27.65625
8354,41.22070312500001
8355,54.3154296875
8356,-44.7236328125
8357,-17.734130859375
8358,26.080322265625004
8359,69.678466796875
8360,-76.022216796875
8361,-51.902587890625
8362,52.567626953125
8363,-23.838623046875
8364,-22.695312499999996
8365,16.5888671875
8366,38.950927734375
8367,-26.302490234375
8368,-38.376708984375
8369,63.7294921875
8370,35.5498046875
8371,-52.91748046875
8372,35.658447265625
8373,-2.2897949218749982
8374,27.376708984375
8375,-19.473876953125
8376,23.116455078125
8377,6.0107421875
8378,36.816162109375
8379,-0.0830078124999991
8380,-28.393310546875
8381,-22.422607421875
8382,4.72265625
8383,7.40576171875
8384,-3.333251953125
8385,-19.469726562500004
8386,0.94580078125
8387,35.0234375
8388,7.053955078125
8389,-1.2866210937499991
8390,21.680419921875
8391,20.771240234375
8392,11.9765625
8393,18.632568359375
8394,16.86376953125
8395,20.703125
8396,51.986083984375
8397,55.10400390625
8398,31.02978515625
8399,-29.625732421875
8400,-16.510986328125
8401,-13.84033203125
8402,43.18066406250001
8403,-17.943115234375
8404,-15.04150390625
8405,-7.404541015625
8406,19.363037109375
8407,5.806396484375
8408,38.64794921875
8409,13.962646484374998
8410,-18.61962890625
8411,55.68408203125
8412,33.686767578125
8413,-2.05419921875
8414,-4.04931640625
8415,20.38232421875
8416,106.615478515625
8417,13.461181640625
8418,9.375
8419,218.856689453125
8420,64.77001953125
8421,9.402099609374998
8422,15.827148437499996
8423,96.92065429687501
8424,30.201171875
8425,-18.997314453125
8426,-2.31201171875
8427,19.65869140625
8428,8.346435546875
8429,4.90869140625
8430,-9.724365234375
8431,22.943603515625
8432,9.8828125
8433,-1.9975585937500002
8434,32.5341796875
8435,26.892822265625004
8436,-6.28515625
8437,-15.618896484374998
8438,5.31396484375
8439,19.602294921875
8440,-11.9326171875
8441,24.515625
8442,-7.88720703125
8443,72.01416015625
8444,-47.30566406250001
8445,-22.0556640625
8446,29.226562499999996
8447,38.000244140625
8448,-44.07470703125
8449,-6.820556640625001
8450,42.8876953125
8451,2.5498046875000004
8452,-75.254150390625
8453,23.214111328125
8454,66.828125
8455,50.509033203125
8456,-62.42138671875
8457,29.42138671875
8458,81.833251953125
8459,7.809814453125
8460,-43.961669921875
8461,13.52197265625
8462,27.518310546875
8463,-12.44775390625
8464,-1.732666015625
8465,36.502685546875
8466,29.33203125
8467,-8.406494140625
8468,-6.501953124999999
8469,40.720458984375
8470,-58.771484375
8471,16.4033203125
8472,9.11767578125
8473,-59.4150390625
8474,-72.224365234375
8475,12.94189453125
8476,29.910888671875
8477,-112.177978515625
8478,-66.41455078125
8479,-9.725830078125
8480,9.789550781250002
8481,-3.489013671875
8482,28.26416015625
8483,42.636474609375
8484,30.797119140625
8485,9.763427734375
8486,21.394287109375
8487,-30.832763671875
8488,-13.31494140625
8489,25.598876953125
8490,5.663330078125
8491,-36.92504882812501
8492,-20.815185546875
8493,23.812744140625
8494,25.332763671875
8495,-43.73876953125
8496,-19.76953125
8497,11.424560546875
8498,31.03759765625
8499,9.148681640625
8500,-11.72119140625
8501,47.492919921875
8502,25.88427734375
8503,3.48291015625
8504,-60.109130859375
8505,51.84130859375
8506,12.1279296875
8507,-32.929931640625
8508,-36.25390625
8509,39.403076171875
8510,-2.38427734375
8511,-30.112548828125
8512,-31.638427734374996
8513,62.90502929687501
8514,-8.5263671875
8515,35.96142578125
8516,53.447265625
8517,-15.840087890625
8518,46.982666015625
8519,32.20654296875
8520,64.513671875
8521,-31.330322265625004
8522,-0.051513671875
8523,4.57373046875
8524,87.30419921875
8525,78.01953125
8526,-64.052734375
8527,93.10498046874999
8528,3.1047363281249982
8529,86.53515625
8530,-48.492919921875
8531,-38.0625
8532,48.895263671875
8533,-64.506591796875
8534,25.13623046875
8535,52.159423828125
8536,11.7880859375
8537,1.1794433593749991
8538,21.061279296875
8539,58.09033203125
8540,-47.09375
8541,-20.339599609375
8542,-28.61328125
8543,5.205078124999999
8544,11.865478515625002
8545,-28.290283203124996
8546,11.54443359375
8547,8.22265625
8548,-6.1796875
8549,-22.680908203124996
8550,102.52490234374999
8551,26.271728515625
8552,-31.245849609375004
8553,26.866943359375
8554,-11.31591796875
8555,-10.181396484374998
8556,-41.712890625
8557,28.4013671875
8558,13.088623046875
8559,-29.358154296874993
8560,-77.711181640625
8561,89.795166015625
8562,66.876708984375
8563,-2.9716796875000004
8564,33.07568359375
8565,87.334716796875
8566,53.012939453125
8567,15.34130859375
8568,16.279541015625
8569,13.391845703125
8570,-10.51025390625
8571,-25.48681640625
8572,-19.169921875
8573,-28.019775390625
8574,-1.8662109375
8575,-30.615478515625
8576,-13.850830078125
8577,-7.801513671875
8578,67.29296875
8579,48.47631835937501
8580,9.32275390625
8581,94.88696289062501
8582,-44.730224609375
8583,56.503173828125
8584,5.780761718749997
8585,5.405517578124998
8586,34.647705078125
8587,98.698486328125
8588,24.783447265625004
8589,-30.936767578125
8590,140.17822265625
8591,-159.28369140624997
8592,37.22412109375
8593,-41.366943359375
8594,65.85009765625
8595,-59.169677734375
8596,24.697998046875
8597,-34.98193359375
8598,-60.490966796875
8599,-47.05517578125
8600,-1.8813476562499998
8601,-38.068603515625
8602,-52.611328125
8603,118.44091796875
8604,105.392333984375
8605,1.05322265625
8606,15.680175781250002
8607,-17.62939453125
8608,-17.135986328125
8609,15.014404296875
8610,6.74365234375
8611,-12.911865234375
8612,19.0
8613,20.006591796875004
8614,-53.27929687499999
8615,18.54931640625
8616,52.9208984375
8617,19.74560546875
8618,-51.26220703125
8619,37.19677734375
8620,65.8759765625
8621,-20.016357421875
8622,12.419921875
8623,-9.288574218749998
8624,17.761962890625
8625,53.72265625
8626,-50.6875
8627,-16.368896484375
8628,24.143310546875
8629,47.167724609375
8630,0.69091796875
8631,-2.529541015625
8632,-59.63232421875
8633,-52.48583984375
8634,41.61816406250001
8635,61.940673828125
8636,-45.825927734375
8637,-43.275146484375
8638,45.3212890625
8639,-25.165771484375
8640,-14.04833984375
8641,-5.359130859374998
8642,30.686279296875
8643,38.209228515625
8644,-19.989990234375
8645,37.3955078125
8646,39.168212890625
8647,19.681396484375
8648,208.8515625
8649,115.2255859375
8650,80.31005859375001
8651,83.658447265625
8652,-61.021728515625
8653,69.2763671875
8654,-15.330078125
8655,89.19091796875
8656,-69.331298828125
8657,4.496826171875
8658,-26.57421875
8659,18.5673828125
8660,12.655761718749998
8661,24.635009765625
8662,-65.080078125
8663,44.74658203125
8664,26.12939453125
8665,37.6826171875
8666,4.634521484375
8667,-20.619140625
8668,17.412353515625
8669,-33.588623046875
8670,-55.0
8671,67.892333984375
8672,62.797119140625
8673,-52.386474609375
8674,-55.71337890625
8675,34.60205078125
8676,-19.733398437499996
8677,-42.112060546875
8678,-28.3564453125
8679,4.41748046875
8680,-25.354736328125
8681,11.246093750000002
8682,-41.924560546875
8683,19.078125
8684,0.12280273437499822
8685,72.509765625
8686,46.883544921875
8687,-12.070556640625
8688,15.6845703125
8689,77.792236328125
8690,52.108642578125
8691,-25.3701171875
8692,22.896728515625
8693,7.665771484375
8694,130.6103515625
8695,49.9775390625
8696,-39.374755859375
8697,-32.5478515625
8698,-50.31054687499999
8699,59.95629882812501
8700,-35.268310546875
8701,-41.4287109375
8702,40.1015625
8703,64.808349609375
8704,16.45068359375
8705,33.6416015625
8706,10.318115234375
8707,21.085205078125
8708,5.2763671875
8709,10.968505859375
8710,-6.977783203125
8711,20.015869140625
8712,-15.1103515625
8713,-10.969970703125
8714,-0.2021484375
8715,5.750244140625001
8716,57.333984375
8717,47.829833984375
8718,-8.626953125
8719,13.977294921875
8720,-58.937255859375
8721,-1.11376953125
8722,-7.848876953125
8723,12.137939453125
8724,-9.71435546875
8725,-36.336181640625
8726,79.020751953125
8727,0.441650390625
8728,-5.76904296875
8729,-95.796142578125
8730,46.494384765625
8731,44.001708984375
8732,80.77685546875
8733,-9.838134765625
8734,44.72631835937501
8735,-28.357177734374996
8736,86.124755859375
8737,14.257568359375
8738,-32.454345703125
8739,-1.96875
8740,-51.787109375
8741,41.06445312500001
8742,90.05419921875
8743,10.267822265624991
8744,118.656982421875
8745,45.847412109375
8746,83.3740234375
8747,52.621826171875
8748,1.5463867187500027
8749,37.23828125
8750,4.394287109375
8751,12.1123046875
8752,95.882568359375
8753,28.03369140625
8754,-10.977294921875
8755,-14.394531249999998
8756,42.7724609375
8757,-56.964111328125
8758,-58.53515625
8759,86.78124999999999
8760,60.846923828125
8761,-4.486083984375
8762,-22.6064453125
8763,82.0166015625
8764,68.288818359375
8765,-16.8525390625
8766,2.381103515625
8767,24.0263671875
8768,13.8681640625
8769,-9.3857421875
8770,21.1044921875
8771,13.410888671875
8772,19.530517578125
8773,-8.724609375
8774,-15.065185546875
8775,39.51220703125
8776,-3.556640625000001
8777,17.767333984375
8778,47.191162109375
8779,-6.9873046875
8780,-40.5419921875
8781,29.029541015625
8782,36.2724609375
8783,100.53613281249999
8784,21.573486328125
8785,20.49365234375
8786,-15.945800781250002
8787,-21.973876953125
8788,28.09912109375
8789,-5.056396484375
8790,-31.119873046875
8791,-21.574462890625
8792,39.93066406250001
8793,62.2587890625
8794,75.732177734375
8795,-20.1943359375
8796,1.3620605468749996
8797,-69.638916015625
8798,3.2465820312499996
8799,-5.849609375000001
8800,14.888916015625002
8801,35.63623046875
8802,1.115234375
8803,-80.71533203125
8804,-42.218994140625
8805,40.381591796875
8806,-94.54248046874999
8807,39.0595703125
8808,-22.6337890625
8809,22.63134765625
8810,36.315185546875
8811,-9.21240234375
8812,66.376220703125
8813,59.005859375
8814,0.9177246093750004
8815,59.806396484375
8816,103.45434570312499
8817,77.594970703125
8818,10.498046875
8819,20.934326171875
8820,29.238525390625
8821,87.252197265625
8822,-4.280029296875
8823,9.505615234375
8824,32.2021484375
8825,107.486572265625
8826,-12.296386718749998
8827,-8.89453125
8828,-49.103271484375
8829,49.18896484375
8830,18.10595703125
8831,53.06396484375
8832,10.694091796875
8833,81.47412109375
8834,70.762939453125
8835,55.587646484375
8836,-1.0312500000000009
8837,-39.37744140625
8838,33.226318359375
8839,8.615478515625
8840,10.385498046875
8841,-8.229736328125
8842,-80.180419921875
8843,40.399169921875
8844,9.832275390625
8845,6.48681640625
8846,-80.73095703125
8847,84.11865234375
8848,6.30224609375
8849,24.0654296875
8850,20.881103515625
8851,-26.496582031250004
8852,40.21826171875
8853,8.686279296875
8854,29.7841796875
8855,7.90283203125
8856,-18.580078125
8857,-15.770263671875
8858,103.25244140624999
8859,-44.005859375
8860,-8.998046874999998
8861,67.795166015625
8862,101.565673828125
8863,-43.107421875
8864,31.74951171875
8865,-16.191650390625
8866,31.71875
8867,37.54931640624999
8868,-5.345703124999999
8869,22.634033203124996
8870,-97.55810546875
8871,30.151611328125
8872,-5.448974609374999
8873,89.746337890625
8874,-84.393798828125
8875,53.6044921875
8876,-43.025146484375
8877,-61.69140625
8878,102.671142578125
8879,23.202148437499996
8880,-46.669677734375
8881,-48.72607421875
8882,74.97021484375
8883,18.152099609375
8884,-2.7377929687499964
8885,-20.482666015625
8886,161.82519531250003
8887,30.826416015625
8888,75.68359374999999
8889,-7.177001953125
8890,190.35888671875
8891,27.425048828125
8892,55.15820312500001
8893,-30.5966796875
8894,-70.34228515625
8895,83.83740234374999
8896,79.270263671875
8897,55.64208984375
8898,-48.6640625
8899,82.708251953125
8900,21.247314453125
8901,6.00244140625
8902,-50.2021484375
8903,-78.7421875
8904,75.81591796875
8905,11.058593750000002
8906,23.677490234375
8907,-80.260986328125
8908,63.22265625
8909,120.876708984375
8910,32.676025390625
8911,-10.130615234375
8912,-7.7001953125
8913,17.504638671875
8914,28.175537109375
8915,-3.1552734375000004
8916,0.34716796875
8917,9.932861328125
8918,10.932861328125
8919,-62.611572265625
8920,17.701904296875
8921,55.48681640624999
8922,39.463623046875
8923,23.273193359374993
8924,50.302001953125
8925,47.87255859375
8926,34.18603515625
8927,13.197021484374998
8928,14.987548828125
8929,-44.906494140625
8930,144.53076171875
8931,5.127197265625
8932,78.62573242187501
8933,14.832763671874993
8934,122.587158203125
8935,3.44580078125
8936,-38.789306640625
8937,56.100341796875
8938,134.394775390625
8939,46.093505859375
8940,-14.1123046875
8941,442.387939453125
8942,-39.01245117187499
8943,46.828857421875
8944,-19.818359375
8945,91.09326171875
8946,-55.712646484375
8947,-49.81982421875
8948,-22.463134765625004
8949,96.42431640625
8950,30.0048828125
8951,8.371826171875
8952,-25.14208984375
8953,95.84033203125
8954,-11.1796875
8955,73.814208984375
8956,30.453857421875
8957,-8.681640625
8958,-18.420166015625
8959,83.455322265625
8960,27.295898437499996
8961,-5.0908203125
8962,-38.59912109375
8963,72.970703125
8964,138.364013671875
8965,3.889648437500001
8966,7.809570312499999
8967,23.169677734374996
8968,58.3359375
8969,-3.910888671875
8970,38.451171875
8971,18.442138671875
8972,24.170898437499996
8973,73.80371093749999
8974,55.302734375
8975,60.20849609375
8976,-88.5458984375
8977,82.628662109375
8978,70.21484375
8979,62.729248046875
8980,-74.21142578125
8981,1.6860351562499998
8982,69.243896484375
8983,1.9147949218749996
8984,7.045654296875
8985,90.852294921875
8986,-16.085205078125
8987,-15.511474609375
8988,20.612304687499993
8989,89.591552734375
8990,-23.49560546875
8991,43.26318359375001
8992,3.610595703125
8993,-5.051513671875
8994,-14.147949218749998
8995,29.583984375
8996,-46.94995117187499
8997,-3.70458984375
8998,-3.57861328125
8999,12.486328125
9000,-54.74072265625
